strain_entity_id,outer_fold,control_type,replicate,seed,cosine_true_control,embedding_displacement,l2_distance,embedding_dimension,fold_matched_encoder,phenotype_labels_used,encoder_retrained,encoder_finetuned
STRAIN_000002,1,TIGHTBLOCK50,1,42,0.987726092338562,0.012273907661437988,0.15667781233787537,128,True,False,False,False
STRAIN_000002,1,TIGHTBLOCK50,2,142,0.9845552444458008,0.015444755554199219,0.1757541000843048,128,True,False,False,False
STRAIN_000002,1,TIGHTBLOCK50,3,242,0.9863143563270569,0.013685643672943115,0.1654423475265503,128,True,False,False,False
STRAIN_000002,1,TIGHTBLOCK50,4,342,0.9873179197311401,0.012682080268859863,0.1592615246772766,128,True,False,False,False
STRAIN_000002,1,TIGHTBLOCK50,5,442,0.9853261709213257,0.014673829078674316,0.17131200432777405,128,True,False,False,False
STRAIN_000015,1,TIGHTBLOCK50,1,42,0.9914646744728088,0.008535325527191162,0.13065578043460846,128,True,False,False,False
STRAIN_000015,1,TIGHTBLOCK50,2,142,0.9898809790611267,0.010119020938873291,0.14226089417934418,128,True,False,False,False
STRAIN_000015,1,TIGHTBLOCK50,3,242,0.9891983270645142,0.01080167293548584,0.14698044955730438,128,True,False,False,False
STRAIN_000015,1,TIGHTBLOCK50,4,342,0.9910933971405029,0.00890660285949707,0.133466437458992,128,True,False,False,False
STRAIN_000015,1,TIGHTBLOCK50,5,442,0.9899297952651978,0.010070204734802246,0.14191676676273346,128,True,False,False,False
STRAIN_000033,1,TIGHTBLOCK50,1,42,0.9877339601516724,0.012266039848327637,0.1566268354654312,128,True,False,False,False
STRAIN_000033,1,TIGHTBLOCK50,2,142,0.9876960515975952,0.012303948402404785,0.15686891973018646,128,True,False,False,False
STRAIN_000033,1,TIGHTBLOCK50,3,242,0.9867421984672546,0.013257801532745361,0.16283582150936127,128,True,False,False,False
STRAIN_000033,1,TIGHTBLOCK50,4,342,0.9866933226585388,0.013306677341461182,0.16313596069812775,128,True,False,False,False
STRAIN_000033,1,TIGHTBLOCK50,5,442,0.9873679876327515,0.012632012367248535,0.15894636511802673,128,True,False,False,False
STRAIN_000070,1,TIGHTBLOCK50,1,42,0.9852041006088257,0.014795899391174316,0.17202256619930267,128,True,False,False,False
STRAIN_000070,1,TIGHTBLOCK50,2,142,0.9844189286231995,0.015581071376800537,0.17652775347232819,128,True,False,False,False
STRAIN_000070,1,TIGHTBLOCK50,3,242,0.9830538630485535,0.016946136951446533,0.1840982437133789,128,True,False,False,False
STRAIN_000070,1,TIGHTBLOCK50,4,342,0.9849257469177246,0.01507425308227539,0.1736331582069397,128,True,False,False,False
STRAIN_000070,1,TIGHTBLOCK50,5,442,0.9849156737327576,0.015084326267242432,0.1736908107995987,128,True,False,False,False
STRAIN_000075,1,TIGHTBLOCK50,1,42,0.9905979633331299,0.009402036666870117,0.13712765276432037,128,True,False,False,False
STRAIN_000075,1,TIGHTBLOCK50,2,142,0.9828872680664062,0.01711273193359375,0.18500123918056488,128,True,False,False,False
STRAIN_000075,1,TIGHTBLOCK50,3,242,0.9907139539718628,0.009286046028137207,0.1362796127796173,128,True,False,False,False
STRAIN_000075,1,TIGHTBLOCK50,4,342,0.9869627952575684,0.01303720474243164,0.16147565841674805,128,True,False,False,False
STRAIN_000075,1,TIGHTBLOCK50,5,442,0.9743800759315491,0.025619924068450928,0.22636213898658752,128,True,False,False,False
STRAIN_000113,1,TIGHTBLOCK50,1,42,0.9923760890960693,0.007623910903930664,0.12348228693008423,128,True,False,False,False
STRAIN_000113,1,TIGHTBLOCK50,2,142,0.9922526478767395,0.007747352123260498,0.12447728961706161,128,True,False,False,False
STRAIN_000113,1,TIGHTBLOCK50,3,242,0.9933963418006897,0.006603658199310303,0.11492274701595306,128,True,False,False,False
STRAIN_000113,1,TIGHTBLOCK50,4,342,0.9924962520599365,0.0075037479400634766,0.12250535935163498,128,True,False,False,False
STRAIN_000113,1,TIGHTBLOCK50,5,442,0.9927026033401489,0.007297396659851074,0.12080950289964676,128,True,False,False,False
STRAIN_000114,1,TIGHTBLOCK50,1,42,0.9853627681732178,0.014637231826782227,0.17109768092632294,128,True,False,False,False
STRAIN_000114,1,TIGHTBLOCK50,2,142,0.9847100973129272,0.015289902687072754,0.1748708188533783,128,True,False,False,False
STRAIN_000114,1,TIGHTBLOCK50,3,242,0.9868141412734985,0.013185858726501465,0.16239365935325623,128,True,False,False,False
STRAIN_000114,1,TIGHTBLOCK50,4,342,0.984988808631897,0.015011191368103027,0.17326997220516205,128,True,False,False,False
STRAIN_000114,1,TIGHTBLOCK50,5,442,0.9829845428466797,0.017015457153320312,0.18447484076023102,128,True,False,False,False
STRAIN_000115,1,TIGHTBLOCK50,1,42,0.9859211444854736,0.014078855514526367,0.16780290007591248,128,True,False,False,False
STRAIN_000115,1,TIGHTBLOCK50,2,142,0.9827459454536438,0.0172540545463562,0.18576370179653168,128,True,False,False,False
STRAIN_000115,1,TIGHTBLOCK50,3,242,0.9837117195129395,0.016288280487060547,0.1804889589548111,128,True,False,False,False
STRAIN_000115,1,TIGHTBLOCK50,4,342,0.9875212907791138,0.01247870922088623,0.15797856450080872,128,True,False,False,False
STRAIN_000115,1,TIGHTBLOCK50,5,442,0.9851803779602051,0.014819622039794922,0.1721602976322174,128,True,False,False,False
STRAIN_000118,1,TIGHTBLOCK50,1,42,0.9948930740356445,0.005106925964355469,0.10106319189071655,128,True,False,False,False
STRAIN_000118,1,TIGHTBLOCK50,2,142,0.9956796169281006,0.004320383071899414,0.09295569360256195,128,True,False,False,False
STRAIN_000118,1,TIGHTBLOCK50,3,242,0.9948859214782715,0.005114078521728516,0.10113497078418732,128,True,False,False,False
STRAIN_000118,1,TIGHTBLOCK50,4,342,0.9939631223678589,0.006036877632141113,0.10988061875104904,128,True,False,False,False
STRAIN_000118,1,TIGHTBLOCK50,5,442,0.9948376417160034,0.005162358283996582,0.10161012411117554,128,True,False,False,False
STRAIN_000119,1,TIGHTBLOCK50,1,42,0.9930939078330994,0.006906092166900635,0.11752499639987946,128,True,False,False,False
STRAIN_000119,1,TIGHTBLOCK50,2,142,0.9934162497520447,0.006583750247955322,0.11474932730197906,128,True,False,False,False
STRAIN_000119,1,TIGHTBLOCK50,3,242,0.9935821294784546,0.00641787052154541,0.11329497396945953,128,True,False,False,False
STRAIN_000119,1,TIGHTBLOCK50,4,342,0.9907146692276001,0.009285330772399902,0.1362743228673935,128,True,False,False,False
STRAIN_000119,1,TIGHTBLOCK50,5,442,0.9928617477416992,0.007138252258300781,0.11948429048061371,128,True,False,False,False
STRAIN_000125,1,TIGHTBLOCK50,1,42,0.9845227003097534,0.015477299690246582,0.1759389340877533,128,True,False,False,False
STRAIN_000125,1,TIGHTBLOCK50,2,142,0.9840331077575684,0.01596689224243164,0.17869985103607178,128,True,False,False,False
STRAIN_000125,1,TIGHTBLOCK50,3,242,0.9856597185134888,0.01434028148651123,0.16935282945632935,128,True,False,False,False
STRAIN_000125,1,TIGHTBLOCK50,4,342,0.9849672317504883,0.015032768249511719,0.1733940988779068,128,True,False,False,False
STRAIN_000125,1,TIGHTBLOCK50,5,442,0.9849157929420471,0.01508420705795288,0.17369019985198975,128,True,False,False,False
STRAIN_000130,1,TIGHTBLOCK50,1,42,0.9881908893585205,0.011809110641479492,0.1536821722984314,128,True,False,False,False
STRAIN_000130,1,TIGHTBLOCK50,2,142,0.9875330328941345,0.012466967105865479,0.1579039841890335,128,True,False,False,False
STRAIN_000130,1,TIGHTBLOCK50,3,242,0.9887067079544067,0.011293292045593262,0.15028788149356842,128,True,False,False,False
STRAIN_000130,1,TIGHTBLOCK50,4,342,0.98788982629776,0.01211017370223999,0.1556285321712494,128,True,False,False,False
STRAIN_000130,1,TIGHTBLOCK50,5,442,0.988723635673523,0.01127636432647705,0.15017515420913696,128,True,False,False,False
STRAIN_000134,1,TIGHTBLOCK50,1,42,0.9952199459075928,0.0047800540924072266,0.09777610003948212,128,True,False,False,False
STRAIN_000134,1,TIGHTBLOCK50,2,142,0.9977225065231323,0.0022774934768676758,0.06749037653207779,128,True,False,False,False
STRAIN_000134,1,TIGHTBLOCK50,3,242,0.9959852695465088,0.004014730453491211,0.08960745483636856,128,True,False,False,False
STRAIN_000134,1,TIGHTBLOCK50,4,342,0.9965084791183472,0.003491520881652832,0.08356505632400513,128,True,False,False,False
STRAIN_000134,1,TIGHTBLOCK50,5,442,0.9956334829330444,0.004366517066955566,0.09345045685768127,128,True,False,False,False
STRAIN_000142,1,TIGHTBLOCK50,1,42,0.9853623509407043,0.014637649059295654,0.17110022902488708,128,True,False,False,False
STRAIN_000142,1,TIGHTBLOCK50,2,142,0.9847656488418579,0.01523435115814209,0.17455297708511353,128,True,False,False,False
STRAIN_000142,1,TIGHTBLOCK50,3,242,0.9853411912918091,0.014658808708190918,0.17122423648834229,128,True,False,False,False
STRAIN_000142,1,TIGHTBLOCK50,4,342,0.9852769374847412,0.014723062515258789,0.17159901559352875,128,True,False,False,False
STRAIN_000142,1,TIGHTBLOCK50,5,442,0.9846004247665405,0.015399575233459473,0.17549732327461243,128,True,False,False,False
STRAIN_000143,1,TIGHTBLOCK50,1,42,0.9752684831619263,0.02473151683807373,0.22240301966667175,128,True,False,False,False
STRAIN_000143,1,TIGHTBLOCK50,2,142,0.9770193696022034,0.02298063039779663,0.2143862098455429,128,True,False,False,False
STRAIN_000143,1,TIGHTBLOCK50,3,242,0.9763769507408142,0.02362304925918579,0.21736159920692444,128,True,False,False,False
STRAIN_000143,1,TIGHTBLOCK50,4,342,0.9755233526229858,0.02447664737701416,0.22125418484210968,128,True,False,False,False
STRAIN_000143,1,TIGHTBLOCK50,5,442,0.9755978584289551,0.024402141571044922,0.2209167331457138,128,True,False,False,False
STRAIN_000149,1,TIGHTBLOCK50,1,42,0.98637855052948,0.01362144947052002,0.16505396366119385,128,True,False,False,False
STRAIN_000149,1,TIGHTBLOCK50,2,142,0.9853649139404297,0.014635086059570312,0.17108526825904846,128,True,False,False,False
STRAIN_000149,1,TIGHTBLOCK50,3,242,0.9873663187026978,0.012633681297302246,0.15895697474479675,128,True,False,False,False
STRAIN_000149,1,TIGHTBLOCK50,4,342,0.9872071743011475,0.012792825698852539,0.15995506942272186,128,True,False,False,False
STRAIN_000149,1,TIGHTBLOCK50,5,442,0.9861738681793213,0.013826131820678711,0.16628959774971008,128,True,False,False,False
STRAIN_000152,1,TIGHTBLOCK50,1,42,0.9936290383338928,0.006370961666107178,0.1128799319267273,128,True,False,False,False
STRAIN_000152,1,TIGHTBLOCK50,2,142,0.9951133728027344,0.004886627197265625,0.09885957092046738,128,True,False,False,False
STRAIN_000152,1,TIGHTBLOCK50,3,242,0.9933605194091797,0.0066394805908203125,0.11523396521806717,128,True,False,False,False
STRAIN_000152,1,TIGHTBLOCK50,4,342,0.994624674320221,0.005375325679779053,0.10368609428405762,128,True,False,False,False
STRAIN_000152,1,TIGHTBLOCK50,5,442,0.9955593347549438,0.004440665245056152,0.09424057602882385,128,True,False,False,False
STRAIN_000153,1,TIGHTBLOCK50,1,42,0.9931120872497559,0.006887912750244141,0.11737022548913956,128,True,False,False,False
STRAIN_000153,1,TIGHTBLOCK50,2,142,0.994513988494873,0.005486011505126953,0.10474704951047897,128,True,False,False,False
STRAIN_000153,1,TIGHTBLOCK50,3,242,0.9935815930366516,0.006418406963348389,0.11329969763755798,128,True,False,False,False
STRAIN_000153,1,TIGHTBLOCK50,4,342,0.9938554763793945,0.006144523620605469,0.11085592955350876,128,True,False,False,False
STRAIN_000153,1,TIGHTBLOCK50,5,442,0.991898238658905,0.00810176134109497,0.12729261815547943,128,True,False,False,False
STRAIN_000158,1,TIGHTBLOCK50,1,42,0.9896354079246521,0.0103645920753479,0.14397627115249634,128,True,False,False,False
STRAIN_000158,1,TIGHTBLOCK50,2,142,0.9911760687828064,0.008823931217193604,0.13284547626972198,128,True,False,False,False
STRAIN_000158,1,TIGHTBLOCK50,3,242,0.9896165728569031,0.010383427143096924,0.14410747587680817,128,True,False,False,False
STRAIN_000158,1,TIGHTBLOCK50,4,342,0.990117609500885,0.00988239049911499,0.1405872255563736,128,True,False,False,False
STRAIN_000158,1,TIGHTBLOCK50,5,442,0.991155743598938,0.008844256401062012,0.13299770653247833,128,True,False,False,False
STRAIN_000161,1,TIGHTBLOCK50,1,42,0.9816404581069946,0.01835954189300537,0.19162172079086304,128,True,False,False,False
STRAIN_000161,1,TIGHTBLOCK50,2,142,0.977684497833252,0.022315502166748047,0.21126048266887665,128,True,False,False,False
STRAIN_000161,1,TIGHTBLOCK50,3,242,0.9804582595825195,0.01954174041748047,0.19769500195980072,128,True,False,False,False
STRAIN_000161,1,TIGHTBLOCK50,4,342,0.9809831380844116,0.01901686191558838,0.19502216577529907,128,True,False,False,False
STRAIN_000161,1,TIGHTBLOCK50,5,442,0.9781492948532104,0.02185070514678955,0.20904923975467682,128,True,False,False,False
STRAIN_000162,1,TIGHTBLOCK50,1,42,0.9873582124710083,0.0126417875289917,0.1590081751346588,128,True,False,False,False
STRAIN_000162,1,TIGHTBLOCK50,2,142,0.9867796897888184,0.01322031021118164,0.16260570287704468,128,True,False,False,False
STRAIN_000162,1,TIGHTBLOCK50,3,242,0.9852526187896729,0.014747381210327148,0.17174021899700165,128,True,False,False,False
STRAIN_000162,1,TIGHTBLOCK50,4,342,0.9856299161911011,0.014370083808898926,0.16952918469905853,128,True,False,False,False
STRAIN_000162,1,TIGHTBLOCK50,5,442,0.9858912825584412,0.014108717441558838,0.16798035800457,128,True,False,False,False
STRAIN_000164,1,TIGHTBLOCK50,1,42,0.9912632703781128,0.008736729621887207,0.1321876049041748,128,True,False,False,False
STRAIN_000164,1,TIGHTBLOCK50,2,142,0.9906169176101685,0.009383082389831543,0.13698981702327728,128,True,False,False,False
STRAIN_000164,1,TIGHTBLOCK50,3,242,0.991562008857727,0.00843799114227295,0.1299077868461609,128,True,False,False,False
STRAIN_000164,1,TIGHTBLOCK50,4,342,0.9896525740623474,0.010347425937652588,0.1438574492931366,128,True,False,False,False
STRAIN_000164,1,TIGHTBLOCK50,5,442,0.9916231632232666,0.008376836776733398,0.12943650782108307,128,True,False,False,False
STRAIN_000172,1,TIGHTBLOCK50,1,42,0.989913821220398,0.01008617877960205,0.14202967286109924,128,True,False,False,False
STRAIN_000172,1,TIGHTBLOCK50,2,142,0.9909384250640869,0.009061574935913086,0.13462215662002563,128,True,False,False,False
STRAIN_000172,1,TIGHTBLOCK50,3,242,0.9917590022087097,0.008240997791290283,0.12838192284107208,128,True,False,False,False
STRAIN_000172,1,TIGHTBLOCK50,4,342,0.9922161102294922,0.0077838897705078125,0.12477051466703415,128,True,False,False,False
STRAIN_000172,1,TIGHTBLOCK50,5,442,0.9924788475036621,0.007521152496337891,0.12264692038297653,128,True,False,False,False
STRAIN_000182,1,TIGHTBLOCK50,1,42,0.9960669279098511,0.003933072090148926,0.08869202435016632,128,True,False,False,False
STRAIN_000182,1,TIGHTBLOCK50,2,142,0.9968066215515137,0.003193378448486328,0.07991627603769302,128,True,False,False,False
STRAIN_000182,1,TIGHTBLOCK50,3,242,0.996505856513977,0.0034941434860229492,0.08359553664922714,128,True,False,False,False
STRAIN_000182,1,TIGHTBLOCK50,4,342,0.9962625503540039,0.0037374496459960938,0.08645666390657425,128,True,False,False,False
STRAIN_000182,1,TIGHTBLOCK50,5,442,0.9955719709396362,0.0044280290603637695,0.09410645067691803,128,True,False,False,False
STRAIN_000186,1,TIGHTBLOCK50,1,42,0.9919370412826538,0.008062958717346191,0.12698805332183838,128,True,False,False,False
STRAIN_000186,1,TIGHTBLOCK50,2,142,0.9920457005500793,0.007954299449920654,0.12612910568714142,128,True,False,False,False
STRAIN_000186,1,TIGHTBLOCK50,3,242,0.9920111894607544,0.007988810539245605,0.1264019012451172,128,True,False,False,False
STRAIN_000186,1,TIGHTBLOCK50,4,342,0.9918447732925415,0.008155226707458496,0.1277124434709549,128,True,False,False,False
STRAIN_000186,1,TIGHTBLOCK50,5,442,0.992424488067627,0.007575511932373047,0.12308910489082336,128,True,False,False,False
STRAIN_000188,1,TIGHTBLOCK50,1,42,0.992136538028717,0.007863461971282959,0.12540705502033234,128,True,False,False,False
STRAIN_000188,1,TIGHTBLOCK50,2,142,0.9922868013381958,0.007713198661804199,0.12420307099819183,128,True,False,False,False
STRAIN_000188,1,TIGHTBLOCK50,3,242,0.9916828870773315,0.008317112922668457,0.12897485494613647,128,True,False,False,False
STRAIN_000188,1,TIGHTBLOCK50,4,342,0.9916883111000061,0.008311688899993896,0.12893183529376984,128,True,False,False,False
STRAIN_000188,1,TIGHTBLOCK50,5,442,0.9924395680427551,0.007560431957244873,0.12296689301729202,128,True,False,False,False
STRAIN_000190,1,TIGHTBLOCK50,1,42,0.9870244264602661,0.012975573539733887,0.16109363734722137,128,True,False,False,False
STRAIN_000190,1,TIGHTBLOCK50,2,142,0.9860828518867493,0.013917148113250732,0.16683605313301086,128,True,False,False,False
STRAIN_000190,1,TIGHTBLOCK50,3,242,0.985810399055481,0.014189600944519043,0.16846148669719696,128,True,False,False,False
STRAIN_000190,1,TIGHTBLOCK50,4,342,0.9860941171646118,0.013905882835388184,0.16676896810531616,128,True,False,False,False
STRAIN_000190,1,TIGHTBLOCK50,5,442,0.9850605726242065,0.014939427375793457,0.172855406999588,128,True,False,False,False
STRAIN_000191,1,TIGHTBLOCK50,1,42,0.9848325252532959,0.015167474746704102,0.1741694062948227,128,True,False,False,False
STRAIN_000191,1,TIGHTBLOCK50,2,142,0.9871588945388794,0.012841105461120605,0.16025704145431519,128,True,False,False,False
STRAIN_000191,1,TIGHTBLOCK50,3,242,0.9852294921875,0.0147705078125,0.17187561094760895,128,True,False,False,False
STRAIN_000191,1,TIGHTBLOCK50,4,342,0.9872419834136963,0.012758016586303711,0.1597367525100708,128,True,False,False,False
STRAIN_000191,1,TIGHTBLOCK50,5,442,0.9859197735786438,0.014080226421356201,0.1678108274936676,128,True,False,False,False
STRAIN_000194,1,TIGHTBLOCK50,1,42,0.993236780166626,0.0067632198333740234,0.11630284041166306,128,True,False,False,False
STRAIN_000194,1,TIGHTBLOCK50,2,142,0.9925345182418823,0.007465481758117676,0.12219131737947464,128,True,False,False,False
STRAIN_000194,1,TIGHTBLOCK50,3,242,0.9920569658279419,0.007943034172058105,0.12604005634784698,128,True,False,False,False
STRAIN_000194,1,TIGHTBLOCK50,4,342,0.9919639825820923,0.008036017417907715,0.12677530944347382,128,True,False,False,False
STRAIN_000194,1,TIGHTBLOCK50,5,442,0.9937479496002197,0.0062520503997802734,0.11182200163602829,128,True,False,False,False
STRAIN_000199,1,TIGHTBLOCK50,1,42,0.986595869064331,0.013404130935668945,0.16373217105865479,128,True,False,False,False
STRAIN_000199,1,TIGHTBLOCK50,2,142,0.9857370853424072,0.014262914657592773,0.16889627277851105,128,True,False,False,False
STRAIN_000199,1,TIGHTBLOCK50,3,242,0.9870243668556213,0.012975633144378662,0.16109398007392883,128,True,False,False,False
STRAIN_000199,1,TIGHTBLOCK50,4,342,0.9860861301422119,0.013913869857788086,0.166816845536232,128,True,False,False,False
STRAIN_000199,1,TIGHTBLOCK50,5,442,0.9849931597709656,0.015006840229034424,0.1732446551322937,128,True,False,False,False
STRAIN_000202,1,TIGHTBLOCK50,1,42,0.9682069420814514,0.031793057918548584,0.25216275453567505,128,True,False,False,False
STRAIN_000202,1,TIGHTBLOCK50,2,142,0.9705321788787842,0.02946782112121582,0.242766872048378,128,True,False,False,False
STRAIN_000202,1,TIGHTBLOCK50,3,242,0.9667050838470459,0.0332949161529541,0.25804999470710754,128,True,False,False,False
STRAIN_000202,1,TIGHTBLOCK50,4,342,0.9588644504547119,0.041135549545288086,0.2868294417858124,128,True,False,False,False
STRAIN_000202,1,TIGHTBLOCK50,5,442,0.9676988124847412,0.03230118751525879,0.25417011976242065,128,True,False,False,False
STRAIN_000230,1,TIGHTBLOCK50,1,42,0.9848882555961609,0.015111744403839111,0.17384907603263855,128,True,False,False,False
STRAIN_000230,1,TIGHTBLOCK50,2,142,0.9827602505683899,0.017239749431610107,0.18568681180477142,128,True,False,False,False
STRAIN_000230,1,TIGHTBLOCK50,3,242,0.9837844371795654,0.01621556282043457,0.18008622527122498,128,True,False,False,False
STRAIN_000230,1,TIGHTBLOCK50,4,342,0.9829443693161011,0.017055630683898926,0.18469196557998657,128,True,False,False,False
STRAIN_000230,1,TIGHTBLOCK50,5,442,0.9848188161849976,0.015181183815002441,0.17424820363521576,128,True,False,False,False
STRAIN_000231,1,TIGHTBLOCK50,1,42,0.9924323558807373,0.007567644119262695,0.12302617728710175,128,True,False,False,False
STRAIN_000231,1,TIGHTBLOCK50,2,142,0.9921544790267944,0.007845520973205566,0.12526409327983856,128,True,False,False,False
STRAIN_000231,1,TIGHTBLOCK50,3,242,0.9924860000610352,0.007513999938964844,0.12258908897638321,128,True,False,False,False
STRAIN_000231,1,TIGHTBLOCK50,4,342,0.9917927980422974,0.008207201957702637,0.12811899185180664,128,True,False,False,False
STRAIN_000231,1,TIGHTBLOCK50,5,442,0.9927529096603394,0.0072470903396606445,0.1203928142786026,128,True,False,False,False
STRAIN_000239,1,TIGHTBLOCK50,1,42,0.9869899749755859,0.013010025024414062,0.1613076776266098,128,True,False,False,False
STRAIN_000239,1,TIGHTBLOCK50,2,142,0.9883767366409302,0.011623263359069824,0.15246769785881042,128,True,False,False,False
STRAIN_000239,1,TIGHTBLOCK50,3,242,0.9876197576522827,0.012380242347717285,0.15735451877117157,128,True,False,False,False
STRAIN_000239,1,TIGHTBLOCK50,4,342,0.9881677627563477,0.011832237243652344,0.15383240580558777,128,True,False,False,False
STRAIN_000239,1,TIGHTBLOCK50,5,442,0.985602080821991,0.014397919178009033,0.1696929633617401,128,True,False,False,False
STRAIN_000243,1,TIGHTBLOCK50,1,42,0.9859192371368408,0.01408076286315918,0.16781342029571533,128,True,False,False,False
STRAIN_000243,1,TIGHTBLOCK50,2,142,0.9866143465042114,0.013385653495788574,0.16361930966377258,128,True,False,False,False
STRAIN_000243,1,TIGHTBLOCK50,3,242,0.987443208694458,0.012556791305541992,0.15847256779670715,128,True,False,False,False
STRAIN_000243,1,TIGHTBLOCK50,4,342,0.9865487813949585,0.013451218605041504,0.16401952505111694,128,True,False,False,False
STRAIN_000243,1,TIGHTBLOCK50,5,442,0.9886897802352905,0.011310219764709473,0.1504012942314148,128,True,False,False,False
STRAIN_000256,1,TIGHTBLOCK50,1,42,0.9919151067733765,0.008084893226623535,0.12716007232666016,128,True,False,False,False
STRAIN_000256,1,TIGHTBLOCK50,2,142,0.9949770569801331,0.005022943019866943,0.10022976994514465,128,True,False,False,False
STRAIN_000256,1,TIGHTBLOCK50,3,242,0.9960854053497314,0.003914594650268555,0.08848380297422409,128,True,False,False,False
STRAIN_000256,1,TIGHTBLOCK50,4,342,0.9955183267593384,0.004481673240661621,0.0946735143661499,128,True,False,False,False
STRAIN_000256,1,TIGHTBLOCK50,5,442,0.9961065649986267,0.003893435001373291,0.08824392408132553,128,True,False,False,False
STRAIN_000260,1,TIGHTBLOCK50,1,42,0.9929662942886353,0.007033705711364746,0.11860516667366028,128,True,False,False,False
STRAIN_000260,1,TIGHTBLOCK50,2,142,0.9851815700531006,0.014818429946899414,0.17215342819690704,128,True,False,False,False
STRAIN_000260,1,TIGHTBLOCK50,3,242,0.9921591281890869,0.007840871810913086,0.1252257525920868,128,True,False,False,False
STRAIN_000260,1,TIGHTBLOCK50,4,342,0.9934103488922119,0.006589651107788086,0.1148010715842247,128,True,False,False,False
STRAIN_000260,1,TIGHTBLOCK50,5,442,0.9876011610031128,0.012398838996887207,0.15747247636318207,128,True,False,False,False
STRAIN_000263,1,TIGHTBLOCK50,1,42,0.9795981049537659,0.02040189504623413,0.20199967920780182,128,True,False,False,False
STRAIN_000263,1,TIGHTBLOCK50,2,142,0.9772266149520874,0.022773385047912598,0.21341672539710999,128,True,False,False,False
STRAIN_000263,1,TIGHTBLOCK50,3,242,0.9789646863937378,0.021035313606262207,0.2051115483045578,128,True,False,False,False
STRAIN_000263,1,TIGHTBLOCK50,4,342,0.9818061590194702,0.018193840980529785,0.19075503945350647,128,True,False,False,False
STRAIN_000263,1,TIGHTBLOCK50,5,442,0.9813557863235474,0.018644213676452637,0.1931023895740509,128,True,False,False,False
STRAIN_000267,1,TIGHTBLOCK50,1,42,0.9924700260162354,0.0075299739837646484,0.12271922826766968,128,True,False,False,False
STRAIN_000267,1,TIGHTBLOCK50,2,142,0.9863314628601074,0.013668537139892578,0.16533923149108887,128,True,False,False,False
STRAIN_000267,1,TIGHTBLOCK50,3,242,0.9877585172653198,0.012241482734680176,0.15647070109844208,128,True,False,False,False
STRAIN_000267,1,TIGHTBLOCK50,4,342,0.992000937461853,0.007999062538146973,0.12648358941078186,128,True,False,False,False
STRAIN_000267,1,TIGHTBLOCK50,5,442,0.9896676540374756,0.010332345962524414,0.14375174045562744,128,True,False,False,False
STRAIN_000271,1,TIGHTBLOCK50,1,42,0.9859760999679565,0.014023900032043457,0.16747500002384186,128,True,False,False,False
STRAIN_000271,1,TIGHTBLOCK50,2,142,0.9835944175720215,0.016405582427978516,0.18113861978054047,128,True,False,False,False
STRAIN_000271,1,TIGHTBLOCK50,3,242,0.9823988676071167,0.0176011323928833,0.18762274086475372,128,True,False,False,False
STRAIN_000271,1,TIGHTBLOCK50,4,342,0.9848031997680664,0.015196800231933594,0.17433761060237885,128,True,False,False,False
STRAIN_000271,1,TIGHTBLOCK50,5,442,0.9831948280334473,0.016805171966552734,0.18333129584789276,128,True,False,False,False
STRAIN_000276,1,TIGHTBLOCK50,1,42,0.9875990152359009,0.012400984764099121,0.15748624503612518,128,True,False,False,False
STRAIN_000276,1,TIGHTBLOCK50,2,142,0.9867026209831238,0.01329737901687622,0.163079172372818,128,True,False,False,False
STRAIN_000276,1,TIGHTBLOCK50,3,242,0.9869745373725891,0.013025462627410889,0.16140304505825043,128,True,False,False,False
STRAIN_000276,1,TIGHTBLOCK50,4,342,0.9854460954666138,0.01455390453338623,0.17061017453670502,128,True,False,False,False
STRAIN_000276,1,TIGHTBLOCK50,5,442,0.987433671951294,0.012566328048706055,0.15853239595890045,128,True,False,False,False
STRAIN_000287,1,TIGHTBLOCK50,1,42,0.9921697974205017,0.007830202579498291,0.12514224648475647,128,True,False,False,False
STRAIN_000287,1,TIGHTBLOCK50,2,142,0.9912869334220886,0.008713066577911377,0.13200822472572327,128,True,False,False,False
STRAIN_000287,1,TIGHTBLOCK50,3,242,0.9922502040863037,0.007749795913696289,0.12449736893177032,128,True,False,False,False
STRAIN_000287,1,TIGHTBLOCK50,4,342,0.9922298192977905,0.007770180702209473,0.12466167658567429,128,True,False,False,False
STRAIN_000287,1,TIGHTBLOCK50,5,442,0.9917235970497131,0.008276402950286865,0.12865790724754333,128,True,False,False,False
STRAIN_000302,1,TIGHTBLOCK50,1,42,0.9873161315917969,0.012683868408203125,0.15927255153656006,128,True,False,False,False
STRAIN_000302,1,TIGHTBLOCK50,2,142,0.9875416159629822,0.012458384037017822,0.15784987807273865,128,True,False,False,False
STRAIN_000302,1,TIGHTBLOCK50,3,242,0.9868077039718628,0.013192296028137207,0.16243384778499603,128,True,False,False,False
STRAIN_000302,1,TIGHTBLOCK50,4,342,0.9885146617889404,0.01148533821105957,0.15156009793281555,128,True,False,False,False
STRAIN_000302,1,TIGHTBLOCK50,5,442,0.9894613027572632,0.010538697242736816,0.1451803594827652,128,True,False,False,False
STRAIN_000305,1,TIGHTBLOCK50,1,42,0.9696944952011108,0.03030550479888916,0.24619285762310028,128,True,False,False,False
STRAIN_000305,1,TIGHTBLOCK50,2,142,0.9688321352005005,0.03116786479949951,0.24967136979103088,128,True,False,False,False
STRAIN_000305,1,TIGHTBLOCK50,3,242,0.9691860675811768,0.030813932418823242,0.2482495754957199,128,True,False,False,False
STRAIN_000305,1,TIGHTBLOCK50,4,342,0.9738507270812988,0.026149272918701172,0.2286883145570755,128,True,False,False,False
STRAIN_000305,1,TIGHTBLOCK50,5,442,0.9731115698814392,0.02688843011856079,0.23189808428287506,128,True,False,False,False
STRAIN_000308,1,TIGHTBLOCK50,1,42,0.990066409111023,0.00993359088897705,0.14095064997673035,128,True,False,False,False
STRAIN_000308,1,TIGHTBLOCK50,2,142,0.9861651062965393,0.013834893703460693,0.16634215414524078,128,True,False,False,False
STRAIN_000308,1,TIGHTBLOCK50,3,242,0.9888619184494019,0.011138081550598145,0.14925183355808258,128,True,False,False,False
STRAIN_000308,1,TIGHTBLOCK50,4,342,0.9881116151809692,0.011888384819030762,0.15419697761535645,128,True,False,False,False
STRAIN_000308,1,TIGHTBLOCK50,5,442,0.9880819320678711,0.011918067932128906,0.1543891876935959,128,True,False,False,False
STRAIN_000321,1,TIGHTBLOCK50,1,42,0.9892635941505432,0.010736405849456787,0.14653611183166504,128,True,False,False,False
STRAIN_000321,1,TIGHTBLOCK50,2,142,0.9876887798309326,0.012311220169067383,0.15691471099853516,128,True,False,False,False
STRAIN_000321,1,TIGHTBLOCK50,3,242,0.9833154678344727,0.016684532165527344,0.18267150223255157,128,True,False,False,False
STRAIN_000321,1,TIGHTBLOCK50,4,342,0.9889429807662964,0.011057019233703613,0.14870817959308624,128,True,False,False,False
STRAIN_000321,1,TIGHTBLOCK50,5,442,0.9861497282981873,0.013850271701812744,0.1664346158504486,128,True,False,False,False
STRAIN_000324,1,TIGHTBLOCK50,1,42,0.9823957085609436,0.017604291439056396,0.1876395344734192,128,True,False,False,False
STRAIN_000324,1,TIGHTBLOCK50,2,142,0.9848331212997437,0.015166878700256348,0.17416591942310333,128,True,False,False,False
STRAIN_000324,1,TIGHTBLOCK50,3,242,0.9855022430419922,0.014497756958007812,0.17028069496154785,128,True,False,False,False
STRAIN_000324,1,TIGHTBLOCK50,4,342,0.9837784767150879,0.01622152328491211,0.18011905252933502,128,True,False,False,False
STRAIN_000324,1,TIGHTBLOCK50,5,442,0.9854635000228882,0.014536499977111816,0.1705077737569809,128,True,False,False,False
STRAIN_000325,1,TIGHTBLOCK50,1,42,0.9871740341186523,0.012825965881347656,0.16016274690628052,128,True,False,False,False
STRAIN_000325,1,TIGHTBLOCK50,2,142,0.9875507354736328,0.012449264526367188,0.15779279172420502,128,True,False,False,False
STRAIN_000325,1,TIGHTBLOCK50,3,242,0.9876054525375366,0.012394547462463379,0.15744543075561523,128,True,False,False,False
STRAIN_000325,1,TIGHTBLOCK50,4,342,0.9868201613426208,0.01317983865737915,0.16235697269439697,128,True,False,False,False
STRAIN_000325,1,TIGHTBLOCK50,5,442,0.9852153062820435,0.014784693717956543,0.1719578355550766,128,True,False,False,False
STRAIN_000330,1,TIGHTBLOCK50,1,42,0.9938442707061768,0.006155729293823242,0.11095629632472992,128,True,False,False,False
STRAIN_000330,1,TIGHTBLOCK50,2,142,0.9926613569259644,0.0073386430740356445,0.12114966660737991,128,True,False,False,False
STRAIN_000330,1,TIGHTBLOCK50,3,242,0.9933579564094543,0.006642043590545654,0.11525630950927734,128,True,False,False,False
STRAIN_000330,1,TIGHTBLOCK50,4,342,0.9937721490859985,0.006227850914001465,0.11160454899072647,128,True,False,False,False
STRAIN_000330,1,TIGHTBLOCK50,5,442,0.9915676116943359,0.008432388305664062,0.12986436486244202,128,True,False,False,False
STRAIN_000333,1,TIGHTBLOCK50,1,42,0.9919135570526123,0.008086442947387695,0.12717285752296448,128,True,False,False,False
STRAIN_000333,1,TIGHTBLOCK50,2,142,0.9904372692108154,0.00956273078918457,0.13829566538333893,128,True,False,False,False
STRAIN_000333,1,TIGHTBLOCK50,3,242,0.9920313954353333,0.007968604564666748,0.12624339759349823,128,True,False,False,False
STRAIN_000333,1,TIGHTBLOCK50,4,342,0.9908596277236938,0.009140372276306152,0.1352069079875946,128,True,False,False,False
STRAIN_000333,1,TIGHTBLOCK50,5,442,0.9916054010391235,0.008394598960876465,0.129573792219162,128,True,False,False,False
STRAIN_000335,1,TIGHTBLOCK50,1,42,0.9889721274375916,0.011027872562408447,0.14851170778274536,128,True,False,False,False
STRAIN_000335,1,TIGHTBLOCK50,2,142,0.9903028607368469,0.009697139263153076,0.13926272094249725,128,True,False,False,False
STRAIN_000335,1,TIGHTBLOCK50,3,242,0.9908739924430847,0.009126007556915283,0.1350996047258377,128,True,False,False,False
STRAIN_000335,1,TIGHTBLOCK50,4,342,0.9905903339385986,0.009409666061401367,0.13718312978744507,128,True,False,False,False
STRAIN_000335,1,TIGHTBLOCK50,5,442,0.9908439517021179,0.00915604829788208,0.13532252609729767,128,True,False,False,False
STRAIN_000337,1,TIGHTBLOCK50,1,42,0.9906137585639954,0.009386241436004639,0.13701288402080536,128,True,False,False,False
STRAIN_000337,1,TIGHTBLOCK50,2,142,0.9895089864730835,0.010491013526916504,0.1448516547679901,128,True,False,False,False
STRAIN_000337,1,TIGHTBLOCK50,3,242,0.9888480305671692,0.01115196943283081,0.14934572577476501,128,True,False,False,False
STRAIN_000337,1,TIGHTBLOCK50,4,342,0.9912141561508179,0.008785843849182129,0.13255800306797028,128,True,False,False,False
STRAIN_000337,1,TIGHTBLOCK50,5,442,0.98979651927948,0.01020348072052002,0.14285340905189514,128,True,False,False,False
STRAIN_000342,1,TIGHTBLOCK50,1,42,0.9922631978988647,0.007736802101135254,0.12439317256212234,128,True,False,False,False
STRAIN_000342,1,TIGHTBLOCK50,2,142,0.9923804402351379,0.0076195597648620605,0.12344716489315033,128,True,False,False,False
STRAIN_000342,1,TIGHTBLOCK50,3,242,0.9941504001617432,0.005849599838256836,0.10816372185945511,128,True,False,False,False
STRAIN_000342,1,TIGHTBLOCK50,4,342,0.9940474629402161,0.0059525370597839355,0.10911101847887039,128,True,False,False,False
STRAIN_000342,1,TIGHTBLOCK50,5,442,0.994322657585144,0.005677342414855957,0.10655885189771652,128,True,False,False,False
STRAIN_000345,1,TIGHTBLOCK50,1,42,0.9880161285400391,0.011983871459960938,0.15481451153755188,128,True,False,False,False
STRAIN_000345,1,TIGHTBLOCK50,2,142,0.9905298352241516,0.009470164775848389,0.1376240849494934,128,True,False,False,False
STRAIN_000345,1,TIGHTBLOCK50,3,242,0.9894532561302185,0.010546743869781494,0.1452355682849884,128,True,False,False,False
STRAIN_000345,1,TIGHTBLOCK50,4,342,0.9895567893981934,0.01044321060180664,0.14452137053012848,128,True,False,False,False
STRAIN_000345,1,TIGHTBLOCK50,5,442,0.9902722835540771,0.009727716445922852,0.1394825279712677,128,True,False,False,False
STRAIN_000347,1,TIGHTBLOCK50,1,42,0.9693830013275146,0.03061699867248535,0.24745512008666992,128,True,False,False,False
STRAIN_000347,1,TIGHTBLOCK50,2,142,0.9706697463989258,0.02933025360107422,0.24219928681850433,128,True,False,False,False
STRAIN_000347,1,TIGHTBLOCK50,3,242,0.9623440504074097,0.03765594959259033,0.27442994713783264,128,True,False,False,False
STRAIN_000347,1,TIGHTBLOCK50,4,342,0.9722546339035034,0.027745366096496582,0.23556450009346008,128,True,False,False,False
STRAIN_000347,1,TIGHTBLOCK50,5,442,0.9669193029403687,0.03308069705963135,0.257218599319458,128,True,False,False,False
STRAIN_000353,1,TIGHTBLOCK50,1,42,0.9834445714950562,0.016555428504943848,0.18196387588977814,128,True,False,False,False
STRAIN_000353,1,TIGHTBLOCK50,2,142,0.9822133779525757,0.017786622047424316,0.18860866129398346,128,True,False,False,False
STRAIN_000353,1,TIGHTBLOCK50,3,242,0.9857288002967834,0.014271199703216553,0.16894517838954926,128,True,False,False,False
STRAIN_000353,1,TIGHTBLOCK50,4,342,0.9827263355255127,0.017273664474487305,0.18586909770965576,128,True,False,False,False
STRAIN_000353,1,TIGHTBLOCK50,5,442,0.9843031167984009,0.01569688320159912,0.17718270421028137,128,True,False,False,False
STRAIN_000354,1,TIGHTBLOCK50,1,42,0.9742340445518494,0.025765955448150635,0.22700630128383636,128,True,False,False,False
STRAIN_000354,1,TIGHTBLOCK50,2,142,0.9760010838508606,0.023998916149139404,0.21908386051654816,128,True,False,False,False
STRAIN_000354,1,TIGHTBLOCK50,3,242,0.9772467017173767,0.02275329828262329,0.2133229672908783,128,True,False,False,False
STRAIN_000354,1,TIGHTBLOCK50,4,342,0.978337287902832,0.02166271209716797,0.20814760029315948,128,True,False,False,False
STRAIN_000354,1,TIGHTBLOCK50,5,442,0.9736654162406921,0.02633458375930786,0.2294975072145462,128,True,False,False,False
STRAIN_000355,1,TIGHTBLOCK50,1,42,0.9688006639480591,0.031199336051940918,0.24979670345783234,128,True,False,False,False
STRAIN_000355,1,TIGHTBLOCK50,2,142,0.9710973501205444,0.028902649879455566,0.24042709171772003,128,True,False,False,False
STRAIN_000355,1,TIGHTBLOCK50,3,242,0.9614139795303345,0.03858602046966553,0.27779847383499146,128,True,False,False,False
STRAIN_000355,1,TIGHTBLOCK50,4,342,0.9614778757095337,0.03852212429046631,0.2775680720806122,128,True,False,False,False
STRAIN_000355,1,TIGHTBLOCK50,5,442,0.953650951385498,0.04634904861450195,0.3044637143611908,128,True,False,False,False
STRAIN_000358,1,TIGHTBLOCK50,1,42,0.9844186305999756,0.015581369400024414,0.1765298843383789,128,True,False,False,False
STRAIN_000358,1,TIGHTBLOCK50,2,142,0.983931303024292,0.016068696975708008,0.17926889657974243,128,True,False,False,False
STRAIN_000358,1,TIGHTBLOCK50,3,242,0.9829204082489014,0.017079591751098633,0.18482235074043274,128,True,False,False,False
STRAIN_000358,1,TIGHTBLOCK50,4,342,0.9836575984954834,0.0163424015045166,0.18078945577144623,128,True,False,False,False
STRAIN_000358,1,TIGHTBLOCK50,5,442,0.9835821390151978,0.016417860984802246,0.18120646476745605,128,True,False,False,False
STRAIN_000369,1,TIGHTBLOCK50,1,42,0.9862391948699951,0.013760805130004883,0.1658961921930313,128,True,False,False,False
STRAIN_000369,1,TIGHTBLOCK50,2,142,0.9894086122512817,0.010591387748718262,0.14554309844970703,128,True,False,False,False
STRAIN_000369,1,TIGHTBLOCK50,3,242,0.9879335165023804,0.012066483497619629,0.15534822642803192,128,True,False,False,False
STRAIN_000369,1,TIGHTBLOCK50,4,342,0.9888032674789429,0.011196732521057129,0.149644672870636,128,True,False,False,False
STRAIN_000369,1,TIGHTBLOCK50,5,442,0.9876667261123657,0.012333273887634277,0.1570567935705185,128,True,False,False,False
STRAIN_000372,1,TIGHTBLOCK50,1,42,0.9871225357055664,0.012877464294433594,0.16048331558704376,128,True,False,False,False
STRAIN_000372,1,TIGHTBLOCK50,2,142,0.9867150187492371,0.01328498125076294,0.16300277411937714,128,True,False,False,False
STRAIN_000372,1,TIGHTBLOCK50,3,242,0.9862428307533264,0.013757169246673584,0.16587413847446442,128,True,False,False,False
STRAIN_000372,1,TIGHTBLOCK50,4,342,0.9847630262374878,0.015236973762512207,0.17456761002540588,128,True,False,False,False
STRAIN_000372,1,TIGHTBLOCK50,5,442,0.9854005575180054,0.014599442481994629,0.17087656259536743,128,True,False,False,False
STRAIN_000373,1,TIGHTBLOCK50,1,42,0.9917029142379761,0.008297085762023926,0.1288173943758011,128,True,False,False,False
STRAIN_000373,1,TIGHTBLOCK50,2,142,0.9928672909736633,0.00713270902633667,0.1194373145699501,128,True,False,False,False
STRAIN_000373,1,TIGHTBLOCK50,3,242,0.9917697906494141,0.008230209350585938,0.1282968521118164,128,True,False,False,False
STRAIN_000373,1,TIGHTBLOCK50,4,342,0.9913427829742432,0.008657217025756836,0.1315838098526001,128,True,False,False,False
STRAIN_000373,1,TIGHTBLOCK50,5,442,0.9912479519844055,0.008752048015594482,0.13230308890342712,128,True,False,False,False
STRAIN_000379,1,TIGHTBLOCK50,1,42,0.9854834079742432,0.014516592025756836,0.17039093375205994,128,True,False,False,False
STRAIN_000379,1,TIGHTBLOCK50,2,142,0.9839391112327576,0.01606088876724243,0.17922565340995789,128,True,False,False,False
STRAIN_000379,1,TIGHTBLOCK50,3,242,0.9807062149047852,0.019293785095214844,0.1964367777109146,128,True,False,False,False
STRAIN_000379,1,TIGHTBLOCK50,4,342,0.9805874228477478,0.019412577152252197,0.19704125821590424,128,True,False,False,False
STRAIN_000379,1,TIGHTBLOCK50,5,442,0.9815846681594849,0.018415331840515137,0.1919131875038147,128,True,False,False,False
STRAIN_000380,1,TIGHTBLOCK50,1,42,0.9905610084533691,0.00943899154663086,0.13739752769470215,128,True,False,False,False
STRAIN_000380,1,TIGHTBLOCK50,2,142,0.9900494813919067,0.009950518608093262,0.14107127487659454,128,True,False,False,False
STRAIN_000380,1,TIGHTBLOCK50,3,242,0.992514967918396,0.007485032081604004,0.12235283106565475,128,True,False,False,False
STRAIN_000380,1,TIGHTBLOCK50,4,342,0.9913598299026489,0.008640170097351074,0.13145476579666138,128,True,False,False,False
STRAIN_000380,1,TIGHTBLOCK50,5,442,0.9925223588943481,0.0074776411056518555,0.12229150533676147,128,True,False,False,False
STRAIN_000385,1,TIGHTBLOCK50,1,42,0.9903533458709717,0.00964665412902832,0.138900026679039,128,True,False,False,False
STRAIN_000385,1,TIGHTBLOCK50,2,142,0.9888331294059753,0.011166870594024658,0.1494441032409668,128,True,False,False,False
STRAIN_000385,1,TIGHTBLOCK50,3,242,0.9893796443939209,0.010620355606079102,0.14574171602725983,128,True,False,False,False
STRAIN_000385,1,TIGHTBLOCK50,4,342,0.9874120354652405,0.012587964534759521,0.1586688756942749,128,True,False,False,False
STRAIN_000385,1,TIGHTBLOCK50,5,442,0.9866853952407837,0.013314604759216309,0.16318410634994507,128,True,False,False,False
STRAIN_000387,1,TIGHTBLOCK50,1,42,0.9760620594024658,0.02393794059753418,0.21880598366260529,128,True,False,False,False
STRAIN_000387,1,TIGHTBLOCK50,2,142,0.9733802080154419,0.026619791984558105,0.23073731362819672,128,True,False,False,False
STRAIN_000387,1,TIGHTBLOCK50,3,242,0.9700936675071716,0.02990633249282837,0.2445661425590515,128,True,False,False,False
STRAIN_000387,1,TIGHTBLOCK50,4,342,0.9695388674736023,0.030461132526397705,0.24682427942752838,128,True,False,False,False
STRAIN_000387,1,TIGHTBLOCK50,5,442,0.9713470935821533,0.02865290641784668,0.23938578367233276,128,True,False,False,False
STRAIN_000389,1,TIGHTBLOCK50,1,42,0.9938983917236328,0.0061016082763671875,0.11046763509511948,128,True,False,False,False
STRAIN_000389,1,TIGHTBLOCK50,2,142,0.9933966994285583,0.00660330057144165,0.1149194985628128,128,True,False,False,False
STRAIN_000389,1,TIGHTBLOCK50,3,242,0.9916080832481384,0.008391916751861572,0.12955228984355927,128,True,False,False,False
STRAIN_000389,1,TIGHTBLOCK50,4,342,0.9924676418304443,0.007532358169555664,0.12273840606212616,128,True,False,False,False
STRAIN_000389,1,TIGHTBLOCK50,5,442,0.9935938119888306,0.006406188011169434,0.11319226026535034,128,True,False,False,False
STRAIN_000390,1,TIGHTBLOCK50,1,42,0.9857866764068604,0.014213323593139648,0.1686018854379654,128,True,False,False,False
STRAIN_000390,1,TIGHTBLOCK50,2,142,0.9888036251068115,0.011196374893188477,0.14964237809181213,128,True,False,False,False
STRAIN_000390,1,TIGHTBLOCK50,3,242,0.9871364831924438,0.012863516807556152,0.16039656102657318,128,True,False,False,False
STRAIN_000390,1,TIGHTBLOCK50,4,342,0.9875932335853577,0.012406766414642334,0.15752309560775757,128,True,False,False,False
STRAIN_000390,1,TIGHTBLOCK50,5,442,0.9866735339164734,0.013326466083526611,0.1632574051618576,128,True,False,False,False
STRAIN_000392,1,TIGHTBLOCK50,1,42,0.988921582698822,0.011078417301177979,0.1488512009382248,128,True,False,False,False
STRAIN_000392,1,TIGHTBLOCK50,2,142,0.9883476495742798,0.011652350425720215,0.15265828371047974,128,True,False,False,False
STRAIN_000392,1,TIGHTBLOCK50,3,242,0.9864319562911987,0.01356804370880127,0.1647297888994217,128,True,False,False,False
STRAIN_000392,1,TIGHTBLOCK50,4,342,0.985522985458374,0.014477014541625977,0.17015796899795532,128,True,False,False,False
STRAIN_000392,1,TIGHTBLOCK50,5,442,0.987621545791626,0.012378454208374023,0.1573430895805359,128,True,False,False,False
STRAIN_000396,1,TIGHTBLOCK50,1,42,0.9869729280471802,0.013027071952819824,0.16141285002231598,128,True,False,False,False
STRAIN_000396,1,TIGHTBLOCK50,2,142,0.9877912998199463,0.012208700180053711,0.15626055002212524,128,True,False,False,False
STRAIN_000396,1,TIGHTBLOCK50,3,242,0.9898207187652588,0.010179281234741211,0.14268340170383453,128,True,False,False,False
STRAIN_000396,1,TIGHTBLOCK50,4,342,0.9875448942184448,0.012455105781555176,0.1578296273946762,128,True,False,False,False
STRAIN_000396,1,TIGHTBLOCK50,5,442,0.9890910387039185,0.010908961296081543,0.14770850539207458,128,True,False,False,False
STRAIN_000397,1,TIGHTBLOCK50,1,42,0.9863788485527039,0.013621151447296143,0.16505326330661774,128,True,False,False,False
STRAIN_000397,1,TIGHTBLOCK50,2,142,0.9850335717201233,0.014966428279876709,0.17301137745380402,128,True,False,False,False
STRAIN_000397,1,TIGHTBLOCK50,3,242,0.9851398468017578,0.014860153198242188,0.1723962128162384,128,True,False,False,False
STRAIN_000397,1,TIGHTBLOCK50,4,342,0.9884233474731445,0.011576652526855469,0.15216217935085297,128,True,False,False,False
STRAIN_000397,1,TIGHTBLOCK50,5,442,0.9880090355873108,0.011990964412689209,0.15486091375350952,128,True,False,False,False
STRAIN_000398,1,TIGHTBLOCK50,1,42,0.9904457926750183,0.00955420732498169,0.13823284208774567,128,True,False,False,False
STRAIN_000398,1,TIGHTBLOCK50,2,142,0.992659330368042,0.007340669631958008,0.1211668848991394,128,True,False,False,False
STRAIN_000398,1,TIGHTBLOCK50,3,242,0.9907582998275757,0.009241700172424316,0.13595427572727203,128,True,False,False,False
STRAIN_000398,1,TIGHTBLOCK50,4,342,0.9912732243537903,0.008726775646209717,0.13211166858673096,128,True,False,False,False
STRAIN_000398,1,TIGHTBLOCK50,5,442,0.9924277067184448,0.007572293281555176,0.12306351214647293,128,True,False,False,False
STRAIN_000399,1,TIGHTBLOCK50,1,42,0.9894353151321411,0.010564684867858887,0.14535897970199585,128,True,False,False,False
STRAIN_000399,1,TIGHTBLOCK50,2,142,0.9905036687850952,0.009496331214904785,0.1378135085105896,128,True,False,False,False
STRAIN_000399,1,TIGHTBLOCK50,3,242,0.9895100593566895,0.010489940643310547,0.14484398066997528,128,True,False,False,False
STRAIN_000399,1,TIGHTBLOCK50,4,342,0.9896454215049744,0.010354578495025635,0.14390699565410614,128,True,False,False,False
STRAIN_000399,1,TIGHTBLOCK50,5,442,0.9891777038574219,0.010822296142578125,0.14712080359458923,128,True,False,False,False
STRAIN_000400,1,TIGHTBLOCK50,1,42,0.9891195893287659,0.01088041067123413,0.1475158929824829,128,True,False,False,False
STRAIN_000400,1,TIGHTBLOCK50,2,142,0.9908039569854736,0.009196043014526367,0.13561752438545227,128,True,False,False,False
STRAIN_000400,1,TIGHTBLOCK50,3,242,0.9881503582000732,0.011849641799926758,0.15394529700279236,128,True,False,False,False
STRAIN_000400,1,TIGHTBLOCK50,4,342,0.9892469644546509,0.010753035545349121,0.14664970338344574,128,True,False,False,False
STRAIN_000400,1,TIGHTBLOCK50,5,442,0.988394021987915,0.011605978012084961,0.15235446393489838,128,True,False,False,False
STRAIN_000410,1,TIGHTBLOCK50,1,42,0.9886521100997925,0.01134788990020752,0.150651216506958,128,True,False,False,False
STRAIN_000410,1,TIGHTBLOCK50,2,142,0.9882850646972656,0.011714935302734375,0.15306814014911652,128,True,False,False,False
STRAIN_000410,1,TIGHTBLOCK50,3,242,0.9896589517593384,0.010341048240661621,0.14381301403045654,128,True,False,False,False
STRAIN_000410,1,TIGHTBLOCK50,4,342,0.9871665239334106,0.012833476066589355,0.16020917892456055,128,True,False,False,False
STRAIN_000410,1,TIGHTBLOCK50,5,442,0.9873136281967163,0.012686371803283691,0.15928825736045837,128,True,False,False,False
STRAIN_000411,1,TIGHTBLOCK50,1,42,0.9848753213882446,0.015124678611755371,0.17392387986183167,128,True,False,False,False
STRAIN_000411,1,TIGHTBLOCK50,2,142,0.9850518703460693,0.014948129653930664,0.1729053258895874,128,True,False,False,False
STRAIN_000411,1,TIGHTBLOCK50,3,242,0.985167384147644,0.014832615852355957,0.17223596572875977,128,True,False,False,False
STRAIN_000411,1,TIGHTBLOCK50,4,342,0.9858807921409607,0.014119207859039307,0.16804303228855133,128,True,False,False,False
STRAIN_000411,1,TIGHTBLOCK50,5,442,0.9874758124351501,0.012524187564849854,0.1582665890455246,128,True,False,False,False
STRAIN_000418,1,TIGHTBLOCK50,1,42,0.9851807951927185,0.014819204807281494,0.1721581220626831,128,True,False,False,False
STRAIN_000418,1,TIGHTBLOCK50,2,142,0.9840362071990967,0.01596379280090332,0.17868328094482422,128,True,False,False,False
STRAIN_000418,1,TIGHTBLOCK50,3,242,0.9851735234260559,0.014826476573944092,0.17220066487789154,128,True,False,False,False
STRAIN_000418,1,TIGHTBLOCK50,4,342,0.9847768545150757,0.015223145484924316,0.1744891107082367,128,True,False,False,False
STRAIN_000418,1,TIGHTBLOCK50,5,442,0.9853745698928833,0.0146254301071167,0.17102937400341034,128,True,False,False,False
STRAIN_000422,1,TIGHTBLOCK50,1,42,0.9698556065559387,0.03014439344406128,0.2455379217863083,128,True,False,False,False
STRAIN_000422,1,TIGHTBLOCK50,2,142,0.9696463942527771,0.0303536057472229,0.24638846516609192,128,True,False,False,False
STRAIN_000422,1,TIGHTBLOCK50,3,242,0.9670293927192688,0.0329706072807312,0.2567903995513916,128,True,False,False,False
STRAIN_000422,1,TIGHTBLOCK50,4,342,0.9599210023880005,0.04007899761199951,0.28312236070632935,128,True,False,False,False
STRAIN_000422,1,TIGHTBLOCK50,5,442,0.9658726453781128,0.03412735462188721,0.26125621795654297,128,True,False,False,False
STRAIN_000429,1,TIGHTBLOCK50,1,42,0.9928807020187378,0.007119297981262207,0.11932549625635147,128,True,False,False,False
STRAIN_000429,1,TIGHTBLOCK50,2,142,0.9921683073043823,0.007831692695617676,0.12515342235565186,128,True,False,False,False
STRAIN_000429,1,TIGHTBLOCK50,3,242,0.9920811653137207,0.007918834686279297,0.12584815919399261,128,True,False,False,False
STRAIN_000429,1,TIGHTBLOCK50,4,342,0.9903950095176697,0.009604990482330322,0.13859984278678894,128,True,False,False,False
STRAIN_000429,1,TIGHTBLOCK50,5,442,0.9919030666351318,0.008096933364868164,0.12725527584552765,128,True,False,False,False
STRAIN_000432,1,TIGHTBLOCK50,1,42,0.9881112575531006,0.011888742446899414,0.15419994294643402,128,True,False,False,False
STRAIN_000432,1,TIGHTBLOCK50,2,142,0.9877243041992188,0.01227569580078125,0.1566891074180603,128,True,False,False,False
STRAIN_000432,1,TIGHTBLOCK50,3,242,0.987017035484314,0.012982964515686035,0.16113945841789246,128,True,False,False,False
STRAIN_000432,1,TIGHTBLOCK50,4,342,0.9855517148971558,0.014448285102844238,0.1699901968240738,128,True,False,False,False
STRAIN_000432,1,TIGHTBLOCK50,5,442,0.9883115887641907,0.011688411235809326,0.15289533138275146,128,True,False,False,False
STRAIN_000438,1,TIGHTBLOCK50,1,42,0.9900671243667603,0.009932875633239746,0.14094607532024384,128,True,False,False,False
STRAIN_000438,1,TIGHTBLOCK50,2,142,0.9916865825653076,0.008313417434692383,0.12894506752490997,128,True,False,False,False
STRAIN_000438,1,TIGHTBLOCK50,3,242,0.9898433685302734,0.010156631469726562,0.14252446591854095,128,True,False,False,False
STRAIN_000438,1,TIGHTBLOCK50,4,342,0.9881974458694458,0.0118025541305542,0.15363925695419312,128,True,False,False,False
STRAIN_000438,1,TIGHTBLOCK50,5,442,0.9902873635292053,0.009712636470794678,0.1393744796514511,128,True,False,False,False
STRAIN_000445,1,TIGHTBLOCK50,1,42,0.9930003881454468,0.006999611854553223,0.11831708252429962,128,True,False,False,False
STRAIN_000445,1,TIGHTBLOCK50,2,142,0.9926914572715759,0.007308542728424072,0.12090064585208893,128,True,False,False,False
STRAIN_000445,1,TIGHTBLOCK50,3,242,0.9926021099090576,0.007397890090942383,0.1216374859213829,128,True,False,False,False
STRAIN_000445,1,TIGHTBLOCK50,4,342,0.9903867840766907,0.009613215923309326,0.13865914940834045,128,True,False,False,False
STRAIN_000445,1,TIGHTBLOCK50,5,442,0.9934208393096924,0.006579160690307617,0.11470947414636612,128,True,False,False,False
STRAIN_000471,1,TIGHTBLOCK50,1,42,0.9897376298904419,0.010262370109558105,0.14326445758342743,128,True,False,False,False
STRAIN_000471,1,TIGHTBLOCK50,2,142,0.9879058599472046,0.01209414005279541,0.15552638471126556,128,True,False,False,False
STRAIN_000471,1,TIGHTBLOCK50,3,242,0.9887455701828003,0.011254429817199707,0.1500302255153656,128,True,False,False,False
STRAIN_000471,1,TIGHTBLOCK50,4,342,0.990537166595459,0.009462833404541016,0.13757120072841644,128,True,False,False,False
STRAIN_000471,1,TIGHTBLOCK50,5,442,0.9894983768463135,0.010501623153686523,0.14492546021938324,128,True,False,False,False
STRAIN_000476,1,TIGHTBLOCK50,1,42,0.9880781769752502,0.011921823024749756,0.15441396832466125,128,True,False,False,False
STRAIN_000476,1,TIGHTBLOCK50,2,142,0.9896043539047241,0.010395646095275879,0.14419181644916534,128,True,False,False,False
STRAIN_000476,1,TIGHTBLOCK50,3,242,0.9903714656829834,0.009628534317016602,0.13876968622207642,128,True,False,False,False
STRAIN_000476,1,TIGHTBLOCK50,4,342,0.9907816648483276,0.009218335151672363,0.13578170537948608,128,True,False,False,False
STRAIN_000476,1,TIGHTBLOCK50,5,442,0.9883382320404053,0.011661767959594727,0.15272074937820435,128,True,False,False,False
STRAIN_000480,1,TIGHTBLOCK50,1,42,0.9895420074462891,0.010457992553710938,0.1446235030889511,128,True,False,False,False
STRAIN_000480,1,TIGHTBLOCK50,2,142,0.9865251779556274,0.013474822044372559,0.16416369378566742,128,True,False,False,False
STRAIN_000480,1,TIGHTBLOCK50,3,242,0.9882062077522278,0.011793792247772217,0.15358304977416992,128,True,False,False,False
STRAIN_000480,1,TIGHTBLOCK50,4,342,0.9920231103897095,0.007976889610290527,0.12630833685398102,128,True,False,False,False
STRAIN_000480,1,TIGHTBLOCK50,5,442,0.9896448850631714,0.010355114936828613,0.14391109347343445,128,True,False,False,False
STRAIN_000490,1,TIGHTBLOCK50,1,42,0.9892016053199768,0.010798394680023193,0.14695893228054047,128,True,False,False,False
STRAIN_000490,1,TIGHTBLOCK50,2,142,0.9894187450408936,0.010581254959106445,0.14547330141067505,128,True,False,False,False
STRAIN_000490,1,TIGHTBLOCK50,3,242,0.9902561902999878,0.009743809700012207,0.13959819078445435,128,True,False,False,False
STRAIN_000490,1,TIGHTBLOCK50,4,342,0.989118218421936,0.010881781578063965,0.14752492308616638,128,True,False,False,False
STRAIN_000490,1,TIGHTBLOCK50,5,442,0.989145815372467,0.010854184627532959,0.1473371684551239,128,True,False,False,False
STRAIN_000495,1,TIGHTBLOCK50,1,42,0.9906777739524841,0.00932222604751587,0.1365446001291275,128,True,False,False,False
STRAIN_000495,1,TIGHTBLOCK50,2,142,0.991643488407135,0.00835651159286499,0.12927836179733276,128,True,False,False,False
STRAIN_000495,1,TIGHTBLOCK50,3,242,0.990368127822876,0.009631872177124023,0.13879340887069702,128,True,False,False,False
STRAIN_000495,1,TIGHTBLOCK50,4,342,0.9910778999328613,0.008922100067138672,0.13358256220817566,128,True,False,False,False
STRAIN_000495,1,TIGHTBLOCK50,5,442,0.9894601702690125,0.010539829730987549,0.1451883465051651,128,True,False,False,False
STRAIN_000497,1,TIGHTBLOCK50,1,42,0.9859854578971863,0.01401454210281372,0.16741888225078583,128,True,False,False,False
STRAIN_000497,1,TIGHTBLOCK50,2,142,0.9857518672943115,0.014248132705688477,0.16880890727043152,128,True,False,False,False
STRAIN_000497,1,TIGHTBLOCK50,3,242,0.9865161180496216,0.013483881950378418,0.16421887278556824,128,True,False,False,False
STRAIN_000497,1,TIGHTBLOCK50,4,342,0.9860191941261292,0.01398080587387085,0.16721725463867188,128,True,False,False,False
STRAIN_000497,1,TIGHTBLOCK50,5,442,0.9841852188110352,0.015814781188964844,0.1778469830751419,128,True,False,False,False
STRAIN_000505,1,TIGHTBLOCK50,1,42,0.9894857406616211,0.010514259338378906,0.1450125128030777,128,True,False,False,False
STRAIN_000505,1,TIGHTBLOCK50,2,142,0.9899954795837402,0.010004520416259766,0.14145299792289734,128,True,False,False,False
STRAIN_000505,1,TIGHTBLOCK50,3,242,0.9888696670532227,0.011130332946777344,0.14920033514499664,128,True,False,False,False
STRAIN_000505,1,TIGHTBLOCK50,4,342,0.9895414710044861,0.010458528995513916,0.14462748169898987,128,True,False,False,False
STRAIN_000505,1,TIGHTBLOCK50,5,442,0.9896961450576782,0.010303854942321777,0.14355377852916718,128,True,False,False,False
STRAIN_000508,1,TIGHTBLOCK50,1,42,0.9921439290046692,0.00785607099533081,0.1253480613231659,128,True,False,False,False
STRAIN_000508,1,TIGHTBLOCK50,2,142,0.9925644397735596,0.00743556022644043,0.12194640189409256,128,True,False,False,False
STRAIN_000508,1,TIGHTBLOCK50,3,242,0.9918380379676819,0.008161962032318115,0.12776505947113037,128,True,False,False,False
STRAIN_000508,1,TIGHTBLOCK50,4,342,0.9901663064956665,0.009833693504333496,0.14024053514003754,128,True,False,False,False
STRAIN_000508,1,TIGHTBLOCK50,5,442,0.9906833171844482,0.009316682815551758,0.13650347292423248,128,True,False,False,False
STRAIN_000516,1,TIGHTBLOCK50,1,42,0.9868504405021667,0.013149559497833252,0.16217032074928284,128,True,False,False,False
STRAIN_000516,1,TIGHTBLOCK50,2,142,0.9870036840438843,0.012996315956115723,0.16122227907180786,128,True,False,False,False
STRAIN_000516,1,TIGHTBLOCK50,3,242,0.9841040372848511,0.015895962715148926,0.17830342054367065,128,True,False,False,False
STRAIN_000516,1,TIGHTBLOCK50,4,342,0.9863997101783752,0.013600289821624756,0.1649259477853775,128,True,False,False,False
STRAIN_000516,1,TIGHTBLOCK50,5,442,0.9871783256530762,0.012821674346923828,0.16013559699058533,128,True,False,False,False
STRAIN_000519,1,TIGHTBLOCK50,1,42,0.9923808574676514,0.007619142532348633,0.12344333529472351,128,True,False,False,False
STRAIN_000519,1,TIGHTBLOCK50,2,142,0.9954065084457397,0.004593491554260254,0.09584915637969971,128,True,False,False,False
STRAIN_000519,1,TIGHTBLOCK50,3,242,0.992646336555481,0.007353663444519043,0.12127399444580078,128,True,False,False,False
STRAIN_000519,1,TIGHTBLOCK50,4,342,0.9901062846183777,0.009893715381622314,0.14066779613494873,128,True,False,False,False
STRAIN_000519,1,TIGHTBLOCK50,5,442,0.9896985292434692,0.010301470756530762,0.14353737235069275,128,True,False,False,False
STRAIN_000528,1,TIGHTBLOCK50,1,42,0.9840735197067261,0.015926480293273926,0.17847399413585663,128,True,False,False,False
STRAIN_000528,1,TIGHTBLOCK50,2,142,0.9853193759918213,0.014680624008178711,0.17135179042816162,128,True,False,False,False
STRAIN_000528,1,TIGHTBLOCK50,3,242,0.9862341284751892,0.013765871524810791,0.16592688858509064,128,True,False,False,False
STRAIN_000528,1,TIGHTBLOCK50,4,342,0.9872992038726807,0.012700796127319336,0.1593790352344513,128,True,False,False,False
STRAIN_000528,1,TIGHTBLOCK50,5,442,0.981863260269165,0.01813673973083496,0.19045570492744446,128,True,False,False,False
STRAIN_000530,1,TIGHTBLOCK50,1,42,0.986425518989563,0.013574481010437012,0.16476905345916748,128,True,False,False,False
STRAIN_000530,1,TIGHTBLOCK50,2,142,0.9857070446014404,0.01429295539855957,0.1690734475851059,128,True,False,False,False
STRAIN_000530,1,TIGHTBLOCK50,3,242,0.9861895442008972,0.013810455799102783,0.16619543731212616,128,True,False,False,False
STRAIN_000530,1,TIGHTBLOCK50,4,342,0.9853123426437378,0.014687657356262207,0.17139187455177307,128,True,False,False,False
STRAIN_000530,1,TIGHTBLOCK50,5,442,0.9853129386901855,0.014687061309814453,0.17138826847076416,128,True,False,False,False
STRAIN_000531,1,TIGHTBLOCK50,1,42,0.9911354780197144,0.008864521980285645,0.13315066695213318,128,True,False,False,False
STRAIN_000531,1,TIGHTBLOCK50,2,142,0.9921548366546631,0.007845163345336914,0.12526027858257294,128,True,False,False,False
STRAIN_000531,1,TIGHTBLOCK50,3,242,0.9905301928520203,0.009469807147979736,0.13762135803699493,128,True,False,False,False
STRAIN_000531,1,TIGHTBLOCK50,4,342,0.9908405542373657,0.009159445762634277,0.13534729182720184,128,True,False,False,False
STRAIN_000531,1,TIGHTBLOCK50,5,442,0.9908448457717896,0.00915515422821045,0.13531631231307983,128,True,False,False,False
STRAIN_000532,1,TIGHTBLOCK50,1,42,0.9929193258285522,0.007080674171447754,0.11900157481431961,128,True,False,False,False
STRAIN_000532,1,TIGHTBLOCK50,2,142,0.9914838671684265,0.008516132831573486,0.13050711154937744,128,True,False,False,False
STRAIN_000532,1,TIGHTBLOCK50,3,242,0.9920867681503296,0.00791323184967041,0.12580305337905884,128,True,False,False,False
STRAIN_000532,1,TIGHTBLOCK50,4,342,0.9935182332992554,0.006481766700744629,0.11385804414749146,128,True,False,False,False
STRAIN_000532,1,TIGHTBLOCK50,5,442,0.9912844896316528,0.008715510368347168,0.13202670216560364,128,True,False,False,False
STRAIN_000536,1,TIGHTBLOCK50,1,42,0.9780765771865845,0.021923422813415527,0.20939630270004272,128,True,False,False,False
STRAIN_000536,1,TIGHTBLOCK50,2,142,0.9811863899230957,0.018813610076904297,0.1939769834280014,128,True,False,False,False
STRAIN_000536,1,TIGHTBLOCK50,3,242,0.9787701368331909,0.021229863166809082,0.20605726540088654,128,True,False,False,False
STRAIN_000536,1,TIGHTBLOCK50,4,342,0.9800279140472412,0.01997208595275879,0.19986043870449066,128,True,False,False,False
STRAIN_000536,1,TIGHTBLOCK50,5,442,0.9804795980453491,0.01952040195465088,0.19758746027946472,128,True,False,False,False
STRAIN_000537,1,TIGHTBLOCK50,1,42,0.9859164953231812,0.014083504676818848,0.16783040761947632,128,True,False,False,False
STRAIN_000537,1,TIGHTBLOCK50,2,142,0.9866570234298706,0.013342976570129395,0.16335834562778473,128,True,False,False,False
STRAIN_000537,1,TIGHTBLOCK50,3,242,0.9877220988273621,0.01227790117263794,0.1567031592130661,128,True,False,False,False
STRAIN_000537,1,TIGHTBLOCK50,4,342,0.9866156578063965,0.013384342193603516,0.16361118853092194,128,True,False,False,False
STRAIN_000537,1,TIGHTBLOCK50,5,442,0.9873721599578857,0.012627840042114258,0.1589204967021942,128,True,False,False,False
STRAIN_000555,1,TIGHTBLOCK50,1,42,0.9914311766624451,0.008568823337554932,0.13091078400611877,128,True,False,False,False
STRAIN_000555,1,TIGHTBLOCK50,2,142,0.9888637065887451,0.011136293411254883,0.1492406129837036,128,True,False,False,False
STRAIN_000555,1,TIGHTBLOCK50,3,242,0.9888451099395752,0.011154890060424805,0.1493649035692215,128,True,False,False,False
STRAIN_000555,1,TIGHTBLOCK50,4,342,0.9895825982093811,0.010417401790618896,0.14434276521205902,128,True,False,False,False
STRAIN_000555,1,TIGHTBLOCK50,5,442,0.9897017478942871,0.01029825210571289,0.14351482689380646,128,True,False,False,False
STRAIN_000563,1,TIGHTBLOCK50,1,42,0.9892767667770386,0.010723233222961426,0.14644573628902435,128,True,False,False,False
STRAIN_000563,1,TIGHTBLOCK50,2,142,0.9944446086883545,0.005555391311645508,0.10540701448917389,128,True,False,False,False
STRAIN_000563,1,TIGHTBLOCK50,3,242,0.990814745426178,0.009185254573822021,0.1355377733707428,128,True,False,False,False
STRAIN_000563,1,TIGHTBLOCK50,4,342,0.9938238263130188,0.006176173686981201,0.11114123463630676,128,True,False,False,False
STRAIN_000563,1,TIGHTBLOCK50,5,442,0.9936212301254272,0.006378769874572754,0.11294949054718018,128,True,False,False,False
STRAIN_000564,1,TIGHTBLOCK50,1,42,0.9910905957221985,0.008909404277801514,0.1334870308637619,128,True,False,False,False
STRAIN_000564,1,TIGHTBLOCK50,2,142,0.9858876466751099,0.014112353324890137,0.16800302267074585,128,True,False,False,False
STRAIN_000564,1,TIGHTBLOCK50,3,242,0.9853340983390808,0.01466590166091919,0.1712655872106552,128,True,False,False,False
STRAIN_000564,1,TIGHTBLOCK50,4,342,0.9903366565704346,0.00966334342956543,0.13902056217193604,128,True,False,False,False
STRAIN_000564,1,TIGHTBLOCK50,5,442,0.9877979755401611,0.012202024459838867,0.1562180072069168,128,True,False,False,False
STRAIN_000566,1,TIGHTBLOCK50,1,42,0.992716908454895,0.0072830915451049805,0.12068989872932434,128,True,False,False,False
STRAIN_000566,1,TIGHTBLOCK50,2,142,0.9904977679252625,0.009502232074737549,0.13785701990127563,128,True,False,False,False
STRAIN_000566,1,TIGHTBLOCK50,3,242,0.9893311262130737,0.01066887378692627,0.14607474207878113,128,True,False,False,False
STRAIN_000566,1,TIGHTBLOCK50,4,342,0.9897588491439819,0.010241150856018066,0.14311587810516357,128,True,False,False,False
STRAIN_000566,1,TIGHTBLOCK50,5,442,0.9909469485282898,0.009053051471710205,0.13455861806869507,128,True,False,False,False
STRAIN_000568,1,TIGHTBLOCK50,1,42,0.9863492846488953,0.013650715351104736,0.165231853723526,128,True,False,False,False
STRAIN_000568,1,TIGHTBLOCK50,2,142,0.9856396913528442,0.014360308647155762,0.16947145760059357,128,True,False,False,False
STRAIN_000568,1,TIGHTBLOCK50,3,242,0.9843770265579224,0.015622973442077637,0.1767652928829193,128,True,False,False,False
STRAIN_000568,1,TIGHTBLOCK50,4,342,0.9853273034095764,0.014672696590423584,0.17130522429943085,128,True,False,False,False
STRAIN_000568,1,TIGHTBLOCK50,5,442,0.9878655672073364,0.012134432792663574,0.15578529238700867,128,True,False,False,False
STRAIN_000571,1,TIGHTBLOCK50,1,42,0.9903388023376465,0.009661197662353516,0.13900475203990936,128,True,False,False,False
STRAIN_000571,1,TIGHTBLOCK50,2,142,0.9895994663238525,0.010400533676147461,0.1442258059978485,128,True,False,False,False
STRAIN_000571,1,TIGHTBLOCK50,3,242,0.9898509979248047,0.010149002075195312,0.14247123897075653,128,True,False,False,False
STRAIN_000571,1,TIGHTBLOCK50,4,342,0.9909655451774597,0.009034454822540283,0.134419783949852,128,True,False,False,False
STRAIN_000571,1,TIGHTBLOCK50,5,442,0.9908463954925537,0.009153604507446289,0.13530457019805908,128,True,False,False,False
STRAIN_000573,1,TIGHTBLOCK50,1,42,0.9905437231063843,0.009456276893615723,0.13752338290214539,128,True,False,False,False
STRAIN_000573,1,TIGHTBLOCK50,2,142,0.9910428524017334,0.008957147598266602,0.1338450312614441,128,True,False,False,False
STRAIN_000573,1,TIGHTBLOCK50,3,242,0.9881904721260071,0.01180952787399292,0.153685063123703,128,True,False,False,False
STRAIN_000573,1,TIGHTBLOCK50,4,342,0.9912849068641663,0.00871509313583374,0.13202430307865143,128,True,False,False,False
STRAIN_000573,1,TIGHTBLOCK50,5,442,0.9897636771202087,0.01023632287979126,0.14308321475982666,128,True,False,False,False
STRAIN_000574,1,TIGHTBLOCK50,1,42,0.9925508499145508,0.007449150085449219,0.12205877900123596,128,True,False,False,False
STRAIN_000574,1,TIGHTBLOCK50,2,142,0.9910351037979126,0.008964896202087402,0.13390201330184937,128,True,False,False,False
STRAIN_000574,1,TIGHTBLOCK50,3,242,0.9908011555671692,0.00919884443283081,0.13563813269138336,128,True,False,False,False
STRAIN_000574,1,TIGHTBLOCK50,4,342,0.9926992058753967,0.0073007941246032715,0.12083665281534195,128,True,False,False,False
STRAIN_000574,1,TIGHTBLOCK50,5,442,0.9915898442268372,0.008410155773162842,0.1296931505203247,128,True,False,False,False
STRAIN_000576,1,TIGHTBLOCK50,1,42,0.9920110106468201,0.007988989353179932,0.12640485167503357,128,True,False,False,False
STRAIN_000576,1,TIGHTBLOCK50,2,142,0.9929471611976624,0.0070528388023376465,0.11876820027828217,128,True,False,False,False
STRAIN_000576,1,TIGHTBLOCK50,3,242,0.9854665994644165,0.014533400535583496,0.17049016058444977,128,True,False,False,False
STRAIN_000576,1,TIGHTBLOCK50,4,342,0.9887521862983704,0.011247813701629639,0.14998586475849152,128,True,False,False,False
STRAIN_000576,1,TIGHTBLOCK50,5,442,0.9883921146392822,0.011607885360717773,0.1523670256137848,128,True,False,False,False
STRAIN_000579,1,TIGHTBLOCK50,1,42,0.9839954972267151,0.016004502773284912,0.1789110153913498,128,True,False,False,False
STRAIN_000579,1,TIGHTBLOCK50,2,142,0.9848469495773315,0.015153050422668457,0.1740865409374237,128,True,False,False,False
STRAIN_000579,1,TIGHTBLOCK50,3,242,0.9873299598693848,0.012670040130615234,0.1591854840517044,128,True,False,False,False
STRAIN_000579,1,TIGHTBLOCK50,4,342,0.9856810569763184,0.01431894302368164,0.16922703385353088,128,True,False,False,False
STRAIN_000579,1,TIGHTBLOCK50,5,442,0.9869370460510254,0.01306295394897461,0.16163529455661774,128,True,False,False,False
STRAIN_000590,1,TIGHTBLOCK50,1,42,0.9885801672935486,0.011419832706451416,0.15112805366516113,128,True,False,False,False
STRAIN_000590,1,TIGHTBLOCK50,2,142,0.9887501001358032,0.011249899864196777,0.14999933540821075,128,True,False,False,False
STRAIN_000590,1,TIGHTBLOCK50,3,242,0.9881055355072021,0.011894464492797852,0.15423518419265747,128,True,False,False,False
STRAIN_000590,1,TIGHTBLOCK50,4,342,0.9880502223968506,0.011949777603149414,0.15459434688091278,128,True,False,False,False
STRAIN_000590,1,TIGHTBLOCK50,5,442,0.9903594851493835,0.009640514850616455,0.13885575532913208,128,True,False,False,False
STRAIN_000606,1,TIGHTBLOCK50,1,42,0.9886986017227173,0.011301398277282715,0.15034179389476776,128,True,False,False,False
STRAIN_000606,1,TIGHTBLOCK50,2,142,0.9896483421325684,0.01035165786743164,0.1438860297203064,128,True,False,False,False
STRAIN_000606,1,TIGHTBLOCK50,3,242,0.9885222911834717,0.01147770881652832,0.15151044726371765,128,True,False,False,False
STRAIN_000606,1,TIGHTBLOCK50,4,342,0.9887741208076477,0.011225879192352295,0.14983819425106049,128,True,False,False,False
STRAIN_000606,1,TIGHTBLOCK50,5,442,0.9908090233802795,0.009190976619720459,0.13557986915111542,128,True,False,False,False
STRAIN_000608,1,TIGHTBLOCK50,1,42,0.9881742000579834,0.011825799942016602,0.15379159152507782,128,True,False,False,False
STRAIN_000608,1,TIGHTBLOCK50,2,142,0.9880064725875854,0.01199352741241455,0.15487810969352722,128,True,False,False,False
STRAIN_000608,1,TIGHTBLOCK50,3,242,0.988660454750061,0.011339545249938965,0.15059654414653778,128,True,False,False,False
STRAIN_000608,1,TIGHTBLOCK50,4,342,0.9883056282997131,0.011694371700286865,0.15293441712856293,128,True,False,False,False
STRAIN_000608,1,TIGHTBLOCK50,5,442,0.9863098859786987,0.01369011402130127,0.16547080874443054,128,True,False,False,False
STRAIN_000609,1,TIGHTBLOCK50,1,42,0.9896275997161865,0.010372400283813477,0.1440301090478897,128,True,False,False,False
STRAIN_000609,1,TIGHTBLOCK50,2,142,0.9880074262619019,0.011992573738098145,0.1548713594675064,128,True,False,False,False
STRAIN_000609,1,TIGHTBLOCK50,3,242,0.9889281988143921,0.01107180118560791,0.1488073766231537,128,True,False,False,False
STRAIN_000609,1,TIGHTBLOCK50,4,342,0.9889995455741882,0.011000454425811768,0.14832726120948792,128,True,False,False,False
STRAIN_000609,1,TIGHTBLOCK50,5,442,0.9871659278869629,0.01283407211303711,0.16021329164505005,128,True,False,False,False
STRAIN_000610,1,TIGHTBLOCK50,1,42,0.982424259185791,0.017575740814208984,0.18748684227466583,128,True,False,False,False
STRAIN_000610,1,TIGHTBLOCK50,2,142,0.9813740253448486,0.018625974655151367,0.19300778210163116,128,True,False,False,False
STRAIN_000610,1,TIGHTBLOCK50,3,242,0.9845830202102661,0.015416979789733887,0.17559564113616943,128,True,False,False,False
STRAIN_000610,1,TIGHTBLOCK50,4,342,0.9846965074539185,0.015303492546081543,0.17494824528694153,128,True,False,False,False
STRAIN_000610,1,TIGHTBLOCK50,5,442,0.9832170009613037,0.01678299903869629,0.18320994079113007,128,True,False,False,False
STRAIN_000611,1,TIGHTBLOCK50,1,42,0.9911808371543884,0.008819162845611572,0.13280920684337616,128,True,False,False,False
STRAIN_000611,1,TIGHTBLOCK50,2,142,0.9923200011253357,0.007679998874664307,0.12393593043088913,128,True,False,False,False
STRAIN_000611,1,TIGHTBLOCK50,3,242,0.9908487796783447,0.009151220321655273,0.1352868378162384,128,True,False,False,False
STRAIN_000611,1,TIGHTBLOCK50,4,342,0.9904769659042358,0.00952303409576416,0.1380077451467514,128,True,False,False,False
STRAIN_000611,1,TIGHTBLOCK50,5,442,0.9906758069992065,0.009324193000793457,0.1365589201450348,128,True,False,False,False
STRAIN_000612,1,TIGHTBLOCK50,1,42,0.9882482886314392,0.011751711368560791,0.15330800414085388,128,True,False,False,False
STRAIN_000612,1,TIGHTBLOCK50,2,142,0.9920963644981384,0.007903635501861572,0.125726580619812,128,True,False,False,False
STRAIN_000612,1,TIGHTBLOCK50,3,242,0.9888686537742615,0.011131346225738525,0.14920634031295776,128,True,False,False,False
STRAIN_000612,1,TIGHTBLOCK50,4,342,0.9890656471252441,0.01093435287475586,0.14788050949573517,128,True,False,False,False
STRAIN_000612,1,TIGHTBLOCK50,5,442,0.9872572422027588,0.012742757797241211,0.159641832113266,128,True,False,False,False
STRAIN_000616,1,TIGHTBLOCK50,1,42,0.9926532506942749,0.007346749305725098,0.12121640890836716,128,True,False,False,False
STRAIN_000616,1,TIGHTBLOCK50,2,142,0.9915168285369873,0.008483171463012695,0.130254864692688,128,True,False,False,False
STRAIN_000616,1,TIGHTBLOCK50,3,242,0.9904889464378357,0.009511053562164307,0.13792088627815247,128,True,False,False,False
STRAIN_000616,1,TIGHTBLOCK50,4,342,0.9924354553222656,0.007564544677734375,0.1230005994439125,128,True,False,False,False
STRAIN_000616,1,TIGHTBLOCK50,5,442,0.9921184778213501,0.007881522178649902,0.12555168569087982,128,True,False,False,False
STRAIN_000631,1,TIGHTBLOCK50,1,42,0.9929988384246826,0.007001161575317383,0.11833136528730392,128,True,False,False,False
STRAIN_000631,1,TIGHTBLOCK50,2,142,0.993694543838501,0.0063054561614990234,0.1122979149222374,128,True,False,False,False
STRAIN_000631,1,TIGHTBLOCK50,3,242,0.9931548833847046,0.00684511661529541,0.11700532585382462,128,True,False,False,False
STRAIN_000631,1,TIGHTBLOCK50,4,342,0.991610586643219,0.008389413356781006,0.12953291833400726,128,True,False,False,False
STRAIN_000631,1,TIGHTBLOCK50,5,442,0.9924291372299194,0.007570862770080566,0.12305250018835068,128,True,False,False,False
STRAIN_000644,1,TIGHTBLOCK50,1,42,0.987241268157959,0.012758731842041016,0.15974177420139313,128,True,False,False,False
STRAIN_000644,1,TIGHTBLOCK50,2,142,0.9870084524154663,0.012991547584533691,0.16119231283664703,128,True,False,False,False
STRAIN_000644,1,TIGHTBLOCK50,3,242,0.9883419275283813,0.011658072471618652,0.15269596874713898,128,True,False,False,False
STRAIN_000644,1,TIGHTBLOCK50,4,342,0.986771821975708,0.013228178024291992,0.1626538187265396,128,True,False,False,False
STRAIN_000644,1,TIGHTBLOCK50,5,442,0.9882819652557373,0.011718034744262695,0.1530880182981491,128,True,False,False,False
STRAIN_000646,1,TIGHTBLOCK50,1,42,0.9871586561203003,0.012841343879699707,0.16025787591934204,128,True,False,False,False
STRAIN_000646,1,TIGHTBLOCK50,2,142,0.9857652187347412,0.014234781265258789,0.1687292754650116,128,True,False,False,False
STRAIN_000646,1,TIGHTBLOCK50,3,242,0.9873261451721191,0.01267385482788086,0.15920929610729218,128,True,False,False,False
STRAIN_000646,1,TIGHTBLOCK50,4,342,0.9866758584976196,0.013324141502380371,0.16324248909950256,128,True,False,False,False
STRAIN_000646,1,TIGHTBLOCK50,5,442,0.9863830804824829,0.01361691951751709,0.16502656042575836,128,True,False,False,False
STRAIN_000656,1,TIGHTBLOCK50,1,42,0.9910293221473694,0.008970677852630615,0.1339457482099533,128,True,False,False,False
STRAIN_000656,1,TIGHTBLOCK50,2,142,0.9905825853347778,0.009417414665222168,0.13724003732204437,128,True,False,False,False
STRAIN_000656,1,TIGHTBLOCK50,3,242,0.9919452667236328,0.008054733276367188,0.12692324817180634,128,True,False,False,False
STRAIN_000656,1,TIGHTBLOCK50,4,342,0.9925518035888672,0.0074481964111328125,0.12205059826374054,128,True,False,False,False
STRAIN_000656,1,TIGHTBLOCK50,5,442,0.9919415712356567,0.008058428764343262,0.12695276737213135,128,True,False,False,False
STRAIN_000660,1,TIGHTBLOCK50,1,42,0.9889300465583801,0.011069953441619873,0.14879462122917175,128,True,False,False,False
STRAIN_000660,1,TIGHTBLOCK50,2,142,0.9893320798873901,0.010667920112609863,0.14606767892837524,128,True,False,False,False
STRAIN_000660,1,TIGHTBLOCK50,3,242,0.9883960485458374,0.011603951454162598,0.15234167873859406,128,True,False,False,False
STRAIN_000660,1,TIGHTBLOCK50,4,342,0.9906812906265259,0.009318709373474121,0.13651907444000244,128,True,False,False,False
STRAIN_000660,1,TIGHTBLOCK50,5,442,0.9898717403411865,0.010128259658813477,0.14232540130615234,128,True,False,False,False
STRAIN_000662,1,TIGHTBLOCK50,1,42,0.9692120552062988,0.030787944793701172,0.24814532697200775,128,True,False,False,False
STRAIN_000662,1,TIGHTBLOCK50,2,142,0.9729100465774536,0.027089953422546387,0.23276600241661072,128,True,False,False,False
STRAIN_000662,1,TIGHTBLOCK50,3,242,0.9706920981407166,0.029307901859283447,0.2421073168516159,128,True,False,False,False
STRAIN_000662,1,TIGHTBLOCK50,4,342,0.9737961888313293,0.026203811168670654,0.22892723977565765,128,True,False,False,False
STRAIN_000662,1,TIGHTBLOCK50,5,442,0.9738460779190063,0.026153922080993652,0.2287093847990036,128,True,False,False,False
STRAIN_000673,1,TIGHTBLOCK50,1,42,0.9737740755081177,0.026225924491882324,0.22902408242225647,128,True,False,False,False
STRAIN_000673,1,TIGHTBLOCK50,2,142,0.9727959632873535,0.027204036712646484,0.23325534164905548,128,True,False,False,False
STRAIN_000673,1,TIGHTBLOCK50,3,242,0.9720132350921631,0.027986764907836914,0.23658721148967743,128,True,False,False,False
STRAIN_000673,1,TIGHTBLOCK50,4,342,0.9732468128204346,0.02675318717956543,0.23131419718265533,128,True,False,False,False
STRAIN_000673,1,TIGHTBLOCK50,5,442,0.9687644243240356,0.031235575675964355,0.2499426156282425,128,True,False,False,False
STRAIN_000676,1,TIGHTBLOCK50,1,42,0.9760414958000183,0.02395850419998169,0.21889960765838623,128,True,False,False,False
STRAIN_000676,1,TIGHTBLOCK50,2,142,0.9742994904518127,0.025700509548187256,0.2267179787158966,128,True,False,False,False
STRAIN_000676,1,TIGHTBLOCK50,3,242,0.969205379486084,0.030794620513916016,0.24817155301570892,128,True,False,False,False
STRAIN_000676,1,TIGHTBLOCK50,4,342,0.974837064743042,0.025162935256958008,0.22433412075042725,128,True,False,False,False
STRAIN_000676,1,TIGHTBLOCK50,5,442,0.9727582931518555,0.02724170684814453,0.23341672122478485,128,True,False,False,False
STRAIN_000679,1,TIGHTBLOCK50,1,42,0.9899092316627502,0.010090768337249756,0.1420615315437317,128,True,False,False,False
STRAIN_000679,1,TIGHTBLOCK50,2,142,0.9912154078483582,0.008784592151641846,0.1325489580631256,128,True,False,False,False
STRAIN_000679,1,TIGHTBLOCK50,3,242,0.9917038679122925,0.00829613208770752,0.12881088256835938,128,True,False,False,False
STRAIN_000679,1,TIGHTBLOCK50,4,342,0.9844383597373962,0.01556164026260376,0.17641805112361908,128,True,False,False,False
STRAIN_000679,1,TIGHTBLOCK50,5,442,0.9913561344146729,0.008643865585327148,0.13148267567157745,128,True,False,False,False
STRAIN_000682,1,TIGHTBLOCK50,1,42,0.9935415983200073,0.006458401679992676,0.11365243792533875,128,True,False,False,False
STRAIN_000682,1,TIGHTBLOCK50,2,142,0.9919053912162781,0.008094608783721924,0.12723763287067413,128,True,False,False,False
STRAIN_000682,1,TIGHTBLOCK50,3,242,0.9910044074058533,0.008995592594146729,0.13413165509700775,128,True,False,False,False
STRAIN_000682,1,TIGHTBLOCK50,4,342,0.9910619258880615,0.008938074111938477,0.13370178639888763,128,True,False,False,False
STRAIN_000682,1,TIGHTBLOCK50,5,442,0.9908463954925537,0.009153604507446289,0.13530460000038147,128,True,False,False,False
STRAIN_000684,1,TIGHTBLOCK50,1,42,0.9866419434547424,0.013358056545257568,0.1634504199028015,128,True,False,False,False
STRAIN_000684,1,TIGHTBLOCK50,2,142,0.9865997433662415,0.013400256633758545,0.16370902955532074,128,True,False,False,False
STRAIN_000684,1,TIGHTBLOCK50,3,242,0.9868679046630859,0.013132095336914062,0.16206231713294983,128,True,False,False,False
STRAIN_000684,1,TIGHTBLOCK50,4,342,0.9872258901596069,0.012774109840393066,0.15983818471431732,128,True,False,False,False
STRAIN_000684,1,TIGHTBLOCK50,5,442,0.9870321154594421,0.012967884540557861,0.1610456258058548,128,True,False,False,False
STRAIN_000686,1,TIGHTBLOCK50,1,42,0.992379367351532,0.007620632648468018,0.12345532327890396,128,True,False,False,False
STRAIN_000686,1,TIGHTBLOCK50,2,142,0.992950439453125,0.007049560546875,0.11873982846736908,128,True,False,False,False
STRAIN_000686,1,TIGHTBLOCK50,3,242,0.9938629865646362,0.0061370134353637695,0.11078809946775436,128,True,False,False,False
STRAIN_000686,1,TIGHTBLOCK50,4,342,0.9923559427261353,0.007644057273864746,0.12364468723535538,128,True,False,False,False
STRAIN_000686,1,TIGHTBLOCK50,5,442,0.9914737939834595,0.008526206016540527,0.1305845081806183,128,True,False,False,False
STRAIN_000691,1,TIGHTBLOCK50,1,42,0.9894583225250244,0.010541677474975586,0.1452012062072754,128,True,False,False,False
STRAIN_000691,1,TIGHTBLOCK50,2,142,0.9888328909873962,0.01116710901260376,0.14944693446159363,128,True,False,False,False
STRAIN_000691,1,TIGHTBLOCK50,3,242,0.9897738695144653,0.010226130485534668,0.14301161468029022,128,True,False,False,False
STRAIN_000691,1,TIGHTBLOCK50,4,342,0.9897934198379517,0.01020658016204834,0.142874076962471,128,True,False,False,False
STRAIN_000691,1,TIGHTBLOCK50,5,442,0.989666759967804,0.010333240032196045,0.1437584012746811,128,True,False,False,False
STRAIN_000694,1,TIGHTBLOCK50,1,42,0.9878888726234436,0.012111127376556396,0.15563485026359558,128,True,False,False,False
STRAIN_000694,1,TIGHTBLOCK50,2,142,0.9874061346054077,0.012593865394592285,0.1587064117193222,128,True,False,False,False
STRAIN_000694,1,TIGHTBLOCK50,3,242,0.9863588213920593,0.013641178607940674,0.16517360508441925,128,True,False,False,False
STRAIN_000694,1,TIGHTBLOCK50,4,342,0.9878414869308472,0.012158513069152832,0.15593872964382172,128,True,False,False,False
STRAIN_000694,1,TIGHTBLOCK50,5,442,0.9879857897758484,0.012014210224151611,0.1550108641386032,128,True,False,False,False
STRAIN_000701,1,TIGHTBLOCK50,1,42,0.9868254065513611,0.013174593448638916,0.16232483088970184,128,True,False,False,False
STRAIN_000701,1,TIGHTBLOCK50,2,142,0.9858161807060242,0.01418381929397583,0.16842740774154663,128,True,False,False,False
STRAIN_000701,1,TIGHTBLOCK50,3,242,0.9882721900939941,0.01172780990600586,0.15315258502960205,128,True,False,False,False
STRAIN_000701,1,TIGHTBLOCK50,4,342,0.9868230819702148,0.013176918029785156,0.16233892738819122,128,True,False,False,False
STRAIN_000701,1,TIGHTBLOCK50,5,442,0.9870590567588806,0.012940943241119385,0.16087830066680908,128,True,False,False,False
STRAIN_000712,1,TIGHTBLOCK50,1,42,0.9858490228652954,0.01415097713470459,0.16823188960552216,128,True,False,False,False
STRAIN_000712,1,TIGHTBLOCK50,2,142,0.986280083656311,0.013719916343688965,0.1656496524810791,128,True,False,False,False
STRAIN_000712,1,TIGHTBLOCK50,3,242,0.987709105014801,0.012290894985198975,0.1567864567041397,128,True,False,False,False
STRAIN_000712,1,TIGHTBLOCK50,4,342,0.9857229590415955,0.014277040958404541,0.16897982358932495,128,True,False,False,False
STRAIN_000712,1,TIGHTBLOCK50,5,442,0.9848471879959106,0.015152812004089355,0.1740853190422058,128,True,False,False,False
STRAIN_000714,1,TIGHTBLOCK50,1,42,0.9805076122283936,0.019492387771606445,0.19744530320167542,128,True,False,False,False
STRAIN_000714,1,TIGHTBLOCK50,2,142,0.9831812381744385,0.016818761825561523,0.1834055781364441,128,True,False,False,False
STRAIN_000714,1,TIGHTBLOCK50,3,242,0.9802553057670593,0.019744694232940674,0.19871868193149567,128,True,False,False,False
STRAIN_000714,1,TIGHTBLOCK50,4,342,0.9816175699234009,0.01838243007659912,0.19174155592918396,128,True,False,False,False
STRAIN_000714,1,TIGHTBLOCK50,5,442,0.9822608828544617,0.01773911714553833,0.1883566528558731,128,True,False,False,False
STRAIN_000716,1,TIGHTBLOCK50,1,42,0.9903469085693359,0.009653091430664062,0.13894633948802948,128,True,False,False,False
STRAIN_000716,1,TIGHTBLOCK50,2,142,0.9899777770042419,0.010022222995758057,0.1415783017873764,128,True,False,False,False
STRAIN_000716,1,TIGHTBLOCK50,3,242,0.9908342361450195,0.009165763854980469,0.13539358973503113,128,True,False,False,False
STRAIN_000716,1,TIGHTBLOCK50,4,342,0.9902247190475464,0.009775280952453613,0.1398230940103531,128,True,False,False,False
STRAIN_000716,1,TIGHTBLOCK50,5,442,0.991127610206604,0.008872389793395996,0.13320939242839813,128,True,False,False,False
STRAIN_000722,1,TIGHTBLOCK50,1,42,0.9886088371276855,0.011391162872314453,0.1509379744529724,128,True,False,False,False
STRAIN_000722,1,TIGHTBLOCK50,2,142,0.9874545335769653,0.012545466423034668,0.15840134024620056,128,True,False,False,False
STRAIN_000722,1,TIGHTBLOCK50,3,242,0.9871115684509277,0.012888431549072266,0.16055144369602203,128,True,False,False,False
STRAIN_000722,1,TIGHTBLOCK50,4,342,0.9883372187614441,0.011662781238555908,0.15272673964500427,128,True,False,False,False
STRAIN_000722,1,TIGHTBLOCK50,5,442,0.9878581762313843,0.012141823768615723,0.15583166480064392,128,True,False,False,False
STRAIN_000724,1,TIGHTBLOCK50,1,42,0.9899387359619141,0.010061264038085938,0.14185351133346558,128,True,False,False,False
STRAIN_000724,1,TIGHTBLOCK50,2,142,0.991098165512085,0.008901834487915039,0.13342982530593872,128,True,False,False,False
STRAIN_000724,1,TIGHTBLOCK50,3,242,0.9874858856201172,0.012514114379882812,0.15820302069187164,128,True,False,False,False
STRAIN_000724,1,TIGHTBLOCK50,4,342,0.989244818687439,0.010755181312561035,0.14666368067264557,128,True,False,False,False
STRAIN_000724,1,TIGHTBLOCK50,5,442,0.9899834394454956,0.010016560554504395,0.1415383368730545,128,True,False,False,False
STRAIN_000727,1,TIGHTBLOCK50,1,42,0.987210750579834,0.012789249420166016,0.15993289649486542,128,True,False,False,False
STRAIN_000727,1,TIGHTBLOCK50,2,142,0.9882074594497681,0.011792540550231934,0.1535741686820984,128,True,False,False,False
STRAIN_000727,1,TIGHTBLOCK50,3,242,0.9850609302520752,0.014939069747924805,0.17285224795341492,128,True,False,False,False
STRAIN_000727,1,TIGHTBLOCK50,4,342,0.9874695539474487,0.01253044605255127,0.15830592811107635,128,True,False,False,False
STRAIN_000727,1,TIGHTBLOCK50,5,442,0.9865994453430176,0.013400554656982422,0.16371077299118042,128,True,False,False,False
STRAIN_000731,1,TIGHTBLOCK50,1,42,0.9690719246864319,0.030928075313568115,0.24870887398719788,128,True,False,False,False
STRAIN_000731,1,TIGHTBLOCK50,2,142,0.9704219102859497,0.029578089714050293,0.24322040379047394,128,True,False,False,False
STRAIN_000731,1,TIGHTBLOCK50,3,242,0.9703475832939148,0.029652416706085205,0.24352554976940155,128,True,False,False,False
STRAIN_000731,1,TIGHTBLOCK50,4,342,0.9709334373474121,0.02906656265258789,0.24110811948776245,128,True,False,False,False
STRAIN_000731,1,TIGHTBLOCK50,5,442,0.9757053852081299,0.024294614791870117,0.2204294055700302,128,True,False,False,False
STRAIN_000734,1,TIGHTBLOCK50,1,42,0.9873260259628296,0.01267397403717041,0.15921024978160858,128,True,False,False,False
STRAIN_000734,1,TIGHTBLOCK50,2,142,0.9864298701286316,0.013570129871368408,0.16474339365959167,128,True,False,False,False
STRAIN_000734,1,TIGHTBLOCK50,3,242,0.9866408109664917,0.0133591890335083,0.16345717012882233,128,True,False,False,False
STRAIN_000734,1,TIGHTBLOCK50,4,342,0.9876092076301575,0.01239079236984253,0.15742221474647522,128,True,False,False,False
STRAIN_000734,1,TIGHTBLOCK50,5,442,0.9878590106964111,0.012140989303588867,0.15582743287086487,128,True,False,False,False
STRAIN_000739,1,TIGHTBLOCK50,1,42,0.9877476692199707,0.012252330780029297,0.15653938055038452,128,True,False,False,False
STRAIN_000739,1,TIGHTBLOCK50,2,142,0.9866264462471008,0.01337355375289917,0.16354477405548096,128,True,False,False,False
STRAIN_000739,1,TIGHTBLOCK50,3,242,0.9879878759384155,0.012012124061584473,0.15499718487262726,128,True,False,False,False
STRAIN_000739,1,TIGHTBLOCK50,4,342,0.9870690703392029,0.01293092966079712,0.16081602871418,128,True,False,False,False
STRAIN_000739,1,TIGHTBLOCK50,5,442,0.9868569374084473,0.013143062591552734,0.16212964057922363,128,True,False,False,False
STRAIN_000742,1,TIGHTBLOCK50,1,42,0.9747195243835449,0.025280475616455078,0.2248580902814865,128,True,False,False,False
STRAIN_000742,1,TIGHTBLOCK50,2,142,0.9676123857498169,0.032387614250183105,0.25450974702835083,128,True,False,False,False
STRAIN_000742,1,TIGHTBLOCK50,3,242,0.9693970680236816,0.03060293197631836,0.24739836156368256,128,True,False,False,False
STRAIN_000742,1,TIGHTBLOCK50,4,342,0.9746521711349487,0.02534782886505127,0.22515738010406494,128,True,False,False,False
STRAIN_000742,1,TIGHTBLOCK50,5,442,0.9708592891693115,0.029140710830688477,0.24141544103622437,128,True,False,False,False
STRAIN_000746,1,TIGHTBLOCK50,1,42,0.9717022180557251,0.028297781944274902,0.2378980815410614,128,True,False,False,False
STRAIN_000746,1,TIGHTBLOCK50,2,142,0.9666195511817932,0.03338044881820679,0.25838130712509155,128,True,False,False,False
STRAIN_000746,1,TIGHTBLOCK50,3,242,0.9712641835212708,0.028735816478729248,0.2397322654724121,128,True,False,False,False
STRAIN_000746,1,TIGHTBLOCK50,4,342,0.9720101356506348,0.027989864349365234,0.23660075664520264,128,True,False,False,False
STRAIN_000746,1,TIGHTBLOCK50,5,442,0.9745228886604309,0.025477111339569092,0.22573070228099823,128,True,False,False,False
STRAIN_000753,1,TIGHTBLOCK50,1,42,0.9910566806793213,0.008943319320678711,0.13374008238315582,128,True,False,False,False
STRAIN_000753,1,TIGHTBLOCK50,2,142,0.9926288723945618,0.007371127605438232,0.12141666561365128,128,True,False,False,False
STRAIN_000753,1,TIGHTBLOCK50,3,242,0.9908291101455688,0.009170889854431152,0.13543124496936798,128,True,False,False,False
STRAIN_000753,1,TIGHTBLOCK50,4,342,0.9903451204299927,0.009654879570007324,0.13895858824253082,128,True,False,False,False
STRAIN_000753,1,TIGHTBLOCK50,5,442,0.9916460514068604,0.008353948593139648,0.1292584240436554,128,True,False,False,False
STRAIN_000759,1,TIGHTBLOCK50,1,42,0.9762696027755737,0.02373039722442627,0.21785499155521393,128,True,False,False,False
STRAIN_000759,1,TIGHTBLOCK50,2,142,0.9744973182678223,0.025502681732177734,0.22584427893161774,128,True,False,False,False
STRAIN_000759,1,TIGHTBLOCK50,3,242,0.9787075519561768,0.021292448043823242,0.2063613384962082,128,True,False,False,False
STRAIN_000759,1,TIGHTBLOCK50,4,342,0.9734742045402527,0.026525795459747314,0.23032958805561066,128,True,False,False,False
STRAIN_000759,1,TIGHTBLOCK50,5,442,0.9751250743865967,0.02487492561340332,0.2230467051267624,128,True,False,False,False
STRAIN_000760,1,TIGHTBLOCK50,1,42,0.9875781536102295,0.012421846389770508,0.1576182246208191,128,True,False,False,False
STRAIN_000760,1,TIGHTBLOCK50,2,142,0.9864903688430786,0.013509631156921387,0.16437533497810364,128,True,False,False,False
STRAIN_000760,1,TIGHTBLOCK50,3,242,0.9878948330879211,0.012105166912078857,0.15559707581996918,128,True,False,False,False
STRAIN_000760,1,TIGHTBLOCK50,4,342,0.9867830276489258,0.013216972351074219,0.16258515417575836,128,True,False,False,False
STRAIN_000760,1,TIGHTBLOCK50,5,442,0.9878958463668823,0.012104153633117676,0.155589759349823,128,True,False,False,False
STRAIN_000763,1,TIGHTBLOCK50,1,42,0.993439793586731,0.006560206413269043,0.11454437673091888,128,True,False,False,False
STRAIN_000763,1,TIGHTBLOCK50,2,142,0.9936872720718384,0.006312727928161621,0.11236251145601273,128,True,False,False,False
STRAIN_000763,1,TIGHTBLOCK50,3,242,0.9941691160202026,0.005830883979797363,0.10798908025026321,128,True,False,False,False
STRAIN_000763,1,TIGHTBLOCK50,4,342,0.9929466843605042,0.00705331563949585,0.11877135187387466,128,True,False,False,False
STRAIN_000763,1,TIGHTBLOCK50,5,442,0.9927703738212585,0.007229626178741455,0.12024673074483871,128,True,False,False,False
STRAIN_000765,1,TIGHTBLOCK50,1,42,0.9887809157371521,0.0112190842628479,0.14979371428489685,128,True,False,False,False
STRAIN_000765,1,TIGHTBLOCK50,2,142,0.9920236468315125,0.007976353168487549,0.12630300223827362,128,True,False,False,False
STRAIN_000765,1,TIGHTBLOCK50,3,242,0.9910200834274292,0.0089799165725708,0.13401451706886292,128,True,False,False,False
STRAIN_000765,1,TIGHTBLOCK50,4,342,0.9911710023880005,0.008828997611999512,0.13288360834121704,128,True,False,False,False
STRAIN_000765,1,TIGHTBLOCK50,5,442,0.9916179180145264,0.008382081985473633,0.1294756829738617,128,True,False,False,False
STRAIN_000781,1,TIGHTBLOCK50,1,42,0.9907075762748718,0.009292423725128174,0.13632673025131226,128,True,False,False,False
STRAIN_000781,1,TIGHTBLOCK50,2,142,0.9910619258880615,0.008938074111938477,0.13370151817798615,128,True,False,False,False
STRAIN_000781,1,TIGHTBLOCK50,3,242,0.990192174911499,0.009807825088500977,0.14005546271800995,128,True,False,False,False
STRAIN_000781,1,TIGHTBLOCK50,4,342,0.989966869354248,0.010033130645751953,0.14165593683719635,128,True,False,False,False
STRAIN_000781,1,TIGHTBLOCK50,5,442,0.9909213185310364,0.009078681468963623,0.13474950194358826,128,True,False,False,False
STRAIN_000786,1,TIGHTBLOCK50,1,42,0.9656845331192017,0.03431546688079834,0.2619747817516327,128,True,False,False,False
STRAIN_000786,1,TIGHTBLOCK50,2,142,0.9647684097290039,0.035231590270996094,0.26544928550720215,128,True,False,False,False
STRAIN_000786,1,TIGHTBLOCK50,3,242,0.9621882438659668,0.0378117561340332,0.27499741315841675,128,True,False,False,False
STRAIN_000786,1,TIGHTBLOCK50,4,342,0.9717323184013367,0.02826768159866333,0.23777157068252563,128,True,False,False,False
STRAIN_000786,1,TIGHTBLOCK50,5,442,0.9638001322746277,0.036199867725372314,0.2690717875957489,128,True,False,False,False
STRAIN_000788,1,TIGHTBLOCK50,1,42,0.9819558262825012,0.01804417371749878,0.18996937572956085,128,True,False,False,False
STRAIN_000788,1,TIGHTBLOCK50,2,142,0.9808887243270874,0.019111275672912598,0.1955057680606842,128,True,False,False,False
STRAIN_000788,1,TIGHTBLOCK50,3,242,0.9784847497940063,0.021515250205993652,0.20743775367736816,128,True,False,False,False
STRAIN_000788,1,TIGHTBLOCK50,4,342,0.9800670742988586,0.019932925701141357,0.1996641457080841,128,True,False,False,False
STRAIN_000788,1,TIGHTBLOCK50,5,442,0.9822577238082886,0.017742276191711426,0.18837298452854156,128,True,False,False,False
STRAIN_000789,1,TIGHTBLOCK50,1,42,0.9882539510726929,0.011746048927307129,0.15327127277851105,128,True,False,False,False
STRAIN_000789,1,TIGHTBLOCK50,2,142,0.9867697954177856,0.013230204582214355,0.16266663372516632,128,True,False,False,False
STRAIN_000789,1,TIGHTBLOCK50,3,242,0.9869035482406616,0.013096451759338379,0.16184203326702118,128,True,False,False,False
STRAIN_000789,1,TIGHTBLOCK50,4,342,0.9883614182472229,0.0116385817527771,0.15256839990615845,128,True,False,False,False
STRAIN_000789,1,TIGHTBLOCK50,5,442,0.987109899520874,0.012890100479125977,0.1605621874332428,128,True,False,False,False
STRAIN_000790,1,TIGHTBLOCK50,1,42,0.9886667728424072,0.011333227157592773,0.15055352449417114,128,True,False,False,False
STRAIN_000790,1,TIGHTBLOCK50,2,142,0.989410400390625,0.010589599609375,0.14553029835224152,128,True,False,False,False
STRAIN_000790,1,TIGHTBLOCK50,3,242,0.9902884364128113,0.00971156358718872,0.1393665224313736,128,True,False,False,False
STRAIN_000790,1,TIGHTBLOCK50,4,342,0.9908474087715149,0.009152591228485107,0.13529638946056366,128,True,False,False,False
STRAIN_000790,1,TIGHTBLOCK50,5,442,0.9883316159248352,0.011668384075164795,0.15276384353637695,128,True,False,False,False
STRAIN_000798,1,TIGHTBLOCK50,1,42,0.9904632568359375,0.0095367431640625,0.13810677826404572,128,True,False,False,False
STRAIN_000798,1,TIGHTBLOCK50,2,142,0.9923392534255981,0.0076607465744018555,0.12378023564815521,128,True,False,False,False
STRAIN_000798,1,TIGHTBLOCK50,3,242,0.9922271370887756,0.007772862911224365,0.12468242645263672,128,True,False,False,False
STRAIN_000798,1,TIGHTBLOCK50,4,342,0.9933624863624573,0.006637513637542725,0.11521701514720917,128,True,False,False,False
STRAIN_000798,1,TIGHTBLOCK50,5,442,0.991216778755188,0.008783221244812012,0.132538303732872,128,True,False,False,False
STRAIN_000799,1,TIGHTBLOCK50,1,42,0.9868577718734741,0.013142228126525879,0.16212482750415802,128,True,False,False,False
STRAIN_000799,1,TIGHTBLOCK50,2,142,0.9845470190048218,0.015452980995178223,0.17580100893974304,128,True,False,False,False
STRAIN_000799,1,TIGHTBLOCK50,3,242,0.9846698045730591,0.015330195426940918,0.17510074377059937,128,True,False,False,False
STRAIN_000799,1,TIGHTBLOCK50,4,342,0.9863153696060181,0.013684630393981934,0.16543646156787872,128,True,False,False,False
STRAIN_000799,1,TIGHTBLOCK50,5,442,0.9865634441375732,0.013436555862426758,0.16393053531646729,128,True,False,False,False
STRAIN_000804,1,TIGHTBLOCK50,1,42,0.9914523363113403,0.008547663688659668,0.13074961304664612,128,True,False,False,False
STRAIN_000804,1,TIGHTBLOCK50,2,142,0.9862509965896606,0.013749003410339355,0.16582538187503815,128,True,False,False,False
STRAIN_000804,1,TIGHTBLOCK50,3,242,0.9887531399726868,0.011246860027313232,0.14997966587543488,128,True,False,False,False
STRAIN_000804,1,TIGHTBLOCK50,4,342,0.9870593547821045,0.012940645217895508,0.1608768105506897,128,True,False,False,False
STRAIN_000804,1,TIGHTBLOCK50,5,442,0.9868559837341309,0.01314401626586914,0.1621360182762146,128,True,False,False,False
STRAIN_000805,1,TIGHTBLOCK50,1,42,0.9855464696884155,0.014453530311584473,0.1700206696987152,128,True,False,False,False
STRAIN_000805,1,TIGHTBLOCK50,2,142,0.9845868349075317,0.015413165092468262,0.1755744069814682,128,True,False,False,False
STRAIN_000805,1,TIGHTBLOCK50,3,242,0.9865081310272217,0.01349186897277832,0.16426697373390198,128,True,False,False,False
STRAIN_000805,1,TIGHTBLOCK50,4,342,0.9866823554039001,0.013317644596099854,0.1632034033536911,128,True,False,False,False
STRAIN_000805,1,TIGHTBLOCK50,5,442,0.9888889193534851,0.011111080646514893,0.1490706503391266,128,True,False,False,False
STRAIN_000810,1,TIGHTBLOCK50,1,42,0.9885709285736084,0.011429071426391602,0.15118876099586487,128,True,False,False,False
STRAIN_000810,1,TIGHTBLOCK50,2,142,0.9890565276145935,0.010943472385406494,0.1479426473379135,128,True,False,False,False
STRAIN_000810,1,TIGHTBLOCK50,3,242,0.9901096820831299,0.009890317916870117,0.14064376056194305,128,True,False,False,False
STRAIN_000810,1,TIGHTBLOCK50,4,342,0.9902135729789734,0.009786427021026611,0.1399032026529312,128,True,False,False,False
STRAIN_000810,1,TIGHTBLOCK50,5,442,0.9899873733520508,0.010012626647949219,0.14150986075401306,128,True,False,False,False
STRAIN_000816,1,TIGHTBLOCK50,1,42,0.9840940237045288,0.01590597629547119,0.17835840582847595,128,True,False,False,False
STRAIN_000816,1,TIGHTBLOCK50,2,142,0.98504638671875,0.01495361328125,0.17293702065944672,128,True,False,False,False
STRAIN_000816,1,TIGHTBLOCK50,3,242,0.9857848882675171,0.01421511173248291,0.16861267387866974,128,True,False,False,False
STRAIN_000816,1,TIGHTBLOCK50,4,342,0.9875528812408447,0.012447118759155273,0.15777912735939026,128,True,False,False,False
STRAIN_000816,1,TIGHTBLOCK50,5,442,0.9871363639831543,0.012863636016845703,0.1603967547416687,128,True,False,False,False
STRAIN_000817,1,TIGHTBLOCK50,1,42,0.9876008033752441,0.01239919662475586,0.15747478604316711,128,True,False,False,False
STRAIN_000817,1,TIGHTBLOCK50,2,142,0.9884666800498962,0.01153331995010376,0.15187735855579376,128,True,False,False,False
STRAIN_000817,1,TIGHTBLOCK50,3,242,0.9873578548431396,0.012642145156860352,0.15901029109954834,128,True,False,False,False
STRAIN_000817,1,TIGHTBLOCK50,4,342,0.9890779256820679,0.010922074317932129,0.1477973759174347,128,True,False,False,False
STRAIN_000817,1,TIGHTBLOCK50,5,442,0.9874606728553772,0.012539327144622803,0.1583620309829712,128,True,False,False,False
STRAIN_000822,1,TIGHTBLOCK50,1,42,0.9825743436813354,0.01742565631866455,0.18668457865715027,128,True,False,False,False
STRAIN_000822,1,TIGHTBLOCK50,2,142,0.9948930740356445,0.005106925964355469,0.10106387734413147,128,True,False,False,False
STRAIN_000822,1,TIGHTBLOCK50,3,242,0.9760117530822754,0.02398824691772461,0.21903525292873383,128,True,False,False,False
STRAIN_000822,1,TIGHTBLOCK50,4,342,0.9936621189117432,0.006337881088256836,0.11258631944656372,128,True,False,False,False
STRAIN_000822,1,TIGHTBLOCK50,5,442,0.9878537654876709,0.012146234512329102,0.15586042404174805,128,True,False,False,False
STRAIN_000829,1,TIGHTBLOCK50,1,42,0.9932388663291931,0.006761133670806885,0.11628493666648865,128,True,False,False,False
STRAIN_000829,1,TIGHTBLOCK50,2,142,0.9924799203872681,0.007520079612731934,0.12263789772987366,128,True,False,False,False
STRAIN_000829,1,TIGHTBLOCK50,3,242,0.9918015003204346,0.00819849967956543,0.12805049121379852,128,True,False,False,False
STRAIN_000829,1,TIGHTBLOCK50,4,342,0.9885989427566528,0.011401057243347168,0.15100349485874176,128,True,False,False,False
STRAIN_000829,1,TIGHTBLOCK50,5,442,0.9947803616523743,0.005219638347625732,0.10217250883579254,128,True,False,False,False
STRAIN_000838,1,TIGHTBLOCK50,1,42,0.9906102418899536,0.009389758110046387,0.1370377540588379,128,True,False,False,False
STRAIN_000838,1,TIGHTBLOCK50,2,142,0.9893266558647156,0.010673344135284424,0.14610464870929718,128,True,False,False,False
STRAIN_000838,1,TIGHTBLOCK50,3,242,0.9872267842292786,0.012773215770721436,0.15983189642429352,128,True,False,False,False
STRAIN_000838,1,TIGHTBLOCK50,4,342,0.9901539087295532,0.009846091270446777,0.14032836258411407,128,True,False,False,False
STRAIN_000838,1,TIGHTBLOCK50,5,442,0.9896860122680664,0.010313987731933594,0.1436237245798111,128,True,False,False,False
STRAIN_000845,1,TIGHTBLOCK50,1,42,0.9691005945205688,0.030899405479431152,0.24859383702278137,128,True,False,False,False
STRAIN_000845,1,TIGHTBLOCK50,2,142,0.9653580784797668,0.034641921520233154,0.2632184326648712,128,True,False,False,False
STRAIN_000845,1,TIGHTBLOCK50,3,242,0.968812108039856,0.031187891960144043,0.24975159764289856,128,True,False,False,False
STRAIN_000845,1,TIGHTBLOCK50,4,342,0.9719839096069336,0.028016090393066406,0.23671135306358337,128,True,False,False,False
STRAIN_000845,1,TIGHTBLOCK50,5,442,0.9687954187393188,0.031204581260681152,0.24981872737407684,128,True,False,False,False
STRAIN_000846,1,TIGHTBLOCK50,1,42,0.9864526987075806,0.013547301292419434,0.16460445523262024,128,True,False,False,False
STRAIN_000846,1,TIGHTBLOCK50,2,142,0.9861459136009216,0.01385408639907837,0.166457861661911,128,True,False,False,False
STRAIN_000846,1,TIGHTBLOCK50,3,242,0.9860963821411133,0.013903617858886719,0.16675451397895813,128,True,False,False,False
STRAIN_000846,1,TIGHTBLOCK50,4,342,0.9883397817611694,0.011660218238830566,0.1527107059955597,128,True,False,False,False
STRAIN_000846,1,TIGHTBLOCK50,5,442,0.9885140061378479,0.0114859938621521,0.15156523883342743,128,True,False,False,False
STRAIN_000849,1,TIGHTBLOCK50,1,42,0.9861263036727905,0.013873696327209473,0.1665748655796051,128,True,False,False,False
STRAIN_000849,1,TIGHTBLOCK50,2,142,0.985924243927002,0.014075756072998047,0.16778361797332764,128,True,False,False,False
STRAIN_000849,1,TIGHTBLOCK50,3,242,0.9861544370651245,0.013845562934875488,0.1664058417081833,128,True,False,False,False
STRAIN_000849,1,TIGHTBLOCK50,4,342,0.986041247844696,0.013958752155303955,0.1670844703912735,128,True,False,False,False
STRAIN_000849,1,TIGHTBLOCK50,5,442,0.985992968082428,0.014007031917572021,0.16737346351146698,128,True,False,False,False
STRAIN_000851,1,TIGHTBLOCK50,1,42,0.9790828227996826,0.020917177200317383,0.20453442633152008,128,True,False,False,False
STRAIN_000851,1,TIGHTBLOCK50,2,142,0.9862511157989502,0.013748884201049805,0.16582447290420532,128,True,False,False,False
STRAIN_000851,1,TIGHTBLOCK50,3,242,0.979131817817688,0.02086818218231201,0.20429447293281555,128,True,False,False,False
STRAIN_000851,1,TIGHTBLOCK50,4,342,0.9836146831512451,0.016385316848754883,0.1810263842344284,128,True,False,False,False
STRAIN_000851,1,TIGHTBLOCK50,5,442,0.9819173216819763,0.01808267831802368,0.1901719719171524,128,True,False,False,False
STRAIN_000854,1,TIGHTBLOCK50,1,42,0.9899349212646484,0.010065078735351562,0.1418805718421936,128,True,False,False,False
STRAIN_000854,1,TIGHTBLOCK50,2,142,0.9910980463027954,0.00890195369720459,0.13343095779418945,128,True,False,False,False
STRAIN_000854,1,TIGHTBLOCK50,3,242,0.9903702735900879,0.00962972640991211,0.13877739012241364,128,True,False,False,False
STRAIN_000854,1,TIGHTBLOCK50,4,342,0.9917970895767212,0.008202910423278809,0.1280854195356369,128,True,False,False,False
STRAIN_000854,1,TIGHTBLOCK50,5,442,0.9894052743911743,0.010594725608825684,0.14556558430194855,128,True,False,False,False
STRAIN_000862,1,TIGHTBLOCK50,1,42,0.9868218898773193,0.013178110122680664,0.16234521567821503,128,True,False,False,False
STRAIN_000862,1,TIGHTBLOCK50,2,142,0.9867488145828247,0.013251185417175293,0.1627955138683319,128,True,False,False,False
STRAIN_000862,1,TIGHTBLOCK50,3,242,0.9860191345214844,0.013980865478515625,0.16721782088279724,128,True,False,False,False
STRAIN_000862,1,TIGHTBLOCK50,4,342,0.9872574806213379,0.01274251937866211,0.159640371799469,128,True,False,False,False
STRAIN_000862,1,TIGHTBLOCK50,5,442,0.9865337610244751,0.013466238975524902,0.1641111820936203,128,True,False,False,False
STRAIN_000864,1,TIGHTBLOCK50,1,42,0.9839184880256653,0.016081511974334717,0.1793404221534729,128,True,False,False,False
STRAIN_000864,1,TIGHTBLOCK50,2,142,0.9859005808830261,0.014099419116973877,0.16792531311511993,128,True,False,False,False
STRAIN_000864,1,TIGHTBLOCK50,3,242,0.9855738878250122,0.014426112174987793,0.16985929012298584,128,True,False,False,False
STRAIN_000864,1,TIGHTBLOCK50,4,342,0.9859145879745483,0.01408541202545166,0.1678420752286911,128,True,False,False,False
STRAIN_000864,1,TIGHTBLOCK50,5,442,0.9864593744277954,0.01354062557220459,0.1645643711090088,128,True,False,False,False
STRAIN_000865,1,TIGHTBLOCK50,1,42,0.9861568212509155,0.013843178749084473,0.16639229655265808,128,True,False,False,False
STRAIN_000865,1,TIGHTBLOCK50,2,142,0.987760603427887,0.012239396572113037,0.1564570963382721,128,True,False,False,False
STRAIN_000865,1,TIGHTBLOCK50,3,242,0.9855498671531677,0.014450132846832275,0.17000140249729156,128,True,False,False,False
STRAIN_000865,1,TIGHTBLOCK50,4,342,0.985546886920929,0.014453113079071045,0.17001846432685852,128,True,False,False,False
STRAIN_000865,1,TIGHTBLOCK50,5,442,0.9865984916687012,0.013401508331298828,0.16371655464172363,128,True,False,False,False
STRAIN_000867,1,TIGHTBLOCK50,1,42,0.984742283821106,0.015257716178894043,0.17468653619289398,128,True,False,False,False
STRAIN_000867,1,TIGHTBLOCK50,2,142,0.9851917624473572,0.014808237552642822,0.17209413647651672,128,True,False,False,False
STRAIN_000867,1,TIGHTBLOCK50,3,242,0.9837280511856079,0.01627194881439209,0.18039864301681519,128,True,False,False,False
STRAIN_000867,1,TIGHTBLOCK50,4,342,0.9848912954330444,0.015108704566955566,0.17383165657520294,128,True,False,False,False
STRAIN_000867,1,TIGHTBLOCK50,5,442,0.9834946393966675,0.01650536060333252,0.18168815970420837,128,True,False,False,False
STRAIN_000876,1,TIGHTBLOCK50,1,42,0.9695426225662231,0.030457377433776855,0.246809184551239,128,True,False,False,False
STRAIN_000876,1,TIGHTBLOCK50,2,142,0.9729738235473633,0.02702617645263672,0.23249167203903198,128,True,False,False,False
STRAIN_000876,1,TIGHTBLOCK50,3,242,0.9716947078704834,0.0283052921295166,0.2379297912120819,128,True,False,False,False
STRAIN_000876,1,TIGHTBLOCK50,4,342,0.9702377319335938,0.02976226806640625,0.24397608637809753,128,True,False,False,False
STRAIN_000876,1,TIGHTBLOCK50,5,442,0.9684491157531738,0.03155088424682617,0.25120067596435547,128,True,False,False,False
STRAIN_000877,1,TIGHTBLOCK50,1,42,0.986723005771637,0.013276994228363037,0.16295382380485535,128,True,False,False,False
STRAIN_000877,1,TIGHTBLOCK50,2,142,0.9869998693466187,0.013000130653381348,0.16124646365642548,128,True,False,False,False
STRAIN_000877,1,TIGHTBLOCK50,3,242,0.9870790243148804,0.012920975685119629,0.16075438261032104,128,True,False,False,False
STRAIN_000877,1,TIGHTBLOCK50,4,342,0.9864932298660278,0.013506770133972168,0.1643581986427307,128,True,False,False,False
STRAIN_000877,1,TIGHTBLOCK50,5,442,0.986916184425354,0.013083815574645996,0.16176453232765198,128,True,False,False,False
STRAIN_000888,1,TIGHTBLOCK50,1,42,0.9869852066040039,0.013014793395996094,0.16133682429790497,128,True,False,False,False
STRAIN_000888,1,TIGHTBLOCK50,2,142,0.987768292427063,0.012231707572937012,0.156407430768013,128,True,False,False,False
STRAIN_000888,1,TIGHTBLOCK50,3,242,0.9879150390625,0.0120849609375,0.15546663105487823,128,True,False,False,False
STRAIN_000888,1,TIGHTBLOCK50,4,342,0.9855507016181946,0.01444929838180542,0.16999556124210358,128,True,False,False,False
STRAIN_000888,1,TIGHTBLOCK50,5,442,0.98634934425354,0.013650655746459961,0.16523094475269318,128,True,False,False,False
STRAIN_000899,1,TIGHTBLOCK50,1,42,0.9889909625053406,0.011009037494659424,0.14838482439517975,128,True,False,False,False
STRAIN_000899,1,TIGHTBLOCK50,2,142,0.9898122549057007,0.010187745094299316,0.14274267852306366,128,True,False,False,False
STRAIN_000899,1,TIGHTBLOCK50,3,242,0.9876385927200317,0.012361407279968262,0.15723513066768646,128,True,False,False,False
STRAIN_000899,1,TIGHTBLOCK50,4,342,0.9885005950927734,0.011499404907226562,0.1516534686088562,128,True,False,False,False
STRAIN_000899,1,TIGHTBLOCK50,5,442,0.9891777038574219,0.010822296142578125,0.14712120592594147,128,True,False,False,False
STRAIN_000913,1,TIGHTBLOCK50,1,42,0.9879789352416992,0.012021064758300781,0.1550550013780594,128,True,False,False,False
STRAIN_000913,1,TIGHTBLOCK50,2,142,0.9872142672538757,0.012785732746124268,0.1599104255437851,128,True,False,False,False
STRAIN_000913,1,TIGHTBLOCK50,3,242,0.9876747727394104,0.0123252272605896,0.15700414776802063,128,True,False,False,False
STRAIN_000913,1,TIGHTBLOCK50,4,342,0.9862507581710815,0.013749241828918457,0.16582630574703217,128,True,False,False,False
STRAIN_000913,1,TIGHTBLOCK50,5,442,0.9878082275390625,0.0121917724609375,0.15615186095237732,128,True,False,False,False
STRAIN_000917,1,TIGHTBLOCK50,1,42,0.9855823516845703,0.014417648315429688,0.16980873048305511,128,True,False,False,False
STRAIN_000917,1,TIGHTBLOCK50,2,142,0.9865143299102783,0.01348567008972168,0.16422931849956512,128,True,False,False,False
STRAIN_000917,1,TIGHTBLOCK50,3,242,0.987848699092865,0.01215130090713501,0.15589280426502228,128,True,False,False,False
STRAIN_000917,1,TIGHTBLOCK50,4,342,0.9889580607414246,0.01104193925857544,0.14860649406909943,128,True,False,False,False
STRAIN_000917,1,TIGHTBLOCK50,5,442,0.9859216809272766,0.014078319072723389,0.16779936850070953,128,True,False,False,False
STRAIN_000920,1,TIGHTBLOCK50,1,42,0.9859574437141418,0.014042556285858154,0.1675868034362793,128,True,False,False,False
STRAIN_000920,1,TIGHTBLOCK50,2,142,0.985328197479248,0.014671802520751953,0.17130017280578613,128,True,False,False,False
STRAIN_000920,1,TIGHTBLOCK50,3,242,0.9858337640762329,0.01416623592376709,0.1683228313922882,128,True,False,False,False
STRAIN_000920,1,TIGHTBLOCK50,4,342,0.9869992733001709,0.013000726699829102,0.16124939918518066,128,True,False,False,False
STRAIN_000920,1,TIGHTBLOCK50,5,442,0.9859548807144165,0.014045119285583496,0.16760194301605225,128,True,False,False,False
STRAIN_000924,1,TIGHTBLOCK50,1,42,0.9853000640869141,0.014699935913085938,0.17146365344524384,128,True,False,False,False
STRAIN_000924,1,TIGHTBLOCK50,2,142,0.9870492219924927,0.012950778007507324,0.16093984246253967,128,True,False,False,False
STRAIN_000924,1,TIGHTBLOCK50,3,242,0.9876405596733093,0.012359440326690674,0.15722258388996124,128,True,False,False,False
STRAIN_000924,1,TIGHTBLOCK50,4,342,0.9863238334655762,0.013676166534423828,0.16538555920124054,128,True,False,False,False
STRAIN_000924,1,TIGHTBLOCK50,5,442,0.9873291850090027,0.012670814990997314,0.15919050574302673,128,True,False,False,False
STRAIN_000936,1,TIGHTBLOCK50,1,42,0.9922893047332764,0.007710695266723633,0.12418287992477417,128,True,False,False,False
STRAIN_000936,1,TIGHTBLOCK50,2,142,0.9926708340644836,0.007329165935516357,0.12107163667678833,128,True,False,False,False
STRAIN_000936,1,TIGHTBLOCK50,3,242,0.9925624132156372,0.007437586784362793,0.1219637468457222,128,True,False,False,False
STRAIN_000936,1,TIGHTBLOCK50,4,342,0.9922370314598083,0.00776296854019165,0.12460263073444366,128,True,False,False,False
STRAIN_000936,1,TIGHTBLOCK50,5,442,0.9935787916183472,0.006421208381652832,0.11332385987043381,128,True,False,False,False
STRAIN_000937,1,TIGHTBLOCK50,1,42,0.9925301671028137,0.007469832897186279,0.12222787737846375,128,True,False,False,False
STRAIN_000937,1,TIGHTBLOCK50,2,142,0.9912726879119873,0.008727312088012695,0.13211627304553986,128,True,False,False,False
STRAIN_000937,1,TIGHTBLOCK50,3,242,0.9916515946388245,0.008348405361175537,0.12921622395515442,128,True,False,False,False
STRAIN_000937,1,TIGHTBLOCK50,4,342,0.9895066618919373,0.010493338108062744,0.14486753940582275,128,True,False,False,False
STRAIN_000937,1,TIGHTBLOCK50,5,442,0.993798017501831,0.006201982498168945,0.1113729402422905,128,True,False,False,False
STRAIN_000949,1,TIGHTBLOCK50,1,42,0.9889909029006958,0.0110090970993042,0.14838546514511108,128,True,False,False,False
STRAIN_000949,1,TIGHTBLOCK50,2,142,0.9872042536735535,0.012795746326446533,0.15997318923473358,128,True,False,False,False
STRAIN_000949,1,TIGHTBLOCK50,3,242,0.9868518114089966,0.013148188591003418,0.16216173768043518,128,True,False,False,False
STRAIN_000949,1,TIGHTBLOCK50,4,342,0.9887260794639587,0.01127392053604126,0.15015965700149536,128,True,False,False,False
STRAIN_000949,1,TIGHTBLOCK50,5,442,0.9888870716094971,0.01111292839050293,0.14908349514007568,128,True,False,False,False
STRAIN_000955,1,TIGHTBLOCK50,1,42,0.9952285289764404,0.00477147102355957,0.09768781065940857,128,True,False,False,False
STRAIN_000955,1,TIGHTBLOCK50,2,142,0.9944711923599243,0.005528807640075684,0.10515503585338593,128,True,False,False,False
STRAIN_000955,1,TIGHTBLOCK50,3,242,0.9962540864944458,0.0037459135055541992,0.08655484765768051,128,True,False,False,False
STRAIN_000955,1,TIGHTBLOCK50,4,342,0.995914876461029,0.004085123538970947,0.0903889536857605,128,True,False,False,False
STRAIN_000955,1,TIGHTBLOCK50,5,442,0.9922590851783752,0.007740914821624756,0.12442570924758911,128,True,False,False,False
STRAIN_000967,1,TIGHTBLOCK50,1,42,0.9966374039649963,0.003362596035003662,0.08200699090957642,128,True,False,False,False
STRAIN_000967,1,TIGHTBLOCK50,2,142,0.9932477474212646,0.0067522525787353516,0.11620841175317764,128,True,False,False,False
STRAIN_000967,1,TIGHTBLOCK50,3,242,0.9960579872131348,0.003942012786865234,0.08879247307777405,128,True,False,False,False
STRAIN_000967,1,TIGHTBLOCK50,4,342,0.9936174154281616,0.006382584571838379,0.11298257857561111,128,True,False,False,False
STRAIN_000967,1,TIGHTBLOCK50,5,442,0.9931306838989258,0.006869316101074219,0.11721178144216537,128,True,False,False,False
STRAIN_000970,1,TIGHTBLOCK50,1,42,0.9930580854415894,0.0069419145584106445,0.11782930046319962,128,True,False,False,False
STRAIN_000970,1,TIGHTBLOCK50,2,142,0.9927173852920532,0.007282614707946777,0.12068717926740646,128,True,False,False,False
STRAIN_000970,1,TIGHTBLOCK50,3,242,0.9933565855026245,0.006643414497375488,0.11526787281036377,128,True,False,False,False
STRAIN_000970,1,TIGHTBLOCK50,4,342,0.9931414723396301,0.006858527660369873,0.11712005734443665,128,True,False,False,False
STRAIN_000970,1,TIGHTBLOCK50,5,442,0.9941415786743164,0.005858421325683594,0.10824441909790039,128,True,False,False,False
STRAIN_000975,1,TIGHTBLOCK50,1,42,0.988903284072876,0.011096715927124023,0.14897485077381134,128,True,False,False,False
STRAIN_000975,1,TIGHTBLOCK50,2,142,0.9878939986228943,0.012106001377105713,0.15560168027877808,128,True,False,False,False
STRAIN_000975,1,TIGHTBLOCK50,3,242,0.992648720741272,0.007351279258728027,0.1212540790438652,128,True,False,False,False
STRAIN_000975,1,TIGHTBLOCK50,4,342,0.986122727394104,0.013877272605895996,0.16659708321094513,128,True,False,False,False
STRAIN_000975,1,TIGHTBLOCK50,5,442,0.9861961603164673,0.013803839683532715,0.1661551296710968,128,True,False,False,False
STRAIN_000991,1,TIGHTBLOCK50,1,42,0.9922394752502441,0.007760524749755859,0.12458272278308868,128,True,False,False,False
STRAIN_000991,1,TIGHTBLOCK50,2,142,0.9905852675437927,0.009414732456207275,0.13721992075443268,128,True,False,False,False
STRAIN_000991,1,TIGHTBLOCK50,3,242,0.9923760890960693,0.007623910903930664,0.12348208576440811,128,True,False,False,False
STRAIN_000991,1,TIGHTBLOCK50,4,342,0.9910423755645752,0.008957624435424805,0.13384783267974854,128,True,False,False,False
STRAIN_000991,1,TIGHTBLOCK50,5,442,0.989890992641449,0.010109007358551025,0.14219069480895996,128,True,False,False,False
STRAIN_000993,1,TIGHTBLOCK50,1,42,0.9694821834564209,0.0305178165435791,0.24705366790294647,128,True,False,False,False
STRAIN_000993,1,TIGHTBLOCK50,2,142,0.9710996747016907,0.028900325298309326,0.24041730165481567,128,True,False,False,False
STRAIN_000993,1,TIGHTBLOCK50,3,242,0.9653998613357544,0.034600138664245605,0.2630592882633209,128,True,False,False,False
STRAIN_000993,1,TIGHTBLOCK50,4,342,0.9651092290878296,0.03489077091217041,0.2641618549823761,128,True,False,False,False
STRAIN_000993,1,TIGHTBLOCK50,5,442,0.9720808863639832,0.027919113636016846,0.2363010048866272,128,True,False,False,False
STRAIN_000994,1,TIGHTBLOCK50,1,42,0.9874957203865051,0.012504279613494873,0.15814080834388733,128,True,False,False,False
STRAIN_000994,1,TIGHTBLOCK50,2,142,0.9894689321517944,0.010531067848205566,0.14512792229652405,128,True,False,False,False
STRAIN_000994,1,TIGHTBLOCK50,3,242,0.988149881362915,0.011850118637084961,0.1539486050605774,128,True,False,False,False
STRAIN_000994,1,TIGHTBLOCK50,4,342,0.9916717410087585,0.008328258991241455,0.12905988097190857,128,True,False,False,False
STRAIN_000994,1,TIGHTBLOCK50,5,442,0.9905558824539185,0.009444117546081543,0.13743498921394348,128,True,False,False,False
STRAIN_001006,1,TIGHTBLOCK50,1,42,0.9885107278823853,0.011489272117614746,0.151586651802063,128,True,False,False,False
STRAIN_001006,1,TIGHTBLOCK50,2,142,0.9910178184509277,0.008982181549072266,0.13403168320655823,128,True,False,False,False
STRAIN_001006,1,TIGHTBLOCK50,3,242,0.9893145561218262,0.010685443878173828,0.14618757367134094,128,True,False,False,False
STRAIN_001006,1,TIGHTBLOCK50,4,342,0.9912828207015991,0.008717179298400879,0.13203929364681244,128,True,False,False,False
STRAIN_001006,1,TIGHTBLOCK50,5,442,0.9906412959098816,0.009358704090118408,0.1368120014667511,128,True,False,False,False
STRAIN_001007,1,TIGHTBLOCK50,1,42,0.9887672662734985,0.011232733726501465,0.1498841941356659,128,True,False,False,False
STRAIN_001007,1,TIGHTBLOCK50,2,142,0.9875576496124268,0.012442350387573242,0.15774883329868317,128,True,False,False,False
STRAIN_001007,1,TIGHTBLOCK50,3,242,0.9883569478988647,0.011643052101135254,0.15259817242622375,128,True,False,False,False
STRAIN_001007,1,TIGHTBLOCK50,4,342,0.9893122911453247,0.010687708854675293,0.14620333909988403,128,True,False,False,False
STRAIN_001007,1,TIGHTBLOCK50,5,442,0.9889419078826904,0.01105809211730957,0.14871563017368317,128,True,False,False,False
STRAIN_001009,1,TIGHTBLOCK50,1,42,0.9814432263374329,0.01855677366256714,0.19264861941337585,128,True,False,False,False
STRAIN_001009,1,TIGHTBLOCK50,2,142,0.9857293367385864,0.014270663261413574,0.16894091665744781,128,True,False,False,False
STRAIN_001009,1,TIGHTBLOCK50,3,242,0.9842628240585327,0.015737175941467285,0.17740963399410248,128,True,False,False,False
STRAIN_001009,1,TIGHTBLOCK50,4,342,0.9847108125686646,0.01528918743133545,0.17486602067947388,128,True,False,False,False
STRAIN_001009,1,TIGHTBLOCK50,5,442,0.9854203462600708,0.0145796537399292,0.17076027393341064,128,True,False,False,False
STRAIN_001013,1,TIGHTBLOCK50,1,42,0.9932594299316406,0.006740570068359375,0.11610863357782364,128,True,False,False,False
STRAIN_001013,1,TIGHTBLOCK50,2,142,0.991676390171051,0.008323609828948975,0.12902437150478363,128,True,False,False,False
STRAIN_001013,1,TIGHTBLOCK50,3,242,0.9945789575576782,0.005421042442321777,0.10412570834159851,128,True,False,False,False
STRAIN_001013,1,TIGHTBLOCK50,4,342,0.9927590489387512,0.007240951061248779,0.12034032493829727,128,True,False,False,False
STRAIN_001013,1,TIGHTBLOCK50,5,442,0.993072509765625,0.006927490234375,0.11770711094141006,128,True,False,False,False
STRAIN_001019,1,TIGHTBLOCK50,1,42,0.9914997220039368,0.008500277996063232,0.13038581609725952,128,True,False,False,False
STRAIN_001019,1,TIGHTBLOCK50,2,142,0.9924901723861694,0.007509827613830566,0.12255503982305527,128,True,False,False,False
STRAIN_001019,1,TIGHTBLOCK50,3,242,0.9928140044212341,0.007185995578765869,0.1198827400803566,128,True,False,False,False
STRAIN_001019,1,TIGHTBLOCK50,4,342,0.9926078915596008,0.00739210844039917,0.12159053981304169,128,True,False,False,False
STRAIN_001019,1,TIGHTBLOCK50,5,442,0.9936091899871826,0.006390810012817383,0.11305557191371918,128,True,False,False,False
STRAIN_001021,1,TIGHTBLOCK50,1,42,0.9887781143188477,0.011221885681152344,0.14981228113174438,128,True,False,False,False
STRAIN_001021,1,TIGHTBLOCK50,2,142,0.9866040349006653,0.013395965099334717,0.1636822670698166,128,True,False,False,False
STRAIN_001021,1,TIGHTBLOCK50,3,242,0.9884507060050964,0.011549293994903564,0.15198181569576263,128,True,False,False,False
STRAIN_001021,1,TIGHTBLOCK50,4,342,0.9884587526321411,0.011541247367858887,0.15192915499210358,128,True,False,False,False
STRAIN_001021,1,TIGHTBLOCK50,5,442,0.9894168376922607,0.010583162307739258,0.14548666775226593,128,True,False,False,False
