strain_entity_id,outer_fold,control_type,replicate,seed,cosine_true_control,embedding_displacement,l2_distance,embedding_dimension,fold_matched_encoder,phenotype_labels_used,encoder_retrained,encoder_finetuned
STRAIN_000001,3,LOCAL_W10,1,42,0.9451554417610168,0.054844558238983154,0.33119338750839233,128,True,False,False,False
STRAIN_000001,3,LOCAL_W10,2,142,0.938957691192627,0.06104230880737305,0.3494059443473816,128,True,False,False,False
STRAIN_000001,3,LOCAL_W10,3,242,0.9500494003295898,0.049950599670410156,0.31607159972190857,128,True,False,False,False
STRAIN_000001,3,LOCAL_W10,4,342,0.9563196897506714,0.04368031024932861,0.2955680787563324,128,True,False,False,False
STRAIN_000001,3,LOCAL_W10,5,442,0.9555503726005554,0.04444962739944458,0.2981598377227783,128,True,False,False,False
STRAIN_000031,3,LOCAL_W10,1,42,0.942246675491333,0.05775332450866699,0.3398626446723938,128,True,False,False,False
STRAIN_000031,3,LOCAL_W10,2,142,0.9458221197128296,0.05417788028717041,0.3291744887828827,128,True,False,False,False
STRAIN_000031,3,LOCAL_W10,3,242,0.9455167055130005,0.05448329448699951,0.33010074496269226,128,True,False,False,False
STRAIN_000031,3,LOCAL_W10,4,342,0.9494937062263489,0.05050629377365112,0.31782475113868713,128,True,False,False,False
STRAIN_000031,3,LOCAL_W10,5,442,0.9452029466629028,0.05479705333709717,0.3310500979423523,128,True,False,False,False
STRAIN_000040,3,LOCAL_W10,1,42,0.9473462104797363,0.05265378952026367,0.32451117038726807,128,True,False,False,False
STRAIN_000040,3,LOCAL_W10,2,142,0.9413096904754639,0.05869030952453613,0.3426082730293274,128,True,False,False,False
STRAIN_000040,3,LOCAL_W10,3,242,0.9419941902160645,0.05800580978393555,0.34060487151145935,128,True,False,False,False
STRAIN_000040,3,LOCAL_W10,4,342,0.9405466914176941,0.05945330858230591,0.34482839703559875,128,True,False,False,False
STRAIN_000040,3,LOCAL_W10,5,442,0.9422212243080139,0.057778775691986084,0.3399372100830078,128,True,False,False,False
STRAIN_000044,3,LOCAL_W10,1,42,0.981535792350769,0.018464207649230957,0.1921674907207489,128,True,False,False,False
STRAIN_000044,3,LOCAL_W10,2,142,0.9010379314422607,0.09896206855773926,0.4448867440223694,128,True,False,False,False
STRAIN_000044,3,LOCAL_W10,3,242,0.9523477554321289,0.047652244567871094,0.3087143898010254,128,True,False,False,False
STRAIN_000044,3,LOCAL_W10,4,342,0.9883763194084167,0.011623680591583252,0.1524714231491089,128,True,False,False,False
STRAIN_000044,3,LOCAL_W10,5,442,0.914928138256073,0.085071861743927,0.412484735250473,128,True,False,False,False
STRAIN_000083,3,LOCAL_W10,1,42,0.9410191774368286,0.05898082256317139,0.3434554636478424,128,True,False,False,False
STRAIN_000083,3,LOCAL_W10,2,142,0.9065650701522827,0.09343492984771729,0.4322846233844757,128,True,False,False,False
STRAIN_000083,3,LOCAL_W10,3,242,0.9249696731567383,0.07503032684326172,0.3873768746852875,128,True,False,False,False
STRAIN_000083,3,LOCAL_W10,4,342,0.9380635023117065,0.06193649768829346,0.35195598006248474,128,True,False,False,False
STRAIN_000083,3,LOCAL_W10,5,442,0.7915053367614746,0.2084946632385254,0.6457471251487732,128,True,False,False,False
STRAIN_000090,3,LOCAL_W10,1,42,0.9374293088912964,0.06257069110870361,0.35375308990478516,128,True,False,False,False
STRAIN_000090,3,LOCAL_W10,2,142,0.9406707286834717,0.05932927131652832,0.3444686233997345,128,True,False,False,False
STRAIN_000090,3,LOCAL_W10,3,242,0.9329912662506104,0.06700873374938965,0.3660840392112732,128,True,False,False,False
STRAIN_000090,3,LOCAL_W10,4,342,0.9341564178466797,0.06584358215332031,0.3628874123096466,128,True,False,False,False
STRAIN_000090,3,LOCAL_W10,5,442,0.942590594291687,0.05740940570831299,0.33884918689727783,128,True,False,False,False
STRAIN_000095,3,LOCAL_W10,1,42,0.9401830434799194,0.059816956520080566,0.3458814322948456,128,True,False,False,False
STRAIN_000095,3,LOCAL_W10,2,142,0.9364304542541504,0.06356954574584961,0.3565658926963806,128,True,False,False,False
STRAIN_000095,3,LOCAL_W10,3,242,0.9447101950645447,0.05528980493545532,0.33253514766693115,128,True,False,False,False
STRAIN_000095,3,LOCAL_W10,4,342,0.9465904831886292,0.05340951681137085,0.3268318474292755,128,True,False,False,False
STRAIN_000095,3,LOCAL_W10,5,442,0.940994143486023,0.05900585651397705,0.3435285985469818,128,True,False,False,False
STRAIN_000099,3,LOCAL_W10,1,42,0.959651529788971,0.04034847021102905,0.2840721607208252,128,True,False,False,False
STRAIN_000099,3,LOCAL_W10,2,142,0.9613210558891296,0.03867894411087036,0.27813294529914856,128,True,False,False,False
STRAIN_000099,3,LOCAL_W10,3,242,0.9635019302368164,0.036498069763183594,0.2701779901981354,128,True,False,False,False
STRAIN_000099,3,LOCAL_W10,4,342,0.9651275873184204,0.03487241268157959,0.26409241557121277,128,True,False,False,False
STRAIN_000099,3,LOCAL_W10,5,442,0.9615140557289124,0.038485944271087646,0.2774379849433899,128,True,False,False,False
STRAIN_000106,3,LOCAL_W10,1,42,0.9534445405006409,0.04655545949935913,0.3051408529281616,128,True,False,False,False
STRAIN_000106,3,LOCAL_W10,2,142,0.9543584585189819,0.045641541481018066,0.3021307587623596,128,True,False,False,False
STRAIN_000106,3,LOCAL_W10,3,242,0.9501509666442871,0.04984903335571289,0.3157498240470886,128,True,False,False,False
STRAIN_000106,3,LOCAL_W10,4,342,0.9516971111297607,0.04830288887023926,0.31081444025039673,128,True,False,False,False
STRAIN_000106,3,LOCAL_W10,5,442,0.9514588117599487,0.04854118824005127,0.3115805685520172,128,True,False,False,False
STRAIN_000108,3,LOCAL_W10,1,42,0.944085955619812,0.05591404438018799,0.3344070315361023,128,True,False,False,False
STRAIN_000108,3,LOCAL_W10,2,142,0.9484302401542664,0.05156975984573364,0.32115358114242554,128,True,False,False,False
STRAIN_000108,3,LOCAL_W10,3,242,0.9452497959136963,0.05475020408630371,0.3309086263179779,128,True,False,False,False
STRAIN_000108,3,LOCAL_W10,4,342,0.9479572176933289,0.05204278230667114,0.3226228654384613,128,True,False,False,False
STRAIN_000108,3,LOCAL_W10,5,442,0.93974369764328,0.06025630235671997,0.3471493124961853,128,True,False,False,False
STRAIN_000110,3,LOCAL_W10,1,42,0.9632076621055603,0.0367923378944397,0.27126508951187134,128,True,False,False,False
STRAIN_000110,3,LOCAL_W10,2,142,0.9661794304847717,0.03382056951522827,0.2600794732570648,128,True,False,False,False
STRAIN_000110,3,LOCAL_W10,3,242,0.9668751358985901,0.03312486410140991,0.2573903501033783,128,True,False,False,False
STRAIN_000110,3,LOCAL_W10,4,342,0.9668753743171692,0.03312462568283081,0.2573891878128052,128,True,False,False,False
STRAIN_000110,3,LOCAL_W10,5,442,0.9639620780944824,0.03603792190551758,0.26846933364868164,128,True,False,False,False
STRAIN_000112,3,LOCAL_W10,1,42,0.9315733909606934,0.06842660903930664,0.36993640661239624,128,True,False,False,False
STRAIN_000112,3,LOCAL_W10,2,142,0.9331419467926025,0.06685805320739746,0.36567187309265137,128,True,False,False,False
STRAIN_000112,3,LOCAL_W10,3,242,0.9290653467178345,0.07093465328216553,0.3766554296016693,128,True,False,False,False
STRAIN_000112,3,LOCAL_W10,4,342,0.93067467212677,0.06932532787322998,0.37235817313194275,128,True,False,False,False
STRAIN_000112,3,LOCAL_W10,5,442,0.9296820163726807,0.07031798362731934,0.3750147819519043,128,True,False,False,False
STRAIN_000124,3,LOCAL_W10,1,42,0.947439432144165,0.05256056785583496,0.3242233991622925,128,True,False,False,False
STRAIN_000124,3,LOCAL_W10,2,142,0.9394882917404175,0.06051170825958252,0.34788405895233154,128,True,False,False,False
STRAIN_000124,3,LOCAL_W10,3,242,0.9411351084709167,0.05886489152908325,0.34311771392822266,128,True,False,False,False
STRAIN_000124,3,LOCAL_W10,4,342,0.9513062238693237,0.04869377613067627,0.31206977367401123,128,True,False,False,False
STRAIN_000124,3,LOCAL_W10,5,442,0.9432941675186157,0.05670583248138428,0.33676648139953613,128,True,False,False,False
STRAIN_000127,3,LOCAL_W10,1,42,0.9520626068115234,0.04793739318847656,0.30963650345802307,128,True,False,False,False
STRAIN_000127,3,LOCAL_W10,2,142,0.9506081342697144,0.049391865730285645,0.3142988383769989,128,True,False,False,False
STRAIN_000127,3,LOCAL_W10,3,242,0.9433264136314392,0.05667358636856079,0.33667081594467163,128,True,False,False,False
STRAIN_000127,3,LOCAL_W10,4,342,0.9553130865097046,0.04468691349029541,0.2989543378353119,128,True,False,False,False
STRAIN_000127,3,LOCAL_W10,5,442,0.9432979226112366,0.05670207738876343,0.33675479888916016,128,True,False,False,False
STRAIN_000131,3,LOCAL_W10,1,42,0.9623433351516724,0.03765666484832764,0.27443262934684753,128,True,False,False,False
STRAIN_000131,3,LOCAL_W10,2,142,0.9588078260421753,0.04119217395782471,0.2870267629623413,128,True,False,False,False
STRAIN_000131,3,LOCAL_W10,3,242,0.9631530046463013,0.03684699535369873,0.2714667022228241,128,True,False,False,False
STRAIN_000131,3,LOCAL_W10,4,342,0.9626190662384033,0.03738093376159668,0.2734266221523285,128,True,False,False,False
STRAIN_000131,3,LOCAL_W10,5,442,0.9637253284454346,0.03627467155456543,0.2693499028682709,128,True,False,False,False
STRAIN_000133,3,LOCAL_W10,1,42,0.9784389734268188,0.021561026573181152,0.20765873789787292,128,True,False,False,False
STRAIN_000133,3,LOCAL_W10,2,142,0.9812093377113342,0.01879066228866577,0.19385956227779388,128,True,False,False,False
STRAIN_000133,3,LOCAL_W10,3,242,0.9826530814170837,0.01734691858291626,0.18626312911510468,128,True,False,False,False
STRAIN_000133,3,LOCAL_W10,4,342,0.981044352054596,0.018955647945404053,0.1947087049484253,128,True,False,False,False
STRAIN_000133,3,LOCAL_W10,5,442,0.9844061732292175,0.01559382677078247,0.1766006499528885,128,True,False,False,False
STRAIN_000150,3,LOCAL_W10,1,42,0.9364832043647766,0.06351679563522339,0.3564176857471466,128,True,False,False,False
STRAIN_000150,3,LOCAL_W10,2,142,0.9422657489776611,0.05773425102233887,0.33980655670166016,128,True,False,False,False
STRAIN_000150,3,LOCAL_W10,3,242,0.9424240589141846,0.05757594108581543,0.3393402397632599,128,True,False,False,False
STRAIN_000150,3,LOCAL_W10,4,342,0.9367673993110657,0.06323260068893433,0.3556194305419922,128,True,False,False,False
STRAIN_000150,3,LOCAL_W10,5,442,0.9349209666252136,0.06507903337478638,0.3607742488384247,128,True,False,False,False
STRAIN_000155,3,LOCAL_W10,1,42,0.9465601444244385,0.05343985557556152,0.3269246816635132,128,True,False,False,False
STRAIN_000155,3,LOCAL_W10,2,142,0.9489020705223083,0.05109792947769165,0.31968092918395996,128,True,False,False,False
STRAIN_000155,3,LOCAL_W10,3,242,0.9447768926620483,0.05522310733795166,0.33233442902565,128,True,False,False,False
STRAIN_000155,3,LOCAL_W10,4,342,0.9438831806182861,0.05611681938171387,0.335012823343277,128,True,False,False,False
STRAIN_000155,3,LOCAL_W10,5,442,0.9473273754119873,0.052672624588012695,0.3245694041252136,128,True,False,False,False
STRAIN_000159,3,LOCAL_W10,1,42,0.9467836618423462,0.05321633815765381,0.32624033093452454,128,True,False,False,False
STRAIN_000159,3,LOCAL_W10,2,142,0.9397222399711609,0.06027776002883911,0.3472108542919159,128,True,False,False,False
STRAIN_000159,3,LOCAL_W10,3,242,0.9418597221374512,0.05814027786254883,0.3409993350505829,128,True,False,False,False
STRAIN_000159,3,LOCAL_W10,4,342,0.9402925372123718,0.059707462787628174,0.3455647826194763,128,True,False,False,False
STRAIN_000159,3,LOCAL_W10,5,442,0.9431226253509521,0.05687737464904785,0.33727550506591797,128,True,False,False,False
STRAIN_000163,3,LOCAL_W10,1,42,0.953582763671875,0.046417236328125,0.30468741059303284,128,True,False,False,False
STRAIN_000163,3,LOCAL_W10,2,142,0.9515888094902039,0.04841119050979614,0.3111627697944641,128,True,False,False,False
STRAIN_000163,3,LOCAL_W10,3,242,0.945286750793457,0.05471324920654297,0.33079662919044495,128,True,False,False,False
STRAIN_000163,3,LOCAL_W10,4,342,0.9492428302764893,0.05075716972351074,0.31861281394958496,128,True,False,False,False
STRAIN_000163,3,LOCAL_W10,5,442,0.9492345452308655,0.05076545476913452,0.3186390995979309,128,True,False,False,False
STRAIN_000170,3,LOCAL_W10,1,42,0.948365330696106,0.05163466930389404,0.32135552167892456,128,True,False,False,False
STRAIN_000170,3,LOCAL_W10,2,142,0.9480973482131958,0.0519026517868042,0.322188138961792,128,True,False,False,False
STRAIN_000170,3,LOCAL_W10,3,242,0.940779447555542,0.05922055244445801,0.34415265917778015,128,True,False,False,False
STRAIN_000170,3,LOCAL_W10,4,342,0.9465394020080566,0.05346059799194336,0.3269883394241333,128,True,False,False,False
STRAIN_000170,3,LOCAL_W10,5,442,0.9410877227783203,0.05891227722167969,0.343255877494812,128,True,False,False,False
STRAIN_000175,3,LOCAL_W10,1,42,0.9362853765487671,0.06371462345123291,0.35697227716445923,128,True,False,False,False
STRAIN_000175,3,LOCAL_W10,2,142,0.9497731924057007,0.050226807594299316,0.3169442415237427,128,True,False,False,False
STRAIN_000175,3,LOCAL_W10,3,242,0.9419335722923279,0.05806642770767212,0.3407827913761139,128,True,False,False,False
STRAIN_000175,3,LOCAL_W10,4,342,0.9432079792022705,0.05679202079772949,0.33702245354652405,128,True,False,False,False
STRAIN_000175,3,LOCAL_W10,5,442,0.9467693567276001,0.0532306432723999,0.3262840509414673,128,True,False,False,False
STRAIN_000177,3,LOCAL_W10,1,42,0.9559879302978516,0.04401206970214844,0.29668837785720825,128,True,False,False,False
STRAIN_000177,3,LOCAL_W10,2,142,0.9517608880996704,0.04823911190032959,0.3106095492839813,128,True,False,False,False
STRAIN_000177,3,LOCAL_W10,3,242,0.9441339373588562,0.0558660626411438,0.33426332473754883,128,True,False,False,False
STRAIN_000177,3,LOCAL_W10,4,342,0.9499422311782837,0.05005776882171631,0.31641045212745667,128,True,False,False,False
STRAIN_000177,3,LOCAL_W10,5,442,0.9531024694442749,0.0468975305557251,0.30625998973846436,128,True,False,False,False
STRAIN_000196,3,LOCAL_W10,1,42,0.948599636554718,0.05140036344528198,0.32062578201293945,128,True,False,False,False
STRAIN_000196,3,LOCAL_W10,2,142,0.9481046199798584,0.0518953800201416,0.3221656382083893,128,True,False,False,False
STRAIN_000196,3,LOCAL_W10,3,242,0.9483035802841187,0.05169641971588135,0.32154765725135803,128,True,False,False,False
STRAIN_000196,3,LOCAL_W10,4,342,0.9378660917282104,0.06213390827178955,0.352516233921051,128,True,False,False,False
STRAIN_000196,3,LOCAL_W10,5,442,0.9452533721923828,0.05474662780761719,0.3308972716331482,128,True,False,False,False
STRAIN_000197,3,LOCAL_W10,1,42,0.9508708119392395,0.0491291880607605,0.3134617805480957,128,True,False,False,False
STRAIN_000197,3,LOCAL_W10,2,142,0.9478660225868225,0.05213397741317749,0.32290545105934143,128,True,False,False,False
STRAIN_000197,3,LOCAL_W10,3,242,0.9430044293403625,0.05699557065963745,0.3376256227493286,128,True,False,False,False
STRAIN_000197,3,LOCAL_W10,4,342,0.9462757110595703,0.05372428894042969,0.3277933895587921,128,True,False,False,False
STRAIN_000197,3,LOCAL_W10,5,442,0.9357181191444397,0.0642818808555603,0.3585578501224518,128,True,False,False,False
STRAIN_000198,3,LOCAL_W10,1,42,0.948748767375946,0.051251232624053955,0.320159912109375,128,True,False,False,False
STRAIN_000198,3,LOCAL_W10,2,142,0.9588524699211121,0.04114753007888794,0.2868709862232208,128,True,False,False,False
STRAIN_000198,3,LOCAL_W10,3,242,0.9615447521209717,0.03845524787902832,0.27732744812965393,128,True,False,False,False
STRAIN_000198,3,LOCAL_W10,4,342,0.9552488923072815,0.044751107692718506,0.29916924238204956,128,True,False,False,False
STRAIN_000198,3,LOCAL_W10,5,442,0.9506583213806152,0.049341678619384766,0.31413912773132324,128,True,False,False,False
STRAIN_000207,3,LOCAL_W10,1,42,0.9525837898254395,0.04741621017456055,0.3079482913017273,128,True,False,False,False
STRAIN_000207,3,LOCAL_W10,2,142,0.9355407357215881,0.06445926427841187,0.3590523302555084,128,True,False,False,False
STRAIN_000207,3,LOCAL_W10,3,242,0.9489977359771729,0.05100226402282715,0.3193815052509308,128,True,False,False,False
STRAIN_000207,3,LOCAL_W10,4,342,0.9422017335891724,0.05779826641082764,0.33999496698379517,128,True,False,False,False
STRAIN_000207,3,LOCAL_W10,5,442,0.9412505626678467,0.05874943733215332,0.3427809476852417,128,True,False,False,False
STRAIN_000211,3,LOCAL_W10,1,42,0.9260597229003906,0.07394027709960938,0.3845524787902832,128,True,False,False,False
STRAIN_000211,3,LOCAL_W10,2,142,0.9376474022865295,0.06235259771347046,0.3531363904476166,128,True,False,False,False
STRAIN_000211,3,LOCAL_W10,3,242,0.9304989576339722,0.06950104236602783,0.3728298246860504,128,True,False,False,False
STRAIN_000211,3,LOCAL_W10,4,342,0.9470162391662598,0.052983760833740234,0.32552650570869446,128,True,False,False,False
STRAIN_000211,3,LOCAL_W10,5,442,0.936191737651825,0.06380826234817505,0.35723453760147095,128,True,False,False,False
STRAIN_000214,3,LOCAL_W10,1,42,0.9430063962936401,0.05699360370635986,0.3376198410987854,128,True,False,False,False
STRAIN_000214,3,LOCAL_W10,2,142,0.9466803669929504,0.05331963300704956,0.32655662298202515,128,True,False,False,False
STRAIN_000214,3,LOCAL_W10,3,242,0.9409964084625244,0.059003591537475586,0.34352150559425354,128,True,False,False,False
STRAIN_000214,3,LOCAL_W10,4,342,0.9421747922897339,0.05782520771026611,0.34007394313812256,128,True,False,False,False
STRAIN_000214,3,LOCAL_W10,5,442,0.9414525032043457,0.0585474967956543,0.34219133853912354,128,True,False,False,False
STRAIN_000216,3,LOCAL_W10,1,42,0.9403817653656006,0.059618234634399414,0.3453066945075989,128,True,False,False,False
STRAIN_000216,3,LOCAL_W10,2,142,0.9407674074172974,0.05923259258270264,0.34418785572052,128,True,False,False,False
STRAIN_000216,3,LOCAL_W10,3,242,0.9374611377716064,0.06253886222839355,0.35366329550743103,128,True,False,False,False
STRAIN_000216,3,LOCAL_W10,4,342,0.935600996017456,0.06439900398254395,0.3588845729827881,128,True,False,False,False
STRAIN_000216,3,LOCAL_W10,5,442,0.9340298771858215,0.06597012281417847,0.36323580145835876,128,True,False,False,False
STRAIN_000229,3,LOCAL_W10,1,42,0.9325776100158691,0.06742238998413086,0.36721232533454895,128,True,False,False,False
STRAIN_000229,3,LOCAL_W10,2,142,0.9363961219787598,0.06360387802124023,0.3566621243953705,128,True,False,False,False
STRAIN_000229,3,LOCAL_W10,3,242,0.9231269955635071,0.07687300443649292,0.3921043872833252,128,True,False,False,False
STRAIN_000229,3,LOCAL_W10,4,342,0.9338313341140747,0.06616866588592529,0.36378172039985657,128,True,False,False,False
STRAIN_000229,3,LOCAL_W10,5,442,0.9285231232643127,0.07147687673568726,0.37809237837791443,128,True,False,False,False
STRAIN_000234,3,LOCAL_W10,1,42,0.9427050948143005,0.05729490518569946,0.3385108709335327,128,True,False,False,False
STRAIN_000234,3,LOCAL_W10,2,142,0.9404040575027466,0.05959594249725342,0.34524187445640564,128,True,False,False,False
STRAIN_000234,3,LOCAL_W10,3,242,0.9461080431938171,0.05389195680618286,0.3283045291900635,128,True,False,False,False
STRAIN_000234,3,LOCAL_W10,4,342,0.9407235383987427,0.059276461601257324,0.34431523084640503,128,True,False,False,False
STRAIN_000234,3,LOCAL_W10,5,442,0.9391459226608276,0.06085407733917236,0.3488670587539673,128,True,False,False,False
STRAIN_000237,3,LOCAL_W10,1,42,0.9588243365287781,0.041175663471221924,0.286969393491745,128,True,False,False,False
STRAIN_000237,3,LOCAL_W10,2,142,0.9541563987731934,0.04584360122680664,0.30279889702796936,128,True,False,False,False
STRAIN_000237,3,LOCAL_W10,3,242,0.9517539739608765,0.048246026039123535,0.310631662607193,128,True,False,False,False
STRAIN_000237,3,LOCAL_W10,4,342,0.9546399116516113,0.04536008834838867,0.3011978566646576,128,True,False,False,False
STRAIN_000237,3,LOCAL_W10,5,442,0.9528357982635498,0.047164201736450195,0.3071293532848358,128,True,False,False,False
STRAIN_000244,3,LOCAL_W10,1,42,0.9337040781974792,0.06629592180252075,0.36413171887397766,128,True,False,False,False
STRAIN_000244,3,LOCAL_W10,2,142,0.9464578032493591,0.05354219675064087,0.327237606048584,128,True,False,False,False
STRAIN_000244,3,LOCAL_W10,3,242,0.9453929662704468,0.05460703372955322,0.33047598600387573,128,True,False,False,False
STRAIN_000244,3,LOCAL_W10,4,342,0.9466012120246887,0.05339878797531128,0.32679906487464905,128,True,False,False,False
STRAIN_000244,3,LOCAL_W10,5,442,0.9483682513237,0.05163174867630005,0.3213464319705963,128,True,False,False,False
STRAIN_000248,3,LOCAL_W10,1,42,0.9318365454673767,0.06816345453262329,0.3692246079444885,128,True,False,False,False
STRAIN_000248,3,LOCAL_W10,2,142,0.9456326365470886,0.05436736345291138,0.32974961400032043,128,True,False,False,False
STRAIN_000248,3,LOCAL_W10,3,242,0.937737762928009,0.06226223707199097,0.35288020968437195,128,True,False,False,False
STRAIN_000248,3,LOCAL_W10,4,342,0.9387944340705872,0.06120556592941284,0.34987276792526245,128,True,False,False,False
STRAIN_000248,3,LOCAL_W10,5,442,0.9363036155700684,0.06369638442993164,0.35692089796066284,128,True,False,False,False
STRAIN_000259,3,LOCAL_W10,1,42,0.9525038003921509,0.04749619960784912,0.3082084059715271,128,True,False,False,False
STRAIN_000259,3,LOCAL_W10,2,142,0.975165605545044,0.024834394454956055,0.22286513447761536,128,True,False,False,False
STRAIN_000259,3,LOCAL_W10,3,242,0.973338782787323,0.026661217212677002,0.23091654479503632,128,True,False,False,False
STRAIN_000259,3,LOCAL_W10,4,342,0.9721413254737854,0.0278586745262146,0.2360449582338333,128,True,False,False,False
STRAIN_000259,3,LOCAL_W10,5,442,0.9504601955413818,0.049539804458618164,0.3147691488265991,128,True,False,False,False
STRAIN_000273,3,LOCAL_W10,1,42,0.9350647926330566,0.06493520736694336,0.36037543416023254,128,True,False,False,False
STRAIN_000273,3,LOCAL_W10,2,142,0.941033661365509,0.05896633863449097,0.3434132933616638,128,True,False,False,False
STRAIN_000273,3,LOCAL_W10,3,242,0.9462549686431885,0.05374503135681152,0.3278566896915436,128,True,False,False,False
STRAIN_000273,3,LOCAL_W10,4,342,0.9438796043395996,0.05612039566040039,0.3350234925746918,128,True,False,False,False
STRAIN_000273,3,LOCAL_W10,5,442,0.9371005296707153,0.06289947032928467,0.3546818494796753,128,True,False,False,False
STRAIN_000277,3,LOCAL_W10,1,42,0.9404147267341614,0.05958527326583862,0.34521082043647766,128,True,False,False,False
STRAIN_000277,3,LOCAL_W10,2,142,0.9411697387695312,0.05883026123046875,0.34301692247390747,128,True,False,False,False
STRAIN_000277,3,LOCAL_W10,3,242,0.9439913034439087,0.05600869655609131,0.334689736366272,128,True,False,False,False
STRAIN_000277,3,LOCAL_W10,4,342,0.9467483758926392,0.05325162410736084,0.32634806632995605,128,True,False,False,False
STRAIN_000277,3,LOCAL_W10,5,442,0.9374808669090271,0.0625191330909729,0.3536074459552765,128,True,False,False,False
STRAIN_000278,3,LOCAL_W10,1,42,0.9434919357299805,0.05650806427001953,0.33617860078811646,128,True,False,False,False
STRAIN_000278,3,LOCAL_W10,2,142,0.9449544548988342,0.05504554510116577,0.33179971575737,128,True,False,False,False
STRAIN_000278,3,LOCAL_W10,3,242,0.9399840831756592,0.06001591682434082,0.34645625948905945,128,True,False,False,False
STRAIN_000278,3,LOCAL_W10,4,342,0.940139651298523,0.05986034870147705,0.34600669145584106,128,True,False,False,False
STRAIN_000278,3,LOCAL_W10,5,442,0.9425070881843567,0.05749291181564331,0.33909574151039124,128,True,False,False,False
STRAIN_000290,3,LOCAL_W10,1,42,0.9550310373306274,0.04496896266937256,0.2998966872692108,128,True,False,False,False
STRAIN_000290,3,LOCAL_W10,2,142,0.942692756652832,0.05730724334716797,0.3385475277900696,128,True,False,False,False
STRAIN_000290,3,LOCAL_W10,3,242,0.9394261837005615,0.06057381629943848,0.3480626940727234,128,True,False,False,False
STRAIN_000290,3,LOCAL_W10,4,342,0.9437769651412964,0.05622303485870361,0.3353298306465149,128,True,False,False,False
STRAIN_000290,3,LOCAL_W10,5,442,0.9477267265319824,0.05227327346801758,0.3233366906642914,128,True,False,False,False
STRAIN_000296,3,LOCAL_W10,1,42,0.9508423805236816,0.04915761947631836,0.3135527968406677,128,True,False,False,False
STRAIN_000296,3,LOCAL_W10,2,142,0.9575323462486267,0.04246765375137329,0.2914367914199829,128,True,False,False,False
STRAIN_000296,3,LOCAL_W10,3,242,0.9504721164703369,0.049527883529663086,0.31473132967948914,128,True,False,False,False
STRAIN_000296,3,LOCAL_W10,4,342,0.9558426141738892,0.04415738582611084,0.2971784174442291,128,True,False,False,False
STRAIN_000296,3,LOCAL_W10,5,442,0.950320303440094,0.049679696559906006,0.3152134418487549,128,True,False,False,False
STRAIN_000301,3,LOCAL_W10,1,42,0.9475221633911133,0.05247783660888672,0.3239686191082001,128,True,False,False,False
STRAIN_000301,3,LOCAL_W10,2,142,0.9434682726860046,0.05653172731399536,0.3362490236759186,128,True,False,False,False
STRAIN_000301,3,LOCAL_W10,3,242,0.947146475315094,0.052853524684906006,0.3251263201236725,128,True,False,False,False
STRAIN_000301,3,LOCAL_W10,4,342,0.9423515200614929,0.05764847993850708,0.3395541310310364,128,True,False,False,False
STRAIN_000301,3,LOCAL_W10,5,442,0.9433453679084778,0.05665463209152222,0.33661437034606934,128,True,False,False,False
STRAIN_000303,3,LOCAL_W10,1,42,0.9500299692153931,0.049970030784606934,0.31613266468048096,128,True,False,False,False
STRAIN_000303,3,LOCAL_W10,2,142,0.9516251087188721,0.04837489128112793,0.3110463619232178,128,True,False,False,False
STRAIN_000303,3,LOCAL_W10,3,242,0.9482123851776123,0.051787614822387695,0.32183077931404114,128,True,False,False,False
STRAIN_000303,3,LOCAL_W10,4,342,0.9489552974700928,0.05104470252990723,0.3195142447948456,128,True,False,False,False
STRAIN_000303,3,LOCAL_W10,5,442,0.9510456323623657,0.04895436763763428,0.31290358304977417,128,True,False,False,False
STRAIN_000312,3,LOCAL_W10,1,42,0.9489083290100098,0.051091670989990234,0.31966131925582886,128,True,False,False,False
STRAIN_000312,3,LOCAL_W10,2,142,0.9487884044647217,0.05121159553527832,0.32003629207611084,128,True,False,False,False
STRAIN_000312,3,LOCAL_W10,3,242,0.9393985867500305,0.06060141324996948,0.34814199805259705,128,True,False,False,False
STRAIN_000312,3,LOCAL_W10,4,342,0.9507182836532593,0.04928171634674072,0.3139481246471405,128,True,False,False,False
STRAIN_000312,3,LOCAL_W10,5,442,0.9383348822593689,0.061665117740631104,0.35118404030799866,128,True,False,False,False
STRAIN_000318,3,LOCAL_W10,1,42,0.9422792196273804,0.05772078037261963,0.33976709842681885,128,True,False,False,False
STRAIN_000318,3,LOCAL_W10,2,142,0.9366232752799988,0.06337672472000122,0.35602447390556335,128,True,False,False,False
STRAIN_000318,3,LOCAL_W10,3,242,0.9475077390670776,0.05249226093292236,0.3240130841732025,128,True,False,False,False
STRAIN_000318,3,LOCAL_W10,4,342,0.9481379389762878,0.05186206102371216,0.32206207513809204,128,True,False,False,False
STRAIN_000318,3,LOCAL_W10,5,442,0.9540303945541382,0.045969605445861816,0.30321475863456726,128,True,False,False,False
STRAIN_000322,3,LOCAL_W10,1,42,0.9465241432189941,0.05347585678100586,0.3270350694656372,128,True,False,False,False
STRAIN_000322,3,LOCAL_W10,2,142,0.9419295787811279,0.05807042121887207,0.34079480171203613,128,True,False,False,False
STRAIN_000322,3,LOCAL_W10,3,242,0.9488323926925659,0.05116760730743408,0.31989896297454834,128,True,False,False,False
STRAIN_000322,3,LOCAL_W10,4,342,0.9446965456008911,0.05530345439910889,0.3325763940811157,128,True,False,False,False
STRAIN_000322,3,LOCAL_W10,5,442,0.9419745206832886,0.058025479316711426,0.34066277742385864,128,True,False,False,False
STRAIN_000326,3,LOCAL_W10,1,42,0.9466943740844727,0.053305625915527344,0.3265138864517212,128,True,False,False,False
STRAIN_000326,3,LOCAL_W10,2,142,0.948557436466217,0.05144256353378296,0.32075750827789307,128,True,False,False,False
STRAIN_000326,3,LOCAL_W10,3,242,0.9344936609268188,0.06550633907318115,0.36195695400238037,128,True,False,False,False
STRAIN_000326,3,LOCAL_W10,4,342,0.9482044577598572,0.05179554224014282,0.3218560516834259,128,True,False,False,False
STRAIN_000326,3,LOCAL_W10,5,442,0.9423351287841797,0.05766487121582031,0.3396024703979492,128,True,False,False,False
STRAIN_000338,3,LOCAL_W10,1,42,0.9537325501441956,0.04626744985580444,0.3041955828666687,128,True,False,False,False
STRAIN_000338,3,LOCAL_W10,2,142,0.9545892477035522,0.045410752296447754,0.3013658821582794,128,True,False,False,False
STRAIN_000338,3,LOCAL_W10,3,242,0.9528470635414124,0.047152936458587646,0.30709269642829895,128,True,False,False,False
STRAIN_000338,3,LOCAL_W10,4,342,0.951655387878418,0.04834461212158203,0.3109486997127533,128,True,False,False,False
STRAIN_000338,3,LOCAL_W10,5,442,0.9585719108581543,0.0414280891418457,0.28784748911857605,128,True,False,False,False
STRAIN_000340,3,LOCAL_W10,1,42,0.9406989812850952,0.059301018714904785,0.34438642859458923,128,True,False,False,False
STRAIN_000340,3,LOCAL_W10,2,142,0.9513732194900513,0.04862678050994873,0.311855286359787,128,True,False,False,False
STRAIN_000340,3,LOCAL_W10,3,242,0.9390853643417358,0.06091463565826416,0.3490404188632965,128,True,False,False,False
STRAIN_000340,3,LOCAL_W10,4,342,0.9417838454246521,0.0582161545753479,0.34122180938720703,128,True,False,False,False
STRAIN_000340,3,LOCAL_W10,5,442,0.9330050945281982,0.06699490547180176,0.3660462498664856,128,True,False,False,False
STRAIN_000352,3,LOCAL_W10,1,42,0.937268853187561,0.06273114681243896,0.35420653223991394,128,True,False,False,False
STRAIN_000352,3,LOCAL_W10,2,142,0.9428757429122925,0.05712425708770752,0.33800652623176575,128,True,False,False,False
STRAIN_000352,3,LOCAL_W10,3,242,0.9397847056388855,0.0602152943611145,0.3470311462879181,128,True,False,False,False
STRAIN_000352,3,LOCAL_W10,4,342,0.9434794783592224,0.05652052164077759,0.3362160325050354,128,True,False,False,False
STRAIN_000352,3,LOCAL_W10,5,442,0.934471845626831,0.06552815437316895,0.36201709508895874,128,True,False,False,False
STRAIN_000359,3,LOCAL_W10,1,42,0.9297658801078796,0.07023411989212036,0.37479108572006226,128,True,False,False,False
STRAIN_000359,3,LOCAL_W10,2,142,0.9399814605712891,0.06001853942871094,0.34646397829055786,128,True,False,False,False
STRAIN_000359,3,LOCAL_W10,3,242,0.9406572580337524,0.05934274196624756,0.3445078432559967,128,True,False,False,False
STRAIN_000359,3,LOCAL_W10,4,342,0.9428278207778931,0.057172179222106934,0.33814868330955505,128,True,False,False,False
STRAIN_000359,3,LOCAL_W10,5,442,0.9432358741760254,0.05676412582397461,0.3369399905204773,128,True,False,False,False
STRAIN_000362,3,LOCAL_W10,1,42,0.9484215378761292,0.05157846212387085,0.3211805522441864,128,True,False,False,False
STRAIN_000362,3,LOCAL_W10,2,142,0.9401814937591553,0.05981850624084473,0.34588590264320374,128,True,False,False,False
STRAIN_000362,3,LOCAL_W10,3,242,0.9431557655334473,0.056844234466552734,0.33717718720436096,128,True,False,False,False
STRAIN_000362,3,LOCAL_W10,4,342,0.9423493146896362,0.05765068531036377,0.3395605683326721,128,True,False,False,False
STRAIN_000362,3,LOCAL_W10,5,442,0.9415157437324524,0.05848425626754761,0.3420065939426422,128,True,False,False,False
STRAIN_000367,3,LOCAL_W10,1,42,0.9517529010772705,0.04824709892272949,0.31063494086265564,128,True,False,False,False
STRAIN_000367,3,LOCAL_W10,2,142,0.9536280632019043,0.0463719367980957,0.3045389950275421,128,True,False,False,False
STRAIN_000367,3,LOCAL_W10,3,242,0.9524736404418945,0.04752635955810547,0.30830636620521545,128,True,False,False,False
STRAIN_000367,3,LOCAL_W10,4,342,0.9413465857505798,0.058653414249420166,0.342501163482666,128,True,False,False,False
STRAIN_000367,3,LOCAL_W10,5,442,0.9508968591690063,0.04910314083099365,0.3133791983127594,128,True,False,False,False
STRAIN_000374,3,LOCAL_W10,1,42,0.9500495791435242,0.04995042085647583,0.31607112288475037,128,True,False,False,False
STRAIN_000374,3,LOCAL_W10,2,142,0.9434349536895752,0.056565046310424805,0.33634793758392334,128,True,False,False,False
STRAIN_000374,3,LOCAL_W10,3,242,0.942908763885498,0.05709123611450195,0.33790940046310425,128,True,False,False,False
STRAIN_000374,3,LOCAL_W10,4,342,0.9408835768699646,0.0591164231300354,0.3438498079776764,128,True,False,False,False
STRAIN_000374,3,LOCAL_W10,5,442,0.9353240728378296,0.06467592716217041,0.3596554696559906,128,True,False,False,False
STRAIN_000375,3,LOCAL_W10,1,42,0.9751791954040527,0.024820804595947266,0.2228042483329773,128,True,False,False,False
STRAIN_000375,3,LOCAL_W10,2,142,0.9755995273590088,0.02440047264099121,0.22090908885002136,128,True,False,False,False
STRAIN_000375,3,LOCAL_W10,3,242,0.9753784537315369,0.024621546268463135,0.22190792858600616,128,True,False,False,False
STRAIN_000375,3,LOCAL_W10,4,342,0.9695193767547607,0.030480623245239258,0.24690300226211548,128,True,False,False,False
STRAIN_000375,3,LOCAL_W10,5,442,0.9769840240478516,0.023015975952148438,0.21455056965351105,128,True,False,False,False
STRAIN_000376,3,LOCAL_W10,1,42,0.9375331401824951,0.06246685981750488,0.3534593880176544,128,True,False,False,False
STRAIN_000376,3,LOCAL_W10,2,142,0.931607723236084,0.06839227676391602,0.36984384059906006,128,True,False,False,False
STRAIN_000376,3,LOCAL_W10,3,242,0.9390308856964111,0.06096911430358887,0.34919652342796326,128,True,False,False,False
STRAIN_000376,3,LOCAL_W10,4,342,0.9382253289222717,0.06177467107772827,0.35149580240249634,128,True,False,False,False
STRAIN_000376,3,LOCAL_W10,5,442,0.9366651177406311,0.0633348822593689,0.35590699315071106,128,True,False,False,False
STRAIN_000388,3,LOCAL_W10,1,42,0.9564998745918274,0.04350012540817261,0.2949577867984772,128,True,False,False,False
STRAIN_000388,3,LOCAL_W10,2,142,0.955482542514801,0.044517457485198975,0.29838693141937256,128,True,False,False,False
STRAIN_000388,3,LOCAL_W10,3,242,0.9542051553726196,0.04579484462738037,0.30263784527778625,128,True,False,False,False
STRAIN_000388,3,LOCAL_W10,4,342,0.9551690816879272,0.044830918312072754,0.29943549633026123,128,True,False,False,False
STRAIN_000388,3,LOCAL_W10,5,442,0.9539499282836914,0.046050071716308594,0.30348020792007446,128,True,False,False,False
STRAIN_000416,3,LOCAL_W10,1,42,0.9380258917808533,0.06197410821914673,0.3520625829696655,128,True,False,False,False
STRAIN_000416,3,LOCAL_W10,2,142,0.9298105239868164,0.0701894760131836,0.37467172741889954,128,True,False,False,False
STRAIN_000416,3,LOCAL_W10,3,242,0.9267897605895996,0.07321023941040039,0.38264912366867065,128,True,False,False,False
STRAIN_000416,3,LOCAL_W10,4,342,0.9339679479598999,0.0660320520401001,0.363406240940094,128,True,False,False,False
STRAIN_000416,3,LOCAL_W10,5,442,0.9364222884178162,0.06357771158218384,0.35658860206604004,128,True,False,False,False
STRAIN_000419,3,LOCAL_W10,1,42,0.9359976053237915,0.0640023946762085,0.35777753591537476,128,True,False,False,False
STRAIN_000419,3,LOCAL_W10,2,142,0.93669593334198,0.06330406665802002,0.3558202087879181,128,True,False,False,False
STRAIN_000419,3,LOCAL_W10,3,242,0.9342089891433716,0.06579101085662842,0.36274200677871704,128,True,False,False,False
STRAIN_000419,3,LOCAL_W10,4,342,0.9346464276313782,0.06535357236862183,0.3615342378616333,128,True,False,False,False
STRAIN_000419,3,LOCAL_W10,5,442,0.9417895674705505,0.05821043252944946,0.3412049114704132,128,True,False,False,False
STRAIN_000423,3,LOCAL_W10,1,42,0.9379818439483643,0.06201815605163574,0.3521878719329834,128,True,False,False,False
STRAIN_000423,3,LOCAL_W10,2,142,0.9383348226547241,0.06166517734527588,0.35118430852890015,128,True,False,False,False
STRAIN_000423,3,LOCAL_W10,3,242,0.9471313953399658,0.05286860466003418,0.325172483921051,128,True,False,False,False
STRAIN_000423,3,LOCAL_W10,4,342,0.9352986812591553,0.06470131874084473,0.3597258925437927,128,True,False,False,False
STRAIN_000423,3,LOCAL_W10,5,442,0.9458645582199097,0.05413544178009033,0.32904550433158875,128,True,False,False,False
STRAIN_000428,3,LOCAL_W10,1,42,0.9340623617172241,0.06593763828277588,0.36314642429351807,128,True,False,False,False
STRAIN_000428,3,LOCAL_W10,2,142,0.9325850009918213,0.06741499900817871,0.36719200015068054,128,True,False,False,False
STRAIN_000428,3,LOCAL_W10,3,242,0.9294227957725525,0.07057720422744751,0.37570512294769287,128,True,False,False,False
STRAIN_000428,3,LOCAL_W10,4,342,0.9256484508514404,0.07435154914855957,0.38562026619911194,128,True,False,False,False
STRAIN_000428,3,LOCAL_W10,5,442,0.9375284314155579,0.06247156858444214,0.35347282886505127,128,True,False,False,False
STRAIN_000435,3,LOCAL_W10,1,42,0.9417656660079956,0.058234333992004395,0.3412751853466034,128,True,False,False,False
STRAIN_000435,3,LOCAL_W10,2,142,0.9390113353729248,0.060988664627075195,0.3492525517940521,128,True,False,False,False
STRAIN_000435,3,LOCAL_W10,3,242,0.9446089267730713,0.05539107322692871,0.3328395485877991,128,True,False,False,False
STRAIN_000435,3,LOCAL_W10,4,342,0.944230318069458,0.05576968193054199,0.33397501707077026,128,True,False,False,False
STRAIN_000435,3,LOCAL_W10,5,442,0.9403955936431885,0.05960440635681152,0.3452664315700531,128,True,False,False,False
STRAIN_000437,3,LOCAL_W10,1,42,0.9387508630752563,0.06124913692474365,0.3499976694583893,128,True,False,False,False
STRAIN_000437,3,LOCAL_W10,2,142,0.9379503130912781,0.062049686908721924,0.3522774577140808,128,True,False,False,False
STRAIN_000437,3,LOCAL_W10,3,242,0.9385270476341248,0.061472952365875244,0.350636750459671,128,True,False,False,False
STRAIN_000437,3,LOCAL_W10,4,342,0.9361454844474792,0.06385451555252075,0.3573639690876007,128,True,False,False,False
STRAIN_000437,3,LOCAL_W10,5,442,0.9404827356338501,0.0595172643661499,0.3450140058994293,128,True,False,False,False
STRAIN_000440,3,LOCAL_W10,1,42,0.9423593282699585,0.057640671730041504,0.339530885219574,128,True,False,False,False
STRAIN_000440,3,LOCAL_W10,2,142,0.9483133554458618,0.051686644554138184,0.3215171694755554,128,True,False,False,False
STRAIN_000440,3,LOCAL_W10,3,242,0.9422156810760498,0.057784318923950195,0.3399538993835449,128,True,False,False,False
STRAIN_000440,3,LOCAL_W10,4,342,0.9386003017425537,0.06139969825744629,0.3504272699356079,128,True,False,False,False
STRAIN_000440,3,LOCAL_W10,5,442,0.9429348707199097,0.05706512928009033,0.3378313183784485,128,True,False,False,False
STRAIN_000447,3,LOCAL_W10,1,42,0.938190758228302,0.061809241771698,0.351594477891922,128,True,False,False,False
STRAIN_000447,3,LOCAL_W10,2,142,0.9324395060539246,0.06756049394607544,0.36758798360824585,128,True,False,False,False
STRAIN_000447,3,LOCAL_W10,3,242,0.9466572403907776,0.05334275960922241,0.32662779092788696,128,True,False,False,False
STRAIN_000447,3,LOCAL_W10,4,342,0.9385297894477844,0.061470210552215576,0.35062864422798157,128,True,False,False,False
STRAIN_000447,3,LOCAL_W10,5,442,0.9446424245834351,0.05535757541656494,0.3327389061450958,128,True,False,False,False
STRAIN_000448,3,LOCAL_W10,1,42,0.9490239024162292,0.05097609758377075,0.31929928064346313,128,True,False,False,False
STRAIN_000448,3,LOCAL_W10,2,142,0.9451962113380432,0.05480378866195679,0.33107027411460876,128,True,False,False,False
STRAIN_000448,3,LOCAL_W10,3,242,0.9385209083557129,0.06147909164428711,0.35065391659736633,128,True,False,False,False
STRAIN_000448,3,LOCAL_W10,4,342,0.9428339600563049,0.05716603994369507,0.33813032507896423,128,True,False,False,False
STRAIN_000448,3,LOCAL_W10,5,442,0.9452629089355469,0.054737091064453125,0.33086898922920227,128,True,False,False,False
STRAIN_000451,3,LOCAL_W10,1,42,0.9416439533233643,0.05835604667663574,0.3416312336921692,128,True,False,False,False
STRAIN_000451,3,LOCAL_W10,2,142,0.9461396932601929,0.05386030673980713,0.32820791006088257,128,True,False,False,False
STRAIN_000451,3,LOCAL_W10,3,242,0.9457471370697021,0.05425286293029785,0.32940182089805603,128,True,False,False,False
STRAIN_000451,3,LOCAL_W10,4,342,0.9446985721588135,0.05530142784118652,0.33257022500038147,128,True,False,False,False
STRAIN_000451,3,LOCAL_W10,5,442,0.9344871640205383,0.06551283597946167,0.36197465658187866,128,True,False,False,False
STRAIN_000453,3,LOCAL_W10,1,42,0.9509498476982117,0.04905015230178833,0.31320953369140625,128,True,False,False,False
STRAIN_000453,3,LOCAL_W10,2,142,0.9381345510482788,0.06186544895172119,0.3517538607120514,128,True,False,False,False
STRAIN_000453,3,LOCAL_W10,3,242,0.9370882511138916,0.0629117488861084,0.35471564531326294,128,True,False,False,False
STRAIN_000453,3,LOCAL_W10,4,342,0.937574028968811,0.062425971031188965,0.3533440828323364,128,True,False,False,False
STRAIN_000453,3,LOCAL_W10,5,442,0.9458281397819519,0.054171860218048096,0.32915595173835754,128,True,False,False,False
STRAIN_000454,3,LOCAL_W10,1,42,0.935441255569458,0.06455874443054199,0.35932910442352295,128,True,False,False,False
STRAIN_000454,3,LOCAL_W10,2,142,0.9394264221191406,0.060573577880859375,0.3480619788169861,128,True,False,False,False
STRAIN_000454,3,LOCAL_W10,3,242,0.9363377094268799,0.06366229057312012,0.35682570934295654,128,True,False,False,False
STRAIN_000454,3,LOCAL_W10,4,342,0.9401240944862366,0.05987590551376343,0.34605157375335693,128,True,False,False,False
STRAIN_000454,3,LOCAL_W10,5,442,0.943364143371582,0.05663585662841797,0.3365587294101715,128,True,False,False,False
STRAIN_000457,3,LOCAL_W10,1,42,0.9367985725402832,0.0632014274597168,0.3555319607257843,128,True,False,False,False
STRAIN_000457,3,LOCAL_W10,2,142,0.9371381402015686,0.0628618597984314,0.35457542538642883,128,True,False,False,False
STRAIN_000457,3,LOCAL_W10,3,242,0.9337571859359741,0.06624281406402588,0.3639858067035675,128,True,False,False,False
STRAIN_000457,3,LOCAL_W10,4,342,0.936173141002655,0.06382685899734497,0.3572864234447479,128,True,False,False,False
STRAIN_000457,3,LOCAL_W10,5,442,0.9423086643218994,0.057691335678100586,0.3396803140640259,128,True,False,False,False
STRAIN_000458,3,LOCAL_W10,1,42,0.9384030103683472,0.06159698963165283,0.3509899079799652,128,True,False,False,False
STRAIN_000458,3,LOCAL_W10,2,142,0.9362393617630005,0.06376063823699951,0.357101172208786,128,True,False,False,False
STRAIN_000458,3,LOCAL_W10,3,242,0.9249436259269714,0.07505637407302856,0.3874439001083374,128,True,False,False,False
STRAIN_000458,3,LOCAL_W10,4,342,0.9345578551292419,0.06544214487075806,0.36177921295166016,128,True,False,False,False
STRAIN_000458,3,LOCAL_W10,5,442,0.9263259172439575,0.07367408275604248,0.3838597238063812,128,True,False,False,False
STRAIN_000459,3,LOCAL_W10,1,42,0.9464480876922607,0.05355191230773926,0.3272671699523926,128,True,False,False,False
STRAIN_000459,3,LOCAL_W10,2,142,0.9406222105026245,0.05937778949737549,0.34460920095443726,128,True,False,False,False
STRAIN_000459,3,LOCAL_W10,3,242,0.951719343662262,0.04828065633773804,0.31074315309524536,128,True,False,False,False
STRAIN_000459,3,LOCAL_W10,4,342,0.9487144947052002,0.051285505294799805,0.32026708126068115,128,True,False,False,False
STRAIN_000459,3,LOCAL_W10,5,442,0.9411830902099609,0.05881690979003906,0.34297773241996765,128,True,False,False,False
STRAIN_000463,3,LOCAL_W10,1,42,0.9412816762924194,0.058718323707580566,0.34269028902053833,128,True,False,False,False
STRAIN_000463,3,LOCAL_W10,2,142,0.9335476160049438,0.06645238399505615,0.36456093192100525,128,True,False,False,False
STRAIN_000463,3,LOCAL_W10,3,242,0.933782696723938,0.06621730327606201,0.3639155626296997,128,True,False,False,False
STRAIN_000463,3,LOCAL_W10,4,342,0.9334684610366821,0.06653153896331787,0.3647783696651459,128,True,False,False,False
STRAIN_000463,3,LOCAL_W10,5,442,0.9399456977844238,0.06005430221557617,0.34656697511672974,128,True,False,False,False
STRAIN_000470,3,LOCAL_W10,1,42,0.9400948286056519,0.059905171394348145,0.3461364209651947,128,True,False,False,False
STRAIN_000470,3,LOCAL_W10,2,142,0.9429817795753479,0.0570182204246521,0.33769288659095764,128,True,False,False,False
STRAIN_000470,3,LOCAL_W10,3,242,0.9299564957618713,0.07004350423812866,0.37428200244903564,128,True,False,False,False
STRAIN_000470,3,LOCAL_W10,4,342,0.9441332817077637,0.05586671829223633,0.33426564931869507,128,True,False,False,False
STRAIN_000470,3,LOCAL_W10,5,442,0.9388346076011658,0.06116539239883423,0.34975820779800415,128,True,False,False,False
STRAIN_000475,3,LOCAL_W10,1,42,0.9352651834487915,0.0647348165512085,0.35981905460357666,128,True,False,False,False
STRAIN_000475,3,LOCAL_W10,2,142,0.9497540593147278,0.05024594068527222,0.317004531621933,128,True,False,False,False
STRAIN_000475,3,LOCAL_W10,3,242,0.9453266859054565,0.05467331409454346,0.33067601919174194,128,True,False,False,False
STRAIN_000475,3,LOCAL_W10,4,342,0.9422675967216492,0.05773240327835083,0.33980098366737366,128,True,False,False,False
STRAIN_000475,3,LOCAL_W10,5,442,0.9495975971221924,0.05040240287780762,0.31749749183654785,128,True,False,False,False
STRAIN_000478,3,LOCAL_W10,1,42,0.9398270845413208,0.0601729154586792,0.34690922498703003,128,True,False,False,False
STRAIN_000478,3,LOCAL_W10,2,142,0.9336115717887878,0.06638842821121216,0.364385724067688,128,True,False,False,False
STRAIN_000478,3,LOCAL_W10,3,242,0.93996262550354,0.06003737449645996,0.34651824831962585,128,True,False,False,False
STRAIN_000478,3,LOCAL_W10,4,342,0.9394806623458862,0.06051933765411377,0.34790611267089844,128,True,False,False,False
STRAIN_000478,3,LOCAL_W10,5,442,0.9461429119110107,0.05385708808898926,0.32819846272468567,128,True,False,False,False
STRAIN_000483,3,LOCAL_W10,1,42,0.9450668692588806,0.054933130741119385,0.33146071434020996,128,True,False,False,False
STRAIN_000483,3,LOCAL_W10,2,142,0.9349706172943115,0.06502938270568848,0.3606365919113159,128,True,False,False,False
STRAIN_000483,3,LOCAL_W10,3,242,0.9463836550712585,0.053616344928741455,0.32746416330337524,128,True,False,False,False
STRAIN_000483,3,LOCAL_W10,4,342,0.942777693271637,0.05722230672836304,0.3382965326309204,128,True,False,False,False
STRAIN_000483,3,LOCAL_W10,5,442,0.9382039904594421,0.06179600954055786,0.351556658744812,128,True,False,False,False
STRAIN_000484,3,LOCAL_W10,1,42,0.9351242780685425,0.06487572193145752,0.36021026968955994,128,True,False,False,False
STRAIN_000484,3,LOCAL_W10,2,142,0.944582462310791,0.055417537689208984,0.3329189419746399,128,True,False,False,False
STRAIN_000484,3,LOCAL_W10,3,242,0.9395493268966675,0.06045067310333252,0.3477088212966919,128,True,False,False,False
STRAIN_000484,3,LOCAL_W10,4,342,0.9348567724227905,0.06514322757720947,0.36095210909843445,128,True,False,False,False
STRAIN_000484,3,LOCAL_W10,5,442,0.9422552585601807,0.057744741439819336,0.3398377597332001,128,True,False,False,False
STRAIN_000488,3,LOCAL_W10,1,42,0.9498968720436096,0.05010312795639038,0.31655383110046387,128,True,False,False,False
STRAIN_000488,3,LOCAL_W10,2,142,0.9564721584320068,0.043527841567993164,0.29505205154418945,128,True,False,False,False
STRAIN_000488,3,LOCAL_W10,3,242,0.9473139643669128,0.05268603563308716,0.32461047172546387,128,True,False,False,False
STRAIN_000488,3,LOCAL_W10,4,342,0.9535226821899414,0.046477317810058594,0.30488428473472595,128,True,False,False,False
STRAIN_000488,3,LOCAL_W10,5,442,0.956098198890686,0.043901801109313965,0.29631659388542175,128,True,False,False,False
STRAIN_000489,3,LOCAL_W10,1,42,0.9502947926521301,0.04970520734786987,0.315294086933136,128,True,False,False,False
STRAIN_000489,3,LOCAL_W10,2,142,0.9288672208786011,0.07113277912139893,0.3771812319755554,128,True,False,False,False
STRAIN_000489,3,LOCAL_W10,3,242,0.9167075753211975,0.08329242467880249,0.4081479012966156,128,True,False,False,False
STRAIN_000489,3,LOCAL_W10,4,342,0.9293959736824036,0.07060402631759644,0.3757765293121338,128,True,False,False,False
STRAIN_000489,3,LOCAL_W10,5,442,0.9497606158256531,0.050239384174346924,0.31698381900787354,128,True,False,False,False
STRAIN_000494,3,LOCAL_W10,1,42,0.9369896650314331,0.0630103349685669,0.3549938499927521,128,True,False,False,False
STRAIN_000494,3,LOCAL_W10,2,142,0.9436233639717102,0.056376636028289795,0.33578750491142273,128,True,False,False,False
STRAIN_000494,3,LOCAL_W10,3,242,0.9332891702651978,0.06671082973480225,0.36526939272880554,128,True,False,False,False
STRAIN_000494,3,LOCAL_W10,4,342,0.9370002746582031,0.06299972534179688,0.35496392846107483,128,True,False,False,False
STRAIN_000494,3,LOCAL_W10,5,442,0.9408090710639954,0.05919092893600464,0.3440665900707245,128,True,False,False,False
STRAIN_000496,3,LOCAL_W10,1,42,0.9376286864280701,0.06237131357192993,0.3531889319419861,128,True,False,False,False
STRAIN_000496,3,LOCAL_W10,2,142,0.9387524127960205,0.06124758720397949,0.34999319911003113,128,True,False,False,False
STRAIN_000496,3,LOCAL_W10,3,242,0.9427434206008911,0.05725657939910889,0.3383980095386505,128,True,False,False,False
STRAIN_000496,3,LOCAL_W10,4,342,0.9353432655334473,0.06465673446655273,0.3596017062664032,128,True,False,False,False
STRAIN_000496,3,LOCAL_W10,5,442,0.939339816570282,0.06066018342971802,0.34831055998802185,128,True,False,False,False
STRAIN_000501,3,LOCAL_W10,1,42,0.9355425238609314,0.0644574761390686,0.35904741287231445,128,True,False,False,False
STRAIN_000501,3,LOCAL_W10,2,142,0.9433329105377197,0.05666708946228027,0.3366512954235077,128,True,False,False,False
STRAIN_000501,3,LOCAL_W10,3,242,0.9422336220741272,0.0577663779258728,0.3399009108543396,128,True,False,False,False
STRAIN_000501,3,LOCAL_W10,4,342,0.9444319009780884,0.05556809902191162,0.33337074518203735,128,True,False,False,False
STRAIN_000501,3,LOCAL_W10,5,442,0.942010223865509,0.05798977613449097,0.34055763483047485,128,True,False,False,False
STRAIN_000502,3,LOCAL_W10,1,42,0.9527364373207092,0.04726356267929077,0.30745288729667664,128,True,False,False,False
STRAIN_000502,3,LOCAL_W10,2,142,0.9551069736480713,0.04489302635192871,0.29964354634284973,128,True,False,False,False
STRAIN_000502,3,LOCAL_W10,3,242,0.947033166885376,0.05296683311462402,0.3254750370979309,128,True,False,False,False
STRAIN_000502,3,LOCAL_W10,4,342,0.9521170854568481,0.047882914543151855,0.3094610869884491,128,True,False,False,False
STRAIN_000502,3,LOCAL_W10,5,442,0.945378839969635,0.05462116003036499,0.3305184543132782,128,True,False,False,False
STRAIN_000506,3,LOCAL_W10,1,42,0.9403284788131714,0.05967152118682861,0.34546077251434326,128,True,False,False,False
STRAIN_000506,3,LOCAL_W10,2,142,0.9394947290420532,0.06050527095794678,0.34786567091941833,128,True,False,False,False
STRAIN_000506,3,LOCAL_W10,3,242,0.9351067543029785,0.06489324569702148,0.3602587878704071,128,True,False,False,False
STRAIN_000506,3,LOCAL_W10,4,342,0.9428205490112305,0.05717945098876953,0.3381699025630951,128,True,False,False,False
STRAIN_000506,3,LOCAL_W10,5,442,0.9414563775062561,0.058543622493743896,0.3421801030635834,128,True,False,False,False
STRAIN_000511,3,LOCAL_W10,1,42,0.9521281719207764,0.04787182807922363,0.3094247281551361,128,True,False,False,False
STRAIN_000511,3,LOCAL_W10,2,142,0.9511847496032715,0.048815250396728516,0.3124590814113617,128,True,False,False,False
STRAIN_000511,3,LOCAL_W10,3,242,0.9497920870780945,0.05020791292190552,0.31688448786735535,128,True,False,False,False
STRAIN_000511,3,LOCAL_W10,4,342,0.9505137801170349,0.04948621988296509,0.3145991265773773,128,True,False,False,False
STRAIN_000511,3,LOCAL_W10,5,442,0.9470423460006714,0.05295765399932861,0.32544639706611633,128,True,False,False,False
STRAIN_000512,3,LOCAL_W10,1,42,0.9450409412384033,0.05495905876159668,0.331539124250412,128,True,False,False,False
STRAIN_000512,3,LOCAL_W10,2,142,0.9377374053001404,0.06226259469985962,0.3528813421726227,128,True,False,False,False
STRAIN_000512,3,LOCAL_W10,3,242,0.9365440011024475,0.06345599889755249,0.3562471568584442,128,True,False,False,False
STRAIN_000512,3,LOCAL_W10,4,342,0.9390496015548706,0.060950398445129395,0.3491428792476654,128,True,False,False,False
STRAIN_000512,3,LOCAL_W10,5,442,0.9434247612953186,0.056575238704681396,0.33637839555740356,128,True,False,False,False
STRAIN_000515,3,LOCAL_W10,1,42,0.9418019652366638,0.05819803476333618,0.34116867184638977,128,True,False,False,False
STRAIN_000515,3,LOCAL_W10,2,142,0.943612813949585,0.05638718605041504,0.3358188271522522,128,True,False,False,False
STRAIN_000515,3,LOCAL_W10,3,242,0.9419314861297607,0.05806851387023926,0.3407886028289795,128,True,False,False,False
STRAIN_000515,3,LOCAL_W10,4,342,0.9406167268753052,0.059383273124694824,0.3446251451969147,128,True,False,False,False
STRAIN_000515,3,LOCAL_W10,5,442,0.933388352394104,0.066611647605896,0.3649977147579193,128,True,False,False,False
STRAIN_000524,3,LOCAL_W10,1,42,0.9452260136604309,0.05477398633956909,0.330980122089386,128,True,False,False,False
STRAIN_000524,3,LOCAL_W10,2,142,0.9418984055519104,0.0581015944480896,0.34088587760925293,128,True,False,False,False
STRAIN_000524,3,LOCAL_W10,3,242,0.945786714553833,0.05421328544616699,0.32928165793418884,128,True,False,False,False
STRAIN_000524,3,LOCAL_W10,4,342,0.9462385177612305,0.05376148223876953,0.32790684700012207,128,True,False,False,False
STRAIN_000524,3,LOCAL_W10,5,442,0.9427839517593384,0.05721604824066162,0.33827823400497437,128,True,False,False,False
STRAIN_000533,3,LOCAL_W10,1,42,0.9485940933227539,0.051405906677246094,0.3206430673599243,128,True,False,False,False
STRAIN_000533,3,LOCAL_W10,2,142,0.9479177594184875,0.05208224058151245,0.322745144367218,128,True,False,False,False
STRAIN_000533,3,LOCAL_W10,3,242,0.9559938907623291,0.0440061092376709,0.2966686189174652,128,True,False,False,False
STRAIN_000533,3,LOCAL_W10,4,342,0.9496718049049377,0.050328195095062256,0.3172641098499298,128,True,False,False,False
STRAIN_000533,3,LOCAL_W10,5,442,0.9361466765403748,0.06385332345962524,0.35736075043678284,128,True,False,False,False
STRAIN_000541,3,LOCAL_W10,1,42,0.937856912612915,0.06214308738708496,0.3525422513484955,128,True,False,False,False
STRAIN_000541,3,LOCAL_W10,2,142,0.9351959824562073,0.06480401754379272,0.36001110076904297,128,True,False,False,False
STRAIN_000541,3,LOCAL_W10,3,242,0.9428105354309082,0.0571894645690918,0.3381994664669037,128,True,False,False,False
STRAIN_000541,3,LOCAL_W10,4,342,0.9382361769676208,0.06176382303237915,0.3514649271965027,128,True,False,False,False
STRAIN_000541,3,LOCAL_W10,5,442,0.9381396770477295,0.06186032295227051,0.3517393171787262,128,True,False,False,False
STRAIN_000544,3,LOCAL_W10,1,42,0.9394744634628296,0.06052553653717041,0.34792405366897583,128,True,False,False,False
STRAIN_000544,3,LOCAL_W10,2,142,0.9368547797203064,0.0631452202796936,0.3553740382194519,128,True,False,False,False
STRAIN_000544,3,LOCAL_W10,3,242,0.9389816522598267,0.06101834774017334,0.349337637424469,128,True,False,False,False
STRAIN_000544,3,LOCAL_W10,4,342,0.9412575960159302,0.058742403984069824,0.3427603840827942,128,True,False,False,False
STRAIN_000544,3,LOCAL_W10,5,442,0.9411935806274414,0.058806419372558594,0.3429473042488098,128,True,False,False,False
STRAIN_000547,3,LOCAL_W10,1,42,0.9494171142578125,0.0505828857421875,0.31806549429893494,128,True,False,False,False
STRAIN_000547,3,LOCAL_W10,2,142,0.945908784866333,0.05409121513366699,0.3289110064506531,128,True,False,False,False
STRAIN_000547,3,LOCAL_W10,3,242,0.9434455633163452,0.056554436683654785,0.3363165855407715,128,True,False,False,False
STRAIN_000547,3,LOCAL_W10,4,342,0.9416329264640808,0.05836707353591919,0.34166377782821655,128,True,False,False,False
STRAIN_000547,3,LOCAL_W10,5,442,0.9404486417770386,0.059551358222961426,0.3451125919818878,128,True,False,False,False
STRAIN_000548,3,LOCAL_W10,1,42,0.9462683200836182,0.053731679916381836,0.32781630754470825,128,True,False,False,False
STRAIN_000548,3,LOCAL_W10,2,142,0.9374749064445496,0.06252509355545044,0.3536243140697479,128,True,False,False,False
STRAIN_000548,3,LOCAL_W10,3,242,0.9394110441207886,0.060588955879211426,0.3481062650680542,128,True,False,False,False
STRAIN_000548,3,LOCAL_W10,4,342,0.9447555541992188,0.05524444580078125,0.3323987126350403,128,True,False,False,False
STRAIN_000548,3,LOCAL_W10,5,442,0.9447925090789795,0.05520749092102051,0.33228760957717896,128,True,False,False,False
STRAIN_000549,3,LOCAL_W10,1,42,0.9235744476318359,0.07642555236816406,0.3909617066383362,128,True,False,False,False
STRAIN_000549,3,LOCAL_W10,2,142,0.9394392967224121,0.06056070327758789,0.34802499413490295,128,True,False,False,False
STRAIN_000549,3,LOCAL_W10,3,242,0.9406882524490356,0.059311747550964355,0.3444178104400635,128,True,False,False,False
STRAIN_000549,3,LOCAL_W10,4,342,0.9383025765419006,0.061697423458099365,0.3512762486934662,128,True,False,False,False
STRAIN_000549,3,LOCAL_W10,5,442,0.9377579689025879,0.06224203109741211,0.3528231978416443,128,True,False,False,False
STRAIN_000552,3,LOCAL_W10,1,42,0.9353078007698059,0.06469219923019409,0.3597002923488617,128,True,False,False,False
STRAIN_000552,3,LOCAL_W10,2,142,0.9413184523582458,0.05868154764175415,0.3425827622413635,128,True,False,False,False
STRAIN_000552,3,LOCAL_W10,3,242,0.9328012466430664,0.0671987533569336,0.3666026294231415,128,True,False,False,False
STRAIN_000552,3,LOCAL_W10,4,342,0.9300159811973572,0.06998401880264282,0.3741229176521301,128,True,False,False,False
STRAIN_000552,3,LOCAL_W10,5,442,0.9334384202957153,0.06656157970428467,0.3648604452610016,128,True,False,False,False
STRAIN_000554,3,LOCAL_W10,1,42,0.9473063945770264,0.05269360542297363,0.32463395595550537,128,True,False,False,False
STRAIN_000554,3,LOCAL_W10,2,142,0.9427934885025024,0.05720651149749756,0.33824965357780457,128,True,False,False,False
STRAIN_000554,3,LOCAL_W10,3,242,0.9362874031066895,0.06371259689331055,0.3569665253162384,128,True,False,False,False
STRAIN_000554,3,LOCAL_W10,4,342,0.9405733346939087,0.05942666530609131,0.3447510898113251,128,True,False,False,False
STRAIN_000554,3,LOCAL_W10,5,442,0.9454573392868042,0.0545426607131958,0.33028075098991394,128,True,False,False,False
STRAIN_000562,3,LOCAL_W10,1,42,0.9407884478569031,0.059211552143096924,0.34412655234336853,128,True,False,False,False
STRAIN_000562,3,LOCAL_W10,2,142,0.936070442199707,0.06392955780029297,0.35757413506507874,128,True,False,False,False
STRAIN_000562,3,LOCAL_W10,3,242,0.9405431747436523,0.059456825256347656,0.34483861923217773,128,True,False,False,False
STRAIN_000562,3,LOCAL_W10,4,342,0.9290710687637329,0.07092893123626709,0.37664008140563965,128,True,False,False,False
STRAIN_000562,3,LOCAL_W10,5,442,0.9407551288604736,0.05924487113952637,0.34422338008880615,128,True,False,False,False
STRAIN_000569,3,LOCAL_W10,1,42,0.9425250291824341,0.05747497081756592,0.3390427529811859,128,True,False,False,False
STRAIN_000569,3,LOCAL_W10,2,142,0.9389867186546326,0.06101328134536743,0.349323034286499,128,True,False,False,False
STRAIN_000569,3,LOCAL_W10,3,242,0.9388067722320557,0.061193227767944336,0.3498377203941345,128,True,False,False,False
STRAIN_000569,3,LOCAL_W10,4,342,0.9326003193855286,0.06739968061447144,0.36715033650398254,128,True,False,False,False
STRAIN_000569,3,LOCAL_W10,5,442,0.9424024820327759,0.05759751796722412,0.33940380811691284,128,True,False,False,False
STRAIN_000570,3,LOCAL_W10,1,42,0.93944251537323,0.06055748462677002,0.34801584482192993,128,True,False,False,False
STRAIN_000570,3,LOCAL_W10,2,142,0.929803192615509,0.07019680738449097,0.3746914565563202,128,True,False,False,False
STRAIN_000570,3,LOCAL_W10,3,242,0.9370906949043274,0.06290930509567261,0.3547092378139496,128,True,False,False,False
STRAIN_000570,3,LOCAL_W10,4,342,0.9395027160644531,0.060497283935546875,0.3478429615497589,128,True,False,False,False
STRAIN_000570,3,LOCAL_W10,5,442,0.9475693106651306,0.052430689334869385,0.3238231837749481,128,True,False,False,False
STRAIN_000581,3,LOCAL_W10,1,42,0.9364621639251709,0.0635378360748291,0.3564768135547638,128,True,False,False,False
STRAIN_000581,3,LOCAL_W10,2,142,0.9502434730529785,0.049756526947021484,0.31545692682266235,128,True,False,False,False
STRAIN_000581,3,LOCAL_W10,3,242,0.936974287033081,0.06302571296691895,0.355037122964859,128,True,False,False,False
STRAIN_000581,3,LOCAL_W10,4,342,0.9521710872650146,0.04782891273498535,0.30928605794906616,128,True,False,False,False
STRAIN_000581,3,LOCAL_W10,5,442,0.9339578151702881,0.06604218482971191,0.36343416571617126,128,True,False,False,False
STRAIN_000583,3,LOCAL_W10,1,42,0.9354376792907715,0.06456232070922852,0.3593391180038452,128,True,False,False,False
STRAIN_000583,3,LOCAL_W10,2,142,0.9386014938354492,0.06139850616455078,0.35042405128479004,128,True,False,False,False
STRAIN_000583,3,LOCAL_W10,3,242,0.9410451054573059,0.05895489454269409,0.34337979555130005,128,True,False,False,False
STRAIN_000583,3,LOCAL_W10,4,342,0.9301135540008545,0.06988644599914551,0.37386226654052734,128,True,False,False,False
STRAIN_000583,3,LOCAL_W10,5,442,0.9364957213401794,0.06350427865982056,0.35638245940208435,128,True,False,False,False
STRAIN_000594,3,LOCAL_W10,1,42,0.9426824450492859,0.05731755495071411,0.3385779857635498,128,True,False,False,False
STRAIN_000594,3,LOCAL_W10,2,142,0.9424307942390442,0.05756920576095581,0.33932042121887207,128,True,False,False,False
STRAIN_000594,3,LOCAL_W10,3,242,0.9429847598075867,0.05701524019241333,0.33768409490585327,128,True,False,False,False
STRAIN_000594,3,LOCAL_W10,4,342,0.944800853729248,0.05519914627075195,0.33226272463798523,128,True,False,False,False
STRAIN_000594,3,LOCAL_W10,5,442,0.9418572783470154,0.05814272165298462,0.34100648760795593,128,True,False,False,False
STRAIN_000597,3,LOCAL_W10,1,42,0.943362832069397,0.05663716793060303,0.33656275272369385,128,True,False,False,False
STRAIN_000597,3,LOCAL_W10,2,142,0.9497461318969727,0.050253868103027344,0.3170294165611267,128,True,False,False,False
STRAIN_000597,3,LOCAL_W10,3,242,0.9520836472511292,0.04791635274887085,0.3095686733722687,128,True,False,False,False
STRAIN_000597,3,LOCAL_W10,4,342,0.9361541867256165,0.06384581327438354,0.357339471578598,128,True,False,False,False
STRAIN_000597,3,LOCAL_W10,5,442,0.9493945837020874,0.0506054162979126,0.31813639402389526,128,True,False,False,False
STRAIN_000599,3,LOCAL_W10,1,42,0.9534294605255127,0.046570539474487305,0.3051903247833252,128,True,False,False,False
STRAIN_000599,3,LOCAL_W10,2,142,0.9533219337463379,0.04667806625366211,0.3055427372455597,128,True,False,False,False
STRAIN_000599,3,LOCAL_W10,3,242,0.9544779062271118,0.045522093772888184,0.30173584818840027,128,True,False,False,False
STRAIN_000599,3,LOCAL_W10,4,342,0.9412881135940552,0.058711886405944824,0.3426715135574341,128,True,False,False,False
STRAIN_000599,3,LOCAL_W10,5,442,0.9563612937927246,0.04363870620727539,0.2954276204109192,128,True,False,False,False
STRAIN_000602,3,LOCAL_W10,1,42,0.943381667137146,0.056618332862854004,0.3365066945552826,128,True,False,False,False
STRAIN_000602,3,LOCAL_W10,2,142,0.9435855746269226,0.05641442537307739,0.3359001576900482,128,True,False,False,False
STRAIN_000602,3,LOCAL_W10,3,242,0.929365336894989,0.07063466310501099,0.37585800886154175,128,True,False,False,False
STRAIN_000602,3,LOCAL_W10,4,342,0.93988037109375,0.06011962890625,0.34675541520118713,128,True,False,False,False
STRAIN_000602,3,LOCAL_W10,5,442,0.9399099349975586,0.060090065002441406,0.34666985273361206,128,True,False,False,False
STRAIN_000603,3,LOCAL_W10,1,42,0.9406943917274475,0.05930560827255249,0.3443998694419861,128,True,False,False,False
STRAIN_000603,3,LOCAL_W10,2,142,0.9352368116378784,0.06476318836212158,0.3598977029323578,128,True,False,False,False
STRAIN_000603,3,LOCAL_W10,3,242,0.936717689037323,0.063282310962677,0.35575929284095764,128,True,False,False,False
STRAIN_000603,3,LOCAL_W10,4,342,0.9359052777290344,0.06409472227096558,0.35803544521331787,128,True,False,False,False
STRAIN_000603,3,LOCAL_W10,5,442,0.9468799829483032,0.05312001705169678,0.3259447515010834,128,True,False,False,False
STRAIN_000623,3,LOCAL_W10,1,42,0.9452941417694092,0.05470585823059082,0.3307744860649109,128,True,False,False,False
STRAIN_000623,3,LOCAL_W10,2,142,0.9401389360427856,0.059861063957214355,0.34600910544395447,128,True,False,False,False
STRAIN_000623,3,LOCAL_W10,3,242,0.9445844888687134,0.05541551113128662,0.33291295170783997,128,True,False,False,False
STRAIN_000623,3,LOCAL_W10,4,342,0.9417820572853088,0.05821794271469116,0.3412269949913025,128,True,False,False,False
STRAIN_000623,3,LOCAL_W10,5,442,0.9483155608177185,0.051684439182281494,0.3215104043483734,128,True,False,False,False
STRAIN_000632,3,LOCAL_W10,1,42,0.9468940496444702,0.053105950355529785,0.32590150833129883,128,True,False,False,False
STRAIN_000632,3,LOCAL_W10,2,142,0.946708083152771,0.053291916847229004,0.3264719247817993,128,True,False,False,False
STRAIN_000632,3,LOCAL_W10,3,242,0.9475492238998413,0.05245077610015869,0.3238852322101593,128,True,False,False,False
STRAIN_000632,3,LOCAL_W10,4,342,0.944522500038147,0.05547749996185303,0.33309927582740784,128,True,False,False,False
STRAIN_000632,3,LOCAL_W10,5,442,0.9471420049667358,0.05285799503326416,0.32513999938964844,128,True,False,False,False
STRAIN_000633,3,LOCAL_W10,1,42,0.9485796093940735,0.051420390605926514,0.3206881582736969,128,True,False,False,False
STRAIN_000633,3,LOCAL_W10,2,142,0.9576947689056396,0.04230523109436035,0.29087889194488525,128,True,False,False,False
STRAIN_000633,3,LOCAL_W10,3,242,0.9306772947311401,0.06932270526885986,0.37235087156295776,128,True,False,False,False
STRAIN_000633,3,LOCAL_W10,4,342,0.9357195496559143,0.0642804503440857,0.35855403542518616,128,True,False,False,False
STRAIN_000633,3,LOCAL_W10,5,442,0.9391631484031677,0.060836851596832275,0.34881746768951416,128,True,False,False,False
STRAIN_000640,3,LOCAL_W10,1,42,0.9505308270454407,0.049469172954559326,0.3145444989204407,128,True,False,False,False
STRAIN_000640,3,LOCAL_W10,2,142,0.9539356231689453,0.04606437683105469,0.30352699756622314,128,True,False,False,False
STRAIN_000640,3,LOCAL_W10,3,242,0.9462254643440247,0.05377453565597534,0.32794642448425293,128,True,False,False,False
STRAIN_000640,3,LOCAL_W10,4,342,0.9429329037666321,0.05706709623336792,0.33783775568008423,128,True,False,False,False
STRAIN_000640,3,LOCAL_W10,5,442,0.9484307765960693,0.051569223403930664,0.3211517333984375,128,True,False,False,False
STRAIN_000649,3,LOCAL_W10,1,42,0.9438090324401855,0.05619096755981445,0.3352341055870056,128,True,False,False,False
STRAIN_000649,3,LOCAL_W10,2,142,0.9458350539207458,0.05416494607925415,0.3291349709033966,128,True,False,False,False
STRAIN_000649,3,LOCAL_W10,3,242,0.9515354037284851,0.04846459627151489,0.31133463978767395,128,True,False,False,False
STRAIN_000649,3,LOCAL_W10,4,342,0.9413687586784363,0.05863124132156372,0.34243619441986084,128,True,False,False,False
STRAIN_000649,3,LOCAL_W10,5,442,0.9502224922180176,0.04977750778198242,0.31552359461784363,128,True,False,False,False
STRAIN_000653,3,LOCAL_W10,1,42,0.934766411781311,0.06523358821868896,0.36120232939720154,128,True,False,False,False
STRAIN_000653,3,LOCAL_W10,2,142,0.9387136697769165,0.061286330223083496,0.35010379552841187,128,True,False,False,False
STRAIN_000653,3,LOCAL_W10,3,242,0.9466894865036011,0.053310513496398926,0.3265286087989807,128,True,False,False,False
STRAIN_000653,3,LOCAL_W10,4,342,0.9462395906448364,0.053760409355163574,0.32790350914001465,128,True,False,False,False
STRAIN_000653,3,LOCAL_W10,5,442,0.9358956813812256,0.06410431861877441,0.35806211829185486,128,True,False,False,False
STRAIN_000654,3,LOCAL_W10,1,42,0.932532787322998,0.06746721267700195,0.3673340976238251,128,True,False,False,False
STRAIN_000654,3,LOCAL_W10,2,142,0.9326685667037964,0.06733143329620361,0.3669643700122833,128,True,False,False,False
STRAIN_000654,3,LOCAL_W10,3,242,0.9368728995323181,0.06312710046768188,0.3553225100040436,128,True,False,False,False
STRAIN_000654,3,LOCAL_W10,4,342,0.9409141540527344,0.059085845947265625,0.3437606990337372,128,True,False,False,False
STRAIN_000654,3,LOCAL_W10,5,442,0.9423717260360718,0.05762827396392822,0.3394944667816162,128,True,False,False,False
STRAIN_000657,3,LOCAL_W10,1,42,0.9326964020729065,0.0673035979270935,0.3668886423110962,128,True,False,False,False
STRAIN_000657,3,LOCAL_W10,2,142,0.9356265664100647,0.0643734335899353,0.35881295800209045,128,True,False,False,False
STRAIN_000657,3,LOCAL_W10,3,242,0.9434026479721069,0.056597352027893066,0.33644405007362366,128,True,False,False,False
STRAIN_000657,3,LOCAL_W10,4,342,0.9423854947090149,0.05761450529098511,0.33945387601852417,128,True,False,False,False
STRAIN_000657,3,LOCAL_W10,5,442,0.9339667558670044,0.0660332441329956,0.3634096682071686,128,True,False,False,False
STRAIN_000661,3,LOCAL_W10,1,42,0.9457577466964722,0.05424225330352783,0.3293696343898773,128,True,False,False,False
STRAIN_000661,3,LOCAL_W10,2,142,0.939014196395874,0.06098580360412598,0.3492441773414612,128,True,False,False,False
STRAIN_000661,3,LOCAL_W10,3,242,0.9367483854293823,0.06325161457061768,0.35567301511764526,128,True,False,False,False
STRAIN_000661,3,LOCAL_W10,4,342,0.9369552731513977,0.0630447268486023,0.35509082674980164,128,True,False,False,False
STRAIN_000661,3,LOCAL_W10,5,442,0.9440498352050781,0.055950164794921875,0.3345149755477905,128,True,False,False,False
STRAIN_000664,3,LOCAL_W10,1,42,0.9350509643554688,0.06494903564453125,0.36041396856307983,128,True,False,False,False
STRAIN_000664,3,LOCAL_W10,2,142,0.9512747526168823,0.048725247383117676,0.3121704161167145,128,True,False,False,False
STRAIN_000664,3,LOCAL_W10,3,242,0.9445322751998901,0.05546772480010986,0.33306995034217834,128,True,False,False,False
STRAIN_000664,3,LOCAL_W10,4,342,0.9446814656257629,0.05531853437423706,0.3326214849948883,128,True,False,False,False
STRAIN_000664,3,LOCAL_W10,5,442,0.9453842043876648,0.054615795612335205,0.3305019736289978,128,True,False,False,False
STRAIN_000667,3,LOCAL_W10,1,42,0.9341847896575928,0.06581521034240723,0.3628091514110565,128,True,False,False,False
STRAIN_000667,3,LOCAL_W10,2,142,0.9390597343444824,0.06094026565551758,0.349113792181015,128,True,False,False,False
STRAIN_000667,3,LOCAL_W10,3,242,0.939133882522583,0.06086611747741699,0.34890156984329224,128,True,False,False,False
STRAIN_000667,3,LOCAL_W10,4,342,0.9362825751304626,0.06371742486953735,0.3569800853729248,128,True,False,False,False
STRAIN_000667,3,LOCAL_W10,5,442,0.9307969212532043,0.06920307874679565,0.37202969193458557,128,True,False,False,False
STRAIN_000669,3,LOCAL_W10,1,42,0.9419399499893188,0.05806005001068115,0.3407638370990753,128,True,False,False,False
STRAIN_000669,3,LOCAL_W10,2,142,0.9417935609817505,0.05820643901824951,0.3411933183670044,128,True,False,False,False
STRAIN_000669,3,LOCAL_W10,3,242,0.9419571161270142,0.05804288387298584,0.3407135307788849,128,True,False,False,False
STRAIN_000669,3,LOCAL_W10,4,342,0.9419946074485779,0.05800539255142212,0.3406035900115967,128,True,False,False,False
STRAIN_000669,3,LOCAL_W10,5,442,0.9484070539474487,0.05159294605255127,0.3212254047393799,128,True,False,False,False
STRAIN_000670,3,LOCAL_W10,1,42,0.9448299407958984,0.05517005920410156,0.3321749269962311,128,True,False,False,False
STRAIN_000670,3,LOCAL_W10,2,142,0.9571508169174194,0.042849183082580566,0.2927428185939789,128,True,False,False,False
STRAIN_000670,3,LOCAL_W10,3,242,0.9492882490158081,0.050711750984191895,0.31847065687179565,128,True,False,False,False
STRAIN_000670,3,LOCAL_W10,4,342,0.9400243163108826,0.05997568368911743,0.34634026885032654,128,True,False,False,False
STRAIN_000670,3,LOCAL_W10,5,442,0.9485376477241516,0.05146235227584839,0.32081905007362366,128,True,False,False,False
STRAIN_000674,3,LOCAL_W10,1,42,0.9448320865631104,0.05516791343688965,0.33216843008995056,128,True,False,False,False
STRAIN_000674,3,LOCAL_W10,2,142,0.9316750764846802,0.06832492351531982,0.3696618676185608,128,True,False,False,False
STRAIN_000674,3,LOCAL_W10,3,242,0.9447118043899536,0.05528819561004639,0.33253028988838196,128,True,False,False,False
STRAIN_000674,3,LOCAL_W10,4,342,0.9412181973457336,0.05878180265426636,0.3428753614425659,128,True,False,False,False
STRAIN_000674,3,LOCAL_W10,5,442,0.9398936629295349,0.06010633707046509,0.34671711921691895,128,True,False,False,False
STRAIN_000678,3,LOCAL_W10,1,42,0.9371784329414368,0.06282156705856323,0.3544616997241974,128,True,False,False,False
STRAIN_000678,3,LOCAL_W10,2,142,0.9441618919372559,0.05583810806274414,0.33417972922325134,128,True,False,False,False
STRAIN_000678,3,LOCAL_W10,3,242,0.9442496299743652,0.055750370025634766,0.3339170813560486,128,True,False,False,False
STRAIN_000678,3,LOCAL_W10,4,342,0.9461274743080139,0.053872525691986084,0.3282453119754791,128,True,False,False,False
STRAIN_000678,3,LOCAL_W10,5,442,0.9331715106964111,0.06682848930358887,0.365591436624527,128,True,False,False,False
STRAIN_000685,3,LOCAL_W10,1,42,0.9379922151565552,0.062007784843444824,0.3521586060523987,128,True,False,False,False
STRAIN_000685,3,LOCAL_W10,2,142,0.9436479210853577,0.056352078914642334,0.3357144296169281,128,True,False,False,False
STRAIN_000685,3,LOCAL_W10,3,242,0.9407223463058472,0.05927765369415283,0.34431859850883484,128,True,False,False,False
STRAIN_000685,3,LOCAL_W10,4,342,0.9365613460540771,0.06343865394592285,0.3561984598636627,128,True,False,False,False
STRAIN_000685,3,LOCAL_W10,5,442,0.9394158124923706,0.060584187507629395,0.3480924367904663,128,True,False,False,False
STRAIN_000689,3,LOCAL_W10,1,42,0.9333973526954651,0.06660264730453491,0.3649730384349823,128,True,False,False,False
STRAIN_000689,3,LOCAL_W10,2,142,0.9404405951499939,0.059559404850006104,0.34513604640960693,128,True,False,False,False
STRAIN_000689,3,LOCAL_W10,3,242,0.9438276886940002,0.056172311305999756,0.3351784646511078,128,True,False,False,False
STRAIN_000689,3,LOCAL_W10,4,342,0.9433959722518921,0.05660402774810791,0.33646419644355774,128,True,False,False,False
STRAIN_000689,3,LOCAL_W10,5,442,0.9407756328582764,0.05922436714172363,0.34416380524635315,128,True,False,False,False
STRAIN_000690,3,LOCAL_W10,1,42,0.9365791082382202,0.06342089176177979,0.35614854097366333,128,True,False,False,False
STRAIN_000690,3,LOCAL_W10,2,142,0.9371892213821411,0.06281077861785889,0.35443115234375,128,True,False,False,False
STRAIN_000690,3,LOCAL_W10,3,242,0.9453516602516174,0.05464833974838257,0.33060044050216675,128,True,False,False,False
STRAIN_000690,3,LOCAL_W10,4,342,0.9428993463516235,0.057100653648376465,0.3379368185997009,128,True,False,False,False
STRAIN_000690,3,LOCAL_W10,5,442,0.9396380186080933,0.06036198139190674,0.3474535048007965,128,True,False,False,False
STRAIN_000692,3,LOCAL_W10,1,42,0.9317293167114258,0.06827068328857422,0.36951524019241333,128,True,False,False,False
STRAIN_000692,3,LOCAL_W10,2,142,0.9216243028640747,0.07837569713592529,0.39591848850250244,128,True,False,False,False
STRAIN_000692,3,LOCAL_W10,3,242,0.9413554668426514,0.05864453315734863,0.342475026845932,128,True,False,False,False
STRAIN_000692,3,LOCAL_W10,4,342,0.9323744177818298,0.06762558221817017,0.3677650988101959,128,True,False,False,False
STRAIN_000692,3,LOCAL_W10,5,442,0.9227550625801086,0.07724493741989136,0.3930519223213196,128,True,False,False,False
STRAIN_000695,3,LOCAL_W10,1,42,0.9388006925582886,0.061199307441711426,0.3498552739620209,128,True,False,False,False
STRAIN_000695,3,LOCAL_W10,2,142,0.9311685562133789,0.0688314437866211,0.3710297644138336,128,True,False,False,False
STRAIN_000695,3,LOCAL_W10,3,242,0.9412778615951538,0.05872213840484619,0.3427014648914337,128,True,False,False,False
STRAIN_000695,3,LOCAL_W10,4,342,0.9264793395996094,0.07352066040039062,0.38345977663993835,128,True,False,False,False
STRAIN_000695,3,LOCAL_W10,5,442,0.9358341693878174,0.06416583061218262,0.3582342565059662,128,True,False,False,False
STRAIN_000704,3,LOCAL_W10,1,42,0.9441772699356079,0.05582273006439209,0.3341340124607086,128,True,False,False,False
STRAIN_000704,3,LOCAL_W10,2,142,0.9465831518173218,0.05341684818267822,0.3268541693687439,128,True,False,False,False
STRAIN_000704,3,LOCAL_W10,3,242,0.9450746774673462,0.05492532253265381,0.33143743872642517,128,True,False,False,False
STRAIN_000704,3,LOCAL_W10,4,342,0.9478161334991455,0.05218386650085449,0.32306015491485596,128,True,False,False,False
STRAIN_000704,3,LOCAL_W10,5,442,0.9418298602104187,0.0581701397895813,0.3410869538784027,128,True,False,False,False
STRAIN_000705,3,LOCAL_W10,1,42,0.9412161111831665,0.058783888816833496,0.34288159012794495,128,True,False,False,False
STRAIN_000705,3,LOCAL_W10,2,142,0.9463293552398682,0.053670644760131836,0.32762956619262695,128,True,False,False,False
STRAIN_000705,3,LOCAL_W10,3,242,0.9284486770629883,0.07155132293701172,0.3782891035079956,128,True,False,False,False
STRAIN_000705,3,LOCAL_W10,4,342,0.9441894888877869,0.055810511112213135,0.3340974748134613,128,True,False,False,False
STRAIN_000705,3,LOCAL_W10,5,442,0.9370726346969604,0.06292736530303955,0.3547598123550415,128,True,False,False,False
STRAIN_000710,3,LOCAL_W10,1,42,0.9417036771774292,0.0582963228225708,0.3414565622806549,128,True,False,False,False
STRAIN_000710,3,LOCAL_W10,2,142,0.9355586171150208,0.06444138288497925,0.3590025305747986,128,True,False,False,False
STRAIN_000710,3,LOCAL_W10,3,242,0.9391932487487793,0.0608067512512207,0.348731130361557,128,True,False,False,False
STRAIN_000710,3,LOCAL_W10,4,342,0.9337716102600098,0.06622838973999023,0.3639459013938904,128,True,False,False,False
STRAIN_000710,3,LOCAL_W10,5,442,0.9370328187942505,0.06296718120574951,0.3548724055290222,128,True,False,False,False
STRAIN_000711,3,LOCAL_W10,1,42,0.9474930167198181,0.052506983280181885,0.32405856251716614,128,True,False,False,False
STRAIN_000711,3,LOCAL_W10,2,142,0.9406812191009521,0.05931878089904785,0.3444381058216095,128,True,False,False,False
STRAIN_000711,3,LOCAL_W10,3,242,0.9360623359680176,0.06393766403198242,0.3575967848300934,128,True,False,False,False
STRAIN_000711,3,LOCAL_W10,4,342,0.9379969239234924,0.06200307607650757,0.35214507579803467,128,True,False,False,False
STRAIN_000711,3,LOCAL_W10,5,442,0.9280027151107788,0.07199728488922119,0.3794662356376648,128,True,False,False,False
STRAIN_000715,3,LOCAL_W10,1,42,0.9299274682998657,0.07007253170013428,0.37435972690582275,128,True,False,False,False
STRAIN_000715,3,LOCAL_W10,2,142,0.92283034324646,0.07716965675354004,0.3928605318069458,128,True,False,False,False
STRAIN_000715,3,LOCAL_W10,3,242,0.9214664101600647,0.0785335898399353,0.3963170647621155,128,True,False,False,False
STRAIN_000715,3,LOCAL_W10,4,342,0.9326581954956055,0.06734180450439453,0.36699244379997253,128,True,False,False,False
STRAIN_000715,3,LOCAL_W10,5,442,0.9263384342193604,0.07366156578063965,0.3838271200656891,128,True,False,False,False
STRAIN_000718,3,LOCAL_W10,1,42,0.9396601319313049,0.06033986806869507,0.34738975763320923,128,True,False,False,False
STRAIN_000718,3,LOCAL_W10,2,142,0.9384863972663879,0.06151360273361206,0.3507522940635681,128,True,False,False,False
STRAIN_000718,3,LOCAL_W10,3,242,0.9415523409843445,0.05844765901565552,0.3418995141983032,128,True,False,False,False
STRAIN_000718,3,LOCAL_W10,4,342,0.9342716336250305,0.06572836637496948,0.3625697195529938,128,True,False,False,False
STRAIN_000718,3,LOCAL_W10,5,442,0.9338759183883667,0.0661240816116333,0.3636592924594879,128,True,False,False,False
STRAIN_000720,3,LOCAL_W10,1,42,0.9427512884140015,0.057248711585998535,0.33837446570396423,128,True,False,False,False
STRAIN_000720,3,LOCAL_W10,2,142,0.9372956156730652,0.06270438432693481,0.35413092374801636,128,True,False,False,False
STRAIN_000720,3,LOCAL_W10,3,242,0.9439537525177002,0.056046247482299805,0.3348020613193512,128,True,False,False,False
STRAIN_000720,3,LOCAL_W10,4,342,0.9417959451675415,0.058204054832458496,0.34118643403053284,128,True,False,False,False
STRAIN_000720,3,LOCAL_W10,5,442,0.9346864819526672,0.06531351804733276,0.3614233434200287,128,True,False,False,False
STRAIN_000723,3,LOCAL_W10,1,42,0.9342038035392761,0.06579619646072388,0.3627568483352661,128,True,False,False,False
STRAIN_000723,3,LOCAL_W10,2,142,0.9355629086494446,0.06443709135055542,0.35899069905281067,128,True,False,False,False
STRAIN_000723,3,LOCAL_W10,3,242,0.9384355545043945,0.06156444549560547,0.35089749097824097,128,True,False,False,False
STRAIN_000723,3,LOCAL_W10,4,342,0.9369806051254272,0.06301939487457275,0.355019211769104,128,True,False,False,False
STRAIN_000723,3,LOCAL_W10,5,442,0.9380650520324707,0.0619349479675293,0.3519516587257385,128,True,False,False,False
STRAIN_000726,3,LOCAL_W10,1,42,0.9513428807258606,0.048657119274139404,0.3119521737098694,128,True,False,False,False
STRAIN_000726,3,LOCAL_W10,2,142,0.9501689076423645,0.0498310923576355,0.3156932294368744,128,True,False,False,False
STRAIN_000726,3,LOCAL_W10,3,242,0.9540533423423767,0.04594665765762329,0.3031388223171234,128,True,False,False,False
STRAIN_000726,3,LOCAL_W10,4,342,0.9386709928512573,0.061329007148742676,0.3502257466316223,128,True,False,False,False
STRAIN_000726,3,LOCAL_W10,5,442,0.9538372159004211,0.04616278409957886,0.30385133624076843,128,True,False,False,False
STRAIN_000730,3,LOCAL_W10,1,42,0.9494087100028992,0.05059128999710083,0.3180919587612152,128,True,False,False,False
STRAIN_000730,3,LOCAL_W10,2,142,0.9390449523925781,0.060955047607421875,0.34915614128112793,128,True,False,False,False
STRAIN_000730,3,LOCAL_W10,3,242,0.9435398578643799,0.05646014213562012,0.33603617548942566,128,True,False,False,False
STRAIN_000730,3,LOCAL_W10,4,342,0.9403873682022095,0.05961263179779053,0.345289945602417,128,True,False,False,False
STRAIN_000730,3,LOCAL_W10,5,442,0.9383683204650879,0.06163167953491211,0.35108858346939087,128,True,False,False,False
STRAIN_000733,3,LOCAL_W10,1,42,0.9412885308265686,0.058711469173431396,0.34267014265060425,128,True,False,False,False
STRAIN_000733,3,LOCAL_W10,2,142,0.9359418153762817,0.06405818462371826,0.3579334616661072,128,True,False,False,False
STRAIN_000733,3,LOCAL_W10,3,242,0.9306908845901489,0.06930911540985107,0.37231478095054626,128,True,False,False,False
STRAIN_000733,3,LOCAL_W10,4,342,0.9335556626319885,0.06644433736801147,0.36453914642333984,128,True,False,False,False
STRAIN_000733,3,LOCAL_W10,5,442,0.9363850355148315,0.06361496448516846,0.35669320821762085,128,True,False,False,False
STRAIN_000741,3,LOCAL_W10,1,42,0.93736732006073,0.06263267993927002,0.35392820835113525,128,True,False,False,False
STRAIN_000741,3,LOCAL_W10,2,142,0.941746711730957,0.05825328826904297,0.34133023023605347,128,True,False,False,False
STRAIN_000741,3,LOCAL_W10,3,242,0.9444751143455505,0.05552488565444946,0.33324137330055237,128,True,False,False,False
STRAIN_000741,3,LOCAL_W10,4,342,0.9397631883621216,0.06023681163787842,0.34709325432777405,128,True,False,False,False
STRAIN_000741,3,LOCAL_W10,5,442,0.9432036280632019,0.056796371936798096,0.33703526854515076,128,True,False,False,False
STRAIN_000750,3,LOCAL_W10,1,42,0.9309272766113281,0.06907272338867188,0.37167930603027344,128,True,False,False,False
STRAIN_000750,3,LOCAL_W10,2,142,0.934340238571167,0.06565976142883301,0.3623802661895752,128,True,False,False,False
STRAIN_000750,3,LOCAL_W10,3,242,0.9402447938919067,0.05975520610809326,0.3457026183605194,128,True,False,False,False
STRAIN_000750,3,LOCAL_W10,4,342,0.9391933083534241,0.06080669164657593,0.3487309515476227,128,True,False,False,False
STRAIN_000750,3,LOCAL_W10,5,442,0.9463787078857422,0.05362129211425781,0.32747912406921387,128,True,False,False,False
STRAIN_000767,3,LOCAL_W10,1,42,0.9460857510566711,0.05391424894332886,0.3283720910549164,128,True,False,False,False
STRAIN_000767,3,LOCAL_W10,2,142,0.9443512558937073,0.055648744106292725,0.3336126208305359,128,True,False,False,False
STRAIN_000767,3,LOCAL_W10,3,242,0.9437543749809265,0.056245625019073486,0.335396945476532,128,True,False,False,False
STRAIN_000767,3,LOCAL_W10,4,342,0.9466641545295715,0.05333584547042847,0.32660630345344543,128,True,False,False,False
STRAIN_000767,3,LOCAL_W10,5,442,0.9473763108253479,0.0526236891746521,0.3244180679321289,128,True,False,False,False
STRAIN_000770,3,LOCAL_W10,1,42,0.9437811970710754,0.05621880292892456,0.33531707525253296,128,True,False,False,False
STRAIN_000770,3,LOCAL_W10,2,142,0.950528621673584,0.049471378326416016,0.31455156207084656,128,True,False,False,False
STRAIN_000770,3,LOCAL_W10,3,242,0.9442675709724426,0.05573242902755737,0.33386358618736267,128,True,False,False,False
STRAIN_000770,3,LOCAL_W10,4,342,0.9431711435317993,0.056828856468200684,0.3371316194534302,128,True,False,False,False
STRAIN_000770,3,LOCAL_W10,5,442,0.9511030912399292,0.0488969087600708,0.31271985173225403,128,True,False,False,False
STRAIN_000771,3,LOCAL_W10,1,42,0.9518953561782837,0.04810464382171631,0.31017622351646423,128,True,False,False,False
STRAIN_000771,3,LOCAL_W10,2,142,0.9510053992271423,0.048994600772857666,0.3130325376987457,128,True,False,False,False
STRAIN_000771,3,LOCAL_W10,3,242,0.9521588087081909,0.04784119129180908,0.30932551622390747,128,True,False,False,False
STRAIN_000771,3,LOCAL_W10,4,342,0.9429635405540466,0.05703645944595337,0.33774685859680176,128,True,False,False,False
STRAIN_000771,3,LOCAL_W10,5,442,0.9376583695411682,0.06234163045883179,0.3531052768230438,128,True,False,False,False
STRAIN_000772,3,LOCAL_W10,1,42,0.9442524313926697,0.05574756860733032,0.3339090049266815,128,True,False,False,False
STRAIN_000772,3,LOCAL_W10,2,142,0.9504867792129517,0.04951322078704834,0.3146848678588867,128,True,False,False,False
STRAIN_000772,3,LOCAL_W10,3,242,0.9444843530654907,0.05551564693450928,0.3332138657569885,128,True,False,False,False
STRAIN_000772,3,LOCAL_W10,4,342,0.9571835994720459,0.0428164005279541,0.29263076186180115,128,True,False,False,False
STRAIN_000772,3,LOCAL_W10,5,442,0.9412086009979248,0.058791399002075195,0.34290316700935364,128,True,False,False,False
STRAIN_000773,3,LOCAL_W10,1,42,0.9433438181877136,0.05665618181228638,0.33661893010139465,128,True,False,False,False
STRAIN_000773,3,LOCAL_W10,2,142,0.9525327682495117,0.04746723175048828,0.30811429023742676,128,True,False,False,False
STRAIN_000773,3,LOCAL_W10,3,242,0.9469987154006958,0.0530012845993042,0.32558026909828186,128,True,False,False,False
STRAIN_000773,3,LOCAL_W10,4,342,0.9491935968399048,0.050806403160095215,0.3187676966190338,128,True,False,False,False
STRAIN_000773,3,LOCAL_W10,5,442,0.9562333226203918,0.043766677379608154,0.29586076736450195,128,True,False,False,False
STRAIN_000775,3,LOCAL_W10,1,42,0.9429253935813904,0.05707460641860962,0.3378598392009735,128,True,False,False,False
STRAIN_000775,3,LOCAL_W10,2,142,0.9464282989501953,0.05357170104980469,0.3273277282714844,128,True,False,False,False
STRAIN_000775,3,LOCAL_W10,3,242,0.9455671310424805,0.05443286895751953,0.32994791865348816,128,True,False,False,False
STRAIN_000775,3,LOCAL_W10,4,342,0.9307907819747925,0.06920921802520752,0.37204623222351074,128,True,False,False,False
STRAIN_000775,3,LOCAL_W10,5,442,0.9433364272117615,0.056663572788238525,0.336640864610672,128,True,False,False,False
STRAIN_000776,3,LOCAL_W10,1,42,0.945033073425293,0.05496692657470703,0.33156251907348633,128,True,False,False,False
STRAIN_000776,3,LOCAL_W10,2,142,0.9541642665863037,0.04583573341369629,0.30277320742607117,128,True,False,False,False
STRAIN_000776,3,LOCAL_W10,3,242,0.961469829082489,0.038530170917510986,0.2775975465774536,128,True,False,False,False
STRAIN_000776,3,LOCAL_W10,4,342,0.9498066902160645,0.05019330978393555,0.31683868169784546,128,True,False,False,False
STRAIN_000776,3,LOCAL_W10,5,442,0.9398279786109924,0.06017202138900757,0.3469063341617584,128,True,False,False,False
STRAIN_000791,3,LOCAL_W10,1,42,0.9454135298728943,0.05458647012710571,0.3304131031036377,128,True,False,False,False
STRAIN_000791,3,LOCAL_W10,2,142,0.9438108205795288,0.05618917942047119,0.3352287709712982,128,True,False,False,False
STRAIN_000791,3,LOCAL_W10,3,242,0.942956805229187,0.05704319477081299,0.3377668857574463,128,True,False,False,False
STRAIN_000791,3,LOCAL_W10,4,342,0.9410199522972107,0.05898004770278931,0.34345322847366333,128,True,False,False,False
STRAIN_000791,3,LOCAL_W10,5,442,0.940071165561676,0.059928834438323975,0.3462046980857849,128,True,False,False,False
STRAIN_000793,3,LOCAL_W10,1,42,0.9417448043823242,0.05825519561767578,0.3413359224796295,128,True,False,False,False
STRAIN_000793,3,LOCAL_W10,2,142,0.9455323219299316,0.05446767807006836,0.3300534188747406,128,True,False,False,False
STRAIN_000793,3,LOCAL_W10,3,242,0.9400930404663086,0.059906959533691406,0.34614139795303345,128,True,False,False,False
STRAIN_000793,3,LOCAL_W10,4,342,0.9459375143051147,0.054062485694885254,0.3288235664367676,128,True,False,False,False
STRAIN_000793,3,LOCAL_W10,5,442,0.9446992874145508,0.05530071258544922,0.33256784081459045,128,True,False,False,False
STRAIN_000797,3,LOCAL_W10,1,42,0.9455349445343018,0.05446505546569824,0.33004552125930786,128,True,False,False,False
STRAIN_000797,3,LOCAL_W10,2,142,0.9411011934280396,0.05889880657196045,0.34321656823158264,128,True,False,False,False
STRAIN_000797,3,LOCAL_W10,3,242,0.9508954286575317,0.04910457134246826,0.31338340044021606,128,True,False,False,False
STRAIN_000797,3,LOCAL_W10,4,342,0.9471009969711304,0.05289900302886963,0.325266033411026,128,True,False,False,False
STRAIN_000797,3,LOCAL_W10,5,442,0.9465975761413574,0.05340242385864258,0.32681024074554443,128,True,False,False,False
STRAIN_000801,3,LOCAL_W10,1,42,0.9479151964187622,0.05208480358123779,0.322753369808197,128,True,False,False,False
STRAIN_000801,3,LOCAL_W10,2,142,0.9511321783065796,0.04886782169342041,0.3126271367073059,128,True,False,False,False
STRAIN_000801,3,LOCAL_W10,3,242,0.9507564306259155,0.04924356937408447,0.31382670998573303,128,True,False,False,False
STRAIN_000801,3,LOCAL_W10,4,342,0.9509656429290771,0.04903435707092285,0.31315910816192627,128,True,False,False,False
STRAIN_000801,3,LOCAL_W10,5,442,0.9461483359336853,0.0538516640663147,0.32818177342414856,128,True,False,False,False
STRAIN_000802,3,LOCAL_W10,1,42,0.9396276473999023,0.060372352600097656,0.3474835455417633,128,True,False,False,False
STRAIN_000802,3,LOCAL_W10,2,142,0.9391010999679565,0.06089890003204346,0.34899550676345825,128,True,False,False,False
STRAIN_000802,3,LOCAL_W10,3,242,0.9434622526168823,0.056537747383117676,0.3362669348716736,128,True,False,False,False
STRAIN_000802,3,LOCAL_W10,4,342,0.9443219900131226,0.05567800998687744,0.3337004482746124,128,True,False,False,False
STRAIN_000802,3,LOCAL_W10,5,442,0.941874623298645,0.05812537670135498,0.34095582365989685,128,True,False,False,False
STRAIN_000808,3,LOCAL_W10,1,42,0.9473079442977905,0.05269205570220947,0.3246290385723114,128,True,False,False,False
STRAIN_000808,3,LOCAL_W10,2,142,0.9508209228515625,0.0491790771484375,0.3136211335659027,128,True,False,False,False
STRAIN_000808,3,LOCAL_W10,3,242,0.9461305141448975,0.05386948585510254,0.3282358646392822,128,True,False,False,False
STRAIN_000808,3,LOCAL_W10,4,342,0.9387632608413696,0.06123673915863037,0.34996214509010315,128,True,False,False,False
STRAIN_000808,3,LOCAL_W10,5,442,0.9573971033096313,0.04260289669036865,0.2919004261493683,128,True,False,False,False
STRAIN_000825,3,LOCAL_W10,1,42,0.9341570734977722,0.06584292650222778,0.3628855049610138,128,True,False,False,False
STRAIN_000825,3,LOCAL_W10,2,142,0.9359256029129028,0.06407439708709717,0.3579787611961365,128,True,False,False,False
STRAIN_000825,3,LOCAL_W10,3,242,0.9447665810585022,0.0552334189414978,0.33236557245254517,128,True,False,False,False
STRAIN_000825,3,LOCAL_W10,4,342,0.9408073425292969,0.059192657470703125,0.3440715968608856,128,True,False,False,False
STRAIN_000825,3,LOCAL_W10,5,442,0.9361421465873718,0.06385785341262817,0.3573732078075409,128,True,False,False,False
STRAIN_000828,3,LOCAL_W10,1,42,0.9316530227661133,0.06834697723388672,0.36972150206565857,128,True,False,False,False
STRAIN_000828,3,LOCAL_W10,2,142,0.9304416179656982,0.06955838203430176,0.3729837238788605,128,True,False,False,False
STRAIN_000828,3,LOCAL_W10,3,242,0.9398525357246399,0.06014746427536011,0.3468356430530548,128,True,False,False,False
STRAIN_000828,3,LOCAL_W10,4,342,0.9431096911430359,0.05689030885696411,0.33731380105018616,128,True,False,False,False
STRAIN_000828,3,LOCAL_W10,5,442,0.9431513547897339,0.05684864521026611,0.33719050884246826,128,True,False,False,False
STRAIN_000830,3,LOCAL_W10,1,42,0.9405844211578369,0.059415578842163086,0.3447191119194031,128,True,False,False,False
STRAIN_000830,3,LOCAL_W10,2,142,0.9422423839569092,0.05775761604309082,0.3398754894733429,128,True,False,False,False
STRAIN_000830,3,LOCAL_W10,3,242,0.9425309896469116,0.05746901035308838,0.3390250504016876,128,True,False,False,False
STRAIN_000830,3,LOCAL_W10,4,342,0.9496031403541565,0.050396859645843506,0.3174804747104645,128,True,False,False,False
STRAIN_000830,3,LOCAL_W10,5,442,0.9365121722221375,0.06348782777786255,0.3563365340232849,128,True,False,False,False
STRAIN_000839,3,LOCAL_W10,1,42,0.9310218691825867,0.06897813081741333,0.3714246451854706,128,True,False,False,False
STRAIN_000839,3,LOCAL_W10,2,142,0.9317193031311035,0.06828069686889648,0.3695421814918518,128,True,False,False,False
STRAIN_000839,3,LOCAL_W10,3,242,0.93558669090271,0.06441330909729004,0.35892441868782043,128,True,False,False,False
STRAIN_000839,3,LOCAL_W10,4,342,0.9375199675559998,0.062480032444000244,0.3534970283508301,128,True,False,False,False
STRAIN_000839,3,LOCAL_W10,5,442,0.9387726783752441,0.06122732162475586,0.34993526339530945,128,True,False,False,False
STRAIN_000841,3,LOCAL_W10,1,42,0.9387185573577881,0.061281442642211914,0.3500901460647583,128,True,False,False,False
STRAIN_000841,3,LOCAL_W10,2,142,0.9421435594558716,0.05785644054412842,0.34016597270965576,128,True,False,False,False
STRAIN_000841,3,LOCAL_W10,3,242,0.9424689412117004,0.05753105878829956,0.33920818567276,128,True,False,False,False
STRAIN_000841,3,LOCAL_W10,4,342,0.9378499984741211,0.062150001525878906,0.3525621294975281,128,True,False,False,False
STRAIN_000841,3,LOCAL_W10,5,442,0.9430762529373169,0.056923747062683105,0.3374130427837372,128,True,False,False,False
STRAIN_000850,3,LOCAL_W10,1,42,0.948797345161438,0.05120265483856201,0.3200080394744873,128,True,False,False,False
STRAIN_000850,3,LOCAL_W10,2,142,0.9520444273948669,0.04795557260513306,0.3096952736377716,128,True,False,False,False
STRAIN_000850,3,LOCAL_W10,3,242,0.9484778046607971,0.05152219533920288,0.32100552320480347,128,True,False,False,False
STRAIN_000850,3,LOCAL_W10,4,342,0.9453086853027344,0.054691314697265625,0.3307303786277771,128,True,False,False,False
STRAIN_000850,3,LOCAL_W10,5,442,0.94614577293396,0.05385422706604004,0.3281897306442261,128,True,False,False,False
STRAIN_000853,3,LOCAL_W10,1,42,0.9440218210220337,0.05597817897796631,0.3345987796783447,128,True,False,False,False
STRAIN_000853,3,LOCAL_W10,2,142,0.9503081440925598,0.049691855907440186,0.3152518570423126,128,True,False,False,False
STRAIN_000853,3,LOCAL_W10,3,242,0.9355214238166809,0.06447857618331909,0.3591061234474182,128,True,False,False,False
STRAIN_000853,3,LOCAL_W10,4,342,0.9417486786842346,0.05825132131576538,0.3413248360157013,128,True,False,False,False
STRAIN_000853,3,LOCAL_W10,5,442,0.9425466060638428,0.05745339393615723,0.3389788866043091,128,True,False,False,False
STRAIN_000858,3,LOCAL_W10,1,42,0.9315687417984009,0.06843125820159912,0.3699494004249573,128,True,False,False,False
STRAIN_000858,3,LOCAL_W10,2,142,0.9269692897796631,0.07303071022033691,0.38217973709106445,128,True,False,False,False
STRAIN_000858,3,LOCAL_W10,3,242,0.9342513680458069,0.06574863195419312,0.3626256287097931,128,True,False,False,False
STRAIN_000858,3,LOCAL_W10,4,342,0.9296658635139465,0.07033413648605347,0.3750576972961426,128,True,False,False,False
STRAIN_000858,3,LOCAL_W10,5,442,0.9351614713668823,0.06483852863311768,0.36010679602622986,128,True,False,False,False
STRAIN_000861,3,LOCAL_W10,1,42,0.9315937161445618,0.06840628385543823,0.36988189816474915,128,True,False,False,False
STRAIN_000861,3,LOCAL_W10,2,142,0.9444962739944458,0.0555037260055542,0.3331778049468994,128,True,False,False,False
STRAIN_000861,3,LOCAL_W10,3,242,0.9363332986831665,0.0636667013168335,0.35683783888816833,128,True,False,False,False
STRAIN_000861,3,LOCAL_W10,4,342,0.9355146884918213,0.06448531150817871,0.35912469029426575,128,True,False,False,False
STRAIN_000861,3,LOCAL_W10,5,442,0.9453036785125732,0.05469632148742676,0.3307453989982605,128,True,False,False,False
STRAIN_000863,3,LOCAL_W10,1,42,0.9363089203834534,0.06369107961654663,0.35690638422966003,128,True,False,False,False
STRAIN_000863,3,LOCAL_W10,2,142,0.9397761821746826,0.06022381782531738,0.34705591201782227,128,True,False,False,False
STRAIN_000863,3,LOCAL_W10,3,242,0.9216535091400146,0.07834649085998535,0.3958446979522705,128,True,False,False,False
STRAIN_000863,3,LOCAL_W10,4,342,0.9577307105064392,0.04226928949356079,0.2907550632953644,128,True,False,False,False
STRAIN_000863,3,LOCAL_W10,5,442,0.9226723909378052,0.07732760906219482,0.39326250553131104,128,True,False,False,False
STRAIN_000868,3,LOCAL_W10,1,42,0.9385858774185181,0.061414122581481934,0.3504685163497925,128,True,False,False,False
STRAIN_000868,3,LOCAL_W10,2,142,0.9343369007110596,0.06566309928894043,0.3623894155025482,128,True,False,False,False
STRAIN_000868,3,LOCAL_W10,3,242,0.9384950399398804,0.06150496006011963,0.35072752833366394,128,True,False,False,False
STRAIN_000868,3,LOCAL_W10,4,342,0.936970591545105,0.06302940845489502,0.35504740476608276,128,True,False,False,False
STRAIN_000868,3,LOCAL_W10,5,442,0.9375665187835693,0.062433481216430664,0.35336506366729736,128,True,False,False,False
STRAIN_000871,3,LOCAL_W10,1,42,0.9576424956321716,0.04235750436782837,0.29105839133262634,128,True,False,False,False
STRAIN_000871,3,LOCAL_W10,2,142,0.9387817978858948,0.061218202114105225,0.3499090373516083,128,True,False,False,False
STRAIN_000871,3,LOCAL_W10,3,242,0.9387747049331665,0.061225295066833496,0.3499292731285095,128,True,False,False,False
STRAIN_000871,3,LOCAL_W10,4,342,0.9408460855484009,0.05915391445159912,0.34395912289619446,128,True,False,False,False
STRAIN_000871,3,LOCAL_W10,5,442,0.9412679672241211,0.058732032775878906,0.3427302837371826,128,True,False,False,False
STRAIN_000873,3,LOCAL_W10,1,42,0.9485825300216675,0.05141746997833252,0.3206787705421448,128,True,False,False,False
STRAIN_000873,3,LOCAL_W10,2,142,0.9459454417228699,0.05405455827713013,0.3287995457649231,128,True,False,False,False
STRAIN_000873,3,LOCAL_W10,3,242,0.9428536891937256,0.057146310806274414,0.3380720019340515,128,True,False,False,False
STRAIN_000873,3,LOCAL_W10,4,342,0.9402214288711548,0.059778571128845215,0.34577059745788574,128,True,False,False,False
STRAIN_000873,3,LOCAL_W10,5,442,0.9443408846855164,0.05565911531448364,0.3336438834667206,128,True,False,False,False
STRAIN_000878,3,LOCAL_W10,1,42,0.9390689134597778,0.06093108654022217,0.3490876853466034,128,True,False,False,False
STRAIN_000878,3,LOCAL_W10,2,142,0.9352688193321228,0.0647311806678772,0.35980865359306335,128,True,False,False,False
STRAIN_000878,3,LOCAL_W10,3,242,0.9324171543121338,0.06758284568786621,0.3676488399505615,128,True,False,False,False
STRAIN_000878,3,LOCAL_W10,4,342,0.9382286667823792,0.06177133321762085,0.35148632526397705,128,True,False,False,False
STRAIN_000878,3,LOCAL_W10,5,442,0.9374468326568604,0.06255316734313965,0.3537037670612335,128,True,False,False,False
STRAIN_000884,3,LOCAL_W10,1,42,0.9403446912765503,0.05965530872344971,0.34541383385658264,128,True,False,False,False
STRAIN_000884,3,LOCAL_W10,2,142,0.9478667378425598,0.052133262157440186,0.32290324568748474,128,True,False,False,False
STRAIN_000884,3,LOCAL_W10,3,242,0.9420971274375916,0.05790287256240845,0.34030264616012573,128,True,False,False,False
STRAIN_000884,3,LOCAL_W10,4,342,0.9374129772186279,0.06258702278137207,0.353799432516098,128,True,False,False,False
STRAIN_000884,3,LOCAL_W10,5,442,0.9376426339149475,0.06235736608505249,0.3531498610973358,128,True,False,False,False
STRAIN_000886,3,LOCAL_W10,1,42,0.9317389130592346,0.06826108694076538,0.36948928236961365,128,True,False,False,False
STRAIN_000886,3,LOCAL_W10,2,142,0.9360228776931763,0.06397712230682373,0.35770705342292786,128,True,False,False,False
STRAIN_000886,3,LOCAL_W10,3,242,0.9405578374862671,0.05944216251373291,0.3447961211204529,128,True,False,False,False
STRAIN_000886,3,LOCAL_W10,4,342,0.9435932636260986,0.05640673637390137,0.3358772099018097,128,True,False,False,False
STRAIN_000886,3,LOCAL_W10,5,442,0.9362252354621887,0.06377476453781128,0.35714083909988403,128,True,False,False,False
STRAIN_000887,3,LOCAL_W10,1,42,0.944177508354187,0.05582249164581299,0.3341330289840698,128,True,False,False,False
STRAIN_000887,3,LOCAL_W10,2,142,0.9522879719734192,0.04771202802658081,0.3089078664779663,128,True,False,False,False
STRAIN_000887,3,LOCAL_W10,3,242,0.9441903829574585,0.055809617042541504,0.33409446477890015,128,True,False,False,False
STRAIN_000887,3,LOCAL_W10,4,342,0.946517288684845,0.05348271131515503,0.3270553946495056,128,True,False,False,False
STRAIN_000887,3,LOCAL_W10,5,442,0.9456543922424316,0.05434560775756836,0.3296835124492645,128,True,False,False,False
STRAIN_000889,3,LOCAL_W10,1,42,0.9415507316589355,0.05844926834106445,0.34190401434898376,128,True,False,False,False
STRAIN_000889,3,LOCAL_W10,2,142,0.9399719834327698,0.060028016567230225,0.34649085998535156,128,True,False,False,False
STRAIN_000889,3,LOCAL_W10,3,242,0.9455288052558899,0.05447119474411011,0.33006417751312256,128,True,False,False,False
STRAIN_000889,3,LOCAL_W10,4,342,0.9376155138015747,0.06238448619842529,0.35322654247283936,128,True,False,False,False
STRAIN_000889,3,LOCAL_W10,5,442,0.9448856711387634,0.05511432886123657,0.33200687170028687,128,True,False,False,False
STRAIN_000891,3,LOCAL_W10,1,42,0.9411939382553101,0.05880606174468994,0.34294605255126953,128,True,False,False,False
STRAIN_000891,3,LOCAL_W10,2,142,0.9373252391815186,0.06267476081848145,0.3540474772453308,128,True,False,False,False
STRAIN_000891,3,LOCAL_W10,3,242,0.9392699003219604,0.06073009967803955,0.3485115170478821,128,True,False,False,False
STRAIN_000891,3,LOCAL_W10,4,342,0.9367527961730957,0.0632472038269043,0.3556605577468872,128,True,False,False,False
STRAIN_000891,3,LOCAL_W10,5,442,0.9427268505096436,0.057273149490356445,0.338447242975235,128,True,False,False,False
STRAIN_000895,3,LOCAL_W10,1,42,0.9398910999298096,0.06010890007019043,0.34672465920448303,128,True,False,False,False
STRAIN_000895,3,LOCAL_W10,2,142,0.9426091909408569,0.057390809059143066,0.33879438042640686,128,True,False,False,False
STRAIN_000895,3,LOCAL_W10,3,242,0.948293924331665,0.05170607566833496,0.3215778172016144,128,True,False,False,False
STRAIN_000895,3,LOCAL_W10,4,342,0.9476235508918762,0.05237644910812378,0.32365575432777405,128,True,False,False,False
STRAIN_000895,3,LOCAL_W10,5,442,0.9389268159866333,0.0610731840133667,0.3494948148727417,128,True,False,False,False
STRAIN_000898,3,LOCAL_W10,1,42,0.9350112676620483,0.06498873233795166,0.3605237603187561,128,True,False,False,False
STRAIN_000898,3,LOCAL_W10,2,142,0.9295346140861511,0.07046538591384888,0.37540745735168457,128,True,False,False,False
STRAIN_000898,3,LOCAL_W10,3,242,0.9333540201187134,0.06664597988128662,0.3650917708873749,128,True,False,False,False
STRAIN_000898,3,LOCAL_W10,4,342,0.9399988651275635,0.06000113487243652,0.3464134931564331,128,True,False,False,False
STRAIN_000898,3,LOCAL_W10,5,442,0.9364924430847168,0.0635075569152832,0.3563918471336365,128,True,False,False,False
STRAIN_000902,3,LOCAL_W10,1,42,0.9491614103317261,0.050838589668273926,0.3188684284687042,128,True,False,False,False
STRAIN_000902,3,LOCAL_W10,2,142,0.9369375705718994,0.06306242942810059,0.3551402688026428,128,True,False,False,False
STRAIN_000902,3,LOCAL_W10,3,242,0.9528358578681946,0.04716414213180542,0.3071289658546448,128,True,False,False,False
STRAIN_000902,3,LOCAL_W10,4,342,0.9599224328994751,0.0400775671005249,0.28311628103256226,128,True,False,False,False
STRAIN_000902,3,LOCAL_W10,5,442,0.9473724961280823,0.052627503871917725,0.32443001866340637,128,True,False,False,False
STRAIN_000910,3,LOCAL_W10,1,42,0.9232569336891174,0.07674306631088257,0.39177316427230835,128,True,False,False,False
STRAIN_000910,3,LOCAL_W10,2,142,0.9444756507873535,0.055524349212646484,0.3332396149635315,128,True,False,False,False
STRAIN_000910,3,LOCAL_W10,3,242,0.9215956926345825,0.07840430736541748,0.39599061012268066,128,True,False,False,False
STRAIN_000910,3,LOCAL_W10,4,342,0.9312281608581543,0.0687718391418457,0.3708687424659729,128,True,False,False,False
STRAIN_000910,3,LOCAL_W10,5,442,0.9272587299346924,0.07274127006530762,0.38142186403274536,128,True,False,False,False
STRAIN_000916,3,LOCAL_W10,1,42,0.9350138306617737,0.06498616933822632,0.36051684617996216,128,True,False,False,False
STRAIN_000916,3,LOCAL_W10,2,142,0.9345649480819702,0.06543505191802979,0.3617596924304962,128,True,False,False,False
STRAIN_000916,3,LOCAL_W10,3,242,0.945323646068573,0.054676353931427,0.33068519830703735,128,True,False,False,False
STRAIN_000916,3,LOCAL_W10,4,342,0.9415929913520813,0.0584070086479187,0.3417809307575226,128,True,False,False,False
STRAIN_000916,3,LOCAL_W10,5,442,0.9498794078826904,0.05012059211730957,0.31660911440849304,128,True,False,False,False
STRAIN_000923,3,LOCAL_W10,1,42,0.9485024213790894,0.051497578620910645,0.32092857360839844,128,True,False,False,False
STRAIN_000923,3,LOCAL_W10,2,142,0.9410650134086609,0.05893498659133911,0.3433220088481903,128,True,False,False,False
STRAIN_000923,3,LOCAL_W10,3,242,0.9440910816192627,0.055908918380737305,0.3343918025493622,128,True,False,False,False
STRAIN_000923,3,LOCAL_W10,4,342,0.9405713677406311,0.059428632259368896,0.34475675225257874,128,True,False,False,False
STRAIN_000923,3,LOCAL_W10,5,442,0.938193142414093,0.06180685758590698,0.3515872657299042,128,True,False,False,False
STRAIN_000926,3,LOCAL_W10,1,42,0.9353179931640625,0.0646820068359375,0.3596719801425934,128,True,False,False,False
STRAIN_000926,3,LOCAL_W10,2,142,0.9428654909133911,0.05713450908660889,0.33803680539131165,128,True,False,False,False
STRAIN_000926,3,LOCAL_W10,3,242,0.9581185579299927,0.041881442070007324,0.28941789269447327,128,True,False,False,False
STRAIN_000926,3,LOCAL_W10,4,342,0.9499218463897705,0.05007815361022949,0.3164747655391693,128,True,False,False,False
STRAIN_000926,3,LOCAL_W10,5,442,0.95852130651474,0.04147869348526001,0.28802335262298584,128,True,False,False,False
STRAIN_000927,3,LOCAL_W10,1,42,0.9491649270057678,0.05083507299423218,0.3188575208187103,128,True,False,False,False
STRAIN_000927,3,LOCAL_W10,2,142,0.9486913084983826,0.05130869150161743,0.3203393518924713,128,True,False,False,False
STRAIN_000927,3,LOCAL_W10,3,242,0.947375476360321,0.052624523639678955,0.32442086935043335,128,True,False,False,False
STRAIN_000927,3,LOCAL_W10,4,342,0.9504249691963196,0.04957503080368042,0.31488099694252014,128,True,False,False,False
STRAIN_000927,3,LOCAL_W10,5,442,0.9464139938354492,0.05358600616455078,0.3273710608482361,128,True,False,False,False
STRAIN_000938,3,LOCAL_W10,1,42,0.933677077293396,0.066322922706604,0.3642056882381439,128,True,False,False,False
STRAIN_000938,3,LOCAL_W10,2,142,0.9384729862213135,0.06152701377868652,0.3507903814315796,128,True,False,False,False
STRAIN_000938,3,LOCAL_W10,3,242,0.9288414716720581,0.0711585283279419,0.37724927067756653,128,True,False,False,False
STRAIN_000938,3,LOCAL_W10,4,342,0.9396754503250122,0.06032454967498779,0.34734559059143066,128,True,False,False,False
STRAIN_000938,3,LOCAL_W10,5,442,0.9405450820922852,0.059454917907714844,0.34483301639556885,128,True,False,False,False
STRAIN_000939,3,LOCAL_W10,1,42,0.9359724521636963,0.06402754783630371,0.35784780979156494,128,True,False,False,False
STRAIN_000939,3,LOCAL_W10,2,142,0.9378741979598999,0.0621258020401001,0.3524934649467468,128,True,False,False,False
STRAIN_000939,3,LOCAL_W10,3,242,0.943515956401825,0.05648404359817505,0.3361071050167084,128,True,False,False,False
STRAIN_000939,3,LOCAL_W10,4,342,0.9398691654205322,0.06013083457946777,0.3467874825000763,128,True,False,False,False
STRAIN_000939,3,LOCAL_W10,5,442,0.9289023876190186,0.07109761238098145,0.3770878314971924,128,True,False,False,False
STRAIN_000943,3,LOCAL_W10,1,42,0.941912055015564,0.058087944984436035,0.3408461809158325,128,True,False,False,False
STRAIN_000943,3,LOCAL_W10,2,142,0.9465603828430176,0.05343961715698242,0.3269241750240326,128,True,False,False,False
STRAIN_000943,3,LOCAL_W10,3,242,0.9368126392364502,0.0631873607635498,0.3554922044277191,128,True,False,False,False
STRAIN_000943,3,LOCAL_W10,4,342,0.9305718541145325,0.06942814588546753,0.37263423204421997,128,True,False,False,False
STRAIN_000943,3,LOCAL_W10,5,442,0.937099814414978,0.06290018558502197,0.3546834886074066,128,True,False,False,False
STRAIN_000945,3,LOCAL_W10,1,42,0.9440393447875977,0.055960655212402344,0.3345463275909424,128,True,False,False,False
STRAIN_000945,3,LOCAL_W10,2,142,0.9457201957702637,0.05427980422973633,0.32948368787765503,128,True,False,False,False
STRAIN_000945,3,LOCAL_W10,3,242,0.9453701972961426,0.05462980270385742,0.3305441737174988,128,True,False,False,False
STRAIN_000945,3,LOCAL_W10,4,342,0.9376803636550903,0.06231963634490967,0.3530430495738983,128,True,False,False,False
STRAIN_000945,3,LOCAL_W10,5,442,0.9461205005645752,0.053879499435424805,0.32826653122901917,128,True,False,False,False
STRAIN_000947,3,LOCAL_W10,1,42,0.9406594038009644,0.059340596199035645,0.3445013761520386,128,True,False,False,False
STRAIN_000947,3,LOCAL_W10,2,142,0.9461503624916077,0.053849637508392334,0.3281756043434143,128,True,False,False,False
STRAIN_000947,3,LOCAL_W10,3,242,0.9353303909301758,0.06466960906982422,0.35963764786720276,128,True,False,False,False
STRAIN_000947,3,LOCAL_W10,4,342,0.9400081634521484,0.05999183654785156,0.34638652205467224,128,True,False,False,False
STRAIN_000947,3,LOCAL_W10,5,442,0.9323916435241699,0.06760835647583008,0.3677181601524353,128,True,False,False,False
STRAIN_000948,3,LOCAL_W10,1,42,0.9512168169021606,0.048783183097839355,0.3123561143875122,128,True,False,False,False
STRAIN_000948,3,LOCAL_W10,2,142,0.9556339979171753,0.04436600208282471,0.29787933826446533,128,True,False,False,False
STRAIN_000948,3,LOCAL_W10,3,242,0.9627598524093628,0.03724014759063721,0.2729109525680542,128,True,False,False,False
STRAIN_000948,3,LOCAL_W10,4,342,0.9371247291564941,0.06287527084350586,0.35461318492889404,128,True,False,False,False
STRAIN_000948,3,LOCAL_W10,5,442,0.9532930850982666,0.0467069149017334,0.30563679337501526,128,True,False,False,False
STRAIN_000952,3,LOCAL_W10,1,42,0.9430949091911316,0.05690509080886841,0.3373575806617737,128,True,False,False,False
STRAIN_000952,3,LOCAL_W10,2,142,0.9523892998695374,0.047610700130462646,0.30857962369918823,128,True,False,False,False
STRAIN_000952,3,LOCAL_W10,3,242,0.9496120810508728,0.0503879189491272,0.31745225191116333,128,True,False,False,False
STRAIN_000952,3,LOCAL_W10,4,342,0.954427182674408,0.04557281732559204,0.3019034266471863,128,True,False,False,False
STRAIN_000952,3,LOCAL_W10,5,442,0.9459348917007446,0.05406510829925537,0.32883167266845703,128,True,False,False,False
STRAIN_000953,3,LOCAL_W10,1,42,0.9431750774383545,0.05682492256164551,0.3371197581291199,128,True,False,False,False
STRAIN_000953,3,LOCAL_W10,2,142,0.9281704425811768,0.07182955741882324,0.37902382016181946,128,True,False,False,False
STRAIN_000953,3,LOCAL_W10,3,242,0.9417481422424316,0.05825185775756836,0.3413262963294983,128,True,False,False,False
STRAIN_000953,3,LOCAL_W10,4,342,0.9412446022033691,0.05875539779663086,0.342798113822937,128,True,False,False,False
STRAIN_000953,3,LOCAL_W10,5,442,0.9409074187278748,0.059092581272125244,0.3437806963920593,128,True,False,False,False
STRAIN_000964,3,LOCAL_W10,1,42,0.9472045302391052,0.052795469760894775,0.3249477446079254,128,True,False,False,False
STRAIN_000964,3,LOCAL_W10,2,142,0.946070671081543,0.05392932891845703,0.32841843366622925,128,True,False,False,False
STRAIN_000964,3,LOCAL_W10,3,242,0.940744161605835,0.05925583839416504,0.34425535798072815,128,True,False,False,False
STRAIN_000964,3,LOCAL_W10,4,342,0.9417799115180969,0.058220088481903076,0.34123316407203674,128,True,False,False,False
STRAIN_000964,3,LOCAL_W10,5,442,0.9458496570587158,0.05415034294128418,0.3290906846523285,128,True,False,False,False
STRAIN_000989,3,LOCAL_W10,1,42,0.9426584839820862,0.05734151601791382,0.33864906430244446,128,True,False,False,False
STRAIN_000989,3,LOCAL_W10,2,142,0.9383779764175415,0.061622023582458496,0.3510611951351166,128,True,False,False,False
STRAIN_000989,3,LOCAL_W10,3,242,0.9360560178756714,0.06394398212432861,0.3576141893863678,128,True,False,False,False
STRAIN_000989,3,LOCAL_W10,4,342,0.9350405931472778,0.06495940685272217,0.36044251918792725,128,True,False,False,False
STRAIN_000989,3,LOCAL_W10,5,442,0.9441831111907959,0.0558168888092041,0.3341165781021118,128,True,False,False,False
STRAIN_000990,3,LOCAL_W10,1,42,0.9412050843238831,0.05879491567611694,0.34291377663612366,128,True,False,False,False
STRAIN_000990,3,LOCAL_W10,2,142,0.9300760626792908,0.06992393732070923,0.37396228313446045,128,True,False,False,False
STRAIN_000990,3,LOCAL_W10,3,242,0.9479976296424866,0.05200237035751343,0.32249751687049866,128,True,False,False,False
STRAIN_000990,3,LOCAL_W10,4,342,0.9374811053276062,0.0625188946723938,0.3536066710948944,128,True,False,False,False
STRAIN_000990,3,LOCAL_W10,5,442,0.9467931985855103,0.053206801414489746,0.3262106478214264,128,True,False,False,False
STRAIN_001010,3,LOCAL_W10,1,42,0.9524376392364502,0.047562360763549805,0.30842307209968567,128,True,False,False,False
STRAIN_001010,3,LOCAL_W10,2,142,0.9465843439102173,0.053415656089782715,0.3268504738807678,128,True,False,False,False
STRAIN_001010,3,LOCAL_W10,3,242,0.9427334070205688,0.05726659297943115,0.3384275734424591,128,True,False,False,False
STRAIN_001010,3,LOCAL_W10,4,342,0.9484721422195435,0.05152785778045654,0.32102304697036743,128,True,False,False,False
STRAIN_001010,3,LOCAL_W10,5,442,0.9484690427780151,0.05153095722198486,0.3210325539112091,128,True,False,False,False
STRAIN_001011,3,LOCAL_W10,1,42,0.9456882476806641,0.05431175231933594,0.32958102226257324,128,True,False,False,False
STRAIN_001011,3,LOCAL_W10,2,142,0.9316848516464233,0.06831514835357666,0.3696351647377014,128,True,False,False,False
STRAIN_001011,3,LOCAL_W10,3,242,0.9379677772521973,0.062032222747802734,0.35222795605659485,128,True,False,False,False
STRAIN_001011,3,LOCAL_W10,4,342,0.9408074617385864,0.059192538261413574,0.3440714478492737,128,True,False,False,False
STRAIN_001011,3,LOCAL_W10,5,442,0.9492039680480957,0.0507960319519043,0.3187349736690521,128,True,False,False,False
STRAIN_001012,3,LOCAL_W10,1,42,0.9352335333824158,0.06476646661758423,0.35990700125694275,128,True,False,False,False
STRAIN_001012,3,LOCAL_W10,2,142,0.9402681589126587,0.05973184108734131,0.3456353545188904,128,True,False,False,False
STRAIN_001012,3,LOCAL_W10,3,242,0.9393423795700073,0.060657620429992676,0.3483036160469055,128,True,False,False,False
STRAIN_001012,3,LOCAL_W10,4,342,0.9325613975524902,0.06743860244750977,0.3672563135623932,128,True,False,False,False
STRAIN_001012,3,LOCAL_W10,5,442,0.9401142001152039,0.05988579988479614,0.3460805416107178,128,True,False,False,False
STRAIN_001022,3,LOCAL_W10,1,42,0.9413652420043945,0.05863475799560547,0.3424464762210846,128,True,False,False,False
STRAIN_001022,3,LOCAL_W10,2,142,0.9398747086524963,0.06012529134750366,0.346771776676178,128,True,False,False,False
STRAIN_001022,3,LOCAL_W10,3,242,0.9417856931686401,0.05821430683135986,0.341216504573822,128,True,False,False,False
STRAIN_001022,3,LOCAL_W10,4,342,0.9393706917762756,0.060629308223724365,0.34822213649749756,128,True,False,False,False
STRAIN_001022,3,LOCAL_W10,5,442,0.9377816915512085,0.062218308448791504,0.3527558743953705,128,True,False,False,False
