strain_entity_id,outer_fold,control_type,replicate,seed,cosine_true_control,embedding_displacement,l2_distance,embedding_dimension,fold_matched_encoder,phenotype_labels_used,encoder_retrained,encoder_finetuned
STRAIN_000025,2,GLOBAL_CONTIG,1,42,0.5480931997299194,0.45190680027008057,0.9506910443305969,128,True,False,False,False
STRAIN_000025,2,GLOBAL_CONTIG,2,142,0.5349248051643372,0.46507519483566284,0.964443027973175,128,True,False,False,False
STRAIN_000025,2,GLOBAL_CONTIG,3,242,0.5399748682975769,0.4600251317024231,0.9591924548149109,128,True,False,False,False
STRAIN_000025,2,GLOBAL_CONTIG,4,342,0.54820317029953,0.45179682970046997,0.9505753517150879,128,True,False,False,False
STRAIN_000025,2,GLOBAL_CONTIG,5,442,0.5472896695137024,0.4527103304862976,0.9515358805656433,128,True,False,False,False
STRAIN_000026,2,GLOBAL_CONTIG,1,42,0.6777732372283936,0.32222676277160645,0.8027786016464233,128,True,False,False,False
STRAIN_000026,2,GLOBAL_CONTIG,2,142,0.6530126929283142,0.3469873070716858,0.8330513834953308,128,True,False,False,False
STRAIN_000026,2,GLOBAL_CONTIG,3,242,0.6610053181648254,0.33899468183517456,0.8234010934829712,128,True,False,False,False
STRAIN_000026,2,GLOBAL_CONTIG,4,342,0.6757451295852661,0.3242548704147339,0.8053010106086731,128,True,False,False,False
STRAIN_000026,2,GLOBAL_CONTIG,5,442,0.7112926840782166,0.28870731592178345,0.7598780393600464,128,True,False,False,False
STRAIN_000027,2,GLOBAL_CONTIG,1,42,0.7053911685943604,0.29460883140563965,0.767605185508728,128,True,False,False,False
STRAIN_000027,2,GLOBAL_CONTIG,2,142,0.7205747365951538,0.2794252634048462,0.7475630640983582,128,True,False,False,False
STRAIN_000027,2,GLOBAL_CONTIG,3,242,0.6959350109100342,0.3040649890899658,0.7798269391059875,128,True,False,False,False
STRAIN_000027,2,GLOBAL_CONTIG,4,342,0.6922957301139832,0.30770426988601685,0.7844799160957336,128,True,False,False,False
STRAIN_000027,2,GLOBAL_CONTIG,5,442,0.6739391088485718,0.3260608911514282,0.8075405955314636,128,True,False,False,False
STRAIN_000045,2,GLOBAL_CONTIG,1,42,0.6241468191146851,0.37585318088531494,0.8670099377632141,128,True,False,False,False
STRAIN_000045,2,GLOBAL_CONTIG,2,142,0.6216017007827759,0.3783982992172241,0.8699405193328857,128,True,False,False,False
STRAIN_000045,2,GLOBAL_CONTIG,3,242,0.6411086320877075,0.3588913679122925,0.8472205400466919,128,True,False,False,False
STRAIN_000045,2,GLOBAL_CONTIG,4,342,0.6330834627151489,0.3669165372848511,0.8566405177116394,128,True,False,False,False
STRAIN_000045,2,GLOBAL_CONTIG,5,442,0.6169193983078003,0.3830806016921997,0.8753064274787903,128,True,False,False,False
STRAIN_000046,2,GLOBAL_CONTIG,1,42,0.5956181287765503,0.4043818712234497,0.8993129134178162,128,True,False,False,False
STRAIN_000046,2,GLOBAL_CONTIG,2,142,0.6232848763465881,0.37671512365341187,0.8680036067962646,128,True,False,False,False
STRAIN_000046,2,GLOBAL_CONTIG,3,242,0.6604272127151489,0.3395727872848511,0.8241028785705566,128,True,False,False,False
STRAIN_000046,2,GLOBAL_CONTIG,4,342,0.6419413685798645,0.3580586314201355,0.8462371230125427,128,True,False,False,False
STRAIN_000046,2,GLOBAL_CONTIG,5,442,0.622706949710846,0.37729305028915405,0.8686691522598267,128,True,False,False,False
STRAIN_000047,2,GLOBAL_CONTIG,1,42,0.6178613305091858,0.3821386694908142,0.8742295503616333,128,True,False,False,False
STRAIN_000047,2,GLOBAL_CONTIG,2,142,0.6090716123580933,0.39092838764190674,0.8842267394065857,128,True,False,False,False
STRAIN_000047,2,GLOBAL_CONTIG,3,242,0.6206721067428589,0.3793278932571411,0.8710085153579712,128,True,False,False,False
STRAIN_000047,2,GLOBAL_CONTIG,4,342,0.6329343318939209,0.3670656681060791,0.8568146228790283,128,True,False,False,False
STRAIN_000047,2,GLOBAL_CONTIG,5,442,0.6189640164375305,0.3810359835624695,0.8729673624038696,128,True,False,False,False
STRAIN_000049,2,GLOBAL_CONTIG,1,42,0.638432502746582,0.36156749725341797,0.8503735065460205,128,True,False,False,False
STRAIN_000049,2,GLOBAL_CONTIG,2,142,0.6320747137069702,0.3679252862930298,0.8578174710273743,128,True,False,False,False
STRAIN_000049,2,GLOBAL_CONTIG,3,242,0.6432228088378906,0.3567771911621094,0.8447215557098389,128,True,False,False,False
STRAIN_000049,2,GLOBAL_CONTIG,4,342,0.6184257864952087,0.38157421350479126,0.8735837340354919,128,True,False,False,False
STRAIN_000049,2,GLOBAL_CONTIG,5,442,0.6265418529510498,0.3734581470489502,0.8642432689666748,128,True,False,False,False
STRAIN_000050,2,GLOBAL_CONTIG,1,42,0.6328533291816711,0.36714667081832886,0.8569091558456421,128,True,False,False,False
STRAIN_000050,2,GLOBAL_CONTIG,2,142,0.6191921830177307,0.3808078169822693,0.8727059364318848,128,True,False,False,False
STRAIN_000050,2,GLOBAL_CONTIG,3,242,0.6015002727508545,0.3984997272491455,0.892748236656189,128,True,False,False,False
STRAIN_000050,2,GLOBAL_CONTIG,4,342,0.6050176620483398,0.39498233795166016,0.8887995481491089,128,True,False,False,False
STRAIN_000050,2,GLOBAL_CONTIG,5,442,0.6171034574508667,0.3828965425491333,0.8750960826873779,128,True,False,False,False
STRAIN_000051,2,GLOBAL_CONTIG,1,42,0.6196757555007935,0.38032424449920654,0.8721517324447632,128,True,False,False,False
STRAIN_000051,2,GLOBAL_CONTIG,2,142,0.6028350591659546,0.3971649408340454,0.8912518620491028,128,True,False,False,False
STRAIN_000051,2,GLOBAL_CONTIG,3,242,0.6555776596069336,0.3444223403930664,0.8299668431282043,128,True,False,False,False
STRAIN_000051,2,GLOBAL_CONTIG,4,342,0.6167048811912537,0.38329511880874634,0.8755514025688171,128,True,False,False,False
STRAIN_000051,2,GLOBAL_CONTIG,5,442,0.6088066697120667,0.39119333028793335,0.8845263123512268,128,True,False,False,False
STRAIN_000052,2,GLOBAL_CONTIG,1,42,0.6128177642822266,0.38718223571777344,0.8799799084663391,128,True,False,False,False
STRAIN_000052,2,GLOBAL_CONTIG,2,142,0.5982156991958618,0.4017843008041382,0.8964199423789978,128,True,False,False,False
STRAIN_000052,2,GLOBAL_CONTIG,3,242,0.634621262550354,0.365378737449646,0.8548435568809509,128,True,False,False,False
STRAIN_000052,2,GLOBAL_CONTIG,4,342,0.6020110249519348,0.3979889750480652,0.8921760320663452,128,True,False,False,False
STRAIN_000052,2,GLOBAL_CONTIG,5,442,0.620139479637146,0.379860520362854,0.8716198205947876,128,True,False,False,False
STRAIN_000053,2,GLOBAL_CONTIG,1,42,0.6270425319671631,0.3729574680328369,0.8636637330055237,128,True,False,False,False
STRAIN_000053,2,GLOBAL_CONTIG,2,142,0.6323288083076477,0.3676711916923523,0.8575210571289062,128,True,False,False,False
STRAIN_000053,2,GLOBAL_CONTIG,3,242,0.6161919832229614,0.3838080167770386,0.8761370182037354,128,True,False,False,False
STRAIN_000053,2,GLOBAL_CONTIG,4,342,0.6355960965156555,0.3644039034843445,0.8537024259567261,128,True,False,False,False
STRAIN_000053,2,GLOBAL_CONTIG,5,442,0.6170675158500671,0.38293248414993286,0.875137209892273,128,True,False,False,False
STRAIN_000054,2,GLOBAL_CONTIG,1,42,0.6453214287757874,0.35467857122421265,0.842233419418335,128,True,False,False,False
STRAIN_000054,2,GLOBAL_CONTIG,2,142,0.6358489990234375,0.3641510009765625,0.8534061312675476,128,True,False,False,False
STRAIN_000054,2,GLOBAL_CONTIG,3,242,0.6350756883621216,0.3649243116378784,0.8543118238449097,128,True,False,False,False
STRAIN_000054,2,GLOBAL_CONTIG,4,342,0.63849937915802,0.36150062084198,0.8502948880195618,128,True,False,False,False
STRAIN_000054,2,GLOBAL_CONTIG,5,442,0.6376256346702576,0.36237436532974243,0.8513217568397522,128,True,False,False,False
STRAIN_000055,2,GLOBAL_CONTIG,1,42,0.6046741008758545,0.3953258991241455,0.8891860246658325,128,True,False,False,False
STRAIN_000055,2,GLOBAL_CONTIG,2,142,0.6140944957733154,0.38590550422668457,0.8785277605056763,128,True,False,False,False
STRAIN_000055,2,GLOBAL_CONTIG,3,242,0.6100307703018188,0.38996922969818115,0.8831413984298706,128,True,False,False,False
STRAIN_000055,2,GLOBAL_CONTIG,4,342,0.6241841316223145,0.37581586837768555,0.8669671416282654,128,True,False,False,False
STRAIN_000055,2,GLOBAL_CONTIG,5,442,0.6261731386184692,0.37382686138153076,0.8646697402000427,128,True,False,False,False
STRAIN_000060,2,GLOBAL_CONTIG,1,42,0.6257213354110718,0.3742786645889282,0.8651919960975647,128,True,False,False,False
STRAIN_000060,2,GLOBAL_CONTIG,2,142,0.6448444128036499,0.3551555871963501,0.8427996039390564,128,True,False,False,False
STRAIN_000060,2,GLOBAL_CONTIG,3,242,0.6074656248092651,0.39253437519073486,0.8860409259796143,128,True,False,False,False
STRAIN_000060,2,GLOBAL_CONTIG,4,342,0.6221950054168701,0.3778049945831299,0.8692582845687866,128,True,False,False,False
STRAIN_000060,2,GLOBAL_CONTIG,5,442,0.6345155239105225,0.36548447608947754,0.8549670577049255,128,True,False,False,False
STRAIN_000066,2,GLOBAL_CONTIG,1,42,0.5441447496414185,0.45585525035858154,0.9548354148864746,128,True,False,False,False
STRAIN_000066,2,GLOBAL_CONTIG,2,142,0.5508061647415161,0.4491938352584839,0.9478331804275513,128,True,False,False,False
STRAIN_000066,2,GLOBAL_CONTIG,3,242,0.5776001811027527,0.4223998188972473,0.9191299080848694,128,True,False,False,False
STRAIN_000066,2,GLOBAL_CONTIG,4,342,0.56818687915802,0.43181312084198,0.9293149709701538,128,True,False,False,False
STRAIN_000066,2,GLOBAL_CONTIG,5,442,0.5565467476844788,0.44345325231552124,0.9417572021484375,128,True,False,False,False
STRAIN_000073,2,GLOBAL_CONTIG,1,42,0.7863198518753052,0.21368014812469482,0.6537278890609741,128,True,False,False,False
STRAIN_000073,2,GLOBAL_CONTIG,2,142,0.7004235982894897,0.29957640171051025,0.7740496397018433,128,True,False,False,False
STRAIN_000073,2,GLOBAL_CONTIG,3,242,0.7334522604942322,0.2665477395057678,0.7301338315010071,128,True,False,False,False
STRAIN_000073,2,GLOBAL_CONTIG,4,342,0.6487566828727722,0.3512433171272278,0.838144838809967,128,True,False,False,False
STRAIN_000073,2,GLOBAL_CONTIG,5,442,0.7593057155609131,0.24069428443908691,0.6938216686248779,128,True,False,False,False
STRAIN_000078,2,GLOBAL_CONTIG,1,42,0.6776517629623413,0.3223482370376587,0.8029299378395081,128,True,False,False,False
STRAIN_000078,2,GLOBAL_CONTIG,2,142,0.6735520362854004,0.3264479637145996,0.808019757270813,128,True,False,False,False
STRAIN_000078,2,GLOBAL_CONTIG,3,242,0.6365294456481934,0.36347055435180664,0.852608323097229,128,True,False,False,False
STRAIN_000078,2,GLOBAL_CONTIG,4,342,0.653172492980957,0.34682750701904297,0.8328595757484436,128,True,False,False,False
STRAIN_000078,2,GLOBAL_CONTIG,5,442,0.6500873565673828,0.3499126434326172,0.8365556597709656,128,True,False,False,False
STRAIN_000100,2,GLOBAL_CONTIG,1,42,0.6294369697570801,0.3705630302429199,0.8608866930007935,128,True,False,False,False
STRAIN_000100,2,GLOBAL_CONTIG,2,142,0.6350850462913513,0.3649149537086487,0.8543007373809814,128,True,False,False,False
STRAIN_000100,2,GLOBAL_CONTIG,3,242,0.61859530210495,0.38140469789505005,0.8733895421028137,128,True,False,False,False
STRAIN_000100,2,GLOBAL_CONTIG,4,342,0.6026721000671387,0.39732789993286133,0.8914344906806946,128,True,False,False,False
STRAIN_000100,2,GLOBAL_CONTIG,5,442,0.5929673910140991,0.4070326089859009,0.902255654335022,128,True,False,False,False
STRAIN_000101,2,GLOBAL_CONTIG,1,42,0.5964514017105103,0.40354859828948975,0.8983858823776245,128,True,False,False,False
STRAIN_000101,2,GLOBAL_CONTIG,2,142,0.5991466045379639,0.40085339546203613,0.8953807950019836,128,True,False,False,False
STRAIN_000101,2,GLOBAL_CONTIG,3,242,0.5392965078353882,0.4607034921646118,0.9598994255065918,128,True,False,False,False
STRAIN_000101,2,GLOBAL_CONTIG,4,342,0.572352945804596,0.42764705419540405,0.9248211979866028,128,True,False,False,False
STRAIN_000101,2,GLOBAL_CONTIG,5,442,0.5698754191398621,0.43012458086013794,0.9274962544441223,128,True,False,False,False
STRAIN_000109,2,GLOBAL_CONTIG,1,42,0.5961146354675293,0.4038853645324707,0.8987606763839722,128,True,False,False,False
STRAIN_000109,2,GLOBAL_CONTIG,2,142,0.6058182716369629,0.3941817283630371,0.8878983855247498,128,True,False,False,False
STRAIN_000109,2,GLOBAL_CONTIG,3,242,0.6363670825958252,0.3636329174041748,0.8527988195419312,128,True,False,False,False
STRAIN_000109,2,GLOBAL_CONTIG,4,342,0.6478332877159119,0.35216671228408813,0.8392458558082581,128,True,False,False,False
STRAIN_000109,2,GLOBAL_CONTIG,5,442,0.6181836724281311,0.3818163275718689,0.8738608956336975,128,True,False,False,False
STRAIN_000126,2,GLOBAL_CONTIG,1,42,0.5923492908477783,0.4076507091522217,0.9029404520988464,128,True,False,False,False
STRAIN_000126,2,GLOBAL_CONTIG,2,142,0.5930864214897156,0.4069135785102844,0.9021236896514893,128,True,False,False,False
STRAIN_000126,2,GLOBAL_CONTIG,3,242,0.5724501609802246,0.4275498390197754,0.924716055393219,128,True,False,False,False
STRAIN_000126,2,GLOBAL_CONTIG,4,342,0.5667807459831238,0.4332192540168762,0.9308267831802368,128,True,False,False,False
STRAIN_000126,2,GLOBAL_CONTIG,5,442,0.6027848720550537,0.3972151279449463,0.8913081288337708,128,True,False,False,False
STRAIN_000128,2,GLOBAL_CONTIG,1,42,0.6817272901535034,0.3182727098464966,0.797838032245636,128,True,False,False,False
STRAIN_000128,2,GLOBAL_CONTIG,2,142,0.6908257007598877,0.3091742992401123,0.7863513827323914,128,True,False,False,False
STRAIN_000128,2,GLOBAL_CONTIG,3,242,0.6859880089759827,0.31401199102401733,0.7924795150756836,128,True,False,False,False
STRAIN_000128,2,GLOBAL_CONTIG,4,342,0.7086232900619507,0.2913767099380493,0.7633829116821289,128,True,False,False,False
STRAIN_000128,2,GLOBAL_CONTIG,5,442,0.7073571681976318,0.29264283180236816,0.7650396823883057,128,True,False,False,False
STRAIN_000136,2,GLOBAL_CONTIG,1,42,0.7981151938438416,0.20188480615615845,0.6354286074638367,128,True,False,False,False
STRAIN_000136,2,GLOBAL_CONTIG,2,142,0.7828965783119202,0.21710342168807983,0.658943772315979,128,True,False,False,False
STRAIN_000136,2,GLOBAL_CONTIG,3,242,0.8020899295806885,0.19791007041931152,0.6291423439979553,128,True,False,False,False
STRAIN_000136,2,GLOBAL_CONTIG,4,342,0.7904919981956482,0.2095080018043518,0.6473144292831421,128,True,False,False,False
STRAIN_000136,2,GLOBAL_CONTIG,5,442,0.7880198359489441,0.2119801640510559,0.6511223316192627,128,True,False,False,False
STRAIN_000137,2,GLOBAL_CONTIG,1,42,0.6697099208831787,0.3302900791168213,0.8127608299255371,128,True,False,False,False
STRAIN_000137,2,GLOBAL_CONTIG,2,142,0.6525454521179199,0.3474545478820801,0.8336120247840881,128,True,False,False,False
STRAIN_000137,2,GLOBAL_CONTIG,3,242,0.6648397445678711,0.3351602554321289,0.818730890750885,128,True,False,False,False
STRAIN_000137,2,GLOBAL_CONTIG,4,342,0.6718782186508179,0.32812178134918213,0.8100885152816772,128,True,False,False,False
STRAIN_000137,2,GLOBAL_CONTIG,5,442,0.6373459100723267,0.36265408992767334,0.8516501188278198,128,True,False,False,False
STRAIN_000138,2,GLOBAL_CONTIG,1,42,0.6834865808486938,0.31651341915130615,0.7956299781799316,128,True,False,False,False
STRAIN_000138,2,GLOBAL_CONTIG,2,142,0.6542981863021851,0.34570181369781494,0.8315068483352661,128,True,False,False,False
STRAIN_000138,2,GLOBAL_CONTIG,3,242,0.6472234725952148,0.35277652740478516,0.8399720788002014,128,True,False,False,False
STRAIN_000138,2,GLOBAL_CONTIG,4,342,0.6328828930854797,0.36711710691452026,0.8568747043609619,128,True,False,False,False
STRAIN_000138,2,GLOBAL_CONTIG,5,442,0.6524815559387207,0.3475184440612793,0.8336886763572693,128,True,False,False,False
STRAIN_000139,2,GLOBAL_CONTIG,1,42,0.6457970142364502,0.3542029857635498,0.8416684865951538,128,True,False,False,False
STRAIN_000139,2,GLOBAL_CONTIG,2,142,0.6187114715576172,0.3812885284423828,0.8732566237449646,128,True,False,False,False
STRAIN_000139,2,GLOBAL_CONTIG,3,242,0.6369004249572754,0.3630995750427246,0.8521731495857239,128,True,False,False,False
STRAIN_000139,2,GLOBAL_CONTIG,4,342,0.6462579965591431,0.35374200344085693,0.8411206603050232,128,True,False,False,False
STRAIN_000139,2,GLOBAL_CONTIG,5,442,0.6546722054481506,0.34532779455184937,0.8310568928718567,128,True,False,False,False
STRAIN_000140,2,GLOBAL_CONTIG,1,42,0.5387470126152039,0.46125298738479614,0.9604717493057251,128,True,False,False,False
STRAIN_000140,2,GLOBAL_CONTIG,2,142,0.5315133333206177,0.4684866666793823,0.9679738283157349,128,True,False,False,False
STRAIN_000140,2,GLOBAL_CONTIG,3,242,0.5239641070365906,0.4760358929634094,0.9757416844367981,128,True,False,False,False
STRAIN_000140,2,GLOBAL_CONTIG,4,342,0.5105977058410645,0.48940229415893555,0.9893456101417542,128,True,False,False,False
STRAIN_000140,2,GLOBAL_CONTIG,5,442,0.5223663449287415,0.47763365507125854,0.9773778319358826,128,True,False,False,False
STRAIN_000141,2,GLOBAL_CONTIG,1,42,0.8737277984619141,0.12627220153808594,0.5025380849838257,128,True,False,False,False
STRAIN_000141,2,GLOBAL_CONTIG,2,142,0.8506752252578735,0.14932477474212646,0.546488344669342,128,True,False,False,False
STRAIN_000141,2,GLOBAL_CONTIG,3,242,0.8837698698043823,0.11623013019561768,0.48214149475097656,128,True,False,False,False
STRAIN_000141,2,GLOBAL_CONTIG,4,342,0.875230073928833,0.12476992607116699,0.49953994154930115,128,True,False,False,False
STRAIN_000141,2,GLOBAL_CONTIG,5,442,0.8562370538711548,0.14376294612884521,0.5362144708633423,128,True,False,False,False
STRAIN_000144,2,GLOBAL_CONTIG,1,42,0.5772192478179932,0.42278075218200684,0.9195442199707031,128,True,False,False,False
STRAIN_000144,2,GLOBAL_CONTIG,2,142,0.5966063141822815,0.4033936858177185,0.8982135057449341,128,True,False,False,False
STRAIN_000144,2,GLOBAL_CONTIG,3,242,0.5531851053237915,0.4468148946762085,0.9453199505805969,128,True,False,False,False
STRAIN_000144,2,GLOBAL_CONTIG,4,342,0.6099635362625122,0.3900364637374878,0.8832173943519592,128,True,False,False,False
STRAIN_000144,2,GLOBAL_CONTIG,5,442,0.5647110939025879,0.4352889060974121,0.9330476522445679,128,True,False,False,False
STRAIN_000145,2,GLOBAL_CONTIG,1,42,0.6803258657455444,0.31967413425445557,0.7995926141738892,128,True,False,False,False
STRAIN_000145,2,GLOBAL_CONTIG,2,142,0.6419144868850708,0.3580855131149292,0.846268892288208,128,True,False,False,False
STRAIN_000145,2,GLOBAL_CONTIG,3,242,0.6578519940376282,0.3421480059623718,0.8272218704223633,128,True,False,False,False
STRAIN_000145,2,GLOBAL_CONTIG,4,342,0.6269791722297668,0.37302082777023315,0.8637370467185974,128,True,False,False,False
STRAIN_000145,2,GLOBAL_CONTIG,5,442,0.6856515407562256,0.3143484592437744,0.7929040789604187,128,True,False,False,False
STRAIN_000156,2,GLOBAL_CONTIG,1,42,0.6631760597229004,0.3368239402770996,0.8207606077194214,128,True,False,False,False
STRAIN_000156,2,GLOBAL_CONTIG,2,142,0.6771150827407837,0.3228849172592163,0.8035980463027954,128,True,False,False,False
STRAIN_000156,2,GLOBAL_CONTIG,3,242,0.6706874370574951,0.3293125629425049,0.8115572929382324,128,True,False,False,False
STRAIN_000156,2,GLOBAL_CONTIG,4,342,0.6665396094322205,0.33346039056777954,0.8166521787643433,128,True,False,False,False
STRAIN_000156,2,GLOBAL_CONTIG,5,442,0.6923501491546631,0.3076498508453369,0.7844104766845703,128,True,False,False,False
STRAIN_000160,2,GLOBAL_CONTIG,1,42,0.8970322608947754,0.10296773910522461,0.4538010060787201,128,True,False,False,False
STRAIN_000160,2,GLOBAL_CONTIG,2,142,0.8817100524902344,0.11828994750976562,0.4863946735858917,128,True,False,False,False
STRAIN_000160,2,GLOBAL_CONTIG,3,242,0.8872743248939514,0.11272567510604858,0.4748172461986542,128,True,False,False,False
STRAIN_000160,2,GLOBAL_CONTIG,4,342,0.8845846056938171,0.11541539430618286,0.48044848442077637,128,True,False,False,False
STRAIN_000160,2,GLOBAL_CONTIG,5,442,0.8952301740646362,0.10476982593536377,0.45775511860847473,128,True,False,False,False
STRAIN_000171,2,GLOBAL_CONTIG,1,42,0.6270932555198669,0.37290674448013306,0.8636048436164856,128,True,False,False,False
STRAIN_000171,2,GLOBAL_CONTIG,2,142,0.6173394322395325,0.38266056776046753,0.8748262524604797,128,True,False,False,False
STRAIN_000171,2,GLOBAL_CONTIG,3,242,0.5988139510154724,0.4011860489845276,0.8957522511482239,128,True,False,False,False
STRAIN_000171,2,GLOBAL_CONTIG,4,342,0.6330728530883789,0.3669271469116211,0.8566530346870422,128,True,False,False,False
STRAIN_000171,2,GLOBAL_CONTIG,5,442,0.6566634178161621,0.3433365821838379,0.8286573886871338,128,True,False,False,False
STRAIN_000176,2,GLOBAL_CONTIG,1,42,0.6185775995254517,0.38142240047454834,0.8734098076820374,128,True,False,False,False
STRAIN_000176,2,GLOBAL_CONTIG,2,142,0.5991133451461792,0.4008866548538208,0.8954179883003235,128,True,False,False,False
STRAIN_000176,2,GLOBAL_CONTIG,3,242,0.58781898021698,0.41218101978302,0.907943844795227,128,True,False,False,False
STRAIN_000176,2,GLOBAL_CONTIG,4,342,0.5924146175384521,0.40758538246154785,0.9028680324554443,128,True,False,False,False
STRAIN_000176,2,GLOBAL_CONTIG,5,442,0.593106746673584,0.406893253326416,0.9021012187004089,128,True,False,False,False
STRAIN_000179,2,GLOBAL_CONTIG,1,42,0.6500598788261414,0.34994012117385864,0.8365885019302368,128,True,False,False,False
STRAIN_000179,2,GLOBAL_CONTIG,2,142,0.6417099833488464,0.35829001665115356,0.8465105295181274,128,True,False,False,False
STRAIN_000179,2,GLOBAL_CONTIG,3,242,0.6266442537307739,0.3733557462692261,0.8641247749328613,128,True,False,False,False
STRAIN_000179,2,GLOBAL_CONTIG,4,342,0.6207122802734375,0.3792877197265625,0.8709625005722046,128,True,False,False,False
STRAIN_000179,2,GLOBAL_CONTIG,5,442,0.6172610521316528,0.38273894786834717,0.8749159574508667,128,True,False,False,False
STRAIN_000195,2,GLOBAL_CONTIG,1,42,0.8587655425071716,0.14123445749282837,0.5314780473709106,128,True,False,False,False
STRAIN_000195,2,GLOBAL_CONTIG,2,142,0.8670258522033691,0.13297414779663086,0.5157016515731812,128,True,False,False,False
STRAIN_000195,2,GLOBAL_CONTIG,3,242,0.858508288860321,0.14149171113967896,0.5319619178771973,128,True,False,False,False
STRAIN_000195,2,GLOBAL_CONTIG,4,342,0.8583970665931702,0.14160293340682983,0.5321708917617798,128,True,False,False,False
STRAIN_000195,2,GLOBAL_CONTIG,5,442,0.8623093366622925,0.13769066333770752,0.5247678756713867,128,True,False,False,False
STRAIN_000200,2,GLOBAL_CONTIG,1,42,0.6313490271568298,0.36865097284317017,0.8586629033088684,128,True,False,False,False
STRAIN_000200,2,GLOBAL_CONTIG,2,142,0.6172838807106018,0.3827161192893982,0.8748898506164551,128,True,False,False,False
STRAIN_000200,2,GLOBAL_CONTIG,3,242,0.6207895874977112,0.3792104125022888,0.8708736896514893,128,True,False,False,False
STRAIN_000200,2,GLOBAL_CONTIG,4,342,0.6401333212852478,0.3598666787147522,0.8483710289001465,128,True,False,False,False
STRAIN_000200,2,GLOBAL_CONTIG,5,442,0.6140010952949524,0.3859989047050476,0.8786340951919556,128,True,False,False,False
STRAIN_000201,2,GLOBAL_CONTIG,1,42,0.6334323287010193,0.3665676712989807,0.8562332391738892,128,True,False,False,False
STRAIN_000201,2,GLOBAL_CONTIG,2,142,0.6343217492103577,0.36567825078964233,0.8551937937736511,128,True,False,False,False
STRAIN_000201,2,GLOBAL_CONTIG,3,242,0.6318225860595703,0.3681774139404297,0.8581112027168274,128,True,False,False,False
STRAIN_000201,2,GLOBAL_CONTIG,4,342,0.6376451253890991,0.3623548746109009,0.8512988686561584,128,True,False,False,False
STRAIN_000201,2,GLOBAL_CONTIG,5,442,0.6259832382202148,0.37401676177978516,0.8648892641067505,128,True,False,False,False
STRAIN_000204,2,GLOBAL_CONTIG,1,42,0.616024911403656,0.383975088596344,0.8763275742530823,128,True,False,False,False
STRAIN_000204,2,GLOBAL_CONTIG,2,142,0.6428878307342529,0.35711216926574707,0.8451178669929504,128,True,False,False,False
STRAIN_000204,2,GLOBAL_CONTIG,3,242,0.6068174242973328,0.39318257570266724,0.8867723345756531,128,True,False,False,False
STRAIN_000204,2,GLOBAL_CONTIG,4,342,0.6247347593307495,0.3752652406692505,0.8663315773010254,128,True,False,False,False
STRAIN_000204,2,GLOBAL_CONTIG,5,442,0.6368916034698486,0.36310839653015137,0.85218346118927,128,True,False,False,False
STRAIN_000205,2,GLOBAL_CONTIG,1,42,0.6591002345085144,0.3408997654914856,0.8257115483283997,128,True,False,False,False
STRAIN_000205,2,GLOBAL_CONTIG,2,142,0.6686376333236694,0.33136236667633057,0.8140791654586792,128,True,False,False,False
STRAIN_000205,2,GLOBAL_CONTIG,3,242,0.62065589427948,0.37934410572052,0.8710271120071411,128,True,False,False,False
STRAIN_000205,2,GLOBAL_CONTIG,4,342,0.6696242690086365,0.3303757309913635,0.8128662109375,128,True,False,False,False
STRAIN_000205,2,GLOBAL_CONTIG,5,442,0.6468355059623718,0.3531644940376282,0.8404338359832764,128,True,False,False,False
STRAIN_000206,2,GLOBAL_CONTIG,1,42,0.6633468866348267,0.33665311336517334,0.820552408695221,128,True,False,False,False
STRAIN_000206,2,GLOBAL_CONTIG,2,142,0.6427754163742065,0.35722458362579346,0.8452509641647339,128,True,False,False,False
STRAIN_000206,2,GLOBAL_CONTIG,3,242,0.6516484022140503,0.3483515977859497,0.8346874713897705,128,True,False,False,False
STRAIN_000206,2,GLOBAL_CONTIG,4,342,0.6545112729072571,0.3454887270927429,0.8312505483627319,128,True,False,False,False
STRAIN_000206,2,GLOBAL_CONTIG,5,442,0.6356918215751648,0.3643081784248352,0.8535902500152588,128,True,False,False,False
STRAIN_000210,2,GLOBAL_CONTIG,1,42,0.6870071887969971,0.31299281120300293,0.7911924719810486,128,True,False,False,False
STRAIN_000210,2,GLOBAL_CONTIG,2,142,0.683627724647522,0.316372275352478,0.7954524159431458,128,True,False,False,False
STRAIN_000210,2,GLOBAL_CONTIG,3,242,0.6815624237060547,0.3184375762939453,0.7980445027351379,128,True,False,False,False
STRAIN_000210,2,GLOBAL_CONTIG,4,342,0.6658774614334106,0.33412253856658936,0.8174625635147095,128,True,False,False,False
STRAIN_000210,2,GLOBAL_CONTIG,5,442,0.6807098388671875,0.3192901611328125,0.7991122007369995,128,True,False,False,False
STRAIN_000212,2,GLOBAL_CONTIG,1,42,0.5847913026809692,0.41520869731903076,0.911272406578064,128,True,False,False,False
STRAIN_000212,2,GLOBAL_CONTIG,2,142,0.5961629152297974,0.40383708477020264,0.8987070322036743,128,True,False,False,False
STRAIN_000212,2,GLOBAL_CONTIG,3,242,0.57454913854599,0.42545086145401,0.9224434494972229,128,True,False,False,False
STRAIN_000212,2,GLOBAL_CONTIG,4,342,0.5853727459907532,0.4146272540092468,0.9106341600418091,128,True,False,False,False
STRAIN_000212,2,GLOBAL_CONTIG,5,442,0.6023958921432495,0.3976041078567505,0.8917444348335266,128,True,False,False,False
STRAIN_000213,2,GLOBAL_CONTIG,1,42,0.5995142459869385,0.4004857540130615,0.8949701189994812,128,True,False,False,False
STRAIN_000213,2,GLOBAL_CONTIG,2,142,0.6057990789413452,0.3942009210586548,0.8879200220108032,128,True,False,False,False
STRAIN_000213,2,GLOBAL_CONTIG,3,242,0.5954186916351318,0.40458130836486816,0.8995347619056702,128,True,False,False,False
STRAIN_000213,2,GLOBAL_CONTIG,4,342,0.6318849325180054,0.36811506748199463,0.8580386638641357,128,True,False,False,False
STRAIN_000213,2,GLOBAL_CONTIG,5,442,0.6381615996360779,0.3618384003639221,0.8506919145584106,128,True,False,False,False
STRAIN_000220,2,GLOBAL_CONTIG,1,42,0.6849812269210815,0.31501877307891846,0.7937489748001099,128,True,False,False,False
STRAIN_000220,2,GLOBAL_CONTIG,2,142,0.6617195010185242,0.33828049898147583,0.8225331902503967,128,True,False,False,False
STRAIN_000220,2,GLOBAL_CONTIG,3,242,0.6767182350158691,0.32328176498413086,0.8040916323661804,128,True,False,False,False
STRAIN_000220,2,GLOBAL_CONTIG,4,342,0.6944836974143982,0.3055163025856018,0.7816856503486633,128,True,False,False,False
STRAIN_000220,2,GLOBAL_CONTIG,5,442,0.7308289408683777,0.2691710591316223,0.7337179183959961,128,True,False,False,False
STRAIN_000222,2,GLOBAL_CONTIG,1,42,0.643900990486145,0.356099009513855,0.8439183235168457,128,True,False,False,False
STRAIN_000222,2,GLOBAL_CONTIG,2,142,0.6556520462036133,0.3443479537963867,0.8298771381378174,128,True,False,False,False
STRAIN_000222,2,GLOBAL_CONTIG,3,242,0.674179196357727,0.32582080364227295,0.807243287563324,128,True,False,False,False
STRAIN_000222,2,GLOBAL_CONTIG,4,342,0.611542284488678,0.388457715511322,0.8814281225204468,128,True,False,False,False
STRAIN_000222,2,GLOBAL_CONTIG,5,442,0.6777825355529785,0.3222174644470215,0.8027671575546265,128,True,False,False,False
STRAIN_000223,2,GLOBAL_CONTIG,1,42,0.6134036779403687,0.38659632205963135,0.8793137669563293,128,True,False,False,False
STRAIN_000223,2,GLOBAL_CONTIG,2,142,0.6202526092529297,0.3797473907470703,0.8714900016784668,128,True,False,False,False
STRAIN_000223,2,GLOBAL_CONTIG,3,242,0.6708352565765381,0.3291647434234619,0.811375081539154,128,True,False,False,False
STRAIN_000223,2,GLOBAL_CONTIG,4,342,0.6399473547935486,0.3600526452064514,0.8485901355743408,128,True,False,False,False
STRAIN_000223,2,GLOBAL_CONTIG,5,442,0.6446201801300049,0.3553798198699951,0.8430655598640442,128,True,False,False,False
STRAIN_000225,2,GLOBAL_CONTIG,1,42,0.6294084787368774,0.37059152126312256,0.8609200119972229,128,True,False,False,False
STRAIN_000225,2,GLOBAL_CONTIG,2,142,0.6692575812339783,0.33074241876602173,0.8133172392845154,128,True,False,False,False
STRAIN_000225,2,GLOBAL_CONTIG,3,242,0.6512469053268433,0.34875309467315674,0.8351683020591736,128,True,False,False,False
STRAIN_000225,2,GLOBAL_CONTIG,4,342,0.636374294757843,0.363625705242157,0.8527904152870178,128,True,False,False,False
STRAIN_000225,2,GLOBAL_CONTIG,5,442,0.655012845993042,0.344987154006958,0.8306469917297363,128,True,False,False,False
STRAIN_000226,2,GLOBAL_CONTIG,1,42,0.6729275584220886,0.3270724415779114,0.808792233467102,128,True,False,False,False
STRAIN_000226,2,GLOBAL_CONTIG,2,142,0.6345884203910828,0.36541157960891724,0.854882001876831,128,True,False,False,False
STRAIN_000226,2,GLOBAL_CONTIG,3,242,0.6756608486175537,0.3243391513824463,0.8054057359695435,128,True,False,False,False
STRAIN_000226,2,GLOBAL_CONTIG,4,342,0.6685446500778198,0.3314553499221802,0.8141933083534241,128,True,False,False,False
STRAIN_000226,2,GLOBAL_CONTIG,5,442,0.6704147458076477,0.3295852541923523,0.8118932247161865,128,True,False,False,False
STRAIN_000227,2,GLOBAL_CONTIG,1,42,0.6393684148788452,0.3606315851211548,0.8492720723152161,128,True,False,False,False
STRAIN_000227,2,GLOBAL_CONTIG,2,142,0.6645447611808777,0.3354552388191223,0.8190912008285522,128,True,False,False,False
STRAIN_000227,2,GLOBAL_CONTIG,3,242,0.6337175369262695,0.36628246307373047,0.85589998960495,128,True,False,False,False
STRAIN_000227,2,GLOBAL_CONTIG,4,342,0.6371741890907288,0.36282581090927124,0.8518518805503845,128,True,False,False,False
STRAIN_000227,2,GLOBAL_CONTIG,5,442,0.6312709450721741,0.3687290549278259,0.8587537407875061,128,True,False,False,False
STRAIN_000232,2,GLOBAL_CONTIG,1,42,0.7615069150924683,0.23849308490753174,0.6906417012214661,128,True,False,False,False
STRAIN_000232,2,GLOBAL_CONTIG,2,142,0.8002012968063354,0.19979870319366455,0.6321370601654053,128,True,False,False,False
STRAIN_000232,2,GLOBAL_CONTIG,3,242,0.746370792388916,0.253629207611084,0.7122209072113037,128,True,False,False,False
STRAIN_000232,2,GLOBAL_CONTIG,4,342,0.7994214296340942,0.20057857036590576,0.6333696246147156,128,True,False,False,False
STRAIN_000232,2,GLOBAL_CONTIG,5,442,0.778878927230835,0.22112107276916504,0.6650129556655884,128,True,False,False,False
STRAIN_000242,2,GLOBAL_CONTIG,1,42,0.5863001346588135,0.4136998653411865,0.9096150994300842,128,True,False,False,False
STRAIN_000242,2,GLOBAL_CONTIG,2,142,0.5698179602622986,0.4301820397377014,0.9275581240653992,128,True,False,False,False
STRAIN_000242,2,GLOBAL_CONTIG,3,242,0.5701137781143188,0.42988622188568115,0.9272390604019165,128,True,False,False,False
STRAIN_000242,2,GLOBAL_CONTIG,4,342,0.5442931056022644,0.4557068943977356,0.9546799659729004,128,True,False,False,False
STRAIN_000242,2,GLOBAL_CONTIG,5,442,0.5608605742454529,0.4391394257545471,0.9371652603149414,128,True,False,False,False
STRAIN_000246,2,GLOBAL_CONTIG,1,42,0.6454282999038696,0.35457170009613037,0.8421065807342529,128,True,False,False,False
STRAIN_000246,2,GLOBAL_CONTIG,2,142,0.6366807222366333,0.3633192777633667,0.852431058883667,128,True,False,False,False
STRAIN_000246,2,GLOBAL_CONTIG,3,242,0.6524051427841187,0.34759485721588135,0.8337803483009338,128,True,False,False,False
STRAIN_000246,2,GLOBAL_CONTIG,4,342,0.6337428092956543,0.3662571907043457,0.8558706045150757,128,True,False,False,False
STRAIN_000246,2,GLOBAL_CONTIG,5,442,0.6126322746276855,0.38736772537231445,0.8801904916763306,128,True,False,False,False
STRAIN_000247,2,GLOBAL_CONTIG,1,42,0.69202721118927,0.30797278881073,0.7848219275474548,128,True,False,False,False
STRAIN_000247,2,GLOBAL_CONTIG,2,142,0.6751492023468018,0.32485079765319824,0.8060407042503357,128,True,False,False,False
STRAIN_000247,2,GLOBAL_CONTIG,3,242,0.646625280380249,0.353374719619751,0.8406838178634644,128,True,False,False,False
STRAIN_000247,2,GLOBAL_CONTIG,4,342,0.6632257699966431,0.33677423000335693,0.8206999897956848,128,True,False,False,False
STRAIN_000247,2,GLOBAL_CONTIG,5,442,0.6918187737464905,0.3081812262535095,0.7850874066352844,128,True,False,False,False
STRAIN_000253,2,GLOBAL_CONTIG,1,42,0.5374807119369507,0.4625192880630493,0.9617891907691956,128,True,False,False,False
STRAIN_000253,2,GLOBAL_CONTIG,2,142,0.5451725125312805,0.4548274874687195,0.9537583589553833,128,True,False,False,False
STRAIN_000253,2,GLOBAL_CONTIG,3,242,0.5355125665664673,0.4644874334335327,0.9638334512710571,128,True,False,False,False
STRAIN_000253,2,GLOBAL_CONTIG,4,342,0.5354860424995422,0.46451395750045776,0.9638609886169434,128,True,False,False,False
STRAIN_000253,2,GLOBAL_CONTIG,5,442,0.5358628630638123,0.46413713693618774,0.9634698629379272,128,True,False,False,False
STRAIN_000258,2,GLOBAL_CONTIG,1,42,0.6366212368011475,0.36337876319885254,0.8525006771087646,128,True,False,False,False
STRAIN_000258,2,GLOBAL_CONTIG,2,142,0.6587896347045898,0.34121036529541016,0.826087474822998,128,True,False,False,False
STRAIN_000258,2,GLOBAL_CONTIG,3,242,0.6443468332290649,0.35565316677093506,0.843389630317688,128,True,False,False,False
STRAIN_000258,2,GLOBAL_CONTIG,4,342,0.6794664263725281,0.3205335736274719,0.8006666302680969,128,True,False,False,False
STRAIN_000258,2,GLOBAL_CONTIG,5,442,0.6392350792884827,0.36076492071151733,0.8494291305541992,128,True,False,False,False
STRAIN_000262,2,GLOBAL_CONTIG,1,42,0.5678511261940002,0.43214887380599976,0.9296761751174927,128,True,False,False,False
STRAIN_000262,2,GLOBAL_CONTIG,2,142,0.6010522842407227,0.39894771575927734,0.8932499885559082,128,True,False,False,False
STRAIN_000262,2,GLOBAL_CONTIG,3,242,0.6083399057388306,0.39166009426116943,0.8850537538528442,128,True,False,False,False
STRAIN_000262,2,GLOBAL_CONTIG,4,342,0.5839000940322876,0.4160999059677124,0.9122498631477356,128,True,False,False,False
STRAIN_000262,2,GLOBAL_CONTIG,5,442,0.5419521331787109,0.45804786682128906,0.9571288824081421,128,True,False,False,False
STRAIN_000264,2,GLOBAL_CONTIG,1,42,0.5314271450042725,0.46857285499572754,0.9680629372596741,128,True,False,False,False
STRAIN_000264,2,GLOBAL_CONTIG,2,142,0.5465461015701294,0.4534538984298706,0.9523170590400696,128,True,False,False,False
STRAIN_000264,2,GLOBAL_CONTIG,3,242,0.5163344740867615,0.4836655259132385,0.9835298657417297,128,True,False,False,False
STRAIN_000264,2,GLOBAL_CONTIG,4,342,0.53167724609375,0.46832275390625,0.967804491519928,128,True,False,False,False
STRAIN_000264,2,GLOBAL_CONTIG,5,442,0.50595623254776,0.49404376745224,0.9940259456634521,128,True,False,False,False
STRAIN_000272,2,GLOBAL_CONTIG,1,42,0.5747610330581665,0.4252389669418335,0.922213613986969,128,True,False,False,False
STRAIN_000272,2,GLOBAL_CONTIG,2,142,0.5653014779090881,0.43469852209091187,0.9324145913124084,128,True,False,False,False
STRAIN_000272,2,GLOBAL_CONTIG,3,242,0.5858935117721558,0.41410648822784424,0.9100620150566101,128,True,False,False,False
STRAIN_000272,2,GLOBAL_CONTIG,4,342,0.5897219777107239,0.4102780222892761,0.9058454632759094,128,True,False,False,False
STRAIN_000272,2,GLOBAL_CONTIG,5,442,0.5914310812950134,0.4085689187049866,0.9039567112922668,128,True,False,False,False
STRAIN_000275,2,GLOBAL_CONTIG,1,42,0.5817834734916687,0.4182165265083313,0.9145671129226685,128,True,False,False,False
STRAIN_000275,2,GLOBAL_CONTIG,2,142,0.627365231513977,0.37263476848602295,0.863290011882782,128,True,False,False,False
STRAIN_000275,2,GLOBAL_CONTIG,3,242,0.6566840410232544,0.3433159589767456,0.8286325335502625,128,True,False,False,False
STRAIN_000275,2,GLOBAL_CONTIG,4,342,0.6153045296669006,0.38469547033309937,0.8771494030952454,128,True,False,False,False
STRAIN_000275,2,GLOBAL_CONTIG,5,442,0.6195676326751709,0.3804323673248291,0.8722756505012512,128,True,False,False,False
STRAIN_000279,2,GLOBAL_CONTIG,1,42,0.6564339399337769,0.34356606006622314,0.8289344310760498,128,True,False,False,False
STRAIN_000279,2,GLOBAL_CONTIG,2,142,0.6728525757789612,0.3271474242210388,0.808884859085083,128,True,False,False,False
STRAIN_000279,2,GLOBAL_CONTIG,3,242,0.6655464768409729,0.3344535231590271,0.8178672790527344,128,True,False,False,False
STRAIN_000279,2,GLOBAL_CONTIG,4,342,0.6205288171768188,0.37947118282318115,0.8711729645729065,128,True,False,False,False
STRAIN_000279,2,GLOBAL_CONTIG,5,442,0.672078013420105,0.327921986579895,0.8098419904708862,128,True,False,False,False
STRAIN_000280,2,GLOBAL_CONTIG,1,42,0.7216949462890625,0.2783050537109375,0.7460630536079407,128,True,False,False,False
STRAIN_000280,2,GLOBAL_CONTIG,2,142,0.6882621645927429,0.3117378354072571,0.7896047234535217,128,True,False,False,False
STRAIN_000280,2,GLOBAL_CONTIG,3,242,0.6583216190338135,0.3416783809661865,0.8266540169715881,128,True,False,False,False
STRAIN_000280,2,GLOBAL_CONTIG,4,342,0.6788484454154968,0.3211515545845032,0.8014380931854248,128,True,False,False,False
STRAIN_000280,2,GLOBAL_CONTIG,5,442,0.7146453261375427,0.2853546738624573,0.7554530501365662,128,True,False,False,False
STRAIN_000282,2,GLOBAL_CONTIG,1,42,0.6828396916389465,0.31716030836105347,0.796442449092865,128,True,False,False,False
STRAIN_000282,2,GLOBAL_CONTIG,2,142,0.6287498474121094,0.3712501525878906,0.8616845607757568,128,True,False,False,False
STRAIN_000282,2,GLOBAL_CONTIG,3,242,0.6512374877929688,0.34876251220703125,0.8351796269416809,128,True,False,False,False
STRAIN_000282,2,GLOBAL_CONTIG,4,342,0.6522097587585449,0.3477902412414551,0.8340146541595459,128,True,False,False,False
STRAIN_000282,2,GLOBAL_CONTIG,5,442,0.6338419318199158,0.36615806818008423,0.8557547330856323,128,True,False,False,False
STRAIN_000291,2,GLOBAL_CONTIG,1,42,0.6605055928230286,0.33949440717697144,0.8240076899528503,128,True,False,False,False
STRAIN_000291,2,GLOBAL_CONTIG,2,142,0.6863900423049927,0.3136099576950073,0.7919721603393555,128,True,False,False,False
STRAIN_000291,2,GLOBAL_CONTIG,3,242,0.6645362377166748,0.3354637622833252,0.8191016316413879,128,True,False,False,False
STRAIN_000291,2,GLOBAL_CONTIG,4,342,0.6578381061553955,0.3421618938446045,0.8272387385368347,128,True,False,False,False
STRAIN_000291,2,GLOBAL_CONTIG,5,442,0.6842168569564819,0.31578314304351807,0.7947113513946533,128,True,False,False,False
STRAIN_000292,2,GLOBAL_CONTIG,1,42,0.6250895261764526,0.37491047382354736,0.8659220933914185,128,True,False,False,False
STRAIN_000292,2,GLOBAL_CONTIG,2,142,0.6101998090744019,0.38980019092559814,0.8829498291015625,128,True,False,False,False
STRAIN_000292,2,GLOBAL_CONTIG,3,242,0.5729153156280518,0.42708468437194824,0.9242128729820251,128,True,False,False,False
STRAIN_000292,2,GLOBAL_CONTIG,4,342,0.5824321508407593,0.4175678491592407,0.913857638835907,128,True,False,False,False
STRAIN_000292,2,GLOBAL_CONTIG,5,442,0.5761901140213013,0.42380988597869873,0.9206628203392029,128,True,False,False,False
STRAIN_000294,2,GLOBAL_CONTIG,1,42,0.6368848085403442,0.36311519145965576,0.8521914482116699,128,True,False,False,False
STRAIN_000294,2,GLOBAL_CONTIG,2,142,0.6269283890724182,0.3730716109275818,0.8637958765029907,128,True,False,False,False
STRAIN_000294,2,GLOBAL_CONTIG,3,242,0.58860182762146,0.41139817237854004,0.9070811867713928,128,True,False,False,False
STRAIN_000294,2,GLOBAL_CONTIG,4,342,0.5987969040870667,0.40120309591293335,0.895771324634552,128,True,False,False,False
STRAIN_000294,2,GLOBAL_CONTIG,5,442,0.5958883166313171,0.40411168336868286,0.8990125060081482,128,True,False,False,False
STRAIN_000300,2,GLOBAL_CONTIG,1,42,0.6248458623886108,0.37515413761138916,0.8662033081054688,128,True,False,False,False
STRAIN_000300,2,GLOBAL_CONTIG,2,142,0.6725958585739136,0.3274041414260864,0.809202253818512,128,True,False,False,False
STRAIN_000300,2,GLOBAL_CONTIG,3,242,0.6661766767501831,0.3338233232498169,0.8170964121818542,128,True,False,False,False
STRAIN_000300,2,GLOBAL_CONTIG,4,342,0.6778347492218018,0.32216525077819824,0.802702009677887,128,True,False,False,False
STRAIN_000300,2,GLOBAL_CONTIG,5,442,0.6355264186859131,0.3644735813140869,0.8537840247154236,128,True,False,False,False
STRAIN_000306,2,GLOBAL_CONTIG,1,42,0.6700742840766907,0.3299257159233093,0.8123124837875366,128,True,False,False,False
STRAIN_000306,2,GLOBAL_CONTIG,2,142,0.6743490099906921,0.32565099000930786,0.8070328235626221,128,True,False,False,False
STRAIN_000306,2,GLOBAL_CONTIG,3,242,0.6154184937477112,0.3845815062522888,0.877019464969635,128,True,False,False,False
STRAIN_000306,2,GLOBAL_CONTIG,4,342,0.6170255541801453,0.38297444581985474,0.8751851916313171,128,True,False,False,False
STRAIN_000306,2,GLOBAL_CONTIG,5,442,0.6076630353927612,0.39233696460723877,0.8858183026313782,128,True,False,False,False
STRAIN_000309,2,GLOBAL_CONTIG,1,42,0.6457542181015015,0.35424578189849854,0.8417195081710815,128,True,False,False,False
STRAIN_000309,2,GLOBAL_CONTIG,2,142,0.669785737991333,0.330214262008667,0.8126674890518188,128,True,False,False,False
STRAIN_000309,2,GLOBAL_CONTIG,3,242,0.641104519367218,0.358895480632782,0.8472254276275635,128,True,False,False,False
STRAIN_000309,2,GLOBAL_CONTIG,4,342,0.6313446760177612,0.36865532398223877,0.8586679100990295,128,True,False,False,False
STRAIN_000309,2,GLOBAL_CONTIG,5,442,0.6671639680862427,0.3328360319137573,0.8158872723579407,128,True,False,False,False
STRAIN_000310,2,GLOBAL_CONTIG,1,42,0.6806790828704834,0.3193209171295166,0.7991506457328796,128,True,False,False,False
STRAIN_000310,2,GLOBAL_CONTIG,2,142,0.6401246190071106,0.3598753809928894,0.8483814001083374,128,True,False,False,False
STRAIN_000310,2,GLOBAL_CONTIG,3,242,0.6608753800392151,0.3391246199607849,0.8235589861869812,128,True,False,False,False
STRAIN_000310,2,GLOBAL_CONTIG,4,342,0.6667412519454956,0.3332587480545044,0.8164052963256836,128,True,False,False,False
STRAIN_000310,2,GLOBAL_CONTIG,5,442,0.6591541767120361,0.34084582328796387,0.8256462216377258,128,True,False,False,False
STRAIN_000313,2,GLOBAL_CONTIG,1,42,0.6715985536575317,0.32840144634246826,0.8104336857795715,128,True,False,False,False
STRAIN_000313,2,GLOBAL_CONTIG,2,142,0.6331554651260376,0.3668445348739624,0.8565565347671509,128,True,False,False,False
STRAIN_000313,2,GLOBAL_CONTIG,3,242,0.667032778263092,0.33296722173690796,0.8160480856895447,128,True,False,False,False
STRAIN_000313,2,GLOBAL_CONTIG,4,342,0.6466963291168213,0.3533036708831787,0.8405994176864624,128,True,False,False,False
STRAIN_000313,2,GLOBAL_CONTIG,5,442,0.6588123440742493,0.34118765592575073,0.8260600566864014,128,True,False,False,False
STRAIN_000315,2,GLOBAL_CONTIG,1,42,0.5398731231689453,0.4601268768310547,0.9592984914779663,128,True,False,False,False
STRAIN_000315,2,GLOBAL_CONTIG,2,142,0.5371366739273071,0.46286332607269287,0.9621469378471375,128,True,False,False,False
STRAIN_000315,2,GLOBAL_CONTIG,3,242,0.5359846949577332,0.46401530504226685,0.9633435010910034,128,True,False,False,False
STRAIN_000315,2,GLOBAL_CONTIG,4,342,0.5424410104751587,0.4575589895248413,0.9566179513931274,128,True,False,False,False
STRAIN_000315,2,GLOBAL_CONTIG,5,442,0.547808825969696,0.45219117403030396,0.9509902000427246,128,True,False,False,False
STRAIN_000316,2,GLOBAL_CONTIG,1,42,0.5790380239486694,0.42096197605133057,0.9175640344619751,128,True,False,False,False
STRAIN_000316,2,GLOBAL_CONTIG,2,142,0.5636712312698364,0.4363287687301636,0.934161365032196,128,True,False,False,False
STRAIN_000316,2,GLOBAL_CONTIG,3,242,0.5753060579299927,0.4246939420700073,0.9216222763061523,128,True,False,False,False
STRAIN_000316,2,GLOBAL_CONTIG,4,342,0.5315272808074951,0.4684727191925049,0.9679593443870544,128,True,False,False,False
STRAIN_000316,2,GLOBAL_CONTIG,5,442,0.5670472979545593,0.4329527020454407,0.9305403232574463,128,True,False,False,False
STRAIN_000319,2,GLOBAL_CONTIG,1,42,0.669851541519165,0.33014845848083496,0.8125865459442139,128,True,False,False,False
STRAIN_000319,2,GLOBAL_CONTIG,2,142,0.6937500238418579,0.3062499761581421,0.7826237678527832,128,True,False,False,False
STRAIN_000319,2,GLOBAL_CONTIG,3,242,0.6699708700180054,0.33002912998199463,0.8124396800994873,128,True,False,False,False
STRAIN_000319,2,GLOBAL_CONTIG,4,342,0.6625474691390991,0.3374525308609009,0.821526050567627,128,True,False,False,False
STRAIN_000319,2,GLOBAL_CONTIG,5,442,0.6525031924247742,0.34749680757522583,0.833662748336792,128,True,False,False,False
STRAIN_000320,2,GLOBAL_CONTIG,1,42,0.7161341309547424,0.28386586904525757,0.7534797787666321,128,True,False,False,False
STRAIN_000320,2,GLOBAL_CONTIG,2,142,0.7205860614776611,0.27941393852233887,0.7475478053092957,128,True,False,False,False
STRAIN_000320,2,GLOBAL_CONTIG,3,242,0.710358738899231,0.28964126110076904,0.7611061930656433,128,True,False,False,False
STRAIN_000320,2,GLOBAL_CONTIG,4,342,0.6910538077354431,0.3089461922645569,0.7860614061355591,128,True,False,False,False
STRAIN_000320,2,GLOBAL_CONTIG,5,442,0.7013136148452759,0.2986863851547241,0.7728990316390991,128,True,False,False,False
STRAIN_000344,2,GLOBAL_CONTIG,1,42,0.5466277599334717,0.4533722400665283,0.9522312879562378,128,True,False,False,False
STRAIN_000344,2,GLOBAL_CONTIG,2,142,0.5919719934463501,0.4080280065536499,0.9033580422401428,128,True,False,False,False
STRAIN_000344,2,GLOBAL_CONTIG,3,242,0.5631214380264282,0.4368785619735718,0.9347497224807739,128,True,False,False,False
STRAIN_000344,2,GLOBAL_CONTIG,4,342,0.5636399984359741,0.4363600015640259,0.9341948628425598,128,True,False,False,False
STRAIN_000344,2,GLOBAL_CONTIG,5,442,0.5583043694496155,0.4416956305503845,0.9398888945579529,128,True,False,False,False
STRAIN_000351,2,GLOBAL_CONTIG,1,42,0.6023750901222229,0.3976249098777771,0.8917678594589233,128,True,False,False,False
STRAIN_000351,2,GLOBAL_CONTIG,2,142,0.5960357785224915,0.40396422147750854,0.8988484144210815,128,True,False,False,False
STRAIN_000351,2,GLOBAL_CONTIG,3,242,0.5846637487411499,0.4153362512588501,0.9114124178886414,128,True,False,False,False
STRAIN_000351,2,GLOBAL_CONTIG,4,342,0.6293964385986328,0.3706035614013672,0.8609339594841003,128,True,False,False,False
STRAIN_000351,2,GLOBAL_CONTIG,5,442,0.6046129465103149,0.39538705348968506,0.8892548084259033,128,True,False,False,False
STRAIN_000356,2,GLOBAL_CONTIG,1,42,0.596950113773346,0.40304988622665405,0.897830605506897,128,True,False,False,False
STRAIN_000356,2,GLOBAL_CONTIG,2,142,0.5661944150924683,0.43380558490753174,0.9314565658569336,128,True,False,False,False
STRAIN_000356,2,GLOBAL_CONTIG,3,242,0.5730510354042053,0.4269489645957947,0.9240659475326538,128,True,False,False,False
STRAIN_000356,2,GLOBAL_CONTIG,4,342,0.5976189970970154,0.4023810029029846,0.8970853090286255,128,True,False,False,False
STRAIN_000356,2,GLOBAL_CONTIG,5,442,0.5810961723327637,0.41890382766723633,0.9153182506561279,128,True,False,False,False
STRAIN_000360,2,GLOBAL_CONTIG,1,42,0.6928659677505493,0.3071340322494507,0.7837523818016052,128,True,False,False,False
STRAIN_000360,2,GLOBAL_CONTIG,2,142,0.6844695806503296,0.3155304193496704,0.7943933606147766,128,True,False,False,False
STRAIN_000360,2,GLOBAL_CONTIG,3,242,0.7180216908454895,0.2819783091545105,0.7509703040122986,128,True,False,False,False
STRAIN_000360,2,GLOBAL_CONTIG,4,342,0.7017529010772705,0.2982470989227295,0.7723302841186523,128,True,False,False,False
STRAIN_000360,2,GLOBAL_CONTIG,5,442,0.6905258893966675,0.3094741106033325,0.78673255443573,128,True,False,False,False
STRAIN_000361,2,GLOBAL_CONTIG,1,42,0.6840128302574158,0.31598716974258423,0.7949681282043457,128,True,False,False,False
STRAIN_000361,2,GLOBAL_CONTIG,2,142,0.6856176257133484,0.3143823742866516,0.7929468154907227,128,True,False,False,False
STRAIN_000361,2,GLOBAL_CONTIG,3,242,0.7050129175186157,0.2949870824813843,0.7680976986885071,128,True,False,False,False
STRAIN_000361,2,GLOBAL_CONTIG,4,342,0.6652469635009766,0.33475303649902344,0.8182336091995239,128,True,False,False,False
STRAIN_000361,2,GLOBAL_CONTIG,5,442,0.6660890579223633,0.3339109420776367,0.8172036409378052,128,True,False,False,False
STRAIN_000363,2,GLOBAL_CONTIG,1,42,0.4888795018196106,0.5111204981803894,1.011059284210205,128,True,False,False,False
STRAIN_000363,2,GLOBAL_CONTIG,2,142,0.5045595169067383,0.4954404830932617,0.995430052280426,128,True,False,False,False
STRAIN_000363,2,GLOBAL_CONTIG,3,242,0.5155532360076904,0.48444676399230957,0.9843239188194275,128,True,False,False,False
STRAIN_000363,2,GLOBAL_CONTIG,4,342,0.519586443901062,0.480413556098938,0.9802178740501404,128,True,False,False,False
STRAIN_000363,2,GLOBAL_CONTIG,5,442,0.5481617450714111,0.45183825492858887,0.9506190419197083,128,True,False,False,False
STRAIN_000366,2,GLOBAL_CONTIG,1,42,0.6694033145904541,0.3305966854095459,0.8131380677223206,128,True,False,False,False
STRAIN_000366,2,GLOBAL_CONTIG,2,142,0.7040824890136719,0.2959175109863281,0.7693081498146057,128,True,False,False,False
STRAIN_000366,2,GLOBAL_CONTIG,3,242,0.6508909463882446,0.34910905361175537,0.8355944156646729,128,True,False,False,False
STRAIN_000366,2,GLOBAL_CONTIG,4,342,0.6921854019165039,0.3078145980834961,0.7846204042434692,128,True,False,False,False
STRAIN_000366,2,GLOBAL_CONTIG,5,442,0.6764512062072754,0.3235487937927246,0.8044236898422241,128,True,False,False,False
STRAIN_000377,2,GLOBAL_CONTIG,1,42,0.6135125160217285,0.3864874839782715,0.8791900277137756,128,True,False,False,False
STRAIN_000377,2,GLOBAL_CONTIG,2,142,0.6700887680053711,0.3299112319946289,0.8122945427894592,128,True,False,False,False
STRAIN_000377,2,GLOBAL_CONTIG,3,242,0.6529609560966492,0.34703904390335083,0.8331134915351868,128,True,False,False,False
STRAIN_000377,2,GLOBAL_CONTIG,4,342,0.6714777946472168,0.3285222053527832,0.8105827569961548,128,True,False,False,False
STRAIN_000377,2,GLOBAL_CONTIG,5,442,0.654110312461853,0.345889687538147,0.8317327499389648,128,True,False,False,False
STRAIN_000378,2,GLOBAL_CONTIG,1,42,0.6023458242416382,0.3976541757583618,0.8918006420135498,128,True,False,False,False
STRAIN_000378,2,GLOBAL_CONTIG,2,142,0.6347775459289551,0.3652224540710449,0.85466068983078,128,True,False,False,False
STRAIN_000378,2,GLOBAL_CONTIG,3,242,0.5763770937919617,0.42362290620803833,0.9204595685005188,128,True,False,False,False
STRAIN_000378,2,GLOBAL_CONTIG,4,342,0.6229187846183777,0.3770812153816223,0.8684252500534058,128,True,False,False,False
STRAIN_000378,2,GLOBAL_CONTIG,5,442,0.5777876973152161,0.42221230268478394,0.9189258217811584,128,True,False,False,False
STRAIN_000386,2,GLOBAL_CONTIG,1,42,0.6289241313934326,0.3710758686065674,0.8614822626113892,128,True,False,False,False
STRAIN_000386,2,GLOBAL_CONTIG,2,142,0.6171500086784363,0.3828499913215637,0.8750428557395935,128,True,False,False,False
STRAIN_000386,2,GLOBAL_CONTIG,3,242,0.6343070268630981,0.36569297313690186,0.8552111387252808,128,True,False,False,False
STRAIN_000386,2,GLOBAL_CONTIG,4,342,0.6101727485656738,0.38982725143432617,0.8829805254936218,128,True,False,False,False
STRAIN_000386,2,GLOBAL_CONTIG,5,442,0.6163070201873779,0.38369297981262207,0.8760056495666504,128,True,False,False,False
STRAIN_000391,2,GLOBAL_CONTIG,1,42,0.5906937718391418,0.40930622816085815,0.9047719836235046,128,True,False,False,False
STRAIN_000391,2,GLOBAL_CONTIG,2,142,0.5732539296150208,0.42674607038497925,0.9238463640213013,128,True,False,False,False
STRAIN_000391,2,GLOBAL_CONTIG,3,242,0.5555257201194763,0.4444742798805237,0.9428406357765198,128,True,False,False,False
STRAIN_000391,2,GLOBAL_CONTIG,4,342,0.5680071115493774,0.43199288845062256,0.9295082688331604,128,True,False,False,False
STRAIN_000391,2,GLOBAL_CONTIG,5,442,0.590704619884491,0.40929538011550903,0.90475994348526,128,True,False,False,False
STRAIN_000402,2,GLOBAL_CONTIG,1,42,0.7331314086914062,0.26686859130859375,0.7305731773376465,128,True,False,False,False
STRAIN_000402,2,GLOBAL_CONTIG,2,142,0.7303739190101624,0.26962608098983765,0.7343378663063049,128,True,False,False,False
STRAIN_000402,2,GLOBAL_CONTIG,3,242,0.7377001047134399,0.26229989528656006,0.724292516708374,128,True,False,False,False
STRAIN_000402,2,GLOBAL_CONTIG,4,342,0.73171067237854,0.26828932762145996,0.7325153350830078,128,True,False,False,False
STRAIN_000402,2,GLOBAL_CONTIG,5,442,0.7237387299537659,0.27626127004623413,0.7433186173439026,128,True,False,False,False
STRAIN_000407,2,GLOBAL_CONTIG,1,42,0.6066734194755554,0.3933265805244446,0.8869346976280212,128,True,False,False,False
STRAIN_000407,2,GLOBAL_CONTIG,2,142,0.6064630746841431,0.39353692531585693,0.887171745300293,128,True,False,False,False
STRAIN_000407,2,GLOBAL_CONTIG,3,242,0.5591249465942383,0.4408750534057617,0.9390155673027039,128,True,False,False,False
STRAIN_000407,2,GLOBAL_CONTIG,4,342,0.5519229769706726,0.4480770230293274,0.9466541409492493,128,True,False,False,False
STRAIN_000407,2,GLOBAL_CONTIG,5,442,0.6116588711738586,0.38834112882614136,0.8812957406044006,128,True,False,False,False
STRAIN_000413,2,GLOBAL_CONTIG,1,42,0.6103978157043457,0.3896021842956543,0.8827255368232727,128,True,False,False,False
STRAIN_000413,2,GLOBAL_CONTIG,2,142,0.6242217421531677,0.3757782578468323,0.8669235706329346,128,True,False,False,False
STRAIN_000413,2,GLOBAL_CONTIG,3,242,0.6171828508377075,0.3828171491622925,0.875005304813385,128,True,False,False,False
STRAIN_000413,2,GLOBAL_CONTIG,4,342,0.6190977692604065,0.3809022307395935,0.8728141188621521,128,True,False,False,False
STRAIN_000413,2,GLOBAL_CONTIG,5,442,0.5897563099861145,0.4102436900138855,0.9058075547218323,128,True,False,False,False
STRAIN_000415,2,GLOBAL_CONTIG,1,42,0.5912914276123047,0.4087085723876953,0.9041113257408142,128,True,False,False,False
STRAIN_000415,2,GLOBAL_CONTIG,2,142,0.568976640701294,0.43102335929870605,0.9284647107124329,128,True,False,False,False
STRAIN_000415,2,GLOBAL_CONTIG,3,242,0.594862163066864,0.405137836933136,0.9001531600952148,128,True,False,False,False
STRAIN_000415,2,GLOBAL_CONTIG,4,342,0.5422816872596741,0.4577183127403259,0.9567846059799194,128,True,False,False,False
STRAIN_000415,2,GLOBAL_CONTIG,5,442,0.549999475479126,0.450000524520874,0.9486838579177856,128,True,False,False,False
STRAIN_000421,2,GLOBAL_CONTIG,1,42,0.5430917739868164,0.4569082260131836,0.9559373259544373,128,True,False,False,False
STRAIN_000421,2,GLOBAL_CONTIG,2,142,0.5268536806106567,0.47314631938934326,0.9727756977081299,128,True,False,False,False
STRAIN_000421,2,GLOBAL_CONTIG,3,242,0.5361369848251343,0.4638630151748657,0.9631853103637695,128,True,False,False,False
STRAIN_000421,2,GLOBAL_CONTIG,4,342,0.5226342678070068,0.47736573219299316,0.9771034717559814,128,True,False,False,False
STRAIN_000421,2,GLOBAL_CONTIG,5,442,0.5509042143821716,0.44909578561782837,0.9477296471595764,128,True,False,False,False
STRAIN_000424,2,GLOBAL_CONTIG,1,42,0.5903341174125671,0.40966588258743286,0.9051696062088013,128,True,False,False,False
STRAIN_000424,2,GLOBAL_CONTIG,2,142,0.5819990634918213,0.4180009365081787,0.9143314361572266,128,True,False,False,False
STRAIN_000424,2,GLOBAL_CONTIG,3,242,0.6055324077606201,0.3944675922393799,0.8882203102111816,128,True,False,False,False
STRAIN_000424,2,GLOBAL_CONTIG,4,342,0.6010547876358032,0.3989452123641968,0.893247127532959,128,True,False,False,False
STRAIN_000424,2,GLOBAL_CONTIG,5,442,0.5938761234283447,0.4061238765716553,0.9012479782104492,128,True,False,False,False
STRAIN_000425,2,GLOBAL_CONTIG,1,42,0.6059232354164124,0.39407676458358765,0.8877800703048706,128,True,False,False,False
STRAIN_000425,2,GLOBAL_CONTIG,2,142,0.5861855149269104,0.4138144850730896,0.9097411036491394,128,True,False,False,False
STRAIN_000425,2,GLOBAL_CONTIG,3,242,0.5886241793632507,0.41137582063674927,0.9070565104484558,128,True,False,False,False
STRAIN_000425,2,GLOBAL_CONTIG,4,342,0.619420051574707,0.38057994842529297,0.8724446892738342,128,True,False,False,False
STRAIN_000425,2,GLOBAL_CONTIG,5,442,0.6266247034072876,0.3733752965927124,0.8641473054885864,128,True,False,False,False
STRAIN_000427,2,GLOBAL_CONTIG,1,42,0.6582456827163696,0.34175431728363037,0.8267457485198975,128,True,False,False,False
STRAIN_000427,2,GLOBAL_CONTIG,2,142,0.6241888403892517,0.3758111596107483,0.8669615387916565,128,True,False,False,False
STRAIN_000427,2,GLOBAL_CONTIG,3,242,0.6190775632858276,0.38092243671417236,0.8728371858596802,128,True,False,False,False
STRAIN_000427,2,GLOBAL_CONTIG,4,342,0.6193872094154358,0.3806127905845642,0.8724824786186218,128,True,False,False,False
STRAIN_000427,2,GLOBAL_CONTIG,5,442,0.6761194467544556,0.32388055324554443,0.8048359751701355,128,True,False,False,False
STRAIN_000434,2,GLOBAL_CONTIG,1,42,0.6353459358215332,0.3646540641784668,0.8539953827857971,128,True,False,False,False
STRAIN_000434,2,GLOBAL_CONTIG,2,142,0.6239759922027588,0.3760240077972412,0.8672069907188416,128,True,False,False,False
STRAIN_000434,2,GLOBAL_CONTIG,3,242,0.6469042301177979,0.35309576988220215,0.8403521180152893,128,True,False,False,False
STRAIN_000434,2,GLOBAL_CONTIG,4,342,0.6298085451126099,0.37019145488739014,0.8604550361633301,128,True,False,False,False
STRAIN_000434,2,GLOBAL_CONTIG,5,442,0.6100374460220337,0.3899625539779663,0.8831337094306946,128,True,False,False,False
STRAIN_000439,2,GLOBAL_CONTIG,1,42,0.5818291306495667,0.41817086935043335,0.9145171642303467,128,True,False,False,False
STRAIN_000439,2,GLOBAL_CONTIG,2,142,0.5851778388023376,0.41482216119766235,0.9108481407165527,128,True,False,False,False
STRAIN_000439,2,GLOBAL_CONTIG,3,242,0.568027675151825,0.43197232484817505,0.9294861555099487,128,True,False,False,False
STRAIN_000439,2,GLOBAL_CONTIG,4,342,0.579265296459198,0.420734703540802,0.9173163771629333,128,True,False,False,False
STRAIN_000439,2,GLOBAL_CONTIG,5,442,0.615365743637085,0.38463425636291504,0.877079427242279,128,True,False,False,False
STRAIN_000446,2,GLOBAL_CONTIG,1,42,0.7019071578979492,0.2980928421020508,0.77213054895401,128,True,False,False,False
STRAIN_000446,2,GLOBAL_CONTIG,2,142,0.6667905449867249,0.33320945501327515,0.8163449168205261,128,True,False,False,False
STRAIN_000446,2,GLOBAL_CONTIG,3,242,0.6988743543624878,0.3011256456375122,0.776048481464386,128,True,False,False,False
STRAIN_000446,2,GLOBAL_CONTIG,4,342,0.7005501985549927,0.2994498014450073,0.7738860249519348,128,True,False,False,False
STRAIN_000446,2,GLOBAL_CONTIG,5,442,0.6947160363197327,0.30528396368026733,0.781388521194458,128,True,False,False,False
STRAIN_000449,2,GLOBAL_CONTIG,1,42,0.5903552174568176,0.4096447825431824,0.905146062374115,128,True,False,False,False
STRAIN_000449,2,GLOBAL_CONTIG,2,142,0.6057225465774536,0.3942774534225464,0.8880060911178589,128,True,False,False,False
STRAIN_000449,2,GLOBAL_CONTIG,3,242,0.6137490272521973,0.38625097274780273,0.8789209127426147,128,True,False,False,False
STRAIN_000449,2,GLOBAL_CONTIG,4,342,0.6128250956535339,0.38717490434646606,0.8799715042114258,128,True,False,False,False
STRAIN_000449,2,GLOBAL_CONTIG,5,442,0.6231821775436401,0.37681782245635986,0.8681219220161438,128,True,False,False,False
STRAIN_000450,2,GLOBAL_CONTIG,1,42,0.6009591817855835,0.3990408182144165,0.8933541774749756,128,True,False,False,False
STRAIN_000450,2,GLOBAL_CONTIG,2,142,0.6352047920227051,0.3647952079772949,0.8541606664657593,128,True,False,False,False
STRAIN_000450,2,GLOBAL_CONTIG,3,242,0.6324571371078491,0.3675428628921509,0.85737144947052,128,True,False,False,False
STRAIN_000450,2,GLOBAL_CONTIG,4,342,0.6154470443725586,0.3845529556274414,0.8769868612289429,128,True,False,False,False
STRAIN_000450,2,GLOBAL_CONTIG,5,442,0.6308324933052063,0.3691675066947937,0.8592642545700073,128,True,False,False,False
STRAIN_000466,2,GLOBAL_CONTIG,1,42,0.5848053693771362,0.41519463062286377,0.9112569689750671,128,True,False,False,False
STRAIN_000466,2,GLOBAL_CONTIG,2,142,0.5912110209465027,0.4087889790534973,0.9042001962661743,128,True,False,False,False
STRAIN_000466,2,GLOBAL_CONTIG,3,242,0.5821696519851685,0.41783034801483154,0.91414475440979,128,True,False,False,False
STRAIN_000466,2,GLOBAL_CONTIG,4,342,0.589371383190155,0.41062861680984497,0.9062324166297913,128,True,False,False,False
STRAIN_000466,2,GLOBAL_CONTIG,5,442,0.5620788931846619,0.43792110681533813,0.9358644485473633,128,True,False,False,False
STRAIN_000473,2,GLOBAL_CONTIG,1,42,0.5547126531600952,0.4452873468399048,0.9437026381492615,128,True,False,False,False
STRAIN_000473,2,GLOBAL_CONTIG,2,142,0.5660051703453064,0.4339948296546936,0.9316596388816833,128,True,False,False,False
STRAIN_000473,2,GLOBAL_CONTIG,3,242,0.534879207611084,0.465120792388916,0.9644902944564819,128,True,False,False,False
STRAIN_000473,2,GLOBAL_CONTIG,4,342,0.5394968390464783,0.46050316095352173,0.9596907496452332,128,True,False,False,False
STRAIN_000473,2,GLOBAL_CONTIG,5,442,0.5625122785568237,0.43748772144317627,0.935401201248169,128,True,False,False,False
STRAIN_000474,2,GLOBAL_CONTIG,1,42,0.7017789483070374,0.29822105169296265,0.7722968459129333,128,True,False,False,False
STRAIN_000474,2,GLOBAL_CONTIG,2,142,0.6608972549438477,0.33910274505615234,0.8235324621200562,128,True,False,False,False
STRAIN_000474,2,GLOBAL_CONTIG,3,242,0.6578359007835388,0.3421640992164612,0.8272413611412048,128,True,False,False,False
STRAIN_000474,2,GLOBAL_CONTIG,4,342,0.6436504125595093,0.3563495874404907,0.8442152738571167,128,True,False,False,False
STRAIN_000474,2,GLOBAL_CONTIG,5,442,0.7096215486526489,0.2903784513473511,0.7620741724967957,128,True,False,False,False
STRAIN_000485,2,GLOBAL_CONTIG,1,42,0.5728641748428345,0.4271358251571655,0.9242681860923767,128,True,False,False,False
STRAIN_000485,2,GLOBAL_CONTIG,2,142,0.5607033967971802,0.4392966032028198,0.9373330473899841,128,True,False,False,False
STRAIN_000485,2,GLOBAL_CONTIG,3,242,0.5762763023376465,0.4237236976623535,0.9205690622329712,128,True,False,False,False
STRAIN_000485,2,GLOBAL_CONTIG,4,342,0.5896332263946533,0.4103667736053467,0.9059434533119202,128,True,False,False,False
STRAIN_000485,2,GLOBAL_CONTIG,5,442,0.591752290725708,0.408247709274292,0.9036014080047607,128,True,False,False,False
STRAIN_000491,2,GLOBAL_CONTIG,1,42,0.6498699188232422,0.3501300811767578,0.8368154764175415,128,True,False,False,False
STRAIN_000491,2,GLOBAL_CONTIG,2,142,0.6576224565505981,0.34237754344940186,0.8274992108345032,128,True,False,False,False
STRAIN_000491,2,GLOBAL_CONTIG,3,242,0.665499210357666,0.334500789642334,0.8179251551628113,128,True,False,False,False
STRAIN_000491,2,GLOBAL_CONTIG,4,342,0.6761577129364014,0.32384228706359863,0.8047884702682495,128,True,False,False,False
STRAIN_000491,2,GLOBAL_CONTIG,5,442,0.6417449712753296,0.3582550287246704,0.8464691042900085,128,True,False,False,False
STRAIN_000514,2,GLOBAL_CONTIG,1,42,0.5549275279045105,0.4450724720954895,0.9434749484062195,128,True,False,False,False
STRAIN_000514,2,GLOBAL_CONTIG,2,142,0.5243502855300903,0.47564971446990967,0.9753457903862,128,True,False,False,False
STRAIN_000514,2,GLOBAL_CONTIG,3,242,0.5472137928009033,0.4527862071990967,0.9516156315803528,128,True,False,False,False
STRAIN_000514,2,GLOBAL_CONTIG,4,342,0.5250045657157898,0.4749954342842102,0.9746748208999634,128,True,False,False,False
STRAIN_000514,2,GLOBAL_CONTIG,5,442,0.5467976331710815,0.45320236682891846,0.9520529508590698,128,True,False,False,False
STRAIN_000546,2,GLOBAL_CONTIG,1,42,0.6132892370223999,0.3867107629776001,0.8794438242912292,128,True,False,False,False
STRAIN_000546,2,GLOBAL_CONTIG,2,142,0.612028956413269,0.38797104358673096,0.8808757066726685,128,True,False,False,False
STRAIN_000546,2,GLOBAL_CONTIG,3,242,0.607093334197998,0.39290666580200195,0.886461079120636,128,True,False,False,False
STRAIN_000546,2,GLOBAL_CONTIG,4,342,0.5870590806007385,0.4129409193992615,0.9087803363800049,128,True,False,False,False
STRAIN_000546,2,GLOBAL_CONTIG,5,442,0.6033819913864136,0.3966180086135864,0.8906378746032715,128,True,False,False,False
STRAIN_000551,2,GLOBAL_CONTIG,1,42,0.681941032409668,0.31805896759033203,0.7975699305534363,128,True,False,False,False
STRAIN_000551,2,GLOBAL_CONTIG,2,142,0.6595041155815125,0.34049588441848755,0.8252221941947937,128,True,False,False,False
STRAIN_000551,2,GLOBAL_CONTIG,3,242,0.69057297706604,0.30942702293395996,0.7866726517677307,128,True,False,False,False
STRAIN_000551,2,GLOBAL_CONTIG,4,342,0.6715071201324463,0.3284928798675537,0.8105466365814209,128,True,False,False,False
STRAIN_000551,2,GLOBAL_CONTIG,5,442,0.6750683784484863,0.32493162155151367,0.8061408996582031,128,True,False,False,False
STRAIN_000553,2,GLOBAL_CONTIG,1,42,0.6678917407989502,0.3321082592010498,0.8149948716163635,128,True,False,False,False
STRAIN_000553,2,GLOBAL_CONTIG,2,142,0.6325653791427612,0.36743462085723877,0.8572452068328857,128,True,False,False,False
STRAIN_000553,2,GLOBAL_CONTIG,3,242,0.643526554107666,0.356473445892334,0.8443617820739746,128,True,False,False,False
STRAIN_000553,2,GLOBAL_CONTIG,4,342,0.6990399360656738,0.30096006393432617,0.7758350372314453,128,True,False,False,False
STRAIN_000553,2,GLOBAL_CONTIG,5,442,0.6329842805862427,0.3670157194137573,0.856756329536438,128,True,False,False,False
STRAIN_000557,2,GLOBAL_CONTIG,1,42,0.577285885810852,0.42271411418914795,0.919471800327301,128,True,False,False,False
STRAIN_000557,2,GLOBAL_CONTIG,2,142,0.587942361831665,0.41205763816833496,0.9078080654144287,128,True,False,False,False
STRAIN_000557,2,GLOBAL_CONTIG,3,242,0.6025062799453735,0.39749372005462646,0.8916206955909729,128,True,False,False,False
STRAIN_000557,2,GLOBAL_CONTIG,4,342,0.5731936097145081,0.42680639028549194,0.9239116907119751,128,True,False,False,False
STRAIN_000557,2,GLOBAL_CONTIG,5,442,0.5666150450706482,0.4333849549293518,0.9310048222541809,128,True,False,False,False
STRAIN_000558,2,GLOBAL_CONTIG,1,42,0.5420829057693481,0.45791709423065186,0.9569922089576721,128,True,False,False,False
STRAIN_000558,2,GLOBAL_CONTIG,2,142,0.5526434779167175,0.44735652208328247,0.9458927512168884,128,True,False,False,False
STRAIN_000558,2,GLOBAL_CONTIG,3,242,0.5519348382949829,0.4480651617050171,0.9466416239738464,128,True,False,False,False
STRAIN_000558,2,GLOBAL_CONTIG,4,342,0.5379509925842285,0.4620490074157715,0.9613001942634583,128,True,False,False,False
STRAIN_000558,2,GLOBAL_CONTIG,5,442,0.5364996194839478,0.46350038051605225,0.9628088474273682,128,True,False,False,False
STRAIN_000577,2,GLOBAL_CONTIG,1,42,0.6094977855682373,0.3905022144317627,0.8837445378303528,128,True,False,False,False
STRAIN_000577,2,GLOBAL_CONTIG,2,142,0.6297980546951294,0.3702019453048706,0.8604671955108643,128,True,False,False,False
STRAIN_000577,2,GLOBAL_CONTIG,3,242,0.5731096863746643,0.4268903136253357,0.9240026473999023,128,True,False,False,False
STRAIN_000577,2,GLOBAL_CONTIG,4,342,0.5960906147956848,0.4039093852043152,0.8987874388694763,128,True,False,False,False
STRAIN_000577,2,GLOBAL_CONTIG,5,442,0.609981119632721,0.39001888036727905,0.8831976056098938,128,True,False,False,False
STRAIN_000578,2,GLOBAL_CONTIG,1,42,0.6355893611907959,0.3644106388092041,0.8537102341651917,128,True,False,False,False
STRAIN_000578,2,GLOBAL_CONTIG,2,142,0.6171349287033081,0.3828650712966919,0.8750600814819336,128,True,False,False,False
STRAIN_000578,2,GLOBAL_CONTIG,3,242,0.6183056831359863,0.38169431686401367,0.8737211227416992,128,True,False,False,False
STRAIN_000578,2,GLOBAL_CONTIG,4,342,0.5796763896942139,0.42032361030578613,0.9168681502342224,128,True,False,False,False
STRAIN_000578,2,GLOBAL_CONTIG,5,442,0.6603466868400574,0.3396533131599426,0.8242006897926331,128,True,False,False,False
STRAIN_000582,2,GLOBAL_CONTIG,1,42,0.5090315937995911,0.49096840620040894,0.9909272789955139,128,True,False,False,False
STRAIN_000582,2,GLOBAL_CONTIG,2,142,0.5232476592063904,0.4767523407936096,0.976475715637207,128,True,False,False,False
STRAIN_000582,2,GLOBAL_CONTIG,3,242,0.506411612033844,0.493588387966156,0.9935678243637085,128,True,False,False,False
STRAIN_000582,2,GLOBAL_CONTIG,4,342,0.5481470227241516,0.4518529772758484,0.9506345391273499,128,True,False,False,False
STRAIN_000582,2,GLOBAL_CONTIG,5,442,0.5148736834526062,0.4851263165473938,0.9850140810012817,128,True,False,False,False
STRAIN_000585,2,GLOBAL_CONTIG,1,42,0.634645938873291,0.365354061126709,0.8548145890235901,128,True,False,False,False
STRAIN_000585,2,GLOBAL_CONTIG,2,142,0.6518176198005676,0.3481823801994324,0.8344846963882446,128,True,False,False,False
STRAIN_000585,2,GLOBAL_CONTIG,3,242,0.619986891746521,0.380013108253479,0.8717947602272034,128,True,False,False,False
STRAIN_000585,2,GLOBAL_CONTIG,4,342,0.6339879631996155,0.3660120368003845,0.8555839657783508,128,True,False,False,False
STRAIN_000585,2,GLOBAL_CONTIG,5,442,0.6505653262138367,0.34943467378616333,0.8359840512275696,128,True,False,False,False
STRAIN_000587,2,GLOBAL_CONTIG,1,42,0.5733423233032227,0.42665767669677734,0.9237506985664368,128,True,False,False,False
STRAIN_000587,2,GLOBAL_CONTIG,2,142,0.5846632719039917,0.4153367280960083,0.9114128351211548,128,True,False,False,False
STRAIN_000587,2,GLOBAL_CONTIG,3,242,0.5699880123138428,0.4300119876861572,0.9273747205734253,128,True,False,False,False
STRAIN_000587,2,GLOBAL_CONTIG,4,342,0.5582540035247803,0.4417459964752197,0.939942479133606,128,True,False,False,False
STRAIN_000587,2,GLOBAL_CONTIG,5,442,0.554540753364563,0.445459246635437,0.9438847303390503,128,True,False,False,False
STRAIN_000591,2,GLOBAL_CONTIG,1,42,0.5796183347702026,0.42038166522979736,0.9169315695762634,128,True,False,False,False
STRAIN_000591,2,GLOBAL_CONTIG,2,142,0.5604872703552246,0.4395127296447754,0.9375635981559753,128,True,False,False,False
STRAIN_000591,2,GLOBAL_CONTIG,3,242,0.6065998077392578,0.3934001922607422,0.8870176672935486,128,True,False,False,False
STRAIN_000591,2,GLOBAL_CONTIG,4,342,0.596774160861969,0.403225839138031,0.8980265259742737,128,True,False,False,False
STRAIN_000591,2,GLOBAL_CONTIG,5,442,0.5857675075531006,0.4142324924468994,0.9102004170417786,128,True,False,False,False
STRAIN_000595,2,GLOBAL_CONTIG,1,42,0.6005908250808716,0.3994091749191284,0.8937663435935974,128,True,False,False,False
STRAIN_000595,2,GLOBAL_CONTIG,2,142,0.6061622500419617,0.39383774995803833,0.8875107765197754,128,True,False,False,False
STRAIN_000595,2,GLOBAL_CONTIG,3,242,0.6347944736480713,0.3652055263519287,0.8546409010887146,128,True,False,False,False
STRAIN_000595,2,GLOBAL_CONTIG,4,342,0.6086676716804504,0.39133232831954956,0.88468337059021,128,True,False,False,False
STRAIN_000595,2,GLOBAL_CONTIG,5,442,0.6210174560546875,0.3789825439453125,0.8706117868423462,128,True,False,False,False
STRAIN_000596,2,GLOBAL_CONTIG,1,42,0.6738834381103516,0.32611656188964844,0.8076095581054688,128,True,False,False,False
STRAIN_000596,2,GLOBAL_CONTIG,2,142,0.6910755038261414,0.30892449617385864,0.7860336899757385,128,True,False,False,False
STRAIN_000596,2,GLOBAL_CONTIG,3,242,0.6593496203422546,0.34065037965774536,0.825409471988678,128,True,False,False,False
STRAIN_000596,2,GLOBAL_CONTIG,4,342,0.6833459138870239,0.3166540861129761,0.7958066463470459,128,True,False,False,False
STRAIN_000596,2,GLOBAL_CONTIG,5,442,0.713096022605896,0.286903977394104,0.7575011849403381,128,True,False,False,False
STRAIN_000598,2,GLOBAL_CONTIG,1,42,0.5255658030509949,0.4744341969490051,0.974098801612854,128,True,False,False,False
STRAIN_000598,2,GLOBAL_CONTIG,2,142,0.47929537296295166,0.5207046270370483,1.0204946994781494,128,True,False,False,False
STRAIN_000598,2,GLOBAL_CONTIG,3,242,0.5007590055465698,0.4992409944534302,0.9992407560348511,128,True,False,False,False
STRAIN_000598,2,GLOBAL_CONTIG,4,342,0.5122442245483398,0.48775577545166016,0.9876798987388611,128,True,False,False,False
STRAIN_000598,2,GLOBAL_CONTIG,5,442,0.511266827583313,0.488733172416687,0.9886689782142639,128,True,False,False,False
STRAIN_000604,2,GLOBAL_CONTIG,1,42,0.6714601516723633,0.3285398483276367,0.8106045722961426,128,True,False,False,False
STRAIN_000604,2,GLOBAL_CONTIG,2,142,0.6904488205909729,0.3095511794090271,0.7868306040763855,128,True,False,False,False
STRAIN_000604,2,GLOBAL_CONTIG,3,242,0.7305662035942078,0.26943379640579224,0.7340760827064514,128,True,False,False,False
STRAIN_000604,2,GLOBAL_CONTIG,4,342,0.7027333974838257,0.2972666025161743,0.7710598707199097,128,True,False,False,False
STRAIN_000604,2,GLOBAL_CONTIG,5,442,0.7215920090675354,0.2784079909324646,0.74620121717453,128,True,False,False,False
STRAIN_000615,2,GLOBAL_CONTIG,1,42,0.6713489294052124,0.3286510705947876,0.8107417225837708,128,True,False,False,False
STRAIN_000615,2,GLOBAL_CONTIG,2,142,0.6633519530296326,0.33664804697036743,0.8205462694168091,128,True,False,False,False
STRAIN_000615,2,GLOBAL_CONTIG,3,242,0.6498025059700012,0.3501974940299988,0.8368961215019226,128,True,False,False,False
STRAIN_000615,2,GLOBAL_CONTIG,4,342,0.6479830741882324,0.3520169258117676,0.839067280292511,128,True,False,False,False
STRAIN_000615,2,GLOBAL_CONTIG,5,442,0.625767171382904,0.37423282861709595,0.8651390075683594,128,True,False,False,False
STRAIN_000626,2,GLOBAL_CONTIG,1,42,0.6797868013381958,0.3202131986618042,0.800266444683075,128,True,False,False,False
STRAIN_000626,2,GLOBAL_CONTIG,2,142,0.6888567209243774,0.31114327907562256,0.7888514399528503,128,True,False,False,False
STRAIN_000626,2,GLOBAL_CONTIG,3,242,0.6883164048194885,0.3116835951805115,0.7895360589027405,128,True,False,False,False
STRAIN_000626,2,GLOBAL_CONTIG,4,342,0.6456935405731201,0.3543064594268799,0.8417915105819702,128,True,False,False,False
STRAIN_000626,2,GLOBAL_CONTIG,5,442,0.702975332736969,0.297024667263031,0.7707459330558777,128,True,False,False,False
STRAIN_000627,2,GLOBAL_CONTIG,1,42,0.6630655527114868,0.3369344472885132,0.8208951950073242,128,True,False,False,False
STRAIN_000627,2,GLOBAL_CONTIG,2,142,0.643628716468811,0.35637128353118896,0.8442408442497253,128,True,False,False,False
STRAIN_000627,2,GLOBAL_CONTIG,3,242,0.6960821747779846,0.3039178252220154,0.7796381115913391,128,True,False,False,False
STRAIN_000627,2,GLOBAL_CONTIG,4,342,0.6734205484390259,0.3265794515609741,0.808182418346405,128,True,False,False,False
STRAIN_000627,2,GLOBAL_CONTIG,5,442,0.6387693881988525,0.36123061180114746,0.8499772548675537,128,True,False,False,False
STRAIN_000634,2,GLOBAL_CONTIG,1,42,0.7409976720809937,0.25900232791900635,0.7197254300117493,128,True,False,False,False
STRAIN_000634,2,GLOBAL_CONTIG,2,142,0.7076591849327087,0.29234081506729126,0.7646448612213135,128,True,False,False,False
STRAIN_000634,2,GLOBAL_CONTIG,3,242,0.7057576179504395,0.29424238204956055,0.7671276330947876,128,True,False,False,False
STRAIN_000634,2,GLOBAL_CONTIG,4,342,0.7031044363975525,0.2968955636024475,0.7705785036087036,128,True,False,False,False
STRAIN_000634,2,GLOBAL_CONTIG,5,442,0.699349582195282,0.300650417804718,0.7754358649253845,128,True,False,False,False
STRAIN_000637,2,GLOBAL_CONTIG,1,42,0.647579550743103,0.352420449256897,0.8395480513572693,128,True,False,False,False
STRAIN_000637,2,GLOBAL_CONTIG,2,142,0.6291970014572144,0.37080299854278564,0.861165463924408,128,True,False,False,False
STRAIN_000637,2,GLOBAL_CONTIG,3,242,0.6268107891082764,0.37318921089172363,0.8639320135116577,128,True,False,False,False
STRAIN_000637,2,GLOBAL_CONTIG,4,342,0.6303602457046509,0.3696397542953491,0.8598135709762573,128,True,False,False,False
STRAIN_000637,2,GLOBAL_CONTIG,5,442,0.6304039359092712,0.36959606409072876,0.8597628474235535,128,True,False,False,False
STRAIN_000639,2,GLOBAL_CONTIG,1,42,0.5620569586753845,0.4379430413246155,0.93588787317276,128,True,False,False,False
STRAIN_000639,2,GLOBAL_CONTIG,2,142,0.5549308657646179,0.4450691342353821,0.9434714317321777,128,True,False,False,False
STRAIN_000639,2,GLOBAL_CONTIG,3,242,0.5614891052246094,0.4385108947753906,0.9364944696426392,128,True,False,False,False
STRAIN_000639,2,GLOBAL_CONTIG,4,342,0.5682536959648132,0.43174630403518677,0.9292430877685547,128,True,False,False,False
STRAIN_000639,2,GLOBAL_CONTIG,5,442,0.582504153251648,0.41749584674835205,0.9137787818908691,128,True,False,False,False
STRAIN_000642,2,GLOBAL_CONTIG,1,42,0.6644195318222046,0.3355804681777954,0.8192440867424011,128,True,False,False,False
STRAIN_000642,2,GLOBAL_CONTIG,2,142,0.6812359094619751,0.3187640905380249,0.7984535694122314,128,True,False,False,False
STRAIN_000642,2,GLOBAL_CONTIG,3,242,0.6579362154006958,0.3420637845993042,0.8271199464797974,128,True,False,False,False
STRAIN_000642,2,GLOBAL_CONTIG,4,342,0.6915372014045715,0.30846279859542847,0.7854461669921875,128,True,False,False,False
STRAIN_000642,2,GLOBAL_CONTIG,5,442,0.6751861572265625,0.3248138427734375,0.8059946894645691,128,True,False,False,False
STRAIN_000643,2,GLOBAL_CONTIG,1,42,0.6876091361045837,0.31239086389541626,0.7904313802719116,128,True,False,False,False
STRAIN_000643,2,GLOBAL_CONTIG,2,142,0.6750556230545044,0.3249443769454956,0.8061567544937134,128,True,False,False,False
STRAIN_000643,2,GLOBAL_CONTIG,3,242,0.6927155256271362,0.30728447437286377,0.7839444279670715,128,True,False,False,False
STRAIN_000643,2,GLOBAL_CONTIG,4,342,0.6945021152496338,0.3054978847503662,0.7816621661186218,128,True,False,False,False
STRAIN_000643,2,GLOBAL_CONTIG,5,442,0.7141096591949463,0.2858903408050537,0.7561618089675903,128,True,False,False,False
STRAIN_000647,2,GLOBAL_CONTIG,1,42,0.6257784366607666,0.3742215633392334,0.8651260733604431,128,True,False,False,False
STRAIN_000647,2,GLOBAL_CONTIG,2,142,0.6267503499984741,0.3732496500015259,0.8640019297599792,128,True,False,False,False
STRAIN_000647,2,GLOBAL_CONTIG,3,242,0.6249387264251709,0.3750612735748291,0.8660960793495178,128,True,False,False,False
STRAIN_000647,2,GLOBAL_CONTIG,4,342,0.6469118595123291,0.3530881404876709,0.8403428792953491,128,True,False,False,False
STRAIN_000647,2,GLOBAL_CONTIG,5,442,0.6699382662773132,0.33006173372268677,0.8124797940254211,128,True,False,False,False
STRAIN_000651,2,GLOBAL_CONTIG,1,42,0.655949592590332,0.34405040740966797,0.8295183777809143,128,True,False,False,False
STRAIN_000651,2,GLOBAL_CONTIG,2,142,0.668498158454895,0.331501841545105,0.8142504096031189,128,True,False,False,False
STRAIN_000651,2,GLOBAL_CONTIG,3,242,0.6405947208404541,0.3594052791595459,0.8478269577026367,128,True,False,False,False
STRAIN_000651,2,GLOBAL_CONTIG,4,342,0.6367826461791992,0.3632173538208008,0.8523113131523132,128,True,False,False,False
STRAIN_000651,2,GLOBAL_CONTIG,5,442,0.6229867339134216,0.37701326608657837,0.8683469295501709,128,True,False,False,False
STRAIN_000658,2,GLOBAL_CONTIG,1,42,0.6539551019668579,0.3460448980331421,0.831919252872467,128,True,False,False,False
STRAIN_000658,2,GLOBAL_CONTIG,2,142,0.6441978216171265,0.35580217838287354,0.8435662984848022,128,True,False,False,False
STRAIN_000658,2,GLOBAL_CONTIG,3,242,0.6431218981742859,0.3568781018257141,0.844840943813324,128,True,False,False,False
STRAIN_000658,2,GLOBAL_CONTIG,4,342,0.6015933156013489,0.3984066843986511,0.8926439881324768,128,True,False,False,False
STRAIN_000658,2,GLOBAL_CONTIG,5,442,0.6227608919143677,0.3772391080856323,0.8686070442199707,128,True,False,False,False
STRAIN_000665,2,GLOBAL_CONTIG,1,42,0.7042057514190674,0.2957942485809326,0.7691478133201599,128,True,False,False,False
STRAIN_000665,2,GLOBAL_CONTIG,2,142,0.6769312620162964,0.3230687379837036,0.8038267493247986,128,True,False,False,False
STRAIN_000665,2,GLOBAL_CONTIG,3,242,0.6796166896820068,0.32038331031799316,0.8004790544509888,128,True,False,False,False
STRAIN_000665,2,GLOBAL_CONTIG,4,342,0.6865818500518799,0.3134181499481201,0.7917299270629883,128,True,False,False,False
STRAIN_000665,2,GLOBAL_CONTIG,5,442,0.7055875658988953,0.29441243410110474,0.7673492431640625,128,True,False,False,False
STRAIN_000675,2,GLOBAL_CONTIG,1,42,0.5081788301467896,0.49182116985321045,0.9917873740196228,128,True,False,False,False
STRAIN_000675,2,GLOBAL_CONTIG,2,142,0.5429412126541138,0.45705878734588623,0.9560949206352234,128,True,False,False,False
STRAIN_000675,2,GLOBAL_CONTIG,3,242,0.5327906608581543,0.4672093391418457,0.9666533470153809,128,True,False,False,False
STRAIN_000675,2,GLOBAL_CONTIG,4,342,0.5296715497970581,0.4703284502029419,0.9698746204376221,128,True,False,False,False
STRAIN_000675,2,GLOBAL_CONTIG,5,442,0.5361552238464355,0.46384477615356445,0.9631664156913757,128,True,False,False,False
STRAIN_000681,2,GLOBAL_CONTIG,1,42,0.6315240859985352,0.36847591400146484,0.8584589958190918,128,True,False,False,False
STRAIN_000681,2,GLOBAL_CONTIG,2,142,0.6992418169975281,0.3007581830024719,0.7755749225616455,128,True,False,False,False
STRAIN_000681,2,GLOBAL_CONTIG,3,242,0.6505923271179199,0.3494076728820801,0.8359518647193909,128,True,False,False,False
STRAIN_000681,2,GLOBAL_CONTIG,4,342,0.6066036224365234,0.39339637756347656,0.8870133757591248,128,True,False,False,False
STRAIN_000681,2,GLOBAL_CONTIG,5,442,0.6571605801582336,0.34283941984176636,0.8280572891235352,128,True,False,False,False
STRAIN_000696,2,GLOBAL_CONTIG,1,42,0.5633054971694946,0.43669450283050537,0.9345528483390808,128,True,False,False,False
STRAIN_000696,2,GLOBAL_CONTIG,2,142,0.5767179131507874,0.42328208684921265,0.9200892448425293,128,True,False,False,False
STRAIN_000696,2,GLOBAL_CONTIG,3,242,0.6017612218856812,0.39823877811431885,0.8924559354782104,128,True,False,False,False
STRAIN_000696,2,GLOBAL_CONTIG,4,342,0.5688201189041138,0.43117988109588623,0.9286332726478577,128,True,False,False,False
STRAIN_000696,2,GLOBAL_CONTIG,5,442,0.5672931671142578,0.4327068328857422,0.930276095867157,128,True,False,False,False
STRAIN_000702,2,GLOBAL_CONTIG,1,42,0.6281305551528931,0.37186944484710693,0.8624030351638794,128,True,False,False,False
STRAIN_000702,2,GLOBAL_CONTIG,2,142,0.6789880394935608,0.3210119605064392,0.8012639880180359,128,True,False,False,False
STRAIN_000702,2,GLOBAL_CONTIG,3,242,0.6001451015472412,0.3998548984527588,0.8942649364471436,128,True,False,False,False
STRAIN_000702,2,GLOBAL_CONTIG,4,342,0.6042640805244446,0.3957359194755554,0.8896470069885254,128,True,False,False,False
STRAIN_000702,2,GLOBAL_CONTIG,5,442,0.6284133791923523,0.3715866208076477,0.8620750308036804,128,True,False,False,False
STRAIN_000713,2,GLOBAL_CONTIG,1,42,0.6044601202011108,0.39553987979888916,0.889426589012146,128,True,False,False,False
STRAIN_000713,2,GLOBAL_CONTIG,2,142,0.5984157919883728,0.4015842080116272,0.8961965441703796,128,True,False,False,False
STRAIN_000713,2,GLOBAL_CONTIG,3,242,0.6067104339599609,0.39328956604003906,0.8868929743766785,128,True,False,False,False
STRAIN_000713,2,GLOBAL_CONTIG,4,342,0.6181290149688721,0.38187098503112793,0.8739232420921326,128,True,False,False,False
STRAIN_000713,2,GLOBAL_CONTIG,5,442,0.5941688418388367,0.40583115816116333,0.9009230136871338,128,True,False,False,False
STRAIN_000719,2,GLOBAL_CONTIG,1,42,0.6628992557525635,0.3371007442474365,0.8210976719856262,128,True,False,False,False
STRAIN_000719,2,GLOBAL_CONTIG,2,142,0.6534388065338135,0.3465611934661865,0.8325397372245789,128,True,False,False,False
STRAIN_000719,2,GLOBAL_CONTIG,3,242,0.6640427708625793,0.33595722913742065,0.8197037577629089,128,True,False,False,False
STRAIN_000719,2,GLOBAL_CONTIG,4,342,0.6695699095726013,0.3304300904273987,0.8129330277442932,128,True,False,False,False
STRAIN_000719,2,GLOBAL_CONTIG,5,442,0.6209612488746643,0.3790387511253357,0.8706763386726379,128,True,False,False,False
STRAIN_000728,2,GLOBAL_CONTIG,1,42,0.686660885810852,0.31333911418914795,0.7916301488876343,128,True,False,False,False
STRAIN_000728,2,GLOBAL_CONTIG,2,142,0.7260322570800781,0.2739677429199219,0.7402265667915344,128,True,False,False,False
STRAIN_000728,2,GLOBAL_CONTIG,3,242,0.6727033853530884,0.3272966146469116,0.8090693354606628,128,True,False,False,False
STRAIN_000728,2,GLOBAL_CONTIG,4,342,0.6469732522964478,0.35302674770355225,0.840269923210144,128,True,False,False,False
STRAIN_000728,2,GLOBAL_CONTIG,5,442,0.7034047842025757,0.2965952157974243,0.7701885104179382,128,True,False,False,False
STRAIN_000729,2,GLOBAL_CONTIG,1,42,0.6605461835861206,0.3394538164138794,0.8239585161209106,128,True,False,False,False
STRAIN_000729,2,GLOBAL_CONTIG,2,142,0.6552863717079163,0.34471362829208374,0.830317497253418,128,True,False,False,False
STRAIN_000729,2,GLOBAL_CONTIG,3,242,0.6116695404052734,0.38833045959472656,0.8812836408615112,128,True,False,False,False
STRAIN_000729,2,GLOBAL_CONTIG,4,342,0.6484600305557251,0.3515399694442749,0.838498592376709,128,True,False,False,False
STRAIN_000729,2,GLOBAL_CONTIG,5,442,0.671441912651062,0.328558087348938,0.8106269836425781,128,True,False,False,False
STRAIN_000735,2,GLOBAL_CONTIG,1,42,0.5975823402404785,0.4024176597595215,0.8971260786056519,128,True,False,False,False
STRAIN_000735,2,GLOBAL_CONTIG,2,142,0.6104155778884888,0.38958442211151123,0.8827053904533386,128,True,False,False,False
STRAIN_000735,2,GLOBAL_CONTIG,3,242,0.5785185694694519,0.4214814305305481,0.918130099773407,128,True,False,False,False
STRAIN_000735,2,GLOBAL_CONTIG,4,342,0.589289128780365,0.410710871219635,0.9063231945037842,128,True,False,False,False
STRAIN_000735,2,GLOBAL_CONTIG,5,442,0.6053293943405151,0.39467060565948486,0.8884487748146057,128,True,False,False,False
STRAIN_000737,2,GLOBAL_CONTIG,1,42,0.7431021928787231,0.25689780712127686,0.7167955636978149,128,True,False,False,False
STRAIN_000737,2,GLOBAL_CONTIG,2,142,0.7474300861358643,0.25256991386413574,0.710732102394104,128,True,False,False,False
STRAIN_000737,2,GLOBAL_CONTIG,3,242,0.7698755264282227,0.23012447357177734,0.6784166097640991,128,True,False,False,False
STRAIN_000737,2,GLOBAL_CONTIG,4,342,0.7283061742782593,0.2716938257217407,0.7371483445167542,128,True,False,False,False
STRAIN_000737,2,GLOBAL_CONTIG,5,442,0.7089702486991882,0.29102975130081177,0.7629284262657166,128,True,False,False,False
STRAIN_000743,2,GLOBAL_CONTIG,1,42,0.6590116620063782,0.3409883379936218,0.8258187770843506,128,True,False,False,False
STRAIN_000743,2,GLOBAL_CONTIG,2,142,0.6921051144599915,0.30789488554000854,0.7847227454185486,128,True,False,False,False
STRAIN_000743,2,GLOBAL_CONTIG,3,242,0.6583162546157837,0.3416837453842163,0.8266602754592896,128,True,False,False,False
STRAIN_000743,2,GLOBAL_CONTIG,4,342,0.7036353945732117,0.29636460542678833,0.7698889970779419,128,True,False,False,False
STRAIN_000743,2,GLOBAL_CONTIG,5,442,0.6937118768692017,0.30628812313079834,0.7826724052429199,128,True,False,False,False
STRAIN_000744,2,GLOBAL_CONTIG,1,42,0.6726053953170776,0.32739460468292236,0.8091905117034912,128,True,False,False,False
STRAIN_000744,2,GLOBAL_CONTIG,2,142,0.6120205521583557,0.3879794478416443,0.8808853626251221,128,True,False,False,False
STRAIN_000744,2,GLOBAL_CONTIG,3,242,0.6310296058654785,0.3689703941345215,0.8590347766876221,128,True,False,False,False
STRAIN_000744,2,GLOBAL_CONTIG,4,342,0.6443708539009094,0.3556291460990906,0.8433613777160645,128,True,False,False,False
STRAIN_000744,2,GLOBAL_CONTIG,5,442,0.6625635623931885,0.3374364376068115,0.8215065598487854,128,True,False,False,False
STRAIN_000745,2,GLOBAL_CONTIG,1,42,0.6861349940299988,0.3138650059700012,0.7922941446304321,128,True,False,False,False
STRAIN_000745,2,GLOBAL_CONTIG,2,142,0.7030847072601318,0.29691529273986816,0.7706040143966675,128,True,False,False,False
STRAIN_000745,2,GLOBAL_CONTIG,3,242,0.7188140153884888,0.28118598461151123,0.7499147057533264,128,True,False,False,False
STRAIN_000745,2,GLOBAL_CONTIG,4,342,0.7001461386680603,0.2998538613319397,0.7744079232215881,128,True,False,False,False
STRAIN_000745,2,GLOBAL_CONTIG,5,442,0.7134209871292114,0.2865790128707886,0.7570720314979553,128,True,False,False,False
STRAIN_000756,2,GLOBAL_CONTIG,1,42,0.5665534138679504,0.43344658613204956,0.9310709834098816,128,True,False,False,False
STRAIN_000756,2,GLOBAL_CONTIG,2,142,0.5455632209777832,0.4544367790222168,0.9533485770225525,128,True,False,False,False
STRAIN_000756,2,GLOBAL_CONTIG,3,242,0.5853182077407837,0.4146817922592163,0.9106940627098083,128,True,False,False,False
STRAIN_000756,2,GLOBAL_CONTIG,4,342,0.5631721019744873,0.4368278980255127,0.9346955418586731,128,True,False,False,False
STRAIN_000756,2,GLOBAL_CONTIG,5,442,0.5667645335197449,0.4332354664802551,0.930844247341156,128,True,False,False,False
STRAIN_000761,2,GLOBAL_CONTIG,1,42,0.7509371042251587,0.2490628957748413,0.7057803273200989,128,True,False,False,False
STRAIN_000761,2,GLOBAL_CONTIG,2,142,0.7252083420753479,0.2747916579246521,0.741338849067688,128,True,False,False,False
STRAIN_000761,2,GLOBAL_CONTIG,3,242,0.7360208034515381,0.2639791965484619,0.7266073822975159,128,True,False,False,False
STRAIN_000761,2,GLOBAL_CONTIG,4,342,0.6760485172271729,0.32395148277282715,0.8049241900444031,128,True,False,False,False
STRAIN_000761,2,GLOBAL_CONTIG,5,442,0.7244995832443237,0.27550041675567627,0.742294192314148,128,True,False,False,False
STRAIN_000762,2,GLOBAL_CONTIG,1,42,0.7615509033203125,0.2384490966796875,0.690578043460846,128,True,False,False,False
STRAIN_000762,2,GLOBAL_CONTIG,2,142,0.698096752166748,0.30190324783325195,0.7770498991012573,128,True,False,False,False
STRAIN_000762,2,GLOBAL_CONTIG,3,242,0.7155303955078125,0.2844696044921875,0.754280686378479,128,True,False,False,False
STRAIN_000762,2,GLOBAL_CONTIG,4,342,0.71663898229599,0.28336101770401,0.7528092861175537,128,True,False,False,False
STRAIN_000762,2,GLOBAL_CONTIG,5,442,0.7328829765319824,0.2671170234680176,0.7309131026268005,128,True,False,False,False
STRAIN_000766,2,GLOBAL_CONTIG,1,42,0.7281227111816406,0.2718772888183594,0.7373972535133362,128,True,False,False,False
STRAIN_000766,2,GLOBAL_CONTIG,2,142,0.6825950741767883,0.31740492582321167,0.7967497706413269,128,True,False,False,False
STRAIN_000766,2,GLOBAL_CONTIG,3,242,0.6370621919631958,0.3629378080368042,0.851983368396759,128,True,False,False,False
STRAIN_000766,2,GLOBAL_CONTIG,4,342,0.6662600040435791,0.3337399959564209,0.8169945478439331,128,True,False,False,False
STRAIN_000766,2,GLOBAL_CONTIG,5,442,0.57990562915802,0.42009437084198,0.9166181087493896,128,True,False,False,False
STRAIN_000768,2,GLOBAL_CONTIG,1,42,0.5797913074493408,0.4202086925506592,0.9167428612709045,128,True,False,False,False
STRAIN_000768,2,GLOBAL_CONTIG,2,142,0.5819090604782104,0.41809093952178955,0.9144299030303955,128,True,False,False,False
STRAIN_000768,2,GLOBAL_CONTIG,3,242,0.6135534644126892,0.3864465355873108,0.8791432976722717,128,True,False,False,False
STRAIN_000768,2,GLOBAL_CONTIG,4,342,0.5996478199958801,0.4003521800041199,0.8948207497596741,128,True,False,False,False
STRAIN_000768,2,GLOBAL_CONTIG,5,442,0.6016872525215149,0.3983127474784851,0.8925387859344482,128,True,False,False,False
STRAIN_000780,2,GLOBAL_CONTIG,1,42,0.5987358689308167,0.40126413106918335,0.8958393931388855,128,True,False,False,False
STRAIN_000780,2,GLOBAL_CONTIG,2,142,0.5828073620796204,0.41719263792037964,0.913446843624115,128,True,False,False,False
STRAIN_000780,2,GLOBAL_CONTIG,3,242,0.5841202735900879,0.4158797264099121,0.9120083451271057,128,True,False,False,False
STRAIN_000780,2,GLOBAL_CONTIG,4,342,0.5539554953575134,0.4460445046424866,0.9445046186447144,128,True,False,False,False
STRAIN_000780,2,GLOBAL_CONTIG,5,442,0.5743274688720703,0.4256725311279297,0.9226835370063782,128,True,False,False,False
STRAIN_000783,2,GLOBAL_CONTIG,1,42,0.6919143199920654,0.30808568000793457,0.7849658131599426,128,True,False,False,False
STRAIN_000783,2,GLOBAL_CONTIG,2,142,0.7183090448379517,0.28169095516204834,0.7505877017974854,128,True,False,False,False
STRAIN_000783,2,GLOBAL_CONTIG,3,242,0.6762301921844482,0.32376980781555176,0.8046984076499939,128,True,False,False,False
STRAIN_000783,2,GLOBAL_CONTIG,4,342,0.6956506967544556,0.30434930324554443,0.7801913022994995,128,True,False,False,False
STRAIN_000783,2,GLOBAL_CONTIG,5,442,0.7439783811569214,0.2560216188430786,0.715571939945221,128,True,False,False,False
STRAIN_000785,2,GLOBAL_CONTIG,1,42,0.554334819316864,0.445665180683136,0.9441028833389282,128,True,False,False,False
STRAIN_000785,2,GLOBAL_CONTIG,2,142,0.5584926009178162,0.44150739908218384,0.9396886825561523,128,True,False,False,False
STRAIN_000785,2,GLOBAL_CONTIG,3,242,0.5460308790206909,0.4539691209793091,0.9528578519821167,128,True,False,False,False
STRAIN_000785,2,GLOBAL_CONTIG,4,342,0.5348364114761353,0.46516358852386475,0.9645346403121948,128,True,False,False,False
STRAIN_000785,2,GLOBAL_CONTIG,5,442,0.5658076405525208,0.43419235944747925,0.9318715929985046,128,True,False,False,False
STRAIN_000794,2,GLOBAL_CONTIG,1,42,0.5823122262954712,0.4176877737045288,0.9139888882637024,128,True,False,False,False
STRAIN_000794,2,GLOBAL_CONTIG,2,142,0.6123307943344116,0.3876692056655884,0.88053297996521,128,True,False,False,False
STRAIN_000794,2,GLOBAL_CONTIG,3,242,0.5700435638427734,0.42995643615722656,0.9273149967193604,128,True,False,False,False
STRAIN_000794,2,GLOBAL_CONTIG,4,342,0.6109660863876343,0.3890339136123657,0.8820815086364746,128,True,False,False,False
STRAIN_000794,2,GLOBAL_CONTIG,5,442,0.5775995254516602,0.42240047454833984,0.9191306233406067,128,True,False,False,False
STRAIN_000796,2,GLOBAL_CONTIG,1,42,0.5154728293418884,0.4845271706581116,0.9844056367874146,128,True,False,False,False
STRAIN_000796,2,GLOBAL_CONTIG,2,142,0.5110561847686768,0.48894381523132324,0.9888820052146912,128,True,False,False,False
STRAIN_000796,2,GLOBAL_CONTIG,3,242,0.532808244228363,0.46719175577163696,0.9666352272033691,128,True,False,False,False
STRAIN_000796,2,GLOBAL_CONTIG,4,342,0.5218297243118286,0.4781702756881714,0.9779266715049744,128,True,False,False,False
STRAIN_000796,2,GLOBAL_CONTIG,5,442,0.5090816617012024,0.4909183382987976,0.9908766746520996,128,True,False,False,False
STRAIN_000803,2,GLOBAL_CONTIG,1,42,0.5376479029655457,0.46235209703445435,0.9616154432296753,128,True,False,False,False
STRAIN_000803,2,GLOBAL_CONTIG,2,142,0.5181692242622375,0.48183077573776245,0.9816626310348511,128,True,False,False,False
STRAIN_000803,2,GLOBAL_CONTIG,3,242,0.5130294561386108,0.48697054386138916,0.9868845343589783,128,True,False,False,False
STRAIN_000803,2,GLOBAL_CONTIG,4,342,0.5071940422058105,0.49280595779418945,0.9927799105644226,128,True,False,False,False
STRAIN_000803,2,GLOBAL_CONTIG,5,442,0.5287286043167114,0.4712713956832886,0.97084641456604,128,True,False,False,False
STRAIN_000806,2,GLOBAL_CONTIG,1,42,0.6598067283630371,0.3401932716369629,0.8248554468154907,128,True,False,False,False
STRAIN_000806,2,GLOBAL_CONTIG,2,142,0.6673089265823364,0.3326910734176636,0.8157095313072205,128,True,False,False,False
STRAIN_000806,2,GLOBAL_CONTIG,3,242,0.660223126411438,0.339776873588562,0.8243505358695984,128,True,False,False,False
STRAIN_000806,2,GLOBAL_CONTIG,4,342,0.6455867886543274,0.3544132113456726,0.8419183492660522,128,True,False,False,False
STRAIN_000806,2,GLOBAL_CONTIG,5,442,0.6736111044883728,0.3263888955116272,0.8079466223716736,128,True,False,False,False
STRAIN_000812,2,GLOBAL_CONTIG,1,42,0.5978721976280212,0.40212780237197876,0.8968029618263245,128,True,False,False,False
STRAIN_000812,2,GLOBAL_CONTIG,2,142,0.6375336647033691,0.36246633529663086,0.8514297604560852,128,True,False,False,False
STRAIN_000812,2,GLOBAL_CONTIG,3,242,0.6324604749679565,0.36753952503204346,0.8573674559593201,128,True,False,False,False
STRAIN_000812,2,GLOBAL_CONTIG,4,342,0.6329512596130371,0.3670487403869629,0.8567948937416077,128,True,False,False,False
STRAIN_000812,2,GLOBAL_CONTIG,5,442,0.624160885810852,0.37583911418914795,0.8669938445091248,128,True,False,False,False
STRAIN_000818,2,GLOBAL_CONTIG,1,42,0.6938377022743225,0.3061622977256775,0.7825117707252502,128,True,False,False,False
STRAIN_000818,2,GLOBAL_CONTIG,2,142,0.6439293622970581,0.3560706377029419,0.8438847661018372,128,True,False,False,False
STRAIN_000818,2,GLOBAL_CONTIG,3,242,0.6633434295654297,0.3366565704345703,0.8205565810203552,128,True,False,False,False
STRAIN_000818,2,GLOBAL_CONTIG,4,342,0.7022508382797241,0.2977491617202759,0.7716853618621826,128,True,False,False,False
STRAIN_000818,2,GLOBAL_CONTIG,5,442,0.6904812455177307,0.3095187544822693,0.7867894172668457,128,True,False,False,False
STRAIN_000834,2,GLOBAL_CONTIG,1,42,0.7607967853546143,0.23920321464538574,0.6916694045066833,128,True,False,False,False
STRAIN_000834,2,GLOBAL_CONTIG,2,142,0.7373329401016235,0.26266705989837646,0.724799394607544,128,True,False,False,False
STRAIN_000834,2,GLOBAL_CONTIG,3,242,0.7201066613197327,0.27989333868026733,0.748188853263855,128,True,False,False,False
STRAIN_000834,2,GLOBAL_CONTIG,4,342,0.8054676055908203,0.1945323944091797,0.623750627040863,128,True,False,False,False
STRAIN_000834,2,GLOBAL_CONTIG,5,442,0.7254507541656494,0.2745492458343506,0.7410117387771606,128,True,False,False,False
STRAIN_000840,2,GLOBAL_CONTIG,1,42,0.6072304248809814,0.39276957511901855,0.8863064646720886,128,True,False,False,False
STRAIN_000840,2,GLOBAL_CONTIG,2,142,0.5696938633918762,0.4303061366081238,0.9276919960975647,128,True,False,False,False
STRAIN_000840,2,GLOBAL_CONTIG,3,242,0.5840282440185547,0.4159717559814453,0.912109375,128,True,False,False,False
STRAIN_000840,2,GLOBAL_CONTIG,4,342,0.584825336933136,0.415174663066864,0.9112350940704346,128,True,False,False,False
STRAIN_000840,2,GLOBAL_CONTIG,5,442,0.5481926202774048,0.4518073797225952,0.9505865573883057,128,True,False,False,False
STRAIN_000855,2,GLOBAL_CONTIG,1,42,0.6280360221862793,0.3719639778137207,0.8625125885009766,128,True,False,False,False
STRAIN_000855,2,GLOBAL_CONTIG,2,142,0.6378599405288696,0.36214005947113037,0.8510465025901794,128,True,False,False,False
STRAIN_000855,2,GLOBAL_CONTIG,3,242,0.5993009805679321,0.40069901943206787,0.8952082991600037,128,True,False,False,False
STRAIN_000855,2,GLOBAL_CONTIG,4,342,0.6461851000785828,0.35381489992141724,0.8412073850631714,128,True,False,False,False
STRAIN_000855,2,GLOBAL_CONTIG,5,442,0.6317503452301025,0.36824965476989746,0.8581953644752502,128,True,False,False,False
STRAIN_000856,2,GLOBAL_CONTIG,1,42,0.638309121131897,0.361690878868103,0.8505184650421143,128,True,False,False,False
STRAIN_000856,2,GLOBAL_CONTIG,2,142,0.7342137694358826,0.26578623056411743,0.72909015417099,128,True,False,False,False
STRAIN_000856,2,GLOBAL_CONTIG,3,242,0.7123985290527344,0.2876014709472656,0.7584213018417358,128,True,False,False,False
STRAIN_000856,2,GLOBAL_CONTIG,4,342,0.6667817831039429,0.33321821689605713,0.8163554668426514,128,True,False,False,False
STRAIN_000856,2,GLOBAL_CONTIG,5,442,0.6784127950668335,0.3215872049331665,0.8019816875457764,128,True,False,False,False
STRAIN_000857,2,GLOBAL_CONTIG,1,42,0.579174280166626,0.420825719833374,0.9174157381057739,128,True,False,False,False
STRAIN_000857,2,GLOBAL_CONTIG,2,142,0.597300112247467,0.40269988775253296,0.8974407315254211,128,True,False,False,False
STRAIN_000857,2,GLOBAL_CONTIG,3,242,0.5973015427589417,0.40269845724105835,0.8974391222000122,128,True,False,False,False
STRAIN_000857,2,GLOBAL_CONTIG,4,342,0.5775762796401978,0.42242372035980225,0.9191558361053467,128,True,False,False,False
STRAIN_000857,2,GLOBAL_CONTIG,5,442,0.5902504324913025,0.4097495675086975,0.9052619338035583,128,True,False,False,False
STRAIN_000859,2,GLOBAL_CONTIG,1,42,0.5374816060066223,0.4625183939933777,0.9617883563041687,128,True,False,False,False
STRAIN_000859,2,GLOBAL_CONTIG,2,142,0.5143903493881226,0.48560965061187744,0.9855045080184937,128,True,False,False,False
STRAIN_000859,2,GLOBAL_CONTIG,3,242,0.5397838354110718,0.4602161645889282,0.9593916535377502,128,True,False,False,False
STRAIN_000859,2,GLOBAL_CONTIG,4,342,0.534900426864624,0.465099573135376,0.964468240737915,128,True,False,False,False
STRAIN_000859,2,GLOBAL_CONTIG,5,442,0.5168769359588623,0.4831230640411377,0.9829781651496887,128,True,False,False,False
STRAIN_000866,2,GLOBAL_CONTIG,1,42,0.6143836975097656,0.3856163024902344,0.8781986236572266,128,True,False,False,False
STRAIN_000866,2,GLOBAL_CONTIG,2,142,0.6226007342338562,0.3773992657661438,0.8687914609909058,128,True,False,False,False
STRAIN_000866,2,GLOBAL_CONTIG,3,242,0.6270036101341248,0.37299638986587524,0.8637087941169739,128,True,False,False,False
STRAIN_000866,2,GLOBAL_CONTIG,4,342,0.6076822876930237,0.3923177123069763,0.8857965469360352,128,True,False,False,False
STRAIN_000866,2,GLOBAL_CONTIG,5,442,0.5729444026947021,0.42705559730529785,0.9241814613342285,128,True,False,False,False
STRAIN_000869,2,GLOBAL_CONTIG,1,42,0.6422243714332581,0.35777562856674194,0.845902681350708,128,True,False,False,False
STRAIN_000869,2,GLOBAL_CONTIG,2,142,0.6725205779075623,0.32747942209243774,0.8092952966690063,128,True,False,False,False
STRAIN_000869,2,GLOBAL_CONTIG,3,242,0.6275261640548706,0.3724738359451294,0.8631035685539246,128,True,False,False,False
STRAIN_000869,2,GLOBAL_CONTIG,4,342,0.6669025421142578,0.3330974578857422,0.8162077069282532,128,True,False,False,False
STRAIN_000869,2,GLOBAL_CONTIG,5,442,0.667335033416748,0.33266496658325195,0.8156775832176208,128,True,False,False,False
STRAIN_000874,2,GLOBAL_CONTIG,1,42,0.686830997467041,0.313169002532959,0.7914152145385742,128,True,False,False,False
STRAIN_000874,2,GLOBAL_CONTIG,2,142,0.6524041295051575,0.34759587049484253,0.8337815403938293,128,True,False,False,False
STRAIN_000874,2,GLOBAL_CONTIG,3,242,0.6528053879737854,0.3471946120262146,0.8333001732826233,128,True,False,False,False
STRAIN_000874,2,GLOBAL_CONTIG,4,342,0.6866979598999023,0.31330204010009766,0.7915832996368408,128,True,False,False,False
STRAIN_000874,2,GLOBAL_CONTIG,5,442,0.6708984375,0.3291015625,0.8112971782684326,128,True,False,False,False
STRAIN_000881,2,GLOBAL_CONTIG,1,42,0.5338524580001831,0.4661475419998169,0.9655542373657227,128,True,False,False,False
STRAIN_000881,2,GLOBAL_CONTIG,2,142,0.5239555835723877,0.4760444164276123,0.9757505059242249,128,True,False,False,False
STRAIN_000881,2,GLOBAL_CONTIG,3,242,0.5972760915756226,0.40272390842437744,0.8974674940109253,128,True,False,False,False
STRAIN_000881,2,GLOBAL_CONTIG,4,342,0.5767102837562561,0.4232897162437439,0.9200975894927979,128,True,False,False,False
STRAIN_000881,2,GLOBAL_CONTIG,5,442,0.5767996311187744,0.4232003688812256,0.9200004935264587,128,True,False,False,False
STRAIN_000882,2,GLOBAL_CONTIG,1,42,0.527612566947937,0.472387433052063,0.9719952940940857,128,True,False,False,False
STRAIN_000882,2,GLOBAL_CONTIG,2,142,0.5292913317680359,0.4707086682319641,0.9702666401863098,128,True,False,False,False
STRAIN_000882,2,GLOBAL_CONTIG,3,242,0.5249355435371399,0.4750644564628601,0.9747455716133118,128,True,False,False,False
STRAIN_000882,2,GLOBAL_CONTIG,4,342,0.5174816250801086,0.48251837491989136,0.9823628664016724,128,True,False,False,False
STRAIN_000882,2,GLOBAL_CONTIG,5,442,0.5322892665863037,0.4677107334136963,0.9671719074249268,128,True,False,False,False
STRAIN_000883,2,GLOBAL_CONTIG,1,42,0.5646892189979553,0.4353107810020447,0.9330710768699646,128,True,False,False,False
STRAIN_000883,2,GLOBAL_CONTIG,2,142,0.6050649881362915,0.3949350118637085,0.8887462615966797,128,True,False,False,False
STRAIN_000883,2,GLOBAL_CONTIG,3,242,0.57474684715271,0.42525315284729004,0.9222289323806763,128,True,False,False,False
STRAIN_000883,2,GLOBAL_CONTIG,4,342,0.5897613167762756,0.41023868322372437,0.9058020710945129,128,True,False,False,False
STRAIN_000883,2,GLOBAL_CONTIG,5,442,0.6011631488800049,0.3988368511199951,0.8931257128715515,128,True,False,False,False
STRAIN_000893,2,GLOBAL_CONTIG,1,42,0.605313777923584,0.394686222076416,0.8884664177894592,128,True,False,False,False
STRAIN_000893,2,GLOBAL_CONTIG,2,142,0.5890017151832581,0.41099828481674194,0.9066402912139893,128,True,False,False,False
STRAIN_000893,2,GLOBAL_CONTIG,3,242,0.5949869155883789,0.4050130844116211,0.9000145792961121,128,True,False,False,False
STRAIN_000893,2,GLOBAL_CONTIG,4,342,0.6061899065971375,0.39381009340286255,0.8874796628952026,128,True,False,False,False
STRAIN_000893,2,GLOBAL_CONTIG,5,442,0.5916256904602051,0.4083743095397949,0.9037414193153381,128,True,False,False,False
STRAIN_000900,2,GLOBAL_CONTIG,1,42,0.6149905920028687,0.38500940799713135,0.877507209777832,128,True,False,False,False
STRAIN_000900,2,GLOBAL_CONTIG,2,142,0.6842498183250427,0.3157501816749573,0.7946699857711792,128,True,False,False,False
STRAIN_000900,2,GLOBAL_CONTIG,3,242,0.6560259461402893,0.3439740538597107,0.8294264674186707,128,True,False,False,False
STRAIN_000900,2,GLOBAL_CONTIG,4,342,0.6457614898681641,0.35423851013183594,0.8417108654975891,128,True,False,False,False
STRAIN_000900,2,GLOBAL_CONTIG,5,442,0.636713981628418,0.36328601837158203,0.8523919582366943,128,True,False,False,False
STRAIN_000903,2,GLOBAL_CONTIG,1,42,0.6031507849693298,0.39684921503067017,0.8908976912498474,128,True,False,False,False
STRAIN_000903,2,GLOBAL_CONTIG,2,142,0.6154869794845581,0.3845130205154419,0.8769413232803345,128,True,False,False,False
STRAIN_000903,2,GLOBAL_CONTIG,3,242,0.5902504920959473,0.40974950790405273,0.9052618741989136,128,True,False,False,False
STRAIN_000903,2,GLOBAL_CONTIG,4,342,0.6101468205451965,0.38985317945480347,0.8830099105834961,128,True,False,False,False
STRAIN_000903,2,GLOBAL_CONTIG,5,442,0.6224572658538818,0.37754273414611816,0.8689565062522888,128,True,False,False,False
STRAIN_000904,2,GLOBAL_CONTIG,1,42,0.6390436887741089,0.3609563112258911,0.8496544361114502,128,True,False,False,False
STRAIN_000904,2,GLOBAL_CONTIG,2,142,0.6392126679420471,0.3607873320579529,0.8494555354118347,128,True,False,False,False
STRAIN_000904,2,GLOBAL_CONTIG,3,242,0.64312344789505,0.35687655210494995,0.8448390960693359,128,True,False,False,False
STRAIN_000904,2,GLOBAL_CONTIG,4,342,0.6162209510803223,0.38377904891967773,0.8761039972305298,128,True,False,False,False
STRAIN_000904,2,GLOBAL_CONTIG,5,442,0.621191680431366,0.37880831956863403,0.8704118132591248,128,True,False,False,False
STRAIN_000905,2,GLOBAL_CONTIG,1,42,0.5749398469924927,0.4250601530075073,0.9220198392868042,128,True,False,False,False
STRAIN_000905,2,GLOBAL_CONTIG,2,142,0.5541656613349915,0.44583433866500854,0.9442821145057678,128,True,False,False,False
STRAIN_000905,2,GLOBAL_CONTIG,3,242,0.5474268794059753,0.45257312059402466,0.9513917565345764,128,True,False,False,False
STRAIN_000905,2,GLOBAL_CONTIG,4,342,0.5453600883483887,0.45463991165161133,0.9535617232322693,128,True,False,False,False
STRAIN_000905,2,GLOBAL_CONTIG,5,442,0.5481975078582764,0.45180249214172363,0.9505814909934998,128,True,False,False,False
STRAIN_000909,2,GLOBAL_CONTIG,1,42,0.5442420840263367,0.45575791597366333,0.9547333121299744,128,True,False,False,False
STRAIN_000909,2,GLOBAL_CONTIG,2,142,0.5423964262008667,0.4576035737991333,0.9566645622253418,128,True,False,False,False
STRAIN_000909,2,GLOBAL_CONTIG,3,242,0.5391227006912231,0.46087729930877686,0.9600803852081299,128,True,False,False,False
STRAIN_000909,2,GLOBAL_CONTIG,4,342,0.5222164392471313,0.47778356075286865,0.9775310158729553,128,True,False,False,False
STRAIN_000909,2,GLOBAL_CONTIG,5,442,0.5500788688659668,0.4499211311340332,0.9486001133918762,128,True,False,False,False
STRAIN_000912,2,GLOBAL_CONTIG,1,42,0.6877233982086182,0.31227660179138184,0.7902867794036865,128,True,False,False,False
STRAIN_000912,2,GLOBAL_CONTIG,2,142,0.6206047534942627,0.3793952465057373,0.8710857033729553,128,True,False,False,False
STRAIN_000912,2,GLOBAL_CONTIG,3,242,0.6707271933555603,0.3292728066444397,0.8115082383155823,128,True,False,False,False
STRAIN_000912,2,GLOBAL_CONTIG,4,342,0.6235910654067993,0.3764089345932007,0.8676508069038391,128,True,False,False,False
STRAIN_000912,2,GLOBAL_CONTIG,5,442,0.6626526117324829,0.3373473882675171,0.8213980197906494,128,True,False,False,False
STRAIN_000919,2,GLOBAL_CONTIG,1,42,0.6645355820655823,0.3354644179344177,0.8191024661064148,128,True,False,False,False
STRAIN_000919,2,GLOBAL_CONTIG,2,142,0.6611603498458862,0.33883965015411377,0.8232128024101257,128,True,False,False,False
STRAIN_000919,2,GLOBAL_CONTIG,3,242,0.6764181852340698,0.3235818147659302,0.8044647574424744,128,True,False,False,False
STRAIN_000919,2,GLOBAL_CONTIG,4,342,0.632099449634552,0.367900550365448,0.8577884435653687,128,True,False,False,False
STRAIN_000919,2,GLOBAL_CONTIG,5,442,0.7003099918365479,0.29969000816345215,0.7741962671279907,128,True,False,False,False
STRAIN_000929,2,GLOBAL_CONTIG,1,42,0.6460999250411987,0.35390007495880127,0.8413086533546448,128,True,False,False,False
STRAIN_000929,2,GLOBAL_CONTIG,2,142,0.6897912621498108,0.3102087378501892,0.787665843963623,128,True,False,False,False
STRAIN_000929,2,GLOBAL_CONTIG,3,242,0.6854578852653503,0.31454211473464966,0.7931482195854187,128,True,False,False,False
STRAIN_000929,2,GLOBAL_CONTIG,4,342,0.6752977967262268,0.3247022032737732,0.8058562874794006,128,True,False,False,False
STRAIN_000929,2,GLOBAL_CONTIG,5,442,0.6470432877540588,0.35295671224594116,0.8401864767074585,128,True,False,False,False
STRAIN_000935,2,GLOBAL_CONTIG,1,42,0.5453037023544312,0.45469629764556885,0.9536207318305969,128,True,False,False,False
STRAIN_000935,2,GLOBAL_CONTIG,2,142,0.5522204637527466,0.4477795362472534,0.9463397860527039,128,True,False,False,False
STRAIN_000935,2,GLOBAL_CONTIG,3,242,0.5523263812065125,0.44767361879348755,0.9462278485298157,128,True,False,False,False
STRAIN_000935,2,GLOBAL_CONTIG,4,342,0.5553424954414368,0.44465750455856323,0.9430350065231323,128,True,False,False,False
STRAIN_000935,2,GLOBAL_CONTIG,5,442,0.5445199012756348,0.45548009872436523,0.9544422626495361,128,True,False,False,False
STRAIN_000941,2,GLOBAL_CONTIG,1,42,0.7575359344482422,0.2424640655517578,0.6963679194450378,128,True,False,False,False
STRAIN_000941,2,GLOBAL_CONTIG,2,142,0.6969747543334961,0.3030252456665039,0.7784923911094666,128,True,False,False,False
STRAIN_000941,2,GLOBAL_CONTIG,3,242,0.7025794982910156,0.2974205017089844,0.7712593078613281,128,True,False,False,False
STRAIN_000941,2,GLOBAL_CONTIG,4,342,0.6772142052650452,0.32278579473495483,0.8034746050834656,128,True,False,False,False
STRAIN_000941,2,GLOBAL_CONTIG,5,442,0.6849571466445923,0.3150428533554077,0.7937794327735901,128,True,False,False,False
STRAIN_000942,2,GLOBAL_CONTIG,1,42,0.5288195610046387,0.47118043899536133,0.9707527160644531,128,True,False,False,False
STRAIN_000942,2,GLOBAL_CONTIG,2,142,0.5133682489395142,0.48663175106048584,0.9865410923957825,128,True,False,False,False
STRAIN_000942,2,GLOBAL_CONTIG,3,242,0.5524255037307739,0.4475744962692261,0.9461230635643005,128,True,False,False,False
STRAIN_000942,2,GLOBAL_CONTIG,4,342,0.5522217750549316,0.44777822494506836,0.946338415145874,128,True,False,False,False
STRAIN_000942,2,GLOBAL_CONTIG,5,442,0.5351996421813965,0.4648003578186035,0.9641580581665039,128,True,False,False,False
STRAIN_000951,2,GLOBAL_CONTIG,1,42,0.6173401474952698,0.3826598525047302,0.8748254776000977,128,True,False,False,False
STRAIN_000951,2,GLOBAL_CONTIG,2,142,0.5952770113945007,0.40472298860549927,0.8996921181678772,128,True,False,False,False
STRAIN_000951,2,GLOBAL_CONTIG,3,242,0.5962995886802673,0.40370041131973267,0.898554801940918,128,True,False,False,False
STRAIN_000951,2,GLOBAL_CONTIG,4,342,0.6240439414978027,0.37595605850219727,0.8671286106109619,128,True,False,False,False
STRAIN_000951,2,GLOBAL_CONTIG,5,442,0.6194499731063843,0.3805500268936157,0.8724104166030884,128,True,False,False,False
STRAIN_000969,2,GLOBAL_CONTIG,1,42,0.6812552809715271,0.3187447190284729,0.7984293103218079,128,True,False,False,False
STRAIN_000969,2,GLOBAL_CONTIG,2,142,0.7345520257949829,0.2654479742050171,0.7286258935928345,128,True,False,False,False
STRAIN_000969,2,GLOBAL_CONTIG,3,242,0.6733537316322327,0.32664626836776733,0.8082651495933533,128,True,False,False,False
STRAIN_000969,2,GLOBAL_CONTIG,4,342,0.7175334692001343,0.2824665307998657,0.751620352268219,128,True,False,False,False
STRAIN_000969,2,GLOBAL_CONTIG,5,442,0.6723687648773193,0.32763123512268066,0.8094829320907593,128,True,False,False,False
STRAIN_000976,2,GLOBAL_CONTIG,1,42,0.6325283646583557,0.3674716353416443,0.8572883009910583,128,True,False,False,False
STRAIN_000976,2,GLOBAL_CONTIG,2,142,0.6284469366073608,0.37155306339263916,0.8620360493659973,128,True,False,False,False
STRAIN_000976,2,GLOBAL_CONTIG,3,242,0.6446511745452881,0.3553488254547119,0.8430289030075073,128,True,False,False,False
STRAIN_000976,2,GLOBAL_CONTIG,4,342,0.5869176387786865,0.4130823612213135,0.9089359641075134,128,True,False,False,False
STRAIN_000976,2,GLOBAL_CONTIG,5,442,0.6042389869689941,0.39576101303100586,0.8896752595901489,128,True,False,False,False
STRAIN_000977,2,GLOBAL_CONTIG,1,42,0.5096620321273804,0.49033796787261963,0.9902907609939575,128,True,False,False,False
STRAIN_000977,2,GLOBAL_CONTIG,2,142,0.5306863188743591,0.46931368112564087,0.9688277840614319,128,True,False,False,False
STRAIN_000977,2,GLOBAL_CONTIG,3,242,0.5279386043548584,0.4720613956451416,0.9716598391532898,128,True,False,False,False
STRAIN_000977,2,GLOBAL_CONTIG,4,342,0.5286619663238525,0.47133803367614746,0.9709150791168213,128,True,False,False,False
STRAIN_000977,2,GLOBAL_CONTIG,5,442,0.5289787650108337,0.47102123498916626,0.9705886840820312,128,True,False,False,False
STRAIN_000979,2,GLOBAL_CONTIG,1,42,0.6277725696563721,0.37222743034362793,0.8628180623054504,128,True,False,False,False
STRAIN_000979,2,GLOBAL_CONTIG,2,142,0.6095206141471863,0.3904793858528137,0.8837187886238098,128,True,False,False,False
STRAIN_000979,2,GLOBAL_CONTIG,3,242,0.7117171287536621,0.2882828712463379,0.7593191862106323,128,True,False,False,False
STRAIN_000979,2,GLOBAL_CONTIG,4,342,0.6642226576805115,0.3357773423194885,0.8194844722747803,128,True,False,False,False
STRAIN_000979,2,GLOBAL_CONTIG,5,442,0.6577051281929016,0.3422948718070984,0.8273994326591492,128,True,False,False,False
STRAIN_000995,2,GLOBAL_CONTIG,1,42,0.6548641920089722,0.34513580799102783,0.8308258056640625,128,True,False,False,False
STRAIN_000995,2,GLOBAL_CONTIG,2,142,0.6398599147796631,0.3601400852203369,0.8486931324005127,128,True,False,False,False
STRAIN_000995,2,GLOBAL_CONTIG,3,242,0.6020541191101074,0.3979458808898926,0.8921275734901428,128,True,False,False,False
STRAIN_000995,2,GLOBAL_CONTIG,4,342,0.6451644897460938,0.35483551025390625,0.8424196839332581,128,True,False,False,False
STRAIN_000995,2,GLOBAL_CONTIG,5,442,0.6637029647827148,0.33629703521728516,0.8201183080673218,128,True,False,False,False
STRAIN_001015,2,GLOBAL_CONTIG,1,42,0.7525780200958252,0.2474219799041748,0.70345139503479,128,True,False,False,False
STRAIN_001015,2,GLOBAL_CONTIG,2,142,0.8082197308540344,0.19178026914596558,0.6193228363990784,128,True,False,False,False
STRAIN_001015,2,GLOBAL_CONTIG,3,242,0.7711899876594543,0.22881001234054565,0.6764761805534363,128,True,False,False,False
STRAIN_001015,2,GLOBAL_CONTIG,4,342,0.8208205699920654,0.17917943000793457,0.5986308455467224,128,True,False,False,False
STRAIN_001015,2,GLOBAL_CONTIG,5,442,0.7176735401153564,0.28232645988464355,0.7514338493347168,128,True,False,False,False
