strain_entity_id,outer_fold,control_type,replicate,seed,cosine_true_control,embedding_displacement,l2_distance,embedding_dimension,fold_matched_encoder,phenotype_labels_used,encoder_retrained,encoder_finetuned
STRAIN_000001,3,TIGHTBLOCK50,1,42,0.9756414890289307,0.024358510971069336,0.2207191288471222,128,True,False,False,False
STRAIN_000001,3,TIGHTBLOCK50,2,142,0.9681407809257507,0.03185921907424927,0.2524248957633972,128,True,False,False,False
STRAIN_000001,3,TIGHTBLOCK50,3,242,0.9769093990325928,0.023090600967407227,0.21489834785461426,128,True,False,False,False
STRAIN_000001,3,TIGHTBLOCK50,4,342,0.9737662672996521,0.0262337327003479,0.22905775904655457,128,True,False,False,False
STRAIN_000001,3,TIGHTBLOCK50,5,442,0.9737550616264343,0.026244938373565674,0.22910648584365845,128,True,False,False,False
STRAIN_000031,3,TIGHTBLOCK50,1,42,0.9915848970413208,0.0084151029586792,0.12973196804523468,128,True,False,False,False
STRAIN_000031,3,TIGHTBLOCK50,2,142,0.9917922019958496,0.00820779800415039,0.12812338769435883,128,True,False,False,False
STRAIN_000031,3,TIGHTBLOCK50,3,242,0.9922701120376587,0.007729887962341309,0.12433731555938721,128,True,False,False,False
STRAIN_000031,3,TIGHTBLOCK50,4,342,0.9930957555770874,0.006904244422912598,0.1175086572766304,128,True,False,False,False
STRAIN_000031,3,TIGHTBLOCK50,5,442,0.9925768375396729,0.0074231624603271484,0.12184566259384155,128,True,False,False,False
STRAIN_000040,3,TIGHTBLOCK50,1,42,0.987241268157959,0.012758731842041016,0.15974204242229462,128,True,False,False,False
STRAIN_000040,3,TIGHTBLOCK50,2,142,0.988864541053772,0.011135458946228027,0.14923419058322906,128,True,False,False,False
STRAIN_000040,3,TIGHTBLOCK50,3,242,0.9868985414505005,0.013101458549499512,0.16187366843223572,128,True,False,False,False
STRAIN_000040,3,TIGHTBLOCK50,4,342,0.9907074570655823,0.009292542934417725,0.13632723689079285,128,True,False,False,False
STRAIN_000040,3,TIGHTBLOCK50,5,442,0.9913527965545654,0.00864720344543457,0.13150782883167267,128,True,False,False,False
STRAIN_000044,3,TIGHTBLOCK50,1,42,0.9888278841972351,0.011172115802764893,0.14948052167892456,128,True,False,False,False
STRAIN_000044,3,TIGHTBLOCK50,2,142,0.9940124154090881,0.005987584590911865,0.10943146795034409,128,True,False,False,False
STRAIN_000044,3,TIGHTBLOCK50,3,242,0.9922115802764893,0.007788419723510742,0.12480729818344116,128,True,False,False,False
STRAIN_000044,3,TIGHTBLOCK50,4,342,0.9881585836410522,0.011841416358947754,0.15389223396778107,128,True,False,False,False
STRAIN_000044,3,TIGHTBLOCK50,5,442,0.987259566783905,0.01274043321609497,0.15962781012058258,128,True,False,False,False
STRAIN_000083,3,TIGHTBLOCK50,1,42,0.9709041714668274,0.029095828533172607,0.2412296086549759,128,True,False,False,False
STRAIN_000083,3,TIGHTBLOCK50,2,142,0.9772794246673584,0.0227205753326416,0.2131694257259369,128,True,False,False,False
STRAIN_000083,3,TIGHTBLOCK50,3,242,0.9673054218292236,0.03269457817077637,0.2557130753993988,128,True,False,False,False
STRAIN_000083,3,TIGHTBLOCK50,4,342,0.9753368496894836,0.024663150310516357,0.22209560871124268,128,True,False,False,False
STRAIN_000083,3,TIGHTBLOCK50,5,442,0.9867565035820007,0.013243496417999268,0.1627483367919922,128,True,False,False,False
STRAIN_000090,3,TIGHTBLOCK50,1,42,0.9891020655632019,0.010897934436798096,0.14763407409191132,128,True,False,False,False
STRAIN_000090,3,TIGHTBLOCK50,2,142,0.9915021657943726,0.008497834205627441,0.13036739826202393,128,True,False,False,False
STRAIN_000090,3,TIGHTBLOCK50,3,242,0.9876798391342163,0.012320160865783691,0.1569720208644867,128,True,False,False,False
STRAIN_000090,3,TIGHTBLOCK50,4,342,0.9858397245407104,0.01416027545928955,0.16828738152980804,128,True,False,False,False
STRAIN_000090,3,TIGHTBLOCK50,5,442,0.9912492036819458,0.0087507963180542,0.1322929561138153,128,True,False,False,False
STRAIN_000095,3,TIGHTBLOCK50,1,42,0.9655038714408875,0.03449612855911255,0.26266396045684814,128,True,False,False,False
STRAIN_000095,3,TIGHTBLOCK50,2,142,0.9712700843811035,0.028729915618896484,0.23970834910869598,128,True,False,False,False
STRAIN_000095,3,TIGHTBLOCK50,3,242,0.9687955379486084,0.0312044620513916,0.24981814622879028,128,True,False,False,False
STRAIN_000095,3,TIGHTBLOCK50,4,342,0.9684634804725647,0.0315365195274353,0.25114357471466064,128,True,False,False,False
STRAIN_000095,3,TIGHTBLOCK50,5,442,0.9619691371917725,0.03803086280822754,0.2757929861545563,128,True,False,False,False
STRAIN_000099,3,TIGHTBLOCK50,1,42,0.9920769333839417,0.00792306661605835,0.12588180601596832,128,True,False,False,False
STRAIN_000099,3,TIGHTBLOCK50,2,142,0.993389368057251,0.0066106319427490234,0.11498425900936127,128,True,False,False,False
STRAIN_000099,3,TIGHTBLOCK50,3,242,0.992847204208374,0.0071527957916259766,0.11960556358098984,128,True,False,False,False
STRAIN_000099,3,TIGHTBLOCK50,4,342,0.993445873260498,0.006554126739501953,0.11449099332094193,128,True,False,False,False
STRAIN_000099,3,TIGHTBLOCK50,5,442,0.9940721988677979,0.0059278011322021484,0.10888248682022095,128,True,False,False,False
STRAIN_000106,3,TIGHTBLOCK50,1,42,0.9926613569259644,0.0073386430740356445,0.12114965170621872,128,True,False,False,False
STRAIN_000106,3,TIGHTBLOCK50,2,142,0.9923474788665771,0.0076525211334228516,0.12371304631233215,128,True,False,False,False
STRAIN_000106,3,TIGHTBLOCK50,3,242,0.990589439868927,0.009410560131072998,0.13718995451927185,128,True,False,False,False
STRAIN_000106,3,TIGHTBLOCK50,4,342,0.9917704463005066,0.008229553699493408,0.1282930225133896,128,True,False,False,False
STRAIN_000106,3,TIGHTBLOCK50,5,442,0.991619884967804,0.008380115032196045,0.12946070730686188,128,True,False,False,False
STRAIN_000108,3,TIGHTBLOCK50,1,42,0.9869881272315979,0.0130118727684021,0.16131871938705444,128,True,False,False,False
STRAIN_000108,3,TIGHTBLOCK50,2,142,0.987618088722229,0.012381911277770996,0.15736526250839233,128,True,False,False,False
STRAIN_000108,3,TIGHTBLOCK50,3,242,0.9882417917251587,0.011758208274841309,0.15335048735141754,128,True,False,False,False
STRAIN_000108,3,TIGHTBLOCK50,4,342,0.988760232925415,0.011239767074584961,0.14993196725845337,128,True,False,False,False
STRAIN_000108,3,TIGHTBLOCK50,5,442,0.9888490438461304,0.011150956153869629,0.14933836460113525,128,True,False,False,False
STRAIN_000110,3,TIGHTBLOCK50,1,42,0.9945446252822876,0.005455374717712402,0.10445421189069748,128,True,False,False,False
STRAIN_000110,3,TIGHTBLOCK50,2,142,0.9946972727775574,0.005302727222442627,0.10298258811235428,128,True,False,False,False
STRAIN_000110,3,TIGHTBLOCK50,3,242,0.9940988421440125,0.005901157855987549,0.10863843560218811,128,True,False,False,False
STRAIN_000110,3,TIGHTBLOCK50,4,342,0.9949477314949036,0.0050522685050964355,0.10052165389060974,128,True,False,False,False
STRAIN_000110,3,TIGHTBLOCK50,5,442,0.9949089288711548,0.005091071128845215,0.10090721398591995,128,True,False,False,False
STRAIN_000112,3,TIGHTBLOCK50,1,42,0.9868080615997314,0.013191938400268555,0.16243098676204681,128,True,False,False,False
STRAIN_000112,3,TIGHTBLOCK50,2,142,0.9875366687774658,0.01246333122253418,0.15788127481937408,128,True,False,False,False
STRAIN_000112,3,TIGHTBLOCK50,3,242,0.9853623509407043,0.014637649059295654,0.1711001992225647,128,True,False,False,False
STRAIN_000112,3,TIGHTBLOCK50,4,342,0.987128496170044,0.012871503829956055,0.1604461371898651,128,True,False,False,False
STRAIN_000112,3,TIGHTBLOCK50,5,442,0.9870641231536865,0.012935876846313477,0.16084668040275574,128,True,False,False,False
STRAIN_000124,3,TIGHTBLOCK50,1,42,0.9925137758255005,0.007486224174499512,0.1223609670996666,128,True,False,False,False
STRAIN_000124,3,TIGHTBLOCK50,2,142,0.9927381277084351,0.007261872291564941,0.12051430344581604,128,True,False,False,False
STRAIN_000124,3,TIGHTBLOCK50,3,242,0.9937368631362915,0.006263136863708496,0.11192101985216141,128,True,False,False,False
STRAIN_000124,3,TIGHTBLOCK50,4,342,0.9917948246002197,0.008205175399780273,0.12810249626636505,128,True,False,False,False
STRAIN_000124,3,TIGHTBLOCK50,5,442,0.9916003346443176,0.008399665355682373,0.12961193919181824,128,True,False,False,False
STRAIN_000127,3,TIGHTBLOCK50,1,42,0.9932926893234253,0.006707310676574707,0.1158212348818779,128,True,False,False,False
STRAIN_000127,3,TIGHTBLOCK50,2,142,0.994268536567688,0.005731463432312012,0.10706532746553421,128,True,False,False,False
STRAIN_000127,3,TIGHTBLOCK50,3,242,0.9929791688919067,0.007020831108093262,0.11849649995565414,128,True,False,False,False
STRAIN_000127,3,TIGHTBLOCK50,4,342,0.9917334318161011,0.008266568183898926,0.12858080863952637,128,True,False,False,False
STRAIN_000127,3,TIGHTBLOCK50,5,442,0.9917649030685425,0.00823509693145752,0.12833523750305176,128,True,False,False,False
STRAIN_000131,3,TIGHTBLOCK50,1,42,0.9936067461967468,0.006393253803253174,0.11307799071073532,128,True,False,False,False
STRAIN_000131,3,TIGHTBLOCK50,2,142,0.9936936497688293,0.006306350231170654,0.11230587214231491,128,True,False,False,False
STRAIN_000131,3,TIGHTBLOCK50,3,242,0.9919078350067139,0.008092164993286133,0.12721820175647736,128,True,False,False,False
STRAIN_000131,3,TIGHTBLOCK50,4,342,0.9935817718505859,0.0064182281494140625,0.11329825967550278,128,True,False,False,False
STRAIN_000131,3,TIGHTBLOCK50,5,442,0.9939200282096863,0.006079971790313721,0.11027313768863678,128,True,False,False,False
STRAIN_000133,3,TIGHTBLOCK50,1,42,0.9870761036872864,0.012923896312713623,0.16077259182929993,128,True,False,False,False
STRAIN_000133,3,TIGHTBLOCK50,2,142,0.9861387014389038,0.013861298561096191,0.16650159657001495,128,True,False,False,False
STRAIN_000133,3,TIGHTBLOCK50,3,242,0.9850939512252808,0.014906048774719238,0.17266173660755157,128,True,False,False,False
STRAIN_000133,3,TIGHTBLOCK50,4,342,0.9843344688415527,0.015665531158447266,0.17700622975826263,128,True,False,False,False
STRAIN_000133,3,TIGHTBLOCK50,5,442,0.9863907098770142,0.01360929012298584,0.16498057544231415,128,True,False,False,False
STRAIN_000150,3,TIGHTBLOCK50,1,42,0.9867120981216431,0.013287901878356934,0.16302086412906647,128,True,False,False,False
STRAIN_000150,3,TIGHTBLOCK50,2,142,0.9858790636062622,0.014120936393737793,0.16805334389209747,128,True,False,False,False
STRAIN_000150,3,TIGHTBLOCK50,3,242,0.9877299666404724,0.012270033359527588,0.1566527783870697,128,True,False,False,False
STRAIN_000150,3,TIGHTBLOCK50,4,342,0.9865855574607849,0.013414442539215088,0.16379515826702118,128,True,False,False,False
STRAIN_000150,3,TIGHTBLOCK50,5,442,0.9872452616691589,0.012754738330841064,0.1597169041633606,128,True,False,False,False
STRAIN_000155,3,TIGHTBLOCK50,1,42,0.9596655368804932,0.040334463119506836,0.28402256965637207,128,True,False,False,False
STRAIN_000155,3,TIGHTBLOCK50,2,142,0.9645631909370422,0.035436809062957764,0.2662210464477539,128,True,False,False,False
STRAIN_000155,3,TIGHTBLOCK50,3,242,0.9570587277412415,0.042941272258758545,0.29305708408355713,128,True,False,False,False
STRAIN_000155,3,TIGHTBLOCK50,4,342,0.9639279246330261,0.03607207536697388,0.26859670877456665,128,True,False,False,False
STRAIN_000155,3,TIGHTBLOCK50,5,442,0.962070107460022,0.03792989253997803,0.2754264175891876,128,True,False,False,False
STRAIN_000159,3,TIGHTBLOCK50,1,42,0.9871184229850769,0.012881577014923096,0.16050942242145538,128,True,False,False,False
STRAIN_000159,3,TIGHTBLOCK50,2,142,0.98751300573349,0.01248699426651001,0.158031165599823,128,True,False,False,False
STRAIN_000159,3,TIGHTBLOCK50,3,242,0.9888957738876343,0.011104226112365723,0.14902503788471222,128,True,False,False,False
STRAIN_000159,3,TIGHTBLOCK50,4,342,0.986095666885376,0.013904333114624023,0.16675931215286255,128,True,False,False,False
STRAIN_000159,3,TIGHTBLOCK50,5,442,0.9868794679641724,0.013120532035827637,0.16199100017547607,128,True,False,False,False
STRAIN_000163,3,TIGHTBLOCK50,1,42,0.9732997417449951,0.026700258255004883,0.23108595609664917,128,True,False,False,False
STRAIN_000163,3,TIGHTBLOCK50,2,142,0.9746249914169312,0.025375008583068848,0.22527769207954407,128,True,False,False,False
STRAIN_000163,3,TIGHTBLOCK50,3,242,0.9739076495170593,0.026092350482940674,0.22843986749649048,128,True,False,False,False
STRAIN_000163,3,TIGHTBLOCK50,4,342,0.9799290895462036,0.020070910453796387,0.20035408437252045,128,True,False,False,False
STRAIN_000163,3,TIGHTBLOCK50,5,442,0.9757921695709229,0.02420783042907715,0.2200358510017395,128,True,False,False,False
STRAIN_000170,3,TIGHTBLOCK50,1,42,0.9887918829917908,0.011208117008209229,0.14972077310085297,128,True,False,False,False
STRAIN_000170,3,TIGHTBLOCK50,2,142,0.9895126223564148,0.010487377643585205,0.1448270082473755,128,True,False,False,False
STRAIN_000170,3,TIGHTBLOCK50,3,242,0.989626407623291,0.010373592376708984,0.1440393030643463,128,True,False,False,False
STRAIN_000170,3,TIGHTBLOCK50,4,342,0.9899516701698303,0.010048329830169678,0.14176252484321594,128,True,False,False,False
STRAIN_000170,3,TIGHTBLOCK50,5,442,0.9885267019271851,0.011473298072814941,0.15148207545280457,128,True,False,False,False
STRAIN_000175,3,TIGHTBLOCK50,1,42,0.9602052569389343,0.039794743061065674,0.2821160852909088,128,True,False,False,False
STRAIN_000175,3,TIGHTBLOCK50,2,142,0.963874101638794,0.036125898361206055,0.26879698038101196,128,True,False,False,False
STRAIN_000175,3,TIGHTBLOCK50,3,242,0.9612222909927368,0.038777709007263184,0.27848759293556213,128,True,False,False,False
STRAIN_000175,3,TIGHTBLOCK50,4,342,0.9623807668685913,0.03761923313140869,0.2742961049079895,128,True,False,False,False
STRAIN_000175,3,TIGHTBLOCK50,5,442,0.9674206972122192,0.03257930278778076,0.25526192784309387,128,True,False,False,False
STRAIN_000177,3,TIGHTBLOCK50,1,42,0.9926440715789795,0.007355928421020508,0.12129269540309906,128,True,False,False,False
STRAIN_000177,3,TIGHTBLOCK50,2,142,0.9949208498001099,0.005079150199890137,0.10078854858875275,128,True,False,False,False
STRAIN_000177,3,TIGHTBLOCK50,3,242,0.9929637908935547,0.0070362091064453125,0.1186276525259018,128,True,False,False,False
STRAIN_000177,3,TIGHTBLOCK50,4,342,0.9954756498336792,0.004524350166320801,0.09512519836425781,128,True,False,False,False
STRAIN_000177,3,TIGHTBLOCK50,5,442,0.9929060935974121,0.007093906402587891,0.11911280453205109,128,True,False,False,False
STRAIN_000196,3,TIGHTBLOCK50,1,42,0.9719266891479492,0.02807331085205078,0.23695287108421326,128,True,False,False,False
STRAIN_000196,3,TIGHTBLOCK50,2,142,0.9653259515762329,0.03467404842376709,0.2633402645587921,128,True,False,False,False
STRAIN_000196,3,TIGHTBLOCK50,3,242,0.9644047021865845,0.03559529781341553,0.26681581139564514,128,True,False,False,False
STRAIN_000196,3,TIGHTBLOCK50,4,342,0.9620540142059326,0.03794598579406738,0.27548497915267944,128,True,False,False,False
STRAIN_000196,3,TIGHTBLOCK50,5,442,0.96639084815979,0.03360915184020996,0.2592647671699524,128,True,False,False,False
STRAIN_000197,3,TIGHTBLOCK50,1,42,0.9660540819168091,0.03394591808319092,0.2605608403682709,128,True,False,False,False
STRAIN_000197,3,TIGHTBLOCK50,2,142,0.9623704552650452,0.037629544734954834,0.2743337154388428,128,True,False,False,False
STRAIN_000197,3,TIGHTBLOCK50,3,242,0.9583259224891663,0.04167407751083374,0.28870072960853577,128,True,False,False,False
STRAIN_000197,3,TIGHTBLOCK50,4,342,0.9570298194885254,0.04297018051147461,0.29315558075904846,128,True,False,False,False
STRAIN_000197,3,TIGHTBLOCK50,5,442,0.9619014263153076,0.03809857368469238,0.2760382890701294,128,True,False,False,False
STRAIN_000198,3,TIGHTBLOCK50,1,42,0.9898938536643982,0.010106146335601807,0.14216971397399902,128,True,False,False,False
STRAIN_000198,3,TIGHTBLOCK50,2,142,0.9907010793685913,0.009298920631408691,0.1363738477230072,128,True,False,False,False
STRAIN_000198,3,TIGHTBLOCK50,3,242,0.9914366006851196,0.008563399314880371,0.13086917996406555,128,True,False,False,False
STRAIN_000198,3,TIGHTBLOCK50,4,342,0.9872123599052429,0.01278764009475708,0.15992221236228943,128,True,False,False,False
STRAIN_000198,3,TIGHTBLOCK50,5,442,0.9882708191871643,0.011729180812835693,0.15316084027290344,128,True,False,False,False
STRAIN_000207,3,TIGHTBLOCK50,1,42,0.9928127527236938,0.007187247276306152,0.11989321559667587,128,True,False,False,False
STRAIN_000207,3,TIGHTBLOCK50,2,142,0.9927698969841003,0.007230103015899658,0.12025005370378494,128,True,False,False,False
STRAIN_000207,3,TIGHTBLOCK50,3,242,0.9910560846328735,0.008943915367126465,0.13374540209770203,128,True,False,False,False
STRAIN_000207,3,TIGHTBLOCK50,4,342,0.9911031126976013,0.008896887302398682,0.13339218497276306,128,True,False,False,False
STRAIN_000207,3,TIGHTBLOCK50,5,442,0.9924790263175964,0.0075209736824035645,0.12264491617679596,128,True,False,False,False
STRAIN_000211,3,TIGHTBLOCK50,1,42,0.9875131249427795,0.012486875057220459,0.15803112089633942,128,True,False,False,False
STRAIN_000211,3,TIGHTBLOCK50,2,142,0.9874893426895142,0.01251065731048584,0.15818177163600922,128,True,False,False,False
STRAIN_000211,3,TIGHTBLOCK50,3,242,0.9887673854827881,0.011232614517211914,0.14988431334495544,128,True,False,False,False
STRAIN_000211,3,TIGHTBLOCK50,4,342,0.988516092300415,0.011483907699584961,0.1515512615442276,128,True,False,False,False
STRAIN_000211,3,TIGHTBLOCK50,5,442,0.9880589842796326,0.011941015720367432,0.15453842282295227,128,True,False,False,False
STRAIN_000214,3,TIGHTBLOCK50,1,42,0.9835391640663147,0.016460835933685303,0.18144257366657257,128,True,False,False,False
STRAIN_000214,3,TIGHTBLOCK50,2,142,0.9848270416259766,0.015172958374023438,0.1742004156112671,128,True,False,False,False
STRAIN_000214,3,TIGHTBLOCK50,3,242,0.9862728714942932,0.013727128505706787,0.16569271683692932,128,True,False,False,False
STRAIN_000214,3,TIGHTBLOCK50,4,342,0.9862592220306396,0.013740777969360352,0.1657753437757492,128,True,False,False,False
STRAIN_000214,3,TIGHTBLOCK50,5,442,0.9873101711273193,0.012689828872680664,0.1593099683523178,128,True,False,False,False
STRAIN_000216,3,TIGHTBLOCK50,1,42,0.9877826571464539,0.012217342853546143,0.15631653368473053,128,True,False,False,False
STRAIN_000216,3,TIGHTBLOCK50,2,142,0.9828735589981079,0.01712644100189209,0.18507547676563263,128,True,False,False,False
STRAIN_000216,3,TIGHTBLOCK50,3,242,0.9852904081344604,0.01470959186553955,0.17152033746242523,128,True,False,False,False
STRAIN_000216,3,TIGHTBLOCK50,4,342,0.9842954874038696,0.01570451259613037,0.17722593247890472,128,True,False,False,False
STRAIN_000216,3,TIGHTBLOCK50,5,442,0.9860058426856995,0.013994157314300537,0.16729770600795746,128,True,False,False,False
STRAIN_000229,3,TIGHTBLOCK50,1,42,0.9772899746894836,0.022710025310516357,0.21311978995800018,128,True,False,False,False
STRAIN_000229,3,TIGHTBLOCK50,2,142,0.9804554581642151,0.019544541835784912,0.1977093368768692,128,True,False,False,False
STRAIN_000229,3,TIGHTBLOCK50,3,242,0.9779055714607239,0.022094428539276123,0.21021141111850739,128,True,False,False,False
STRAIN_000229,3,TIGHTBLOCK50,4,342,0.977259635925293,0.02274036407470703,0.21326234936714172,128,True,False,False,False
STRAIN_000229,3,TIGHTBLOCK50,5,442,0.9759548902511597,0.024045109748840332,0.21929481625556946,128,True,False,False,False
STRAIN_000234,3,TIGHTBLOCK50,1,42,0.9776619076728821,0.02233809232711792,0.21136747300624847,128,True,False,False,False
STRAIN_000234,3,TIGHTBLOCK50,2,142,0.9761286973953247,0.023871302604675293,0.21850015223026276,128,True,False,False,False
STRAIN_000234,3,TIGHTBLOCK50,3,242,0.9778762459754944,0.022123754024505615,0.21035103499889374,128,True,False,False,False
STRAIN_000234,3,TIGHTBLOCK50,4,342,0.9766596555709839,0.023340344429016113,0.2160569429397583,128,True,False,False,False
STRAIN_000234,3,TIGHTBLOCK50,5,442,0.9763017296791077,0.023698270320892334,0.2177073359489441,128,True,False,False,False
STRAIN_000237,3,TIGHTBLOCK50,1,42,0.9926280379295349,0.007371962070465088,0.12142504006624222,128,True,False,False,False
STRAIN_000237,3,TIGHTBLOCK50,2,142,0.9916422367095947,0.008357763290405273,0.12928912043571472,128,True,False,False,False
STRAIN_000237,3,TIGHTBLOCK50,3,242,0.9909855127334595,0.009014487266540527,0.1342717707157135,128,True,False,False,False
STRAIN_000237,3,TIGHTBLOCK50,4,342,0.9914085865020752,0.008591413497924805,0.1310829073190689,128,True,False,False,False
STRAIN_000237,3,TIGHTBLOCK50,5,442,0.9908567667007446,0.009143233299255371,0.13522754609584808,128,True,False,False,False
STRAIN_000244,3,TIGHTBLOCK50,1,42,0.9923223257064819,0.007677674293518066,0.12391654402017593,128,True,False,False,False
STRAIN_000244,3,TIGHTBLOCK50,2,142,0.9915320873260498,0.008467912673950195,0.13013774156570435,128,True,False,False,False
STRAIN_000244,3,TIGHTBLOCK50,3,242,0.9920698404312134,0.007930159568786621,0.12593810260295868,128,True,False,False,False
STRAIN_000244,3,TIGHTBLOCK50,4,342,0.9908308982849121,0.00916910171508789,0.1354195922613144,128,True,False,False,False
STRAIN_000244,3,TIGHTBLOCK50,5,442,0.9922271966934204,0.00777280330657959,0.12468265742063522,128,True,False,False,False
STRAIN_000248,3,TIGHTBLOCK50,1,42,0.9868969917297363,0.013103008270263672,0.16188259422779083,128,True,False,False,False
STRAIN_000248,3,TIGHTBLOCK50,2,142,0.9868230819702148,0.013176918029785156,0.16233865916728973,128,True,False,False,False
STRAIN_000248,3,TIGHTBLOCK50,3,242,0.98708575963974,0.01291424036026001,0.16071198880672455,128,True,False,False,False
STRAIN_000248,3,TIGHTBLOCK50,4,342,0.9859129190444946,0.014087080955505371,0.1678513139486313,128,True,False,False,False
STRAIN_000248,3,TIGHTBLOCK50,5,442,0.9856749773025513,0.01432502269744873,0.1692628413438797,128,True,False,False,False
STRAIN_000259,3,TIGHTBLOCK50,1,42,0.9977628588676453,0.0022371411323547363,0.06688927114009857,128,True,False,False,False
STRAIN_000259,3,TIGHTBLOCK50,2,142,0.9938056468963623,0.006194353103637695,0.11130442470312119,128,True,False,False,False
STRAIN_000259,3,TIGHTBLOCK50,3,242,0.9969813823699951,0.003018617630004883,0.0776984691619873,128,True,False,False,False
STRAIN_000259,3,TIGHTBLOCK50,4,342,0.9987747669219971,0.0012252330780029297,0.04950227215886116,128,True,False,False,False
STRAIN_000259,3,TIGHTBLOCK50,5,442,0.9963118433952332,0.0036881566047668457,0.08588581532239914,128,True,False,False,False
STRAIN_000273,3,TIGHTBLOCK50,1,42,0.9709010720252991,0.029098927974700928,0.24124249815940857,128,True,False,False,False
STRAIN_000273,3,TIGHTBLOCK50,2,142,0.9648442268371582,0.0351557731628418,0.26516324281692505,128,True,False,False,False
STRAIN_000273,3,TIGHTBLOCK50,3,242,0.9699195623397827,0.030080437660217285,0.24527707695960999,128,True,False,False,False
STRAIN_000273,3,TIGHTBLOCK50,4,342,0.9621104598045349,0.03788954019546509,0.2752801179885864,128,True,False,False,False
STRAIN_000273,3,TIGHTBLOCK50,5,442,0.9639630317687988,0.03603696823120117,0.26846611499786377,128,True,False,False,False
STRAIN_000277,3,TIGHTBLOCK50,1,42,0.9800978899002075,0.01990211009979248,0.19950991868972778,128,True,False,False,False
STRAIN_000277,3,TIGHTBLOCK50,2,142,0.9839415550231934,0.01605844497680664,0.17921188473701477,128,True,False,False,False
STRAIN_000277,3,TIGHTBLOCK50,3,242,0.9855971932411194,0.014402806758880615,0.16972196102142334,128,True,False,False,False
STRAIN_000277,3,TIGHTBLOCK50,4,342,0.9844110012054443,0.015588998794555664,0.17657311260700226,128,True,False,False,False
STRAIN_000277,3,TIGHTBLOCK50,5,442,0.9860837459564209,0.013916254043579102,0.16683077812194824,128,True,False,False,False
STRAIN_000278,3,TIGHTBLOCK50,1,42,0.9790980815887451,0.020901918411254883,0.20446035265922546,128,True,False,False,False
STRAIN_000278,3,TIGHTBLOCK50,2,142,0.9816128611564636,0.018387138843536377,0.19176650047302246,128,True,False,False,False
STRAIN_000278,3,TIGHTBLOCK50,3,242,0.981468677520752,0.018531322479248047,0.1925165355205536,128,True,False,False,False
STRAIN_000278,3,TIGHTBLOCK50,4,342,0.9796286821365356,0.020371317863464355,0.20184838771820068,128,True,False,False,False
STRAIN_000278,3,TIGHTBLOCK50,5,442,0.9819946885108948,0.018005311489105225,0.18976464867591858,128,True,False,False,False
STRAIN_000290,3,TIGHTBLOCK50,1,42,0.9921550750732422,0.007844924926757812,0.12525880336761475,128,True,False,False,False
STRAIN_000290,3,TIGHTBLOCK50,2,142,0.993498682975769,0.006501317024230957,0.11402906477451324,128,True,False,False,False
STRAIN_000290,3,TIGHTBLOCK50,3,242,0.9924064874649048,0.007593512535095215,0.1232362687587738,128,True,False,False,False
STRAIN_000290,3,TIGHTBLOCK50,4,342,0.9915165901184082,0.008483409881591797,0.13025732338428497,128,True,False,False,False
STRAIN_000290,3,TIGHTBLOCK50,5,442,0.9935466647148132,0.006453335285186768,0.11360812187194824,128,True,False,False,False
STRAIN_000296,3,TIGHTBLOCK50,1,42,0.9677700996398926,0.03222990036010742,0.25388985872268677,128,True,False,False,False
STRAIN_000296,3,TIGHTBLOCK50,2,142,0.9638447165489197,0.03615528345108032,0.26890629529953003,128,True,False,False,False
STRAIN_000296,3,TIGHTBLOCK50,3,242,0.9669193029403687,0.03308069705963135,0.25721898674964905,128,True,False,False,False
STRAIN_000296,3,TIGHTBLOCK50,4,342,0.9654202461242676,0.03457975387573242,0.2629822790622711,128,True,False,False,False
STRAIN_000296,3,TIGHTBLOCK50,5,442,0.968530535697937,0.03146946430206299,0.2508763074874878,128,True,False,False,False
STRAIN_000301,3,TIGHTBLOCK50,1,42,0.985249400138855,0.01475059986114502,0.17175891995429993,128,True,False,False,False
STRAIN_000301,3,TIGHTBLOCK50,2,142,0.9837773442268372,0.016222655773162842,0.1801256388425827,128,True,False,False,False
STRAIN_000301,3,TIGHTBLOCK50,3,242,0.9847233295440674,0.015276670455932617,0.1747952252626419,128,True,False,False,False
STRAIN_000301,3,TIGHTBLOCK50,4,342,0.9847025871276855,0.015297412872314453,0.1749139428138733,128,True,False,False,False
STRAIN_000301,3,TIGHTBLOCK50,5,442,0.9842236042022705,0.015776395797729492,0.17763115465641022,128,True,False,False,False
STRAIN_000303,3,TIGHTBLOCK50,1,42,0.9693703651428223,0.030629634857177734,0.247505784034729,128,True,False,False,False
STRAIN_000303,3,TIGHTBLOCK50,2,142,0.9691078066825867,0.03089219331741333,0.24856427311897278,128,True,False,False,False
STRAIN_000303,3,TIGHTBLOCK50,3,242,0.9691547155380249,0.030845284461975098,0.24837574362754822,128,True,False,False,False
STRAIN_000303,3,TIGHTBLOCK50,4,342,0.968207597732544,0.031792402267456055,0.2521602213382721,128,True,False,False,False
STRAIN_000303,3,TIGHTBLOCK50,5,442,0.9648576974868774,0.03514230251312256,0.26511213183403015,128,True,False,False,False
STRAIN_000312,3,TIGHTBLOCK50,1,42,0.9697323441505432,0.030267655849456787,0.246039018034935,128,True,False,False,False
STRAIN_000312,3,TIGHTBLOCK50,2,142,0.969815731048584,0.030184268951416016,0.2457004338502884,128,True,False,False,False
STRAIN_000312,3,TIGHTBLOCK50,3,242,0.9709497094154358,0.02905029058456421,0.24104079604148865,128,True,False,False,False
STRAIN_000312,3,TIGHTBLOCK50,4,342,0.9709159135818481,0.029084086418151855,0.24118071794509888,128,True,False,False,False
STRAIN_000312,3,TIGHTBLOCK50,5,442,0.969270646572113,0.030729353427886963,0.24790887534618378,128,True,False,False,False
STRAIN_000318,3,TIGHTBLOCK50,1,42,0.9849612712860107,0.015038728713989258,0.1734285056591034,128,True,False,False,False
STRAIN_000318,3,TIGHTBLOCK50,2,142,0.98930823802948,0.01069176197052002,0.14623156189918518,128,True,False,False,False
STRAIN_000318,3,TIGHTBLOCK50,3,242,0.9868435859680176,0.013156414031982422,0.16221173107624054,128,True,False,False,False
STRAIN_000318,3,TIGHTBLOCK50,4,342,0.9884510636329651,0.011548936367034912,0.1519799530506134,128,True,False,False,False
STRAIN_000318,3,TIGHTBLOCK50,5,442,0.9871964454650879,0.01280355453491211,0.16002225875854492,128,True,False,False,False
STRAIN_000322,3,TIGHTBLOCK50,1,42,0.9835053086280823,0.016494691371917725,0.18163038790225983,128,True,False,False,False
STRAIN_000322,3,TIGHTBLOCK50,2,142,0.9873636960983276,0.012636303901672363,0.15897393226623535,128,True,False,False,False
STRAIN_000322,3,TIGHTBLOCK50,3,242,0.9865551590919495,0.013444840908050537,0.1639813333749771,128,True,False,False,False
STRAIN_000322,3,TIGHTBLOCK50,4,342,0.9854192137718201,0.014580786228179932,0.17076820135116577,128,True,False,False,False
STRAIN_000322,3,TIGHTBLOCK50,5,442,0.9835214614868164,0.016478538513183594,0.18154090642929077,128,True,False,False,False
STRAIN_000326,3,TIGHTBLOCK50,1,42,0.9903688430786133,0.009631156921386719,0.13878844678401947,128,True,False,False,False
STRAIN_000326,3,TIGHTBLOCK50,2,142,0.9906086325645447,0.009391367435455322,0.13705043494701385,128,True,False,False,False
STRAIN_000326,3,TIGHTBLOCK50,3,242,0.9922670125961304,0.007732987403869629,0.12436231970787048,128,True,False,False,False
STRAIN_000326,3,TIGHTBLOCK50,4,342,0.9911361336708069,0.008863866329193115,0.13314519822597504,128,True,False,False,False
STRAIN_000326,3,TIGHTBLOCK50,5,442,0.9873994588851929,0.012600541114807129,0.15874844789505005,128,True,False,False,False
STRAIN_000338,3,TIGHTBLOCK50,1,42,0.9902244806289673,0.009775519371032715,0.1398250311613083,128,True,False,False,False
STRAIN_000338,3,TIGHTBLOCK50,2,142,0.9906895160675049,0.009310483932495117,0.1364586353302002,128,True,False,False,False
STRAIN_000338,3,TIGHTBLOCK50,3,242,0.9893598556518555,0.010640144348144531,0.14587736129760742,128,True,False,False,False
STRAIN_000338,3,TIGHTBLOCK50,4,342,0.9902983903884888,0.00970160961151123,0.1392955780029297,128,True,False,False,False
STRAIN_000338,3,TIGHTBLOCK50,5,442,0.9888595938682556,0.011140406131744385,0.14926733076572418,128,True,False,False,False
STRAIN_000340,3,TIGHTBLOCK50,1,42,0.9872803688049316,0.01271963119506836,0.15949644148349762,128,True,False,False,False
STRAIN_000340,3,TIGHTBLOCK50,2,142,0.9884522557258606,0.011547744274139404,0.15197192132472992,128,True,False,False,False
STRAIN_000340,3,TIGHTBLOCK50,3,242,0.9886601567268372,0.011339843273162842,0.15059757232666016,128,True,False,False,False
STRAIN_000340,3,TIGHTBLOCK50,4,342,0.9875548481941223,0.012445151805877686,0.1577668935060501,128,True,False,False,False
STRAIN_000340,3,TIGHTBLOCK50,5,442,0.9871650338172913,0.01283496618270874,0.16021834313869476,128,True,False,False,False
STRAIN_000352,3,TIGHTBLOCK50,1,42,0.9676169753074646,0.0323830246925354,0.254491925239563,128,True,False,False,False
STRAIN_000352,3,TIGHTBLOCK50,2,142,0.9591614007949829,0.04083859920501709,0.2857923209667206,128,True,False,False,False
STRAIN_000352,3,TIGHTBLOCK50,3,242,0.9652038216590881,0.034796178340911865,0.26380372047424316,128,True,False,False,False
STRAIN_000352,3,TIGHTBLOCK50,4,342,0.9642492532730103,0.035750746726989746,0.2673979103565216,128,True,False,False,False
STRAIN_000352,3,TIGHTBLOCK50,5,442,0.9603878855705261,0.03961211442947388,0.28146788477897644,128,True,False,False,False
STRAIN_000359,3,TIGHTBLOCK50,1,42,0.9850091934204102,0.014990806579589844,0.17315220832824707,128,True,False,False,False
STRAIN_000359,3,TIGHTBLOCK50,2,142,0.9834471940994263,0.01655280590057373,0.18194974958896637,128,True,False,False,False
STRAIN_000359,3,TIGHTBLOCK50,3,242,0.9832940101623535,0.016705989837646484,0.1827898919582367,128,True,False,False,False
STRAIN_000359,3,TIGHTBLOCK50,4,342,0.984150230884552,0.015849769115447998,0.17804361879825592,128,True,False,False,False
STRAIN_000359,3,TIGHTBLOCK50,5,442,0.9824008941650391,0.017599105834960938,0.18761181831359863,128,True,False,False,False
STRAIN_000362,3,TIGHTBLOCK50,1,42,0.9868469834327698,0.013153016567230225,0.1621910184621811,128,True,False,False,False
STRAIN_000362,3,TIGHTBLOCK50,2,142,0.9833664894104004,0.01663351058959961,0.18239206075668335,128,True,False,False,False
STRAIN_000362,3,TIGHTBLOCK50,3,242,0.9864361882209778,0.013563811779022217,0.16470441222190857,128,True,False,False,False
STRAIN_000362,3,TIGHTBLOCK50,4,342,0.9864727258682251,0.013527274131774902,0.16448256373405457,128,True,False,False,False
STRAIN_000362,3,TIGHTBLOCK50,5,442,0.9864078164100647,0.013592183589935303,0.16487674415111542,128,True,False,False,False
STRAIN_000367,3,TIGHTBLOCK50,1,42,0.9597555994987488,0.04024440050125122,0.28370538353919983,128,True,False,False,False
STRAIN_000367,3,TIGHTBLOCK50,2,142,0.9653196930885315,0.034680306911468506,0.26336395740509033,128,True,False,False,False
STRAIN_000367,3,TIGHTBLOCK50,3,242,0.9652310609817505,0.03476893901824951,0.26370033621788025,128,True,False,False,False
STRAIN_000367,3,TIGHTBLOCK50,4,342,0.9645414352416992,0.03545856475830078,0.2663026750087738,128,True,False,False,False
STRAIN_000367,3,TIGHTBLOCK50,5,442,0.9627163410186768,0.03728365898132324,0.2730705142021179,128,True,False,False,False
STRAIN_000374,3,TIGHTBLOCK50,1,42,0.9856330156326294,0.014366984367370605,0.16951121389865875,128,True,False,False,False
STRAIN_000374,3,TIGHTBLOCK50,2,142,0.9859214425086975,0.01407855749130249,0.16780103743076324,128,True,False,False,False
STRAIN_000374,3,TIGHTBLOCK50,3,242,0.986038327217102,0.01396167278289795,0.16710372269153595,128,True,False,False,False
STRAIN_000374,3,TIGHTBLOCK50,4,342,0.9851376414299011,0.014862358570098877,0.17240875959396362,128,True,False,False,False
STRAIN_000374,3,TIGHTBLOCK50,5,442,0.986363410949707,0.013636589050292969,0.16514620184898376,128,True,False,False,False
STRAIN_000375,3,TIGHTBLOCK50,1,42,0.9687460660934448,0.031253933906555176,0.2500159442424774,128,True,False,False,False
STRAIN_000375,3,TIGHTBLOCK50,2,142,0.9630575776100159,0.03694242238998413,0.2718179225921631,128,True,False,False,False
STRAIN_000375,3,TIGHTBLOCK50,3,242,0.9654993414878845,0.03450065851211548,0.2626810073852539,128,True,False,False,False
STRAIN_000375,3,TIGHTBLOCK50,4,342,0.9635560512542725,0.03644394874572754,0.2699774205684662,128,True,False,False,False
STRAIN_000375,3,TIGHTBLOCK50,5,442,0.9708045721054077,0.029195427894592285,0.24164222180843353,128,True,False,False,False
STRAIN_000376,3,TIGHTBLOCK50,1,42,0.9843072891235352,0.015692710876464844,0.17715898156166077,128,True,False,False,False
STRAIN_000376,3,TIGHTBLOCK50,2,142,0.9849023818969727,0.015097618103027344,0.17376726865768433,128,True,False,False,False
STRAIN_000376,3,TIGHTBLOCK50,3,242,0.9841867685317993,0.015813231468200684,0.17783866822719574,128,True,False,False,False
STRAIN_000376,3,TIGHTBLOCK50,4,342,0.9848899841308594,0.015110015869140625,0.17383894324302673,128,True,False,False,False
STRAIN_000376,3,TIGHTBLOCK50,5,442,0.9852116703987122,0.014788329601287842,0.17197798192501068,128,True,False,False,False
STRAIN_000388,3,TIGHTBLOCK50,1,42,0.9938042163848877,0.006195783615112305,0.11131783574819565,128,True,False,False,False
STRAIN_000388,3,TIGHTBLOCK50,2,142,0.9942912459373474,0.005708754062652588,0.10685299336910248,128,True,False,False,False
STRAIN_000388,3,TIGHTBLOCK50,3,242,0.9924786686897278,0.007521331310272217,0.12264818698167801,128,True,False,False,False
STRAIN_000388,3,TIGHTBLOCK50,4,342,0.9926252961158752,0.007374703884124756,0.12144756317138672,128,True,False,False,False
STRAIN_000388,3,TIGHTBLOCK50,5,442,0.994543731212616,0.005456268787384033,0.10446307063102722,128,True,False,False,False
STRAIN_000416,3,TIGHTBLOCK50,1,42,0.9865316152572632,0.013468384742736816,0.16412439942359924,128,True,False,False,False
STRAIN_000416,3,TIGHTBLOCK50,2,142,0.9874686002731323,0.012531399726867676,0.15831202268600464,128,True,False,False,False
STRAIN_000416,3,TIGHTBLOCK50,3,242,0.9853538870811462,0.01464611291885376,0.1711490899324417,128,True,False,False,False
STRAIN_000416,3,TIGHTBLOCK50,4,342,0.9880708456039429,0.011929154396057129,0.1544615775346756,128,True,False,False,False
STRAIN_000416,3,TIGHTBLOCK50,5,442,0.9869600534439087,0.013039946556091309,0.16149269044399261,128,True,False,False,False
STRAIN_000419,3,TIGHTBLOCK50,1,42,0.9838197231292725,0.01618027687072754,0.1798900067806244,128,True,False,False,False
STRAIN_000419,3,TIGHTBLOCK50,2,142,0.9840642213821411,0.015935778617858887,0.17852558195590973,128,True,False,False,False
STRAIN_000419,3,TIGHTBLOCK50,3,242,0.9834574460983276,0.016542553901672363,0.18189339339733124,128,True,False,False,False
STRAIN_000419,3,TIGHTBLOCK50,4,342,0.9843378067016602,0.015662193298339844,0.17698653042316437,128,True,False,False,False
STRAIN_000419,3,TIGHTBLOCK50,5,442,0.9826154708862305,0.01738452911376953,0.18646478652954102,128,True,False,False,False
STRAIN_000423,3,TIGHTBLOCK50,1,42,0.9854075312614441,0.014592468738555908,0.1708361655473709,128,True,False,False,False
STRAIN_000423,3,TIGHTBLOCK50,2,142,0.9901887774467468,0.009811222553253174,0.1400803178548813,128,True,False,False,False
STRAIN_000423,3,TIGHTBLOCK50,3,242,0.9892175197601318,0.010782480239868164,0.14685039222240448,128,True,False,False,False
STRAIN_000423,3,TIGHTBLOCK50,4,342,0.9880425930023193,0.011957406997680664,0.15464459359645844,128,True,False,False,False
STRAIN_000423,3,TIGHTBLOCK50,5,442,0.9894775152206421,0.01052248477935791,0.14506903290748596,128,True,False,False,False
STRAIN_000428,3,TIGHTBLOCK50,1,42,0.9883094429969788,0.01169055700302124,0.15290918946266174,128,True,False,False,False
STRAIN_000428,3,TIGHTBLOCK50,2,142,0.9905736446380615,0.009426355361938477,0.1373051106929779,128,True,False,False,False
STRAIN_000428,3,TIGHTBLOCK50,3,242,0.9908955097198486,0.009104490280151367,0.13494068384170532,128,True,False,False,False
STRAIN_000428,3,TIGHTBLOCK50,4,342,0.9900435209274292,0.0099564790725708,0.14111287891864777,128,True,False,False,False
STRAIN_000428,3,TIGHTBLOCK50,5,442,0.9881752729415894,0.011824727058410645,0.15378431975841522,128,True,False,False,False
STRAIN_000435,3,TIGHTBLOCK50,1,42,0.9888265132904053,0.011173486709594727,0.1494895964860916,128,True,False,False,False
STRAIN_000435,3,TIGHTBLOCK50,2,142,0.9882628321647644,0.011737167835235596,0.15321405231952667,128,True,False,False,False
STRAIN_000435,3,TIGHTBLOCK50,3,242,0.9870200157165527,0.012979984283447266,0.16112081706523895,128,True,False,False,False
STRAIN_000435,3,TIGHTBLOCK50,4,342,0.9890567064285278,0.010943293571472168,0.14794090390205383,128,True,False,False,False
STRAIN_000435,3,TIGHTBLOCK50,5,442,0.9894644021987915,0.010535597801208496,0.14515933394432068,128,True,False,False,False
STRAIN_000437,3,TIGHTBLOCK50,1,42,0.987818717956543,0.012181282043457031,0.15608550608158112,128,True,False,False,False
STRAIN_000437,3,TIGHTBLOCK50,2,142,0.9857332110404968,0.014266788959503174,0.168919175863266,128,True,False,False,False
STRAIN_000437,3,TIGHTBLOCK50,3,242,0.9859192967414856,0.014080703258514404,0.16781404614448547,128,True,False,False,False
STRAIN_000437,3,TIGHTBLOCK50,4,342,0.9886892437934875,0.011310756206512451,0.15040484070777893,128,True,False,False,False
STRAIN_000437,3,TIGHTBLOCK50,5,442,0.9881784319877625,0.011821568012237549,0.1537633240222931,128,True,False,False,False
STRAIN_000440,3,TIGHTBLOCK50,1,42,0.9817221760749817,0.01827782392501831,0.19119521975517273,128,True,False,False,False
STRAIN_000440,3,TIGHTBLOCK50,2,142,0.9845566153526306,0.015443384647369385,0.17574602365493774,128,True,False,False,False
STRAIN_000440,3,TIGHTBLOCK50,3,242,0.9815037846565247,0.018496215343475342,0.19233404099941254,128,True,False,False,False
STRAIN_000440,3,TIGHTBLOCK50,4,342,0.983781099319458,0.016218900680541992,0.18010513484477997,128,True,False,False,False
STRAIN_000440,3,TIGHTBLOCK50,5,442,0.9835883378982544,0.016411662101745605,0.18117186427116394,128,True,False,False,False
STRAIN_000447,3,TIGHTBLOCK50,1,42,0.9868682026863098,0.013131797313690186,0.1620609015226364,128,True,False,False,False
STRAIN_000447,3,TIGHTBLOCK50,2,142,0.9841749668121338,0.01582503318786621,0.17790526151657104,128,True,False,False,False
STRAIN_000447,3,TIGHTBLOCK50,3,242,0.9854411482810974,0.014558851718902588,0.1706390380859375,128,True,False,False,False
STRAIN_000447,3,TIGHTBLOCK50,4,342,0.9858307838439941,0.01416921615600586,0.16834069788455963,128,True,False,False,False
STRAIN_000447,3,TIGHTBLOCK50,5,442,0.9863553643226624,0.013644635677337646,0.1651952713727951,128,True,False,False,False
STRAIN_000448,3,TIGHTBLOCK50,1,42,0.9864760637283325,0.01352393627166748,0.16446183621883392,128,True,False,False,False
STRAIN_000448,3,TIGHTBLOCK50,2,142,0.9857537746429443,0.014246225357055664,0.16879712045192719,128,True,False,False,False
STRAIN_000448,3,TIGHTBLOCK50,3,242,0.985567569732666,0.014432430267333984,0.16989630460739136,128,True,False,False,False
STRAIN_000448,3,TIGHTBLOCK50,4,342,0.9851289391517639,0.014871060848236084,0.17245908081531525,128,True,False,False,False
STRAIN_000448,3,TIGHTBLOCK50,5,442,0.9852319955825806,0.014768004417419434,0.1718607097864151,128,True,False,False,False
STRAIN_000451,3,TIGHTBLOCK50,1,42,0.984218955039978,0.015781044960021973,0.17765705287456512,128,True,False,False,False
STRAIN_000451,3,TIGHTBLOCK50,2,142,0.9834808707237244,0.016519129276275635,0.18176467716693878,128,True,False,False,False
STRAIN_000451,3,TIGHTBLOCK50,3,242,0.9852284789085388,0.014771521091461182,0.1718808114528656,128,True,False,False,False
STRAIN_000451,3,TIGHTBLOCK50,4,342,0.9828822612762451,0.017117738723754883,0.18502885103225708,128,True,False,False,False
STRAIN_000451,3,TIGHTBLOCK50,5,442,0.9819977283477783,0.01800227165222168,0.18974873423576355,128,True,False,False,False
STRAIN_000453,3,TIGHTBLOCK50,1,42,0.9863969087600708,0.0136030912399292,0.16494247317314148,128,True,False,False,False
STRAIN_000453,3,TIGHTBLOCK50,2,142,0.98751300573349,0.01248699426651001,0.1580316126346588,128,True,False,False,False
STRAIN_000453,3,TIGHTBLOCK50,3,242,0.9859660863876343,0.014033913612365723,0.16753451526165009,128,True,False,False,False
STRAIN_000453,3,TIGHTBLOCK50,4,342,0.9879873991012573,0.012012600898742676,0.15499985218048096,128,True,False,False,False
STRAIN_000453,3,TIGHTBLOCK50,5,442,0.9887419939041138,0.01125800609588623,0.1500532031059265,128,True,False,False,False
STRAIN_000454,3,TIGHTBLOCK50,1,42,0.9848613142967224,0.015138685703277588,0.174003466963768,128,True,False,False,False
STRAIN_000454,3,TIGHTBLOCK50,2,142,0.9851292967796326,0.014870703220367432,0.17245721817016602,128,True,False,False,False
STRAIN_000454,3,TIGHTBLOCK50,3,242,0.9860409498214722,0.013959050178527832,0.16708755493164062,128,True,False,False,False
STRAIN_000454,3,TIGHTBLOCK50,4,342,0.9857965707778931,0.014203429222106934,0.16854360699653625,128,True,False,False,False
STRAIN_000454,3,TIGHTBLOCK50,5,442,0.9862832427024841,0.01371675729751587,0.1656307876110077,128,True,False,False,False
STRAIN_000457,3,TIGHTBLOCK50,1,42,0.987967312335968,0.012032687664031982,0.155130073428154,128,True,False,False,False
STRAIN_000457,3,TIGHTBLOCK50,2,142,0.9879149198532104,0.01208508014678955,0.15546727180480957,128,True,False,False,False
STRAIN_000457,3,TIGHTBLOCK50,3,242,0.9891717433929443,0.010828256607055664,0.14716139435768127,128,True,False,False,False
STRAIN_000457,3,TIGHTBLOCK50,4,342,0.985020101070404,0.014979898929595947,0.1730884462594986,128,True,False,False,False
STRAIN_000457,3,TIGHTBLOCK50,5,442,0.9884741306304932,0.011525869369506836,0.15182828903198242,128,True,False,False,False
STRAIN_000458,3,TIGHTBLOCK50,1,42,0.9766134023666382,0.023386597633361816,0.2162707895040512,128,True,False,False,False
STRAIN_000458,3,TIGHTBLOCK50,2,142,0.9776154160499573,0.022384583950042725,0.21158672869205475,128,True,False,False,False
STRAIN_000458,3,TIGHTBLOCK50,3,242,0.9783599376678467,0.02164006233215332,0.20803867280483246,128,True,False,False,False
STRAIN_000458,3,TIGHTBLOCK50,4,342,0.9770167469978333,0.022983253002166748,0.2143974006175995,128,True,False,False,False
STRAIN_000458,3,TIGHTBLOCK50,5,442,0.9714356660842896,0.02856433391571045,0.23901602625846863,128,True,False,False,False
STRAIN_000459,3,TIGHTBLOCK50,1,42,0.9784233570098877,0.021576642990112305,0.2077338546514511,128,True,False,False,False
STRAIN_000459,3,TIGHTBLOCK50,2,142,0.9816990494728088,0.018300950527191162,0.19131618738174438,128,True,False,False,False
STRAIN_000459,3,TIGHTBLOCK50,3,242,0.9824073314666748,0.017592668533325195,0.187578022480011,128,True,False,False,False
STRAIN_000459,3,TIGHTBLOCK50,4,342,0.981633186340332,0.01836681365966797,0.19165988266468048,128,True,False,False,False
STRAIN_000459,3,TIGHTBLOCK50,5,442,0.9799028635025024,0.02009713649749756,0.2004850208759308,128,True,False,False,False
STRAIN_000463,3,TIGHTBLOCK50,1,42,0.9771074652671814,0.022892534732818604,0.21397458016872406,128,True,False,False,False
STRAIN_000463,3,TIGHTBLOCK50,2,142,0.9744318127632141,0.02556818723678589,0.22613340616226196,128,True,False,False,False
STRAIN_000463,3,TIGHTBLOCK50,3,242,0.9729396104812622,0.027060389518737793,0.23263905942440033,128,True,False,False,False
STRAIN_000463,3,TIGHTBLOCK50,4,342,0.9765707850456238,0.02342921495437622,0.21646788716316223,128,True,False,False,False
STRAIN_000463,3,TIGHTBLOCK50,5,442,0.977651059627533,0.02234894037246704,0.2114185243844986,128,True,False,False,False
STRAIN_000470,3,TIGHTBLOCK50,1,42,0.9840681552886963,0.01593184471130371,0.17850373685359955,128,True,False,False,False
STRAIN_000470,3,TIGHTBLOCK50,2,142,0.9838582277297974,0.016141772270202637,0.17967700958251953,128,True,False,False,False
STRAIN_000470,3,TIGHTBLOCK50,3,242,0.9822332859039307,0.017766714096069336,0.1885032206773758,128,True,False,False,False
STRAIN_000470,3,TIGHTBLOCK50,4,342,0.9842743277549744,0.015725672245025635,0.17734549939632416,128,True,False,False,False
STRAIN_000470,3,TIGHTBLOCK50,5,442,0.9816152453422546,0.01838475465774536,0.19175399839878082,128,True,False,False,False
STRAIN_000475,3,TIGHTBLOCK50,1,42,0.9963019490242004,0.0036980509757995605,0.0859997421503067,128,True,False,False,False
STRAIN_000475,3,TIGHTBLOCK50,2,142,0.9946969747543335,0.005303025245666504,0.10298553854227066,128,True,False,False,False
STRAIN_000475,3,TIGHTBLOCK50,3,242,0.9952501058578491,0.004749894142150879,0.09746725857257843,128,True,False,False,False
STRAIN_000475,3,TIGHTBLOCK50,4,342,0.9947250485420227,0.005274951457977295,0.10271309316158295,128,True,False,False,False
STRAIN_000475,3,TIGHTBLOCK50,5,442,0.9956004619598389,0.004399538040161133,0.09380333870649338,128,True,False,False,False
STRAIN_000478,3,TIGHTBLOCK50,1,42,0.9858246445655823,0.014175355434417725,0.1683770716190338,128,True,False,False,False
STRAIN_000478,3,TIGHTBLOCK50,2,142,0.9856181144714355,0.014381885528564453,0.1695990115404129,128,True,False,False,False
STRAIN_000478,3,TIGHTBLOCK50,3,242,0.986436128616333,0.013563871383666992,0.1647055298089981,128,True,False,False,False
STRAIN_000478,3,TIGHTBLOCK50,4,342,0.9862061738967896,0.01379382610321045,0.16609551012516022,128,True,False,False,False
STRAIN_000478,3,TIGHTBLOCK50,5,442,0.9858750700950623,0.014124929904937744,0.1680772602558136,128,True,False,False,False
STRAIN_000483,3,TIGHTBLOCK50,1,42,0.9897632002830505,0.010236799716949463,0.1430855542421341,128,True,False,False,False
STRAIN_000483,3,TIGHTBLOCK50,2,142,0.990206241607666,0.009793758392333984,0.13995563983917236,128,True,False,False,False
STRAIN_000483,3,TIGHTBLOCK50,3,242,0.9902002811431885,0.009799718856811523,0.1399976760149002,128,True,False,False,False
STRAIN_000483,3,TIGHTBLOCK50,4,342,0.9886647462844849,0.011335253715515137,0.1505672186613083,128,True,False,False,False
STRAIN_000483,3,TIGHTBLOCK50,5,442,0.9887616634368896,0.011238336563110352,0.14992210268974304,128,True,False,False,False
STRAIN_000484,3,TIGHTBLOCK50,1,42,0.9823127388954163,0.01768726110458374,0.18808111548423767,128,True,False,False,False
STRAIN_000484,3,TIGHTBLOCK50,2,142,0.98538738489151,0.01461261510848999,0.1709536612033844,128,True,False,False,False
STRAIN_000484,3,TIGHTBLOCK50,3,242,0.9855073690414429,0.014492630958557129,0.1702508181333542,128,True,False,False,False
STRAIN_000484,3,TIGHTBLOCK50,4,342,0.9847992062568665,0.015200793743133545,0.1743607074022293,128,True,False,False,False
STRAIN_000484,3,TIGHTBLOCK50,5,442,0.9847800731658936,0.015219926834106445,0.17447026073932648,128,True,False,False,False
STRAIN_000488,3,TIGHTBLOCK50,1,42,0.9899495840072632,0.010050415992736816,0.14177663624286652,128,True,False,False,False
STRAIN_000488,3,TIGHTBLOCK50,2,142,0.9917415976524353,0.008258402347564697,0.1285172998905182,128,True,False,False,False
STRAIN_000488,3,TIGHTBLOCK50,3,242,0.9898183345794678,0.010181665420532227,0.1427004486322403,128,True,False,False,False
STRAIN_000488,3,TIGHTBLOCK50,4,342,0.9918003082275391,0.008199691772460938,0.12806031107902527,128,True,False,False,False
STRAIN_000488,3,TIGHTBLOCK50,5,442,0.9919443130493164,0.008055686950683594,0.12693053483963013,128,True,False,False,False
STRAIN_000489,3,TIGHTBLOCK50,1,42,0.9883440136909485,0.011655986309051514,0.15268239378929138,128,True,False,False,False
STRAIN_000489,3,TIGHTBLOCK50,2,142,0.988391637802124,0.011608362197875977,0.15237034857273102,128,True,False,False,False
STRAIN_000489,3,TIGHTBLOCK50,3,242,0.989810585975647,0.010189414024353027,0.14275439083576202,128,True,False,False,False
STRAIN_000489,3,TIGHTBLOCK50,4,342,0.98834228515625,0.01165771484375,0.15269389748573303,128,True,False,False,False
STRAIN_000489,3,TIGHTBLOCK50,5,442,0.9893335103988647,0.010666489601135254,0.14605805277824402,128,True,False,False,False
STRAIN_000494,3,TIGHTBLOCK50,1,42,0.9905088543891907,0.009491145610809326,0.13777579367160797,128,True,False,False,False
STRAIN_000494,3,TIGHTBLOCK50,2,142,0.986613392829895,0.01338660717010498,0.16362549364566803,128,True,False,False,False
STRAIN_000494,3,TIGHTBLOCK50,3,242,0.986670196056366,0.013329803943634033,0.1632780283689499,128,True,False,False,False
STRAIN_000494,3,TIGHTBLOCK50,4,342,0.9890830516815186,0.010916948318481445,0.14776311814785004,128,True,False,False,False
STRAIN_000494,3,TIGHTBLOCK50,5,442,0.9864504933357239,0.013549506664276123,0.16461767256259918,128,True,False,False,False
STRAIN_000496,3,TIGHTBLOCK50,1,42,0.9858474731445312,0.01415252685546875,0.16824039816856384,128,True,False,False,False
STRAIN_000496,3,TIGHTBLOCK50,2,142,0.9882729053497314,0.011727094650268555,0.15314750373363495,128,True,False,False,False
STRAIN_000496,3,TIGHTBLOCK50,3,242,0.9883471727371216,0.011652827262878418,0.1526612937450409,128,True,False,False,False
STRAIN_000496,3,TIGHTBLOCK50,4,342,0.9893754124641418,0.010624587535858154,0.14577101171016693,128,True,False,False,False
STRAIN_000496,3,TIGHTBLOCK50,5,442,0.9887118935585022,0.011288106441497803,0.1502537727355957,128,True,False,False,False
STRAIN_000501,3,TIGHTBLOCK50,1,42,0.9852418899536133,0.014758110046386719,0.17180272936820984,128,True,False,False,False
STRAIN_000501,3,TIGHTBLOCK50,2,142,0.9862419366836548,0.013758063316345215,0.1658797264099121,128,True,False,False,False
STRAIN_000501,3,TIGHTBLOCK50,3,242,0.9860287308692932,0.013971269130706787,0.16716061532497406,128,True,False,False,False
STRAIN_000501,3,TIGHTBLOCK50,4,342,0.9851579070091248,0.014842092990875244,0.17229118943214417,128,True,False,False,False
STRAIN_000501,3,TIGHTBLOCK50,5,442,0.9848849177360535,0.015115082263946533,0.17386852204799652,128,True,False,False,False
STRAIN_000502,3,TIGHTBLOCK50,1,42,0.9942097067832947,0.005790293216705322,0.10761323571205139,128,True,False,False,False
STRAIN_000502,3,TIGHTBLOCK50,2,142,0.9958504438400269,0.0041495561599731445,0.09110002964735031,128,True,False,False,False
STRAIN_000502,3,TIGHTBLOCK50,3,242,0.9932178258895874,0.006782174110412598,0.11646649241447449,128,True,False,False,False
STRAIN_000502,3,TIGHTBLOCK50,4,342,0.9941887855529785,0.005811214447021484,0.10780760645866394,128,True,False,False,False
STRAIN_000502,3,TIGHTBLOCK50,5,442,0.9938547015190125,0.006145298480987549,0.11086343228816986,128,True,False,False,False
STRAIN_000506,3,TIGHTBLOCK50,1,42,0.9880168437957764,0.011983156204223633,0.1548100709915161,128,True,False,False,False
STRAIN_000506,3,TIGHTBLOCK50,2,142,0.9916229844093323,0.008377015590667725,0.1294374316930771,128,True,False,False,False
STRAIN_000506,3,TIGHTBLOCK50,3,242,0.9898076057434082,0.010192394256591797,0.14277507364749908,128,True,False,False,False
STRAIN_000506,3,TIGHTBLOCK50,4,342,0.9896482825279236,0.010351717472076416,0.14388659596443176,128,True,False,False,False
STRAIN_000506,3,TIGHTBLOCK50,5,442,0.9916520714759827,0.008347928524017334,0.12921227514743805,128,True,False,False,False
STRAIN_000511,3,TIGHTBLOCK50,1,42,0.9897799491882324,0.010220050811767578,0.14296886324882507,128,True,False,False,False
STRAIN_000511,3,TIGHTBLOCK50,2,142,0.9917894601821899,0.008210539817810059,0.12814533710479736,128,True,False,False,False
STRAIN_000511,3,TIGHTBLOCK50,3,242,0.9897156953811646,0.01028430461883545,0.14341852068901062,128,True,False,False,False
STRAIN_000511,3,TIGHTBLOCK50,4,342,0.9919954538345337,0.008004546165466309,0.12652753293514252,128,True,False,False,False
STRAIN_000511,3,TIGHTBLOCK50,5,442,0.9881445169448853,0.011855483055114746,0.15398384630680084,128,True,False,False,False
STRAIN_000512,3,TIGHTBLOCK50,1,42,0.9900354743003845,0.009964525699615479,0.14116999506950378,128,True,False,False,False
STRAIN_000512,3,TIGHTBLOCK50,2,142,0.9874748587608337,0.01252514123916626,0.15827292203903198,128,True,False,False,False
STRAIN_000512,3,TIGHTBLOCK50,3,242,0.9889956712722778,0.011004328727722168,0.14835286140441895,128,True,False,False,False
STRAIN_000512,3,TIGHTBLOCK50,4,342,0.9897333979606628,0.010266602039337158,0.143294557929039,128,True,False,False,False
STRAIN_000512,3,TIGHTBLOCK50,5,442,0.9897782802581787,0.010221719741821289,0.14298082888126373,128,True,False,False,False
STRAIN_000515,3,TIGHTBLOCK50,1,42,0.9935444593429565,0.006455540657043457,0.11362679302692413,128,True,False,False,False
STRAIN_000515,3,TIGHTBLOCK50,2,142,0.9917415976524353,0.008258402347564697,0.12851732969284058,128,True,False,False,False
STRAIN_000515,3,TIGHTBLOCK50,3,242,0.9931809902191162,0.006819009780883789,0.11678177118301392,128,True,False,False,False
STRAIN_000515,3,TIGHTBLOCK50,4,342,0.992424488067627,0.007575511932373047,0.1230897381901741,128,True,False,False,False
STRAIN_000515,3,TIGHTBLOCK50,5,442,0.9921674728393555,0.007832527160644531,0.1251600831747055,128,True,False,False,False
STRAIN_000524,3,TIGHTBLOCK50,1,42,0.9549764394760132,0.045023560523986816,0.30007851123809814,128,True,False,False,False
STRAIN_000524,3,TIGHTBLOCK50,2,142,0.958198070526123,0.04180192947387695,0.28914332389831543,128,True,False,False,False
STRAIN_000524,3,TIGHTBLOCK50,3,242,0.9629606008529663,0.03703939914703369,0.2721741199493408,128,True,False,False,False
STRAIN_000524,3,TIGHTBLOCK50,4,342,0.9652643203735352,0.034735679626464844,0.2635742425918579,128,True,False,False,False
STRAIN_000524,3,TIGHTBLOCK50,5,442,0.9601889848709106,0.039811015129089355,0.2821735441684723,128,True,False,False,False
STRAIN_000533,3,TIGHTBLOCK50,1,42,0.9922359585762024,0.007764041423797607,0.12461208552122116,128,True,False,False,False
STRAIN_000533,3,TIGHTBLOCK50,2,142,0.9931377172470093,0.006862282752990723,0.11715195327997208,128,True,False,False,False
STRAIN_000533,3,TIGHTBLOCK50,3,242,0.99093097448349,0.00906902551651001,0.1346779614686966,128,True,False,False,False
STRAIN_000533,3,TIGHTBLOCK50,4,342,0.9940183162689209,0.0059816837310791016,0.10937751829624176,128,True,False,False,False
STRAIN_000533,3,TIGHTBLOCK50,5,442,0.9909115433692932,0.009088456630706787,0.1348225176334381,128,True,False,False,False
STRAIN_000541,3,TIGHTBLOCK50,1,42,0.9877091646194458,0.0122908353805542,0.15678495168685913,128,True,False,False,False
STRAIN_000541,3,TIGHTBLOCK50,2,142,0.986845850944519,0.013154149055480957,0.16219839453697205,128,True,False,False,False
STRAIN_000541,3,TIGHTBLOCK50,3,242,0.9856401681900024,0.014359831809997559,0.1694689393043518,128,True,False,False,False
STRAIN_000541,3,TIGHTBLOCK50,4,342,0.9873656034469604,0.01263439655303955,0.15896137058734894,128,True,False,False,False
STRAIN_000541,3,TIGHTBLOCK50,5,442,0.9870728254318237,0.01292717456817627,0.16079285740852356,128,True,False,False,False
STRAIN_000544,3,TIGHTBLOCK50,1,42,0.9830085635185242,0.01699143648147583,0.18434454500675201,128,True,False,False,False
STRAIN_000544,3,TIGHTBLOCK50,2,142,0.9837173223495483,0.01628267765045166,0.18045824766159058,128,True,False,False,False
STRAIN_000544,3,TIGHTBLOCK50,3,242,0.9839004874229431,0.016099512577056885,0.17944099009037018,128,True,False,False,False
STRAIN_000544,3,TIGHTBLOCK50,4,342,0.982172966003418,0.01782703399658203,0.18882323801517487,128,True,False,False,False
STRAIN_000544,3,TIGHTBLOCK50,5,442,0.9815570712089539,0.018442928791046143,0.1920567750930786,128,True,False,False,False
STRAIN_000547,3,TIGHTBLOCK50,1,42,0.9863284230232239,0.013671576976776123,0.1653580665588379,128,True,False,False,False
STRAIN_000547,3,TIGHTBLOCK50,2,142,0.9867367148399353,0.013263285160064697,0.1628698855638504,128,True,False,False,False
STRAIN_000547,3,TIGHTBLOCK50,3,242,0.9875964522361755,0.012403547763824463,0.15750248730182648,128,True,False,False,False
STRAIN_000547,3,TIGHTBLOCK50,4,342,0.9849796295166016,0.015020370483398438,0.17332227528095245,128,True,False,False,False
STRAIN_000547,3,TIGHTBLOCK50,5,442,0.9850315451622009,0.014968454837799072,0.17302250862121582,128,True,False,False,False
STRAIN_000548,3,TIGHTBLOCK50,1,42,0.989159882068634,0.010840117931365967,0.14724232256412506,128,True,False,False,False
STRAIN_000548,3,TIGHTBLOCK50,2,142,0.9882562160491943,0.011743783950805664,0.153256356716156,128,True,False,False,False
STRAIN_000548,3,TIGHTBLOCK50,3,242,0.987999677658081,0.012000322341918945,0.1549212485551834,128,True,False,False,False
STRAIN_000548,3,TIGHTBLOCK50,4,342,0.9897782206535339,0.010221779346466064,0.1429809033870697,128,True,False,False,False
STRAIN_000548,3,TIGHTBLOCK50,5,442,0.9890527725219727,0.010947227478027344,0.1479678750038147,128,True,False,False,False
STRAIN_000549,3,TIGHTBLOCK50,1,42,0.993812084197998,0.006187915802001953,0.11124680191278458,128,True,False,False,False
STRAIN_000549,3,TIGHTBLOCK50,2,142,0.9943007826805115,0.005699217319488525,0.1067635789513588,128,True,False,False,False
STRAIN_000549,3,TIGHTBLOCK50,3,242,0.9938096404075623,0.006190359592437744,0.11126932501792908,128,True,False,False,False
STRAIN_000549,3,TIGHTBLOCK50,4,342,0.9945396184921265,0.005460381507873535,0.10450232774019241,128,True,False,False,False
STRAIN_000549,3,TIGHTBLOCK50,5,442,0.9943575263023376,0.0056424736976623535,0.10623066127300262,128,True,False,False,False
STRAIN_000552,3,TIGHTBLOCK50,1,42,0.9958091378211975,0.00419086217880249,0.09155159443616867,128,True,False,False,False
STRAIN_000552,3,TIGHTBLOCK50,2,142,0.9945708513259888,0.0054291486740112305,0.10420340299606323,128,True,False,False,False
STRAIN_000552,3,TIGHTBLOCK50,3,242,0.9936601519584656,0.006339848041534424,0.11260448396205902,128,True,False,False,False
STRAIN_000552,3,TIGHTBLOCK50,4,342,0.9946236610412598,0.005376338958740234,0.10369472950696945,128,True,False,False,False
STRAIN_000552,3,TIGHTBLOCK50,5,442,0.9941174983978271,0.0058825016021728516,0.10846703499555588,128,True,False,False,False
STRAIN_000554,3,TIGHTBLOCK50,1,42,0.9896371364593506,0.010362863540649414,0.14396432042121887,128,True,False,False,False
STRAIN_000554,3,TIGHTBLOCK50,2,142,0.9899172186851501,0.010082781314849854,0.14200572669506073,128,True,False,False,False
STRAIN_000554,3,TIGHTBLOCK50,3,242,0.9903929829597473,0.009607017040252686,0.13861410319805145,128,True,False,False,False
STRAIN_000554,3,TIGHTBLOCK50,4,342,0.9888359308242798,0.011164069175720215,0.14942574501037598,128,True,False,False,False
STRAIN_000554,3,TIGHTBLOCK50,5,442,0.9882177710533142,0.011782228946685791,0.1535072773694992,128,True,False,False,False
STRAIN_000562,3,TIGHTBLOCK50,1,42,0.9880561828613281,0.011943817138671875,0.15455621480941772,128,True,False,False,False
STRAIN_000562,3,TIGHTBLOCK50,2,142,0.9859985709190369,0.014001429080963135,0.16734078526496887,128,True,False,False,False
STRAIN_000562,3,TIGHTBLOCK50,3,242,0.988231360912323,0.011768639087677002,0.15341834723949432,128,True,False,False,False
STRAIN_000562,3,TIGHTBLOCK50,4,342,0.9858812093734741,0.014118790626525879,0.16804003715515137,128,True,False,False,False
STRAIN_000562,3,TIGHTBLOCK50,5,442,0.9865003824234009,0.013499617576599121,0.16431444883346558,128,True,False,False,False
STRAIN_000569,3,TIGHTBLOCK50,1,42,0.9922385215759277,0.007761478424072266,0.12459085136651993,128,True,False,False,False
STRAIN_000569,3,TIGHTBLOCK50,2,142,0.992145836353302,0.007854163646697998,0.12533250451087952,128,True,False,False,False
STRAIN_000569,3,TIGHTBLOCK50,3,242,0.9922937154769897,0.007706284523010254,0.12414683401584625,128,True,False,False,False
STRAIN_000569,3,TIGHTBLOCK50,4,342,0.9925018548965454,0.00749814510345459,0.12245997041463852,128,True,False,False,False
STRAIN_000569,3,TIGHTBLOCK50,5,442,0.9930522441864014,0.006947755813598633,0.11787869781255722,128,True,False,False,False
STRAIN_000570,3,TIGHTBLOCK50,1,42,0.9860619902610779,0.01393800973892212,0.1669614017009735,128,True,False,False,False
STRAIN_000570,3,TIGHTBLOCK50,2,142,0.9859899282455444,0.014010071754455566,0.16739265620708466,128,True,False,False,False
STRAIN_000570,3,TIGHTBLOCK50,3,242,0.9867963194847107,0.013203680515289307,0.1625031977891922,128,True,False,False,False
STRAIN_000570,3,TIGHTBLOCK50,4,342,0.9853149056434631,0.014685094356536865,0.17137742042541504,128,True,False,False,False
STRAIN_000570,3,TIGHTBLOCK50,5,442,0.9859476089477539,0.014052391052246094,0.16764508187770844,128,True,False,False,False
STRAIN_000581,3,TIGHTBLOCK50,1,42,0.9606015086174011,0.03939849138259888,0.28070804476737976,128,True,False,False,False
STRAIN_000581,3,TIGHTBLOCK50,2,142,0.9611883163452148,0.038811683654785156,0.2786096930503845,128,True,False,False,False
STRAIN_000581,3,TIGHTBLOCK50,3,242,0.9637198448181152,0.036280155181884766,0.26937001943588257,128,True,False,False,False
STRAIN_000581,3,TIGHTBLOCK50,4,342,0.9633898735046387,0.03661012649536133,0.27059224247932434,128,True,False,False,False
STRAIN_000581,3,TIGHTBLOCK50,5,442,0.9602609276771545,0.03973907232284546,0.28191888332366943,128,True,False,False,False
STRAIN_000583,3,TIGHTBLOCK50,1,42,0.9859650731086731,0.014034926891326904,0.1675405353307724,128,True,False,False,False
STRAIN_000583,3,TIGHTBLOCK50,2,142,0.9854483604431152,0.014551639556884766,0.17059646546840668,128,True,False,False,False
STRAIN_000583,3,TIGHTBLOCK50,3,242,0.9860228300094604,0.01397716999053955,0.1671956181526184,128,True,False,False,False
STRAIN_000583,3,TIGHTBLOCK50,4,342,0.986795961856842,0.013204038143157959,0.16250593960285187,128,True,False,False,False
STRAIN_000583,3,TIGHTBLOCK50,5,442,0.985397458076477,0.01460254192352295,0.1708950400352478,128,True,False,False,False
STRAIN_000594,3,TIGHTBLOCK50,1,42,0.9907485246658325,0.00925147533416748,0.13602565228939056,128,True,False,False,False
STRAIN_000594,3,TIGHTBLOCK50,2,142,0.9899964332580566,0.01000356674194336,0.14144669473171234,128,True,False,False,False
STRAIN_000594,3,TIGHTBLOCK50,3,242,0.9910668730735779,0.00893312692642212,0.1336645483970642,128,True,False,False,False
STRAIN_000594,3,TIGHTBLOCK50,4,342,0.9901383519172668,0.009861648082733154,0.14044009149074554,128,True,False,False,False
STRAIN_000594,3,TIGHTBLOCK50,5,442,0.9896914958953857,0.010308504104614258,0.14358602464199066,128,True,False,False,False
STRAIN_000597,3,TIGHTBLOCK50,1,42,0.9784326553344727,0.021567344665527344,0.2076883167028427,128,True,False,False,False
STRAIN_000597,3,TIGHTBLOCK50,2,142,0.9817808866500854,0.01821911334991455,0.19088797271251678,128,True,False,False,False
STRAIN_000597,3,TIGHTBLOCK50,3,242,0.9768784046173096,0.02312159538269043,0.21504256129264832,128,True,False,False,False
STRAIN_000597,3,TIGHTBLOCK50,4,342,0.9810633659362793,0.018936634063720703,0.1946100890636444,128,True,False,False,False
STRAIN_000597,3,TIGHTBLOCK50,5,442,0.9788939952850342,0.02110600471496582,0.20545531809329987,128,True,False,False,False
STRAIN_000599,3,TIGHTBLOCK50,1,42,0.996455192565918,0.0035448074340820312,0.08420073240995407,128,True,False,False,False
STRAIN_000599,3,TIGHTBLOCK50,2,142,0.9951571226119995,0.004842877388000488,0.09841650724411011,128,True,False,False,False
STRAIN_000599,3,TIGHTBLOCK50,3,242,0.9980607032775879,0.0019392967224121094,0.06227807700634003,128,True,False,False,False
STRAIN_000599,3,TIGHTBLOCK50,4,342,0.9949944615364075,0.005005538463592529,0.10005577653646469,128,True,False,False,False
STRAIN_000599,3,TIGHTBLOCK50,5,442,0.9938536882400513,0.0061463117599487305,0.11087270826101303,128,True,False,False,False
STRAIN_000602,3,TIGHTBLOCK50,1,42,0.9824663400650024,0.01753365993499756,0.1872626394033432,128,True,False,False,False
STRAIN_000602,3,TIGHTBLOCK50,2,142,0.9807832837104797,0.019216716289520264,0.19604451954364777,128,True,False,False,False
STRAIN_000602,3,TIGHTBLOCK50,3,242,0.9837005138397217,0.01629948616027832,0.1805516928434372,128,True,False,False,False
STRAIN_000602,3,TIGHTBLOCK50,4,342,0.9852603673934937,0.014739632606506348,0.17169539630413055,128,True,False,False,False
STRAIN_000602,3,TIGHTBLOCK50,5,442,0.9855138063430786,0.014486193656921387,0.17021295428276062,128,True,False,False,False
STRAIN_000603,3,TIGHTBLOCK50,1,42,0.9858751893043518,0.014124810695648193,0.16807591915130615,128,True,False,False,False
STRAIN_000603,3,TIGHTBLOCK50,2,142,0.9848260283470154,0.01517397165298462,0.1742067039012909,128,True,False,False,False
STRAIN_000603,3,TIGHTBLOCK50,3,242,0.9869894981384277,0.013010501861572266,0.1613103598356247,128,True,False,False,False
STRAIN_000603,3,TIGHTBLOCK50,4,342,0.9862028360366821,0.013797163963317871,0.1661153882741928,128,True,False,False,False
STRAIN_000603,3,TIGHTBLOCK50,5,442,0.9850730299949646,0.0149269700050354,0.17278249561786652,128,True,False,False,False
STRAIN_000623,3,TIGHTBLOCK50,1,42,0.9855140447616577,0.014485955238342285,0.17021092772483826,128,True,False,False,False
STRAIN_000623,3,TIGHTBLOCK50,2,142,0.984333336353302,0.015666663646697998,0.1770123839378357,128,True,False,False,False
STRAIN_000623,3,TIGHTBLOCK50,3,242,0.9856533408164978,0.014346659183502197,0.16939076781272888,128,True,False,False,False
STRAIN_000623,3,TIGHTBLOCK50,4,342,0.9861633777618408,0.01383662223815918,0.16635292768478394,128,True,False,False,False
STRAIN_000623,3,TIGHTBLOCK50,5,442,0.9855988621711731,0.014401137828826904,0.16971246898174286,128,True,False,False,False
STRAIN_000632,3,TIGHTBLOCK50,1,42,0.9853588342666626,0.014641165733337402,0.17112106084823608,128,True,False,False,False
STRAIN_000632,3,TIGHTBLOCK50,2,142,0.9861948490142822,0.013805150985717773,0.16616369783878326,128,True,False,False,False
STRAIN_000632,3,TIGHTBLOCK50,3,242,0.984096109867096,0.015903890132904053,0.17834798991680145,128,True,False,False,False
STRAIN_000632,3,TIGHTBLOCK50,4,342,0.9863634705543518,0.013636529445648193,0.16514551639556885,128,True,False,False,False
STRAIN_000632,3,TIGHTBLOCK50,5,442,0.9837872385978699,0.016212761402130127,0.18007060885429382,128,True,False,False,False
STRAIN_000633,3,TIGHTBLOCK50,1,42,0.9824236035346985,0.017576396465301514,0.18749091029167175,128,True,False,False,False
STRAIN_000633,3,TIGHTBLOCK50,2,142,0.9791628122329712,0.02083718776702881,0.2041427195072174,128,True,False,False,False
STRAIN_000633,3,TIGHTBLOCK50,3,242,0.9828929305076599,0.017107069492340088,0.1849711835384369,128,True,False,False,False
STRAIN_000633,3,TIGHTBLOCK50,4,342,0.9833440780639648,0.016655921936035156,0.18251554667949677,128,True,False,False,False
STRAIN_000633,3,TIGHTBLOCK50,5,442,0.9845335483551025,0.015466451644897461,0.17587780952453613,128,True,False,False,False
STRAIN_000640,3,TIGHTBLOCK50,1,42,0.9837910532951355,0.016208946704864502,0.18004962801933289,128,True,False,False,False
STRAIN_000640,3,TIGHTBLOCK50,2,142,0.984795093536377,0.015204906463623047,0.174384206533432,128,True,False,False,False
STRAIN_000640,3,TIGHTBLOCK50,3,242,0.9837180972099304,0.01628190279006958,0.18045423924922943,128,True,False,False,False
STRAIN_000640,3,TIGHTBLOCK50,4,342,0.9859059453010559,0.014094054698944092,0.16789332032203674,128,True,False,False,False
STRAIN_000640,3,TIGHTBLOCK50,5,442,0.9845587015151978,0.015441298484802246,0.17573441565036774,128,True,False,False,False
STRAIN_000649,3,TIGHTBLOCK50,1,42,0.9867573976516724,0.013242602348327637,0.16274262964725494,128,True,False,False,False
STRAIN_000649,3,TIGHTBLOCK50,2,142,0.985769510269165,0.014230489730834961,0.1687035709619522,128,True,False,False,False
STRAIN_000649,3,TIGHTBLOCK50,3,242,0.9887982606887817,0.011201739311218262,0.14967797696590424,128,True,False,False,False
STRAIN_000649,3,TIGHTBLOCK50,4,342,0.985316812992096,0.014683187007904053,0.17136621475219727,128,True,False,False,False
STRAIN_000649,3,TIGHTBLOCK50,5,442,0.9853932857513428,0.014606714248657227,0.17091980576515198,128,True,False,False,False
STRAIN_000653,3,TIGHTBLOCK50,1,42,0.9895682334899902,0.010431766510009766,0.14444227516651154,128,True,False,False,False
STRAIN_000653,3,TIGHTBLOCK50,2,142,0.9899352192878723,0.010064780712127686,0.14187869429588318,128,True,False,False,False
STRAIN_000653,3,TIGHTBLOCK50,3,242,0.9904006719589233,0.00959932804107666,0.13855993747711182,128,True,False,False,False
STRAIN_000653,3,TIGHTBLOCK50,4,342,0.9852266907691956,0.014773309230804443,0.17189133167266846,128,True,False,False,False
STRAIN_000653,3,TIGHTBLOCK50,5,442,0.9860227108001709,0.013977289199829102,0.16719599068164825,128,True,False,False,False
STRAIN_000654,3,TIGHTBLOCK50,1,42,0.9866423606872559,0.01335763931274414,0.16344735026359558,128,True,False,False,False
STRAIN_000654,3,TIGHTBLOCK50,2,142,0.9882751703262329,0.01172482967376709,0.15313291549682617,128,True,False,False,False
STRAIN_000654,3,TIGHTBLOCK50,3,242,0.9871011972427368,0.012898802757263184,0.16061541438102722,128,True,False,False,False
STRAIN_000654,3,TIGHTBLOCK50,4,342,0.9862017631530762,0.013798236846923828,0.16612134873867035,128,True,False,False,False
STRAIN_000654,3,TIGHTBLOCK50,5,442,0.9883137941360474,0.011686205863952637,0.1528799682855606,128,True,False,False,False
STRAIN_000657,3,TIGHTBLOCK50,1,42,0.9844955205917358,0.01550447940826416,0.17609326541423798,128,True,False,False,False
STRAIN_000657,3,TIGHTBLOCK50,2,142,0.9845037460327148,0.015496253967285156,0.17604656517505646,128,True,False,False,False
STRAIN_000657,3,TIGHTBLOCK50,3,242,0.986897349357605,0.01310265064239502,0.16188038885593414,128,True,False,False,False
STRAIN_000657,3,TIGHTBLOCK50,4,342,0.9837683439254761,0.016231656074523926,0.18017561733722687,128,True,False,False,False
STRAIN_000657,3,TIGHTBLOCK50,5,442,0.9829292893409729,0.0170707106590271,0.18477384746074677,128,True,False,False,False
STRAIN_000661,3,TIGHTBLOCK50,1,42,0.9838483929634094,0.016151607036590576,0.17973096668720245,128,True,False,False,False
STRAIN_000661,3,TIGHTBLOCK50,2,142,0.9846426844596863,0.01535731554031372,0.17525574564933777,128,True,False,False,False
STRAIN_000661,3,TIGHTBLOCK50,3,242,0.9856451749801636,0.014354825019836426,0.1694391369819641,128,True,False,False,False
STRAIN_000661,3,TIGHTBLOCK50,4,342,0.9843871593475342,0.01561284065246582,0.17670801281929016,128,True,False,False,False
STRAIN_000661,3,TIGHTBLOCK50,5,442,0.985387921333313,0.014612078666687012,0.17095112800598145,128,True,False,False,False
STRAIN_000664,3,TIGHTBLOCK50,1,42,0.983129620552063,0.01687037944793701,0.18368622660636902,128,True,False,False,False
STRAIN_000664,3,TIGHTBLOCK50,2,142,0.98096764087677,0.01903235912322998,0.1951017826795578,128,True,False,False,False
STRAIN_000664,3,TIGHTBLOCK50,3,242,0.984560489654541,0.015439510345458984,0.17572423815727234,128,True,False,False,False
STRAIN_000664,3,TIGHTBLOCK50,4,342,0.9833691716194153,0.016630828380584717,0.18237772583961487,128,True,False,False,False
STRAIN_000664,3,TIGHTBLOCK50,5,442,0.9851380586624146,0.01486194133758545,0.17240609228610992,128,True,False,False,False
STRAIN_000667,3,TIGHTBLOCK50,1,42,0.9861014485359192,0.01389855146408081,0.1667245477437973,128,True,False,False,False
STRAIN_000667,3,TIGHTBLOCK50,2,142,0.984072744846344,0.015927255153656006,0.17847837507724762,128,True,False,False,False
STRAIN_000667,3,TIGHTBLOCK50,3,242,0.9853243231773376,0.014675676822662354,0.17132209241390228,128,True,False,False,False
STRAIN_000667,3,TIGHTBLOCK50,4,342,0.9849746227264404,0.01502537727355957,0.17335155606269836,128,True,False,False,False
STRAIN_000667,3,TIGHTBLOCK50,5,442,0.9860025644302368,0.013997435569763184,0.16731664538383484,128,True,False,False,False
STRAIN_000669,3,TIGHTBLOCK50,1,42,0.9869837760925293,0.013016223907470703,0.16134551167488098,128,True,False,False,False
STRAIN_000669,3,TIGHTBLOCK50,2,142,0.9889505505561829,0.011049449443817139,0.14865657687187195,128,True,False,False,False
STRAIN_000669,3,TIGHTBLOCK50,3,242,0.9863014817237854,0.0136985182762146,0.16551999747753143,128,True,False,False,False
STRAIN_000669,3,TIGHTBLOCK50,4,342,0.9871406555175781,0.012859344482421875,0.1603706032037735,128,True,False,False,False
STRAIN_000669,3,TIGHTBLOCK50,5,442,0.9862147569656372,0.013785243034362793,0.1660437136888504,128,True,False,False,False
STRAIN_000670,3,TIGHTBLOCK50,1,42,0.9881910085678101,0.011808991432189941,0.15368178486824036,128,True,False,False,False
STRAIN_000670,3,TIGHTBLOCK50,2,142,0.9898133277893066,0.01018667221069336,0.14273564517498016,128,True,False,False,False
STRAIN_000670,3,TIGHTBLOCK50,3,242,0.9872263669967651,0.012773633003234863,0.15983520448207855,128,True,False,False,False
STRAIN_000670,3,TIGHTBLOCK50,4,342,0.9904493093490601,0.009550690650939941,0.13820789754390717,128,True,False,False,False
STRAIN_000670,3,TIGHTBLOCK50,5,442,0.990827202796936,0.009172797203063965,0.1354462057352066,128,True,False,False,False
STRAIN_000674,3,TIGHTBLOCK50,1,42,0.9860244989395142,0.01397550106048584,0.16718602180480957,128,True,False,False,False
STRAIN_000674,3,TIGHTBLOCK50,2,142,0.9889554977416992,0.011044502258300781,0.1486234813928604,128,True,False,False,False
STRAIN_000674,3,TIGHTBLOCK50,3,242,0.9870621562004089,0.012937843799591064,0.1608591228723526,128,True,False,False,False
STRAIN_000674,3,TIGHTBLOCK50,4,342,0.9869815111160278,0.013018488883972168,0.16136009991168976,128,True,False,False,False
STRAIN_000674,3,TIGHTBLOCK50,5,442,0.9886382222175598,0.011361777782440186,0.1507432460784912,128,True,False,False,False
STRAIN_000678,3,TIGHTBLOCK50,1,42,0.9873982667922974,0.012601733207702637,0.15875624120235443,128,True,False,False,False
STRAIN_000678,3,TIGHTBLOCK50,2,142,0.9889389276504517,0.01106107234954834,0.14873477816581726,128,True,False,False,False
STRAIN_000678,3,TIGHTBLOCK50,3,242,0.9887722730636597,0.011227726936340332,0.1498512476682663,128,True,False,False,False
STRAIN_000678,3,TIGHTBLOCK50,4,342,0.9894251823425293,0.010574817657470703,0.14542943239212036,128,True,False,False,False
STRAIN_000678,3,TIGHTBLOCK50,5,442,0.9880440831184387,0.01195591688156128,0.15463459491729736,128,True,False,False,False
STRAIN_000685,3,TIGHTBLOCK50,1,42,0.9854612350463867,0.014538764953613281,0.17052139341831207,128,True,False,False,False
STRAIN_000685,3,TIGHTBLOCK50,2,142,0.9885200262069702,0.011479973793029785,0.15152528882026672,128,True,False,False,False
STRAIN_000685,3,TIGHTBLOCK50,3,242,0.9869780540466309,0.01302194595336914,0.16138112545013428,128,True,False,False,False
STRAIN_000685,3,TIGHTBLOCK50,4,342,0.9876148700714111,0.012385129928588867,0.15738621354103088,128,True,False,False,False
STRAIN_000685,3,TIGHTBLOCK50,5,442,0.988323450088501,0.011676549911499023,0.152817040681839,128,True,False,False,False
STRAIN_000689,3,TIGHTBLOCK50,1,42,0.9867006540298462,0.013299345970153809,0.1630910485982895,128,True,False,False,False
STRAIN_000689,3,TIGHTBLOCK50,2,142,0.9856314063072205,0.014368593692779541,0.16952058672904968,128,True,False,False,False
STRAIN_000689,3,TIGHTBLOCK50,3,242,0.9855920076370239,0.014407992362976074,0.16975289583206177,128,True,False,False,False
STRAIN_000689,3,TIGHTBLOCK50,4,342,0.984835147857666,0.015164852142333984,0.17415452003479004,128,True,False,False,False
STRAIN_000689,3,TIGHTBLOCK50,5,442,0.9863598346710205,0.013640165328979492,0.1651676446199417,128,True,False,False,False
STRAIN_000690,3,TIGHTBLOCK50,1,42,0.9876106977462769,0.012389302253723145,0.1574118286371231,128,True,False,False,False
STRAIN_000690,3,TIGHTBLOCK50,2,142,0.9865436553955078,0.013456344604492188,0.16405050456523895,128,True,False,False,False
STRAIN_000690,3,TIGHTBLOCK50,3,242,0.9867828488349915,0.013217151165008545,0.1625862717628479,128,True,False,False,False
STRAIN_000690,3,TIGHTBLOCK50,4,342,0.9863980412483215,0.013601958751678467,0.16493575274944305,128,True,False,False,False
STRAIN_000690,3,TIGHTBLOCK50,5,442,0.9862872958183289,0.013712704181671143,0.1656060665845871,128,True,False,False,False
STRAIN_000692,3,TIGHTBLOCK50,1,42,0.9902277588844299,0.009772241115570068,0.1398017853498459,128,True,False,False,False
STRAIN_000692,3,TIGHTBLOCK50,2,142,0.9887773394584656,0.011222660541534424,0.14981785416603088,128,True,False,False,False
STRAIN_000692,3,TIGHTBLOCK50,3,242,0.9876511096954346,0.01234889030456543,0.157155379652977,128,True,False,False,False
STRAIN_000692,3,TIGHTBLOCK50,4,342,0.9926638603210449,0.007336139678955078,0.1211295798420906,128,True,False,False,False
STRAIN_000692,3,TIGHTBLOCK50,5,442,0.9899861812591553,0.010013818740844727,0.14151926338672638,128,True,False,False,False
STRAIN_000695,3,TIGHTBLOCK50,1,42,0.9893959760665894,0.010604023933410645,0.14562992751598358,128,True,False,False,False
STRAIN_000695,3,TIGHTBLOCK50,2,142,0.9866610169410706,0.013338983058929443,0.16333416104316711,128,True,False,False,False
STRAIN_000695,3,TIGHTBLOCK50,3,242,0.9891322255134583,0.010867774486541748,0.14743022620677948,128,True,False,False,False
STRAIN_000695,3,TIGHTBLOCK50,4,342,0.9905264973640442,0.00947350263595581,0.13764940202236176,128,True,False,False,False
STRAIN_000695,3,TIGHTBLOCK50,5,442,0.9892871379852295,0.010712862014770508,0.14637525379657745,128,True,False,False,False
STRAIN_000704,3,TIGHTBLOCK50,1,42,0.9861999154090881,0.013800084590911865,0.166133314371109,128,True,False,False,False
STRAIN_000704,3,TIGHTBLOCK50,2,142,0.9845874905586243,0.015412509441375732,0.17557097971439362,128,True,False,False,False
STRAIN_000704,3,TIGHTBLOCK50,3,242,0.985246479511261,0.014753520488739014,0.17177627980709076,128,True,False,False,False
STRAIN_000704,3,TIGHTBLOCK50,4,342,0.9849945306777954,0.01500546932220459,0.1732364445924759,128,True,False,False,False
STRAIN_000704,3,TIGHTBLOCK50,5,442,0.9866633415222168,0.013336658477783203,0.16332024335861206,128,True,False,False,False
STRAIN_000705,3,TIGHTBLOCK50,1,42,0.9879631996154785,0.012036800384521484,0.1551571488380432,128,True,False,False,False
STRAIN_000705,3,TIGHTBLOCK50,2,142,0.9901593923568726,0.009840607643127441,0.14029023051261902,128,True,False,False,False
STRAIN_000705,3,TIGHTBLOCK50,3,242,0.9877341985702515,0.012265801429748535,0.15662573277950287,128,True,False,False,False
STRAIN_000705,3,TIGHTBLOCK50,4,342,0.9895337224006653,0.010466277599334717,0.1446807086467743,128,True,False,False,False
STRAIN_000705,3,TIGHTBLOCK50,5,442,0.9896470308303833,0.0103529691696167,0.14389587938785553,128,True,False,False,False
STRAIN_000710,3,TIGHTBLOCK50,1,42,0.988558828830719,0.011441171169281006,0.15126948058605194,128,True,False,False,False
STRAIN_000710,3,TIGHTBLOCK50,2,142,0.986588180065155,0.01341181993484497,0.16377896070480347,128,True,False,False,False
STRAIN_000710,3,TIGHTBLOCK50,3,242,0.9859143495559692,0.014085650444030762,0.1678432673215866,128,True,False,False,False
STRAIN_000710,3,TIGHTBLOCK50,4,342,0.9849883913993835,0.015011608600616455,0.1732722669839859,128,True,False,False,False
STRAIN_000710,3,TIGHTBLOCK50,5,442,0.9857367873191833,0.01426321268081665,0.16889744997024536,128,True,False,False,False
STRAIN_000711,3,TIGHTBLOCK50,1,42,0.985973596572876,0.014026403427124023,0.16749046742916107,128,True,False,False,False
STRAIN_000711,3,TIGHTBLOCK50,2,142,0.9857940673828125,0.0142059326171875,0.16855821013450623,128,True,False,False,False
STRAIN_000711,3,TIGHTBLOCK50,3,242,0.98539799451828,0.01460200548171997,0.17089231312274933,128,True,False,False,False
STRAIN_000711,3,TIGHTBLOCK50,4,342,0.9867253303527832,0.013274669647216797,0.16294007003307343,128,True,False,False,False
STRAIN_000711,3,TIGHTBLOCK50,5,442,0.9885420203208923,0.011457979679107666,0.15138022601604462,128,True,False,False,False
STRAIN_000715,3,TIGHTBLOCK50,1,42,0.9864872694015503,0.013512730598449707,0.1643945425748825,128,True,False,False,False
STRAIN_000715,3,TIGHTBLOCK50,2,142,0.9847975969314575,0.01520240306854248,0.17436975240707397,128,True,False,False,False
STRAIN_000715,3,TIGHTBLOCK50,3,242,0.9855981469154358,0.014401853084564209,0.16971655189990997,128,True,False,False,False
STRAIN_000715,3,TIGHTBLOCK50,4,342,0.9870920181274414,0.012907981872558594,0.1606738567352295,128,True,False,False,False
STRAIN_000715,3,TIGHTBLOCK50,5,442,0.9856733083724976,0.014326691627502441,0.1692732572555542,128,True,False,False,False
STRAIN_000718,3,TIGHTBLOCK50,1,42,0.9883590936660767,0.01164090633392334,0.15258371829986572,128,True,False,False,False
STRAIN_000718,3,TIGHTBLOCK50,2,142,0.9856106042861938,0.014389395713806152,0.16964268684387207,128,True,False,False,False
STRAIN_000718,3,TIGHTBLOCK50,3,242,0.9853999018669128,0.014600098133087158,0.17088072001934052,128,True,False,False,False
STRAIN_000718,3,TIGHTBLOCK50,4,342,0.9844304323196411,0.015569567680358887,0.1764632612466812,128,True,False,False,False
STRAIN_000718,3,TIGHTBLOCK50,5,442,0.9857127070426941,0.014287292957305908,0.16903989017009735,128,True,False,False,False
STRAIN_000720,3,TIGHTBLOCK50,1,42,0.9616110920906067,0.03838890790939331,0.27708789706230164,128,True,False,False,False
STRAIN_000720,3,TIGHTBLOCK50,2,142,0.9626630544662476,0.03733694553375244,0.2732650935649872,128,True,False,False,False
STRAIN_000720,3,TIGHTBLOCK50,3,242,0.9642394781112671,0.03576052188873291,0.26743432879447937,128,True,False,False,False
STRAIN_000720,3,TIGHTBLOCK50,4,342,0.9644008874893188,0.03559911251068115,0.26683005690574646,128,True,False,False,False
STRAIN_000720,3,TIGHTBLOCK50,5,442,0.9622100591659546,0.03778994083404541,0.2749181091785431,128,True,False,False,False
STRAIN_000723,3,TIGHTBLOCK50,1,42,0.9913086891174316,0.00869131088256836,0.13184379041194916,128,True,False,False,False
STRAIN_000723,3,TIGHTBLOCK50,2,142,0.9910233020782471,0.00897669792175293,0.13398979604244232,128,True,False,False,False
STRAIN_000723,3,TIGHTBLOCK50,3,242,0.9923593401908875,0.007640659809112549,0.12361817061901093,128,True,False,False,False
STRAIN_000723,3,TIGHTBLOCK50,4,342,0.9921808838844299,0.007819116115570068,0.12505273520946503,128,True,False,False,False
STRAIN_000723,3,TIGHTBLOCK50,5,442,0.9924889206886292,0.00751107931137085,0.12256540358066559,128,True,False,False,False
STRAIN_000726,3,TIGHTBLOCK50,1,42,0.9621114134788513,0.03788858652114868,0.2752763330936432,128,True,False,False,False
STRAIN_000726,3,TIGHTBLOCK50,2,142,0.962451159954071,0.037548840045928955,0.27403995394706726,128,True,False,False,False
STRAIN_000726,3,TIGHTBLOCK50,3,242,0.9647108316421509,0.03528916835784912,0.26566582918167114,128,True,False,False,False
STRAIN_000726,3,TIGHTBLOCK50,4,342,0.9656761288642883,0.03432387113571167,0.2620072364807129,128,True,False,False,False
STRAIN_000726,3,TIGHTBLOCK50,5,442,0.9616859555244446,0.03831404447555542,0.2768179476261139,128,True,False,False,False
STRAIN_000730,3,TIGHTBLOCK50,1,42,0.9843062162399292,0.0156937837600708,0.17716534435749054,128,True,False,False,False
STRAIN_000730,3,TIGHTBLOCK50,2,142,0.9850765466690063,0.014923453330993652,0.1727622002363205,128,True,False,False,False
STRAIN_000730,3,TIGHTBLOCK50,3,242,0.9829204678535461,0.017079532146453857,0.1848215013742447,128,True,False,False,False
STRAIN_000730,3,TIGHTBLOCK50,4,342,0.9843406677246094,0.015659332275390625,0.17697104811668396,128,True,False,False,False
STRAIN_000730,3,TIGHTBLOCK50,5,442,0.9827240705490112,0.01727592945098877,0.18588131666183472,128,True,False,False,False
STRAIN_000733,3,TIGHTBLOCK50,1,42,0.9884003400802612,0.01159965991973877,0.15231294929981232,128,True,False,False,False
STRAIN_000733,3,TIGHTBLOCK50,2,142,0.9866741299629211,0.013325870037078857,0.16325323283672333,128,True,False,False,False
STRAIN_000733,3,TIGHTBLOCK50,3,242,0.9879435896873474,0.012056410312652588,0.15528279542922974,128,True,False,False,False
STRAIN_000733,3,TIGHTBLOCK50,4,342,0.9871071577072144,0.012892842292785645,0.16057929396629333,128,True,False,False,False
STRAIN_000733,3,TIGHTBLOCK50,5,442,0.9885213375091553,0.011478662490844727,0.15151691436767578,128,True,False,False,False
STRAIN_000741,3,TIGHTBLOCK50,1,42,0.9835615158081055,0.01643848419189453,0.1813196837902069,128,True,False,False,False
STRAIN_000741,3,TIGHTBLOCK50,2,142,0.9850636720657349,0.014936327934265137,0.1728370040655136,128,True,False,False,False
STRAIN_000741,3,TIGHTBLOCK50,3,242,0.9836176633834839,0.016382336616516113,0.18101029098033905,128,True,False,False,False
STRAIN_000741,3,TIGHTBLOCK50,4,342,0.9824389815330505,0.017561018466949463,0.18740840256214142,128,True,False,False,False
STRAIN_000741,3,TIGHTBLOCK50,5,442,0.9849629998207092,0.015037000179290771,0.1734185516834259,128,True,False,False,False
STRAIN_000750,3,TIGHTBLOCK50,1,42,0.9906660318374634,0.009333968162536621,0.13663047552108765,128,True,False,False,False
STRAIN_000750,3,TIGHTBLOCK50,2,142,0.9898702502250671,0.010129749774932861,0.14233577251434326,128,True,False,False,False
STRAIN_000750,3,TIGHTBLOCK50,3,242,0.9912542700767517,0.008745729923248291,0.1322549730539322,128,True,False,False,False
STRAIN_000750,3,TIGHTBLOCK50,4,342,0.9907796382904053,0.009220361709594727,0.13579697906970978,128,True,False,False,False
STRAIN_000750,3,TIGHTBLOCK50,5,442,0.9884250164031982,0.011574983596801758,0.15215089917182922,128,True,False,False,False
STRAIN_000767,3,TIGHTBLOCK50,1,42,0.9661844968795776,0.03381550312042236,0.2600592374801636,128,True,False,False,False
STRAIN_000767,3,TIGHTBLOCK50,2,142,0.9650987386703491,0.03490126132965088,0.2642013132572174,128,True,False,False,False
STRAIN_000767,3,TIGHTBLOCK50,3,242,0.9683354496955872,0.03166455030441284,0.251652330160141,128,True,False,False,False
STRAIN_000767,3,TIGHTBLOCK50,4,342,0.9647542834281921,0.03524571657180786,0.2655019760131836,128,True,False,False,False
STRAIN_000767,3,TIGHTBLOCK50,5,442,0.9674139022827148,0.032586097717285156,0.2552882134914398,128,True,False,False,False
STRAIN_000770,3,TIGHTBLOCK50,1,42,0.9861204624176025,0.013879537582397461,0.1666104942560196,128,True,False,False,False
STRAIN_000770,3,TIGHTBLOCK50,2,142,0.9882346391677856,0.011765360832214355,0.15339761972427368,128,True,False,False,False
STRAIN_000770,3,TIGHTBLOCK50,3,242,0.9893143773078918,0.010685622692108154,0.1461891084909439,128,True,False,False,False
STRAIN_000770,3,TIGHTBLOCK50,4,342,0.9870944619178772,0.012905538082122803,0.1606585830450058,128,True,False,False,False
STRAIN_000770,3,TIGHTBLOCK50,5,442,0.9903236627578735,0.009676337242126465,0.13911424577236176,128,True,False,False,False
STRAIN_000771,3,TIGHTBLOCK50,1,42,0.982191801071167,0.017808198928833008,0.18872344493865967,128,True,False,False,False
STRAIN_000771,3,TIGHTBLOCK50,2,142,0.9919639229774475,0.00803607702255249,0.1267760545015335,128,True,False,False,False
STRAIN_000771,3,TIGHTBLOCK50,3,242,0.994001567363739,0.005998432636260986,0.10952964425086975,128,True,False,False,False
STRAIN_000771,3,TIGHTBLOCK50,4,342,0.9864827394485474,0.013517260551452637,0.16442230343818665,128,True,False,False,False
STRAIN_000771,3,TIGHTBLOCK50,5,442,0.9894900321960449,0.010509967803955078,0.14498241245746613,128,True,False,False,False
STRAIN_000772,3,TIGHTBLOCK50,1,42,0.9914843440055847,0.008515655994415283,0.1305038332939148,128,True,False,False,False
STRAIN_000772,3,TIGHTBLOCK50,2,142,0.9895749092102051,0.010425090789794922,0.1443960964679718,128,True,False,False,False
STRAIN_000772,3,TIGHTBLOCK50,3,242,0.9923514127731323,0.007648587226867676,0.12368186563253403,128,True,False,False,False
STRAIN_000772,3,TIGHTBLOCK50,4,342,0.991230309009552,0.008769690990447998,0.13243623077869415,128,True,False,False,False
STRAIN_000772,3,TIGHTBLOCK50,5,442,0.9896550178527832,0.010344982147216797,0.1438399702310562,128,True,False,False,False
STRAIN_000773,3,TIGHTBLOCK50,1,42,0.9870461225509644,0.012953877449035645,0.1609589010477066,128,True,False,False,False
STRAIN_000773,3,TIGHTBLOCK50,2,142,0.9911423325538635,0.008857667446136475,0.13309895992279053,128,True,False,False,False
STRAIN_000773,3,TIGHTBLOCK50,3,242,0.9886261224746704,0.01137387752532959,0.15082357823848724,128,True,False,False,False
STRAIN_000773,3,TIGHTBLOCK50,4,342,0.9916700124740601,0.008329987525939941,0.1290735900402069,128,True,False,False,False
STRAIN_000773,3,TIGHTBLOCK50,5,442,0.9911493062973022,0.008850693702697754,0.13304710388183594,128,True,False,False,False
STRAIN_000775,3,TIGHTBLOCK50,1,42,0.9877300262451172,0.012269973754882812,0.15665224194526672,128,True,False,False,False
STRAIN_000775,3,TIGHTBLOCK50,2,142,0.9875233173370361,0.012476682662963867,0.15796639025211334,128,True,False,False,False
STRAIN_000775,3,TIGHTBLOCK50,3,242,0.9867269992828369,0.013273000717163086,0.16292932629585266,128,True,False,False,False
STRAIN_000775,3,TIGHTBLOCK50,4,342,0.9885603785514832,0.011439621448516846,0.15125934779644012,128,True,False,False,False
STRAIN_000775,3,TIGHTBLOCK50,5,442,0.9864957332611084,0.013504266738891602,0.16434253752231598,128,True,False,False,False
STRAIN_000776,3,TIGHTBLOCK50,1,42,0.9855225086212158,0.01447749137878418,0.17016205191612244,128,True,False,False,False
STRAIN_000776,3,TIGHTBLOCK50,2,142,0.9874160885810852,0.012583911418914795,0.15864388644695282,128,True,False,False,False
STRAIN_000776,3,TIGHTBLOCK50,3,242,0.9864344596862793,0.013565540313720703,0.16471512615680695,128,True,False,False,False
STRAIN_000776,3,TIGHTBLOCK50,4,342,0.985828161239624,0.014171838760375977,0.168356254696846,128,True,False,False,False
STRAIN_000776,3,TIGHTBLOCK50,5,442,0.9898824691772461,0.010117530822753906,0.14225012063980103,128,True,False,False,False
STRAIN_000791,3,TIGHTBLOCK50,1,42,0.9882339835166931,0.011766016483306885,0.15340138971805573,128,True,False,False,False
STRAIN_000791,3,TIGHTBLOCK50,2,142,0.9875245690345764,0.012475430965423584,0.1579587757587433,128,True,False,False,False
STRAIN_000791,3,TIGHTBLOCK50,3,242,0.9893198013305664,0.010680198669433594,0.14615218341350555,128,True,False,False,False
STRAIN_000791,3,TIGHTBLOCK50,4,342,0.9910143613815308,0.008985638618469238,0.1340574473142624,128,True,False,False,False
STRAIN_000791,3,TIGHTBLOCK50,5,442,0.9897994995117188,0.01020050048828125,0.14283214509487152,128,True,False,False,False
STRAIN_000793,3,TIGHTBLOCK50,1,42,0.9895998239517212,0.010400176048278809,0.14422328770160675,128,True,False,False,False
STRAIN_000793,3,TIGHTBLOCK50,2,142,0.9878315925598145,0.012168407440185547,0.15600207448005676,128,True,False,False,False
STRAIN_000793,3,TIGHTBLOCK50,3,242,0.9907408356666565,0.009259164333343506,0.13608239591121674,128,True,False,False,False
STRAIN_000793,3,TIGHTBLOCK50,4,342,0.9902941584587097,0.009705841541290283,0.13932523131370544,128,True,False,False,False
STRAIN_000793,3,TIGHTBLOCK50,5,442,0.9869969487190247,0.013003051280975342,0.16126364469528198,128,True,False,False,False
STRAIN_000797,3,TIGHTBLOCK50,1,42,0.9836362600326538,0.01636373996734619,0.18090754747390747,128,True,False,False,False
STRAIN_000797,3,TIGHTBLOCK50,2,142,0.9857470393180847,0.014252960681915283,0.16883696615695953,128,True,False,False,False
STRAIN_000797,3,TIGHTBLOCK50,3,242,0.9848286509513855,0.015171349048614502,0.17419157922267914,128,True,False,False,False
STRAIN_000797,3,TIGHTBLOCK50,4,342,0.9833793640136719,0.016620635986328125,0.18232184648513794,128,True,False,False,False
STRAIN_000797,3,TIGHTBLOCK50,5,442,0.9821979999542236,0.017802000045776367,0.18868981301784515,128,True,False,False,False
STRAIN_000801,3,TIGHTBLOCK50,1,42,0.9742835164070129,0.02571648359298706,0.22678811848163605,128,True,False,False,False
STRAIN_000801,3,TIGHTBLOCK50,2,142,0.9723536968231201,0.027646303176879883,0.23514382541179657,128,True,False,False,False
STRAIN_000801,3,TIGHTBLOCK50,3,242,0.9731214046478271,0.02687859535217285,0.23185652494430542,128,True,False,False,False
STRAIN_000801,3,TIGHTBLOCK50,4,342,0.9699802994728088,0.030019700527191162,0.24502934515476227,128,True,False,False,False
STRAIN_000801,3,TIGHTBLOCK50,5,442,0.9738627672195435,0.026137232780456543,0.22863613069057465,128,True,False,False,False
STRAIN_000802,3,TIGHTBLOCK50,1,42,0.9859477281570435,0.014052271842956543,0.16764411330223083,128,True,False,False,False
STRAIN_000802,3,TIGHTBLOCK50,2,142,0.985333263874054,0.014666736125946045,0.1712701916694641,128,True,False,False,False
STRAIN_000802,3,TIGHTBLOCK50,3,242,0.9864506721496582,0.013549327850341797,0.16461673378944397,128,True,False,False,False
STRAIN_000802,3,TIGHTBLOCK50,4,342,0.9854227304458618,0.014577269554138184,0.17074698209762573,128,True,False,False,False
STRAIN_000802,3,TIGHTBLOCK50,5,442,0.9878406524658203,0.012159347534179688,0.15594437718391418,128,True,False,False,False
STRAIN_000808,3,TIGHTBLOCK50,1,42,0.9926577210426331,0.007342278957366943,0.12117867916822433,128,True,False,False,False
STRAIN_000808,3,TIGHTBLOCK50,2,142,0.9913926124572754,0.00860738754272461,0.1312049776315689,128,True,False,False,False
STRAIN_000808,3,TIGHTBLOCK50,3,242,0.9924180507659912,0.007581949234008789,0.12314216047525406,128,True,False,False,False
STRAIN_000808,3,TIGHTBLOCK50,4,342,0.9894130229949951,0.010586977005004883,0.14551310241222382,128,True,False,False,False
STRAIN_000808,3,TIGHTBLOCK50,5,442,0.9904967546463013,0.00950324535369873,0.13786368072032928,128,True,False,False,False
STRAIN_000825,3,TIGHTBLOCK50,1,42,0.9910266995429993,0.008973300457000732,0.1339646726846695,128,True,False,False,False
STRAIN_000825,3,TIGHTBLOCK50,2,142,0.9900150895118713,0.009984910488128662,0.14131437242031097,128,True,False,False,False
STRAIN_000825,3,TIGHTBLOCK50,3,242,0.9879856109619141,0.012014389038085938,0.15501201152801514,128,True,False,False,False
STRAIN_000825,3,TIGHTBLOCK50,4,342,0.9893121719360352,0.010687828063964844,0.14620427787303925,128,True,False,False,False
STRAIN_000825,3,TIGHTBLOCK50,5,442,0.9926763772964478,0.007323622703552246,0.12102548032999039,128,True,False,False,False
STRAIN_000828,3,TIGHTBLOCK50,1,42,0.9895307421684265,0.010469257831573486,0.14470167458057404,128,True,False,False,False
STRAIN_000828,3,TIGHTBLOCK50,2,142,0.9909021258354187,0.009097874164581299,0.13489177823066711,128,True,False,False,False
STRAIN_000828,3,TIGHTBLOCK50,3,242,0.9886846542358398,0.011315345764160156,0.15043506026268005,128,True,False,False,False
STRAIN_000828,3,TIGHTBLOCK50,4,342,0.9900211095809937,0.009978890419006348,0.14127178490161896,128,True,False,False,False
STRAIN_000828,3,TIGHTBLOCK50,5,442,0.9885637760162354,0.011436223983764648,0.15123657882213593,128,True,False,False,False
STRAIN_000830,3,TIGHTBLOCK50,1,42,0.9881798028945923,0.011820197105407715,0.1537545621395111,128,True,False,False,False
STRAIN_000830,3,TIGHTBLOCK50,2,142,0.9865968227386475,0.013403177261352539,0.16372662782669067,128,True,False,False,False
STRAIN_000830,3,TIGHTBLOCK50,3,242,0.9900246858596802,0.009975314140319824,0.141246497631073,128,True,False,False,False
STRAIN_000830,3,TIGHTBLOCK50,4,342,0.9879427552223206,0.012057244777679443,0.15528813004493713,128,True,False,False,False
STRAIN_000830,3,TIGHTBLOCK50,5,442,0.9901378154754639,0.009862184524536133,0.14044396579265594,128,True,False,False,False
STRAIN_000839,3,TIGHTBLOCK50,1,42,0.9834386706352234,0.01656132936477661,0.18199610710144043,128,True,False,False,False
STRAIN_000839,3,TIGHTBLOCK50,2,142,0.9824039936065674,0.017596006393432617,0.18759514391422272,128,True,False,False,False
STRAIN_000839,3,TIGHTBLOCK50,3,242,0.9840430021286011,0.015956997871398926,0.17864534258842468,128,True,False,False,False
STRAIN_000839,3,TIGHTBLOCK50,4,342,0.9822132587432861,0.017786741256713867,0.18860958516597748,128,True,False,False,False
STRAIN_000839,3,TIGHTBLOCK50,5,442,0.9829012751579285,0.017098724842071533,0.18492580950260162,128,True,False,False,False
STRAIN_000841,3,TIGHTBLOCK50,1,42,0.9854055047035217,0.014594495296478271,0.17084833979606628,128,True,False,False,False
STRAIN_000841,3,TIGHTBLOCK50,2,142,0.9841377139091492,0.01586228609085083,0.17811425030231476,128,True,False,False,False
STRAIN_000841,3,TIGHTBLOCK50,3,242,0.985472559928894,0.014527440071105957,0.17045536637306213,128,True,False,False,False
STRAIN_000841,3,TIGHTBLOCK50,4,342,0.9851123690605164,0.014887630939483643,0.17255517840385437,128,True,False,False,False
STRAIN_000841,3,TIGHTBLOCK50,5,442,0.9863283038139343,0.013671696186065674,0.16535831987857819,128,True,False,False,False
STRAIN_000850,3,TIGHTBLOCK50,1,42,0.9906907677650452,0.009309232234954834,0.13644960522651672,128,True,False,False,False
STRAIN_000850,3,TIGHTBLOCK50,2,142,0.9927881956100464,0.007211804389953613,0.1200983077287674,128,True,False,False,False
STRAIN_000850,3,TIGHTBLOCK50,3,242,0.9924249649047852,0.007575035095214844,0.123085156083107,128,True,False,False,False
STRAIN_000850,3,TIGHTBLOCK50,4,342,0.9904608726501465,0.009539127349853516,0.13812381029129028,128,True,False,False,False
STRAIN_000850,3,TIGHTBLOCK50,5,442,0.9895168542861938,0.010483145713806152,0.14479723572731018,128,True,False,False,False
STRAIN_000853,3,TIGHTBLOCK50,1,42,0.9878913760185242,0.01210862398147583,0.15561890602111816,128,True,False,False,False
STRAIN_000853,3,TIGHTBLOCK50,2,142,0.985771894454956,0.014228105545043945,0.16868923604488373,128,True,False,False,False
STRAIN_000853,3,TIGHTBLOCK50,3,242,0.9878763556480408,0.012123644351959229,0.15571574866771698,128,True,False,False,False
STRAIN_000853,3,TIGHTBLOCK50,4,342,0.98847496509552,0.01152503490447998,0.15182264149188995,128,True,False,False,False
STRAIN_000853,3,TIGHTBLOCK50,5,442,0.9863019585609436,0.013698041439056396,0.16551744937896729,128,True,False,False,False
STRAIN_000858,3,TIGHTBLOCK50,1,42,0.986804723739624,0.013195276260375977,0.1624516248703003,128,True,False,False,False
STRAIN_000858,3,TIGHTBLOCK50,2,142,0.9871165752410889,0.012883424758911133,0.16052044928073883,128,True,False,False,False
STRAIN_000858,3,TIGHTBLOCK50,3,242,0.9869731068611145,0.013026893138885498,0.16141149401664734,128,True,False,False,False
STRAIN_000858,3,TIGHTBLOCK50,4,342,0.9867439270019531,0.013256072998046875,0.16282565891742706,128,True,False,False,False
STRAIN_000858,3,TIGHTBLOCK50,5,442,0.9881340265274048,0.011865973472595215,0.15405145287513733,128,True,False,False,False
STRAIN_000861,3,TIGHTBLOCK50,1,42,0.9619606733322144,0.038039326667785645,0.27582356333732605,128,True,False,False,False
STRAIN_000861,3,TIGHTBLOCK50,2,142,0.960055947303772,0.03994405269622803,0.2826445996761322,128,True,False,False,False
STRAIN_000861,3,TIGHTBLOCK50,3,242,0.9663413763046265,0.033658623695373535,0.2594555616378784,128,True,False,False,False
STRAIN_000861,3,TIGHTBLOCK50,4,342,0.9583396911621094,0.041660308837890625,0.2886531352996826,128,True,False,False,False
STRAIN_000861,3,TIGHTBLOCK50,5,442,0.961694598197937,0.03830540180206299,0.27678659558296204,128,True,False,False,False
STRAIN_000863,3,TIGHTBLOCK50,1,42,0.9922494888305664,0.007750511169433594,0.12450364232063293,128,True,False,False,False
STRAIN_000863,3,TIGHTBLOCK50,2,142,0.9926342964172363,0.007365703582763672,0.12137264758348465,128,True,False,False,False
STRAIN_000863,3,TIGHTBLOCK50,3,242,0.9936279058456421,0.00637209415435791,0.1128912940621376,128,True,False,False,False
STRAIN_000863,3,TIGHTBLOCK50,4,342,0.9910749197006226,0.008925080299377441,0.13360513746738434,128,True,False,False,False
STRAIN_000863,3,TIGHTBLOCK50,5,442,0.9900648593902588,0.009935140609741211,0.14096200466156006,128,True,False,False,False
STRAIN_000868,3,TIGHTBLOCK50,1,42,0.988757848739624,0.011242151260375977,0.1499469131231308,128,True,False,False,False
STRAIN_000868,3,TIGHTBLOCK50,2,142,0.9886598587036133,0.011340141296386719,0.15059977769851685,128,True,False,False,False
STRAIN_000868,3,TIGHTBLOCK50,3,242,0.98796147108078,0.01203852891921997,0.15516766905784607,128,True,False,False,False
STRAIN_000868,3,TIGHTBLOCK50,4,342,0.9886241555213928,0.011375844478607178,0.15083661675453186,128,True,False,False,False
STRAIN_000868,3,TIGHTBLOCK50,5,442,0.9873419404029846,0.01265805959701538,0.15911009907722473,128,True,False,False,False
STRAIN_000871,3,TIGHTBLOCK50,1,42,0.9884361624717712,0.01156383752822876,0.15207791328430176,128,True,False,False,False
STRAIN_000871,3,TIGHTBLOCK50,2,142,0.9884343147277832,0.011565685272216797,0.1520896553993225,128,True,False,False,False
STRAIN_000871,3,TIGHTBLOCK50,3,242,0.988431990146637,0.011568009853363037,0.15210482478141785,128,True,False,False,False
STRAIN_000871,3,TIGHTBLOCK50,4,342,0.9861980676651001,0.013801932334899902,0.16614358127117157,128,True,False,False,False
STRAIN_000871,3,TIGHTBLOCK50,5,442,0.9862995743751526,0.013700425624847412,0.16553132236003876,128,True,False,False,False
STRAIN_000873,3,TIGHTBLOCK50,1,42,0.988329291343689,0.011670708656311035,0.1527787446975708,128,True,False,False,False
STRAIN_000873,3,TIGHTBLOCK50,2,142,0.99245285987854,0.007547140121459961,0.12285874783992767,128,True,False,False,False
STRAIN_000873,3,TIGHTBLOCK50,3,242,0.9914171099662781,0.008582890033721924,0.1310182511806488,128,True,False,False,False
STRAIN_000873,3,TIGHTBLOCK50,4,342,0.9910672903060913,0.008932709693908691,0.13366204500198364,128,True,False,False,False
STRAIN_000873,3,TIGHTBLOCK50,5,442,0.9908322691917419,0.009167730808258057,0.13540856540203094,128,True,False,False,False
STRAIN_000878,3,TIGHTBLOCK50,1,42,0.982964277267456,0.017035722732543945,0.1845846176147461,128,True,False,False,False
STRAIN_000878,3,TIGHTBLOCK50,2,142,0.9819031953811646,0.01809680461883545,0.19024617969989777,128,True,False,False,False
STRAIN_000878,3,TIGHTBLOCK50,3,242,0.9843450784683228,0.015654921531677246,0.17694588005542755,128,True,False,False,False
STRAIN_000878,3,TIGHTBLOCK50,4,342,0.9828312397003174,0.017168760299682617,0.18530352413654327,128,True,False,False,False
STRAIN_000878,3,TIGHTBLOCK50,5,442,0.9822304844856262,0.01776951551437378,0.18851809203624725,128,True,False,False,False
STRAIN_000884,3,TIGHTBLOCK50,1,42,0.9875774383544922,0.012422561645507812,0.1576240062713623,128,True,False,False,False
STRAIN_000884,3,TIGHTBLOCK50,2,142,0.9891184568405151,0.010881543159484863,0.1475238800048828,128,True,False,False,False
STRAIN_000884,3,TIGHTBLOCK50,3,242,0.9861962795257568,0.013803720474243164,0.1661548912525177,128,True,False,False,False
STRAIN_000884,3,TIGHTBLOCK50,4,342,0.9873542785644531,0.012645721435546875,0.15903304517269135,128,True,False,False,False
STRAIN_000884,3,TIGHTBLOCK50,5,442,0.9873003959655762,0.012699604034423828,0.1593715399503708,128,True,False,False,False
STRAIN_000886,3,TIGHTBLOCK50,1,42,0.9817785620689392,0.01822143793106079,0.19090035557746887,128,True,False,False,False
STRAIN_000886,3,TIGHTBLOCK50,2,142,0.9848285913467407,0.015171408653259277,0.17419251799583435,128,True,False,False,False
STRAIN_000886,3,TIGHTBLOCK50,3,242,0.9835613965988159,0.016438603401184082,0.1813206821680069,128,True,False,False,False
STRAIN_000886,3,TIGHTBLOCK50,4,342,0.983982503414154,0.016017496585845947,0.1789834052324295,128,True,False,False,False
STRAIN_000886,3,TIGHTBLOCK50,5,442,0.9873361587524414,0.012663841247558594,0.15914660692214966,128,True,False,False,False
STRAIN_000887,3,TIGHTBLOCK50,1,42,0.9849706292152405,0.015029370784759521,0.17337439954280853,128,True,False,False,False
STRAIN_000887,3,TIGHTBLOCK50,2,142,0.9842437505722046,0.01575624942779541,0.17751771211624146,128,True,False,False,False
STRAIN_000887,3,TIGHTBLOCK50,3,242,0.9845039248466492,0.01549607515335083,0.17604570090770721,128,True,False,False,False
STRAIN_000887,3,TIGHTBLOCK50,4,342,0.9850181341171265,0.014981865882873535,0.17310035228729248,128,True,False,False,False
STRAIN_000887,3,TIGHTBLOCK50,5,442,0.9864681959152222,0.013531804084777832,0.16451002657413483,128,True,False,False,False
STRAIN_000889,3,TIGHTBLOCK50,1,42,0.9677083492279053,0.03229165077209473,0.2541322708129883,128,True,False,False,False
STRAIN_000889,3,TIGHTBLOCK50,2,142,0.9691438674926758,0.03085613250732422,0.24841950833797455,128,True,False,False,False
STRAIN_000889,3,TIGHTBLOCK50,3,242,0.9636667966842651,0.03633320331573486,0.26956674456596375,128,True,False,False,False
STRAIN_000889,3,TIGHTBLOCK50,4,342,0.9686328172683716,0.03136718273162842,0.2504681646823883,128,True,False,False,False
STRAIN_000889,3,TIGHTBLOCK50,5,442,0.9643602967262268,0.03563970327377319,0.2669820487499237,128,True,False,False,False
STRAIN_000891,3,TIGHTBLOCK50,1,42,0.9925955533981323,0.007404446601867676,0.12169203162193298,128,True,False,False,False
STRAIN_000891,3,TIGHTBLOCK50,2,142,0.9904180765151978,0.009581923484802246,0.13843339681625366,128,True,False,False,False
STRAIN_000891,3,TIGHTBLOCK50,3,242,0.9910672903060913,0.008932709693908691,0.1336618959903717,128,True,False,False,False
STRAIN_000891,3,TIGHTBLOCK50,4,342,0.9930619597434998,0.006938040256500244,0.11779675632715225,128,True,False,False,False
STRAIN_000891,3,TIGHTBLOCK50,5,442,0.9913311004638672,0.008668899536132812,0.13167312741279602,128,True,False,False,False
STRAIN_000895,3,TIGHTBLOCK50,1,42,0.9902973175048828,0.009702682495117188,0.13930335640907288,128,True,False,False,False
STRAIN_000895,3,TIGHTBLOCK50,2,142,0.992403507232666,0.007596492767333984,0.12325990200042725,128,True,False,False,False
STRAIN_000895,3,TIGHTBLOCK50,3,242,0.9930291771888733,0.006970822811126709,0.11807505786418915,128,True,False,False,False
STRAIN_000895,3,TIGHTBLOCK50,4,342,0.9907397031784058,0.009260296821594238,0.1360907405614853,128,True,False,False,False
STRAIN_000895,3,TIGHTBLOCK50,5,442,0.9911501407623291,0.008849859237670898,0.1330413967370987,128,True,False,False,False
STRAIN_000898,3,TIGHTBLOCK50,1,42,0.985704779624939,0.014295220375061035,0.169087216258049,128,True,False,False,False
STRAIN_000898,3,TIGHTBLOCK50,2,142,0.9839672446250916,0.016032755374908447,0.17906849086284637,128,True,False,False,False
STRAIN_000898,3,TIGHTBLOCK50,3,242,0.9848177433013916,0.015182256698608398,0.17425410449504852,128,True,False,False,False
STRAIN_000898,3,TIGHTBLOCK50,4,342,0.985357403755188,0.014642596244812012,0.17112866044044495,128,True,False,False,False
STRAIN_000898,3,TIGHTBLOCK50,5,442,0.9857196807861328,0.014280319213867188,0.16899888217449188,128,True,False,False,False
STRAIN_000902,3,TIGHTBLOCK50,1,42,0.9886597990989685,0.011340200901031494,0.1506001204252243,128,True,False,False,False
STRAIN_000902,3,TIGHTBLOCK50,2,142,0.990289568901062,0.009710431098937988,0.13935808837413788,128,True,False,False,False
STRAIN_000902,3,TIGHTBLOCK50,3,242,0.9883063435554504,0.01169365644454956,0.15292863547801971,128,True,False,False,False
STRAIN_000902,3,TIGHTBLOCK50,4,342,0.9903871417045593,0.009612858295440674,0.1386563926935196,128,True,False,False,False
STRAIN_000902,3,TIGHTBLOCK50,5,442,0.9889756441116333,0.0110243558883667,0.148487389087677,128,True,False,False,False
STRAIN_000910,3,TIGHTBLOCK50,1,42,0.9856885075569153,0.014311492443084717,0.16918325424194336,128,True,False,False,False
STRAIN_000910,3,TIGHTBLOCK50,2,142,0.9846804738044739,0.015319526195526123,0.17504006624221802,128,True,False,False,False
STRAIN_000910,3,TIGHTBLOCK50,3,242,0.9882381558418274,0.011761844158172607,0.15337464213371277,128,True,False,False,False
STRAIN_000910,3,TIGHTBLOCK50,4,342,0.9858536124229431,0.014146387577056885,0.1682044118642807,128,True,False,False,False
STRAIN_000910,3,TIGHTBLOCK50,5,442,0.9868311882019043,0.013168811798095703,0.16228900849819183,128,True,False,False,False
STRAIN_000916,3,TIGHTBLOCK50,1,42,0.9927011728286743,0.007298827171325684,0.12082166224718094,128,True,False,False,False
STRAIN_000916,3,TIGHTBLOCK50,2,142,0.9928601980209351,0.007139801979064941,0.11949822306632996,128,True,False,False,False
STRAIN_000916,3,TIGHTBLOCK50,3,242,0.9927979111671448,0.007202088832855225,0.12001745402812958,128,True,False,False,False
STRAIN_000916,3,TIGHTBLOCK50,4,342,0.993370532989502,0.006629467010498047,0.11514852941036224,128,True,False,False,False
STRAIN_000916,3,TIGHTBLOCK50,5,442,0.9935241341590881,0.006475865840911865,0.11380705237388611,128,True,False,False,False
STRAIN_000923,3,TIGHTBLOCK50,1,42,0.9946427345275879,0.005357265472412109,0.10351041704416275,128,True,False,False,False
STRAIN_000923,3,TIGHTBLOCK50,2,142,0.9939037561416626,0.006096243858337402,0.11042017489671707,128,True,False,False,False
STRAIN_000923,3,TIGHTBLOCK50,3,242,0.9945169687271118,0.005483031272888184,0.10471862554550171,128,True,False,False,False
STRAIN_000923,3,TIGHTBLOCK50,4,342,0.9955763816833496,0.004423618316650391,0.09405983239412308,128,True,False,False,False
STRAIN_000923,3,TIGHTBLOCK50,5,442,0.9941010475158691,0.005898952484130859,0.10861795395612717,128,True,False,False,False
STRAIN_000926,3,TIGHTBLOCK50,1,42,0.9907025098800659,0.009297490119934082,0.13636353611946106,128,True,False,False,False
STRAIN_000926,3,TIGHTBLOCK50,2,142,0.9943329095840454,0.00566709041595459,0.10646169632673264,128,True,False,False,False
STRAIN_000926,3,TIGHTBLOCK50,3,242,0.995034396648407,0.004965603351593018,0.09965507686138153,128,True,False,False,False
STRAIN_000926,3,TIGHTBLOCK50,4,342,0.99467933177948,0.0053206682205200195,0.10315699875354767,128,True,False,False,False
STRAIN_000926,3,TIGHTBLOCK50,5,442,0.9915382266044617,0.00846177339553833,0.13009057939052582,128,True,False,False,False
STRAIN_000927,3,TIGHTBLOCK50,1,42,0.9890223145484924,0.010977685451507568,0.14817391335964203,128,True,False,False,False
STRAIN_000927,3,TIGHTBLOCK50,2,142,0.9872632026672363,0.012736797332763672,0.15960414707660675,128,True,False,False,False
STRAIN_000927,3,TIGHTBLOCK50,3,242,0.9866377115249634,0.013362288475036621,0.16347628831863403,128,True,False,False,False
STRAIN_000927,3,TIGHTBLOCK50,4,342,0.9877990484237671,0.01220095157623291,0.156210795044899,128,True,False,False,False
STRAIN_000927,3,TIGHTBLOCK50,5,442,0.9902523756027222,0.009747624397277832,0.13962560892105103,128,True,False,False,False
STRAIN_000938,3,TIGHTBLOCK50,1,42,0.9865037798881531,0.013496220111846924,0.16429349780082703,128,True,False,False,False
STRAIN_000938,3,TIGHTBLOCK50,2,142,0.9854169487953186,0.014583051204681396,0.17078061401844025,128,True,False,False,False
STRAIN_000938,3,TIGHTBLOCK50,3,242,0.9852668046951294,0.014733195304870605,0.17165736854076385,128,True,False,False,False
STRAIN_000938,3,TIGHTBLOCK50,4,342,0.9874634146690369,0.012536585330963135,0.1583450436592102,128,True,False,False,False
STRAIN_000938,3,TIGHTBLOCK50,5,442,0.9857215881347656,0.014278411865234375,0.16898714005947113,128,True,False,False,False
STRAIN_000939,3,TIGHTBLOCK50,1,42,0.9914489984512329,0.00855100154876709,0.13077466189861298,128,True,False,False,False
STRAIN_000939,3,TIGHTBLOCK50,2,142,0.9913971424102783,0.00860285758972168,0.131170853972435,128,True,False,False,False
STRAIN_000939,3,TIGHTBLOCK50,3,242,0.9903513193130493,0.009648680686950684,0.13891495764255524,128,True,False,False,False
STRAIN_000939,3,TIGHTBLOCK50,4,342,0.9918335676193237,0.00816643238067627,0.12779919803142548,128,True,False,False,False
STRAIN_000939,3,TIGHTBLOCK50,5,442,0.9901494383811951,0.009850561618804932,0.14036081731319427,128,True,False,False,False
STRAIN_000943,3,TIGHTBLOCK50,1,42,0.9863576292991638,0.013642370700836182,0.16518132388591766,128,True,False,False,False
STRAIN_000943,3,TIGHTBLOCK50,2,142,0.9874919056892395,0.012508094310760498,0.15816566348075867,128,True,False,False,False
STRAIN_000943,3,TIGHTBLOCK50,3,242,0.9878469109535217,0.012153089046478271,0.15590478479862213,128,True,False,False,False
STRAIN_000943,3,TIGHTBLOCK50,4,342,0.9878932237625122,0.012106776237487793,0.15560802817344666,128,True,False,False,False
STRAIN_000943,3,TIGHTBLOCK50,5,442,0.9864879250526428,0.013512074947357178,0.1643904596567154,128,True,False,False,False
STRAIN_000945,3,TIGHTBLOCK50,1,42,0.9881303906440735,0.011869609355926514,0.15407535433769226,128,True,False,False,False
STRAIN_000945,3,TIGHTBLOCK50,2,142,0.9898638129234314,0.010136187076568604,0.14238086342811584,128,True,False,False,False
STRAIN_000945,3,TIGHTBLOCK50,3,242,0.9900678396224976,0.009932160377502441,0.1409410983324051,128,True,False,False,False
STRAIN_000945,3,TIGHTBLOCK50,4,342,0.9907312393188477,0.009268760681152344,0.1361531913280487,128,True,False,False,False
STRAIN_000945,3,TIGHTBLOCK50,5,442,0.9870671033859253,0.012932896614074707,0.16082821786403656,128,True,False,False,False
STRAIN_000947,3,TIGHTBLOCK50,1,42,0.9773132801055908,0.02268671989440918,0.2130107432603836,128,True,False,False,False
STRAIN_000947,3,TIGHTBLOCK50,2,142,0.9790011048316956,0.020998895168304443,0.20493361353874207,128,True,False,False,False
STRAIN_000947,3,TIGHTBLOCK50,3,242,0.9782764911651611,0.021723508834838867,0.2084396481513977,128,True,False,False,False
STRAIN_000947,3,TIGHTBLOCK50,4,342,0.9768136739730835,0.023186326026916504,0.21534331142902374,128,True,False,False,False
STRAIN_000947,3,TIGHTBLOCK50,5,442,0.9798660278320312,0.02013397216796875,0.20066864788532257,128,True,False,False,False
STRAIN_000948,3,TIGHTBLOCK50,1,42,0.9829040765762329,0.01709592342376709,0.18491019308567047,128,True,False,False,False
STRAIN_000948,3,TIGHTBLOCK50,2,142,0.9946255683898926,0.005374431610107422,0.10367690771818161,128,True,False,False,False
STRAIN_000948,3,TIGHTBLOCK50,3,242,0.9957612752914429,0.004238724708557129,0.09207331389188766,128,True,False,False,False
STRAIN_000948,3,TIGHTBLOCK50,4,342,0.9887174367904663,0.011282563209533691,0.1502172201871872,128,True,False,False,False
STRAIN_000948,3,TIGHTBLOCK50,5,442,0.9947845935821533,0.00521540641784668,0.10213145613670349,128,True,False,False,False
STRAIN_000952,3,TIGHTBLOCK50,1,42,0.9885567426681519,0.011443257331848145,0.15128247439861298,128,True,False,False,False
STRAIN_000952,3,TIGHTBLOCK50,2,142,0.9884964227676392,0.01150357723236084,0.15168091654777527,128,True,False,False,False
STRAIN_000952,3,TIGHTBLOCK50,3,242,0.9909303188323975,0.009069681167602539,0.13468270003795624,128,True,False,False,False
STRAIN_000952,3,TIGHTBLOCK50,4,342,0.9899963140487671,0.01000368595123291,0.1414475440979004,128,True,False,False,False
STRAIN_000952,3,TIGHTBLOCK50,5,442,0.9893283843994141,0.010671615600585938,0.14609332382678986,128,True,False,False,False
STRAIN_000953,3,TIGHTBLOCK50,1,42,0.9858606457710266,0.014139354228973389,0.16816215217113495,128,True,False,False,False
STRAIN_000953,3,TIGHTBLOCK50,2,142,0.9834869503974915,0.016513049602508545,0.18173032999038696,128,True,False,False,False
STRAIN_000953,3,TIGHTBLOCK50,3,242,0.9860066175460815,0.013993382453918457,0.16729184985160828,128,True,False,False,False
STRAIN_000953,3,TIGHTBLOCK50,4,342,0.9862492084503174,0.013750791549682617,0.1658366471529007,128,True,False,False,False
STRAIN_000953,3,TIGHTBLOCK50,5,442,0.9861887693405151,0.013811230659484863,0.16619990766048431,128,True,False,False,False
STRAIN_000964,3,TIGHTBLOCK50,1,42,0.9879611730575562,0.012038826942443848,0.15516982972621918,128,True,False,False,False
STRAIN_000964,3,TIGHTBLOCK50,2,142,0.9910921454429626,0.008907854557037354,0.13347503542900085,128,True,False,False,False
STRAIN_000964,3,TIGHTBLOCK50,3,242,0.988781213760376,0.011218786239624023,0.14979173243045807,128,True,False,False,False
STRAIN_000964,3,TIGHTBLOCK50,4,342,0.990079939365387,0.009920060634613037,0.1408543586730957,128,True,False,False,False
STRAIN_000964,3,TIGHTBLOCK50,5,442,0.9921629428863525,0.007837057113647461,0.12519657611846924,128,True,False,False,False
STRAIN_000989,3,TIGHTBLOCK50,1,42,0.9897829294204712,0.010217070579528809,0.14294779300689697,128,True,False,False,False
STRAIN_000989,3,TIGHTBLOCK50,2,142,0.9886512756347656,0.011348724365234375,0.15065717697143555,128,True,False,False,False
STRAIN_000989,3,TIGHTBLOCK50,3,242,0.9882944226264954,0.011705577373504639,0.15300746262073517,128,True,False,False,False
STRAIN_000989,3,TIGHTBLOCK50,4,342,0.9889910221099854,0.011008977890014648,0.1483846753835678,128,True,False,False,False
STRAIN_000989,3,TIGHTBLOCK50,5,442,0.9896405935287476,0.010359406471252441,0.14394067227840424,128,True,False,False,False
STRAIN_000990,3,TIGHTBLOCK50,1,42,0.9901241064071655,0.009875893592834473,0.14054131507873535,128,True,False,False,False
STRAIN_000990,3,TIGHTBLOCK50,2,142,0.9919850826263428,0.008014917373657227,0.1266084909439087,128,True,False,False,False
STRAIN_000990,3,TIGHTBLOCK50,3,242,0.9888734221458435,0.011126577854156494,0.1491750180721283,128,True,False,False,False
STRAIN_000990,3,TIGHTBLOCK50,4,342,0.989775538444519,0.010224461555480957,0.14299960434436798,128,True,False,False,False
STRAIN_000990,3,TIGHTBLOCK50,5,442,0.989434003829956,0.010565996170043945,0.14536845684051514,128,True,False,False,False
STRAIN_001010,3,TIGHTBLOCK50,1,42,0.9676973819732666,0.0323026180267334,0.25417518615722656,128,True,False,False,False
STRAIN_001010,3,TIGHTBLOCK50,2,142,0.9608221054077148,0.039177894592285156,0.2799210846424103,128,True,False,False,False
STRAIN_001010,3,TIGHTBLOCK50,3,242,0.9681496620178223,0.031850337982177734,0.25238993763923645,128,True,False,False,False
STRAIN_001010,3,TIGHTBLOCK50,4,342,0.9643394947052002,0.035660505294799805,0.26705968379974365,128,True,False,False,False
STRAIN_001010,3,TIGHTBLOCK50,5,442,0.9650095701217651,0.03499042987823486,0.26453882455825806,128,True,False,False,False
STRAIN_001011,3,TIGHTBLOCK50,1,42,0.9895660877227783,0.01043391227722168,0.14445717632770538,128,True,False,False,False
STRAIN_001011,3,TIGHTBLOCK50,2,142,0.9920671582221985,0.007932841777801514,0.12595880031585693,128,True,False,False,False
STRAIN_001011,3,TIGHTBLOCK50,3,242,0.9925253391265869,0.007474660873413086,0.12226704508066177,128,True,False,False,False
STRAIN_001011,3,TIGHTBLOCK50,4,342,0.9935518503189087,0.006448149681091309,0.11356183886528015,128,True,False,False,False
STRAIN_001011,3,TIGHTBLOCK50,5,442,0.994136393070221,0.005863606929779053,0.1082920953631401,128,True,False,False,False
STRAIN_001012,3,TIGHTBLOCK50,1,42,0.9888476133346558,0.011152386665344238,0.14934848248958588,128,True,False,False,False
STRAIN_001012,3,TIGHTBLOCK50,2,142,0.9900784492492676,0.009921550750732422,0.14086508750915527,128,True,False,False,False
STRAIN_001012,3,TIGHTBLOCK50,3,242,0.9895637631416321,0.01043623685836792,0.14447274804115295,128,True,False,False,False
STRAIN_001012,3,TIGHTBLOCK50,4,342,0.9905670881271362,0.00943291187286377,0.13735395669937134,128,True,False,False,False
STRAIN_001012,3,TIGHTBLOCK50,5,442,0.9898688197135925,0.01013118028640747,0.14234650135040283,128,True,False,False,False
STRAIN_001022,3,TIGHTBLOCK50,1,42,0.9890811443328857,0.010918855667114258,0.1477760225534439,128,True,False,False,False
STRAIN_001022,3,TIGHTBLOCK50,2,142,0.988014817237854,0.011985182762145996,0.15482375025749207,128,True,False,False,False
STRAIN_001022,3,TIGHTBLOCK50,3,242,0.9905939102172852,0.009406089782714844,0.13715825974941254,128,True,False,False,False
STRAIN_001022,3,TIGHTBLOCK50,4,342,0.989910364151001,0.010089635848999023,0.14205393195152283,128,True,False,False,False
STRAIN_001022,3,TIGHTBLOCK50,5,442,0.9899551868438721,0.01004481315612793,0.14173753559589386,128,True,False,False,False
