strain_entity_id,outer_fold,control_type,replicate,seed,cosine_true_control,embedding_displacement,l2_distance,embedding_dimension,fold_matched_encoder,phenotype_labels_used,encoder_retrained,encoder_finetuned
STRAIN_000006,5,GLOBAL_CONTIG,1,42,0.7687821388244629,0.2312178611755371,0.680026113986969,128,True,False,False,False
STRAIN_000006,5,GLOBAL_CONTIG,2,142,0.7935966849327087,0.20640331506729126,0.6425002217292786,128,True,False,False,False
STRAIN_000006,5,GLOBAL_CONTIG,3,242,0.8049160242080688,0.19508397579193115,0.6246340870857239,128,True,False,False,False
STRAIN_000006,5,GLOBAL_CONTIG,4,342,0.8196879625320435,0.18031203746795654,0.6005197167396545,128,True,False,False,False
STRAIN_000006,5,GLOBAL_CONTIG,5,442,0.7613619565963745,0.2386380434036255,0.6908515691757202,128,True,False,False,False
STRAIN_000007,5,GLOBAL_CONTIG,1,42,0.7352054119110107,0.26479458808898926,0.7277288436889648,128,True,False,False,False
STRAIN_000007,5,GLOBAL_CONTIG,2,142,0.7303389310836792,0.2696610689163208,0.73438560962677,128,True,False,False,False
STRAIN_000007,5,GLOBAL_CONTIG,3,242,0.7353652715682983,0.26463472843170166,0.727509081363678,128,True,False,False,False
STRAIN_000007,5,GLOBAL_CONTIG,4,342,0.7583305239677429,0.24166947603225708,0.6952258348464966,128,True,False,False,False
STRAIN_000007,5,GLOBAL_CONTIG,5,442,0.7458078861236572,0.2541921138763428,0.7130107879638672,128,True,False,False,False
STRAIN_000008,5,GLOBAL_CONTIG,1,42,0.752129077911377,0.24787092208862305,0.704089343547821,128,True,False,False,False
STRAIN_000008,5,GLOBAL_CONTIG,2,142,0.7327544093132019,0.2672455906867981,0.7310889959335327,128,True,False,False,False
STRAIN_000008,5,GLOBAL_CONTIG,3,242,0.7520376443862915,0.2479623556137085,0.7042189836502075,128,True,False,False,False
STRAIN_000008,5,GLOBAL_CONTIG,4,342,0.7510170340538025,0.2489829659461975,0.7056668996810913,128,True,False,False,False
STRAIN_000008,5,GLOBAL_CONTIG,5,442,0.7492057681083679,0.2507942318916321,0.7082289457321167,128,True,False,False,False
STRAIN_000009,5,GLOBAL_CONTIG,1,42,0.7117358446121216,0.2882641553878784,0.7592945694923401,128,True,False,False,False
STRAIN_000009,5,GLOBAL_CONTIG,2,142,0.7084458470344543,0.29155415296554565,0.7636153101921082,128,True,False,False,False
STRAIN_000009,5,GLOBAL_CONTIG,3,242,0.7063032984733582,0.29369670152664185,0.7664160132408142,128,True,False,False,False
STRAIN_000009,5,GLOBAL_CONTIG,4,342,0.7208056449890137,0.27919435501098633,0.7472541332244873,128,True,False,False,False
STRAIN_000009,5,GLOBAL_CONTIG,5,442,0.7463335394859314,0.2536664605140686,0.7122730612754822,128,True,False,False,False
STRAIN_000010,5,GLOBAL_CONTIG,1,42,0.7045760154724121,0.2954239845275879,0.7686664462089539,128,True,False,False,False
STRAIN_000010,5,GLOBAL_CONTIG,2,142,0.7405341863632202,0.2594658136367798,0.7203691601753235,128,True,False,False,False
STRAIN_000010,5,GLOBAL_CONTIG,3,242,0.7379608154296875,0.2620391845703125,0.7239325642585754,128,True,False,False,False
STRAIN_000010,5,GLOBAL_CONTIG,4,342,0.7586042881011963,0.2413957118988037,0.6948320269584656,128,True,False,False,False
STRAIN_000010,5,GLOBAL_CONTIG,5,442,0.7377694845199585,0.2622305154800415,0.7241967916488647,128,True,False,False,False
STRAIN_000011,5,GLOBAL_CONTIG,1,42,0.7393735647201538,0.2606264352798462,0.7219784259796143,128,True,False,False,False
STRAIN_000011,5,GLOBAL_CONTIG,2,142,0.7480143308639526,0.25198566913604736,0.7099092602729797,128,True,False,False,False
STRAIN_000011,5,GLOBAL_CONTIG,3,242,0.7421430349349976,0.25785696506500244,0.7181321978569031,128,True,False,False,False
STRAIN_000011,5,GLOBAL_CONTIG,4,342,0.7068207263946533,0.2931792736053467,0.7657405734062195,128,True,False,False,False
STRAIN_000011,5,GLOBAL_CONTIG,5,442,0.723258912563324,0.276741087436676,0.7439637184143066,128,True,False,False,False
STRAIN_000018,5,GLOBAL_CONTIG,1,42,0.6786719560623169,0.3213280439376831,0.8016582727432251,128,True,False,False,False
STRAIN_000018,5,GLOBAL_CONTIG,2,142,0.6970257759094238,0.30297422409057617,0.7784267663955688,128,True,False,False,False
STRAIN_000018,5,GLOBAL_CONTIG,3,242,0.7235848903656006,0.2764151096343994,0.7435253262519836,128,True,False,False,False
STRAIN_000018,5,GLOBAL_CONTIG,4,342,0.6998711228370667,0.30012887716293335,0.7747628688812256,128,True,False,False,False
STRAIN_000018,5,GLOBAL_CONTIG,5,442,0.6750156879425049,0.3249843120574951,0.806206226348877,128,True,False,False,False
STRAIN_000019,5,GLOBAL_CONTIG,1,42,0.6542586088180542,0.3457413911819458,0.8315544724464417,128,True,False,False,False
STRAIN_000019,5,GLOBAL_CONTIG,2,142,0.6753660440444946,0.32463395595550537,0.8057716488838196,128,True,False,False,False
STRAIN_000019,5,GLOBAL_CONTIG,3,242,0.6949223279953003,0.3050776720046997,0.7811244130134583,128,True,False,False,False
STRAIN_000019,5,GLOBAL_CONTIG,4,342,0.6788920164108276,0.32110798358917236,0.8013837933540344,128,True,False,False,False
STRAIN_000019,5,GLOBAL_CONTIG,5,442,0.7010341882705688,0.29896581172943115,0.7732604146003723,128,True,False,False,False
STRAIN_000020,5,GLOBAL_CONTIG,1,42,0.6803390979766846,0.31966090202331543,0.7995760440826416,128,True,False,False,False
STRAIN_000020,5,GLOBAL_CONTIG,2,142,0.6925525665283203,0.3074474334716797,0.7841523289680481,128,True,False,False,False
STRAIN_000020,5,GLOBAL_CONTIG,3,242,0.7132799029350281,0.2867200970649719,0.7572582364082336,128,True,False,False,False
STRAIN_000020,5,GLOBAL_CONTIG,4,342,0.7576776742935181,0.24232232570648193,0.6961641907691956,128,True,False,False,False
STRAIN_000020,5,GLOBAL_CONTIG,5,442,0.6949819326400757,0.3050180673599243,0.7810479998588562,128,True,False,False,False
STRAIN_000021,5,GLOBAL_CONTIG,1,42,0.7186330556869507,0.2813669443130493,0.7501558065414429,128,True,False,False,False
STRAIN_000021,5,GLOBAL_CONTIG,2,142,0.7153811454772949,0.2846188545227051,0.7544784545898438,128,True,False,False,False
STRAIN_000021,5,GLOBAL_CONTIG,3,242,0.6115078926086426,0.3884921073913574,0.8814671039581299,128,True,False,False,False
STRAIN_000021,5,GLOBAL_CONTIG,4,342,0.6953686475753784,0.3046313524246216,0.7805528044700623,128,True,False,False,False
STRAIN_000021,5,GLOBAL_CONTIG,5,442,0.6626781225204468,0.3373218774795532,0.8213670253753662,128,True,False,False,False
STRAIN_000023,5,GLOBAL_CONTIG,1,42,0.6346885561943054,0.3653114438056946,0.8547648191452026,128,True,False,False,False
STRAIN_000023,5,GLOBAL_CONTIG,2,142,0.6729558110237122,0.32704418897628784,0.8087572455406189,128,True,False,False,False
STRAIN_000023,5,GLOBAL_CONTIG,3,242,0.6240893006324768,0.3759106993675232,0.8670762777328491,128,True,False,False,False
STRAIN_000023,5,GLOBAL_CONTIG,4,342,0.6751258373260498,0.3248741626739502,0.8060697317123413,128,True,False,False,False
STRAIN_000023,5,GLOBAL_CONTIG,5,442,0.6773990988731384,0.3226009011268616,0.8032444715499878,128,True,False,False,False
STRAIN_000024,5,GLOBAL_CONTIG,1,42,0.704796552658081,0.29520344734191895,0.7683794498443604,128,True,False,False,False
STRAIN_000024,5,GLOBAL_CONTIG,2,142,0.7081997990608215,0.29180020093917847,0.7639374136924744,128,True,False,False,False
STRAIN_000024,5,GLOBAL_CONTIG,3,242,0.6735051870346069,0.32649481296539307,0.8080777525901794,128,True,False,False,False
STRAIN_000024,5,GLOBAL_CONTIG,4,342,0.7140377163887024,0.2859622836112976,0.7562569379806519,128,True,False,False,False
STRAIN_000024,5,GLOBAL_CONTIG,5,442,0.6980646252632141,0.3019353747367859,0.7770912647247314,128,True,False,False,False
STRAIN_000036,5,GLOBAL_CONTIG,1,42,0.5768508911132812,0.42314910888671875,0.9199445843696594,128,True,False,False,False
STRAIN_000036,5,GLOBAL_CONTIG,2,142,0.6072158813476562,0.39278411865234375,0.8863228559494019,128,True,False,False,False
STRAIN_000036,5,GLOBAL_CONTIG,3,242,0.5932745933532715,0.4067254066467285,0.9019150137901306,128,True,False,False,False
STRAIN_000036,5,GLOBAL_CONTIG,4,342,0.6215556263923645,0.3784443736076355,0.8699935078620911,128,True,False,False,False
STRAIN_000036,5,GLOBAL_CONTIG,5,442,0.6123521327972412,0.3876478672027588,0.8805088400840759,128,True,False,False,False
STRAIN_000038,5,GLOBAL_CONTIG,1,42,0.6232562065124512,0.37674379348754883,0.8680365681648254,128,True,False,False,False
STRAIN_000038,5,GLOBAL_CONTIG,2,142,0.6424460411071777,0.35755395889282227,0.8456404209136963,128,True,False,False,False
STRAIN_000038,5,GLOBAL_CONTIG,3,242,0.668188214302063,0.331811785697937,0.814630925655365,128,True,False,False,False
STRAIN_000038,5,GLOBAL_CONTIG,4,342,0.6437916159629822,0.3562083840370178,0.8440477252006531,128,True,False,False,False
STRAIN_000038,5,GLOBAL_CONTIG,5,442,0.6541934013366699,0.3458065986633301,0.8316327333450317,128,True,False,False,False
STRAIN_000039,5,GLOBAL_CONTIG,1,42,0.584753692150116,0.41524630784988403,0.9113136529922485,128,True,False,False,False
STRAIN_000039,5,GLOBAL_CONTIG,2,142,0.6136573553085327,0.3863426446914673,0.8790251016616821,128,True,False,False,False
STRAIN_000039,5,GLOBAL_CONTIG,3,242,0.6072765588760376,0.3927234411239624,0.8862544298171997,128,True,False,False,False
STRAIN_000039,5,GLOBAL_CONTIG,4,342,0.5963531136512756,0.40364688634872437,0.8984953761100769,128,True,False,False,False
STRAIN_000039,5,GLOBAL_CONTIG,5,442,0.5852288007736206,0.4147711992263794,0.9107921719551086,128,True,False,False,False
STRAIN_000041,5,GLOBAL_CONTIG,1,42,0.6791053414344788,0.32089465856552124,0.8011175394058228,128,True,False,False,False
STRAIN_000041,5,GLOBAL_CONTIG,2,142,0.6333621740341187,0.36663782596588135,0.8563151359558105,128,True,False,False,False
STRAIN_000041,5,GLOBAL_CONTIG,3,242,0.6214969158172607,0.37850308418273926,0.8700609803199768,128,True,False,False,False
STRAIN_000041,5,GLOBAL_CONTIG,4,342,0.6672030687332153,0.33279693126678467,0.8158392906188965,128,True,False,False,False
STRAIN_000041,5,GLOBAL_CONTIG,5,442,0.6476062536239624,0.3523937463760376,0.8395162224769592,128,True,False,False,False
STRAIN_000042,5,GLOBAL_CONTIG,1,42,0.5952194929122925,0.4047805070877075,0.8997560739517212,128,True,False,False,False
STRAIN_000042,5,GLOBAL_CONTIG,2,142,0.6765331029891968,0.3234668970108032,0.8043218851089478,128,True,False,False,False
STRAIN_000042,5,GLOBAL_CONTIG,3,242,0.6290654540061951,0.37093454599380493,0.8613181710243225,128,True,False,False,False
STRAIN_000042,5,GLOBAL_CONTIG,4,342,0.6415419578552246,0.3584580421447754,0.8467089533805847,128,True,False,False,False
STRAIN_000042,5,GLOBAL_CONTIG,5,442,0.6345108151435852,0.3654891848564148,0.854972779750824,128,True,False,False,False
STRAIN_000056,5,GLOBAL_CONTIG,1,42,0.6327265501022339,0.3672734498977661,0.8570570945739746,128,True,False,False,False
STRAIN_000056,5,GLOBAL_CONTIG,2,142,0.6894838809967041,0.3105161190032959,0.7880558967590332,128,True,False,False,False
STRAIN_000056,5,GLOBAL_CONTIG,3,242,0.6794115304946899,0.32058846950531006,0.8007352352142334,128,True,False,False,False
STRAIN_000056,5,GLOBAL_CONTIG,4,342,0.6656007766723633,0.3343992233276367,0.8178009390830994,128,True,False,False,False
STRAIN_000056,5,GLOBAL_CONTIG,5,442,0.6661778688430786,0.3338221311569214,0.8170949220657349,128,True,False,False,False
STRAIN_000057,5,GLOBAL_CONTIG,1,42,0.6583808064460754,0.34161919355392456,0.8265823125839233,128,True,False,False,False
STRAIN_000057,5,GLOBAL_CONTIG,2,142,0.6154052019119263,0.38459479808807373,0.8770345449447632,128,True,False,False,False
STRAIN_000057,5,GLOBAL_CONTIG,3,242,0.6293068528175354,0.3706931471824646,0.8610379099845886,128,True,False,False,False
STRAIN_000057,5,GLOBAL_CONTIG,4,342,0.616538405418396,0.383461594581604,0.8757414221763611,128,True,False,False,False
STRAIN_000057,5,GLOBAL_CONTIG,5,442,0.6043844223022461,0.3956155776977539,0.88951176404953,128,True,False,False,False
STRAIN_000062,5,GLOBAL_CONTIG,1,42,0.6358438730239868,0.3641561269760132,0.8534122109413147,128,True,False,False,False
STRAIN_000062,5,GLOBAL_CONTIG,2,142,0.6548212766647339,0.3451787233352661,0.8308774828910828,128,True,False,False,False
STRAIN_000062,5,GLOBAL_CONTIG,3,242,0.5831713676452637,0.41682863235473633,0.9130483269691467,128,True,False,False,False
STRAIN_000062,5,GLOBAL_CONTIG,4,342,0.621261477470398,0.37873852252960205,0.8703315258026123,128,True,False,False,False
STRAIN_000062,5,GLOBAL_CONTIG,5,442,0.6270767450332642,0.37292325496673584,0.8636240363121033,128,True,False,False,False
STRAIN_000064,5,GLOBAL_CONTIG,1,42,0.6917263269424438,0.30827367305755615,0.7852053046226501,128,True,False,False,False
STRAIN_000064,5,GLOBAL_CONTIG,2,142,0.7409486174583435,0.2590513825416565,0.7197936177253723,128,True,False,False,False
STRAIN_000064,5,GLOBAL_CONTIG,3,242,0.700987696647644,0.29901230335235596,0.7733205556869507,128,True,False,False,False
STRAIN_000064,5,GLOBAL_CONTIG,4,342,0.7470977306365967,0.2529022693634033,0.7111994624137878,128,True,False,False,False
STRAIN_000064,5,GLOBAL_CONTIG,5,442,0.6930131912231445,0.30698680877685547,0.7835646867752075,128,True,False,False,False
STRAIN_000072,5,GLOBAL_CONTIG,1,42,0.7668852210044861,0.23311477899551392,0.6828100681304932,128,True,False,False,False
STRAIN_000072,5,GLOBAL_CONTIG,2,142,0.722659707069397,0.277340292930603,0.7447687387466431,128,True,False,False,False
STRAIN_000072,5,GLOBAL_CONTIG,3,242,0.7472516298294067,0.25274837017059326,0.7109829187393188,128,True,False,False,False
STRAIN_000072,5,GLOBAL_CONTIG,4,342,0.6419200897216797,0.3580799102783203,0.8462622761726379,128,True,False,False,False
STRAIN_000072,5,GLOBAL_CONTIG,5,442,0.7020578980445862,0.2979421019554138,0.7719353437423706,128,True,False,False,False
STRAIN_000079,5,GLOBAL_CONTIG,1,42,0.7009326219558716,0.2990673780441284,0.7733916640281677,128,True,False,False,False
STRAIN_000079,5,GLOBAL_CONTIG,2,142,0.7441762685775757,0.2558237314224243,0.7152953743934631,128,True,False,False,False
STRAIN_000079,5,GLOBAL_CONTIG,3,242,0.6592409014701843,0.3407590985298157,0.8255411386489868,128,True,False,False,False
STRAIN_000079,5,GLOBAL_CONTIG,4,342,0.6855120658874512,0.31448793411254883,0.7930799722671509,128,True,False,False,False
STRAIN_000079,5,GLOBAL_CONTIG,5,442,0.722057580947876,0.277942419052124,0.7455769181251526,128,True,False,False,False
STRAIN_000081,5,GLOBAL_CONTIG,1,42,0.6877708435058594,0.3122291564941406,0.7902266979217529,128,True,False,False,False
STRAIN_000081,5,GLOBAL_CONTIG,2,142,0.7498995661735535,0.25010043382644653,0.7072486877441406,128,True,False,False,False
STRAIN_000081,5,GLOBAL_CONTIG,3,242,0.7622814178466797,0.2377185821533203,0.6895195841789246,128,True,False,False,False
STRAIN_000081,5,GLOBAL_CONTIG,4,342,0.7733155488967896,0.22668445110321045,0.6733267903327942,128,True,False,False,False
STRAIN_000081,5,GLOBAL_CONTIG,5,442,0.787461519241333,0.212538480758667,0.6519793272018433,128,True,False,False,False
STRAIN_000086,5,GLOBAL_CONTIG,1,42,0.7869831323623657,0.21301686763763428,0.6527126431465149,128,True,False,False,False
STRAIN_000086,5,GLOBAL_CONTIG,2,142,0.6431224346160889,0.35687756538391113,0.8448402881622314,128,True,False,False,False
STRAIN_000086,5,GLOBAL_CONTIG,3,242,0.7129422426223755,0.2870577573776245,0.7577041983604431,128,True,False,False,False
STRAIN_000086,5,GLOBAL_CONTIG,4,342,0.5237250328063965,0.4762749671936035,0.9759867191314697,128,True,False,False,False
STRAIN_000086,5,GLOBAL_CONTIG,5,442,0.5854789018630981,0.41452109813690186,0.9105175733566284,128,True,False,False,False
STRAIN_000091,5,GLOBAL_CONTIG,1,42,0.6425416469573975,0.35745835304260254,0.8455275893211365,128,True,False,False,False
STRAIN_000091,5,GLOBAL_CONTIG,2,142,0.6720148324966431,0.32798516750335693,0.8099200129508972,128,True,False,False,False
STRAIN_000091,5,GLOBAL_CONTIG,3,242,0.6383597254753113,0.3616402745246887,0.8504590392112732,128,True,False,False,False
STRAIN_000091,5,GLOBAL_CONTIG,4,342,0.613990068435669,0.38600993156433105,0.8786466717720032,128,True,False,False,False
STRAIN_000091,5,GLOBAL_CONTIG,5,442,0.6365018486976624,0.36349815130233765,0.8526408672332764,128,True,False,False,False
STRAIN_000092,5,GLOBAL_CONTIG,1,42,0.565197229385376,0.434802770614624,0.9325264096260071,128,True,False,False,False
STRAIN_000092,5,GLOBAL_CONTIG,2,142,0.5581395030021667,0.44186049699783325,0.9400644302368164,128,True,False,False,False
STRAIN_000092,5,GLOBAL_CONTIG,3,242,0.5503191351890564,0.4496808648109436,0.9483468532562256,128,True,False,False,False
STRAIN_000092,5,GLOBAL_CONTIG,4,342,0.5639188289642334,0.4360811710357666,0.9338963627815247,128,True,False,False,False
STRAIN_000092,5,GLOBAL_CONTIG,5,442,0.5264749526977539,0.4735250473022461,0.973164975643158,128,True,False,False,False
STRAIN_000096,5,GLOBAL_CONTIG,1,42,0.6942832469940186,0.30571675300598145,0.7819421291351318,128,True,False,False,False
STRAIN_000096,5,GLOBAL_CONTIG,2,142,0.6981220245361328,0.3018779754638672,0.77701735496521,128,True,False,False,False
STRAIN_000096,5,GLOBAL_CONTIG,3,242,0.7091902494430542,0.2908097505569458,0.7626398205757141,128,True,False,False,False
STRAIN_000096,5,GLOBAL_CONTIG,4,342,0.7138658165931702,0.28613418340682983,0.7564841508865356,128,True,False,False,False
STRAIN_000096,5,GLOBAL_CONTIG,5,442,0.6954445242881775,0.3045554757118225,0.7804555892944336,128,True,False,False,False
STRAIN_000102,5,GLOBAL_CONTIG,1,42,0.4979744255542755,0.5020255744457245,1.0020235776901245,128,True,False,False,False
STRAIN_000102,5,GLOBAL_CONTIG,2,142,0.5230529308319092,0.4769470691680908,0.9766750335693359,128,True,False,False,False
STRAIN_000102,5,GLOBAL_CONTIG,3,242,0.5524641275405884,0.4475358724594116,0.9460824131965637,128,True,False,False,False
STRAIN_000102,5,GLOBAL_CONTIG,4,342,0.5062866806983948,0.4937133193016052,0.993693470954895,128,True,False,False,False
STRAIN_000102,5,GLOBAL_CONTIG,5,442,0.5637829303741455,0.4362170696258545,0.9340417981147766,128,True,False,False,False
STRAIN_000105,5,GLOBAL_CONTIG,1,42,0.5831841826438904,0.4168158173561096,0.9130342602729797,128,True,False,False,False
STRAIN_000105,5,GLOBAL_CONTIG,2,142,0.5873031616210938,0.41269683837890625,0.9085116982460022,128,True,False,False,False
STRAIN_000105,5,GLOBAL_CONTIG,3,242,0.6134271025657654,0.3865728974342346,0.8792871236801147,128,True,False,False,False
STRAIN_000105,5,GLOBAL_CONTIG,4,342,0.6102471947669983,0.3897528052330017,0.8828961253166199,128,True,False,False,False
STRAIN_000105,5,GLOBAL_CONTIG,5,442,0.5837405323982239,0.4162594676017761,0.9124248027801514,128,True,False,False,False
STRAIN_000111,5,GLOBAL_CONTIG,1,42,0.8181238174438477,0.18187618255615234,0.6031189560890198,128,True,False,False,False
STRAIN_000111,5,GLOBAL_CONTIG,2,142,0.8246644735336304,0.17533552646636963,0.5921750068664551,128,True,False,False,False
STRAIN_000111,5,GLOBAL_CONTIG,3,242,0.8239225149154663,0.1760774850845337,0.5934264063835144,128,True,False,False,False
STRAIN_000111,5,GLOBAL_CONTIG,4,342,0.8205949068069458,0.1794050931930542,0.599007785320282,128,True,False,False,False
STRAIN_000111,5,GLOBAL_CONTIG,5,442,0.8246723413467407,0.17532765865325928,0.5921617150306702,128,True,False,False,False
STRAIN_000116,5,GLOBAL_CONTIG,1,42,0.8070029616355896,0.1929970383644104,0.6212841272354126,128,True,False,False,False
STRAIN_000116,5,GLOBAL_CONTIG,2,142,0.8203248977661133,0.17967510223388672,0.5994582772254944,128,True,False,False,False
STRAIN_000116,5,GLOBAL_CONTIG,3,242,0.805537223815918,0.19446277618408203,0.623638927936554,128,True,False,False,False
STRAIN_000116,5,GLOBAL_CONTIG,4,342,0.8074133992195129,0.19258660078048706,0.6206232309341431,128,True,False,False,False
STRAIN_000116,5,GLOBAL_CONTIG,5,442,0.8136250972747803,0.18637490272521973,0.6105323433876038,128,True,False,False,False
STRAIN_000117,5,GLOBAL_CONTIG,1,42,0.9050152897834778,0.09498471021652222,0.4358547329902649,128,True,False,False,False
STRAIN_000117,5,GLOBAL_CONTIG,2,142,0.9025171995162964,0.09748280048370361,0.4415491819381714,128,True,False,False,False
STRAIN_000117,5,GLOBAL_CONTIG,3,242,0.9040035009384155,0.09599649906158447,0.43817010521888733,128,True,False,False,False
STRAIN_000117,5,GLOBAL_CONTIG,4,342,0.8995883464813232,0.10041165351867676,0.4481332004070282,128,True,False,False,False
STRAIN_000117,5,GLOBAL_CONTIG,5,442,0.8991147875785828,0.10088521242141724,0.44918859004974365,128,True,False,False,False
STRAIN_000135,5,GLOBAL_CONTIG,1,42,0.6001479029655457,0.39985209703445435,0.89426189661026,128,True,False,False,False
STRAIN_000135,5,GLOBAL_CONTIG,2,142,0.6108478903770447,0.3891521096229553,0.8822154998779297,128,True,False,False,False
STRAIN_000135,5,GLOBAL_CONTIG,3,242,0.5894405245780945,0.4105594754219055,0.9061561822891235,128,True,False,False,False
STRAIN_000135,5,GLOBAL_CONTIG,4,342,0.6132112741470337,0.3867887258529663,0.8795326352119446,128,True,False,False,False
STRAIN_000135,5,GLOBAL_CONTIG,5,442,0.6397678852081299,0.3602321147918701,0.8488017320632935,128,True,False,False,False
STRAIN_000146,5,GLOBAL_CONTIG,1,42,0.8061703443527222,0.19382965564727783,0.6226229071617126,128,True,False,False,False
STRAIN_000146,5,GLOBAL_CONTIG,2,142,0.7908889055252075,0.20911109447479248,0.6467010378837585,128,True,False,False,False
STRAIN_000146,5,GLOBAL_CONTIG,3,242,0.7984244227409363,0.20157557725906372,0.6349418759346008,128,True,False,False,False
STRAIN_000146,5,GLOBAL_CONTIG,4,342,0.7880163192749023,0.21198368072509766,0.651127815246582,128,True,False,False,False
STRAIN_000146,5,GLOBAL_CONTIG,5,442,0.7852925062179565,0.21470749378204346,0.6552976965904236,128,True,False,False,False
STRAIN_000147,5,GLOBAL_CONTIG,1,42,0.7536090612411499,0.2463909387588501,0.7019842863082886,128,True,False,False,False
STRAIN_000147,5,GLOBAL_CONTIG,2,142,0.7156378626823425,0.28436213731765747,0.7541382312774658,128,True,False,False,False
STRAIN_000147,5,GLOBAL_CONTIG,3,242,0.7403321266174316,0.25966787338256836,0.7206495404243469,128,True,False,False,False
STRAIN_000147,5,GLOBAL_CONTIG,4,342,0.741452693939209,0.258547306060791,0.7190929055213928,128,True,False,False,False
STRAIN_000147,5,GLOBAL_CONTIG,5,442,0.7487300038337708,0.25126999616622925,0.7089005708694458,128,True,False,False,False
STRAIN_000148,5,GLOBAL_CONTIG,1,42,0.7029416561126709,0.2970583438873291,0.770789623260498,128,True,False,False,False
STRAIN_000148,5,GLOBAL_CONTIG,2,142,0.7098880410194397,0.2901119589805603,0.7617242336273193,128,True,False,False,False
STRAIN_000148,5,GLOBAL_CONTIG,3,242,0.6639832854270935,0.3360167145729065,0.8197765350341797,128,True,False,False,False
STRAIN_000148,5,GLOBAL_CONTIG,4,342,0.6790416836738586,0.32095831632614136,0.8011968731880188,128,True,False,False,False
STRAIN_000148,5,GLOBAL_CONTIG,5,442,0.6822764873504639,0.31772351264953613,0.7971493005752563,128,True,False,False,False
STRAIN_000151,5,GLOBAL_CONTIG,1,42,0.5753902196884155,0.4246097803115845,0.9215311408042908,128,True,False,False,False
STRAIN_000151,5,GLOBAL_CONTIG,2,142,0.5553528070449829,0.4446471929550171,0.9430241584777832,128,True,False,False,False
STRAIN_000151,5,GLOBAL_CONTIG,3,242,0.5884096622467041,0.4115903377532959,0.9072930812835693,128,True,False,False,False
STRAIN_000151,5,GLOBAL_CONTIG,4,342,0.5713135600090027,0.4286864399909973,0.9259443879127502,128,True,False,False,False
STRAIN_000151,5,GLOBAL_CONTIG,5,442,0.6080355644226074,0.3919644355773926,0.8853976726531982,128,True,False,False,False
STRAIN_000157,5,GLOBAL_CONTIG,1,42,0.6169106960296631,0.3830893039703369,0.8753162622451782,128,True,False,False,False
STRAIN_000157,5,GLOBAL_CONTIG,2,142,0.6001392602920532,0.3998607397079468,0.8942714929580688,128,True,False,False,False
STRAIN_000157,5,GLOBAL_CONTIG,3,242,0.6087167859077454,0.39128321409225464,0.8846278190612793,128,True,False,False,False
STRAIN_000157,5,GLOBAL_CONTIG,4,342,0.6224563717842102,0.3775436282157898,0.8689576387405396,128,True,False,False,False
STRAIN_000157,5,GLOBAL_CONTIG,5,442,0.595266580581665,0.40473341941833496,0.8997036218643188,128,True,False,False,False
STRAIN_000167,5,GLOBAL_CONTIG,1,42,0.7214785814285278,0.27852141857147217,0.7463529706001282,128,True,False,False,False
STRAIN_000167,5,GLOBAL_CONTIG,2,142,0.7196236848831177,0.2803763151168823,0.7488341927528381,128,True,False,False,False
STRAIN_000167,5,GLOBAL_CONTIG,3,242,0.7187204957008362,0.2812795042991638,0.750039279460907,128,True,False,False,False
STRAIN_000167,5,GLOBAL_CONTIG,4,342,0.7444794774055481,0.2555205225944519,0.7148712873458862,128,True,False,False,False
STRAIN_000167,5,GLOBAL_CONTIG,5,442,0.7145218849182129,0.2854781150817871,0.7556164264678955,128,True,False,False,False
STRAIN_000169,5,GLOBAL_CONTIG,1,42,0.6871678829193115,0.3128321170806885,0.7909894585609436,128,True,False,False,False
STRAIN_000169,5,GLOBAL_CONTIG,2,142,0.6567174196243286,0.3432825803756714,0.8285923004150391,128,True,False,False,False
STRAIN_000169,5,GLOBAL_CONTIG,3,242,0.6708508729934692,0.32914912700653076,0.8113557696342468,128,True,False,False,False
STRAIN_000169,5,GLOBAL_CONTIG,4,342,0.669023871421814,0.33097612857818604,0.813604474067688,128,True,False,False,False
STRAIN_000169,5,GLOBAL_CONTIG,5,442,0.6799455881118774,0.32005441188812256,0.8000679612159729,128,True,False,False,False
STRAIN_000178,5,GLOBAL_CONTIG,1,42,0.6612359881401062,0.3387640118598938,0.8231209516525269,128,True,False,False,False
STRAIN_000178,5,GLOBAL_CONTIG,2,142,0.7022372484207153,0.29776275157928467,0.7717031240463257,128,True,False,False,False
STRAIN_000178,5,GLOBAL_CONTIG,3,242,0.6891988515853882,0.3108011484146118,0.788417637348175,128,True,False,False,False
STRAIN_000178,5,GLOBAL_CONTIG,4,342,0.6958799362182617,0.3041200637817383,0.7798976898193359,128,True,False,False,False
STRAIN_000178,5,GLOBAL_CONTIG,5,442,0.685630202293396,0.314369797706604,0.792931079864502,128,True,False,False,False
STRAIN_000180,5,GLOBAL_CONTIG,1,42,0.5366138219833374,0.4633861780166626,0.9626901745796204,128,True,False,False,False
STRAIN_000180,5,GLOBAL_CONTIG,2,142,0.5521275997161865,0.4478724002838135,0.9464378952980042,128,True,False,False,False
STRAIN_000180,5,GLOBAL_CONTIG,3,242,0.5760753154754639,0.42392468452453613,0.9207874536514282,128,True,False,False,False
STRAIN_000180,5,GLOBAL_CONTIG,4,342,0.5768265128135681,0.4231734871864319,0.9199711680412292,128,True,False,False,False
STRAIN_000180,5,GLOBAL_CONTIG,5,442,0.5565149188041687,0.4434850811958313,0.9417909979820251,128,True,False,False,False
STRAIN_000183,5,GLOBAL_CONTIG,1,42,0.5596164464950562,0.44038355350494385,0.9384918808937073,128,True,False,False,False
STRAIN_000183,5,GLOBAL_CONTIG,2,142,0.5442407131195068,0.45575928688049316,0.954734742641449,128,True,False,False,False
STRAIN_000183,5,GLOBAL_CONTIG,3,242,0.5460352897644043,0.4539647102355957,0.9528533220291138,128,True,False,False,False
STRAIN_000183,5,GLOBAL_CONTIG,4,342,0.5458824634552002,0.4541175365447998,0.9530137181282043,128,True,False,False,False
STRAIN_000183,5,GLOBAL_CONTIG,5,442,0.5927728414535522,0.40722715854644775,0.9024712443351746,128,True,False,False,False
STRAIN_000193,5,GLOBAL_CONTIG,1,42,0.6209944486618042,0.3790055513381958,0.8706383109092712,128,True,False,False,False
STRAIN_000193,5,GLOBAL_CONTIG,2,142,0.6322299838066101,0.3677700161933899,0.8576360940933228,128,True,False,False,False
STRAIN_000193,5,GLOBAL_CONTIG,3,242,0.6201436519622803,0.3798563480377197,0.8716148138046265,128,True,False,False,False
STRAIN_000193,5,GLOBAL_CONTIG,4,342,0.6341708898544312,0.36582911014556885,0.8553702235221863,128,True,False,False,False
STRAIN_000193,5,GLOBAL_CONTIG,5,442,0.6212548017501831,0.3787451982498169,0.8703391551971436,128,True,False,False,False
STRAIN_000208,5,GLOBAL_CONTIG,1,42,0.720274806022644,0.27972519397735596,0.7479641437530518,128,True,False,False,False
STRAIN_000208,5,GLOBAL_CONTIG,2,142,0.7227396965026855,0.27726030349731445,0.7446613907814026,128,True,False,False,False
STRAIN_000208,5,GLOBAL_CONTIG,3,242,0.7103803157806396,0.28961968421936035,0.7610776424407959,128,True,False,False,False
STRAIN_000208,5,GLOBAL_CONTIG,4,342,0.7003644108772278,0.2996355891227722,0.7741260528564453,128,True,False,False,False
STRAIN_000208,5,GLOBAL_CONTIG,5,442,0.7065284252166748,0.2934715747833252,0.766122043132782,128,True,False,False,False
STRAIN_000209,5,GLOBAL_CONTIG,1,42,0.7252886295318604,0.27471137046813965,0.7412305474281311,128,True,False,False,False
STRAIN_000209,5,GLOBAL_CONTIG,2,142,0.7665524482727051,0.23344755172729492,0.6832971572875977,128,True,False,False,False
STRAIN_000209,5,GLOBAL_CONTIG,3,242,0.7682509422302246,0.2317490577697754,0.6808068752288818,128,True,False,False,False
STRAIN_000209,5,GLOBAL_CONTIG,4,342,0.8101959228515625,0.1898040771484375,0.616123378276825,128,True,False,False,False
STRAIN_000209,5,GLOBAL_CONTIG,5,442,0.7638155221939087,0.2361844778060913,0.6872908473014832,128,True,False,False,False
STRAIN_000215,5,GLOBAL_CONTIG,1,42,0.525887131690979,0.474112868309021,0.9737688302993774,128,True,False,False,False
STRAIN_000215,5,GLOBAL_CONTIG,2,142,0.5557349920272827,0.4442650079727173,0.942618727684021,128,True,False,False,False
STRAIN_000215,5,GLOBAL_CONTIG,3,242,0.5286651253700256,0.47133487462997437,0.9709118604660034,128,True,False,False,False
STRAIN_000215,5,GLOBAL_CONTIG,4,342,0.5199233293533325,0.4800766706466675,0.9798741340637207,128,True,False,False,False
STRAIN_000215,5,GLOBAL_CONTIG,5,442,0.5341625213623047,0.4658374786376953,0.9652330279350281,128,True,False,False,False
STRAIN_000217,5,GLOBAL_CONTIG,1,42,0.600446343421936,0.39955365657806396,0.893928050994873,128,True,False,False,False
STRAIN_000217,5,GLOBAL_CONTIG,2,142,0.6215690970420837,0.37843090295791626,0.8699780106544495,128,True,False,False,False
STRAIN_000217,5,GLOBAL_CONTIG,3,242,0.6463155746459961,0.3536844253540039,0.8410521745681763,128,True,False,False,False
STRAIN_000217,5,GLOBAL_CONTIG,4,342,0.667012095451355,0.332987904548645,0.8160734176635742,128,True,False,False,False
STRAIN_000217,5,GLOBAL_CONTIG,5,442,0.6419875621795654,0.35801243782043457,0.8461825251579285,128,True,False,False,False
STRAIN_000218,5,GLOBAL_CONTIG,1,42,0.7695440649986267,0.2304559350013733,0.6789049506187439,128,True,False,False,False
STRAIN_000218,5,GLOBAL_CONTIG,2,142,0.7753102779388428,0.22468972206115723,0.6703577637672424,128,True,False,False,False
STRAIN_000218,5,GLOBAL_CONTIG,3,242,0.7858557105064392,0.2141442894935608,0.6544377207756042,128,True,False,False,False
STRAIN_000218,5,GLOBAL_CONTIG,4,342,0.7551929950714111,0.24480700492858887,0.6997242569923401,128,True,False,False,False
STRAIN_000218,5,GLOBAL_CONTIG,5,442,0.7584166526794434,0.24158334732055664,0.6951019167900085,128,True,False,False,False
STRAIN_000221,5,GLOBAL_CONTIG,1,42,0.6131447553634644,0.38685524463653564,0.8796080946922302,128,True,False,False,False
STRAIN_000221,5,GLOBAL_CONTIG,2,142,0.5996174812316895,0.40038251876831055,0.8948548436164856,128,True,False,False,False
STRAIN_000221,5,GLOBAL_CONTIG,3,242,0.6045949459075928,0.3954050540924072,0.8892751336097717,128,True,False,False,False
STRAIN_000221,5,GLOBAL_CONTIG,4,342,0.6204895973205566,0.37951040267944336,0.8712180256843567,128,True,False,False,False
STRAIN_000221,5,GLOBAL_CONTIG,5,442,0.5858417749404907,0.4141582250595093,0.9101189374923706,128,True,False,False,False
STRAIN_000233,5,GLOBAL_CONTIG,1,42,0.5140712261199951,0.4859287738800049,0.9858283400535583,128,True,False,False,False
STRAIN_000233,5,GLOBAL_CONTIG,2,142,0.5222042202949524,0.4777957797050476,0.9775435924530029,128,True,False,False,False
STRAIN_000233,5,GLOBAL_CONTIG,3,242,0.528296947479248,0.47170305252075195,0.9712909460067749,128,True,False,False,False
STRAIN_000233,5,GLOBAL_CONTIG,4,342,0.5049128532409668,0.4950871467590332,0.9950750470161438,128,True,False,False,False
STRAIN_000233,5,GLOBAL_CONTIG,5,442,0.5127272009849548,0.48727279901504517,0.9871907830238342,128,True,False,False,False
STRAIN_000241,5,GLOBAL_CONTIG,1,42,0.5510427355766296,0.44895726442337036,0.9475834965705872,128,True,False,False,False
STRAIN_000241,5,GLOBAL_CONTIG,2,142,0.5193073749542236,0.48069262504577637,0.9805024862289429,128,True,False,False,False
STRAIN_000241,5,GLOBAL_CONTIG,3,242,0.5309522151947021,0.46904778480529785,0.9685533046722412,128,True,False,False,False
STRAIN_000241,5,GLOBAL_CONTIG,4,342,0.5179332494735718,0.4820667505264282,0.9819028973579407,128,True,False,False,False
STRAIN_000241,5,GLOBAL_CONTIG,5,442,0.5170343518257141,0.4829656481742859,0.9828180074691772,128,True,False,False,False
STRAIN_000245,5,GLOBAL_CONTIG,1,42,0.5317497253417969,0.4682502746582031,0.9677294492721558,128,True,False,False,False
STRAIN_000245,5,GLOBAL_CONTIG,2,142,0.522923469543457,0.47707653045654297,0.9768075942993164,128,True,False,False,False
STRAIN_000245,5,GLOBAL_CONTIG,3,242,0.5249611735343933,0.4750388264656067,0.9747192859649658,128,True,False,False,False
STRAIN_000245,5,GLOBAL_CONTIG,4,342,0.5355619788169861,0.4644380211830139,0.9637821316719055,128,True,False,False,False
STRAIN_000245,5,GLOBAL_CONTIG,5,442,0.5456616878509521,0.45433831214904785,0.9532454013824463,128,True,False,False,False
STRAIN_000252,5,GLOBAL_CONTIG,1,42,0.7914775609970093,0.20852243900299072,0.6457899808883667,128,True,False,False,False
STRAIN_000252,5,GLOBAL_CONTIG,2,142,0.777910053730011,0.222089946269989,0.6664682030677795,128,True,False,False,False
STRAIN_000252,5,GLOBAL_CONTIG,3,242,0.7594435811042786,0.24055641889572144,0.6936230063438416,128,True,False,False,False
STRAIN_000252,5,GLOBAL_CONTIG,4,342,0.7550158500671387,0.24498414993286133,0.6999773383140564,128,True,False,False,False
STRAIN_000252,5,GLOBAL_CONTIG,5,442,0.7491812109947205,0.25081878900527954,0.7082637548446655,128,True,False,False,False
STRAIN_000255,5,GLOBAL_CONTIG,1,42,0.6525601148605347,0.34743988513946533,0.8335944414138794,128,True,False,False,False
STRAIN_000255,5,GLOBAL_CONTIG,2,142,0.6114727854728699,0.3885272145271301,0.8815068006515503,128,True,False,False,False
STRAIN_000255,5,GLOBAL_CONTIG,3,242,0.6164454221725464,0.3835545778274536,0.8758476376533508,128,True,False,False,False
STRAIN_000255,5,GLOBAL_CONTIG,4,342,0.6000995635986328,0.3999004364013672,0.894315779209137,128,True,False,False,False
STRAIN_000255,5,GLOBAL_CONTIG,5,442,0.6260026693344116,0.3739973306655884,0.8648667931556702,128,True,False,False,False
STRAIN_000261,5,GLOBAL_CONTIG,1,42,0.5763534307479858,0.42364656925201416,0.920485258102417,128,True,False,False,False
STRAIN_000261,5,GLOBAL_CONTIG,2,142,0.5813143253326416,0.4186856746673584,0.9150800108909607,128,True,False,False,False
STRAIN_000261,5,GLOBAL_CONTIG,3,242,0.5533809661865234,0.44661903381347656,0.9451127052307129,128,True,False,False,False
STRAIN_000261,5,GLOBAL_CONTIG,4,342,0.59225994348526,0.40774005651474,0.9030393958091736,128,True,False,False,False
STRAIN_000261,5,GLOBAL_CONTIG,5,442,0.5386135578155518,0.46138644218444824,0.9606107473373413,128,True,False,False,False
STRAIN_000274,5,GLOBAL_CONTIG,1,42,0.626708984375,0.373291015625,0.8640497922897339,128,True,False,False,False
STRAIN_000274,5,GLOBAL_CONTIG,2,142,0.6493597030639648,0.35064029693603516,0.8374249935150146,128,True,False,False,False
STRAIN_000274,5,GLOBAL_CONTIG,3,242,0.6117962002754211,0.38820379972457886,0.8811399936676025,128,True,False,False,False
STRAIN_000274,5,GLOBAL_CONTIG,4,342,0.6472609043121338,0.3527390956878662,0.8399274349212646,128,True,False,False,False
STRAIN_000274,5,GLOBAL_CONTIG,5,442,0.6167740821838379,0.3832259178161621,0.875472366809845,128,True,False,False,False
STRAIN_000281,5,GLOBAL_CONTIG,1,42,0.7507573366165161,0.2492426633834839,0.7060350179672241,128,True,False,False,False
STRAIN_000281,5,GLOBAL_CONTIG,2,142,0.719292402267456,0.28070759773254395,0.7492765784263611,128,True,False,False,False
STRAIN_000281,5,GLOBAL_CONTIG,3,242,0.7585241794586182,0.24147582054138184,0.6949472427368164,128,True,False,False,False
STRAIN_000281,5,GLOBAL_CONTIG,4,342,0.7426067590713501,0.2573932409286499,0.7174862027168274,128,True,False,False,False
STRAIN_000281,5,GLOBAL_CONTIG,5,442,0.7364875078201294,0.2635124921798706,0.7259648442268372,128,True,False,False,False
STRAIN_000295,5,GLOBAL_CONTIG,1,42,0.7000839710235596,0.29991602897644043,0.7744883298873901,128,True,False,False,False
STRAIN_000295,5,GLOBAL_CONTIG,2,142,0.6919373273849487,0.30806267261505127,0.7849364876747131,128,True,False,False,False
STRAIN_000295,5,GLOBAL_CONTIG,3,242,0.7160692811012268,0.2839307188987732,0.753565788269043,128,True,False,False,False
STRAIN_000295,5,GLOBAL_CONTIG,4,342,0.711548388004303,0.288451611995697,0.7595415115356445,128,True,False,False,False
STRAIN_000295,5,GLOBAL_CONTIG,5,442,0.6892985105514526,0.31070148944854736,0.7882911562919617,128,True,False,False,False
STRAIN_000297,5,GLOBAL_CONTIG,1,42,0.7040268182754517,0.29597318172454834,0.769380509853363,128,True,False,False,False
STRAIN_000297,5,GLOBAL_CONTIG,2,142,0.6994914412498474,0.3005085587501526,0.7752529978752136,128,True,False,False,False
STRAIN_000297,5,GLOBAL_CONTIG,3,242,0.6840866804122925,0.3159133195877075,0.7948753237724304,128,True,False,False,False
STRAIN_000297,5,GLOBAL_CONTIG,4,342,0.6744867563247681,0.32551324367523193,0.8068621754646301,128,True,False,False,False
STRAIN_000297,5,GLOBAL_CONTIG,5,442,0.6819230318069458,0.3180769681930542,0.7975927591323853,128,True,False,False,False
STRAIN_000298,5,GLOBAL_CONTIG,1,42,0.7083715796470642,0.2916284203529358,0.7637125253677368,128,True,False,False,False
STRAIN_000298,5,GLOBAL_CONTIG,2,142,0.7421099543571472,0.2578900456428528,0.7181783318519592,128,True,False,False,False
STRAIN_000298,5,GLOBAL_CONTIG,3,242,0.73464035987854,0.26535964012145996,0.7285047769546509,128,True,False,False,False
STRAIN_000298,5,GLOBAL_CONTIG,4,342,0.7592334747314453,0.2407665252685547,0.6939257383346558,128,True,False,False,False
STRAIN_000298,5,GLOBAL_CONTIG,5,442,0.7189491987228394,0.28105080127716064,0.7497343420982361,128,True,False,False,False
STRAIN_000299,5,GLOBAL_CONTIG,1,42,0.6906580924987793,0.3093419075012207,0.7865645885467529,128,True,False,False,False
STRAIN_000299,5,GLOBAL_CONTIG,2,142,0.6780954599380493,0.3219045400619507,0.8023770451545715,128,True,False,False,False
STRAIN_000299,5,GLOBAL_CONTIG,3,242,0.7132173776626587,0.2867826223373413,0.7573409676551819,128,True,False,False,False
STRAIN_000299,5,GLOBAL_CONTIG,4,342,0.6614611148834229,0.33853888511657715,0.8228473663330078,128,True,False,False,False
STRAIN_000299,5,GLOBAL_CONTIG,5,442,0.7076016664505005,0.2923983335494995,0.7647199630737305,128,True,False,False,False
STRAIN_000304,5,GLOBAL_CONTIG,1,42,0.760352611541748,0.23964738845825195,0.6923112869262695,128,True,False,False,False
STRAIN_000304,5,GLOBAL_CONTIG,2,142,0.7546530961990356,0.24534690380096436,0.7004953622817993,128,True,False,False,False
STRAIN_000304,5,GLOBAL_CONTIG,3,242,0.7555106282234192,0.2444893717765808,0.6992701292037964,128,True,False,False,False
STRAIN_000304,5,GLOBAL_CONTIG,4,342,0.7463802099227905,0.2536197900772095,0.712207555770874,128,True,False,False,False
STRAIN_000304,5,GLOBAL_CONTIG,5,442,0.7699443697929382,0.23005563020706177,0.6783149838447571,128,True,False,False,False
STRAIN_000323,5,GLOBAL_CONTIG,1,42,0.6901240348815918,0.3098759651184082,0.7872431874275208,128,True,False,False,False
STRAIN_000323,5,GLOBAL_CONTIG,2,142,0.6770658493041992,0.3229341506958008,0.8036593198776245,128,True,False,False,False
STRAIN_000323,5,GLOBAL_CONTIG,3,242,0.6644887328147888,0.3355112671852112,0.8191596269607544,128,True,False,False,False
STRAIN_000323,5,GLOBAL_CONTIG,4,342,0.7181510925292969,0.2818489074707031,0.7507980465888977,128,True,False,False,False
STRAIN_000323,5,GLOBAL_CONTIG,5,442,0.6964871883392334,0.3035128116607666,0.7791184186935425,128,True,False,False,False
STRAIN_000328,5,GLOBAL_CONTIG,1,42,0.6707063317298889,0.3292936682701111,0.8115338683128357,128,True,False,False,False
STRAIN_000328,5,GLOBAL_CONTIG,2,142,0.6254534721374512,0.37454652786254883,0.8655015230178833,128,True,False,False,False
STRAIN_000328,5,GLOBAL_CONTIG,3,242,0.6467623710632324,0.3532376289367676,0.8405207395553589,128,True,False,False,False
STRAIN_000328,5,GLOBAL_CONTIG,4,342,0.6556164622306824,0.3443835377693176,0.8299198746681213,128,True,False,False,False
STRAIN_000328,5,GLOBAL_CONTIG,5,442,0.6255877017974854,0.37441229820251465,0.8653465509414673,128,True,False,False,False
STRAIN_000332,5,GLOBAL_CONTIG,1,42,0.5792040228843689,0.4207959771156311,0.9173831343650818,128,True,False,False,False
STRAIN_000332,5,GLOBAL_CONTIG,2,142,0.598964512348175,0.40103548765182495,0.8955841064453125,128,True,False,False,False
STRAIN_000332,5,GLOBAL_CONTIG,3,242,0.5645551681518555,0.43544483184814453,0.9332146644592285,128,True,False,False,False
STRAIN_000332,5,GLOBAL_CONTIG,4,342,0.6088099479675293,0.3911900520324707,0.8845224380493164,128,True,False,False,False
STRAIN_000332,5,GLOBAL_CONTIG,5,442,0.59956955909729,0.40043044090270996,0.8949081897735596,128,True,False,False,False
STRAIN_000336,5,GLOBAL_CONTIG,1,42,0.6728489995002747,0.32715100049972534,0.8088893890380859,128,True,False,False,False
STRAIN_000336,5,GLOBAL_CONTIG,2,142,0.6670914888381958,0.3329085111618042,0.815976083278656,128,True,False,False,False
STRAIN_000336,5,GLOBAL_CONTIG,3,242,0.6451843976974487,0.35481560230255127,0.842396080493927,128,True,False,False,False
STRAIN_000336,5,GLOBAL_CONTIG,4,342,0.6009085774421692,0.3990914225578308,0.8934107422828674,128,True,False,False,False
STRAIN_000336,5,GLOBAL_CONTIG,5,442,0.6824496984481812,0.31755030155181885,0.7969319224357605,128,True,False,False,False
STRAIN_000346,5,GLOBAL_CONTIG,1,42,0.7111433744430542,0.2888566255569458,0.7600744962692261,128,True,False,False,False
STRAIN_000346,5,GLOBAL_CONTIG,2,142,0.724933385848999,0.275066614151001,0.7417097687721252,128,True,False,False,False
STRAIN_000346,5,GLOBAL_CONTIG,3,242,0.7267889380455017,0.2732110619544983,0.7392038106918335,128,True,False,False,False
STRAIN_000346,5,GLOBAL_CONTIG,4,342,0.7109677791595459,0.2890322208404541,0.7603055238723755,128,True,False,False,False
STRAIN_000346,5,GLOBAL_CONTIG,5,442,0.7226258516311646,0.27737414836883545,0.7448142766952515,128,True,False,False,False
STRAIN_000348,5,GLOBAL_CONTIG,1,42,0.729813814163208,0.270186185836792,0.735100269317627,128,True,False,False,False
STRAIN_000348,5,GLOBAL_CONTIG,2,142,0.7246835231781006,0.2753164768218994,0.7420462965965271,128,True,False,False,False
STRAIN_000348,5,GLOBAL_CONTIG,3,242,0.7595473527908325,0.24045264720916748,0.6934732794761658,128,True,False,False,False
STRAIN_000348,5,GLOBAL_CONTIG,4,342,0.7917861938476562,0.20821380615234375,0.6453119516372681,128,True,False,False,False
STRAIN_000348,5,GLOBAL_CONTIG,5,442,0.7718410491943359,0.22815895080566406,0.675512969493866,128,True,False,False,False
STRAIN_000349,5,GLOBAL_CONTIG,1,42,0.7018318176269531,0.2981681823730469,0.7722281813621521,128,True,False,False,False
STRAIN_000349,5,GLOBAL_CONTIG,2,142,0.7123942375183105,0.28760576248168945,0.7584271430969238,128,True,False,False,False
STRAIN_000349,5,GLOBAL_CONTIG,3,242,0.6908738613128662,0.3091261386871338,0.7862902283668518,128,True,False,False,False
STRAIN_000349,5,GLOBAL_CONTIG,4,342,0.7080906629562378,0.2919093370437622,0.7640803456306458,128,True,False,False,False
STRAIN_000349,5,GLOBAL_CONTIG,5,442,0.7097164392471313,0.29028356075286865,0.7619494795799255,128,True,False,False,False
STRAIN_000350,5,GLOBAL_CONTIG,1,42,0.6228710412979126,0.3771289587020874,0.8684802055358887,128,True,False,False,False
STRAIN_000350,5,GLOBAL_CONTIG,2,142,0.6416025161743164,0.3583974838256836,0.8466376066207886,128,True,False,False,False
STRAIN_000350,5,GLOBAL_CONTIG,3,242,0.5999627709388733,0.4000372290611267,0.8944687843322754,128,True,False,False,False
STRAIN_000350,5,GLOBAL_CONTIG,4,342,0.6183899641036987,0.38161003589630127,0.8736247420310974,128,True,False,False,False
STRAIN_000350,5,GLOBAL_CONTIG,5,442,0.6296944618225098,0.37030553817749023,0.8605877161026001,128,True,False,False,False
STRAIN_000357,5,GLOBAL_CONTIG,1,42,0.7273602485656738,0.27263975143432617,0.7384302616119385,128,True,False,False,False
STRAIN_000357,5,GLOBAL_CONTIG,2,142,0.7408734560012817,0.25912654399871826,0.7198978066444397,128,True,False,False,False
STRAIN_000357,5,GLOBAL_CONTIG,3,242,0.7451647520065308,0.25483524799346924,0.7139121890068054,128,True,False,False,False
STRAIN_000357,5,GLOBAL_CONTIG,4,342,0.77301025390625,0.22698974609375,0.6737798452377319,128,True,False,False,False
STRAIN_000357,5,GLOBAL_CONTIG,5,442,0.727347731590271,0.272652268409729,0.7384473085403442,128,True,False,False,False
STRAIN_000365,5,GLOBAL_CONTIG,1,42,0.6403111219406128,0.3596888780593872,0.8481614589691162,128,True,False,False,False
STRAIN_000365,5,GLOBAL_CONTIG,2,142,0.6244579553604126,0.3755420446395874,0.8666510581970215,128,True,False,False,False
STRAIN_000365,5,GLOBAL_CONTIG,3,242,0.6169905662536621,0.3830094337463379,0.8752251267433167,128,True,False,False,False
STRAIN_000365,5,GLOBAL_CONTIG,4,342,0.6220138669013977,0.3779861330986023,0.8694667220115662,128,True,False,False,False
STRAIN_000365,5,GLOBAL_CONTIG,5,442,0.6258901357650757,0.3741098642349243,0.8649970293045044,128,True,False,False,False
STRAIN_000368,5,GLOBAL_CONTIG,1,42,0.596976101398468,0.403023898601532,0.8978016376495361,128,True,False,False,False
STRAIN_000368,5,GLOBAL_CONTIG,2,142,0.6069120764732361,0.3930879235267639,0.8866655230522156,128,True,False,False,False
STRAIN_000368,5,GLOBAL_CONTIG,3,242,0.6022960543632507,0.39770394563674927,0.8918563723564148,128,True,False,False,False
STRAIN_000368,5,GLOBAL_CONTIG,4,342,0.5990655422210693,0.40093445777893066,0.8954712748527527,128,True,False,False,False
STRAIN_000368,5,GLOBAL_CONTIG,5,442,0.6220191717147827,0.3779808282852173,0.8694605827331543,128,True,False,False,False
STRAIN_000383,5,GLOBAL_CONTIG,1,42,0.6914428472518921,0.3085571527481079,0.7855660915374756,128,True,False,False,False
STRAIN_000383,5,GLOBAL_CONTIG,2,142,0.7112054228782654,0.2887945771217346,0.7599928379058838,128,True,False,False,False
STRAIN_000383,5,GLOBAL_CONTIG,3,242,0.6793745756149292,0.3206254243850708,0.8007813096046448,128,True,False,False,False
STRAIN_000383,5,GLOBAL_CONTIG,4,342,0.6638408303260803,0.3361591696739197,0.8199502229690552,128,True,False,False,False
STRAIN_000383,5,GLOBAL_CONTIG,5,442,0.6591219902038574,0.3408780097961426,0.8256850838661194,128,True,False,False,False
STRAIN_000401,5,GLOBAL_CONTIG,1,42,0.6861876249313354,0.31381237506866455,0.7922276258468628,128,True,False,False,False
STRAIN_000401,5,GLOBAL_CONTIG,2,142,0.6842867136001587,0.3157132863998413,0.7946234941482544,128,True,False,False,False
STRAIN_000401,5,GLOBAL_CONTIG,3,242,0.697608470916748,0.30239152908325195,0.7776780128479004,128,True,False,False,False
STRAIN_000401,5,GLOBAL_CONTIG,4,342,0.70391845703125,0.29608154296875,0.7695212960243225,128,True,False,False,False
STRAIN_000401,5,GLOBAL_CONTIG,5,442,0.6812059879302979,0.31879401206970215,0.7984909415245056,128,True,False,False,False
STRAIN_000404,5,GLOBAL_CONTIG,1,42,0.5242232084274292,0.4757767915725708,0.9754761457443237,128,True,False,False,False
STRAIN_000404,5,GLOBAL_CONTIG,2,142,0.5409188270568848,0.45908117294311523,0.958207905292511,128,True,False,False,False
STRAIN_000404,5,GLOBAL_CONTIG,3,242,0.5057388544082642,0.49426114559173584,0.9942446351051331,128,True,False,False,False
STRAIN_000404,5,GLOBAL_CONTIG,4,342,0.5084161758422852,0.49158382415771484,0.9915480613708496,128,True,False,False,False
STRAIN_000404,5,GLOBAL_CONTIG,5,442,0.5281923413276672,0.47180765867233276,0.971398651599884,128,True,False,False,False
STRAIN_000405,5,GLOBAL_CONTIG,1,42,0.5460027456283569,0.45399725437164307,0.9528874754905701,128,True,False,False,False
STRAIN_000405,5,GLOBAL_CONTIG,2,142,0.5441839694976807,0.45581603050231934,0.9547942876815796,128,True,False,False,False
STRAIN_000405,5,GLOBAL_CONTIG,3,242,0.5294506549835205,0.4705493450164795,0.9701024293899536,128,True,False,False,False
STRAIN_000405,5,GLOBAL_CONTIG,4,342,0.544758677482605,0.455241322517395,0.9541922807693481,128,True,False,False,False
STRAIN_000405,5,GLOBAL_CONTIG,5,442,0.5290619730949402,0.4709380269050598,0.970503032207489,128,True,False,False,False
STRAIN_000409,5,GLOBAL_CONTIG,1,42,0.49344485998153687,0.5065551400184631,1.0065337419509888,128,True,False,False,False
STRAIN_000409,5,GLOBAL_CONTIG,2,142,0.5407400131225586,0.4592599868774414,0.9583944082260132,128,True,False,False,False
STRAIN_000409,5,GLOBAL_CONTIG,3,242,0.5546848773956299,0.4453151226043701,0.9437320232391357,128,True,False,False,False
STRAIN_000409,5,GLOBAL_CONTIG,4,342,0.5053503513336182,0.49464964866638184,0.994635283946991,128,True,False,False,False
STRAIN_000409,5,GLOBAL_CONTIG,5,442,0.5393730998039246,0.46062690019607544,0.9598196744918823,128,True,False,False,False
STRAIN_000420,5,GLOBAL_CONTIG,1,42,0.5612621903419495,0.43873780965805054,0.9367365837097168,128,True,False,False,False
STRAIN_000420,5,GLOBAL_CONTIG,2,142,0.5765466690063477,0.42345333099365234,0.9202752709388733,128,True,False,False,False
STRAIN_000420,5,GLOBAL_CONTIG,3,242,0.589809775352478,0.410190224647522,0.9057484269142151,128,True,False,False,False
STRAIN_000420,5,GLOBAL_CONTIG,4,342,0.5610031485557556,0.4389968514442444,0.9370130300521851,128,True,False,False,False
STRAIN_000420,5,GLOBAL_CONTIG,5,442,0.5581053495407104,0.44189465045928955,0.9401006698608398,128,True,False,False,False
STRAIN_000433,5,GLOBAL_CONTIG,1,42,0.662421703338623,0.33757829666137695,0.8216791749000549,128,True,False,False,False
STRAIN_000433,5,GLOBAL_CONTIG,2,142,0.6647765636444092,0.3352234363555908,0.8188082575798035,128,True,False,False,False
STRAIN_000433,5,GLOBAL_CONTIG,3,242,0.7284636497497559,0.27153635025024414,0.7369346618652344,128,True,False,False,False
STRAIN_000433,5,GLOBAL_CONTIG,4,342,0.6438416242599487,0.35615837574005127,0.8439886569976807,128,True,False,False,False
STRAIN_000433,5,GLOBAL_CONTIG,5,442,0.6935195326805115,0.3064804673194885,0.7829182744026184,128,True,False,False,False
STRAIN_000436,5,GLOBAL_CONTIG,1,42,0.6836545467376709,0.3163454532623291,0.7954187393188477,128,True,False,False,False
STRAIN_000436,5,GLOBAL_CONTIG,2,142,0.6897710561752319,0.31022894382476807,0.7876915335655212,128,True,False,False,False
STRAIN_000436,5,GLOBAL_CONTIG,3,242,0.675774097442627,0.32422590255737305,0.8052650690078735,128,True,False,False,False
STRAIN_000436,5,GLOBAL_CONTIG,4,342,0.6501637697219849,0.34983623027801514,0.8364642858505249,128,True,False,False,False
STRAIN_000436,5,GLOBAL_CONTIG,5,442,0.6810111403465271,0.3189888596534729,0.7987350821495056,128,True,False,False,False
STRAIN_000441,5,GLOBAL_CONTIG,1,42,0.7042108774185181,0.29578912258148193,0.7691410183906555,128,True,False,False,False
STRAIN_000441,5,GLOBAL_CONTIG,2,142,0.7251881957054138,0.2748118042945862,0.7413659691810608,128,True,False,False,False
STRAIN_000441,5,GLOBAL_CONTIG,3,242,0.6926912069320679,0.30730879306793213,0.7839754819869995,128,True,False,False,False
STRAIN_000441,5,GLOBAL_CONTIG,4,342,0.7369691729545593,0.2630308270454407,0.7253010272979736,128,True,False,False,False
STRAIN_000441,5,GLOBAL_CONTIG,5,442,0.720031201839447,0.279968798160553,0.7482897639274597,128,True,False,False,False
STRAIN_000443,5,GLOBAL_CONTIG,1,42,0.5333696603775024,0.46663033962249756,0.9660542011260986,128,True,False,False,False
STRAIN_000443,5,GLOBAL_CONTIG,2,142,0.5349985361099243,0.4650014638900757,0.9643665552139282,128,True,False,False,False
STRAIN_000443,5,GLOBAL_CONTIG,3,242,0.5454947352409363,0.4545052647590637,0.9534204602241516,128,True,False,False,False
STRAIN_000443,5,GLOBAL_CONTIG,4,342,0.5390392541885376,0.4609607458114624,0.960167407989502,128,True,False,False,False
STRAIN_000443,5,GLOBAL_CONTIG,5,442,0.5199216604232788,0.4800783395767212,0.9798757433891296,128,True,False,False,False
STRAIN_000455,5,GLOBAL_CONTIG,1,42,0.7021467685699463,0.2978532314300537,0.7718203067779541,128,True,False,False,False
STRAIN_000455,5,GLOBAL_CONTIG,2,142,0.6687707304954529,0.3312292695045471,0.8139156103134155,128,True,False,False,False
STRAIN_000455,5,GLOBAL_CONTIG,3,242,0.6633548140525818,0.3366451859474182,0.8205427527427673,128,True,False,False,False
STRAIN_000455,5,GLOBAL_CONTIG,4,342,0.6758955717086792,0.3241044282913208,0.8051142692565918,128,True,False,False,False
STRAIN_000455,5,GLOBAL_CONTIG,5,442,0.6593807339668274,0.3406192660331726,0.8253718018531799,128,True,False,False,False
STRAIN_000460,5,GLOBAL_CONTIG,1,42,0.6105462312698364,0.3894537687301636,0.8825574517250061,128,True,False,False,False
STRAIN_000460,5,GLOBAL_CONTIG,2,142,0.6022049188613892,0.39779508113861084,0.8919585943222046,128,True,False,False,False
STRAIN_000460,5,GLOBAL_CONTIG,3,242,0.6652661561965942,0.33473384380340576,0.8182101845741272,128,True,False,False,False
STRAIN_000460,5,GLOBAL_CONTIG,4,342,0.6149790287017822,0.3850209712982178,0.8775203824043274,128,True,False,False,False
STRAIN_000460,5,GLOBAL_CONTIG,5,442,0.6108182668685913,0.3891817331314087,0.882249116897583,128,True,False,False,False
STRAIN_000465,5,GLOBAL_CONTIG,1,42,0.640548825263977,0.35945117473602295,0.8478811383247375,128,True,False,False,False
STRAIN_000465,5,GLOBAL_CONTIG,2,142,0.6533714532852173,0.3466285467147827,0.8326206803321838,128,True,False,False,False
STRAIN_000465,5,GLOBAL_CONTIG,3,242,0.6811927556991577,0.3188072443008423,0.798507571220398,128,True,False,False,False
STRAIN_000465,5,GLOBAL_CONTIG,4,342,0.6785963773727417,0.3214036226272583,0.8017526268959045,128,True,False,False,False
STRAIN_000465,5,GLOBAL_CONTIG,5,442,0.648806631565094,0.351193368434906,0.8380851745605469,128,True,False,False,False
STRAIN_000467,5,GLOBAL_CONTIG,1,42,0.6463846564292908,0.35361534357070923,0.8409700393676758,128,True,False,False,False
STRAIN_000467,5,GLOBAL_CONTIG,2,142,0.6478087902069092,0.3521912097930908,0.8392749428749084,128,True,False,False,False
STRAIN_000467,5,GLOBAL_CONTIG,3,242,0.6289971470832825,0.37100285291671753,0.8613974452018738,128,True,False,False,False
STRAIN_000467,5,GLOBAL_CONTIG,4,342,0.6417367458343506,0.3582632541656494,0.8464788198471069,128,True,False,False,False
STRAIN_000467,5,GLOBAL_CONTIG,5,442,0.6192866563796997,0.3807133436203003,0.8725976347923279,128,True,False,False,False
STRAIN_000468,5,GLOBAL_CONTIG,1,42,0.6074538230895996,0.3925461769104004,0.886054277420044,128,True,False,False,False
STRAIN_000468,5,GLOBAL_CONTIG,2,142,0.6258075833320618,0.37419241666793823,0.865092396736145,128,True,False,False,False
STRAIN_000468,5,GLOBAL_CONTIG,3,242,0.6365276575088501,0.3634723424911499,0.8526104688644409,128,True,False,False,False
STRAIN_000468,5,GLOBAL_CONTIG,4,342,0.6003994941711426,0.3996005058288574,0.8939804434776306,128,True,False,False,False
STRAIN_000468,5,GLOBAL_CONTIG,5,442,0.5729537010192871,0.4270462989807129,0.9241713285446167,128,True,False,False,False
STRAIN_000469,5,GLOBAL_CONTIG,1,42,0.6287344694137573,0.3712655305862427,0.8617025017738342,128,True,False,False,False
STRAIN_000469,5,GLOBAL_CONTIG,2,142,0.6195958852767944,0.38040411472320557,0.8722432255744934,128,True,False,False,False
STRAIN_000469,5,GLOBAL_CONTIG,3,242,0.6317275762557983,0.36827242374420166,0.8582218885421753,128,True,False,False,False
STRAIN_000469,5,GLOBAL_CONTIG,4,342,0.647553563117981,0.35244643688201904,0.8395789861679077,128,True,False,False,False
STRAIN_000469,5,GLOBAL_CONTIG,5,442,0.6291106939315796,0.3708893060684204,0.8612656593322754,128,True,False,False,False
STRAIN_000472,5,GLOBAL_CONTIG,1,42,0.6658273935317993,0.3341726064682007,0.8175237774848938,128,True,False,False,False
STRAIN_000472,5,GLOBAL_CONTIG,2,142,0.6603183746337891,0.33968162536621094,0.8242349028587341,128,True,False,False,False
STRAIN_000472,5,GLOBAL_CONTIG,3,242,0.6648917198181152,0.33510828018188477,0.8186675310134888,128,True,False,False,False
STRAIN_000472,5,GLOBAL_CONTIG,4,342,0.6761577129364014,0.32384228706359863,0.8047884702682495,128,True,False,False,False
STRAIN_000472,5,GLOBAL_CONTIG,5,442,0.6594734191894531,0.3405265808105469,0.8252595067024231,128,True,False,False,False
STRAIN_000492,5,GLOBAL_CONTIG,1,42,0.5645174980163574,0.4354825019836426,0.9332549571990967,128,True,False,False,False
STRAIN_000492,5,GLOBAL_CONTIG,2,142,0.5648339986801147,0.43516600131988525,0.9329158067703247,128,True,False,False,False
STRAIN_000492,5,GLOBAL_CONTIG,3,242,0.560802698135376,0.439197301864624,0.9372270107269287,128,True,False,False,False
STRAIN_000492,5,GLOBAL_CONTIG,4,342,0.5634939670562744,0.4365060329437256,0.9343510866165161,128,True,False,False,False
STRAIN_000492,5,GLOBAL_CONTIG,5,442,0.5546128749847412,0.4453871250152588,0.9438082575798035,128,True,False,False,False
STRAIN_000498,5,GLOBAL_CONTIG,1,42,0.6210446953773499,0.37895530462265015,0.8705805540084839,128,True,False,False,False
STRAIN_000498,5,GLOBAL_CONTIG,2,142,0.6448974013328552,0.3551025986671448,0.8427367210388184,128,True,False,False,False
STRAIN_000498,5,GLOBAL_CONTIG,3,242,0.6296404004096985,0.3703595995903015,0.860650360584259,128,True,False,False,False
STRAIN_000498,5,GLOBAL_CONTIG,4,342,0.6192920207977295,0.3807079792022705,0.872591495513916,128,True,False,False,False
STRAIN_000498,5,GLOBAL_CONTIG,5,442,0.620242714881897,0.379757285118103,0.8715012669563293,128,True,False,False,False
STRAIN_000509,5,GLOBAL_CONTIG,1,42,0.5609071254730225,0.43909287452697754,0.9371156692504883,128,True,False,False,False
STRAIN_000509,5,GLOBAL_CONTIG,2,142,0.5644727945327759,0.4355272054672241,0.9333029389381409,128,True,False,False,False
STRAIN_000509,5,GLOBAL_CONTIG,3,242,0.5438336133956909,0.4561663866043091,0.9551610946655273,128,True,False,False,False
STRAIN_000509,5,GLOBAL_CONTIG,4,342,0.5604945421218872,0.4395054578781128,0.9375558495521545,128,True,False,False,False
STRAIN_000509,5,GLOBAL_CONTIG,5,442,0.5462992191314697,0.4537007808685303,0.9525763988494873,128,True,False,False,False
STRAIN_000513,5,GLOBAL_CONTIG,1,42,0.6787708401679993,0.32122915983200073,0.8015350699424744,128,True,False,False,False
STRAIN_000513,5,GLOBAL_CONTIG,2,142,0.6744881868362427,0.3255118131637573,0.8068603277206421,128,True,False,False,False
STRAIN_000513,5,GLOBAL_CONTIG,3,242,0.6323375701904297,0.3676624298095703,0.8575109839439392,128,True,False,False,False
STRAIN_000513,5,GLOBAL_CONTIG,4,342,0.6948496103286743,0.3051503896713257,0.7812175154685974,128,True,False,False,False
STRAIN_000513,5,GLOBAL_CONTIG,5,442,0.7111484408378601,0.2888515591621399,0.7600678205490112,128,True,False,False,False
STRAIN_000520,5,GLOBAL_CONTIG,1,42,0.6083886027336121,0.39161139726638794,0.8849987387657166,128,True,False,False,False
STRAIN_000520,5,GLOBAL_CONTIG,2,142,0.6435387134552002,0.3564612865447998,0.8443474769592285,128,True,False,False,False
STRAIN_000520,5,GLOBAL_CONTIG,3,242,0.6056157946586609,0.3943842053413391,0.8881263136863708,128,True,False,False,False
STRAIN_000520,5,GLOBAL_CONTIG,4,342,0.6038374304771423,0.39616256952285767,0.8901264667510986,128,True,False,False,False
STRAIN_000520,5,GLOBAL_CONTIG,5,442,0.6180526614189148,0.3819473385810852,0.8740107417106628,128,True,False,False,False
STRAIN_000521,5,GLOBAL_CONTIG,1,42,0.6236931085586548,0.3763068914413452,0.8675332069396973,128,True,False,False,False
STRAIN_000521,5,GLOBAL_CONTIG,2,142,0.5886611938476562,0.41133880615234375,0.9070156812667847,128,True,False,False,False
STRAIN_000521,5,GLOBAL_CONTIG,3,242,0.6311398148536682,0.3688601851463318,0.8589065670967102,128,True,False,False,False
STRAIN_000521,5,GLOBAL_CONTIG,4,342,0.6091690063476562,0.39083099365234375,0.8841165900230408,128,True,False,False,False
STRAIN_000521,5,GLOBAL_CONTIG,5,442,0.6062259078025818,0.3937740921974182,0.8874391317367554,128,True,False,False,False
STRAIN_000522,5,GLOBAL_CONTIG,1,42,0.5830330848693848,0.41696691513061523,0.9131998419761658,128,True,False,False,False
STRAIN_000522,5,GLOBAL_CONTIG,2,142,0.5863324403762817,0.41366755962371826,0.9095796346664429,128,True,False,False,False
STRAIN_000522,5,GLOBAL_CONTIG,3,242,0.5647554397583008,0.4352445602416992,0.9330001473426819,128,True,False,False,False
STRAIN_000522,5,GLOBAL_CONTIG,4,342,0.5676085948944092,0.4323914051055908,0.9299370646476746,128,True,False,False,False
STRAIN_000522,5,GLOBAL_CONTIG,5,442,0.5497801303863525,0.45021986961364746,0.9489150047302246,128,True,False,False,False
STRAIN_000523,5,GLOBAL_CONTIG,1,42,0.7143641710281372,0.2856358289718628,0.7558252215385437,128,True,False,False,False
STRAIN_000523,5,GLOBAL_CONTIG,2,142,0.6322200894355774,0.3677799105644226,0.8576479554176331,128,True,False,False,False
STRAIN_000523,5,GLOBAL_CONTIG,3,242,0.7017900347709656,0.2982099652290344,0.7722823023796082,128,True,False,False,False
STRAIN_000523,5,GLOBAL_CONTIG,4,342,0.6723918318748474,0.3276081681251526,0.8094543218612671,128,True,False,False,False
STRAIN_000523,5,GLOBAL_CONTIG,5,442,0.708583652973175,0.29141634702682495,0.763434886932373,128,True,False,False,False
STRAIN_000526,5,GLOBAL_CONTIG,1,42,0.723620593547821,0.27637940645217896,0.7434775233268738,128,True,False,False,False
STRAIN_000526,5,GLOBAL_CONTIG,2,142,0.7303799986839294,0.26962000131607056,0.7343296408653259,128,True,False,False,False
STRAIN_000526,5,GLOBAL_CONTIG,3,242,0.7017902135848999,0.2982097864151001,0.7722821235656738,128,True,False,False,False
STRAIN_000526,5,GLOBAL_CONTIG,4,342,0.6967614889144897,0.30323851108551025,0.7787663340568542,128,True,False,False,False
STRAIN_000526,5,GLOBAL_CONTIG,5,442,0.7006993293762207,0.2993006706237793,0.773693323135376,128,True,False,False,False
STRAIN_000529,5,GLOBAL_CONTIG,1,42,0.6823623180389404,0.31763768196105957,0.7970415353775024,128,True,False,False,False
STRAIN_000529,5,GLOBAL_CONTIG,2,142,0.6697254180908203,0.3302745819091797,0.8127416968345642,128,True,False,False,False
STRAIN_000529,5,GLOBAL_CONTIG,3,242,0.691818356513977,0.30818164348602295,0.7850879430770874,128,True,False,False,False
STRAIN_000529,5,GLOBAL_CONTIG,4,342,0.6779206991195679,0.32207930088043213,0.802594780921936,128,True,False,False,False
STRAIN_000529,5,GLOBAL_CONTIG,5,442,0.688371479511261,0.311628520488739,0.7894662618637085,128,True,False,False,False
STRAIN_000534,5,GLOBAL_CONTIG,1,42,0.5597270727157593,0.4402729272842407,0.9383741021156311,128,True,False,False,False
STRAIN_000534,5,GLOBAL_CONTIG,2,142,0.5481991171836853,0.4518008828163147,0.9505797624588013,128,True,False,False,False
STRAIN_000534,5,GLOBAL_CONTIG,3,242,0.5647048354148865,0.4352951645851135,0.9330543875694275,128,True,False,False,False
STRAIN_000534,5,GLOBAL_CONTIG,4,342,0.559231162071228,0.440768837928772,0.9389023184776306,128,True,False,False,False
STRAIN_000534,5,GLOBAL_CONTIG,5,442,0.6079861521720886,0.3920138478279114,0.8854534029960632,128,True,False,False,False
STRAIN_000535,5,GLOBAL_CONTIG,1,42,0.5275574922561646,0.47244250774383545,0.9720519781112671,128,True,False,False,False
STRAIN_000535,5,GLOBAL_CONTIG,2,142,0.538407564163208,0.461592435836792,0.9608250856399536,128,True,False,False,False
STRAIN_000535,5,GLOBAL_CONTIG,3,242,0.5479376316070557,0.45206236839294434,0.9508547186851501,128,True,False,False,False
STRAIN_000535,5,GLOBAL_CONTIG,4,342,0.5301980376243591,0.46980196237564087,0.969331681728363,128,True,False,False,False
STRAIN_000535,5,GLOBAL_CONTIG,5,442,0.5061691403388977,0.4938308596611023,0.9938116669654846,128,True,False,False,False
STRAIN_000538,5,GLOBAL_CONTIG,1,42,0.6472159624099731,0.35278403759002686,0.8399810194969177,128,True,False,False,False
STRAIN_000538,5,GLOBAL_CONTIG,2,142,0.6910325288772583,0.3089674711227417,0.7860884070396423,128,True,False,False,False
STRAIN_000538,5,GLOBAL_CONTIG,3,242,0.6254053115844727,0.37459468841552734,0.8655572533607483,128,True,False,False,False
STRAIN_000538,5,GLOBAL_CONTIG,4,342,0.6806928515434265,0.3193071484565735,0.7991335391998291,128,True,False,False,False
STRAIN_000538,5,GLOBAL_CONTIG,5,442,0.6417245864868164,0.3582754135131836,0.8464933037757874,128,True,False,False,False
STRAIN_000539,5,GLOBAL_CONTIG,1,42,0.5493848323822021,0.45061516761779785,0.9493315815925598,128,True,False,False,False
STRAIN_000539,5,GLOBAL_CONTIG,2,142,0.6003469228744507,0.3996530771255493,0.8940392136573792,128,True,False,False,False
STRAIN_000539,5,GLOBAL_CONTIG,3,242,0.5248375535011292,0.47516244649887085,0.9748460650444031,128,True,False,False,False
STRAIN_000539,5,GLOBAL_CONTIG,4,342,0.5824118852615356,0.41758811473846436,0.9138797521591187,128,True,False,False,False
STRAIN_000539,5,GLOBAL_CONTIG,5,442,0.5763160586357117,0.42368394136428833,0.920525848865509,128,True,False,False,False
STRAIN_000540,5,GLOBAL_CONTIG,1,42,0.5586762428283691,0.44132375717163086,0.9394932389259338,128,True,False,False,False
STRAIN_000540,5,GLOBAL_CONTIG,2,142,0.5646383762359619,0.4353616237640381,0.9331256151199341,128,True,False,False,False
STRAIN_000540,5,GLOBAL_CONTIG,3,242,0.5569663047790527,0.44303369522094727,0.9413115382194519,128,True,False,False,False
STRAIN_000540,5,GLOBAL_CONTIG,4,342,0.5618058443069458,0.4381941556930542,0.936156153678894,128,True,False,False,False
STRAIN_000540,5,GLOBAL_CONTIG,5,442,0.5613911747932434,0.4386088252067566,0.9365990161895752,128,True,False,False,False
STRAIN_000542,5,GLOBAL_CONTIG,1,42,0.6570743322372437,0.34292566776275635,0.8281614184379578,128,True,False,False,False
STRAIN_000542,5,GLOBAL_CONTIG,2,142,0.662703275680542,0.337296724319458,0.8213363885879517,128,True,False,False,False
STRAIN_000542,5,GLOBAL_CONTIG,3,242,0.6953461170196533,0.3046538829803467,0.7805817127227783,128,True,False,False,False
STRAIN_000542,5,GLOBAL_CONTIG,4,342,0.6966454982757568,0.30335450172424316,0.7789153456687927,128,True,False,False,False
STRAIN_000542,5,GLOBAL_CONTIG,5,442,0.6965267658233643,0.30347323417663574,0.7790676951408386,128,True,False,False,False
STRAIN_000545,5,GLOBAL_CONTIG,1,42,0.5716999769210815,0.42830002307891846,0.9255269169807434,128,True,False,False,False
STRAIN_000545,5,GLOBAL_CONTIG,2,142,0.5916633605957031,0.4083366394042969,0.9036997556686401,128,True,False,False,False
STRAIN_000545,5,GLOBAL_CONTIG,3,242,0.5723661184310913,0.4276338815689087,0.9248068332672119,128,True,False,False,False
STRAIN_000545,5,GLOBAL_CONTIG,4,342,0.5656203627586365,0.4343796372413635,0.9320725798606873,128,True,False,False,False
STRAIN_000545,5,GLOBAL_CONTIG,5,442,0.5735815763473511,0.4264184236526489,0.9234915971755981,128,True,False,False,False
STRAIN_000550,5,GLOBAL_CONTIG,1,42,0.6829351782798767,0.3170648217201233,0.7963225841522217,128,True,False,False,False
STRAIN_000550,5,GLOBAL_CONTIG,2,142,0.6652284860610962,0.3347715139389038,0.8182560801506042,128,True,False,False,False
STRAIN_000550,5,GLOBAL_CONTIG,3,242,0.7160582542419434,0.28394174575805664,0.7535805106163025,128,True,False,False,False
STRAIN_000550,5,GLOBAL_CONTIG,4,342,0.6762030720710754,0.32379692792892456,0.8047322630882263,128,True,False,False,False
STRAIN_000550,5,GLOBAL_CONTIG,5,442,0.722011923789978,0.277988076210022,0.7456380128860474,128,True,False,False,False
STRAIN_000559,5,GLOBAL_CONTIG,1,42,0.6945509910583496,0.3054490089416504,0.7815996408462524,128,True,False,False,False
STRAIN_000559,5,GLOBAL_CONTIG,2,142,0.6807148456573486,0.31928515434265137,0.7991059422492981,128,True,False,False,False
STRAIN_000559,5,GLOBAL_CONTIG,3,242,0.7123699188232422,0.2876300811767578,0.7584590315818787,128,True,False,False,False
STRAIN_000559,5,GLOBAL_CONTIG,4,342,0.6786425113677979,0.32135748863220215,0.8016950488090515,128,True,False,False,False
STRAIN_000559,5,GLOBAL_CONTIG,5,442,0.6768821477890015,0.32311785221099854,0.8038877844810486,128,True,False,False,False
STRAIN_000560,5,GLOBAL_CONTIG,1,42,0.6894565224647522,0.3105434775352478,0.7880907654762268,128,True,False,False,False
STRAIN_000560,5,GLOBAL_CONTIG,2,142,0.6802549362182617,0.3197450637817383,0.7996812462806702,128,True,False,False,False
STRAIN_000560,5,GLOBAL_CONTIG,3,242,0.6894911527633667,0.3105088472366333,0.7880468964576721,128,True,False,False,False
STRAIN_000560,5,GLOBAL_CONTIG,4,342,0.6851873993873596,0.3148126006126404,0.7934892773628235,128,True,False,False,False
STRAIN_000560,5,GLOBAL_CONTIG,5,442,0.6586045026779175,0.3413954973220825,0.8263116478919983,128,True,False,False,False
STRAIN_000567,5,GLOBAL_CONTIG,1,42,0.6396672129631042,0.36033278703689575,0.8489202260971069,128,True,False,False,False
STRAIN_000567,5,GLOBAL_CONTIG,2,142,0.6621052622795105,0.3378947377204895,0.8220641016960144,128,True,False,False,False
STRAIN_000567,5,GLOBAL_CONTIG,3,242,0.6799184083938599,0.32008159160614014,0.8001019954681396,128,True,False,False,False
STRAIN_000567,5,GLOBAL_CONTIG,4,342,0.6381551027297974,0.36184489727020264,0.8506996035575867,128,True,False,False,False
STRAIN_000567,5,GLOBAL_CONTIG,5,442,0.5755033493041992,0.4244966506958008,0.9214082956314087,128,True,False,False,False
STRAIN_000580,5,GLOBAL_CONTIG,1,42,0.5807510614395142,0.41924893856048584,0.9156952500343323,128,True,False,False,False
STRAIN_000580,5,GLOBAL_CONTIG,2,142,0.6007918119430542,0.3992081880569458,0.8935413956642151,128,True,False,False,False
STRAIN_000580,5,GLOBAL_CONTIG,3,242,0.5452304482460022,0.4547695517539978,0.9536975622177124,128,True,False,False,False
STRAIN_000580,5,GLOBAL_CONTIG,4,342,0.6175615787506104,0.38243842124938965,0.8745723962783813,128,True,False,False,False
STRAIN_000580,5,GLOBAL_CONTIG,5,442,0.5903804302215576,0.4096195697784424,0.9051182270050049,128,True,False,False,False
STRAIN_000588,5,GLOBAL_CONTIG,1,42,0.5165573358535767,0.48344266414642334,0.9833033084869385,128,True,False,False,False
STRAIN_000588,5,GLOBAL_CONTIG,2,142,0.5161285996437073,0.4838714003562927,0.9837391972541809,128,True,False,False,False
STRAIN_000588,5,GLOBAL_CONTIG,3,242,0.4901825189590454,0.5098174810409546,1.0097697973251343,128,True,False,False,False
STRAIN_000588,5,GLOBAL_CONTIG,4,342,0.5308946371078491,0.4691053628921509,0.968612790107727,128,True,False,False,False
STRAIN_000588,5,GLOBAL_CONTIG,5,442,0.5164064168930054,0.48359358310699463,0.9834567308425903,128,True,False,False,False
STRAIN_000605,5,GLOBAL_CONTIG,1,42,0.531693696975708,0.468306303024292,0.9677876234054565,128,True,False,False,False
STRAIN_000605,5,GLOBAL_CONTIG,2,142,0.5480129718780518,0.45198702812194824,0.9507753849029541,128,True,False,False,False
STRAIN_000605,5,GLOBAL_CONTIG,3,242,0.5420370101928711,0.4579629898071289,0.9570401906967163,128,True,False,False,False
STRAIN_000605,5,GLOBAL_CONTIG,4,342,0.5549322962760925,0.44506770372390747,0.9434698820114136,128,True,False,False,False
STRAIN_000605,5,GLOBAL_CONTIG,5,442,0.5155016183853149,0.48449838161468506,0.9843762516975403,128,True,False,False,False
STRAIN_000607,5,GLOBAL_CONTIG,1,42,0.5231409072875977,0.47685909271240234,0.9765849113464355,128,True,False,False,False
STRAIN_000607,5,GLOBAL_CONTIG,2,142,0.5512967109680176,0.4487032890319824,0.9473154544830322,128,True,False,False,False
STRAIN_000607,5,GLOBAL_CONTIG,3,242,0.5338534712791443,0.4661465287208557,0.9655532240867615,128,True,False,False,False
STRAIN_000607,5,GLOBAL_CONTIG,4,342,0.5435709357261658,0.45642906427383423,0.9554360508918762,128,True,False,False,False
STRAIN_000607,5,GLOBAL_CONTIG,5,442,0.5803544521331787,0.4196455478668213,0.9161283373832703,128,True,False,False,False
STRAIN_000613,5,GLOBAL_CONTIG,1,42,0.6428786516189575,0.3571213483810425,0.8451287150382996,128,True,False,False,False
STRAIN_000613,5,GLOBAL_CONTIG,2,142,0.6683189868927002,0.3316810131072998,0.8144703507423401,128,True,False,False,False
STRAIN_000613,5,GLOBAL_CONTIG,3,242,0.6280357241630554,0.3719642758369446,0.8625129461288452,128,True,False,False,False
STRAIN_000613,5,GLOBAL_CONTIG,4,342,0.6405367851257324,0.3594632148742676,0.8478952646255493,128,True,False,False,False
STRAIN_000613,5,GLOBAL_CONTIG,5,442,0.6198821663856506,0.38011783361434937,0.8719149827957153,128,True,False,False,False
STRAIN_000617,5,GLOBAL_CONTIG,1,42,0.6624782681465149,0.3375217318534851,0.8216102123260498,128,True,False,False,False
STRAIN_000617,5,GLOBAL_CONTIG,2,142,0.6563127040863037,0.3436872959136963,0.8290805816650391,128,True,False,False,False
STRAIN_000617,5,GLOBAL_CONTIG,3,242,0.659701943397522,0.340298056602478,0.8249825835227966,128,True,False,False,False
STRAIN_000617,5,GLOBAL_CONTIG,4,342,0.6449289321899414,0.3550710678100586,0.8426992893218994,128,True,False,False,False
STRAIN_000617,5,GLOBAL_CONTIG,5,442,0.6776905655860901,0.3223094344139099,0.80288165807724,128,True,False,False,False
STRAIN_000618,5,GLOBAL_CONTIG,1,42,0.6592838764190674,0.3407161235809326,0.8254888653755188,128,True,False,False,False
STRAIN_000618,5,GLOBAL_CONTIG,2,142,0.6574566960334778,0.3425433039665222,0.8276994228363037,128,True,False,False,False
STRAIN_000618,5,GLOBAL_CONTIG,3,242,0.6909213662147522,0.3090786337852478,0.78622967004776,128,True,False,False,False
STRAIN_000618,5,GLOBAL_CONTIG,4,342,0.6540508270263672,0.3459491729736328,0.8318042159080505,128,True,False,False,False
STRAIN_000618,5,GLOBAL_CONTIG,5,442,0.6324354410171509,0.3675645589828491,0.8573967218399048,128,True,False,False,False
STRAIN_000619,5,GLOBAL_CONTIG,1,42,0.6641031503677368,0.3358968496322632,0.8196302056312561,128,True,False,False,False
STRAIN_000619,5,GLOBAL_CONTIG,2,142,0.6482188701629639,0.35178112983703613,0.838786244392395,128,True,False,False,False
STRAIN_000619,5,GLOBAL_CONTIG,3,242,0.6497927904129028,0.35020720958709717,0.8369076251983643,128,True,False,False,False
STRAIN_000619,5,GLOBAL_CONTIG,4,342,0.6416431069374084,0.35835689306259155,0.8465895056724548,128,True,False,False,False
STRAIN_000619,5,GLOBAL_CONTIG,5,442,0.6544826030731201,0.3455173969268799,0.8312849402427673,128,True,False,False,False
STRAIN_000620,5,GLOBAL_CONTIG,1,42,0.6801266670227051,0.3198733329772949,0.7998418211936951,128,True,False,False,False
STRAIN_000620,5,GLOBAL_CONTIG,2,142,0.6448976993560791,0.3551023006439209,0.8427364230155945,128,True,False,False,False
STRAIN_000620,5,GLOBAL_CONTIG,3,242,0.6524496078491211,0.3475503921508789,0.8337270617485046,128,True,False,False,False
STRAIN_000620,5,GLOBAL_CONTIG,4,342,0.6504325866699219,0.3495674133300781,0.8361428380012512,128,True,False,False,False
STRAIN_000620,5,GLOBAL_CONTIG,5,442,0.6666795015335083,0.3333204984664917,0.816480815410614,128,True,False,False,False
STRAIN_000621,5,GLOBAL_CONTIG,1,42,0.6950109004974365,0.3049890995025635,0.7810111045837402,128,True,False,False,False
STRAIN_000621,5,GLOBAL_CONTIG,2,142,0.6742920279502869,0.32570797204971313,0.8071034550666809,128,True,False,False,False
STRAIN_000621,5,GLOBAL_CONTIG,3,242,0.7175657749176025,0.28243422508239746,0.7515773773193359,128,True,False,False,False
STRAIN_000621,5,GLOBAL_CONTIG,4,342,0.6695334911346436,0.33046650886535645,0.8129779696464539,128,True,False,False,False
STRAIN_000621,5,GLOBAL_CONTIG,5,442,0.7063276767730713,0.2936723232269287,0.7663842439651489,128,True,False,False,False
STRAIN_000629,5,GLOBAL_CONTIG,1,42,0.6558067202568054,0.3441932797431946,0.8296906352043152,128,True,False,False,False
STRAIN_000629,5,GLOBAL_CONTIG,2,142,0.6826240420341492,0.31737595796585083,0.7967131733894348,128,True,False,False,False
STRAIN_000629,5,GLOBAL_CONTIG,3,242,0.7064107656478882,0.2935892343521118,0.7662757039070129,128,True,False,False,False
STRAIN_000629,5,GLOBAL_CONTIG,4,342,0.6658875346183777,0.3341124653816223,0.817450225353241,128,True,False,False,False
STRAIN_000629,5,GLOBAL_CONTIG,5,442,0.6919790506362915,0.3080209493637085,0.7848833203315735,128,True,False,False,False
STRAIN_000630,5,GLOBAL_CONTIG,1,42,0.678622841835022,0.321377158164978,0.801719605922699,128,True,False,False,False
STRAIN_000630,5,GLOBAL_CONTIG,2,142,0.7069807052612305,0.29301929473876953,0.765531599521637,128,True,False,False,False
STRAIN_000630,5,GLOBAL_CONTIG,3,242,0.6630452871322632,0.3369547128677368,0.820919930934906,128,True,False,False,False
STRAIN_000630,5,GLOBAL_CONTIG,4,342,0.6283946633338928,0.3716053366661072,0.8620967268943787,128,True,False,False,False
STRAIN_000630,5,GLOBAL_CONTIG,5,442,0.6399872303009033,0.3600127696990967,0.8485432267189026,128,True,False,False,False
STRAIN_000635,5,GLOBAL_CONTIG,1,42,0.6418763399124146,0.35812366008758545,0.8463139533996582,128,True,False,False,False
STRAIN_000635,5,GLOBAL_CONTIG,2,142,0.7236352562904358,0.2763647437095642,0.7434577345848083,128,True,False,False,False
STRAIN_000635,5,GLOBAL_CONTIG,3,242,0.7235299348831177,0.2764700651168823,0.7435994148254395,128,True,False,False,False
STRAIN_000635,5,GLOBAL_CONTIG,4,342,0.6829605102539062,0.31703948974609375,0.7962906360626221,128,True,False,False,False
STRAIN_000635,5,GLOBAL_CONTIG,5,442,0.7435222268104553,0.2564777731895447,0.7162091135978699,128,True,False,False,False
STRAIN_000650,5,GLOBAL_CONTIG,1,42,0.7367523908615112,0.26324760913848877,0.7255999445915222,128,True,False,False,False
STRAIN_000650,5,GLOBAL_CONTIG,2,142,0.7950421571731567,0.20495784282684326,0.6402465105056763,128,True,False,False,False
STRAIN_000650,5,GLOBAL_CONTIG,3,242,0.752152681350708,0.247847318649292,0.704055905342102,128,True,False,False,False
STRAIN_000650,5,GLOBAL_CONTIG,4,342,0.7799341678619385,0.22006583213806152,0.6634241342544556,128,True,False,False,False
STRAIN_000650,5,GLOBAL_CONTIG,5,442,0.725517213344574,0.274482786655426,0.7409220933914185,128,True,False,False,False
STRAIN_000652,5,GLOBAL_CONTIG,1,42,0.6992151141166687,0.3007848858833313,0.7756093144416809,128,True,False,False,False
STRAIN_000652,5,GLOBAL_CONTIG,2,142,0.7222727537155151,0.27772724628448486,0.7452881932258606,128,True,False,False,False
STRAIN_000652,5,GLOBAL_CONTIG,3,242,0.6893469095230103,0.31065309047698975,0.788229763507843,128,True,False,False,False
STRAIN_000652,5,GLOBAL_CONTIG,4,342,0.6941007375717163,0.3058992624282837,0.7821754813194275,128,True,False,False,False
STRAIN_000652,5,GLOBAL_CONTIG,5,442,0.6908919215202332,0.30910807847976685,0.7862672805786133,128,True,False,False,False
STRAIN_000663,5,GLOBAL_CONTIG,1,42,0.5549726486206055,0.44502735137939453,0.9434270858764648,128,True,False,False,False
STRAIN_000663,5,GLOBAL_CONTIG,2,142,0.544600248336792,0.455399751663208,0.9543581604957581,128,True,False,False,False
STRAIN_000663,5,GLOBAL_CONTIG,3,242,0.5494740605354309,0.4505259394645691,0.9492375254631042,128,True,False,False,False
STRAIN_000663,5,GLOBAL_CONTIG,4,342,0.5636029243469238,0.43639707565307617,0.934234619140625,128,True,False,False,False
STRAIN_000663,5,GLOBAL_CONTIG,5,442,0.5368140339851379,0.46318596601486206,0.9624821543693542,128,True,False,False,False
STRAIN_000671,5,GLOBAL_CONTIG,1,42,0.7156094908714294,0.28439050912857056,0.7541757225990295,128,True,False,False,False
STRAIN_000671,5,GLOBAL_CONTIG,2,142,0.6656888723373413,0.3343111276626587,0.8176932334899902,128,True,False,False,False
STRAIN_000671,5,GLOBAL_CONTIG,3,242,0.698367714881897,0.301632285118103,0.7767010927200317,128,True,False,False,False
STRAIN_000671,5,GLOBAL_CONTIG,4,342,0.696544885635376,0.303455114364624,0.7790443897247314,128,True,False,False,False
STRAIN_000671,5,GLOBAL_CONTIG,5,442,0.6886443495750427,0.3113556504249573,0.789120614528656,128,True,False,False,False
STRAIN_000672,5,GLOBAL_CONTIG,1,42,0.5426567792892456,0.4573432207107544,0.9563922882080078,128,True,False,False,False
STRAIN_000672,5,GLOBAL_CONTIG,2,142,0.5405608415603638,0.45943915843963623,0.9585813283920288,128,True,False,False,False
STRAIN_000672,5,GLOBAL_CONTIG,3,242,0.6017002463340759,0.3982997536659241,0.8925241827964783,128,True,False,False,False
STRAIN_000672,5,GLOBAL_CONTIG,4,342,0.5341485142707825,0.46585148572921753,0.9652475714683533,128,True,False,False,False
STRAIN_000672,5,GLOBAL_CONTIG,5,442,0.5922269821166992,0.4077730178833008,0.9030758738517761,128,True,False,False,False
STRAIN_000683,5,GLOBAL_CONTIG,1,42,0.5377446413040161,0.4622553586959839,0.9615148305892944,128,True,False,False,False
STRAIN_000683,5,GLOBAL_CONTIG,2,142,0.5503930449485779,0.4496069550514221,0.9482688307762146,128,True,False,False,False
STRAIN_000683,5,GLOBAL_CONTIG,3,242,0.5744256973266602,0.42557430267333984,0.9225770831108093,128,True,False,False,False
STRAIN_000683,5,GLOBAL_CONTIG,4,342,0.5253851413726807,0.47461485862731934,0.974284291267395,128,True,False,False,False
STRAIN_000683,5,GLOBAL_CONTIG,5,442,0.5380144119262695,0.46198558807373047,0.9612342119216919,128,True,False,False,False
STRAIN_000688,5,GLOBAL_CONTIG,1,42,0.6815997362136841,0.3184002637863159,0.797997772693634,128,True,False,False,False
STRAIN_000688,5,GLOBAL_CONTIG,2,142,0.6977612972259521,0.30223870277404785,0.7774814367294312,128,True,False,False,False
STRAIN_000688,5,GLOBAL_CONTIG,3,242,0.6348329782485962,0.3651670217514038,0.8545958995819092,128,True,False,False,False
STRAIN_000688,5,GLOBAL_CONTIG,4,342,0.672534704208374,0.327465295791626,0.8092777729034424,128,True,False,False,False
STRAIN_000688,5,GLOBAL_CONTIG,5,442,0.6378276944160461,0.36217230558395386,0.8510844111442566,128,True,False,False,False
STRAIN_000693,5,GLOBAL_CONTIG,1,42,0.5656658411026001,0.4343341588973999,0.9320239424705505,128,True,False,False,False
STRAIN_000693,5,GLOBAL_CONTIG,2,142,0.521857738494873,0.47814226150512695,0.9778980016708374,128,True,False,False,False
STRAIN_000693,5,GLOBAL_CONTIG,3,242,0.5418353080749512,0.45816469192504883,0.9572510719299316,128,True,False,False,False
STRAIN_000693,5,GLOBAL_CONTIG,4,342,0.5569318532943726,0.44306814670562744,0.9413482546806335,128,True,False,False,False
STRAIN_000693,5,GLOBAL_CONTIG,5,442,0.5691124200820923,0.4308875799179077,0.9283185005187988,128,True,False,False,False
STRAIN_000697,5,GLOBAL_CONTIG,1,42,0.7040851712226868,0.29591482877731323,0.7693045735359192,128,True,False,False,False
STRAIN_000697,5,GLOBAL_CONTIG,2,142,0.6692991256713867,0.3307008743286133,0.8132660388946533,128,True,False,False,False
STRAIN_000697,5,GLOBAL_CONTIG,3,242,0.7028383612632751,0.29716163873672485,0.7709236145019531,128,True,False,False,False
STRAIN_000697,5,GLOBAL_CONTIG,4,342,0.681506335735321,0.31849366426467896,0.7981147766113281,128,True,False,False,False
STRAIN_000697,5,GLOBAL_CONTIG,5,442,0.6766606569290161,0.3233393430709839,0.8041633367538452,128,True,False,False,False
STRAIN_000698,5,GLOBAL_CONTIG,1,42,0.6609563827514648,0.33904361724853516,0.8234604001045227,128,True,False,False,False
STRAIN_000698,5,GLOBAL_CONTIG,2,142,0.7006140947341919,0.2993859052658081,0.7738033533096313,128,True,False,False,False
STRAIN_000698,5,GLOBAL_CONTIG,3,242,0.682785153388977,0.31721484661102295,0.7965108752250671,128,True,False,False,False
STRAIN_000698,5,GLOBAL_CONTIG,4,342,0.6934866905212402,0.30651330947875977,0.7829601764678955,128,True,False,False,False
STRAIN_000698,5,GLOBAL_CONTIG,5,442,0.6884052157402039,0.31159478425979614,0.7894234657287598,128,True,False,False,False
STRAIN_000699,5,GLOBAL_CONTIG,1,42,0.6912813186645508,0.3087186813354492,0.7857718467712402,128,True,False,False,False
STRAIN_000699,5,GLOBAL_CONTIG,2,142,0.680165708065033,0.31983429193496704,0.7997927665710449,128,True,False,False,False
STRAIN_000699,5,GLOBAL_CONTIG,3,242,0.7042871117591858,0.2957128882408142,0.7690421342849731,128,True,False,False,False
STRAIN_000699,5,GLOBAL_CONTIG,4,342,0.7103800773620605,0.28961992263793945,0.7610781788825989,128,True,False,False,False
STRAIN_000699,5,GLOBAL_CONTIG,5,442,0.6915857791900635,0.3084142208099365,0.7853842377662659,128,True,False,False,False
STRAIN_000700,5,GLOBAL_CONTIG,1,42,0.6850963830947876,0.3149036169052124,0.7936040163040161,128,True,False,False,False
STRAIN_000700,5,GLOBAL_CONTIG,2,142,0.7059931755065918,0.2940068244934082,0.7668205499649048,128,True,False,False,False
STRAIN_000700,5,GLOBAL_CONTIG,3,242,0.7150015234947205,0.28499847650527954,0.7549813985824585,128,True,False,False,False
STRAIN_000700,5,GLOBAL_CONTIG,4,342,0.691344141960144,0.30865585803985596,0.7856919765472412,128,True,False,False,False
STRAIN_000700,5,GLOBAL_CONTIG,5,442,0.7037827968597412,0.2962172031402588,0.7696976661682129,128,True,False,False,False
STRAIN_000706,5,GLOBAL_CONTIG,1,42,0.6298790574073792,0.37012094259262085,0.8603730797767639,128,True,False,False,False
STRAIN_000706,5,GLOBAL_CONTIG,2,142,0.6079425811767578,0.3920574188232422,0.8855026364326477,128,True,False,False,False
STRAIN_000706,5,GLOBAL_CONTIG,3,242,0.6064465045928955,0.3935534954071045,0.8871905207633972,128,True,False,False,False
STRAIN_000706,5,GLOBAL_CONTIG,4,342,0.6303597688674927,0.3696402311325073,0.8598142266273499,128,True,False,False,False
STRAIN_000706,5,GLOBAL_CONTIG,5,442,0.6104856729507446,0.38951432704925537,0.8826259970664978,128,True,False,False,False
STRAIN_000708,5,GLOBAL_CONTIG,1,42,0.6690785884857178,0.3309214115142822,0.8135373592376709,128,True,False,False,False
STRAIN_000708,5,GLOBAL_CONTIG,2,142,0.6997215151786804,0.3002784848213196,0.7749561071395874,128,True,False,False,False
STRAIN_000708,5,GLOBAL_CONTIG,3,242,0.6348641514778137,0.3651358485221863,0.8545593619346619,128,True,False,False,False
STRAIN_000708,5,GLOBAL_CONTIG,4,342,0.6771793961524963,0.32282060384750366,0.8035179972648621,128,True,False,False,False
STRAIN_000708,5,GLOBAL_CONTIG,5,442,0.6137655973434448,0.3862344026565552,0.878902018070221,128,True,False,False,False
STRAIN_000709,5,GLOBAL_CONTIG,1,42,0.6905681490898132,0.30943185091018677,0.7866788506507874,128,True,False,False,False
STRAIN_000709,5,GLOBAL_CONTIG,2,142,0.7016682624816895,0.29833173751831055,0.7724398970603943,128,True,False,False,False
STRAIN_000709,5,GLOBAL_CONTIG,3,242,0.7057301998138428,0.2942698001861572,0.7671632170677185,128,True,False,False,False
STRAIN_000709,5,GLOBAL_CONTIG,4,342,0.6728096008300781,0.3271903991699219,0.8089380860328674,128,True,False,False,False
STRAIN_000709,5,GLOBAL_CONTIG,5,442,0.7143301963806152,0.28566980361938477,0.7558700442314148,128,True,False,False,False
STRAIN_000717,5,GLOBAL_CONTIG,1,42,0.6926124095916748,0.3073875904083252,0.7840759754180908,128,True,False,False,False
STRAIN_000717,5,GLOBAL_CONTIG,2,142,0.7507447600364685,0.2492552399635315,0.7060528993606567,128,True,False,False,False
STRAIN_000717,5,GLOBAL_CONTIG,3,242,0.6972338557243347,0.3027661442756653,0.7781596183776855,128,True,False,False,False
STRAIN_000717,5,GLOBAL_CONTIG,4,342,0.71500563621521,0.28499436378479004,0.7549760341644287,128,True,False,False,False
STRAIN_000717,5,GLOBAL_CONTIG,5,442,0.7329484224319458,0.2670515775680542,0.7308236956596375,128,True,False,False,False
STRAIN_000721,5,GLOBAL_CONTIG,1,42,0.6700246334075928,0.3299753665924072,0.8123734593391418,128,True,False,False,False
STRAIN_000721,5,GLOBAL_CONTIG,2,142,0.6761114001274109,0.3238885998725891,0.8048460483551025,128,True,False,False,False
STRAIN_000721,5,GLOBAL_CONTIG,3,242,0.6907047033309937,0.30929529666900635,0.786505401134491,128,True,False,False,False
STRAIN_000721,5,GLOBAL_CONTIG,4,342,0.6701724529266357,0.32982754707336426,0.8121915459632874,128,True,False,False,False
STRAIN_000721,5,GLOBAL_CONTIG,5,442,0.6688613891601562,0.33113861083984375,0.8138042092323303,128,True,False,False,False
STRAIN_000740,5,GLOBAL_CONTIG,1,42,0.5387899875640869,0.4612100124359131,0.9604271054267883,128,True,False,False,False
STRAIN_000740,5,GLOBAL_CONTIG,2,142,0.5547627806663513,0.4452372193336487,0.9436495900154114,128,True,False,False,False
STRAIN_000740,5,GLOBAL_CONTIG,3,242,0.5578218698501587,0.4421781301498413,0.9404023289680481,128,True,False,False,False
STRAIN_000740,5,GLOBAL_CONTIG,4,342,0.5491030216217041,0.4508969783782959,0.9496282339096069,128,True,False,False,False
STRAIN_000740,5,GLOBAL_CONTIG,5,442,0.584464967250824,0.415535032749176,0.9116305708885193,128,True,False,False,False
STRAIN_000751,5,GLOBAL_CONTIG,1,42,0.6039060354232788,0.3960939645767212,0.8900493383407593,128,True,False,False,False
STRAIN_000751,5,GLOBAL_CONTIG,2,142,0.6740026473999023,0.32599735260009766,0.8074619174003601,128,True,False,False,False
STRAIN_000751,5,GLOBAL_CONTIG,3,242,0.6661313772201538,0.3338686227798462,0.8171519637107849,128,True,False,False,False
STRAIN_000751,5,GLOBAL_CONTIG,4,342,0.5527228116989136,0.4472771883010864,0.9458088874816895,128,True,False,False,False
STRAIN_000751,5,GLOBAL_CONTIG,5,442,0.5583510994911194,0.4416489005088806,0.9398393034934998,128,True,False,False,False
STRAIN_000752,5,GLOBAL_CONTIG,1,42,0.6211854219436646,0.37881457805633545,0.8704189658164978,128,True,False,False,False
STRAIN_000752,5,GLOBAL_CONTIG,2,142,0.6010518074035645,0.39894819259643555,0.8932504653930664,128,True,False,False,False
STRAIN_000752,5,GLOBAL_CONTIG,3,242,0.6443942785263062,0.35560572147369385,0.8433335423469543,128,True,False,False,False
STRAIN_000752,5,GLOBAL_CONTIG,4,342,0.5862936973571777,0.41370630264282227,0.9096223711967468,128,True,False,False,False
STRAIN_000752,5,GLOBAL_CONTIG,5,442,0.6049970388412476,0.39500296115875244,0.8888227343559265,128,True,False,False,False
STRAIN_000754,5,GLOBAL_CONTIG,1,42,0.6111234426498413,0.3888765573501587,0.8819031119346619,128,True,False,False,False
STRAIN_000754,5,GLOBAL_CONTIG,2,142,0.6439481377601624,0.35605186223983765,0.8438622951507568,128,True,False,False,False
STRAIN_000754,5,GLOBAL_CONTIG,3,242,0.6301052570343018,0.36989474296569824,0.8601101040840149,128,True,False,False,False
STRAIN_000754,5,GLOBAL_CONTIG,4,342,0.6193572878837585,0.38064271211624146,0.8725168108940125,128,True,False,False,False
STRAIN_000754,5,GLOBAL_CONTIG,5,442,0.6036959290504456,0.39630407094955444,0.8902854919433594,128,True,False,False,False
STRAIN_000755,5,GLOBAL_CONTIG,1,42,0.5110445618629456,0.48895543813705444,0.9888938069343567,128,True,False,False,False
STRAIN_000755,5,GLOBAL_CONTIG,2,142,0.5362535119056702,0.46374648809432983,0.9630643725395203,128,True,False,False,False
STRAIN_000755,5,GLOBAL_CONTIG,3,242,0.5070353746414185,0.49296462535858154,0.9929397702217102,128,True,False,False,False
STRAIN_000755,5,GLOBAL_CONTIG,4,342,0.5072811841964722,0.49271881580352783,0.9926921129226685,128,True,False,False,False
STRAIN_000755,5,GLOBAL_CONTIG,5,442,0.5164372324943542,0.48356276750564575,0.9834254384040833,128,True,False,False,False
STRAIN_000757,5,GLOBAL_CONTIG,1,42,0.6974823474884033,0.3025176525115967,0.777840256690979,128,True,False,False,False
STRAIN_000757,5,GLOBAL_CONTIG,2,142,0.6938061714172363,0.30619382858276367,0.7825520038604736,128,True,False,False,False
STRAIN_000757,5,GLOBAL_CONTIG,3,242,0.7315238118171692,0.2684761881828308,0.7327703833580017,128,True,False,False,False
STRAIN_000757,5,GLOBAL_CONTIG,4,342,0.7258776426315308,0.27412235736846924,0.7404354214668274,128,True,False,False,False
STRAIN_000757,5,GLOBAL_CONTIG,5,442,0.7386099100112915,0.2613900899887085,0.7230353355407715,128,True,False,False,False
STRAIN_000758,5,GLOBAL_CONTIG,1,42,0.6672341823577881,0.3327658176422119,0.8158011436462402,128,True,False,False,False
STRAIN_000758,5,GLOBAL_CONTIG,2,142,0.6483820080757141,0.3516179919242859,0.8385915756225586,128,True,False,False,False
STRAIN_000758,5,GLOBAL_CONTIG,3,242,0.6055197715759277,0.39448022842407227,0.888234555721283,128,True,False,False,False
STRAIN_000758,5,GLOBAL_CONTIG,4,342,0.6107730865478516,0.38922691345214844,0.8823001980781555,128,True,False,False,False
STRAIN_000758,5,GLOBAL_CONTIG,5,442,0.6599047183990479,0.34009528160095215,0.8247366547584534,128,True,False,False,False
STRAIN_000769,5,GLOBAL_CONTIG,1,42,0.7165390253067017,0.28346097469329834,0.7529422044754028,128,True,False,False,False
STRAIN_000769,5,GLOBAL_CONTIG,2,142,0.7325382828712463,0.26746171712875366,0.7313845753669739,128,True,False,False,False
STRAIN_000769,5,GLOBAL_CONTIG,3,242,0.7014044523239136,0.2985955476760864,0.7727813720703125,128,True,False,False,False
STRAIN_000769,5,GLOBAL_CONTIG,4,342,0.7288476228713989,0.2711523771286011,0.7364134192466736,128,True,False,False,False
STRAIN_000769,5,GLOBAL_CONTIG,5,442,0.6958308815956116,0.3041691184043884,0.7799605131149292,128,True,False,False,False
STRAIN_000774,5,GLOBAL_CONTIG,1,42,0.7189491987228394,0.28105080127716064,0.7497345209121704,128,True,False,False,False
STRAIN_000774,5,GLOBAL_CONTIG,2,142,0.7422123551368713,0.25778764486312866,0.7180358171463013,128,True,False,False,False
STRAIN_000774,5,GLOBAL_CONTIG,3,242,0.7112020254135132,0.2887979745864868,0.7599973082542419,128,True,False,False,False
STRAIN_000774,5,GLOBAL_CONTIG,4,342,0.6737208366394043,0.3262791633605957,0.8078109622001648,128,True,False,False,False
STRAIN_000774,5,GLOBAL_CONTIG,5,442,0.7270916700363159,0.2729083299636841,0.7387941479682922,128,True,False,False,False
STRAIN_000777,5,GLOBAL_CONTIG,1,42,0.7105199098587036,0.2894800901412964,0.760894238948822,128,True,False,False,False
STRAIN_000777,5,GLOBAL_CONTIG,2,142,0.6544277667999268,0.34557223320007324,0.8313509821891785,128,True,False,False,False
STRAIN_000777,5,GLOBAL_CONTIG,3,242,0.6900699734687805,0.3099300265312195,0.7873119115829468,128,True,False,False,False
STRAIN_000777,5,GLOBAL_CONTIG,4,342,0.6769704818725586,0.3230295181274414,0.8037778735160828,128,True,False,False,False
STRAIN_000777,5,GLOBAL_CONTIG,5,442,0.702394962310791,0.297605037689209,0.7714986205101013,128,True,False,False,False
STRAIN_000792,5,GLOBAL_CONTIG,1,42,0.6570202112197876,0.3429797887802124,0.8282268047332764,128,True,False,False,False
STRAIN_000792,5,GLOBAL_CONTIG,2,142,0.7141107320785522,0.28588926792144775,0.7561604380607605,128,True,False,False,False
STRAIN_000792,5,GLOBAL_CONTIG,3,242,0.6409415602684021,0.3590584397315979,0.8474177122116089,128,True,False,False,False
STRAIN_000792,5,GLOBAL_CONTIG,4,342,0.653087854385376,0.346912145614624,0.8329611420631409,128,True,False,False,False
STRAIN_000792,5,GLOBAL_CONTIG,5,442,0.6698806285858154,0.33011937141418457,0.8125506639480591,128,True,False,False,False
STRAIN_000795,5,GLOBAL_CONTIG,1,42,0.6214075088500977,0.37859249114990234,0.8701636791229248,128,True,False,False,False
STRAIN_000795,5,GLOBAL_CONTIG,2,142,0.6269878149032593,0.3730121850967407,0.8637270331382751,128,True,False,False,False
STRAIN_000795,5,GLOBAL_CONTIG,3,242,0.6188584566116333,0.3811415433883667,0.8730882406234741,128,True,False,False,False
STRAIN_000795,5,GLOBAL_CONTIG,4,342,0.6386525630950928,0.3613474369049072,0.8501145243644714,128,True,False,False,False
STRAIN_000795,5,GLOBAL_CONTIG,5,442,0.61513751745224,0.38486248254776,0.8773396611213684,128,True,False,False,False
STRAIN_000800,5,GLOBAL_CONTIG,1,42,0.5985492467880249,0.4014507532119751,0.8960476517677307,128,True,False,False,False
STRAIN_000800,5,GLOBAL_CONTIG,2,142,0.5655734539031982,0.43442654609680176,0.9321228265762329,128,True,False,False,False
STRAIN_000800,5,GLOBAL_CONTIG,3,242,0.5661495327949524,0.4338504672050476,0.9315046072006226,128,True,False,False,False
STRAIN_000800,5,GLOBAL_CONTIG,4,342,0.5722166895866394,0.4277833104133606,0.924968421459198,128,True,False,False,False
STRAIN_000800,5,GLOBAL_CONTIG,5,442,0.5563676357269287,0.4436323642730713,0.9419472217559814,128,True,False,False,False
STRAIN_000807,5,GLOBAL_CONTIG,1,42,0.5498303771018982,0.4501696228981018,0.9488620758056641,128,True,False,False,False
STRAIN_000807,5,GLOBAL_CONTIG,2,142,0.5648607015609741,0.4351392984390259,0.9328872561454773,128,True,False,False,False
STRAIN_000807,5,GLOBAL_CONTIG,3,242,0.5432016253471375,0.45679837465286255,0.9558225274085999,128,True,False,False,False
STRAIN_000807,5,GLOBAL_CONTIG,4,342,0.559111475944519,0.44088852405548096,0.93902987241745,128,True,False,False,False
STRAIN_000807,5,GLOBAL_CONTIG,5,442,0.56288743019104,0.43711256980895996,0.9350001215934753,128,True,False,False,False
STRAIN_000814,5,GLOBAL_CONTIG,1,42,0.5794437527656555,0.4205562472343445,0.917121946811676,128,True,False,False,False
STRAIN_000814,5,GLOBAL_CONTIG,2,142,0.5581156015396118,0.4418843984603882,0.940089762210846,128,True,False,False,False
STRAIN_000814,5,GLOBAL_CONTIG,3,242,0.5896089673042297,0.41039103269577026,0.9059702157974243,128,True,False,False,False
STRAIN_000814,5,GLOBAL_CONTIG,4,342,0.5490226745605469,0.4509773254394531,0.9497130513191223,128,True,False,False,False
STRAIN_000814,5,GLOBAL_CONTIG,5,442,0.5974968075752258,0.40250319242477417,0.897221565246582,128,True,False,False,False
STRAIN_000824,5,GLOBAL_CONTIG,1,42,0.7369141578674316,0.26308584213256836,0.7253770232200623,128,True,False,False,False
STRAIN_000824,5,GLOBAL_CONTIG,2,142,0.6860767602920532,0.3139232397079468,0.792367696762085,128,True,False,False,False
STRAIN_000824,5,GLOBAL_CONTIG,3,242,0.7923405170440674,0.20765948295593262,0.6444524526596069,128,True,False,False,False
STRAIN_000824,5,GLOBAL_CONTIG,4,342,0.7326020002365112,0.26739799976348877,0.731297492980957,128,True,False,False,False
STRAIN_000824,5,GLOBAL_CONTIG,5,442,0.6706995964050293,0.3293004035949707,0.8115421533584595,128,True,False,False,False
STRAIN_000827,5,GLOBAL_CONTIG,1,42,0.7311906814575195,0.26880931854248047,0.7332249283790588,128,True,False,False,False
STRAIN_000827,5,GLOBAL_CONTIG,2,142,0.7069756388664246,0.29302436113357544,0.7655380964279175,128,True,False,False,False
STRAIN_000827,5,GLOBAL_CONTIG,3,242,0.696570873260498,0.30342912673950195,0.7790110111236572,128,True,False,False,False
STRAIN_000827,5,GLOBAL_CONTIG,4,342,0.6931954622268677,0.3068045377731323,0.7833319306373596,128,True,False,False,False
STRAIN_000827,5,GLOBAL_CONTIG,5,442,0.7230290174484253,0.2769709825515747,0.744272768497467,128,True,False,False,False
STRAIN_000831,5,GLOBAL_CONTIG,1,42,0.7264671325683594,0.2735328674316406,0.7396388649940491,128,True,False,False,False
STRAIN_000831,5,GLOBAL_CONTIG,2,142,0.7118180990219116,0.2881819009780884,0.7591860890388489,128,True,False,False,False
STRAIN_000831,5,GLOBAL_CONTIG,3,242,0.6991263031959534,0.30087369680404663,0.7757236957550049,128,True,False,False,False
STRAIN_000831,5,GLOBAL_CONTIG,4,342,0.7415553331375122,0.2584446668624878,0.718950092792511,128,True,False,False,False
STRAIN_000831,5,GLOBAL_CONTIG,5,442,0.7416865825653076,0.2583134174346924,0.7187675833702087,128,True,False,False,False
STRAIN_000833,5,GLOBAL_CONTIG,1,42,0.702479898929596,0.29752010107040405,0.7713883519172668,128,True,False,False,False
STRAIN_000833,5,GLOBAL_CONTIG,2,142,0.6697016954421997,0.3302983045578003,0.8127709627151489,128,True,False,False,False
STRAIN_000833,5,GLOBAL_CONTIG,3,242,0.7715370655059814,0.22846293449401855,0.6759628057479858,128,True,False,False,False
STRAIN_000833,5,GLOBAL_CONTIG,4,342,0.6948815584182739,0.3051184415817261,0.7811765074729919,128,True,False,False,False
STRAIN_000833,5,GLOBAL_CONTIG,5,442,0.6010951995849609,0.39890480041503906,0.8932018280029297,128,True,False,False,False
STRAIN_000842,5,GLOBAL_CONTIG,1,42,0.6766485571861267,0.3233514428138733,0.8041782975196838,128,True,False,False,False
STRAIN_000842,5,GLOBAL_CONTIG,2,142,0.6876925230026245,0.3123074769973755,0.790325939655304,128,True,False,False,False
STRAIN_000842,5,GLOBAL_CONTIG,3,242,0.6731686592102051,0.3268313407897949,0.8084940314292908,128,True,False,False,False
STRAIN_000842,5,GLOBAL_CONTIG,4,342,0.6381186246871948,0.3618813753128052,0.8507424592971802,128,True,False,False,False
STRAIN_000842,5,GLOBAL_CONTIG,5,442,0.6668481230735779,0.3331518769264221,0.8162742853164673,128,True,False,False,False
STRAIN_000843,5,GLOBAL_CONTIG,1,42,0.7214038968086243,0.27859610319137573,0.746453046798706,128,True,False,False,False
STRAIN_000843,5,GLOBAL_CONTIG,2,142,0.7865883111953735,0.21341168880462646,0.6533172130584717,128,True,False,False,False
STRAIN_000843,5,GLOBAL_CONTIG,3,242,0.6997252702713013,0.30027472972869873,0.7749512791633606,128,True,False,False,False
STRAIN_000843,5,GLOBAL_CONTIG,4,342,0.7180826663970947,0.2819173336029053,0.7508894205093384,128,True,False,False,False
STRAIN_000843,5,GLOBAL_CONTIG,5,442,0.7308176755905151,0.26918232440948486,0.7337332963943481,128,True,False,False,False
STRAIN_000844,5,GLOBAL_CONTIG,1,42,0.6228101849555969,0.3771898150444031,0.8685503005981445,128,True,False,False,False
STRAIN_000844,5,GLOBAL_CONTIG,2,142,0.6270811557769775,0.37291884422302246,0.8636189699172974,128,True,False,False,False
STRAIN_000844,5,GLOBAL_CONTIG,3,242,0.6020568609237671,0.3979431390762329,0.892124593257904,128,True,False,False,False
STRAIN_000844,5,GLOBAL_CONTIG,4,342,0.6398167014122009,0.3601832985877991,0.8487440347671509,128,True,False,False,False
STRAIN_000844,5,GLOBAL_CONTIG,5,442,0.6228590607643127,0.37714093923568726,0.8684940338134766,128,True,False,False,False
STRAIN_000847,5,GLOBAL_CONTIG,1,42,0.691020667552948,0.308979332447052,0.7861033082008362,128,True,False,False,False
STRAIN_000847,5,GLOBAL_CONTIG,2,142,0.6743332147598267,0.32566678524017334,0.8070523142814636,128,True,False,False,False
STRAIN_000847,5,GLOBAL_CONTIG,3,242,0.6948751211166382,0.3051248788833618,0.7811847925186157,128,True,False,False,False
STRAIN_000847,5,GLOBAL_CONTIG,4,342,0.6578611135482788,0.3421388864517212,0.8272108435630798,128,True,False,False,False
STRAIN_000847,5,GLOBAL_CONTIG,5,442,0.6824944019317627,0.3175055980682373,0.7968757748603821,128,True,False,False,False
STRAIN_000848,5,GLOBAL_CONTIG,1,42,0.54395592212677,0.45604407787323,0.9550331830978394,128,True,False,False,False
STRAIN_000848,5,GLOBAL_CONTIG,2,142,0.5001758933067322,0.4998241066932678,0.9998242259025574,128,True,False,False,False
STRAIN_000848,5,GLOBAL_CONTIG,3,242,0.5507108569145203,0.44928914308547974,0.9479336738586426,128,True,False,False,False
STRAIN_000848,5,GLOBAL_CONTIG,4,342,0.535984456539154,0.46401554346084595,0.963343620300293,128,True,False,False,False
STRAIN_000848,5,GLOBAL_CONTIG,5,442,0.5177904367446899,0.48220956325531006,0.9820484519004822,128,True,False,False,False
STRAIN_000860,5,GLOBAL_CONTIG,1,42,0.6513924598693848,0.34860754013061523,0.8349941372871399,128,True,False,False,False
STRAIN_000860,5,GLOBAL_CONTIG,2,142,0.6019651889801025,0.39803481101989746,0.8922273516654968,128,True,False,False,False
STRAIN_000860,5,GLOBAL_CONTIG,3,242,0.6224421262741089,0.3775578737258911,0.868973970413208,128,True,False,False,False
STRAIN_000860,5,GLOBAL_CONTIG,4,342,0.5670000910758972,0.4329999089241028,0.9305911064147949,128,True,False,False,False
STRAIN_000860,5,GLOBAL_CONTIG,5,442,0.5873399376869202,0.41266006231307983,0.9084712862968445,128,True,False,False,False
STRAIN_000870,5,GLOBAL_CONTIG,1,42,0.6314014196395874,0.3685985803604126,0.8586018085479736,128,True,False,False,False
STRAIN_000870,5,GLOBAL_CONTIG,2,142,0.6446323394775391,0.35536766052246094,0.8430510759353638,128,True,False,False,False
STRAIN_000870,5,GLOBAL_CONTIG,3,242,0.653235912322998,0.34676408767700195,0.8327834010124207,128,True,False,False,False
STRAIN_000870,5,GLOBAL_CONTIG,4,342,0.6261856555938721,0.37381434440612793,0.8646551966667175,128,True,False,False,False
STRAIN_000870,5,GLOBAL_CONTIG,5,442,0.6242053508758545,0.3757946491241455,0.8669424057006836,128,True,False,False,False
STRAIN_000872,5,GLOBAL_CONTIG,1,42,0.6888931393623352,0.3111068606376648,0.7888051867485046,128,True,False,False,False
STRAIN_000872,5,GLOBAL_CONTIG,2,142,0.6819764375686646,0.31802356243133545,0.7975256443023682,128,True,False,False,False
STRAIN_000872,5,GLOBAL_CONTIG,3,242,0.7261085510253906,0.2738914489746094,0.7401235699653625,128,True,False,False,False
STRAIN_000872,5,GLOBAL_CONTIG,4,342,0.6922558546066284,0.3077441453933716,0.784530520439148,128,True,False,False,False
STRAIN_000872,5,GLOBAL_CONTIG,5,442,0.7341583967208862,0.26584160327911377,0.7291660904884338,128,True,False,False,False
STRAIN_000879,5,GLOBAL_CONTIG,1,42,0.5606876611709595,0.4393123388290405,0.937349796295166,128,True,False,False,False
STRAIN_000879,5,GLOBAL_CONTIG,2,142,0.574689507484436,0.42531049251556396,0.9222911596298218,128,True,False,False,False
STRAIN_000879,5,GLOBAL_CONTIG,3,242,0.584417462348938,0.415582537651062,0.9116825461387634,128,True,False,False,False
STRAIN_000879,5,GLOBAL_CONTIG,4,342,0.5777989625930786,0.4222010374069214,0.9189134836196899,128,True,False,False,False
STRAIN_000879,5,GLOBAL_CONTIG,5,442,0.5673977136611938,0.43260228633880615,0.9301637411117554,128,True,False,False,False
STRAIN_000894,5,GLOBAL_CONTIG,1,42,0.7328859567642212,0.2671140432357788,0.7309091091156006,128,True,False,False,False
STRAIN_000894,5,GLOBAL_CONTIG,2,142,0.7159184217453003,0.2840815782546997,0.7537660598754883,128,True,False,False,False
STRAIN_000894,5,GLOBAL_CONTIG,3,242,0.7388467788696289,0.2611532211303711,0.7227076888084412,128,True,False,False,False
STRAIN_000894,5,GLOBAL_CONTIG,4,342,0.7438109517097473,0.2561890482902527,0.7158060073852539,128,True,False,False,False
STRAIN_000894,5,GLOBAL_CONTIG,5,442,0.7310222387313843,0.2689777612686157,0.7334545254707336,128,True,False,False,False
STRAIN_000897,5,GLOBAL_CONTIG,1,42,0.6289528608322144,0.37104713916778564,0.8614488840103149,128,True,False,False,False
STRAIN_000897,5,GLOBAL_CONTIG,2,142,0.625420331954956,0.37457966804504395,0.8655399084091187,128,True,False,False,False
STRAIN_000897,5,GLOBAL_CONTIG,3,242,0.6392970085144043,0.3607029914855957,0.8493562340736389,128,True,False,False,False
STRAIN_000897,5,GLOBAL_CONTIG,4,342,0.6390573978424072,0.3609426021575928,0.8496382236480713,128,True,False,False,False
STRAIN_000897,5,GLOBAL_CONTIG,5,442,0.6445653438568115,0.3554346561431885,0.8431306481361389,128,True,False,False,False
STRAIN_000901,5,GLOBAL_CONTIG,1,42,0.6108005046844482,0.38919949531555176,0.8822692036628723,128,True,False,False,False
STRAIN_000901,5,GLOBAL_CONTIG,2,142,0.6461473703384399,0.35385262966156006,0.8412522077560425,128,True,False,False,False
STRAIN_000901,5,GLOBAL_CONTIG,3,242,0.6502671241760254,0.3497328758239746,0.8363406658172607,128,True,False,False,False
STRAIN_000901,5,GLOBAL_CONTIG,4,342,0.6751875877380371,0.3248124122619629,0.8059930801391602,128,True,False,False,False
STRAIN_000901,5,GLOBAL_CONTIG,5,442,0.6230645179748535,0.3769354820251465,0.8682575821876526,128,True,False,False,False
STRAIN_000908,5,GLOBAL_CONTIG,1,42,0.7505994439125061,0.2494005560874939,0.7062584757804871,128,True,False,False,False
STRAIN_000908,5,GLOBAL_CONTIG,2,142,0.7158405780792236,0.28415942192077637,0.753869354724884,128,True,False,False,False
STRAIN_000908,5,GLOBAL_CONTIG,3,242,0.6985838413238525,0.30141615867614746,0.7764228582382202,128,True,False,False,False
STRAIN_000908,5,GLOBAL_CONTIG,4,342,0.6844653487205505,0.31553465127944946,0.7943986058235168,128,True,False,False,False
STRAIN_000908,5,GLOBAL_CONTIG,5,442,0.6983587741851807,0.30164122581481934,0.7767125964164734,128,True,False,False,False
STRAIN_000918,5,GLOBAL_CONTIG,1,42,0.6346532106399536,0.3653467893600464,0.8548060059547424,128,True,False,False,False
STRAIN_000918,5,GLOBAL_CONTIG,2,142,0.723948061466217,0.27605193853378296,0.7430368661880493,128,True,False,False,False
STRAIN_000918,5,GLOBAL_CONTIG,3,242,0.7000658512115479,0.29993414878845215,0.7745115756988525,128,True,False,False,False
STRAIN_000918,5,GLOBAL_CONTIG,4,342,0.6831884384155273,0.31681156158447266,0.7960042953491211,128,True,False,False,False
STRAIN_000918,5,GLOBAL_CONTIG,5,442,0.6405897736549377,0.35941022634506226,0.8478327393531799,128,True,False,False,False
STRAIN_000925,5,GLOBAL_CONTIG,1,42,0.6917089223861694,0.30829107761383057,0.7852275371551514,128,True,False,False,False
STRAIN_000925,5,GLOBAL_CONTIG,2,142,0.7166481018066406,0.2833518981933594,0.7527973055839539,128,True,False,False,False
STRAIN_000925,5,GLOBAL_CONTIG,3,242,0.7183535099029541,0.2816464900970459,0.7505284547805786,128,True,False,False,False
STRAIN_000925,5,GLOBAL_CONTIG,4,342,0.7016251683235168,0.29837483167648315,0.7724957466125488,128,True,False,False,False
STRAIN_000925,5,GLOBAL_CONTIG,5,442,0.6882144212722778,0.31178557872772217,0.7896652221679688,128,True,False,False,False
STRAIN_000928,5,GLOBAL_CONTIG,1,42,0.5205013751983643,0.47949862480163574,0.9792839288711548,128,True,False,False,False
STRAIN_000928,5,GLOBAL_CONTIG,2,142,0.5189360976219177,0.4810639023780823,0.9808811545372009,128,True,False,False,False
STRAIN_000928,5,GLOBAL_CONTIG,3,242,0.543947160243988,0.45605283975601196,0.9550422430038452,128,True,False,False,False
STRAIN_000928,5,GLOBAL_CONTIG,4,342,0.532770037651062,0.467229962348938,0.9666746854782104,128,True,False,False,False
STRAIN_000928,5,GLOBAL_CONTIG,5,442,0.5036230683326721,0.4963769316673279,0.9963703751564026,128,True,False,False,False
STRAIN_000932,5,GLOBAL_CONTIG,1,42,0.5349278450012207,0.4650721549987793,0.9644400477409363,128,True,False,False,False
STRAIN_000932,5,GLOBAL_CONTIG,2,142,0.5544928312301636,0.4455071687698364,0.9439356327056885,128,True,False,False,False
STRAIN_000932,5,GLOBAL_CONTIG,3,242,0.566763162612915,0.43323683738708496,0.9308457374572754,128,True,False,False,False
STRAIN_000932,5,GLOBAL_CONTIG,4,342,0.538884699344635,0.461115300655365,0.9603285193443298,128,True,False,False,False
STRAIN_000932,5,GLOBAL_CONTIG,5,442,0.5417238473892212,0.4582761526107788,0.957367479801178,128,True,False,False,False
STRAIN_000946,5,GLOBAL_CONTIG,1,42,0.5578081607818604,0.44219183921813965,0.9404167532920837,128,True,False,False,False
STRAIN_000946,5,GLOBAL_CONTIG,2,142,0.5414291620254517,0.45857083797454834,0.9576752185821533,128,True,False,False,False
STRAIN_000946,5,GLOBAL_CONTIG,3,242,0.5544147491455078,0.4455852508544922,0.9440183639526367,128,True,False,False,False
STRAIN_000946,5,GLOBAL_CONTIG,4,342,0.5743913054466248,0.42560869455337524,0.9226144552230835,128,True,False,False,False
STRAIN_000946,5,GLOBAL_CONTIG,5,442,0.5425691604614258,0.4574308395385742,0.9564840793609619,128,True,False,False,False
STRAIN_000950,5,GLOBAL_CONTIG,1,42,0.6128232479095459,0.3871767520904541,0.8799736499786377,128,True,False,False,False
STRAIN_000950,5,GLOBAL_CONTIG,2,142,0.639403223991394,0.36059677600860596,0.8492311239242554,128,True,False,False,False
STRAIN_000950,5,GLOBAL_CONTIG,3,242,0.5822699666023254,0.41773003339767456,0.9140350222587585,128,True,False,False,False
STRAIN_000950,5,GLOBAL_CONTIG,4,342,0.6259101033210754,0.37408989667892456,0.8649738430976868,128,True,False,False,False
STRAIN_000950,5,GLOBAL_CONTIG,5,442,0.5887393951416016,0.41126060485839844,0.906929612159729,128,True,False,False,False
STRAIN_000957,5,GLOBAL_CONTIG,1,42,0.5890815258026123,0.4109184741973877,0.9065521955490112,128,True,False,False,False
STRAIN_000957,5,GLOBAL_CONTIG,2,142,0.622570276260376,0.377429723739624,0.8688263893127441,128,True,False,False,False
STRAIN_000957,5,GLOBAL_CONTIG,3,242,0.6343185305595398,0.3656814694404602,0.8551974892616272,128,True,False,False,False
STRAIN_000957,5,GLOBAL_CONTIG,4,342,0.6016160249710083,0.3983839750289917,0.8926185369491577,128,True,False,False,False
STRAIN_000957,5,GLOBAL_CONTIG,5,442,0.6332436800003052,0.3667563199996948,0.8564534187316895,128,True,False,False,False
STRAIN_000958,5,GLOBAL_CONTIG,1,42,0.6937185525894165,0.3062814474105835,0.7826640009880066,128,True,False,False,False
STRAIN_000958,5,GLOBAL_CONTIG,2,142,0.6217387914657593,0.3782612085342407,0.8697829842567444,128,True,False,False,False
STRAIN_000958,5,GLOBAL_CONTIG,3,242,0.6705194711685181,0.32948052883148193,0.8117641806602478,128,True,False,False,False
STRAIN_000958,5,GLOBAL_CONTIG,4,342,0.6394912004470825,0.3605087995529175,0.8491275310516357,128,True,False,False,False
STRAIN_000958,5,GLOBAL_CONTIG,5,442,0.6563198566436768,0.34368014335632324,0.8290719985961914,128,True,False,False,False
STRAIN_000959,5,GLOBAL_CONTIG,1,42,0.607898473739624,0.392101526260376,0.8855524063110352,128,True,False,False,False
STRAIN_000959,5,GLOBAL_CONTIG,2,142,0.6208820343017578,0.3791179656982422,0.87076735496521,128,True,False,False,False
STRAIN_000959,5,GLOBAL_CONTIG,3,242,0.6064785718917847,0.39352142810821533,0.8871543407440186,128,True,False,False,False
STRAIN_000959,5,GLOBAL_CONTIG,4,342,0.6172181367874146,0.38278186321258545,0.8749650120735168,128,True,False,False,False
STRAIN_000959,5,GLOBAL_CONTIG,5,442,0.6035984754562378,0.3964015245437622,0.8903948068618774,128,True,False,False,False
STRAIN_000980,5,GLOBAL_CONTIG,1,42,0.5173616409301758,0.4826383590698242,0.9824849963188171,128,True,False,False,False
STRAIN_000980,5,GLOBAL_CONTIG,2,142,0.5443368554115295,0.45566314458847046,0.9546340703964233,128,True,False,False,False
STRAIN_000980,5,GLOBAL_CONTIG,3,242,0.5470210909843445,0.4529789090156555,0.9518182277679443,128,True,False,False,False
STRAIN_000980,5,GLOBAL_CONTIG,4,342,0.552456796169281,0.447543203830719,0.9460901021957397,128,True,False,False,False
STRAIN_000980,5,GLOBAL_CONTIG,5,442,0.5536096692085266,0.4463903307914734,0.94487065076828,128,True,False,False,False
STRAIN_000985,5,GLOBAL_CONTIG,1,42,0.5709797143936157,0.4290202856063843,0.9263047575950623,128,True,False,False,False
STRAIN_000985,5,GLOBAL_CONTIG,2,142,0.5516149997711182,0.44838500022888184,0.9469794034957886,128,True,False,False,False
STRAIN_000985,5,GLOBAL_CONTIG,3,242,0.5757029056549072,0.4242970943450928,0.9211916923522949,128,True,False,False,False
STRAIN_000985,5,GLOBAL_CONTIG,4,342,0.5528851747512817,0.44711482524871826,0.9456372261047363,128,True,False,False,False
STRAIN_000985,5,GLOBAL_CONTIG,5,442,0.5674940347671509,0.4325059652328491,0.9300602674484253,128,True,False,False,False
STRAIN_001005,5,GLOBAL_CONTIG,1,42,0.6139205694198608,0.38607943058013916,0.8787257075309753,128,True,False,False,False
STRAIN_001005,5,GLOBAL_CONTIG,2,142,0.6254222989082336,0.37457770109176636,0.865537703037262,128,True,False,False,False
STRAIN_001005,5,GLOBAL_CONTIG,3,242,0.5982977151870728,0.40170228481292725,0.896328330039978,128,True,False,False,False
STRAIN_001005,5,GLOBAL_CONTIG,4,342,0.633053719997406,0.366946280002594,0.8566752672195435,128,True,False,False,False
STRAIN_001005,5,GLOBAL_CONTIG,5,442,0.6536147594451904,0.34638524055480957,0.8323284387588501,128,True,False,False,False
STRAIN_001008,5,GLOBAL_CONTIG,1,42,0.6286309361457825,0.37136906385421753,0.8618226051330566,128,True,False,False,False
STRAIN_001008,5,GLOBAL_CONTIG,2,142,0.6194651126861572,0.3805348873138428,0.8723931908607483,128,True,False,False,False
STRAIN_001008,5,GLOBAL_CONTIG,3,242,0.6037819981575012,0.3962180018424988,0.8901887536048889,128,True,False,False,False
STRAIN_001008,5,GLOBAL_CONTIG,4,342,0.6174854040145874,0.3825145959854126,0.8746596574783325,128,True,False,False,False
STRAIN_001008,5,GLOBAL_CONTIG,5,442,0.6127353310585022,0.3872646689414978,0.8800734281539917,128,True,False,False,False
STRAIN_001014,5,GLOBAL_CONTIG,1,42,0.6158799529075623,0.38412004709243774,0.8764930367469788,128,True,False,False,False
STRAIN_001014,5,GLOBAL_CONTIG,2,142,0.6644537448883057,0.33554625511169434,0.8192024230957031,128,True,False,False,False
STRAIN_001014,5,GLOBAL_CONTIG,3,242,0.6094663143157959,0.3905336856842041,0.8837801814079285,128,True,False,False,False
STRAIN_001014,5,GLOBAL_CONTIG,4,342,0.655644953250885,0.344355046749115,0.8298856019973755,128,True,False,False,False
STRAIN_001014,5,GLOBAL_CONTIG,5,442,0.6281260251998901,0.37187397480010986,0.8624082803726196,128,True,False,False,False
STRAIN_001017,5,GLOBAL_CONTIG,1,42,0.6067836284637451,0.3932163715362549,0.8868104219436646,128,True,False,False,False
STRAIN_001017,5,GLOBAL_CONTIG,2,142,0.5940238237380981,0.40597617626190186,0.9010839462280273,128,True,False,False,False
STRAIN_001017,5,GLOBAL_CONTIG,3,242,0.5790297985076904,0.42097020149230957,0.917573094367981,128,True,False,False,False
STRAIN_001017,5,GLOBAL_CONTIG,4,342,0.5940866470336914,0.4059133529663086,0.9010142683982849,128,True,False,False,False
STRAIN_001017,5,GLOBAL_CONTIG,5,442,0.5908375978469849,0.40916240215301514,0.9046130776405334,128,True,False,False,False
STRAIN_001018,5,GLOBAL_CONTIG,1,42,0.6563308238983154,0.34366917610168457,0.8290587067604065,128,True,False,False,False
STRAIN_001018,5,GLOBAL_CONTIG,2,142,0.6617546677589417,0.33824533224105835,0.8224904537200928,128,True,False,False,False
STRAIN_001018,5,GLOBAL_CONTIG,3,242,0.6715222001075745,0.32847779989242554,0.810528039932251,128,True,False,False,False
STRAIN_001018,5,GLOBAL_CONTIG,4,342,0.6488305330276489,0.3511694669723511,0.8380566835403442,128,True,False,False,False
STRAIN_001018,5,GLOBAL_CONTIG,5,442,0.6925551891326904,0.30744481086730957,0.7841489911079407,128,True,False,False,False
STRAIN_001025,5,GLOBAL_CONTIG,1,42,0.633682370185852,0.36631762981414795,0.8559412360191345,128,True,False,False,False
STRAIN_001025,5,GLOBAL_CONTIG,2,142,0.6585955619812012,0.34140443801879883,0.8263225555419922,128,True,False,False,False
STRAIN_001025,5,GLOBAL_CONTIG,3,242,0.674323320388794,0.32567667961120605,0.8070647120475769,128,True,False,False,False
STRAIN_001025,5,GLOBAL_CONTIG,4,342,0.661385715007782,0.338614284992218,0.8229389786720276,128,True,False,False,False
STRAIN_001025,5,GLOBAL_CONTIG,5,442,0.6712795495986938,0.32872045040130615,0.810827374458313,128,True,False,False,False
