strain_entity_id,outer_fold,control_type,replicate,seed,cosine_true_control,embedding_displacement,l2_distance,embedding_dimension,fold_matched_encoder,phenotype_labels_used,encoder_retrained,encoder_finetuned
STRAIN_000004,4,GLOBAL_CONTIG,1,42,0.7979309558868408,0.20206904411315918,0.6357184648513794,128,True,False,False,False
STRAIN_000004,4,GLOBAL_CONTIG,2,142,0.8106260299682617,0.18937397003173828,0.6154249906539917,128,True,False,False,False
STRAIN_000004,4,GLOBAL_CONTIG,3,242,0.8090289831161499,0.1909710168838501,0.6180147528648376,128,True,False,False,False
STRAIN_000004,4,GLOBAL_CONTIG,4,342,0.8560152053833008,0.14398479461669922,0.5366280674934387,128,True,False,False,False
STRAIN_000004,4,GLOBAL_CONTIG,5,442,0.7859786748886108,0.21402132511138916,0.6542497873306274,128,True,False,False,False
STRAIN_000005,4,GLOBAL_CONTIG,1,42,0.8221877813339233,0.17781221866607666,0.5963426232337952,128,True,False,False,False
STRAIN_000005,4,GLOBAL_CONTIG,2,142,0.8165702819824219,0.18342971801757812,0.6056892275810242,128,True,False,False,False
STRAIN_000005,4,GLOBAL_CONTIG,3,242,0.784328043460846,0.21567195653915405,0.6567679047584534,128,True,False,False,False
STRAIN_000005,4,GLOBAL_CONTIG,4,342,0.7483457326889038,0.2516542673110962,0.7094424962997437,128,True,False,False,False
STRAIN_000005,4,GLOBAL_CONTIG,5,442,0.7634221911430359,0.2365778088569641,0.6878632307052612,128,True,False,False,False
STRAIN_000013,4,GLOBAL_CONTIG,1,42,0.6824222803115845,0.3175777196884155,0.7969663143157959,128,True,False,False,False
STRAIN_000013,4,GLOBAL_CONTIG,2,142,0.6678018569946289,0.3321981430053711,0.815105140209198,128,True,False,False,False
STRAIN_000013,4,GLOBAL_CONTIG,3,242,0.6883699893951416,0.3116300106048584,0.7894682884216309,128,True,False,False,False
STRAIN_000013,4,GLOBAL_CONTIG,4,342,0.6526629328727722,0.3473370671272278,0.8334711790084839,128,True,False,False,False
STRAIN_000013,4,GLOBAL_CONTIG,5,442,0.6476218104362488,0.3523781895637512,0.8394976854324341,128,True,False,False,False
STRAIN_000014,4,GLOBAL_CONTIG,1,42,0.7041049003601074,0.2958950996398926,0.7692790031433105,128,True,False,False,False
STRAIN_000014,4,GLOBAL_CONTIG,2,142,0.715188205242157,0.284811794757843,0.7547342777252197,128,True,False,False,False
STRAIN_000014,4,GLOBAL_CONTIG,3,242,0.7019193768501282,0.2980806231498718,0.7721147537231445,128,True,False,False,False
STRAIN_000014,4,GLOBAL_CONTIG,4,342,0.6819803714752197,0.3180196285247803,0.797520637512207,128,True,False,False,False
STRAIN_000014,4,GLOBAL_CONTIG,5,442,0.6549125909805298,0.3450874090194702,0.8307675719261169,128,True,False,False,False
STRAIN_000016,4,GLOBAL_CONTIG,1,42,0.6958630084991455,0.3041369915008545,0.7799192070960999,128,True,False,False,False
STRAIN_000016,4,GLOBAL_CONTIG,2,142,0.7167166471481323,0.2832833528518677,0.7527062892913818,128,True,False,False,False
STRAIN_000016,4,GLOBAL_CONTIG,3,242,0.7226317524909973,0.2773682475090027,0.7448064088821411,128,True,False,False,False
STRAIN_000016,4,GLOBAL_CONTIG,4,342,0.6889718770980835,0.3110281229019165,0.7887054085731506,128,True,False,False,False
STRAIN_000016,4,GLOBAL_CONTIG,5,442,0.7100805044174194,0.28991949558258057,0.7614715695381165,128,True,False,False,False
STRAIN_000017,4,GLOBAL_CONTIG,1,42,0.5894743204116821,0.41052567958831787,0.9061188697814941,128,True,False,False,False
STRAIN_000017,4,GLOBAL_CONTIG,2,142,0.5799274444580078,0.4200725555419922,0.9165942072868347,128,True,False,False,False
STRAIN_000017,4,GLOBAL_CONTIG,3,242,0.6035552024841309,0.39644479751586914,0.8904433250427246,128,True,False,False,False
STRAIN_000017,4,GLOBAL_CONTIG,4,342,0.5640788674354553,0.4359211325645447,0.9337249994277954,128,True,False,False,False
STRAIN_000017,4,GLOBAL_CONTIG,5,442,0.5877799987792969,0.4122200012207031,0.9079868197441101,128,True,False,False,False
STRAIN_000022,4,GLOBAL_CONTIG,1,42,0.6821958422660828,0.31780415773391724,0.797250509262085,128,True,False,False,False
STRAIN_000022,4,GLOBAL_CONTIG,2,142,0.6903543472290039,0.3096456527709961,0.7869506478309631,128,True,False,False,False
STRAIN_000022,4,GLOBAL_CONTIG,3,242,0.6422246694564819,0.35777533054351807,0.8459022641181946,128,True,False,False,False
STRAIN_000022,4,GLOBAL_CONTIG,4,342,0.6294830441474915,0.37051695585250854,0.8608332276344299,128,True,False,False,False
STRAIN_000022,4,GLOBAL_CONTIG,5,442,0.6799701452255249,0.3200298547744751,0.8000373840332031,128,True,False,False,False
STRAIN_000028,4,GLOBAL_CONTIG,1,42,0.6061418056488037,0.3938581943511963,0.8875337839126587,128,True,False,False,False
STRAIN_000028,4,GLOBAL_CONTIG,2,142,0.6016925573348999,0.3983074426651001,0.8925328254699707,128,True,False,False,False
STRAIN_000028,4,GLOBAL_CONTIG,3,242,0.6403605341911316,0.3596394658088684,0.8481031656265259,128,True,False,False,False
STRAIN_000028,4,GLOBAL_CONTIG,4,342,0.6291122436523438,0.37088775634765625,0.8612639307975769,128,True,False,False,False
STRAIN_000028,4,GLOBAL_CONTIG,5,442,0.6174026727676392,0.38259732723236084,0.8747541308403015,128,True,False,False,False
STRAIN_000029,4,GLOBAL_CONTIG,1,42,0.6062667965888977,0.3937332034111023,0.8873929977416992,128,True,False,False,False
STRAIN_000029,4,GLOBAL_CONTIG,2,142,0.6127633452415466,0.38723665475845337,0.8800416588783264,128,True,False,False,False
STRAIN_000029,4,GLOBAL_CONTIG,3,242,0.5984171628952026,0.40158283710479736,0.8961952328681946,128,True,False,False,False
STRAIN_000029,4,GLOBAL_CONTIG,4,342,0.655097484588623,0.34490251541137695,0.8305450677871704,128,True,False,False,False
STRAIN_000029,4,GLOBAL_CONTIG,5,442,0.6548284292221069,0.34517157077789307,0.8308688998222351,128,True,False,False,False
STRAIN_000030,4,GLOBAL_CONTIG,1,42,0.609778106212616,0.39022189378738403,0.8834273815155029,128,True,False,False,False
STRAIN_000030,4,GLOBAL_CONTIG,2,142,0.6182514429092407,0.3817485570907593,0.8737832903862,128,True,False,False,False
STRAIN_000030,4,GLOBAL_CONTIG,3,242,0.5941340923309326,0.4058659076690674,0.900961697101593,128,True,False,False,False
STRAIN_000030,4,GLOBAL_CONTIG,4,342,0.6028403043746948,0.3971596956253052,0.89124596118927,128,True,False,False,False
STRAIN_000030,4,GLOBAL_CONTIG,5,442,0.5731579065322876,0.4268420934677124,0.9239503145217896,128,True,False,False,False
STRAIN_000034,4,GLOBAL_CONTIG,1,42,0.6062155961990356,0.39378440380096436,0.8874507546424866,128,True,False,False,False
STRAIN_000034,4,GLOBAL_CONTIG,2,142,0.5796517133712769,0.42034828662872314,0.9168950915336609,128,True,False,False,False
STRAIN_000034,4,GLOBAL_CONTIG,3,242,0.5997405648231506,0.40025943517684937,0.8947172164916992,128,True,False,False,False
STRAIN_000034,4,GLOBAL_CONTIG,4,342,0.5931430459022522,0.4068569540977478,0.9020609855651855,128,True,False,False,False
STRAIN_000034,4,GLOBAL_CONTIG,5,442,0.6156464219093323,0.3843535780906677,0.8767594695091248,128,True,False,False,False
STRAIN_000035,4,GLOBAL_CONTIG,1,42,0.6569584608078003,0.3430415391921997,0.8283013105392456,128,True,False,False,False
STRAIN_000035,4,GLOBAL_CONTIG,2,142,0.6058002710342407,0.3941997289657593,0.8879184722900391,128,True,False,False,False
STRAIN_000035,4,GLOBAL_CONTIG,3,242,0.622565507888794,0.37743449211120605,0.8688318729400635,128,True,False,False,False
STRAIN_000035,4,GLOBAL_CONTIG,4,342,0.6435415148735046,0.35645848512649536,0.8443440794944763,128,True,False,False,False
STRAIN_000035,4,GLOBAL_CONTIG,5,442,0.643218457698822,0.356781542301178,0.8447266221046448,128,True,False,False,False
STRAIN_000037,4,GLOBAL_CONTIG,1,42,0.65901780128479,0.34098219871520996,0.8258113265037537,128,True,False,False,False
STRAIN_000037,4,GLOBAL_CONTIG,2,142,0.6593893766403198,0.3406106233596802,0.8253611922264099,128,True,False,False,False
STRAIN_000037,4,GLOBAL_CONTIG,3,242,0.652410626411438,0.347589373588562,0.8337737321853638,128,True,False,False,False
STRAIN_000037,4,GLOBAL_CONTIG,4,342,0.6786766052246094,0.3213233947753906,0.8016524910926819,128,True,False,False,False
STRAIN_000037,4,GLOBAL_CONTIG,5,442,0.6507375240325928,0.3492624759674072,0.835777997970581,128,True,False,False,False
STRAIN_000048,4,GLOBAL_CONTIG,1,42,0.6497516632080078,0.3502483367919922,0.8369568586349487,128,True,False,False,False
STRAIN_000048,4,GLOBAL_CONTIG,2,142,0.596828818321228,0.403171181678772,0.897965669631958,128,True,False,False,False
STRAIN_000048,4,GLOBAL_CONTIG,3,242,0.5749673843383789,0.4250326156616211,0.9219897389411926,128,True,False,False,False
STRAIN_000048,4,GLOBAL_CONTIG,4,342,0.5962804555892944,0.40371954441070557,0.8985761404037476,128,True,False,False,False
STRAIN_000048,4,GLOBAL_CONTIG,5,442,0.6018402576446533,0.3981597423553467,0.892367422580719,128,True,False,False,False
STRAIN_000063,4,GLOBAL_CONTIG,1,42,0.6305993795394897,0.36940062046051025,0.8595353960990906,128,True,False,False,False
STRAIN_000063,4,GLOBAL_CONTIG,2,142,0.6118425130844116,0.3881574869155884,0.8810873627662659,128,True,False,False,False
STRAIN_000063,4,GLOBAL_CONTIG,3,242,0.6405975818634033,0.3594024181365967,0.8478235006332397,128,True,False,False,False
STRAIN_000063,4,GLOBAL_CONTIG,4,342,0.6716592907905579,0.32834070920944214,0.8103588819503784,128,True,False,False,False
STRAIN_000063,4,GLOBAL_CONTIG,5,442,0.6116277575492859,0.3883722424507141,0.8813310861587524,128,True,False,False,False
STRAIN_000071,4,GLOBAL_CONTIG,1,42,0.5320823192596436,0.46791768074035645,0.9673858284950256,128,True,False,False,False
STRAIN_000071,4,GLOBAL_CONTIG,2,142,0.6278394460678101,0.37216055393218994,0.8627405762672424,128,True,False,False,False
STRAIN_000071,4,GLOBAL_CONTIG,3,242,0.5959117412567139,0.40408825874328613,0.8989864587783813,128,True,False,False,False
STRAIN_000071,4,GLOBAL_CONTIG,4,342,0.7620835304260254,0.2379164695739746,0.6898065209388733,128,True,False,False,False
STRAIN_000071,4,GLOBAL_CONTIG,5,442,0.6255143284797668,0.37448567152023315,0.8654313087463379,128,True,False,False,False
STRAIN_000077,4,GLOBAL_CONTIG,1,42,0.6487621068954468,0.3512378931045532,0.8381384015083313,128,True,False,False,False
STRAIN_000077,4,GLOBAL_CONTIG,2,142,0.6714661121368408,0.3285338878631592,0.8105971813201904,128,True,False,False,False
STRAIN_000077,4,GLOBAL_CONTIG,3,242,0.618384599685669,0.38161540031433105,0.8736307621002197,128,True,False,False,False
STRAIN_000077,4,GLOBAL_CONTIG,4,342,0.6658193469047546,0.33418065309524536,0.8175336718559265,128,True,False,False,False
STRAIN_000077,4,GLOBAL_CONTIG,5,442,0.6640997529029846,0.3359002470970154,0.8196343779563904,128,True,False,False,False
STRAIN_000080,4,GLOBAL_CONTIG,1,42,0.664030134677887,0.33596986532211304,0.8197193145751953,128,True,False,False,False
STRAIN_000080,4,GLOBAL_CONTIG,2,142,0.6627275943756104,0.33727240562438965,0.8213067650794983,128,True,False,False,False
STRAIN_000080,4,GLOBAL_CONTIG,3,242,0.7192769050598145,0.28072309494018555,0.7492971420288086,128,True,False,False,False
STRAIN_000080,4,GLOBAL_CONTIG,4,342,0.6763138771057129,0.3236861228942871,0.8045944571495056,128,True,False,False,False
STRAIN_000080,4,GLOBAL_CONTIG,5,442,0.6991689801216125,0.30083101987838745,0.7756686806678772,128,True,False,False,False
STRAIN_000097,4,GLOBAL_CONTIG,1,42,0.8465970158576965,0.15340298414230347,0.5539006590843201,128,True,False,False,False
STRAIN_000097,4,GLOBAL_CONTIG,2,142,0.8617550730705261,0.13824492692947388,0.5258230566978455,128,True,False,False,False
STRAIN_000097,4,GLOBAL_CONTIG,3,242,0.8609346151351929,0.13906538486480713,0.5273811221122742,128,True,False,False,False
STRAIN_000097,4,GLOBAL_CONTIG,4,342,0.8665034174919128,0.13349658250808716,0.5167137384414673,128,True,False,False,False
STRAIN_000097,4,GLOBAL_CONTIG,5,442,0.8631546497344971,0.13684535026550293,0.523154616355896,128,True,False,False,False
STRAIN_000098,4,GLOBAL_CONTIG,1,42,0.5714151263237,0.42858487367630005,0.925834596157074,128,True,False,False,False
STRAIN_000098,4,GLOBAL_CONTIG,2,142,0.5550498366355896,0.4449501633644104,0.9433453679084778,128,True,False,False,False
STRAIN_000098,4,GLOBAL_CONTIG,3,242,0.6102182865142822,0.3897817134857178,0.8829289078712463,128,True,False,False,False
STRAIN_000098,4,GLOBAL_CONTIG,4,342,0.5799415111541748,0.4200584888458252,0.9165789484977722,128,True,False,False,False
STRAIN_000098,4,GLOBAL_CONTIG,5,442,0.5988779067993164,0.4011220932006836,0.8956809043884277,128,True,False,False,False
STRAIN_000103,4,GLOBAL_CONTIG,1,42,0.585533857345581,0.41446614265441895,0.9104570746421814,128,True,False,False,False
STRAIN_000103,4,GLOBAL_CONTIG,2,142,0.6272320747375488,0.37276792526245117,0.8634439706802368,128,True,False,False,False
STRAIN_000103,4,GLOBAL_CONTIG,3,242,0.6014411449432373,0.3985588550567627,0.8928143978118896,128,True,False,False,False
STRAIN_000103,4,GLOBAL_CONTIG,4,342,0.6221946477890015,0.37780535221099854,0.8692586421966553,128,True,False,False,False
STRAIN_000103,4,GLOBAL_CONTIG,5,442,0.6123099327087402,0.38769006729125977,0.8805566430091858,128,True,False,False,False
STRAIN_000104,4,GLOBAL_CONTIG,1,42,0.7040567994117737,0.2959432005882263,0.7693415284156799,128,True,False,False,False
STRAIN_000104,4,GLOBAL_CONTIG,2,142,0.6987881660461426,0.3012118339538574,0.7761595249176025,128,True,False,False,False
STRAIN_000104,4,GLOBAL_CONTIG,3,242,0.6961055994033813,0.30389440059661865,0.7796081900596619,128,True,False,False,False
STRAIN_000104,4,GLOBAL_CONTIG,4,342,0.7069485187530518,0.29305148124694824,0.7655735611915588,128,True,False,False,False
STRAIN_000104,4,GLOBAL_CONTIG,5,442,0.7263977527618408,0.2736022472381592,0.7397327423095703,128,True,False,False,False
STRAIN_000107,4,GLOBAL_CONTIG,1,42,0.5945523977279663,0.4054476022720337,0.9004971981048584,128,True,False,False,False
STRAIN_000107,4,GLOBAL_CONTIG,2,142,0.5506219267845154,0.4493780732154846,0.948027491569519,128,True,False,False,False
STRAIN_000107,4,GLOBAL_CONTIG,3,242,0.5848668813705444,0.41513311862945557,0.9111894369125366,128,True,False,False,False
STRAIN_000107,4,GLOBAL_CONTIG,4,342,0.5650665760040283,0.4349334239959717,0.932666540145874,128,True,False,False,False
STRAIN_000107,4,GLOBAL_CONTIG,5,442,0.551053524017334,0.448946475982666,0.9475721120834351,128,True,False,False,False
STRAIN_000120,4,GLOBAL_CONTIG,1,42,0.5619058609008789,0.4380941390991211,0.9360494017601013,128,True,False,False,False
STRAIN_000120,4,GLOBAL_CONTIG,2,142,0.5351229310035706,0.46487706899642944,0.9642375707626343,128,True,False,False,False
STRAIN_000120,4,GLOBAL_CONTIG,3,242,0.5889346599578857,0.41106534004211426,0.9067143797874451,128,True,False,False,False
STRAIN_000120,4,GLOBAL_CONTIG,4,342,0.5755630135536194,0.4244369864463806,0.9213436245918274,128,True,False,False,False
STRAIN_000120,4,GLOBAL_CONTIG,5,442,0.543721616268158,0.45627838373184204,0.9552784562110901,128,True,False,False,False
STRAIN_000121,4,GLOBAL_CONTIG,1,42,0.5683175921440125,0.43168240785598755,0.9291743040084839,128,True,False,False,False
STRAIN_000121,4,GLOBAL_CONTIG,2,142,0.5809522867202759,0.4190477132797241,0.9154755473136902,128,True,False,False,False
STRAIN_000121,4,GLOBAL_CONTIG,3,242,0.5872526168823242,0.4127473831176758,0.9085674285888672,128,True,False,False,False
STRAIN_000121,4,GLOBAL_CONTIG,4,342,0.5847570300102234,0.4152429699897766,0.911310076713562,128,True,False,False,False
STRAIN_000121,4,GLOBAL_CONTIG,5,442,0.6320852637290955,0.36791473627090454,0.8578050136566162,128,True,False,False,False
STRAIN_000122,4,GLOBAL_CONTIG,1,42,0.6634297370910645,0.33657026290893555,0.8204514980316162,128,True,False,False,False
STRAIN_000122,4,GLOBAL_CONTIG,2,142,0.6486985683441162,0.3513014316558838,0.8382142186164856,128,True,False,False,False
STRAIN_000122,4,GLOBAL_CONTIG,3,242,0.6143209934234619,0.3856790065765381,0.8782700300216675,128,True,False,False,False
STRAIN_000122,4,GLOBAL_CONTIG,4,342,0.6313722133636475,0.36862778663635254,0.8586360216140747,128,True,False,False,False
STRAIN_000122,4,GLOBAL_CONTIG,5,442,0.5897959470748901,0.41020405292510986,0.9057638049125671,128,True,False,False,False
STRAIN_000123,4,GLOBAL_CONTIG,1,42,0.614812970161438,0.385187029838562,0.8777095079421997,128,True,False,False,False
STRAIN_000123,4,GLOBAL_CONTIG,2,142,0.5914996266365051,0.4085003733634949,0.9038808941841125,128,True,False,False,False
STRAIN_000123,4,GLOBAL_CONTIG,3,242,0.6447043418884277,0.35529565811157227,0.842965841293335,128,True,False,False,False
STRAIN_000123,4,GLOBAL_CONTIG,4,342,0.5793732404708862,0.42062675952911377,0.9171987175941467,128,True,False,False,False
STRAIN_000123,4,GLOBAL_CONTIG,5,442,0.6315886974334717,0.3684113025665283,0.8583837747573853,128,True,False,False,False
STRAIN_000129,4,GLOBAL_CONTIG,1,42,0.5305815935134888,0.46941840648651123,0.9689359664916992,128,True,False,False,False
STRAIN_000129,4,GLOBAL_CONTIG,2,142,0.5436094999313354,0.45639050006866455,0.9553957581520081,128,True,False,False,False
STRAIN_000129,4,GLOBAL_CONTIG,3,242,0.5642746090888977,0.4357253909111023,0.9335153698921204,128,True,False,False,False
STRAIN_000129,4,GLOBAL_CONTIG,4,342,0.5451843738555908,0.4548156261444092,0.95374596118927,128,True,False,False,False
STRAIN_000129,4,GLOBAL_CONTIG,5,442,0.4960632622241974,0.5039367377758026,1.0039290189743042,128,True,False,False,False
STRAIN_000132,4,GLOBAL_CONTIG,1,42,0.6361346244812012,0.36386537551879883,0.8530714511871338,128,True,False,False,False
STRAIN_000132,4,GLOBAL_CONTIG,2,142,0.6051038503646851,0.39489614963531494,0.8887025713920593,128,True,False,False,False
STRAIN_000132,4,GLOBAL_CONTIG,3,242,0.585052490234375,0.414947509765625,0.9109858274459839,128,True,False,False,False
STRAIN_000132,4,GLOBAL_CONTIG,4,342,0.6007066965103149,0.39929330348968506,0.8936367034912109,128,True,False,False,False
STRAIN_000132,4,GLOBAL_CONTIG,5,442,0.5891505479812622,0.4108494520187378,0.9064761400222778,128,True,False,False,False
STRAIN_000154,4,GLOBAL_CONTIG,1,42,0.7366241216659546,0.2633758783340454,0.725776731967926,128,True,False,False,False
STRAIN_000154,4,GLOBAL_CONTIG,2,142,0.7667763829231262,0.23322361707687378,0.6829695105552673,128,True,False,False,False
STRAIN_000154,4,GLOBAL_CONTIG,3,242,0.7293969392776489,0.2706030607223511,0.7356671094894409,128,True,False,False,False
STRAIN_000154,4,GLOBAL_CONTIG,4,342,0.7367082834243774,0.26329171657562256,0.7256607413291931,128,True,False,False,False
STRAIN_000154,4,GLOBAL_CONTIG,5,442,0.7578214406967163,0.2421785593032837,0.6959577202796936,128,True,False,False,False
STRAIN_000165,4,GLOBAL_CONTIG,1,42,0.699064314365387,0.30093568563461304,0.7758036851882935,128,True,False,False,False
STRAIN_000165,4,GLOBAL_CONTIG,2,142,0.699795663356781,0.300204336643219,0.7748604416847229,128,True,False,False,False
STRAIN_000165,4,GLOBAL_CONTIG,3,242,0.7030164003372192,0.29698359966278076,0.7706926465034485,128,True,False,False,False
STRAIN_000165,4,GLOBAL_CONTIG,4,342,0.7014920711517334,0.2985079288482666,0.7726680040359497,128,True,False,False,False
STRAIN_000165,4,GLOBAL_CONTIG,5,442,0.7209677696228027,0.27903223037719727,0.7470371723175049,128,True,False,False,False
STRAIN_000166,4,GLOBAL_CONTIG,1,42,0.7130640745162964,0.2869359254837036,0.7575433254241943,128,True,False,False,False
STRAIN_000166,4,GLOBAL_CONTIG,2,142,0.712748110294342,0.28725188970565796,0.7579603791236877,128,True,False,False,False
STRAIN_000166,4,GLOBAL_CONTIG,3,242,0.6898225545883179,0.31017744541168213,0.7876260280609131,128,True,False,False,False
STRAIN_000166,4,GLOBAL_CONTIG,4,342,0.6846847534179688,0.31531524658203125,0.7941224575042725,128,True,False,False,False
STRAIN_000166,4,GLOBAL_CONTIG,5,442,0.6982293128967285,0.3017706871032715,0.7768791913986206,128,True,False,False,False
STRAIN_000168,4,GLOBAL_CONTIG,1,42,0.5866774320602417,0.4133225679397583,0.9092002511024475,128,True,False,False,False
STRAIN_000168,4,GLOBAL_CONTIG,2,142,0.5897567868232727,0.4102432131767273,0.9058070778846741,128,True,False,False,False
STRAIN_000168,4,GLOBAL_CONTIG,3,242,0.5865311622619629,0.4134688377380371,0.9093611240386963,128,True,False,False,False
STRAIN_000168,4,GLOBAL_CONTIG,4,342,0.579727828502655,0.42027217149734497,0.9168120622634888,128,True,False,False,False
STRAIN_000168,4,GLOBAL_CONTIG,5,442,0.5859103798866272,0.4140896201133728,0.910043478012085,128,True,False,False,False
STRAIN_000173,4,GLOBAL_CONTIG,1,42,0.6406471133232117,0.35935288667678833,0.8477651476860046,128,True,False,False,False
STRAIN_000173,4,GLOBAL_CONTIG,2,142,0.5898290276527405,0.4101709723472595,0.9057273268699646,128,True,False,False,False
STRAIN_000173,4,GLOBAL_CONTIG,3,242,0.5896410942077637,0.41035890579223633,0.905934751033783,128,True,False,False,False
STRAIN_000173,4,GLOBAL_CONTIG,4,342,0.6056150794029236,0.3943849205970764,0.8881272077560425,128,True,False,False,False
STRAIN_000173,4,GLOBAL_CONTIG,5,442,0.592568039894104,0.407431960105896,0.9026980996131897,128,True,False,False,False
STRAIN_000174,4,GLOBAL_CONTIG,1,42,0.6392819881439209,0.3607180118560791,0.8493738174438477,128,True,False,False,False
STRAIN_000174,4,GLOBAL_CONTIG,2,142,0.6392678022384644,0.36073219776153564,0.8493905067443848,128,True,False,False,False
STRAIN_000174,4,GLOBAL_CONTIG,3,242,0.672149121761322,0.327850878238678,0.8097540736198425,128,True,False,False,False
STRAIN_000174,4,GLOBAL_CONTIG,4,342,0.6681129932403564,0.33188700675964355,0.8147232532501221,128,True,False,False,False
STRAIN_000174,4,GLOBAL_CONTIG,5,442,0.6516602039337158,0.3483397960662842,0.8346733450889587,128,True,False,False,False
STRAIN_000181,4,GLOBAL_CONTIG,1,42,0.5902189016342163,0.4097810983657837,0.9052967429161072,128,True,False,False,False
STRAIN_000181,4,GLOBAL_CONTIG,2,142,0.596084713935852,0.40391528606414795,0.8987939357757568,128,True,False,False,False
STRAIN_000181,4,GLOBAL_CONTIG,3,242,0.5895232558250427,0.4104767441749573,0.9060648083686829,128,True,False,False,False
STRAIN_000181,4,GLOBAL_CONTIG,4,342,0.5904257893562317,0.4095742106437683,0.9050680994987488,128,True,False,False,False
STRAIN_000181,4,GLOBAL_CONTIG,5,442,0.628716766834259,0.37128323316574097,0.8617228865623474,128,True,False,False,False
STRAIN_000184,4,GLOBAL_CONTIG,1,42,0.575716495513916,0.424283504486084,0.9211769104003906,128,True,False,False,False
STRAIN_000184,4,GLOBAL_CONTIG,2,142,0.618436336517334,0.381563663482666,0.873571515083313,128,True,False,False,False
STRAIN_000184,4,GLOBAL_CONTIG,3,242,0.6215375661849976,0.37846243381500244,0.8700142502784729,128,True,False,False,False
STRAIN_000184,4,GLOBAL_CONTIG,4,342,0.6393072605133057,0.36069273948669434,0.8493441343307495,128,True,False,False,False
STRAIN_000184,4,GLOBAL_CONTIG,5,442,0.6384591460227966,0.36154085397720337,0.8503420948982239,128,True,False,False,False
STRAIN_000185,4,GLOBAL_CONTIG,1,42,0.6910459399223328,0.30895406007766724,0.7860713601112366,128,True,False,False,False
STRAIN_000185,4,GLOBAL_CONTIG,2,142,0.7028470039367676,0.2971529960632324,0.7709125876426697,128,True,False,False,False
STRAIN_000185,4,GLOBAL_CONTIG,3,242,0.7064383625984192,0.2935616374015808,0.7662398219108582,128,True,False,False,False
STRAIN_000185,4,GLOBAL_CONTIG,4,342,0.7126338481903076,0.2873661518096924,0.7581111788749695,128,True,False,False,False
STRAIN_000185,4,GLOBAL_CONTIG,5,442,0.690047025680542,0.309952974319458,0.7873411178588867,128,True,False,False,False
STRAIN_000187,4,GLOBAL_CONTIG,1,42,0.6359208822250366,0.3640791177749634,0.8533219695091248,128,True,False,False,False
STRAIN_000187,4,GLOBAL_CONTIG,2,142,0.621799886226654,0.37820011377334595,0.8697127103805542,128,True,False,False,False
STRAIN_000187,4,GLOBAL_CONTIG,3,242,0.6408156156539917,0.3591843843460083,0.8475663065910339,128,True,False,False,False
STRAIN_000187,4,GLOBAL_CONTIG,4,342,0.6264460682868958,0.37355393171310425,0.8643539547920227,128,True,False,False,False
STRAIN_000187,4,GLOBAL_CONTIG,5,442,0.6142160892486572,0.3857839107513428,0.8783892393112183,128,True,False,False,False
STRAIN_000189,4,GLOBAL_CONTIG,1,42,0.5790915489196777,0.42090845108032227,0.9175058603286743,128,True,False,False,False
STRAIN_000189,4,GLOBAL_CONTIG,2,142,0.5515287518501282,0.4484712481498718,0.9470704793930054,128,True,False,False,False
STRAIN_000189,4,GLOBAL_CONTIG,3,242,0.588812530040741,0.41118746995925903,0.9068487882614136,128,True,False,False,False
STRAIN_000189,4,GLOBAL_CONTIG,4,342,0.5977543592453003,0.4022456407546997,0.8969343900680542,128,True,False,False,False
STRAIN_000189,4,GLOBAL_CONTIG,5,442,0.6041876673698425,0.39581233263015747,0.8897328972816467,128,True,False,False,False
STRAIN_000203,4,GLOBAL_CONTIG,1,42,0.551665186882019,0.44833481311798096,0.9469263553619385,128,True,False,False,False
STRAIN_000203,4,GLOBAL_CONTIG,2,142,0.6005393862724304,0.3994606137275696,0.8938239216804504,128,True,False,False,False
STRAIN_000203,4,GLOBAL_CONTIG,3,242,0.5570275187492371,0.44297248125076294,0.941246509552002,128,True,False,False,False
STRAIN_000203,4,GLOBAL_CONTIG,4,342,0.5729748010635376,0.4270251989364624,0.9241484999656677,128,True,False,False,False
STRAIN_000203,4,GLOBAL_CONTIG,5,442,0.5266916751861572,0.4733083248138428,0.9729421734809875,128,True,False,False,False
STRAIN_000219,4,GLOBAL_CONTIG,1,42,0.6337060332298279,0.3662939667701721,0.8559136390686035,128,True,False,False,False
STRAIN_000219,4,GLOBAL_CONTIG,2,142,0.6314305067062378,0.3685694932937622,0.858568012714386,128,True,False,False,False
STRAIN_000219,4,GLOBAL_CONTIG,3,242,0.6279025077819824,0.3720974922180176,0.8626673221588135,128,True,False,False,False
STRAIN_000219,4,GLOBAL_CONTIG,4,342,0.5919462442398071,0.40805375576019287,0.9033867120742798,128,True,False,False,False
STRAIN_000219,4,GLOBAL_CONTIG,5,442,0.5953637361526489,0.4046362638473511,0.8995957970619202,128,True,False,False,False
STRAIN_000224,4,GLOBAL_CONTIG,1,42,0.7136257290840149,0.2863742709159851,0.756801426410675,128,True,False,False,False
STRAIN_000224,4,GLOBAL_CONTIG,2,142,0.7093155384063721,0.29068446159362793,0.7624754309654236,128,True,False,False,False
STRAIN_000224,4,GLOBAL_CONTIG,3,242,0.7224936485290527,0.27750635147094727,0.744991660118103,128,True,False,False,False
STRAIN_000224,4,GLOBAL_CONTIG,4,342,0.6671175956726074,0.3328824043273926,0.8159441351890564,128,True,False,False,False
STRAIN_000224,4,GLOBAL_CONTIG,5,442,0.7339158058166504,0.2660841941833496,0.7294985055923462,128,True,False,False,False
STRAIN_000228,4,GLOBAL_CONTIG,1,42,0.6150203347206116,0.3849796652793884,0.8774734139442444,128,True,False,False,False
STRAIN_000228,4,GLOBAL_CONTIG,2,142,0.5997545719146729,0.40024542808532715,0.8947015404701233,128,True,False,False,False
STRAIN_000228,4,GLOBAL_CONTIG,3,242,0.5951003432273865,0.4048996567726135,0.8998885750770569,128,True,False,False,False
STRAIN_000228,4,GLOBAL_CONTIG,4,342,0.6050707101821899,0.39492928981781006,0.8887399435043335,128,True,False,False,False
STRAIN_000228,4,GLOBAL_CONTIG,5,442,0.5914321541786194,0.4085678458213806,0.9039556384086609,128,True,False,False,False
STRAIN_000235,4,GLOBAL_CONTIG,1,42,0.7137703895568848,0.28622961044311523,0.7566102743148804,128,True,False,False,False
STRAIN_000235,4,GLOBAL_CONTIG,2,142,0.6870288252830505,0.31297117471694946,0.7911651730537415,128,True,False,False,False
STRAIN_000235,4,GLOBAL_CONTIG,3,242,0.7085052728652954,0.2914947271347046,0.7635374069213867,128,True,False,False,False
STRAIN_000235,4,GLOBAL_CONTIG,4,342,0.6936215162277222,0.30637848377227783,0.7827879190444946,128,True,False,False,False
STRAIN_000235,4,GLOBAL_CONTIG,5,442,0.7022250890731812,0.29777491092681885,0.7717188000679016,128,True,False,False,False
STRAIN_000236,4,GLOBAL_CONTIG,1,42,0.6711665391921997,0.3288334608078003,0.8109666705131531,128,True,False,False,False
STRAIN_000236,4,GLOBAL_CONTIG,2,142,0.7094273567199707,0.2905726432800293,0.7623286843299866,128,True,False,False,False
STRAIN_000236,4,GLOBAL_CONTIG,3,242,0.7118635177612305,0.28813648223876953,0.7591265439987183,128,True,False,False,False
STRAIN_000236,4,GLOBAL_CONTIG,4,342,0.6646400690078735,0.33535993099212646,0.8189749121665955,128,True,False,False,False
STRAIN_000236,4,GLOBAL_CONTIG,5,442,0.684501051902771,0.315498948097229,0.7943536639213562,128,True,False,False,False
STRAIN_000238,4,GLOBAL_CONTIG,1,42,0.5874884724617004,0.41251152753829956,0.9083077907562256,128,True,False,False,False
STRAIN_000238,4,GLOBAL_CONTIG,2,142,0.6054427623748779,0.39455723762512207,0.8883211612701416,128,True,False,False,False
STRAIN_000238,4,GLOBAL_CONTIG,3,242,0.5998989343643188,0.40010106563568115,0.8945401906967163,128,True,False,False,False
STRAIN_000238,4,GLOBAL_CONTIG,4,342,0.6112110614776611,0.38878893852233887,0.8818036913871765,128,True,False,False,False
STRAIN_000238,4,GLOBAL_CONTIG,5,442,0.6316330432891846,0.36836695671081543,0.858332097530365,128,True,False,False,False
STRAIN_000240,4,GLOBAL_CONTIG,1,42,0.5945531129837036,0.4054468870162964,0.9004964232444763,128,True,False,False,False
STRAIN_000240,4,GLOBAL_CONTIG,2,142,0.6016127467155457,0.39838725328445435,0.8926222920417786,128,True,False,False,False
STRAIN_000240,4,GLOBAL_CONTIG,3,242,0.5684638023376465,0.4315361976623535,0.9290168285369873,128,True,False,False,False
STRAIN_000240,4,GLOBAL_CONTIG,4,342,0.5630282163619995,0.4369717836380005,0.9348494410514832,128,True,False,False,False
STRAIN_000240,4,GLOBAL_CONTIG,5,442,0.633418083190918,0.36658191680908203,0.8562498688697815,128,True,False,False,False
STRAIN_000249,4,GLOBAL_CONTIG,1,42,0.5711515545845032,0.4288484454154968,0.9261192679405212,128,True,False,False,False
STRAIN_000249,4,GLOBAL_CONTIG,2,142,0.5813922882080078,0.4186077117919922,0.9149948954582214,128,True,False,False,False
STRAIN_000249,4,GLOBAL_CONTIG,3,242,0.592819094657898,0.40718090534210205,0.9024200439453125,128,True,False,False,False
STRAIN_000249,4,GLOBAL_CONTIG,4,342,0.5624561309814453,0.4375438690185547,0.9354612827301025,128,True,False,False,False
STRAIN_000249,4,GLOBAL_CONTIG,5,442,0.5747186541557312,0.4252813458442688,0.9222596287727356,128,True,False,False,False
STRAIN_000250,4,GLOBAL_CONTIG,1,42,0.6297049522399902,0.37029504776000977,0.8605754375457764,128,True,False,False,False
STRAIN_000250,4,GLOBAL_CONTIG,2,142,0.6339641809463501,0.3660358190536499,0.8556118011474609,128,True,False,False,False
STRAIN_000250,4,GLOBAL_CONTIG,3,242,0.6487677693367004,0.35123223066329956,0.8381314873695374,128,True,False,False,False
STRAIN_000250,4,GLOBAL_CONTIG,4,342,0.6645560264587402,0.33544397354125977,0.8190774917602539,128,True,False,False,False
STRAIN_000250,4,GLOBAL_CONTIG,5,442,0.6693880558013916,0.3306119441986084,0.8131567239761353,128,True,False,False,False
STRAIN_000251,4,GLOBAL_CONTIG,1,42,0.5863514542579651,0.4136485457420349,0.9095587730407715,128,True,False,False,False
STRAIN_000251,4,GLOBAL_CONTIG,2,142,0.5388290882110596,0.46117091178894043,0.9603862762451172,128,True,False,False,False
STRAIN_000251,4,GLOBAL_CONTIG,3,242,0.5551952719688416,0.44480472803115845,0.9431910514831543,128,True,False,False,False
STRAIN_000251,4,GLOBAL_CONTIG,4,342,0.5663319826126099,0.43366801738739014,0.9313088059425354,128,True,False,False,False
STRAIN_000251,4,GLOBAL_CONTIG,5,442,0.5535401105880737,0.44645988941192627,0.9449443221092224,128,True,False,False,False
STRAIN_000257,4,GLOBAL_CONTIG,1,42,0.6952321529388428,0.3047678470611572,0.7807276844978333,128,True,False,False,False
STRAIN_000257,4,GLOBAL_CONTIG,2,142,0.6479364633560181,0.35206353664398193,0.8391227126121521,128,True,False,False,False
STRAIN_000257,4,GLOBAL_CONTIG,3,242,0.6833332180976868,0.31666678190231323,0.7958224415779114,128,True,False,False,False
STRAIN_000257,4,GLOBAL_CONTIG,4,342,0.7046024203300476,0.2953975796699524,0.7686319351196289,128,True,False,False,False
STRAIN_000257,4,GLOBAL_CONTIG,5,442,0.6406521797180176,0.3593478202819824,0.8477590680122375,128,True,False,False,False
STRAIN_000265,4,GLOBAL_CONTIG,1,42,0.5637022256851196,0.43629777431488037,0.9341282248497009,128,True,False,False,False
STRAIN_000265,4,GLOBAL_CONTIG,2,142,0.6059330105781555,0.3940669894218445,0.8877691626548767,128,True,False,False,False
STRAIN_000265,4,GLOBAL_CONTIG,3,242,0.5911674499511719,0.4088325500488281,0.9042484164237976,128,True,False,False,False
STRAIN_000265,4,GLOBAL_CONTIG,4,342,0.5924351811408997,0.40756481885910034,0.9028453230857849,128,True,False,False,False
STRAIN_000265,4,GLOBAL_CONTIG,5,442,0.5787311792373657,0.4212688207626343,0.9178985357284546,128,True,False,False,False
STRAIN_000266,4,GLOBAL_CONTIG,1,42,0.7333603501319885,0.2666396498680115,0.7302597761154175,128,True,False,False,False
STRAIN_000266,4,GLOBAL_CONTIG,2,142,0.7257406711578369,0.2742593288421631,0.7406204342842102,128,True,False,False,False
STRAIN_000266,4,GLOBAL_CONTIG,3,242,0.7476888298988342,0.25231117010116577,0.7103676795959473,128,True,False,False,False
STRAIN_000266,4,GLOBAL_CONTIG,4,342,0.7385001182556152,0.26149988174438477,0.7231872081756592,128,True,False,False,False
STRAIN_000266,4,GLOBAL_CONTIG,5,442,0.7608301639556885,0.23916983604431152,0.691620945930481,128,True,False,False,False
STRAIN_000268,4,GLOBAL_CONTIG,1,42,0.6741218566894531,0.3258781433105469,0.8073142170906067,128,True,False,False,False
STRAIN_000268,4,GLOBAL_CONTIG,2,142,0.6657800674438477,0.33421993255615234,0.8175815939903259,128,True,False,False,False
STRAIN_000268,4,GLOBAL_CONTIG,3,242,0.7071843147277832,0.2928156852722168,0.7652654647827148,128,True,False,False,False
STRAIN_000268,4,GLOBAL_CONTIG,4,342,0.6724037528038025,0.3275962471961975,0.8094395399093628,128,True,False,False,False
STRAIN_000268,4,GLOBAL_CONTIG,5,442,0.6873555183410645,0.31264448165893555,0.7907519936561584,128,True,False,False,False
STRAIN_000269,4,GLOBAL_CONTIG,1,42,0.639188826084137,0.36081117391586304,0.8494835495948792,128,True,False,False,False
STRAIN_000269,4,GLOBAL_CONTIG,2,142,0.616218090057373,0.38378190994262695,0.8761072158813477,128,True,False,False,False
STRAIN_000269,4,GLOBAL_CONTIG,3,242,0.6019768714904785,0.3980231285095215,0.8922142386436462,128,True,False,False,False
STRAIN_000269,4,GLOBAL_CONTIG,4,342,0.5932358503341675,0.4067641496658325,0.9019581079483032,128,True,False,False,False
STRAIN_000269,4,GLOBAL_CONTIG,5,442,0.5816663503646851,0.41833364963531494,0.9146952033042908,128,True,False,False,False
STRAIN_000270,4,GLOBAL_CONTIG,1,42,0.5959328413009644,0.40406715869903564,0.8989628553390503,128,True,False,False,False
STRAIN_000270,4,GLOBAL_CONTIG,2,142,0.6351568698883057,0.36484313011169434,0.8542166948318481,128,True,False,False,False
STRAIN_000270,4,GLOBAL_CONTIG,3,242,0.5722848773002625,0.42771512269973755,0.9248946905136108,128,True,False,False,False
STRAIN_000270,4,GLOBAL_CONTIG,4,342,0.6171236038208008,0.3828763961791992,0.8750730156898499,128,True,False,False,False
STRAIN_000270,4,GLOBAL_CONTIG,5,442,0.6034562587738037,0.3965437412261963,0.8905545473098755,128,True,False,False,False
STRAIN_000283,4,GLOBAL_CONTIG,1,42,0.6211680769920349,0.3788319230079651,0.8704388737678528,128,True,False,False,False
STRAIN_000283,4,GLOBAL_CONTIG,2,142,0.6001440286636353,0.39985597133636475,0.8942660689353943,128,True,False,False,False
STRAIN_000283,4,GLOBAL_CONTIG,3,242,0.6031476259231567,0.39685237407684326,0.8909010887145996,128,True,False,False,False
STRAIN_000283,4,GLOBAL_CONTIG,4,342,0.6431040167808533,0.35689598321914673,0.8448620438575745,128,True,False,False,False
STRAIN_000283,4,GLOBAL_CONTIG,5,442,0.629483699798584,0.370516300201416,0.8608324527740479,128,True,False,False,False
STRAIN_000284,4,GLOBAL_CONTIG,1,42,0.6908358335494995,0.3091641664505005,0.7863386273384094,128,True,False,False,False
STRAIN_000284,4,GLOBAL_CONTIG,2,142,0.6985931396484375,0.3014068603515625,0.7764107584953308,128,True,False,False,False
STRAIN_000284,4,GLOBAL_CONTIG,3,242,0.6894199848175049,0.3105800151824951,0.7881370782852173,128,True,False,False,False
STRAIN_000284,4,GLOBAL_CONTIG,4,342,0.6925755739212036,0.3074244260787964,0.784122884273529,128,True,False,False,False
STRAIN_000284,4,GLOBAL_CONTIG,5,442,0.6942082643508911,0.3057917356491089,0.7820379734039307,128,True,False,False,False
STRAIN_000285,4,GLOBAL_CONTIG,1,42,0.6755279302597046,0.3244720697402954,0.805570662021637,128,True,False,False,False
STRAIN_000285,4,GLOBAL_CONTIG,2,142,0.7322085499763489,0.2677914500236511,0.7318353056907654,128,True,False,False,False
STRAIN_000285,4,GLOBAL_CONTIG,3,242,0.7026729583740234,0.29732704162597656,0.7711381912231445,128,True,False,False,False
STRAIN_000285,4,GLOBAL_CONTIG,4,342,0.7066121101379395,0.29338788986206055,0.766012966632843,128,True,False,False,False
STRAIN_000285,4,GLOBAL_CONTIG,5,442,0.7066391706466675,0.2933608293533325,0.7659776210784912,128,True,False,False,False
STRAIN_000286,4,GLOBAL_CONTIG,1,42,0.6732796430587769,0.32672035694122314,0.808356761932373,128,True,False,False,False
STRAIN_000286,4,GLOBAL_CONTIG,2,142,0.6440287828445435,0.35597121715545654,0.8437668085098267,128,True,False,False,False
STRAIN_000286,4,GLOBAL_CONTIG,3,242,0.6323345899581909,0.3676654100418091,0.8575143218040466,128,True,False,False,False
STRAIN_000286,4,GLOBAL_CONTIG,4,342,0.6672165989875793,0.33278340101242065,0.8158227801322937,128,True,False,False,False
STRAIN_000286,4,GLOBAL_CONTIG,5,442,0.6741858124732971,0.3258141875267029,0.8072350025177002,128,True,False,False,False
STRAIN_000288,4,GLOBAL_CONTIG,1,42,0.6573840379714966,0.3426159620285034,0.8277872800827026,128,True,False,False,False
STRAIN_000288,4,GLOBAL_CONTIG,2,142,0.6543319225311279,0.34566807746887207,0.8314661979675293,128,True,False,False,False
STRAIN_000288,4,GLOBAL_CONTIG,3,242,0.6364395618438721,0.36356043815612793,0.8527138233184814,128,True,False,False,False
STRAIN_000288,4,GLOBAL_CONTIG,4,342,0.6290831565856934,0.37091684341430664,0.8612977266311646,128,True,False,False,False
STRAIN_000288,4,GLOBAL_CONTIG,5,442,0.6766974925994873,0.3233025074005127,0.8041175603866577,128,True,False,False,False
STRAIN_000289,4,GLOBAL_CONTIG,1,42,0.7491638660430908,0.2508361339569092,0.7082883715629578,128,True,False,False,False
STRAIN_000289,4,GLOBAL_CONTIG,2,142,0.7229602336883545,0.2770397663116455,0.7443652153015137,128,True,False,False,False
STRAIN_000289,4,GLOBAL_CONTIG,3,242,0.7458558082580566,0.25414419174194336,0.712943434715271,128,True,False,False,False
STRAIN_000289,4,GLOBAL_CONTIG,4,342,0.7411851286888123,0.25881487131118774,0.7194649577140808,128,True,False,False,False
STRAIN_000289,4,GLOBAL_CONTIG,5,442,0.7320328950881958,0.2679671049118042,0.7320752143859863,128,True,False,False,False
STRAIN_000307,4,GLOBAL_CONTIG,1,42,0.5907562971115112,0.40924370288848877,0.9047029614448547,128,True,False,False,False
STRAIN_000307,4,GLOBAL_CONTIG,2,142,0.5780372619628906,0.4219627380371094,0.918654203414917,128,True,False,False,False
STRAIN_000307,4,GLOBAL_CONTIG,3,242,0.5462996363639832,0.45370036363601685,0.9525758624076843,128,True,False,False,False
STRAIN_000307,4,GLOBAL_CONTIG,4,342,0.5977339744567871,0.4022660255432129,0.8969571590423584,128,True,False,False,False
STRAIN_000307,4,GLOBAL_CONTIG,5,442,0.5992162227630615,0.4007837772369385,0.8953030705451965,128,True,False,False,False
STRAIN_000311,4,GLOBAL_CONTIG,1,42,0.8703103065490723,0.12968969345092773,0.5092930793762207,128,True,False,False,False
STRAIN_000311,4,GLOBAL_CONTIG,2,142,0.8557455539703369,0.14425444602966309,0.5371301174163818,128,True,False,False,False
STRAIN_000311,4,GLOBAL_CONTIG,3,242,0.8683086037635803,0.13169139623641968,0.513208270072937,128,True,False,False,False
STRAIN_000311,4,GLOBAL_CONTIG,4,342,0.8636747598648071,0.13632524013519287,0.5221592783927917,128,True,False,False,False
STRAIN_000311,4,GLOBAL_CONTIG,5,442,0.8537870049476624,0.14621299505233765,0.5407641530036926,128,True,False,False,False
STRAIN_000314,4,GLOBAL_CONTIG,1,42,0.6849300265312195,0.3150699734687805,0.7938135266304016,128,True,False,False,False
STRAIN_000314,4,GLOBAL_CONTIG,2,142,0.7148449420928955,0.2851550579071045,0.7551887035369873,128,True,False,False,False
STRAIN_000314,4,GLOBAL_CONTIG,3,242,0.6989809274673462,0.3010190725326538,0.7759111523628235,128,True,False,False,False
STRAIN_000314,4,GLOBAL_CONTIG,4,342,0.696068525314331,0.30393147468566895,0.7796556949615479,128,True,False,False,False
STRAIN_000314,4,GLOBAL_CONTIG,5,442,0.7009203433990479,0.29907965660095215,0.7734075784683228,128,True,False,False,False
STRAIN_000317,4,GLOBAL_CONTIG,1,42,0.6318706274032593,0.3681293725967407,0.8580552935600281,128,True,False,False,False
STRAIN_000317,4,GLOBAL_CONTIG,2,142,0.6434566974639893,0.35654330253601074,0.8444446325302124,128,True,False,False,False
STRAIN_000317,4,GLOBAL_CONTIG,3,242,0.6169823408126831,0.3830176591873169,0.8752344250679016,128,True,False,False,False
STRAIN_000317,4,GLOBAL_CONTIG,4,342,0.6180016994476318,0.38199830055236816,0.8740689754486084,128,True,False,False,False
STRAIN_000317,4,GLOBAL_CONTIG,5,442,0.6043616533279419,0.3956383466720581,0.8895373940467834,128,True,False,False,False
STRAIN_000327,4,GLOBAL_CONTIG,1,42,0.5824306011199951,0.4175693988800049,0.9138593673706055,128,True,False,False,False
STRAIN_000327,4,GLOBAL_CONTIG,2,142,0.5726830363273621,0.42731696367263794,0.9244641661643982,128,True,False,False,False
STRAIN_000327,4,GLOBAL_CONTIG,3,242,0.5850822925567627,0.4149177074432373,0.9109530448913574,128,True,False,False,False
STRAIN_000327,4,GLOBAL_CONTIG,4,342,0.5389533042907715,0.4610466957092285,0.9602569937705994,128,True,False,False,False
STRAIN_000327,4,GLOBAL_CONTIG,5,442,0.5869107246398926,0.4130892753601074,0.9089435935020447,128,True,False,False,False
STRAIN_000329,4,GLOBAL_CONTIG,1,42,0.6626942753791809,0.3373057246208191,0.8213474154472351,128,True,False,False,False
STRAIN_000329,4,GLOBAL_CONTIG,2,142,0.6728005409240723,0.32719945907592773,0.80894935131073,128,True,False,False,False
STRAIN_000329,4,GLOBAL_CONTIG,3,242,0.7000305652618408,0.2999694347381592,0.77455735206604,128,True,False,False,False
STRAIN_000329,4,GLOBAL_CONTIG,4,342,0.6568952798843384,0.3431047201156616,0.8283776044845581,128,True,False,False,False
STRAIN_000329,4,GLOBAL_CONTIG,5,442,0.6649289131164551,0.3350710868835449,0.818622350692749,128,True,False,False,False
STRAIN_000334,4,GLOBAL_CONTIG,1,42,0.5960160493850708,0.4039839506149292,0.8988704681396484,128,True,False,False,False
STRAIN_000334,4,GLOBAL_CONTIG,2,142,0.6538200974464417,0.34617990255355835,0.8320817351341248,128,True,False,False,False
STRAIN_000334,4,GLOBAL_CONTIG,3,242,0.643665075302124,0.356334924697876,0.8441977500915527,128,True,False,False,False
STRAIN_000334,4,GLOBAL_CONTIG,4,342,0.5869722366333008,0.4130277633666992,0.9088760614395142,128,True,False,False,False
STRAIN_000334,4,GLOBAL_CONTIG,5,442,0.6312456130981445,0.36875438690185547,0.8587833046913147,128,True,False,False,False
STRAIN_000339,4,GLOBAL_CONTIG,1,42,0.6633541584014893,0.33664584159851074,0.8205434679985046,128,True,False,False,False
STRAIN_000339,4,GLOBAL_CONTIG,2,142,0.6117531657218933,0.3882468342781067,0.8811888098716736,128,True,False,False,False
STRAIN_000339,4,GLOBAL_CONTIG,3,242,0.6154532432556152,0.38454675674438477,0.8769798278808594,128,True,False,False,False
STRAIN_000339,4,GLOBAL_CONTIG,4,342,0.6105191707611084,0.3894808292388916,0.8825880289077759,128,True,False,False,False
STRAIN_000339,4,GLOBAL_CONTIG,5,442,0.6134217977523804,0.38657820224761963,0.8792931437492371,128,True,False,False,False
STRAIN_000341,4,GLOBAL_CONTIG,1,42,0.6700910329818726,0.32990896701812744,0.81229168176651,128,True,False,False,False
STRAIN_000341,4,GLOBAL_CONTIG,2,142,0.699478030204773,0.30052196979522705,0.7752701044082642,128,True,False,False,False
STRAIN_000341,4,GLOBAL_CONTIG,3,242,0.6628490686416626,0.3371509313583374,0.8211588859558105,128,True,False,False,False
STRAIN_000341,4,GLOBAL_CONTIG,4,342,0.6699098348617554,0.33009016513824463,0.8125146627426147,128,True,False,False,False
STRAIN_000341,4,GLOBAL_CONTIG,5,442,0.647217869758606,0.35278213024139404,0.8399787545204163,128,True,False,False,False
STRAIN_000343,4,GLOBAL_CONTIG,1,42,0.715123176574707,0.28487682342529297,0.7548201680183411,128,True,False,False,False
STRAIN_000343,4,GLOBAL_CONTIG,2,142,0.65656578540802,0.34343421459198,0.8287753462791443,128,True,False,False,False
STRAIN_000343,4,GLOBAL_CONTIG,3,242,0.6782549023628235,0.3217450976371765,0.8021784424781799,128,True,False,False,False
STRAIN_000343,4,GLOBAL_CONTIG,4,342,0.7308284640312195,0.2691715359687805,0.733718752861023,128,True,False,False,False
STRAIN_000343,4,GLOBAL_CONTIG,5,442,0.7060681581497192,0.29393184185028076,0.7667226791381836,128,True,False,False,False
STRAIN_000364,4,GLOBAL_CONTIG,1,42,0.6257048845291138,0.37429511547088623,0.8652110695838928,128,True,False,False,False
STRAIN_000364,4,GLOBAL_CONTIG,2,142,0.6408202648162842,0.3591797351837158,0.8475609421730042,128,True,False,False,False
STRAIN_000364,4,GLOBAL_CONTIG,3,242,0.6041864156723022,0.39581358432769775,0.8897343873977661,128,True,False,False,False
STRAIN_000364,4,GLOBAL_CONTIG,4,342,0.610080897808075,0.38991910219192505,0.8830844759941101,128,True,False,False,False
STRAIN_000364,4,GLOBAL_CONTIG,5,442,0.6205450296401978,0.37945497035980225,0.8711543679237366,128,True,False,False,False
STRAIN_000370,4,GLOBAL_CONTIG,1,42,0.7445526719093323,0.2554473280906677,0.7147688865661621,128,True,False,False,False
STRAIN_000370,4,GLOBAL_CONTIG,2,142,0.7110059857368469,0.2889940142631531,0.7602551579475403,128,True,False,False,False
STRAIN_000370,4,GLOBAL_CONTIG,3,242,0.7873319387435913,0.2126680612564087,0.6521779894828796,128,True,False,False,False
STRAIN_000370,4,GLOBAL_CONTIG,4,342,0.7345106601715088,0.2654893398284912,0.7286827564239502,128,True,False,False,False
STRAIN_000370,4,GLOBAL_CONTIG,5,442,0.7378466725349426,0.2621533274650574,0.7240902185440063,128,True,False,False,False
STRAIN_000371,4,GLOBAL_CONTIG,1,42,0.7835468053817749,0.2164531946182251,0.6579561233520508,128,True,False,False,False
STRAIN_000371,4,GLOBAL_CONTIG,2,142,0.7225769758224487,0.27742302417755127,0.7448799014091492,128,True,False,False,False
STRAIN_000371,4,GLOBAL_CONTIG,3,242,0.7403759956359863,0.25962400436401367,0.7205886840820312,128,True,False,False,False
STRAIN_000371,4,GLOBAL_CONTIG,4,342,0.7674126625061035,0.23258733749389648,0.6820372343063354,128,True,False,False,False
STRAIN_000371,4,GLOBAL_CONTIG,5,442,0.7439855933189392,0.2560144066810608,0.7155619859695435,128,True,False,False,False
STRAIN_000381,4,GLOBAL_CONTIG,1,42,0.6757258176803589,0.3242741823196411,0.8053249716758728,128,True,False,False,False
STRAIN_000381,4,GLOBAL_CONTIG,2,142,0.6860921382904053,0.3139078617095947,0.792348325252533,128,True,False,False,False
STRAIN_000381,4,GLOBAL_CONTIG,3,242,0.6627310514450073,0.3372689485549927,0.8213024735450745,128,True,False,False,False
STRAIN_000381,4,GLOBAL_CONTIG,4,342,0.6637614965438843,0.3362385034561157,0.8200469613075256,128,True,False,False,False
STRAIN_000381,4,GLOBAL_CONTIG,5,442,0.6841238737106323,0.3158761262893677,0.7948285341262817,128,True,False,False,False
STRAIN_000382,4,GLOBAL_CONTIG,1,42,0.6771513819694519,0.3228486180305481,0.8035529851913452,128,True,False,False,False
STRAIN_000382,4,GLOBAL_CONTIG,2,142,0.707815408706665,0.29218459129333496,0.7644405961036682,128,True,False,False,False
STRAIN_000382,4,GLOBAL_CONTIG,3,242,0.6797239184379578,0.32027608156204224,0.8003451228141785,128,True,False,False,False
STRAIN_000382,4,GLOBAL_CONTIG,4,342,0.7723641395568848,0.22763586044311523,0.6747384071350098,128,True,False,False,False
STRAIN_000382,4,GLOBAL_CONTIG,5,442,0.672333300113678,0.327666699886322,0.8095267415046692,128,True,False,False,False
STRAIN_000393,4,GLOBAL_CONTIG,1,42,0.7236166596412659,0.27638334035873413,0.7434827089309692,128,True,False,False,False
STRAIN_000393,4,GLOBAL_CONTIG,2,142,0.7075446248054504,0.29245537519454956,0.764794647693634,128,True,False,False,False
STRAIN_000393,4,GLOBAL_CONTIG,3,242,0.7156482934951782,0.2843517065048218,0.7541243433952332,128,True,False,False,False
STRAIN_000393,4,GLOBAL_CONTIG,4,342,0.7276173830032349,0.27238261699676514,0.7380821108818054,128,True,False,False,False
STRAIN_000393,4,GLOBAL_CONTIG,5,442,0.7249536514282227,0.27504634857177734,0.7416824698448181,128,True,False,False,False
STRAIN_000394,4,GLOBAL_CONTIG,1,42,0.7355632781982422,0.2644367218017578,0.7272369265556335,128,True,False,False,False
STRAIN_000394,4,GLOBAL_CONTIG,2,142,0.690833568572998,0.30916643142700195,0.7863414287567139,128,True,False,False,False
STRAIN_000394,4,GLOBAL_CONTIG,3,242,0.7259563207626343,0.2740436792373657,0.7403292059898376,128,True,False,False,False
STRAIN_000394,4,GLOBAL_CONTIG,4,342,0.671403169631958,0.328596830368042,0.8106748461723328,128,True,False,False,False
STRAIN_000394,4,GLOBAL_CONTIG,5,442,0.701736330986023,0.29826366901397705,0.7723519206047058,128,True,False,False,False
STRAIN_000395,4,GLOBAL_CONTIG,1,42,0.7261337637901306,0.2738662362098694,0.7400894165039062,128,True,False,False,False
STRAIN_000395,4,GLOBAL_CONTIG,2,142,0.7107066512107849,0.2892933487892151,0.7606488466262817,128,True,False,False,False
STRAIN_000395,4,GLOBAL_CONTIG,3,242,0.6997178792953491,0.3002821207046509,0.7749608159065247,128,True,False,False,False
STRAIN_000395,4,GLOBAL_CONTIG,4,342,0.7195020318031311,0.2804979681968689,0.7489966154098511,128,True,False,False,False
STRAIN_000395,4,GLOBAL_CONTIG,5,442,0.7248228788375854,0.27517712116241455,0.7418586015701294,128,True,False,False,False
STRAIN_000403,4,GLOBAL_CONTIG,1,42,0.6706475019454956,0.3293524980545044,0.8116064071655273,128,True,False,False,False
STRAIN_000403,4,GLOBAL_CONTIG,2,142,0.6569722890853882,0.3430277109146118,0.8282846808433533,128,True,False,False,False
STRAIN_000403,4,GLOBAL_CONTIG,3,242,0.6926602125167847,0.30733978748321533,0.7840150594711304,128,True,False,False,False
STRAIN_000403,4,GLOBAL_CONTIG,4,342,0.6411682963371277,0.3588317036628723,0.8471501469612122,128,True,False,False,False
STRAIN_000403,4,GLOBAL_CONTIG,5,442,0.6676853895187378,0.3323146104812622,0.8152480125427246,128,True,False,False,False
STRAIN_000406,4,GLOBAL_CONTIG,1,42,0.7212754487991333,0.2787245512008667,0.7466250658035278,128,True,False,False,False
STRAIN_000406,4,GLOBAL_CONTIG,2,142,0.7303707599639893,0.26962924003601074,0.7343422770500183,128,True,False,False,False
STRAIN_000406,4,GLOBAL_CONTIG,3,242,0.7108403444290161,0.2891596555709839,0.7604730725288391,128,True,False,False,False
STRAIN_000406,4,GLOBAL_CONTIG,4,342,0.7342970371246338,0.2657029628753662,0.7289759516716003,128,True,False,False,False
STRAIN_000406,4,GLOBAL_CONTIG,5,442,0.7357025146484375,0.2642974853515625,0.7270453572273254,128,True,False,False,False
STRAIN_000408,4,GLOBAL_CONTIG,1,42,0.6297000646591187,0.37029993534088135,0.8605810403823853,128,True,False,False,False
STRAIN_000408,4,GLOBAL_CONTIG,2,142,0.6142459511756897,0.3857540488243103,0.8783553242683411,128,True,False,False,False
STRAIN_000408,4,GLOBAL_CONTIG,3,242,0.6078603863716125,0.39213961362838745,0.8855953812599182,128,True,False,False,False
STRAIN_000408,4,GLOBAL_CONTIG,4,342,0.6047763824462891,0.39522361755371094,0.889070987701416,128,True,False,False,False
STRAIN_000408,4,GLOBAL_CONTIG,5,442,0.6285154819488525,0.37148451805114746,0.8619565963745117,128,True,False,False,False
STRAIN_000412,4,GLOBAL_CONTIG,1,42,0.6850895881652832,0.3149104118347168,0.7936125993728638,128,True,False,False,False
STRAIN_000412,4,GLOBAL_CONTIG,2,142,0.7162514925003052,0.2837485074996948,0.753324031829834,128,True,False,False,False
STRAIN_000412,4,GLOBAL_CONTIG,3,242,0.7167994976043701,0.2832005023956299,0.7525961995124817,128,True,False,False,False
STRAIN_000412,4,GLOBAL_CONTIG,4,342,0.7242776155471802,0.2757223844528198,0.7425931692123413,128,True,False,False,False
STRAIN_000412,4,GLOBAL_CONTIG,5,442,0.7000633478164673,0.2999366521835327,0.7745148539543152,128,True,False,False,False
STRAIN_000414,4,GLOBAL_CONTIG,1,42,0.7070711255073547,0.29292887449264526,0.7654134035110474,128,True,False,False,False
STRAIN_000414,4,GLOBAL_CONTIG,2,142,0.69618159532547,0.30381840467453003,0.7795106172561646,128,True,False,False,False
STRAIN_000414,4,GLOBAL_CONTIG,3,242,0.7146315574645996,0.2853684425354004,0.7554712891578674,128,True,False,False,False
STRAIN_000414,4,GLOBAL_CONTIG,4,342,0.7146924734115601,0.28530752658843994,0.7553906440734863,128,True,False,False,False
STRAIN_000414,4,GLOBAL_CONTIG,5,442,0.6994842290878296,0.3005157709121704,0.7752622961997986,128,True,False,False,False
STRAIN_000417,4,GLOBAL_CONTIG,1,42,0.6098669171333313,0.3901330828666687,0.8833267092704773,128,True,False,False,False
STRAIN_000417,4,GLOBAL_CONTIG,2,142,0.6185213923454285,0.38147860765457153,0.8734742403030396,128,True,False,False,False
STRAIN_000417,4,GLOBAL_CONTIG,3,242,0.6024936437606812,0.39750635623931885,0.8916348814964294,128,True,False,False,False
STRAIN_000417,4,GLOBAL_CONTIG,4,342,0.6210144758224487,0.37898552417755127,0.8706153035163879,128,True,False,False,False
STRAIN_000417,4,GLOBAL_CONTIG,5,442,0.6161817908287048,0.38381820917129517,0.8761486411094666,128,True,False,False,False
STRAIN_000426,4,GLOBAL_CONTIG,1,42,0.6988670229911804,0.3011329770088196,0.77605801820755,128,True,False,False,False
STRAIN_000426,4,GLOBAL_CONTIG,2,142,0.7006229162216187,0.29937708377838135,0.7737920880317688,128,True,False,False,False
STRAIN_000426,4,GLOBAL_CONTIG,3,242,0.6928765773773193,0.30712342262268066,0.7837390303611755,128,True,False,False,False
STRAIN_000426,4,GLOBAL_CONTIG,4,342,0.7113269567489624,0.2886730432510376,0.759833037853241,128,True,False,False,False
STRAIN_000426,4,GLOBAL_CONTIG,5,442,0.6887703537940979,0.3112296462059021,0.788960874080658,128,True,False,False,False
STRAIN_000430,4,GLOBAL_CONTIG,1,42,0.6228604912757874,0.37713950872421265,0.8684923648834229,128,True,False,False,False
STRAIN_000430,4,GLOBAL_CONTIG,2,142,0.6042978167533875,0.39570218324661255,0.8896090984344482,128,True,False,False,False
STRAIN_000430,4,GLOBAL_CONTIG,3,242,0.6105940341949463,0.3894059658050537,0.8825031518936157,128,True,False,False,False
STRAIN_000430,4,GLOBAL_CONTIG,4,342,0.6373773813247681,0.36262261867523193,0.8516132235527039,128,True,False,False,False
STRAIN_000430,4,GLOBAL_CONTIG,5,442,0.6299707889556885,0.3700292110443115,0.8602665066719055,128,True,False,False,False
STRAIN_000431,4,GLOBAL_CONTIG,1,42,0.5929244160652161,0.40707558393478394,0.9023032188415527,128,True,False,False,False
STRAIN_000431,4,GLOBAL_CONTIG,2,142,0.5982569456100464,0.4017430543899536,0.8963736891746521,128,True,False,False,False
STRAIN_000431,4,GLOBAL_CONTIG,3,242,0.6144266128540039,0.3855733871459961,0.8781495094299316,128,True,False,False,False
STRAIN_000431,4,GLOBAL_CONTIG,4,342,0.6021765470504761,0.3978234529495239,0.8919903635978699,128,True,False,False,False
STRAIN_000431,4,GLOBAL_CONTIG,5,442,0.5975196957588196,0.4024803042411804,0.8971958756446838,128,True,False,False,False
STRAIN_000444,4,GLOBAL_CONTIG,1,42,0.6795653700828552,0.3204346299171448,0.8005430102348328,128,True,False,False,False
STRAIN_000444,4,GLOBAL_CONTIG,2,142,0.6425514817237854,0.3574485182762146,0.845515787601471,128,True,False,False,False
STRAIN_000444,4,GLOBAL_CONTIG,3,242,0.6944795846939087,0.3055204153060913,0.7816910147666931,128,True,False,False,False
STRAIN_000444,4,GLOBAL_CONTIG,4,342,0.7100403904914856,0.2899596095085144,0.7615243196487427,128,True,False,False,False
STRAIN_000444,4,GLOBAL_CONTIG,5,442,0.6699113845825195,0.33008861541748047,0.8125129342079163,128,True,False,False,False
STRAIN_000452,4,GLOBAL_CONTIG,1,42,0.6321221590042114,0.3678778409957886,0.8577620387077332,128,True,False,False,False
STRAIN_000452,4,GLOBAL_CONTIG,2,142,0.6244138479232788,0.3755861520767212,0.8667019605636597,128,True,False,False,False
STRAIN_000452,4,GLOBAL_CONTIG,3,242,0.6410951614379883,0.3589048385620117,0.8472364544868469,128,True,False,False,False
STRAIN_000452,4,GLOBAL_CONTIG,4,342,0.6230109930038452,0.3769890069961548,0.8683191537857056,128,True,False,False,False
STRAIN_000452,4,GLOBAL_CONTIG,5,442,0.5927528142929077,0.4072471857070923,0.902493417263031,128,True,False,False,False
STRAIN_000456,4,GLOBAL_CONTIG,1,42,0.5856070518493652,0.41439294815063477,0.9103768467903137,128,True,False,False,False
STRAIN_000456,4,GLOBAL_CONTIG,2,142,0.5794268846511841,0.4205731153488159,0.9171403050422668,128,True,False,False,False
STRAIN_000456,4,GLOBAL_CONTIG,3,242,0.6020734310150146,0.39792656898498535,0.8921059966087341,128,True,False,False,False
STRAIN_000456,4,GLOBAL_CONTIG,4,342,0.593610405921936,0.40638959407806396,0.9015427827835083,128,True,False,False,False
STRAIN_000456,4,GLOBAL_CONTIG,5,442,0.5674263834953308,0.4325736165046692,0.9301328659057617,128,True,False,False,False
STRAIN_000461,4,GLOBAL_CONTIG,1,42,0.5895836353302002,0.4104163646697998,0.905998170375824,128,True,False,False,False
STRAIN_000461,4,GLOBAL_CONTIG,2,142,0.5746349692344666,0.42536503076553345,0.922350287437439,128,True,False,False,False
STRAIN_000461,4,GLOBAL_CONTIG,3,242,0.5546519756317139,0.44534802436828613,0.9437670111656189,128,True,False,False,False
STRAIN_000461,4,GLOBAL_CONTIG,4,342,0.5750843286514282,0.4249156713485718,0.9218630194664001,128,True,False,False,False
STRAIN_000461,4,GLOBAL_CONTIG,5,442,0.5909222960472107,0.4090777039527893,0.9045195579528809,128,True,False,False,False
STRAIN_000462,4,GLOBAL_CONTIG,1,42,0.575738251209259,0.42426174879074097,0.9211533665657043,128,True,False,False,False
STRAIN_000462,4,GLOBAL_CONTIG,2,142,0.5821767449378967,0.41782325506210327,0.9141370058059692,128,True,False,False,False
STRAIN_000462,4,GLOBAL_CONTIG,3,242,0.5572629570960999,0.44273704290390015,0.9409963488578796,128,True,False,False,False
STRAIN_000462,4,GLOBAL_CONTIG,4,342,0.5808899402618408,0.4191100597381592,0.9155435562133789,128,True,False,False,False
STRAIN_000462,4,GLOBAL_CONTIG,5,442,0.5994855165481567,0.40051448345184326,0.8950023055076599,128,True,False,False,False
STRAIN_000464,4,GLOBAL_CONTIG,1,42,0.5701398849487305,0.42986011505126953,0.9272109270095825,128,True,False,False,False
STRAIN_000464,4,GLOBAL_CONTIG,2,142,0.5852332711219788,0.41476672887802124,0.9107872843742371,128,True,False,False,False
STRAIN_000464,4,GLOBAL_CONTIG,3,242,0.6120437383651733,0.38795626163482666,0.8808588981628418,128,True,False,False,False
STRAIN_000464,4,GLOBAL_CONTIG,4,342,0.5763338208198547,0.42366617918014526,0.9205065369606018,128,True,False,False,False
STRAIN_000464,4,GLOBAL_CONTIG,5,442,0.5913915038108826,0.40860849618911743,0.9040005207061768,128,True,False,False,False
STRAIN_000477,4,GLOBAL_CONTIG,1,42,0.5909435749053955,0.4090564250946045,0.904495894908905,128,True,False,False,False
STRAIN_000477,4,GLOBAL_CONTIG,2,142,0.5698322057723999,0.4301677942276001,0.9275427460670471,128,True,False,False,False
STRAIN_000477,4,GLOBAL_CONTIG,3,242,0.5873539447784424,0.4126460552215576,0.9084558486938477,128,True,False,False,False
STRAIN_000477,4,GLOBAL_CONTIG,4,342,0.6007368564605713,0.3992631435394287,0.8936029672622681,128,True,False,False,False
STRAIN_000477,4,GLOBAL_CONTIG,5,442,0.6035255193710327,0.3964744806289673,0.8904767632484436,128,True,False,False,False
STRAIN_000479,4,GLOBAL_CONTIG,1,42,0.6865473985671997,0.3134526014328003,0.7917734384536743,128,True,False,False,False
STRAIN_000479,4,GLOBAL_CONTIG,2,142,0.6974828243255615,0.3025171756744385,0.7778395414352417,128,True,False,False,False
STRAIN_000479,4,GLOBAL_CONTIG,3,242,0.6888384819030762,0.31116151809692383,0.788874626159668,128,True,False,False,False
STRAIN_000479,4,GLOBAL_CONTIG,4,342,0.6985853910446167,0.3014146089553833,0.7764207124710083,128,True,False,False,False
STRAIN_000479,4,GLOBAL_CONTIG,5,442,0.7198899984359741,0.2801100015640259,0.7484784722328186,128,True,False,False,False
STRAIN_000481,4,GLOBAL_CONTIG,1,42,0.7091927528381348,0.29080724716186523,0.7626364827156067,128,True,False,False,False
STRAIN_000481,4,GLOBAL_CONTIG,2,142,0.6981444358825684,0.30185556411743164,0.7769884467124939,128,True,False,False,False
STRAIN_000481,4,GLOBAL_CONTIG,3,242,0.732162594795227,0.26783740520477295,0.7318980693817139,128,True,False,False,False
STRAIN_000481,4,GLOBAL_CONTIG,4,342,0.7211304903030396,0.27886950969696045,0.746819257736206,128,True,False,False,False
STRAIN_000481,4,GLOBAL_CONTIG,5,442,0.7154906988143921,0.2845093011856079,0.7543331384658813,128,True,False,False,False
STRAIN_000482,4,GLOBAL_CONTIG,1,42,0.7303937673568726,0.26960623264312744,0.7343108057975769,128,True,False,False,False
STRAIN_000482,4,GLOBAL_CONTIG,2,142,0.7155452966690063,0.28445470333099365,0.7542607188224792,128,True,False,False,False
STRAIN_000482,4,GLOBAL_CONTIG,3,242,0.7220415472984314,0.2779584527015686,0.7455982565879822,128,True,False,False,False
STRAIN_000482,4,GLOBAL_CONTIG,4,342,0.7300223112106323,0.2699776887893677,0.7348164916038513,128,True,False,False,False
STRAIN_000482,4,GLOBAL_CONTIG,5,442,0.7277400493621826,0.2722599506378174,0.7379159331321716,128,True,False,False,False
STRAIN_000486,4,GLOBAL_CONTIG,1,42,0.7281728982925415,0.2718271017074585,0.7373290061950684,128,True,False,False,False
STRAIN_000486,4,GLOBAL_CONTIG,2,142,0.6901479959487915,0.3098520040512085,0.7872129082679749,128,True,False,False,False
STRAIN_000486,4,GLOBAL_CONTIG,3,242,0.7160806655883789,0.2839193344116211,0.75355064868927,128,True,False,False,False
STRAIN_000486,4,GLOBAL_CONTIG,4,342,0.7116527557373047,0.2883472442626953,0.7594039440155029,128,True,False,False,False
STRAIN_000486,4,GLOBAL_CONTIG,5,442,0.7020770907402039,0.29792290925979614,0.7719104886054993,128,True,False,False,False
STRAIN_000487,4,GLOBAL_CONTIG,1,42,0.7164900302886963,0.2835099697113037,0.7530072331428528,128,True,False,False,False
STRAIN_000487,4,GLOBAL_CONTIG,2,142,0.6887786388397217,0.3112213611602783,0.7889503240585327,128,True,False,False,False
STRAIN_000487,4,GLOBAL_CONTIG,3,242,0.6988868117332458,0.30111318826675415,0.7760324478149414,128,True,False,False,False
STRAIN_000487,4,GLOBAL_CONTIG,4,342,0.700176477432251,0.299823522567749,0.7743687629699707,128,True,False,False,False
STRAIN_000487,4,GLOBAL_CONTIG,5,442,0.7125813961029053,0.2874186038970947,0.7581801414489746,128,True,False,False,False
STRAIN_000493,4,GLOBAL_CONTIG,1,42,0.581462025642395,0.418537974357605,0.9149185419082642,128,True,False,False,False
STRAIN_000493,4,GLOBAL_CONTIG,2,142,0.5850526094436646,0.41494739055633545,0.9109856486320496,128,True,False,False,False
STRAIN_000493,4,GLOBAL_CONTIG,3,242,0.5606657266616821,0.43933427333831787,0.9373730421066284,128,True,False,False,False
STRAIN_000493,4,GLOBAL_CONTIG,4,342,0.5700432062149048,0.4299567937850952,0.9273152947425842,128,True,False,False,False
STRAIN_000493,4,GLOBAL_CONTIG,5,442,0.5575334429740906,0.4424665570259094,0.9407088756561279,128,True,False,False,False
STRAIN_000499,4,GLOBAL_CONTIG,1,42,0.5971397161483765,0.40286028385162354,0.8976194262504578,128,True,False,False,False
STRAIN_000499,4,GLOBAL_CONTIG,2,142,0.5812645554542542,0.41873544454574585,0.9151344299316406,128,True,False,False,False
STRAIN_000499,4,GLOBAL_CONTIG,3,242,0.5938897132873535,0.4061102867126465,0.9012327790260315,128,True,False,False,False
STRAIN_000499,4,GLOBAL_CONTIG,4,342,0.5828008651733398,0.41719913482666016,0.9134540557861328,128,True,False,False,False
STRAIN_000499,4,GLOBAL_CONTIG,5,442,0.5791338682174683,0.42086613178253174,0.9174597263336182,128,True,False,False,False
STRAIN_000500,4,GLOBAL_CONTIG,1,42,0.6142746210098267,0.38572537899017334,0.8783227205276489,128,True,False,False,False
STRAIN_000500,4,GLOBAL_CONTIG,2,142,0.6091516017913818,0.39084839820861816,0.8841361999511719,128,True,False,False,False
STRAIN_000500,4,GLOBAL_CONTIG,3,242,0.6372761726379395,0.36272382736206055,0.8517321944236755,128,True,False,False,False
STRAIN_000500,4,GLOBAL_CONTIG,4,342,0.5968291759490967,0.4031708240509033,0.8979653716087341,128,True,False,False,False
STRAIN_000500,4,GLOBAL_CONTIG,5,442,0.6250807046890259,0.3749192953109741,0.865932285785675,128,True,False,False,False
STRAIN_000503,4,GLOBAL_CONTIG,1,42,0.6204214096069336,0.3795785903930664,0.8712962865829468,128,True,False,False,False
STRAIN_000503,4,GLOBAL_CONTIG,2,142,0.6181110143661499,0.3818889856338501,0.8739439249038696,128,True,False,False,False
STRAIN_000503,4,GLOBAL_CONTIG,3,242,0.6206979751586914,0.3793020248413086,0.870978832244873,128,True,False,False,False
STRAIN_000503,4,GLOBAL_CONTIG,4,342,0.6212331056594849,0.37876689434051514,0.8703641891479492,128,True,False,False,False
STRAIN_000503,4,GLOBAL_CONTIG,5,442,0.6072841882705688,0.39271581172943115,0.8862457871437073,128,True,False,False,False
STRAIN_000504,4,GLOBAL_CONTIG,1,42,0.5821493864059448,0.4178506135940552,0.9141668677330017,128,True,False,False,False
STRAIN_000504,4,GLOBAL_CONTIG,2,142,0.5891321897506714,0.4108678102493286,0.9064963459968567,128,True,False,False,False
STRAIN_000504,4,GLOBAL_CONTIG,3,242,0.6254324913024902,0.37456750869750977,0.8655258417129517,128,True,False,False,False
STRAIN_000504,4,GLOBAL_CONTIG,4,342,0.5956950187683105,0.40430498123168945,0.8992273807525635,128,True,False,False,False
STRAIN_000504,4,GLOBAL_CONTIG,5,442,0.6291348934173584,0.3708651065826416,0.8612375855445862,128,True,False,False,False
STRAIN_000507,4,GLOBAL_CONTIG,1,42,0.6988389492034912,0.3011610507965088,0.7760941982269287,128,True,False,False,False
STRAIN_000507,4,GLOBAL_CONTIG,2,142,0.7148676514625549,0.28513234853744507,0.7551587224006653,128,True,False,False,False
STRAIN_000507,4,GLOBAL_CONTIG,3,242,0.708875298500061,0.29112470149993896,0.7630526423454285,128,True,False,False,False
STRAIN_000507,4,GLOBAL_CONTIG,4,342,0.722040057182312,0.277959942817688,0.7456004023551941,128,True,False,False,False
STRAIN_000507,4,GLOBAL_CONTIG,5,442,0.7199599742889404,0.28004002571105957,0.7483848333358765,128,True,False,False,False
STRAIN_000510,4,GLOBAL_CONTIG,1,42,0.5944036245346069,0.40559637546539307,0.9006624221801758,128,True,False,False,False
STRAIN_000510,4,GLOBAL_CONTIG,2,142,0.6120725870132446,0.38792741298675537,0.8808262348175049,128,True,False,False,False
STRAIN_000510,4,GLOBAL_CONTIG,3,242,0.603802502155304,0.39619749784469604,0.8901658058166504,128,True,False,False,False
STRAIN_000510,4,GLOBAL_CONTIG,4,342,0.5863041877746582,0.4136958122253418,0.9096107482910156,128,True,False,False,False
STRAIN_000510,4,GLOBAL_CONTIG,5,442,0.615348219871521,0.384651780128479,0.8770995736122131,128,True,False,False,False
STRAIN_000517,4,GLOBAL_CONTIG,1,42,0.56723552942276,0.43276447057724,0.9303381443023682,128,True,False,False,False
STRAIN_000517,4,GLOBAL_CONTIG,2,142,0.5728932023048401,0.4271067976951599,0.9242367744445801,128,True,False,False,False
STRAIN_000517,4,GLOBAL_CONTIG,3,242,0.6914032697677612,0.30859673023223877,0.7856166958808899,128,True,False,False,False
STRAIN_000517,4,GLOBAL_CONTIG,4,342,0.6387484669685364,0.3612515330314636,0.8500018119812012,128,True,False,False,False
STRAIN_000517,4,GLOBAL_CONTIG,5,442,0.5988485813140869,0.4011514186859131,0.8957135677337646,128,True,False,False,False
STRAIN_000518,4,GLOBAL_CONTIG,1,42,0.6245276927947998,0.3754723072052002,0.8665705323219299,128,True,False,False,False
STRAIN_000518,4,GLOBAL_CONTIG,2,142,0.5655727386474609,0.43442726135253906,0.9321237206459045,128,True,False,False,False
STRAIN_000518,4,GLOBAL_CONTIG,3,242,0.5654723644256592,0.4345276355743408,0.9322312474250793,128,True,False,False,False
STRAIN_000518,4,GLOBAL_CONTIG,4,342,0.6088153719902039,0.39118462800979614,0.8845164179801941,128,True,False,False,False
STRAIN_000518,4,GLOBAL_CONTIG,5,442,0.6161168217658997,0.38388317823410034,0.8762227296829224,128,True,False,False,False
STRAIN_000525,4,GLOBAL_CONTIG,1,42,0.606388509273529,0.39361149072647095,0.887255847454071,128,True,False,False,False
STRAIN_000525,4,GLOBAL_CONTIG,2,142,0.6150277853012085,0.3849722146987915,0.8774648308753967,128,True,False,False,False
STRAIN_000525,4,GLOBAL_CONTIG,3,242,0.631881594657898,0.36811840534210205,0.8580424189567566,128,True,False,False,False
STRAIN_000525,4,GLOBAL_CONTIG,4,342,0.6435185670852661,0.3564814329147339,0.8443713188171387,128,True,False,False,False
STRAIN_000525,4,GLOBAL_CONTIG,5,442,0.5828531384468079,0.41714686155319214,0.9133967161178589,128,True,False,False,False
STRAIN_000527,4,GLOBAL_CONTIG,1,42,0.6392366886138916,0.3607633113861084,0.8494272232055664,128,True,False,False,False
STRAIN_000527,4,GLOBAL_CONTIG,2,142,0.57023024559021,0.42976975440979004,0.9271135330200195,128,True,False,False,False
STRAIN_000527,4,GLOBAL_CONTIG,3,242,0.6568690538406372,0.3431309461593628,0.8284092545509338,128,True,False,False,False
STRAIN_000527,4,GLOBAL_CONTIG,4,342,0.6559745669364929,0.3440254330635071,0.8294883370399475,128,True,False,False,False
STRAIN_000527,4,GLOBAL_CONTIG,5,442,0.619657039642334,0.380342960357666,0.8721730709075928,128,True,False,False,False
STRAIN_000543,4,GLOBAL_CONTIG,1,42,0.6895323991775513,0.31046760082244873,0.7879945039749146,128,True,False,False,False
STRAIN_000543,4,GLOBAL_CONTIG,2,142,0.7023593187332153,0.29764068126678467,0.771544873714447,128,True,False,False,False
STRAIN_000543,4,GLOBAL_CONTIG,3,242,0.6992553472518921,0.3007446527481079,0.7755574584007263,128,True,False,False,False
STRAIN_000543,4,GLOBAL_CONTIG,4,342,0.7105567455291748,0.2894432544708252,0.7608460783958435,128,True,False,False,False
STRAIN_000543,4,GLOBAL_CONTIG,5,442,0.7055156230926514,0.29448437690734863,0.7674429416656494,128,True,False,False,False
STRAIN_000556,4,GLOBAL_CONTIG,1,42,0.61452317237854,0.38547682762145996,0.8780397176742554,128,True,False,False,False
STRAIN_000556,4,GLOBAL_CONTIG,2,142,0.5996045470237732,0.4003954529762268,0.8948692083358765,128,True,False,False,False
STRAIN_000556,4,GLOBAL_CONTIG,3,242,0.6236248016357422,0.3763751983642578,0.8676118850708008,128,True,False,False,False
STRAIN_000556,4,GLOBAL_CONTIG,4,342,0.6306167840957642,0.36938321590423584,0.8595152497291565,128,True,False,False,False
STRAIN_000556,4,GLOBAL_CONTIG,5,442,0.6494356393814087,0.3505643606185913,0.837334156036377,128,True,False,False,False
STRAIN_000561,4,GLOBAL_CONTIG,1,42,0.7508277893066406,0.24917221069335938,0.7059351205825806,128,True,False,False,False
STRAIN_000561,4,GLOBAL_CONTIG,2,142,0.7297471761703491,0.2702528238296509,0.7351908087730408,128,True,False,False,False
STRAIN_000561,4,GLOBAL_CONTIG,3,242,0.7195814847946167,0.2804185152053833,0.7488906383514404,128,True,False,False,False
STRAIN_000561,4,GLOBAL_CONTIG,4,342,0.7373416423797607,0.26265835762023926,0.7247872948646545,128,True,False,False,False
STRAIN_000561,4,GLOBAL_CONTIG,5,442,0.7170242667198181,0.2829757332801819,0.7522974014282227,128,True,False,False,False
STRAIN_000572,4,GLOBAL_CONTIG,1,42,0.5893824696540833,0.41061753034591675,0.9062201976776123,128,True,False,False,False
STRAIN_000572,4,GLOBAL_CONTIG,2,142,0.5990571975708008,0.4009428024291992,0.8954806327819824,128,True,False,False,False
STRAIN_000572,4,GLOBAL_CONTIG,3,242,0.6596478223800659,0.3403521776199341,0.82504802942276,128,True,False,False,False
STRAIN_000572,4,GLOBAL_CONTIG,4,342,0.6054909825325012,0.3945090174674988,0.888266921043396,128,True,False,False,False
STRAIN_000572,4,GLOBAL_CONTIG,5,442,0.6390933990478516,0.36090660095214844,0.849595844745636,128,True,False,False,False
STRAIN_000575,4,GLOBAL_CONTIG,1,42,0.7371153235435486,0.2628846764564514,0.7250995635986328,128,True,False,False,False
STRAIN_000575,4,GLOBAL_CONTIG,2,142,0.7450913190841675,0.2549086809158325,0.7140149474143982,128,True,False,False,False
STRAIN_000575,4,GLOBAL_CONTIG,3,242,0.7504886388778687,0.24951136112213135,0.7064154148101807,128,True,False,False,False
STRAIN_000575,4,GLOBAL_CONTIG,4,342,0.7381396889686584,0.26186031103134155,0.7236854434013367,128,True,False,False,False
STRAIN_000575,4,GLOBAL_CONTIG,5,442,0.708276629447937,0.291723370552063,0.7638368010520935,128,True,False,False,False
STRAIN_000584,4,GLOBAL_CONTIG,1,42,0.5927426218986511,0.4072573781013489,0.9025048017501831,128,True,False,False,False
STRAIN_000584,4,GLOBAL_CONTIG,2,142,0.6217191219329834,0.3782808780670166,0.8698056936264038,128,True,False,False,False
STRAIN_000584,4,GLOBAL_CONTIG,3,242,0.5739096403121948,0.4260903596878052,0.9231364130973816,128,True,False,False,False
STRAIN_000584,4,GLOBAL_CONTIG,4,342,0.6084301471710205,0.3915698528289795,0.8849518895149231,128,True,False,False,False
STRAIN_000584,4,GLOBAL_CONTIG,5,442,0.6136075258255005,0.3863924741744995,0.8790819048881531,128,True,False,False,False
STRAIN_000586,4,GLOBAL_CONTIG,1,42,0.6015244722366333,0.3984755277633667,0.8927211165428162,128,True,False,False,False
STRAIN_000586,4,GLOBAL_CONTIG,2,142,0.6086055040359497,0.3913944959640503,0.8847535252571106,128,True,False,False,False
STRAIN_000586,4,GLOBAL_CONTIG,3,242,0.6094237565994263,0.39057624340057373,0.8838282227516174,128,True,False,False,False
STRAIN_000586,4,GLOBAL_CONTIG,4,342,0.5998592376708984,0.40014076232910156,0.8945845365524292,128,True,False,False,False
STRAIN_000586,4,GLOBAL_CONTIG,5,442,0.6020393371582031,0.3979606628417969,0.8921442031860352,128,True,False,False,False
STRAIN_000589,4,GLOBAL_CONTIG,1,42,0.6331247091293335,0.3668752908706665,0.8565922975540161,128,True,False,False,False
STRAIN_000589,4,GLOBAL_CONTIG,2,142,0.6280032396316528,0.37199676036834717,0.8625504970550537,128,True,False,False,False
STRAIN_000589,4,GLOBAL_CONTIG,3,242,0.5992884635925293,0.4007115364074707,0.8952223062515259,128,True,False,False,False
STRAIN_000589,4,GLOBAL_CONTIG,4,342,0.6440756916999817,0.3559243083000183,0.8437111973762512,128,True,False,False,False
STRAIN_000589,4,GLOBAL_CONTIG,5,442,0.5900987982749939,0.4099012017250061,0.9054293036460876,128,True,False,False,False
STRAIN_000592,4,GLOBAL_CONTIG,1,42,0.7130727767944336,0.2869272232055664,0.7575316429138184,128,True,False,False,False
STRAIN_000592,4,GLOBAL_CONTIG,2,142,0.7452002763748169,0.2547997236251831,0.7138622403144836,128,True,False,False,False
STRAIN_000592,4,GLOBAL_CONTIG,3,242,0.6668814420700073,0.3331185579299927,0.8162333965301514,128,True,False,False,False
STRAIN_000592,4,GLOBAL_CONTIG,4,342,0.7555500268936157,0.24444997310638428,0.6992136836051941,128,True,False,False,False
STRAIN_000592,4,GLOBAL_CONTIG,5,442,0.7402858734130859,0.25971412658691406,0.7207136154174805,128,True,False,False,False
STRAIN_000593,4,GLOBAL_CONTIG,1,42,0.6540161371231079,0.3459838628768921,0.8318459987640381,128,True,False,False,False
STRAIN_000593,4,GLOBAL_CONTIG,2,142,0.6212199926376343,0.3787800073623657,0.8703793287277222,128,True,False,False,False
STRAIN_000593,4,GLOBAL_CONTIG,3,242,0.5945144891738892,0.40548551082611084,0.900539219379425,128,True,False,False,False
STRAIN_000593,4,GLOBAL_CONTIG,4,342,0.65134596824646,0.34865403175354004,0.8350497484207153,128,True,False,False,False
STRAIN_000593,4,GLOBAL_CONTIG,5,442,0.648784339427948,0.351215660572052,0.8381116986274719,128,True,False,False,False
STRAIN_000600,4,GLOBAL_CONTIG,1,42,0.6166386008262634,0.3833613991737366,0.8756270408630371,128,True,False,False,False
STRAIN_000600,4,GLOBAL_CONTIG,2,142,0.5802239179611206,0.4197760820388794,0.9162707924842834,128,True,False,False,False
STRAIN_000600,4,GLOBAL_CONTIG,3,242,0.6186506748199463,0.3813493251800537,0.8733261227607727,128,True,False,False,False
STRAIN_000600,4,GLOBAL_CONTIG,4,342,0.6332128643989563,0.3667871356010437,0.8564894199371338,128,True,False,False,False
STRAIN_000600,4,GLOBAL_CONTIG,5,442,0.564529538154602,0.43547046184539795,0.9332420825958252,128,True,False,False,False
STRAIN_000601,4,GLOBAL_CONTIG,1,42,0.6042451858520508,0.3957548141479492,0.8896682858467102,128,True,False,False,False
STRAIN_000601,4,GLOBAL_CONTIG,2,142,0.5877698659896851,0.41223013401031494,0.9079980254173279,128,True,False,False,False
STRAIN_000601,4,GLOBAL_CONTIG,3,242,0.5820231437683105,0.41797685623168945,0.9143050909042358,128,True,False,False,False
STRAIN_000601,4,GLOBAL_CONTIG,4,342,0.6050664186477661,0.3949335813522339,0.8887447118759155,128,True,False,False,False
STRAIN_000601,4,GLOBAL_CONTIG,5,442,0.610202431678772,0.389797568321228,0.8829469084739685,128,True,False,False,False
STRAIN_000614,4,GLOBAL_CONTIG,1,42,0.6725435256958008,0.3274564743041992,0.8092669248580933,128,True,False,False,False
STRAIN_000614,4,GLOBAL_CONTIG,2,142,0.6697598695755005,0.3302401304244995,0.8126993179321289,128,True,False,False,False
STRAIN_000614,4,GLOBAL_CONTIG,3,242,0.6869530081748962,0.31304699182510376,0.7912609577178955,128,True,False,False,False
STRAIN_000614,4,GLOBAL_CONTIG,4,342,0.659237265586853,0.340762734413147,0.825545608997345,128,True,False,False,False
STRAIN_000614,4,GLOBAL_CONTIG,5,442,0.661253035068512,0.33874696493148804,0.8231001496315002,128,True,False,False,False
STRAIN_000622,4,GLOBAL_CONTIG,1,42,0.6106969118118286,0.3893030881881714,0.8823866844177246,128,True,False,False,False
STRAIN_000622,4,GLOBAL_CONTIG,2,142,0.6128526329994202,0.38714736700057983,0.8799402117729187,128,True,False,False,False
STRAIN_000622,4,GLOBAL_CONTIG,3,242,0.645098090171814,0.35490190982818604,0.8424985408782959,128,True,False,False,False
STRAIN_000622,4,GLOBAL_CONTIG,4,342,0.639209508895874,0.360790491104126,0.8494592308998108,128,True,False,False,False
STRAIN_000622,4,GLOBAL_CONTIG,5,442,0.6226045489311218,0.3773954510688782,0.8687870502471924,128,True,False,False,False
STRAIN_000624,4,GLOBAL_CONTIG,1,42,0.6649246215820312,0.33507537841796875,0.8186273574829102,128,True,False,False,False
STRAIN_000624,4,GLOBAL_CONTIG,2,142,0.6773827075958252,0.3226172924041748,0.8032649755477905,128,True,False,False,False
STRAIN_000624,4,GLOBAL_CONTIG,3,242,0.623381495475769,0.37661850452423096,0.8678922653198242,128,True,False,False,False
STRAIN_000624,4,GLOBAL_CONTIG,4,342,0.6511718034744263,0.34882819652557373,0.8352583050727844,128,True,False,False,False
STRAIN_000624,4,GLOBAL_CONTIG,5,442,0.6646758317947388,0.33532416820526123,0.8189312219619751,128,True,False,False,False
STRAIN_000625,4,GLOBAL_CONTIG,1,42,0.7413816452026367,0.2586183547973633,0.7191917896270752,128,True,False,False,False
STRAIN_000625,4,GLOBAL_CONTIG,2,142,0.6433899998664856,0.3566100001335144,0.8445234894752502,128,True,False,False,False
STRAIN_000625,4,GLOBAL_CONTIG,3,242,0.7112922668457031,0.2887077331542969,0.7598786354064941,128,True,False,False,False
STRAIN_000625,4,GLOBAL_CONTIG,4,342,0.5933499336242676,0.4066500663757324,0.9018314480781555,128,True,False,False,False
STRAIN_000625,4,GLOBAL_CONTIG,5,442,0.6904112100601196,0.30958878993988037,0.7868783473968506,128,True,False,False,False
STRAIN_000628,4,GLOBAL_CONTIG,1,42,0.5697572231292725,0.43024277687072754,0.9276235699653625,128,True,False,False,False
STRAIN_000628,4,GLOBAL_CONTIG,2,142,0.5442352294921875,0.4557647705078125,0.9547405242919922,128,True,False,False,False
STRAIN_000628,4,GLOBAL_CONTIG,3,242,0.5698875784873962,0.43011242151260376,0.9274830222129822,128,True,False,False,False
STRAIN_000628,4,GLOBAL_CONTIG,4,342,0.5957674980163574,0.4042325019836426,0.8991469144821167,128,True,False,False,False
STRAIN_000628,4,GLOBAL_CONTIG,5,442,0.534002423286438,0.465997576713562,0.9653990268707275,128,True,False,False,False
STRAIN_000636,4,GLOBAL_CONTIG,1,42,0.676516056060791,0.323483943939209,0.8043431639671326,128,True,False,False,False
STRAIN_000636,4,GLOBAL_CONTIG,2,142,0.68082594871521,0.31917405128479004,0.7989668250083923,128,True,False,False,False
STRAIN_000636,4,GLOBAL_CONTIG,3,242,0.6939992904663086,0.3060007095336914,0.7823053002357483,128,True,False,False,False
STRAIN_000636,4,GLOBAL_CONTIG,4,342,0.7152347564697266,0.28476524353027344,0.7546725273132324,128,True,False,False,False
STRAIN_000636,4,GLOBAL_CONTIG,5,442,0.69489586353302,0.30510413646698,0.7811582684516907,128,True,False,False,False
STRAIN_000638,4,GLOBAL_CONTIG,1,42,0.5740435123443604,0.42595648765563965,0.9229912757873535,128,True,False,False,False
STRAIN_000638,4,GLOBAL_CONTIG,2,142,0.5975266098976135,0.4024733901023865,0.8971882462501526,128,True,False,False,False
STRAIN_000638,4,GLOBAL_CONTIG,3,242,0.6173201203346252,0.38267987966537476,0.8748483657836914,128,True,False,False,False
STRAIN_000638,4,GLOBAL_CONTIG,4,342,0.6287264823913574,0.3712735176086426,0.8617115616798401,128,True,False,False,False
STRAIN_000638,4,GLOBAL_CONTIG,5,442,0.596270740032196,0.40372925996780396,0.8985869288444519,128,True,False,False,False
STRAIN_000641,4,GLOBAL_CONTIG,1,42,0.6374394297599792,0.36256057024002075,0.8515405058860779,128,True,False,False,False
STRAIN_000641,4,GLOBAL_CONTIG,2,142,0.6615005731582642,0.33849942684173584,0.8227994441986084,128,True,False,False,False
STRAIN_000641,4,GLOBAL_CONTIG,3,242,0.6437277793884277,0.35627222061157227,0.8441235423088074,128,True,False,False,False
STRAIN_000641,4,GLOBAL_CONTIG,4,342,0.6512507200241089,0.3487492799758911,0.8351637721061707,128,True,False,False,False
STRAIN_000641,4,GLOBAL_CONTIG,5,442,0.6276641488075256,0.37233585119247437,0.862943708896637,128,True,False,False,False
STRAIN_000645,4,GLOBAL_CONTIG,1,42,0.5619092583656311,0.4380907416343689,0.9360457062721252,128,True,False,False,False
STRAIN_000645,4,GLOBAL_CONTIG,2,142,0.5237994194030762,0.47620058059692383,0.975910484790802,128,True,False,False,False
STRAIN_000645,4,GLOBAL_CONTIG,3,242,0.5374127626419067,0.46258723735809326,0.9618600010871887,128,True,False,False,False
STRAIN_000645,4,GLOBAL_CONTIG,4,342,0.5516949892044067,0.44830501079559326,0.9468950629234314,128,True,False,False,False
STRAIN_000645,4,GLOBAL_CONTIG,5,442,0.5675964951515198,0.4324035048484802,0.9299500584602356,128,True,False,False,False
STRAIN_000655,4,GLOBAL_CONTIG,1,42,0.6526546478271484,0.34734535217285156,0.8334810137748718,128,True,False,False,False
STRAIN_000655,4,GLOBAL_CONTIG,2,142,0.5840460062026978,0.41595399379730225,0.9120898842811584,128,True,False,False,False
STRAIN_000655,4,GLOBAL_CONTIG,3,242,0.5832693576812744,0.4167306423187256,0.9129410982131958,128,True,False,False,False
STRAIN_000655,4,GLOBAL_CONTIG,4,342,0.6306627988815308,0.36933720111846924,0.8594616651535034,128,True,False,False,False
STRAIN_000655,4,GLOBAL_CONTIG,5,442,0.6022641658782959,0.3977358341217041,0.89189213514328,128,True,False,False,False
STRAIN_000659,4,GLOBAL_CONTIG,1,42,0.6868627071380615,0.3131372928619385,0.7913751006126404,128,True,False,False,False
STRAIN_000659,4,GLOBAL_CONTIG,2,142,0.6436659693717957,0.35633403062820435,0.8441966772079468,128,True,False,False,False
STRAIN_000659,4,GLOBAL_CONTIG,3,242,0.6651726365089417,0.33482736349105835,0.8183243870735168,128,True,False,False,False
STRAIN_000659,4,GLOBAL_CONTIG,4,342,0.6490340232849121,0.3509659767150879,0.8378138542175293,128,True,False,False,False
STRAIN_000659,4,GLOBAL_CONTIG,5,442,0.6742466688156128,0.3257533311843872,0.8071596026420593,128,True,False,False,False
STRAIN_000666,4,GLOBAL_CONTIG,1,42,0.6148300170898438,0.38516998291015625,0.8776901364326477,128,True,False,False,False
STRAIN_000666,4,GLOBAL_CONTIG,2,142,0.6104779243469238,0.38952207565307617,0.8826349377632141,128,True,False,False,False
STRAIN_000666,4,GLOBAL_CONTIG,3,242,0.6487606763839722,0.35123932361602783,0.8381399512290955,128,True,False,False,False
STRAIN_000666,4,GLOBAL_CONTIG,4,342,0.6131464242935181,0.38685357570648193,0.8796063661575317,128,True,False,False,False
STRAIN_000666,4,GLOBAL_CONTIG,5,442,0.6247690916061401,0.37523090839385986,0.8662919998168945,128,True,False,False,False
STRAIN_000668,4,GLOBAL_CONTIG,1,42,0.763240396976471,0.23675960302352905,0.6881272792816162,128,True,False,False,False
STRAIN_000668,4,GLOBAL_CONTIG,2,142,0.7547317147254944,0.24526828527450562,0.7003832459449768,128,True,False,False,False
STRAIN_000668,4,GLOBAL_CONTIG,3,242,0.7296926975250244,0.2703073024749756,0.7352648973464966,128,True,False,False,False
STRAIN_000668,4,GLOBAL_CONTIG,4,342,0.7686927318572998,0.2313072681427002,0.6801577210426331,128,True,False,False,False
STRAIN_000668,4,GLOBAL_CONTIG,5,442,0.727436900138855,0.272563099861145,0.7383266091346741,128,True,False,False,False
STRAIN_000677,4,GLOBAL_CONTIG,1,42,0.589249849319458,0.410750150680542,0.9063665270805359,128,True,False,False,False
STRAIN_000677,4,GLOBAL_CONTIG,2,142,0.5941514372825623,0.40584856271743774,0.900942325592041,128,True,False,False,False
STRAIN_000677,4,GLOBAL_CONTIG,3,242,0.6096432209014893,0.39035677909851074,0.8835799098014832,128,True,False,False,False
STRAIN_000677,4,GLOBAL_CONTIG,4,342,0.5705215930938721,0.42947840690612793,0.9267992973327637,128,True,False,False,False
STRAIN_000677,4,GLOBAL_CONTIG,5,442,0.6179823875427246,0.3820176124572754,0.8740910887718201,128,True,False,False,False
STRAIN_000680,4,GLOBAL_CONTIG,1,42,0.6476113200187683,0.3523886799812317,0.8395102024078369,128,True,False,False,False
STRAIN_000680,4,GLOBAL_CONTIG,2,142,0.6278286576271057,0.3721713423728943,0.8627529740333557,128,True,False,False,False
STRAIN_000680,4,GLOBAL_CONTIG,3,242,0.6932167410850525,0.3067832589149475,0.7833048701286316,128,True,False,False,False
STRAIN_000680,4,GLOBAL_CONTIG,4,342,0.6249104142189026,0.3750895857810974,0.8661288619041443,128,True,False,False,False
STRAIN_000680,4,GLOBAL_CONTIG,5,442,0.6368233561515808,0.3631766438484192,0.8522636294364929,128,True,False,False,False
STRAIN_000687,4,GLOBAL_CONTIG,1,42,0.6454217433929443,0.35457825660705566,0.8421144485473633,128,True,False,False,False
STRAIN_000687,4,GLOBAL_CONTIG,2,142,0.6492000818252563,0.35079991817474365,0.8376156091690063,128,True,False,False,False
STRAIN_000687,4,GLOBAL_CONTIG,3,242,0.7052755355834961,0.2947244644165039,0.7677557468414307,128,True,False,False,False
STRAIN_000687,4,GLOBAL_CONTIG,4,342,0.6944226026535034,0.3055773973464966,0.7817639112472534,128,True,False,False,False
STRAIN_000687,4,GLOBAL_CONTIG,5,442,0.6841561794281006,0.3158438205718994,0.7947878837585449,128,True,False,False,False
STRAIN_000703,4,GLOBAL_CONTIG,1,42,0.5651285648345947,0.4348714351654053,0.9325999617576599,128,True,False,False,False
STRAIN_000703,4,GLOBAL_CONTIG,2,142,0.546543300151825,0.45345669984817505,0.9523199796676636,128,True,False,False,False
STRAIN_000703,4,GLOBAL_CONTIG,3,242,0.5932520627975464,0.4067479372024536,0.901940107345581,128,True,False,False,False
STRAIN_000703,4,GLOBAL_CONTIG,4,342,0.564242959022522,0.435757040977478,0.9335491061210632,128,True,False,False,False
STRAIN_000703,4,GLOBAL_CONTIG,5,442,0.5765559077262878,0.42344409227371216,0.9202653169631958,128,True,False,False,False
STRAIN_000707,4,GLOBAL_CONTIG,1,42,0.6133933067321777,0.38660669326782227,0.8793255686759949,128,True,False,False,False
STRAIN_000707,4,GLOBAL_CONTIG,2,142,0.6629079580307007,0.3370920419692993,0.821087121963501,128,True,False,False,False
STRAIN_000707,4,GLOBAL_CONTIG,3,242,0.5985672473907471,0.40143275260925293,0.8960276246070862,128,True,False,False,False
STRAIN_000707,4,GLOBAL_CONTIG,4,342,0.7006736397743225,0.2993263602256775,0.7737265229225159,128,True,False,False,False
STRAIN_000707,4,GLOBAL_CONTIG,5,442,0.7179912328720093,0.2820087671279907,0.7510111331939697,128,True,False,False,False
STRAIN_000725,4,GLOBAL_CONTIG,1,42,0.612857460975647,0.387142539024353,0.8799346089363098,128,True,False,False,False
STRAIN_000725,4,GLOBAL_CONTIG,2,142,0.6042143106460571,0.39578568935394287,0.8897029757499695,128,True,False,False,False
STRAIN_000725,4,GLOBAL_CONTIG,3,242,0.633022665977478,0.366977334022522,0.8567115664482117,128,True,False,False,False
STRAIN_000725,4,GLOBAL_CONTIG,4,342,0.6430923938751221,0.35690760612487793,0.8448758125305176,128,True,False,False,False
STRAIN_000725,4,GLOBAL_CONTIG,5,442,0.6474720239639282,0.3525279760360718,0.8396760821342468,128,True,False,False,False
STRAIN_000732,4,GLOBAL_CONTIG,1,42,0.5667390823364258,0.4332609176635742,0.9308714866638184,128,True,False,False,False
STRAIN_000732,4,GLOBAL_CONTIG,2,142,0.5917714834213257,0.4082285165786743,0.9035801291465759,128,True,False,False,False
STRAIN_000732,4,GLOBAL_CONTIG,3,242,0.5916745662689209,0.4083254337310791,0.9036872982978821,128,True,False,False,False
STRAIN_000732,4,GLOBAL_CONTIG,4,342,0.6095580458641052,0.3904419541358948,0.8836764097213745,128,True,False,False,False
STRAIN_000732,4,GLOBAL_CONTIG,5,442,0.5614675879478455,0.43853241205215454,0.9365172982215881,128,True,False,False,False
STRAIN_000736,4,GLOBAL_CONTIG,1,42,0.6763726472854614,0.3236273527145386,0.8045215010643005,128,True,False,False,False
STRAIN_000736,4,GLOBAL_CONTIG,2,142,0.6478564143180847,0.3521435856819153,0.8392181992530823,128,True,False,False,False
STRAIN_000736,4,GLOBAL_CONTIG,3,242,0.6730285882949829,0.3269714117050171,0.8086674809455872,128,True,False,False,False
STRAIN_000736,4,GLOBAL_CONTIG,4,342,0.6530681252479553,0.3469318747520447,0.8329848647117615,128,True,False,False,False
STRAIN_000736,4,GLOBAL_CONTIG,5,442,0.6898646354675293,0.3101353645324707,0.7875726222991943,128,True,False,False,False
STRAIN_000738,4,GLOBAL_CONTIG,1,42,0.6062758564949036,0.39372414350509644,0.8873828053474426,128,True,False,False,False
STRAIN_000738,4,GLOBAL_CONTIG,2,142,0.5929467678070068,0.40705323219299316,0.9022786021232605,128,True,False,False,False
STRAIN_000738,4,GLOBAL_CONTIG,3,242,0.6396849751472473,0.3603150248527527,0.8488993644714355,128,True,False,False,False
STRAIN_000738,4,GLOBAL_CONTIG,4,342,0.5879377126693726,0.41206228733062744,0.9078130722045898,128,True,False,False,False
STRAIN_000738,4,GLOBAL_CONTIG,5,442,0.5840398669242859,0.4159601330757141,0.9120966792106628,128,True,False,False,False
STRAIN_000747,4,GLOBAL_CONTIG,1,42,0.668944239616394,0.33105576038360596,0.8137022852897644,128,True,False,False,False
STRAIN_000747,4,GLOBAL_CONTIG,2,142,0.6869040727615356,0.31309592723846436,0.7913228273391724,128,True,False,False,False
STRAIN_000747,4,GLOBAL_CONTIG,3,242,0.6898719072341919,0.3101280927658081,0.7875635027885437,128,True,False,False,False
STRAIN_000747,4,GLOBAL_CONTIG,4,342,0.6426171064376831,0.3573828935623169,0.8454381227493286,128,True,False,False,False
STRAIN_000747,4,GLOBAL_CONTIG,5,442,0.6708967685699463,0.3291032314300537,0.8112993240356445,128,True,False,False,False
STRAIN_000748,4,GLOBAL_CONTIG,1,42,0.6366680264472961,0.36333197355270386,0.8524458408355713,128,True,False,False,False
STRAIN_000748,4,GLOBAL_CONTIG,2,142,0.6041314601898193,0.39586853981018066,0.8897961974143982,128,True,False,False,False
STRAIN_000748,4,GLOBAL_CONTIG,3,242,0.599734902381897,0.400265097618103,0.8947235941886902,128,True,False,False,False
STRAIN_000748,4,GLOBAL_CONTIG,4,342,0.5944865345954895,0.4055134654045105,0.9005703926086426,128,True,False,False,False
STRAIN_000748,4,GLOBAL_CONTIG,5,442,0.6063534021377563,0.39364659786224365,0.8872954845428467,128,True,False,False,False
STRAIN_000749,4,GLOBAL_CONTIG,1,42,0.6107563972473145,0.38924360275268555,0.8823191523551941,128,True,False,False,False
STRAIN_000749,4,GLOBAL_CONTIG,2,142,0.5863204002380371,0.4136795997619629,0.909592866897583,128,True,False,False,False
STRAIN_000749,4,GLOBAL_CONTIG,3,242,0.6059925556182861,0.39400744438171387,0.8877020478248596,128,True,False,False,False
STRAIN_000749,4,GLOBAL_CONTIG,4,342,0.5758457183837891,0.42415428161621094,0.9210367202758789,128,True,False,False,False
STRAIN_000749,4,GLOBAL_CONTIG,5,442,0.584386944770813,0.415613055229187,0.9117160439491272,128,True,False,False,False
STRAIN_000764,4,GLOBAL_CONTIG,1,42,0.6681259870529175,0.3318740129470825,0.8147072792053223,128,True,False,False,False
STRAIN_000764,4,GLOBAL_CONTIG,2,142,0.724353551864624,0.275646448135376,0.7424909472465515,128,True,False,False,False
STRAIN_000764,4,GLOBAL_CONTIG,3,242,0.669994592666626,0.330005407333374,0.8124104738235474,128,True,False,False,False
STRAIN_000764,4,GLOBAL_CONTIG,4,342,0.6811634302139282,0.3188365697860718,0.7985444068908691,128,True,False,False,False
STRAIN_000764,4,GLOBAL_CONTIG,5,442,0.6726519465446472,0.3273480534553528,0.8091328740119934,128,True,False,False,False
STRAIN_000778,4,GLOBAL_CONTIG,1,42,0.7820034027099609,0.21799659729003906,0.6602977514266968,128,True,False,False,False
STRAIN_000778,4,GLOBAL_CONTIG,2,142,0.7470098733901978,0.25299012660980225,0.7113227844238281,128,True,False,False,False
STRAIN_000778,4,GLOBAL_CONTIG,3,242,0.7896186709403992,0.21038132905960083,0.648662269115448,128,True,False,False,False
STRAIN_000778,4,GLOBAL_CONTIG,4,342,0.7394455671310425,0.2605544328689575,0.7218787670135498,128,True,False,False,False
STRAIN_000778,4,GLOBAL_CONTIG,5,442,0.8187249898910522,0.18127501010894775,0.6021213531494141,128,True,False,False,False
STRAIN_000779,4,GLOBAL_CONTIG,1,42,0.795447587966919,0.20455241203308105,0.6396130323410034,128,True,False,False,False
STRAIN_000779,4,GLOBAL_CONTIG,2,142,0.762319803237915,0.23768019676208496,0.6894639134407043,128,True,False,False,False
STRAIN_000779,4,GLOBAL_CONTIG,3,242,0.7078301906585693,0.29216980934143066,0.7644211053848267,128,True,False,False,False
STRAIN_000779,4,GLOBAL_CONTIG,4,342,0.7528872489929199,0.24711275100708008,0.7030116319656372,128,True,False,False,False
STRAIN_000779,4,GLOBAL_CONTIG,5,442,0.7575849294662476,0.24241507053375244,0.6962975859642029,128,True,False,False,False
STRAIN_000782,4,GLOBAL_CONTIG,1,42,0.5696352124214172,0.43036478757858276,0.9277551770210266,128,True,False,False,False
STRAIN_000782,4,GLOBAL_CONTIG,2,142,0.5654511451721191,0.43454885482788086,0.9322541356086731,128,True,False,False,False
STRAIN_000782,4,GLOBAL_CONTIG,3,242,0.5601568222045898,0.43984317779541016,0.9379159212112427,128,True,False,False,False
STRAIN_000782,4,GLOBAL_CONTIG,4,342,0.537609875202179,0.46239012479782104,0.9616549611091614,128,True,False,False,False
STRAIN_000782,4,GLOBAL_CONTIG,5,442,0.552175760269165,0.44782423973083496,0.9463870525360107,128,True,False,False,False
STRAIN_000784,4,GLOBAL_CONTIG,1,42,0.7747489213943481,0.22525107860565186,0.6711946129798889,128,True,False,False,False
STRAIN_000784,4,GLOBAL_CONTIG,2,142,0.7231632471084595,0.2768367528915405,0.7440924644470215,128,True,False,False,False
STRAIN_000784,4,GLOBAL_CONTIG,3,242,0.7410467863082886,0.2589532136917114,0.7196571230888367,128,True,False,False,False
STRAIN_000784,4,GLOBAL_CONTIG,4,342,0.7152379751205444,0.28476202487945557,0.754668116569519,128,True,False,False,False
STRAIN_000784,4,GLOBAL_CONTIG,5,442,0.7551231384277344,0.24487686157226562,0.6998241543769836,128,True,False,False,False
STRAIN_000787,4,GLOBAL_CONTIG,1,42,0.6129932403564453,0.3870067596435547,0.8797803521156311,128,True,False,False,False
STRAIN_000787,4,GLOBAL_CONTIG,2,142,0.5769922137260437,0.4230077862739563,0.9197911024093628,128,True,False,False,False
STRAIN_000787,4,GLOBAL_CONTIG,3,242,0.5824176669120789,0.41758233308792114,0.9138734340667725,128,True,False,False,False
STRAIN_000787,4,GLOBAL_CONTIG,4,342,0.6345975995063782,0.3654024004936218,0.8548712730407715,128,True,False,False,False
STRAIN_000787,4,GLOBAL_CONTIG,5,442,0.6148585081100464,0.3851414918899536,0.8776577115058899,128,True,False,False,False
STRAIN_000809,4,GLOBAL_CONTIG,1,42,0.5667014122009277,0.43329858779907227,0.9309120178222656,128,True,False,False,False
STRAIN_000809,4,GLOBAL_CONTIG,2,142,0.6075506806373596,0.3924493193626404,0.8859451413154602,128,True,False,False,False
STRAIN_000809,4,GLOBAL_CONTIG,3,242,0.6430138349533081,0.3569861650466919,0.844968855381012,128,True,False,False,False
STRAIN_000809,4,GLOBAL_CONTIG,4,342,0.6120510101318359,0.38794898986816406,0.8808507919311523,128,True,False,False,False
STRAIN_000809,4,GLOBAL_CONTIG,5,442,0.5797339677810669,0.4202660322189331,0.9168055057525635,128,True,False,False,False
STRAIN_000811,4,GLOBAL_CONTIG,1,42,0.6079024076461792,0.3920975923538208,0.8855479955673218,128,True,False,False,False
STRAIN_000811,4,GLOBAL_CONTIG,2,142,0.6291980743408203,0.3708019256591797,0.8611641526222229,128,True,False,False,False
STRAIN_000811,4,GLOBAL_CONTIG,3,242,0.6280845999717712,0.37191540002822876,0.8624563217163086,128,True,False,False,False
STRAIN_000811,4,GLOBAL_CONTIG,4,342,0.618699312210083,0.381300687789917,0.8732705116271973,128,True,False,False,False
STRAIN_000811,4,GLOBAL_CONTIG,5,442,0.6165806651115417,0.38341933488845825,0.8756932020187378,128,True,False,False,False
STRAIN_000813,4,GLOBAL_CONTIG,1,42,0.6207863688468933,0.3792136311531067,0.8708773255348206,128,True,False,False,False
STRAIN_000813,4,GLOBAL_CONTIG,2,142,0.5910854935646057,0.4089145064353943,0.9043391346931458,128,True,False,False,False
STRAIN_000813,4,GLOBAL_CONTIG,3,242,0.5988687872886658,0.40113121271133423,0.8956910371780396,128,True,False,False,False
STRAIN_000813,4,GLOBAL_CONTIG,4,342,0.5842758417129517,0.41572415828704834,0.9118379354476929,128,True,False,False,False
STRAIN_000813,4,GLOBAL_CONTIG,5,442,0.5854206085205078,0.4145793914794922,0.9105815887451172,128,True,False,False,False
STRAIN_000815,4,GLOBAL_CONTIG,1,42,0.5891845226287842,0.4108154773712158,0.9064386487007141,128,True,False,False,False
STRAIN_000815,4,GLOBAL_CONTIG,2,142,0.6020779609680176,0.3979220390319824,0.8921009302139282,128,True,False,False,False
STRAIN_000815,4,GLOBAL_CONTIG,3,242,0.6102865934371948,0.3897134065628052,0.8828515410423279,128,True,False,False,False
STRAIN_000815,4,GLOBAL_CONTIG,4,342,0.5995342135429382,0.40046578645706177,0.8949478268623352,128,True,False,False,False
STRAIN_000815,4,GLOBAL_CONTIG,5,442,0.5930097103118896,0.40699028968811035,0.9022087454795837,128,True,False,False,False
STRAIN_000819,4,GLOBAL_CONTIG,1,42,0.7471596002578735,0.25284039974212646,0.7111122608184814,128,True,False,False,False
STRAIN_000819,4,GLOBAL_CONTIG,2,142,0.7383741736412048,0.26162582635879517,0.7233613729476929,128,True,False,False,False
STRAIN_000819,4,GLOBAL_CONTIG,3,242,0.6808784604072571,0.3191215395927429,0.7989011406898499,128,True,False,False,False
STRAIN_000819,4,GLOBAL_CONTIG,4,342,0.746699333190918,0.25330066680908203,0.7117595076560974,128,True,False,False,False
STRAIN_000819,4,GLOBAL_CONTIG,5,442,0.7658280730247498,0.23417192697525024,0.6843566298484802,128,True,False,False,False
STRAIN_000820,4,GLOBAL_CONTIG,1,42,0.7510325908660889,0.24896740913391113,0.705644965171814,128,True,False,False,False
STRAIN_000820,4,GLOBAL_CONTIG,2,142,0.7521801590919495,0.24781984090805054,0.7040166854858398,128,True,False,False,False
STRAIN_000820,4,GLOBAL_CONTIG,3,242,0.7366629838943481,0.26333701610565186,0.7257229685783386,128,True,False,False,False
STRAIN_000820,4,GLOBAL_CONTIG,4,342,0.7473127841949463,0.2526872158050537,0.710896909236908,128,True,False,False,False
STRAIN_000820,4,GLOBAL_CONTIG,5,442,0.7160577774047852,0.28394222259521484,0.753581166267395,128,True,False,False,False
STRAIN_000821,4,GLOBAL_CONTIG,1,42,0.6225887537002563,0.37741124629974365,0.8688052296638489,128,True,False,False,False
STRAIN_000821,4,GLOBAL_CONTIG,2,142,0.5958847999572754,0.4041152000427246,0.8990164399147034,128,True,False,False,False
STRAIN_000821,4,GLOBAL_CONTIG,3,242,0.5997804403305054,0.40021955966949463,0.8946725726127625,128,True,False,False,False
STRAIN_000821,4,GLOBAL_CONTIG,4,342,0.5936676263809204,0.4063323736190796,0.901479184627533,128,True,False,False,False
STRAIN_000821,4,GLOBAL_CONTIG,5,442,0.5955479741096497,0.40445202589035034,0.8993909955024719,128,True,False,False,False
STRAIN_000823,4,GLOBAL_CONTIG,1,42,0.7119269371032715,0.2880730628967285,0.7590428590774536,128,True,False,False,False
STRAIN_000823,4,GLOBAL_CONTIG,2,142,0.7868030071258545,0.2131969928741455,0.6529884338378906,128,True,False,False,False
STRAIN_000823,4,GLOBAL_CONTIG,3,242,0.7500264644622803,0.24997353553771973,0.7070693373680115,128,True,False,False,False
STRAIN_000823,4,GLOBAL_CONTIG,4,342,0.7491846084594727,0.25081539154052734,0.7082590460777283,128,True,False,False,False
STRAIN_000823,4,GLOBAL_CONTIG,5,442,0.762561559677124,0.23743844032287598,0.6891130805015564,128,True,False,False,False
STRAIN_000826,4,GLOBAL_CONTIG,1,42,0.6712695956230164,0.32873040437698364,0.8108395934104919,128,True,False,False,False
STRAIN_000826,4,GLOBAL_CONTIG,2,142,0.7260507345199585,0.2739492654800415,0.7402017116546631,128,True,False,False,False
STRAIN_000826,4,GLOBAL_CONTIG,3,242,0.70415198802948,0.29584801197052,0.7692177295684814,128,True,False,False,False
STRAIN_000826,4,GLOBAL_CONTIG,4,342,0.7206929326057434,0.2793070673942566,0.747404932975769,128,True,False,False,False
STRAIN_000826,4,GLOBAL_CONTIG,5,442,0.7053055763244629,0.2946944236755371,0.767716646194458,128,True,False,False,False
STRAIN_000835,4,GLOBAL_CONTIG,1,42,0.647718071937561,0.35228192806243896,0.8393830060958862,128,True,False,False,False
STRAIN_000835,4,GLOBAL_CONTIG,2,142,0.6632903814315796,0.3367096185684204,0.8206210136413574,128,True,False,False,False
STRAIN_000835,4,GLOBAL_CONTIG,3,242,0.6656688451766968,0.3343311548233032,0.8177177309989929,128,True,False,False,False
STRAIN_000835,4,GLOBAL_CONTIG,4,342,0.7019773721694946,0.29802262783050537,0.7720396518707275,128,True,False,False,False
STRAIN_000835,4,GLOBAL_CONTIG,5,442,0.6696233749389648,0.33037662506103516,0.8128672242164612,128,True,False,False,False
STRAIN_000837,4,GLOBAL_CONTIG,1,42,0.7078495621681213,0.29215043783187866,0.7643957138061523,128,True,False,False,False
STRAIN_000837,4,GLOBAL_CONTIG,2,142,0.6526368856430054,0.34736311435699463,0.833502471446991,128,True,False,False,False
STRAIN_000837,4,GLOBAL_CONTIG,3,242,0.6619212031364441,0.3380787968635559,0.8222880363464355,128,True,False,False,False
STRAIN_000837,4,GLOBAL_CONTIG,4,342,0.6129539608955383,0.38704603910446167,0.8798250555992126,128,True,False,False,False
STRAIN_000837,4,GLOBAL_CONTIG,5,442,0.665803074836731,0.33419692516326904,0.8175535798072815,128,True,False,False,False
STRAIN_000852,4,GLOBAL_CONTIG,1,42,0.6415951251983643,0.35840487480163574,0.8466463088989258,128,True,False,False,False
STRAIN_000852,4,GLOBAL_CONTIG,2,142,0.592132568359375,0.407867431640625,0.9031804203987122,128,True,False,False,False
STRAIN_000852,4,GLOBAL_CONTIG,3,242,0.5981568694114685,0.4018431305885315,0.8964855670928955,128,True,False,False,False
STRAIN_000852,4,GLOBAL_CONTIG,4,342,0.6196105480194092,0.3803894519805908,0.8722264170646667,128,True,False,False,False
STRAIN_000852,4,GLOBAL_CONTIG,5,442,0.6134690046310425,0.3865309953689575,0.8792394995689392,128,True,False,False,False
STRAIN_000875,4,GLOBAL_CONTIG,1,42,0.5672869086265564,0.4327130913734436,0.9302828907966614,128,True,False,False,False
STRAIN_000875,4,GLOBAL_CONTIG,2,142,0.5639567971229553,0.4360432028770447,0.9338556528091431,128,True,False,False,False
STRAIN_000875,4,GLOBAL_CONTIG,3,242,0.5461916923522949,0.4538083076477051,0.9526892304420471,128,True,False,False,False
STRAIN_000875,4,GLOBAL_CONTIG,4,342,0.5648882389068604,0.43511176109313965,0.9328576922416687,128,True,False,False,False
STRAIN_000875,4,GLOBAL_CONTIG,5,442,0.5717239379882812,0.42827606201171875,0.9255009889602661,128,True,False,False,False
STRAIN_000880,4,GLOBAL_CONTIG,1,42,0.5556455254554749,0.44435447454452515,0.9427136778831482,128,True,False,False,False
STRAIN_000880,4,GLOBAL_CONTIG,2,142,0.5973913669586182,0.40260863304138184,0.8973390460014343,128,True,False,False,False
STRAIN_000880,4,GLOBAL_CONTIG,3,242,0.6276522874832153,0.37234771251678467,0.8629573583602905,128,True,False,False,False
STRAIN_000880,4,GLOBAL_CONTIG,4,342,0.5770787000656128,0.4229212999343872,0.919697105884552,128,True,False,False,False
STRAIN_000880,4,GLOBAL_CONTIG,5,442,0.6185973882675171,0.3814026117324829,0.8733872771263123,128,True,False,False,False
STRAIN_000885,4,GLOBAL_CONTIG,1,42,0.5896886587142944,0.41031134128570557,0.9058822393417358,128,True,False,False,False
STRAIN_000885,4,GLOBAL_CONTIG,2,142,0.559651255607605,0.440348744392395,0.9384548664093018,128,True,False,False,False
STRAIN_000885,4,GLOBAL_CONTIG,3,242,0.576193630695343,0.423806369304657,0.9206588864326477,128,True,False,False,False
STRAIN_000885,4,GLOBAL_CONTIG,4,342,0.5621615052223206,0.43783849477767944,0.9357761144638062,128,True,False,False,False
STRAIN_000885,4,GLOBAL_CONTIG,5,442,0.5531717538833618,0.4468282461166382,0.9453341364860535,128,True,False,False,False
STRAIN_000890,4,GLOBAL_CONTIG,1,42,0.5985589623451233,0.4014410376548767,0.8960368633270264,128,True,False,False,False
STRAIN_000890,4,GLOBAL_CONTIG,2,142,0.6155076026916504,0.3844923973083496,0.8769176602363586,128,True,False,False,False
STRAIN_000890,4,GLOBAL_CONTIG,3,242,0.5462565422058105,0.45374345779418945,0.9526210427284241,128,True,False,False,False
STRAIN_000890,4,GLOBAL_CONTIG,4,342,0.5677273273468018,0.43227267265319824,0.9298092126846313,128,True,False,False,False
STRAIN_000890,4,GLOBAL_CONTIG,5,442,0.5645226240158081,0.4354773759841919,0.9332495927810669,128,True,False,False,False
STRAIN_000892,4,GLOBAL_CONTIG,1,42,0.7412149906158447,0.2587850093841553,0.7194233536720276,128,True,False,False,False
STRAIN_000892,4,GLOBAL_CONTIG,2,142,0.6135751605033875,0.38642483949661255,0.8791186809539795,128,True,False,False,False
STRAIN_000892,4,GLOBAL_CONTIG,3,242,0.6404509544372559,0.35954904556274414,0.8479963541030884,128,True,False,False,False
STRAIN_000892,4,GLOBAL_CONTIG,4,342,0.6660282015800476,0.3339717984199524,0.8172780871391296,128,True,False,False,False
STRAIN_000892,4,GLOBAL_CONTIG,5,442,0.7065567374229431,0.2934432625770569,0.7660852074623108,128,True,False,False,False
STRAIN_000896,4,GLOBAL_CONTIG,1,42,0.6034547090530396,0.39654529094696045,0.8905564546585083,128,True,False,False,False
STRAIN_000896,4,GLOBAL_CONTIG,2,142,0.6148085594177246,0.3851914405822754,0.8777146339416504,128,True,False,False,False
STRAIN_000896,4,GLOBAL_CONTIG,3,242,0.5930402874946594,0.4069597125053406,0.9021748900413513,128,True,False,False,False
STRAIN_000896,4,GLOBAL_CONTIG,4,342,0.5779058933258057,0.42209410667419434,0.9187971949577332,128,True,False,False,False
STRAIN_000896,4,GLOBAL_CONTIG,5,442,0.599581241607666,0.400418758392334,0.8948953151702881,128,True,False,False,False
STRAIN_000906,4,GLOBAL_CONTIG,1,42,0.6532403230667114,0.3467596769332886,0.8327780365943909,128,True,False,False,False
STRAIN_000906,4,GLOBAL_CONTIG,2,142,0.6374766826629639,0.36252331733703613,0.8514967560768127,128,True,False,False,False
STRAIN_000906,4,GLOBAL_CONTIG,3,242,0.6402502059936523,0.35974979400634766,0.848233163356781,128,True,False,False,False
STRAIN_000906,4,GLOBAL_CONTIG,4,342,0.6665176749229431,0.3334823250770569,0.816679060459137,128,True,False,False,False
STRAIN_000906,4,GLOBAL_CONTIG,5,442,0.65470290184021,0.34529709815979004,0.831019937992096,128,True,False,False,False
STRAIN_000907,4,GLOBAL_CONTIG,1,42,0.5611609816551208,0.43883901834487915,0.9368446469306946,128,True,False,False,False
STRAIN_000907,4,GLOBAL_CONTIG,2,142,0.6015435457229614,0.3984564542770386,0.8926997780799866,128,True,False,False,False
STRAIN_000907,4,GLOBAL_CONTIG,3,242,0.5718180537223816,0.4281819462776184,0.9253993034362793,128,True,False,False,False
STRAIN_000907,4,GLOBAL_CONTIG,4,342,0.5552887916564941,0.44471120834350586,0.9430919885635376,128,True,False,False,False
STRAIN_000907,4,GLOBAL_CONTIG,5,442,0.5715186595916748,0.4284813404083252,0.9257227182388306,128,True,False,False,False
STRAIN_000911,4,GLOBAL_CONTIG,1,42,0.6697512269020081,0.33024877309799194,0.8127099275588989,128,True,False,False,False
STRAIN_000911,4,GLOBAL_CONTIG,2,142,0.597406804561615,0.402593195438385,0.8973216414451599,128,True,False,False,False
STRAIN_000911,4,GLOBAL_CONTIG,3,242,0.6288707852363586,0.37112921476364136,0.8615441918373108,128,True,False,False,False
STRAIN_000911,4,GLOBAL_CONTIG,4,342,0.6363074779510498,0.3636925220489502,0.8528686761856079,128,True,False,False,False
STRAIN_000911,4,GLOBAL_CONTIG,5,442,0.6728176474571228,0.3271823525428772,0.8089281320571899,128,True,False,False,False
STRAIN_000914,4,GLOBAL_CONTIG,1,42,0.6414190530776978,0.35858094692230225,0.8468540906906128,128,True,False,False,False
STRAIN_000914,4,GLOBAL_CONTIG,2,142,0.6227002143859863,0.37729978561401367,0.8686769008636475,128,True,False,False,False
STRAIN_000914,4,GLOBAL_CONTIG,3,242,0.6098300218582153,0.39016997814178467,0.8833684921264648,128,True,False,False,False
STRAIN_000914,4,GLOBAL_CONTIG,4,342,0.6120112538337708,0.38798874616622925,0.8808959126472473,128,True,False,False,False
STRAIN_000914,4,GLOBAL_CONTIG,5,442,0.6115685701370239,0.3884314298629761,0.8813982009887695,128,True,False,False,False
STRAIN_000915,4,GLOBAL_CONTIG,1,42,0.5635466575622559,0.43645334243774414,0.9342947602272034,128,True,False,False,False
STRAIN_000915,4,GLOBAL_CONTIG,2,142,0.5971521139144897,0.40284788608551025,0.8976055383682251,128,True,False,False,False
STRAIN_000915,4,GLOBAL_CONTIG,3,242,0.6055717468261719,0.3944282531738281,0.8881759643554688,128,True,False,False,False
STRAIN_000915,4,GLOBAL_CONTIG,4,342,0.5710316896438599,0.42896831035614014,0.9262487888336182,128,True,False,False,False
STRAIN_000915,4,GLOBAL_CONTIG,5,442,0.6194509267807007,0.3805490732192993,0.8724093437194824,128,True,False,False,False
STRAIN_000921,4,GLOBAL_CONTIG,1,42,0.622984766960144,0.37701523303985596,0.8683492541313171,128,True,False,False,False
STRAIN_000921,4,GLOBAL_CONTIG,2,142,0.6293458342552185,0.3706541657447815,0.8609926700592041,128,True,False,False,False
STRAIN_000921,4,GLOBAL_CONTIG,3,242,0.6209438443183899,0.3790561556816101,0.8706964254379272,128,True,False,False,False
STRAIN_000921,4,GLOBAL_CONTIG,4,342,0.6221673488616943,0.37783265113830566,0.8692900538444519,128,True,False,False,False
STRAIN_000921,4,GLOBAL_CONTIG,5,442,0.6204671859741211,0.3795328140258789,0.8712437152862549,128,True,False,False,False
STRAIN_000922,4,GLOBAL_CONTIG,1,42,0.6112403273582458,0.38875967264175415,0.8817704916000366,128,True,False,False,False
STRAIN_000922,4,GLOBAL_CONTIG,2,142,0.5854681730270386,0.4145318269729614,0.9105292558670044,128,True,False,False,False
STRAIN_000922,4,GLOBAL_CONTIG,3,242,0.5940626263618469,0.4059373736381531,0.9010409116744995,128,True,False,False,False
STRAIN_000922,4,GLOBAL_CONTIG,4,342,0.5891131162643433,0.41088688373565674,0.9065172672271729,128,True,False,False,False
STRAIN_000922,4,GLOBAL_CONTIG,5,442,0.6142622232437134,0.3857377767562866,0.8783369064331055,128,True,False,False,False
STRAIN_000930,4,GLOBAL_CONTIG,1,42,0.8110199570655823,0.18898004293441772,0.6147846579551697,128,True,False,False,False
STRAIN_000930,4,GLOBAL_CONTIG,2,142,0.7661879062652588,0.2338120937347412,0.6838306188583374,128,True,False,False,False
STRAIN_000930,4,GLOBAL_CONTIG,3,242,0.7763786315917969,0.22362136840820312,0.6687621474266052,128,True,False,False,False
STRAIN_000930,4,GLOBAL_CONTIG,4,342,0.7493926286697388,0.25060737133026123,0.7079651355743408,128,True,False,False,False
STRAIN_000930,4,GLOBAL_CONTIG,5,442,0.7371993660926819,0.2628006339073181,0.7249837517738342,128,True,False,False,False
STRAIN_000931,4,GLOBAL_CONTIG,1,42,0.5339562892913818,0.46604371070861816,0.9654467105865479,128,True,False,False,False
STRAIN_000931,4,GLOBAL_CONTIG,2,142,0.5684120059013367,0.43158799409866333,0.9290725588798523,128,True,False,False,False
STRAIN_000931,4,GLOBAL_CONTIG,3,242,0.6041243076324463,0.3958756923675537,0.8898040056228638,128,True,False,False,False
STRAIN_000931,4,GLOBAL_CONTIG,4,342,0.5792500972747803,0.4207499027252197,0.9173328280448914,128,True,False,False,False
STRAIN_000931,4,GLOBAL_CONTIG,5,442,0.5578084588050842,0.44219154119491577,0.9404162764549255,128,True,False,False,False
STRAIN_000933,4,GLOBAL_CONTIG,1,42,0.6360950469970703,0.3639049530029297,0.853117823600769,128,True,False,False,False
STRAIN_000933,4,GLOBAL_CONTIG,2,142,0.6146466732025146,0.38535332679748535,0.8778989911079407,128,True,False,False,False
STRAIN_000933,4,GLOBAL_CONTIG,3,242,0.6950517296791077,0.30494827032089233,0.7809588313102722,128,True,False,False,False
STRAIN_000933,4,GLOBAL_CONTIG,4,342,0.5878348350524902,0.41216516494750977,0.9079264998435974,128,True,False,False,False
STRAIN_000933,4,GLOBAL_CONTIG,5,442,0.6293389201164246,0.37066107988357544,0.8610007762908936,128,True,False,False,False
STRAIN_000934,4,GLOBAL_CONTIG,1,42,0.680769681930542,0.319230318069458,0.7990372180938721,128,True,False,False,False
STRAIN_000934,4,GLOBAL_CONTIG,2,142,0.7416964769363403,0.25830352306365967,0.7187538146972656,128,True,False,False,False
STRAIN_000934,4,GLOBAL_CONTIG,3,242,0.6866128444671631,0.3133871555328369,0.7916907668113708,128,True,False,False,False
STRAIN_000934,4,GLOBAL_CONTIG,4,342,0.7487563490867615,0.2512436509132385,0.7088634967803955,128,True,False,False,False
STRAIN_000934,4,GLOBAL_CONTIG,5,442,0.7579874992370605,0.24201250076293945,0.6957190036773682,128,True,False,False,False
STRAIN_000940,4,GLOBAL_CONTIG,1,42,0.6058952808380127,0.3941047191619873,0.887811541557312,128,True,False,False,False
STRAIN_000940,4,GLOBAL_CONTIG,2,142,0.564995288848877,0.43500471115112305,0.9327429533004761,128,True,False,False,False
STRAIN_000940,4,GLOBAL_CONTIG,3,242,0.614600419998169,0.38539958000183105,0.8779516220092773,128,True,False,False,False
STRAIN_000940,4,GLOBAL_CONTIG,4,342,0.5831929445266724,0.41680705547332764,0.9130246639251709,128,True,False,False,False
STRAIN_000940,4,GLOBAL_CONTIG,5,442,0.5903694033622742,0.40963059663772583,0.9051304459571838,128,True,False,False,False
STRAIN_000944,4,GLOBAL_CONTIG,1,42,0.620505690574646,0.379494309425354,0.8711995482444763,128,True,False,False,False
STRAIN_000944,4,GLOBAL_CONTIG,2,142,0.6105336546897888,0.3894663453102112,0.8825716972351074,128,True,False,False,False
STRAIN_000944,4,GLOBAL_CONTIG,3,242,0.6597681641578674,0.34023183584213257,0.8249022364616394,128,True,False,False,False
STRAIN_000944,4,GLOBAL_CONTIG,4,342,0.6252387762069702,0.3747612237930298,0.8657496571540833,128,True,False,False,False
STRAIN_000944,4,GLOBAL_CONTIG,5,442,0.6172226667404175,0.3827773332595825,0.8749596476554871,128,True,False,False,False
STRAIN_000956,4,GLOBAL_CONTIG,1,42,0.6437766551971436,0.35622334480285645,0.8440654873847961,128,True,False,False,False
STRAIN_000956,4,GLOBAL_CONTIG,2,142,0.6503381133079529,0.3496618866920471,0.836255669593811,128,True,False,False,False
STRAIN_000956,4,GLOBAL_CONTIG,3,242,0.6859971880912781,0.3140028119087219,0.7924679517745972,128,True,False,False,False
STRAIN_000956,4,GLOBAL_CONTIG,4,342,0.6740010976791382,0.3259989023208618,0.8074637651443481,128,True,False,False,False
STRAIN_000956,4,GLOBAL_CONTIG,5,442,0.5442460775375366,0.4557539224624634,0.9547290802001953,128,True,False,False,False
STRAIN_000988,4,GLOBAL_CONTIG,1,42,0.705154538154602,0.29484546184539795,0.767913281917572,128,True,False,False,False
STRAIN_000988,4,GLOBAL_CONTIG,2,142,0.7147795557975769,0.2852204442024231,0.755275309085846,128,True,False,False,False
STRAIN_000988,4,GLOBAL_CONTIG,3,242,0.7258939743041992,0.2741060256958008,0.7404133677482605,128,True,False,False,False
STRAIN_000988,4,GLOBAL_CONTIG,4,342,0.690110981464386,0.309889018535614,0.7872598171234131,128,True,False,False,False
STRAIN_000988,4,GLOBAL_CONTIG,5,442,0.7269891500473022,0.27301084995269775,0.7389327883720398,128,True,False,False,False
STRAIN_000998,4,GLOBAL_CONTIG,1,42,0.728757381439209,0.271242618560791,0.7365359663963318,128,True,False,False,False
STRAIN_000998,4,GLOBAL_CONTIG,2,142,0.7218888401985168,0.27811115980148315,0.7458031177520752,128,True,False,False,False
STRAIN_000998,4,GLOBAL_CONTIG,3,242,0.7089131474494934,0.2910868525505066,0.7630031108856201,128,True,False,False,False
STRAIN_000998,4,GLOBAL_CONTIG,4,342,0.7051995992660522,0.29480040073394775,0.7678545117378235,128,True,False,False,False
STRAIN_000998,4,GLOBAL_CONTIG,5,442,0.7445617318153381,0.25543826818466187,0.714756190776825,128,True,False,False,False
STRAIN_001016,4,GLOBAL_CONTIG,1,42,0.6822991967201233,0.3177008032798767,0.7971208095550537,128,True,False,False,False
STRAIN_001016,4,GLOBAL_CONTIG,2,142,0.6591185331344604,0.34088146686553955,0.8256893157958984,128,True,False,False,False
STRAIN_001016,4,GLOBAL_CONTIG,3,242,0.7019908428192139,0.29800915718078613,0.7720222473144531,128,True,False,False,False
STRAIN_001016,4,GLOBAL_CONTIG,4,342,0.6734248399734497,0.3265751600265503,0.8081771731376648,128,True,False,False,False
STRAIN_001016,4,GLOBAL_CONTIG,5,442,0.6334040760993958,0.36659592390060425,0.8562662601470947,128,True,False,False,False
STRAIN_001023,4,GLOBAL_CONTIG,1,42,0.6467629075050354,0.3532370924949646,0.8405202031135559,128,True,False,False,False
STRAIN_001023,4,GLOBAL_CONTIG,2,142,0.5856209993362427,0.4143790006637573,0.9103614091873169,128,True,False,False,False
STRAIN_001023,4,GLOBAL_CONTIG,3,242,0.6731024980545044,0.3268975019454956,0.8085758090019226,128,True,False,False,False
STRAIN_001023,4,GLOBAL_CONTIG,4,342,0.6098247766494751,0.3901752233505249,0.8833744525909424,128,True,False,False,False
STRAIN_001023,4,GLOBAL_CONTIG,5,442,0.7234761714935303,0.2765238285064697,0.743671715259552,128,True,False,False,False
STRAIN_001024,4,GLOBAL_CONTIG,1,42,0.6741138100624084,0.32588618993759155,0.807324230670929,128,True,False,False,False
STRAIN_001024,4,GLOBAL_CONTIG,2,142,0.6005609035491943,0.39943909645080566,0.893799901008606,128,True,False,False,False
STRAIN_001024,4,GLOBAL_CONTIG,3,242,0.6810013651847839,0.31899863481521606,0.7987473011016846,128,True,False,False,False
STRAIN_001024,4,GLOBAL_CONTIG,4,342,0.6816163063049316,0.31838369369506836,0.7979770302772522,128,True,False,False,False
STRAIN_001024,4,GLOBAL_CONTIG,5,442,0.6771778464317322,0.3228221535682678,0.8035199642181396,128,True,False,False,False
