strain_entity_id,outer_fold,control_type,replicate,seed,cosine_true_control,embedding_displacement,l2_distance,embedding_dimension,fold_matched_encoder,phenotype_labels_used,encoder_retrained,encoder_finetuned
STRAIN_000025,2,TIGHTBLOCK50,1,42,0.9834321737289429,0.01656782627105713,0.1820317506790161,128,True,False,False,False
STRAIN_000025,2,TIGHTBLOCK50,2,142,0.9814643859863281,0.018535614013671875,0.19253866374492645,128,True,False,False,False
STRAIN_000025,2,TIGHTBLOCK50,3,242,0.9841926097869873,0.015807390213012695,0.17780572175979614,128,True,False,False,False
STRAIN_000025,2,TIGHTBLOCK50,4,342,0.9829094409942627,0.017090559005737305,0.18488091230392456,128,True,False,False,False
STRAIN_000025,2,TIGHTBLOCK50,5,442,0.9804667830467224,0.019533216953277588,0.1976521909236908,128,True,False,False,False
STRAIN_000026,2,TIGHTBLOCK50,1,42,0.9732495546340942,0.02675044536590576,0.2313026785850525,128,True,False,False,False
STRAIN_000026,2,TIGHTBLOCK50,2,142,0.973945140838623,0.026054859161376953,0.22827523946762085,128,True,False,False,False
STRAIN_000026,2,TIGHTBLOCK50,3,242,0.9671324491500854,0.03286755084991455,0.2563885450363159,128,True,False,False,False
STRAIN_000026,2,TIGHTBLOCK50,4,342,0.9719512462615967,0.02804875373840332,0.2368491142988205,128,True,False,False,False
STRAIN_000026,2,TIGHTBLOCK50,5,442,0.9704478979110718,0.029552102088928223,0.24311338365077972,128,True,False,False,False
STRAIN_000027,2,TIGHTBLOCK50,1,42,0.9774985909461975,0.02250140905380249,0.21213889122009277,128,True,False,False,False
STRAIN_000027,2,TIGHTBLOCK50,2,142,0.9705501794815063,0.029449820518493652,0.24269255995750427,128,True,False,False,False
STRAIN_000027,2,TIGHTBLOCK50,3,242,0.9801971316337585,0.019802868366241455,0.19901248812675476,128,True,False,False,False
STRAIN_000027,2,TIGHTBLOCK50,4,342,0.9799741506576538,0.02002584934234619,0.20012898743152618,128,True,False,False,False
STRAIN_000027,2,TIGHTBLOCK50,5,442,0.9775248765945435,0.022475123405456543,0.21201497316360474,128,True,False,False,False
STRAIN_000045,2,TIGHTBLOCK50,1,42,0.9663450717926025,0.03365492820739746,0.2594413459300995,128,True,False,False,False
STRAIN_000045,2,TIGHTBLOCK50,2,142,0.9678486585617065,0.03215134143829346,0.25357988476753235,128,True,False,False,False
STRAIN_000045,2,TIGHTBLOCK50,3,242,0.9662928581237793,0.0337071418762207,0.25964269042015076,128,True,False,False,False
STRAIN_000045,2,TIGHTBLOCK50,4,342,0.9688311815261841,0.031168818473815918,0.24967509508132935,128,True,False,False,False
STRAIN_000045,2,TIGHTBLOCK50,5,442,0.9684796929359436,0.031520307064056396,0.2510789632797241,128,True,False,False,False
STRAIN_000046,2,TIGHTBLOCK50,1,42,0.9668444395065308,0.03315556049346924,0.25750964879989624,128,True,False,False,False
STRAIN_000046,2,TIGHTBLOCK50,2,142,0.9654664993286133,0.03453350067138672,0.2628062665462494,128,True,False,False,False
STRAIN_000046,2,TIGHTBLOCK50,3,242,0.9677665829658508,0.03223341703414917,0.25390318036079407,128,True,False,False,False
STRAIN_000046,2,TIGHTBLOCK50,4,342,0.9643136858940125,0.03568631410598755,0.26715636253356934,128,True,False,False,False
STRAIN_000046,2,TIGHTBLOCK50,5,442,0.9669148921966553,0.03308510780334473,0.25723567605018616,128,True,False,False,False
STRAIN_000047,2,TIGHTBLOCK50,1,42,0.9657581448554993,0.03424185514450073,0.2616938054561615,128,True,False,False,False
STRAIN_000047,2,TIGHTBLOCK50,2,142,0.9664916396141052,0.033508360385894775,0.25887608528137207,128,True,False,False,False
STRAIN_000047,2,TIGHTBLOCK50,3,242,0.970969021320343,0.029030978679656982,0.24096056818962097,128,True,False,False,False
STRAIN_000047,2,TIGHTBLOCK50,4,342,0.9622434973716736,0.037756502628326416,0.2747962772846222,128,True,False,False,False
STRAIN_000047,2,TIGHTBLOCK50,5,442,0.9672953486442566,0.03270465135574341,0.2557523548603058,128,True,False,False,False
STRAIN_000049,2,TIGHTBLOCK50,1,42,0.9654830694198608,0.03451693058013916,0.2627430856227875,128,True,False,False,False
STRAIN_000049,2,TIGHTBLOCK50,2,142,0.9695472121238708,0.03045278787612915,0.24679072201251984,128,True,False,False,False
STRAIN_000049,2,TIGHTBLOCK50,3,242,0.9709827899932861,0.029017210006713867,0.2409035563468933,128,True,False,False,False
STRAIN_000049,2,TIGHTBLOCK50,4,342,0.9668376445770264,0.03316235542297363,0.2575358748435974,128,True,False,False,False
STRAIN_000049,2,TIGHTBLOCK50,5,442,0.9650295972824097,0.03497040271759033,0.26446330547332764,128,True,False,False,False
STRAIN_000050,2,TIGHTBLOCK50,1,42,0.9656758904457092,0.03432410955429077,0.2620081305503845,128,True,False,False,False
STRAIN_000050,2,TIGHTBLOCK50,2,142,0.9682840704917908,0.03171592950820923,0.25185710191726685,128,True,False,False,False
STRAIN_000050,2,TIGHTBLOCK50,3,242,0.9725654125213623,0.027434587478637695,0.23424148559570312,128,True,False,False,False
STRAIN_000050,2,TIGHTBLOCK50,4,342,0.9672943353652954,0.03270566463470459,0.2557563781738281,128,True,False,False,False
STRAIN_000050,2,TIGHTBLOCK50,5,442,0.9675443172454834,0.0324556827545166,0.2547774910926819,128,True,False,False,False
STRAIN_000051,2,TIGHTBLOCK50,1,42,0.9635622501373291,0.0364377498626709,0.26995450258255005,128,True,False,False,False
STRAIN_000051,2,TIGHTBLOCK50,2,142,0.9704786539077759,0.02952134609222412,0.2429867833852768,128,True,False,False,False
STRAIN_000051,2,TIGHTBLOCK50,3,242,0.9717739820480347,0.028226017951965332,0.23759682476520538,128,True,False,False,False
STRAIN_000051,2,TIGHTBLOCK50,4,342,0.9701017141342163,0.02989828586578369,0.24453356862068176,128,True,False,False,False
STRAIN_000051,2,TIGHTBLOCK50,5,442,0.9625362157821655,0.03746378421783447,0.2737293839454651,128,True,False,False,False
STRAIN_000052,2,TIGHTBLOCK50,1,42,0.9696300625801086,0.030369937419891357,0.24645476043224335,128,True,False,False,False
STRAIN_000052,2,TIGHTBLOCK50,2,142,0.9653263688087463,0.03467363119125366,0.2633388936519623,128,True,False,False,False
STRAIN_000052,2,TIGHTBLOCK50,3,242,0.9674059152603149,0.03259408473968506,0.25531986355781555,128,True,False,False,False
STRAIN_000052,2,TIGHTBLOCK50,4,342,0.9627591371536255,0.03724086284637451,0.27291393280029297,128,True,False,False,False
STRAIN_000052,2,TIGHTBLOCK50,5,442,0.9632198810577393,0.03678011894226074,0.2712198793888092,128,True,False,False,False
STRAIN_000053,2,TIGHTBLOCK50,1,42,0.9733482599258423,0.026651740074157715,0.23087573051452637,128,True,False,False,False
STRAIN_000053,2,TIGHTBLOCK50,2,142,0.965844452381134,0.03415554761886597,0.26136401295661926,128,True,False,False,False
STRAIN_000053,2,TIGHTBLOCK50,3,242,0.9655483961105347,0.03445160388946533,0.2624945342540741,128,True,False,False,False
STRAIN_000053,2,TIGHTBLOCK50,4,342,0.9683676958084106,0.031632304191589355,0.2515248656272888,128,True,False,False,False
STRAIN_000053,2,TIGHTBLOCK50,5,442,0.9705391526222229,0.0294608473777771,0.24273790419101715,128,True,False,False,False
STRAIN_000054,2,TIGHTBLOCK50,1,42,0.9690412878990173,0.030958712100982666,0.24883246421813965,128,True,False,False,False
STRAIN_000054,2,TIGHTBLOCK50,2,142,0.9685571193695068,0.031442880630493164,0.25077024102211,128,True,False,False,False
STRAIN_000054,2,TIGHTBLOCK50,3,242,0.9659674167633057,0.034032583236694336,0.260892778635025,128,True,False,False,False
STRAIN_000054,2,TIGHTBLOCK50,4,342,0.9688816666603088,0.031118333339691162,0.24947258830070496,128,True,False,False,False
STRAIN_000054,2,TIGHTBLOCK50,5,442,0.9726736545562744,0.027326345443725586,0.2337789535522461,128,True,False,False,False
STRAIN_000055,2,TIGHTBLOCK50,1,42,0.9713753461837769,0.028624653816223145,0.23926833271980286,128,True,False,False,False
STRAIN_000055,2,TIGHTBLOCK50,2,142,0.961332380771637,0.03866761922836304,0.27809232473373413,128,True,False,False,False
STRAIN_000055,2,TIGHTBLOCK50,3,242,0.9657403230667114,0.034259676933288574,0.2617619037628174,128,True,False,False,False
STRAIN_000055,2,TIGHTBLOCK50,4,342,0.9650006294250488,0.03499937057495117,0.26457294821739197,128,True,False,False,False
STRAIN_000055,2,TIGHTBLOCK50,5,442,0.9693490266799927,0.030650973320007324,0.24759270250797272,128,True,False,False,False
STRAIN_000060,2,TIGHTBLOCK50,1,42,0.9816283583641052,0.018371641635894775,0.19168508052825928,128,True,False,False,False
STRAIN_000060,2,TIGHTBLOCK50,2,142,0.9837150573730469,0.016284942626953125,0.1804712414741516,128,True,False,False,False
STRAIN_000060,2,TIGHTBLOCK50,3,242,0.9826533794403076,0.017346620559692383,0.1862611323595047,128,True,False,False,False
STRAIN_000060,2,TIGHTBLOCK50,4,342,0.9842232465744019,0.015776753425598145,0.1776329129934311,128,True,False,False,False
STRAIN_000060,2,TIGHTBLOCK50,5,442,0.9833057522773743,0.016694247722625732,0.18272511661052704,128,True,False,False,False
STRAIN_000066,2,TIGHTBLOCK50,1,42,0.9764078259468079,0.02359217405319214,0.2172200083732605,128,True,False,False,False
STRAIN_000066,2,TIGHTBLOCK50,2,142,0.9789338111877441,0.02106618881225586,0.20526202023029327,128,True,False,False,False
STRAIN_000066,2,TIGHTBLOCK50,3,242,0.9825646281242371,0.01743537187576294,0.18673758208751678,128,True,False,False,False
STRAIN_000066,2,TIGHTBLOCK50,4,342,0.9770932197570801,0.022906780242919922,0.21404148638248444,128,True,False,False,False
STRAIN_000066,2,TIGHTBLOCK50,5,442,0.9785160422325134,0.021483957767486572,0.20728717744350433,128,True,False,False,False
STRAIN_000073,2,TIGHTBLOCK50,1,42,0.9697146415710449,0.030285358428955078,0.24611108005046844,128,True,False,False,False
STRAIN_000073,2,TIGHTBLOCK50,2,142,0.9809037446975708,0.0190962553024292,0.1954290270805359,128,True,False,False,False
STRAIN_000073,2,TIGHTBLOCK50,3,242,0.9792475700378418,0.020752429962158203,0.2037273645401001,128,True,False,False,False
STRAIN_000073,2,TIGHTBLOCK50,4,342,0.9714469909667969,0.028553009033203125,0.23896872997283936,128,True,False,False,False
STRAIN_000073,2,TIGHTBLOCK50,5,442,0.9690883159637451,0.030911684036254883,0.24864321947097778,128,True,False,False,False
STRAIN_000078,2,TIGHTBLOCK50,1,42,0.9726338386535645,0.027366161346435547,0.23394893109798431,128,True,False,False,False
STRAIN_000078,2,TIGHTBLOCK50,2,142,0.9681066274642944,0.031893372535705566,0.25256016850471497,128,True,False,False,False
STRAIN_000078,2,TIGHTBLOCK50,3,242,0.9717283248901367,0.02827167510986328,0.23778830468654633,128,True,False,False,False
STRAIN_000078,2,TIGHTBLOCK50,4,342,0.9633028507232666,0.0366971492767334,0.27091333270072937,128,True,False,False,False
STRAIN_000078,2,TIGHTBLOCK50,5,442,0.9689126014709473,0.031087398529052734,0.24934840202331543,128,True,False,False,False
STRAIN_000100,2,TIGHTBLOCK50,1,42,0.967265784740448,0.032734215259552,0.2558678090572357,128,True,False,False,False
STRAIN_000100,2,TIGHTBLOCK50,2,142,0.9682605862617493,0.03173941373825073,0.25194990634918213,128,True,False,False,False
STRAIN_000100,2,TIGHTBLOCK50,3,242,0.9661029577255249,0.0338970422744751,0.26037272810935974,128,True,False,False,False
STRAIN_000100,2,TIGHTBLOCK50,4,342,0.964118480682373,0.03588151931762695,0.2678857743740082,128,True,False,False,False
STRAIN_000100,2,TIGHTBLOCK50,5,442,0.9701583385467529,0.02984166145324707,0.2443016618490219,128,True,False,False,False
STRAIN_000101,2,TIGHTBLOCK50,1,42,0.9933391809463501,0.006660819053649902,0.1154199093580246,128,True,False,False,False
STRAIN_000101,2,TIGHTBLOCK50,2,142,0.9927543997764587,0.00724560022354126,0.12037999927997589,128,True,False,False,False
STRAIN_000101,2,TIGHTBLOCK50,3,242,0.9909206628799438,0.009079337120056152,0.1347540318965912,128,True,False,False,False
STRAIN_000101,2,TIGHTBLOCK50,4,342,0.9925764799118042,0.007423520088195801,0.12184812128543854,128,True,False,False,False
STRAIN_000101,2,TIGHTBLOCK50,5,442,0.9922463297843933,0.0077536702156066895,0.1245281994342804,128,True,False,False,False
STRAIN_000109,2,TIGHTBLOCK50,1,42,0.9682326912879944,0.031767308712005615,0.25206121802330017,128,True,False,False,False
STRAIN_000109,2,TIGHTBLOCK50,2,142,0.9692163467407227,0.030783653259277344,0.24812763929367065,128,True,False,False,False
STRAIN_000109,2,TIGHTBLOCK50,3,242,0.9713699817657471,0.02863001823425293,0.2392910122871399,128,True,False,False,False
STRAIN_000109,2,TIGHTBLOCK50,4,342,0.9764840602874756,0.023515939712524414,0.21686877310276031,128,True,False,False,False
STRAIN_000109,2,TIGHTBLOCK50,5,442,0.971409797668457,0.02859020233154297,0.23912450671195984,128,True,False,False,False
STRAIN_000126,2,TIGHTBLOCK50,1,42,0.9684268236160278,0.03157317638397217,0.2512895166873932,128,True,False,False,False
STRAIN_000126,2,TIGHTBLOCK50,2,142,0.9735294580459595,0.026470541954040527,0.2300894856452942,128,True,False,False,False
STRAIN_000126,2,TIGHTBLOCK50,3,242,0.9715828895568848,0.028417110443115234,0.23839913308620453,128,True,False,False,False
STRAIN_000126,2,TIGHTBLOCK50,4,342,0.9675673842430115,0.032432615756988525,0.2546866536140442,128,True,False,False,False
STRAIN_000126,2,TIGHTBLOCK50,5,442,0.9697400331497192,0.03025996685028076,0.24600791931152344,128,True,False,False,False
STRAIN_000128,2,TIGHTBLOCK50,1,42,0.9933142066001892,0.006685793399810791,0.11563555151224136,128,True,False,False,False
STRAIN_000128,2,TIGHTBLOCK50,2,142,0.9931331872940063,0.006866812705993652,0.11719019711017609,128,True,False,False,False
STRAIN_000128,2,TIGHTBLOCK50,3,242,0.9936497807502747,0.006350219249725342,0.11269640922546387,128,True,False,False,False
STRAIN_000128,2,TIGHTBLOCK50,4,342,0.9929146766662598,0.007085323333740234,0.1190401166677475,128,True,False,False,False
STRAIN_000128,2,TIGHTBLOCK50,5,442,0.9923940896987915,0.007605910301208496,0.12333593517541885,128,True,False,False,False
STRAIN_000136,2,TIGHTBLOCK50,1,42,0.9945854544639587,0.00541454553604126,0.10406248271465302,128,True,False,False,False
STRAIN_000136,2,TIGHTBLOCK50,2,142,0.9950193166732788,0.004980683326721191,0.09980668127536774,128,True,False,False,False
STRAIN_000136,2,TIGHTBLOCK50,3,242,0.9942471981048584,0.0057528018951416016,0.10726460069417953,128,True,False,False,False
STRAIN_000136,2,TIGHTBLOCK50,4,342,0.9949580430984497,0.005041956901550293,0.10041926801204681,128,True,False,False,False
STRAIN_000136,2,TIGHTBLOCK50,5,442,0.9935910701751709,0.0064089298248291016,0.1132158637046814,128,True,False,False,False
STRAIN_000137,2,TIGHTBLOCK50,1,42,0.9701324701309204,0.02986752986907959,0.24440735578536987,128,True,False,False,False
STRAIN_000137,2,TIGHTBLOCK50,2,142,0.9651947617530823,0.034805238246917725,0.26383769512176514,128,True,False,False,False
STRAIN_000137,2,TIGHTBLOCK50,3,242,0.9693441987037659,0.03065580129623413,0.24761167168617249,128,True,False,False,False
STRAIN_000137,2,TIGHTBLOCK50,4,342,0.9707775115966797,0.029222488403320312,0.24175365269184113,128,True,False,False,False
STRAIN_000137,2,TIGHTBLOCK50,5,442,0.9687145948410034,0.03128540515899658,0.2501416504383087,128,True,False,False,False
STRAIN_000138,2,TIGHTBLOCK50,1,42,0.970575213432312,0.02942478656768799,0.24258925020694733,128,True,False,False,False
STRAIN_000138,2,TIGHTBLOCK50,2,142,0.9635226726531982,0.03647732734680176,0.2701014280319214,128,True,False,False,False
STRAIN_000138,2,TIGHTBLOCK50,3,242,0.9632393717765808,0.03676062822341919,0.2711483836174011,128,True,False,False,False
STRAIN_000138,2,TIGHTBLOCK50,4,342,0.9674674272537231,0.032532572746276855,0.25507882237434387,128,True,False,False,False
STRAIN_000138,2,TIGHTBLOCK50,5,442,0.9694667458534241,0.030533254146575928,0.2471167892217636,128,True,False,False,False
STRAIN_000139,2,TIGHTBLOCK50,1,42,0.9749509692192078,0.025049030780792236,0.22382614016532898,128,True,False,False,False
STRAIN_000139,2,TIGHTBLOCK50,2,142,0.970816969871521,0.029183030128479004,0.2415904849767685,128,True,False,False,False
STRAIN_000139,2,TIGHTBLOCK50,3,242,0.9643988013267517,0.03560119867324829,0.2668379843235016,128,True,False,False,False
STRAIN_000139,2,TIGHTBLOCK50,4,342,0.9642362594604492,0.03576374053955078,0.2674461305141449,128,True,False,False,False
STRAIN_000139,2,TIGHTBLOCK50,5,442,0.9719623327255249,0.028037667274475098,0.23680244386196136,128,True,False,False,False
STRAIN_000140,2,TIGHTBLOCK50,1,42,0.984500527381897,0.015499472618103027,0.17606550455093384,128,True,False,False,False
STRAIN_000140,2,TIGHTBLOCK50,2,142,0.9849758148193359,0.015024185180664062,0.1733444333076477,128,True,False,False,False
STRAIN_000140,2,TIGHTBLOCK50,3,242,0.9834744930267334,0.0165255069732666,0.18179938197135925,128,True,False,False,False
STRAIN_000140,2,TIGHTBLOCK50,4,342,0.9849948883056641,0.015005111694335938,0.17323461174964905,128,True,False,False,False
STRAIN_000140,2,TIGHTBLOCK50,5,442,0.9825053811073303,0.017494618892669678,0.18705406785011292,128,True,False,False,False
STRAIN_000141,2,TIGHTBLOCK50,1,42,0.9950989484786987,0.0049010515213012695,0.09900621324777603,128,True,False,False,False
STRAIN_000141,2,TIGHTBLOCK50,2,142,0.99422287940979,0.005777120590209961,0.10749056190252304,128,True,False,False,False
STRAIN_000141,2,TIGHTBLOCK50,3,242,0.9952205419540405,0.004779458045959473,0.0977693647146225,128,True,False,False,False
STRAIN_000141,2,TIGHTBLOCK50,4,342,0.9952228665351868,0.004777133464813232,0.0977468192577362,128,True,False,False,False
STRAIN_000141,2,TIGHTBLOCK50,5,442,0.9953290820121765,0.004670917987823486,0.09665311872959137,128,True,False,False,False
STRAIN_000144,2,TIGHTBLOCK50,1,42,0.9710891246795654,0.02891087532043457,0.24046191573143005,128,True,False,False,False
STRAIN_000144,2,TIGHTBLOCK50,2,142,0.972644031047821,0.027355968952178955,0.23390606045722961,128,True,False,False,False
STRAIN_000144,2,TIGHTBLOCK50,3,242,0.9712777137756348,0.028722286224365234,0.2396761178970337,128,True,False,False,False
STRAIN_000144,2,TIGHTBLOCK50,4,342,0.9710872769355774,0.028912723064422607,0.24046950042247772,128,True,False,False,False
STRAIN_000144,2,TIGHTBLOCK50,5,442,0.9703994989395142,0.02960050106048584,0.24331286549568176,128,True,False,False,False
STRAIN_000145,2,TIGHTBLOCK50,1,42,0.9709804058074951,0.029019594192504883,0.24091322720050812,128,True,False,False,False
STRAIN_000145,2,TIGHTBLOCK50,2,142,0.9662449359893799,0.03375506401062012,0.25982698798179626,128,True,False,False,False
STRAIN_000145,2,TIGHTBLOCK50,3,242,0.965225100517273,0.03477489948272705,0.2637229263782501,128,True,False,False,False
STRAIN_000145,2,TIGHTBLOCK50,4,342,0.969126284122467,0.03087371587753296,0.2484901249408722,128,True,False,False,False
STRAIN_000145,2,TIGHTBLOCK50,5,442,0.9649400115013123,0.035059988498687744,0.2648015320301056,128,True,False,False,False
STRAIN_000156,2,TIGHTBLOCK50,1,42,0.965417742729187,0.03458225727081299,0.26299169659614563,128,True,False,False,False
STRAIN_000156,2,TIGHTBLOCK50,2,142,0.9720268249511719,0.027973175048828125,0.2365298569202423,128,True,False,False,False
STRAIN_000156,2,TIGHTBLOCK50,3,242,0.9642443060874939,0.035755693912506104,0.2674165368080139,128,True,False,False,False
STRAIN_000156,2,TIGHTBLOCK50,4,342,0.9711929559707642,0.02880704402923584,0.24002930521965027,128,True,False,False,False
STRAIN_000156,2,TIGHTBLOCK50,5,442,0.9653699398040771,0.03463006019592285,0.2631734013557434,128,True,False,False,False
STRAIN_000160,2,TIGHTBLOCK50,1,42,0.9972005486488342,0.0027994513511657715,0.07482583820819855,128,True,False,False,False
STRAIN_000160,2,TIGHTBLOCK50,2,142,0.9976428747177124,0.0023571252822875977,0.06865891814231873,128,True,False,False,False
STRAIN_000160,2,TIGHTBLOCK50,3,242,0.9981770515441895,0.0018229484558105469,0.06038181111216545,128,True,False,False,False
STRAIN_000160,2,TIGHTBLOCK50,4,342,0.9975085854530334,0.0024914145469665527,0.07058816403150558,128,True,False,False,False
STRAIN_000160,2,TIGHTBLOCK50,5,442,0.9972638487815857,0.0027361512184143066,0.07397542148828506,128,True,False,False,False
STRAIN_000171,2,TIGHTBLOCK50,1,42,0.9932069778442383,0.006793022155761719,0.11655954271554947,128,True,False,False,False
STRAIN_000171,2,TIGHTBLOCK50,2,142,0.9927278757095337,0.007272124290466309,0.12059919536113739,128,True,False,False,False
STRAIN_000171,2,TIGHTBLOCK50,3,242,0.9906659126281738,0.009334087371826172,0.13663116097450256,128,True,False,False,False
STRAIN_000171,2,TIGHTBLOCK50,4,342,0.9927389621734619,0.007261037826538086,0.12050633132457733,128,True,False,False,False
STRAIN_000171,2,TIGHTBLOCK50,5,442,0.9931179881095886,0.006882011890411377,0.11731922626495361,128,True,False,False,False
STRAIN_000176,2,TIGHTBLOCK50,1,42,0.9886277318000793,0.011372268199920654,0.1508127897977829,128,True,False,False,False
STRAIN_000176,2,TIGHTBLOCK50,2,142,0.9902246594429016,0.009775340557098389,0.13982349634170532,128,True,False,False,False
STRAIN_000176,2,TIGHTBLOCK50,3,242,0.9884365797042847,0.011563420295715332,0.15207518637180328,128,True,False,False,False
STRAIN_000176,2,TIGHTBLOCK50,4,342,0.9896264672279358,0.010373532772064209,0.14403840899467468,128,True,False,False,False
STRAIN_000176,2,TIGHTBLOCK50,5,442,0.9882415533065796,0.01175844669342041,0.1533520519733429,128,True,False,False,False
STRAIN_000179,2,TIGHTBLOCK50,1,42,0.9731397032737732,0.026860296726226807,0.23177701234817505,128,True,False,False,False
STRAIN_000179,2,TIGHTBLOCK50,2,142,0.9685371518135071,0.03146284818649292,0.2508499026298523,128,True,False,False,False
STRAIN_000179,2,TIGHTBLOCK50,3,242,0.9634324312210083,0.0365675687789917,0.270435094833374,128,True,False,False,False
STRAIN_000179,2,TIGHTBLOCK50,4,342,0.9678221344947815,0.032177865505218506,0.25368449091911316,128,True,False,False,False
STRAIN_000179,2,TIGHTBLOCK50,5,442,0.9625366926193237,0.03746330738067627,0.27372726798057556,128,True,False,False,False
STRAIN_000195,2,TIGHTBLOCK50,1,42,0.9981003999710083,0.0018996000289916992,0.06163707748055458,128,True,False,False,False
STRAIN_000195,2,TIGHTBLOCK50,2,142,0.9974738359451294,0.0025261640548706055,0.07107987999916077,128,True,False,False,False
STRAIN_000195,2,TIGHTBLOCK50,3,242,0.9989956617355347,0.001004338264465332,0.04481843113899231,128,True,False,False,False
STRAIN_000195,2,TIGHTBLOCK50,4,342,0.9987725019454956,0.0012274980545043945,0.04954817518591881,128,True,False,False,False
STRAIN_000195,2,TIGHTBLOCK50,5,442,0.9980441331863403,0.001955866813659668,0.06254368275403976,128,True,False,False,False
STRAIN_000200,2,TIGHTBLOCK50,1,42,0.9658535718917847,0.03414642810821533,0.2613290548324585,128,True,False,False,False
STRAIN_000200,2,TIGHTBLOCK50,2,142,0.9665176272392273,0.033482372760772705,0.2587757408618927,128,True,False,False,False
STRAIN_000200,2,TIGHTBLOCK50,3,242,0.9705144166946411,0.029485583305358887,0.24283984303474426,128,True,False,False,False
STRAIN_000200,2,TIGHTBLOCK50,4,342,0.9655013680458069,0.034498631954193115,0.2626733183860779,128,True,False,False,False
STRAIN_000200,2,TIGHTBLOCK50,5,442,0.9650867581367493,0.03491324186325073,0.2642470598220825,128,True,False,False,False
STRAIN_000201,2,TIGHTBLOCK50,1,42,0.9921628832817078,0.007837116718292236,0.1251966506242752,128,True,False,False,False
STRAIN_000201,2,TIGHTBLOCK50,2,142,0.9908074140548706,0.009192585945129395,0.1355918049812317,128,True,False,False,False
STRAIN_000201,2,TIGHTBLOCK50,3,242,0.9931334853172302,0.006866514682769775,0.11718820780515671,128,True,False,False,False
STRAIN_000201,2,TIGHTBLOCK50,4,342,0.9914593696594238,0.008540630340576172,0.13069547712802887,128,True,False,False,False
STRAIN_000201,2,TIGHTBLOCK50,5,442,0.9920753836631775,0.00792461633682251,0.12589362263679504,128,True,False,False,False
STRAIN_000204,2,TIGHTBLOCK50,1,42,0.9636194705963135,0.03638052940368652,0.26974257826805115,128,True,False,False,False
STRAIN_000204,2,TIGHTBLOCK50,2,142,0.9674433469772339,0.03255665302276611,0.25517305731773376,128,True,False,False,False
STRAIN_000204,2,TIGHTBLOCK50,3,242,0.9648563861846924,0.03514361381530762,0.2651170790195465,128,True,False,False,False
STRAIN_000204,2,TIGHTBLOCK50,4,342,0.9652711153030396,0.03472888469696045,0.26354801654815674,128,True,False,False,False
STRAIN_000204,2,TIGHTBLOCK50,5,442,0.9703035354614258,0.02969646453857422,0.24370643496513367,128,True,False,False,False
STRAIN_000205,2,TIGHTBLOCK50,1,42,0.9727323055267334,0.0272676944732666,0.23352791368961334,128,True,False,False,False
STRAIN_000205,2,TIGHTBLOCK50,2,142,0.9626131057739258,0.03738689422607422,0.27344784140586853,128,True,False,False,False
STRAIN_000205,2,TIGHTBLOCK50,3,242,0.9609338045120239,0.039066195487976074,0.2795216143131256,128,True,False,False,False
STRAIN_000205,2,TIGHTBLOCK50,4,342,0.9668415784835815,0.03315842151641846,0.25752052664756775,128,True,False,False,False
STRAIN_000205,2,TIGHTBLOCK50,5,442,0.970126211643219,0.029873788356781006,0.24443326890468597,128,True,False,False,False
STRAIN_000206,2,TIGHTBLOCK50,1,42,0.9651046991348267,0.03489530086517334,0.26417893171310425,128,True,False,False,False
STRAIN_000206,2,TIGHTBLOCK50,2,142,0.9686150550842285,0.031384944915771484,0.25053930282592773,128,True,False,False,False
STRAIN_000206,2,TIGHTBLOCK50,3,242,0.9657365083694458,0.0342634916305542,0.26177653670310974,128,True,False,False,False
STRAIN_000206,2,TIGHTBLOCK50,4,342,0.9682549238204956,0.031745076179504395,0.2519722878932953,128,True,False,False,False
STRAIN_000206,2,TIGHTBLOCK50,5,442,0.9638819694519043,0.0361180305480957,0.26876741647720337,128,True,False,False,False
STRAIN_000210,2,TIGHTBLOCK50,1,42,0.9897165298461914,0.010283470153808594,0.143411785364151,128,True,False,False,False
STRAIN_000210,2,TIGHTBLOCK50,2,142,0.9897863864898682,0.010213613510131836,0.1429244726896286,128,True,False,False,False
STRAIN_000210,2,TIGHTBLOCK50,3,242,0.9908831715583801,0.009116828441619873,0.13503187894821167,128,True,False,False,False
STRAIN_000210,2,TIGHTBLOCK50,4,342,0.990129292011261,0.009870707988739014,0.14050434529781342,128,True,False,False,False
STRAIN_000210,2,TIGHTBLOCK50,5,442,0.9911482930183411,0.008851706981658936,0.13305406272411346,128,True,False,False,False
STRAIN_000212,2,TIGHTBLOCK50,1,42,0.9923893213272095,0.007610678672790527,0.12337516248226166,128,True,False,False,False
STRAIN_000212,2,TIGHTBLOCK50,2,142,0.991823136806488,0.008176863193511963,0.12788213789463043,128,True,False,False,False
STRAIN_000212,2,TIGHTBLOCK50,3,242,0.9914209842681885,0.008579015731811523,0.13098891079425812,128,True,False,False,False
STRAIN_000212,2,TIGHTBLOCK50,4,342,0.9922483563423157,0.007751643657684326,0.12451261281967163,128,True,False,False,False
STRAIN_000212,2,TIGHTBLOCK50,5,442,0.9934768676757812,0.00652313232421875,0.11422084271907806,128,True,False,False,False
STRAIN_000213,2,TIGHTBLOCK50,1,42,0.9724079966545105,0.027592003345489502,0.23491264879703522,128,True,False,False,False
STRAIN_000213,2,TIGHTBLOCK50,2,142,0.9738257527351379,0.02617424726486206,0.22879791259765625,128,True,False,False,False
STRAIN_000213,2,TIGHTBLOCK50,3,242,0.9717788696289062,0.02822113037109375,0.23757603764533997,128,True,False,False,False
STRAIN_000213,2,TIGHTBLOCK50,4,342,0.9718655347824097,0.028134465217590332,0.23721083998680115,128,True,False,False,False
STRAIN_000213,2,TIGHTBLOCK50,5,442,0.972588062286377,0.027411937713623047,0.23414477705955505,128,True,False,False,False
STRAIN_000220,2,TIGHTBLOCK50,1,42,0.9619681239128113,0.03803187608718872,0.27579620480537415,128,True,False,False,False
STRAIN_000220,2,TIGHTBLOCK50,2,142,0.9609395265579224,0.03906047344207764,0.2795008718967438,128,True,False,False,False
STRAIN_000220,2,TIGHTBLOCK50,3,242,0.960230827331543,0.03976917266845703,0.28202497959136963,128,True,False,False,False
STRAIN_000220,2,TIGHTBLOCK50,4,342,0.96077561378479,0.03922438621520996,0.2800871729850769,128,True,False,False,False
STRAIN_000220,2,TIGHTBLOCK50,5,442,0.9609073996543884,0.03909260034561157,0.27961617708206177,128,True,False,False,False
STRAIN_000222,2,TIGHTBLOCK50,1,42,0.9686630964279175,0.03133690357208252,0.2503473460674286,128,True,False,False,False
STRAIN_000222,2,TIGHTBLOCK50,2,142,0.966988205909729,0.033011794090270996,0.25695064663887024,128,True,False,False,False
STRAIN_000222,2,TIGHTBLOCK50,3,242,0.96851646900177,0.03148353099822998,0.2509320080280304,128,True,False,False,False
STRAIN_000222,2,TIGHTBLOCK50,4,342,0.9694532752037048,0.030546724796295166,0.2471710443496704,128,True,False,False,False
STRAIN_000222,2,TIGHTBLOCK50,5,442,0.9684233665466309,0.03157663345336914,0.2513032853603363,128,True,False,False,False
STRAIN_000223,2,TIGHTBLOCK50,1,42,0.9697901010513306,0.030209898948669434,0.24580413103103638,128,True,False,False,False
STRAIN_000223,2,TIGHTBLOCK50,2,142,0.9661063551902771,0.0338936448097229,0.26035982370376587,128,True,False,False,False
STRAIN_000223,2,TIGHTBLOCK50,3,242,0.9685007333755493,0.031499266624450684,0.2509952187538147,128,True,False,False,False
STRAIN_000223,2,TIGHTBLOCK50,4,342,0.9668309688568115,0.03316903114318848,0.2575615346431732,128,True,False,False,False
STRAIN_000223,2,TIGHTBLOCK50,5,442,0.964606523513794,0.035393476486206055,0.266058087348938,128,True,False,False,False
STRAIN_000225,2,TIGHTBLOCK50,1,42,0.9899271130561829,0.010072886943817139,0.1419360190629959,128,True,False,False,False
STRAIN_000225,2,TIGHTBLOCK50,2,142,0.9892449378967285,0.010755062103271484,0.1466633826494217,128,True,False,False,False
STRAIN_000225,2,TIGHTBLOCK50,3,242,0.9888753294944763,0.011124670505523682,0.14916221797466278,128,True,False,False,False
STRAIN_000225,2,TIGHTBLOCK50,4,342,0.9909078478813171,0.009092152118682861,0.13484930992126465,128,True,False,False,False
STRAIN_000225,2,TIGHTBLOCK50,5,442,0.9902899265289307,0.009710073471069336,0.1393565684556961,128,True,False,False,False
STRAIN_000226,2,TIGHTBLOCK50,1,42,0.9858601689338684,0.014139831066131592,0.1681654006242752,128,True,False,False,False
STRAIN_000226,2,TIGHTBLOCK50,2,142,0.9899684190750122,0.010031580924987793,0.14164477586746216,128,True,False,False,False
STRAIN_000226,2,TIGHTBLOCK50,3,242,0.9886134266853333,0.011386573314666748,0.1509079784154892,128,True,False,False,False
STRAIN_000226,2,TIGHTBLOCK50,4,342,0.9892030954360962,0.010796904563903809,0.146947979927063,128,True,False,False,False
STRAIN_000226,2,TIGHTBLOCK50,5,442,0.9894962906837463,0.010503709316253662,0.14493921399116516,128,True,False,False,False
STRAIN_000227,2,TIGHTBLOCK50,1,42,0.983191967010498,0.016808032989501953,0.18334674835205078,128,True,False,False,False
STRAIN_000227,2,TIGHTBLOCK50,2,142,0.9787545204162598,0.021245479583740234,0.20613358914852142,128,True,False,False,False
STRAIN_000227,2,TIGHTBLOCK50,3,242,0.984311580657959,0.015688419342041016,0.17713496088981628,128,True,False,False,False
STRAIN_000227,2,TIGHTBLOCK50,4,342,0.9839487671852112,0.01605123281478882,0.179171621799469,128,True,False,False,False
STRAIN_000227,2,TIGHTBLOCK50,5,442,0.9838322401046753,0.016167759895324707,0.17982009053230286,128,True,False,False,False
STRAIN_000232,2,TIGHTBLOCK50,1,42,0.9911245107650757,0.008875489234924316,0.13323263823986053,128,True,False,False,False
STRAIN_000232,2,TIGHTBLOCK50,2,142,0.9872255325317383,0.012774467468261719,0.15984052419662476,128,True,False,False,False
STRAIN_000232,2,TIGHTBLOCK50,3,242,0.9859145879745483,0.01408541202545166,0.16784198582172394,128,True,False,False,False
STRAIN_000232,2,TIGHTBLOCK50,4,342,0.9921765327453613,0.007823467254638672,0.12508732080459595,128,True,False,False,False
STRAIN_000232,2,TIGHTBLOCK50,5,442,0.9861031770706177,0.013896822929382324,0.16671423614025116,128,True,False,False,False
STRAIN_000242,2,TIGHTBLOCK50,1,42,0.9859912395477295,0.014008760452270508,0.16738487780094147,128,True,False,False,False
STRAIN_000242,2,TIGHTBLOCK50,2,142,0.9882547855377197,0.011745214462280273,0.15326589345932007,128,True,False,False,False
STRAIN_000242,2,TIGHTBLOCK50,3,242,0.9873136281967163,0.012686371803283691,0.15928861498832703,128,True,False,False,False
STRAIN_000242,2,TIGHTBLOCK50,4,342,0.9894371628761292,0.01056283712387085,0.14534664154052734,128,True,False,False,False
STRAIN_000242,2,TIGHTBLOCK50,5,442,0.9869247078895569,0.013075292110443115,0.16171161830425262,128,True,False,False,False
STRAIN_000246,2,TIGHTBLOCK50,1,42,0.9629393815994263,0.03706061840057373,0.2722521424293518,128,True,False,False,False
STRAIN_000246,2,TIGHTBLOCK50,2,142,0.965021014213562,0.03497898578643799,0.2644958794116974,128,True,False,False,False
STRAIN_000246,2,TIGHTBLOCK50,3,242,0.9711553454399109,0.02884465456008911,0.24018612504005432,128,True,False,False,False
STRAIN_000246,2,TIGHTBLOCK50,4,342,0.9634396433830261,0.03656035661697388,0.2704084813594818,128,True,False,False,False
STRAIN_000246,2,TIGHTBLOCK50,5,442,0.9640322327613831,0.03596776723861694,0.26820796728134155,128,True,False,False,False
STRAIN_000247,2,TIGHTBLOCK50,1,42,0.985358476638794,0.014641523361206055,0.1711224466562271,128,True,False,False,False
STRAIN_000247,2,TIGHTBLOCK50,2,142,0.9843453168869019,0.015654683113098145,0.17694424092769623,128,True,False,False,False
STRAIN_000247,2,TIGHTBLOCK50,3,242,0.9836007952690125,0.01639920473098755,0.18110312521457672,128,True,False,False,False
STRAIN_000247,2,TIGHTBLOCK50,4,342,0.986169695854187,0.013830304145812988,0.16631421446800232,128,True,False,False,False
STRAIN_000247,2,TIGHTBLOCK50,5,442,0.9864675998687744,0.013532400131225586,0.16451403498649597,128,True,False,False,False
STRAIN_000253,2,TIGHTBLOCK50,1,42,0.986915111541748,0.013084888458251953,0.16177025437355042,128,True,False,False,False
STRAIN_000253,2,TIGHTBLOCK50,2,142,0.9848729968070984,0.015127003192901611,0.17393681406974792,128,True,False,False,False
STRAIN_000253,2,TIGHTBLOCK50,3,242,0.9836505651473999,0.016349434852600098,0.18082837760448456,128,True,False,False,False
STRAIN_000253,2,TIGHTBLOCK50,4,342,0.9871096611022949,0.012890338897705078,0.16056300699710846,128,True,False,False,False
STRAIN_000253,2,TIGHTBLOCK50,5,442,0.9832500219345093,0.016749978065490723,0.1830301582813263,128,True,False,False,False
STRAIN_000258,2,TIGHTBLOCK50,1,42,0.9674431085586548,0.032556891441345215,0.2551738917827606,128,True,False,False,False
STRAIN_000258,2,TIGHTBLOCK50,2,142,0.9684354662895203,0.031564533710479736,0.25125497579574585,128,True,False,False,False
STRAIN_000258,2,TIGHTBLOCK50,3,242,0.9655441045761108,0.03445589542388916,0.2625105082988739,128,True,False,False,False
STRAIN_000258,2,TIGHTBLOCK50,4,342,0.96297287940979,0.03702712059020996,0.27212876081466675,128,True,False,False,False
STRAIN_000258,2,TIGHTBLOCK50,5,442,0.9727438688278198,0.027256131172180176,0.2334783524274826,128,True,False,False,False
STRAIN_000262,2,TIGHTBLOCK50,1,42,0.9711938500404358,0.02880614995956421,0.24002604186534882,128,True,False,False,False
STRAIN_000262,2,TIGHTBLOCK50,2,142,0.9730550050735474,0.026944994926452637,0.23214232921600342,128,True,False,False,False
STRAIN_000262,2,TIGHTBLOCK50,3,242,0.9659693241119385,0.03403067588806152,0.2608855962753296,128,True,False,False,False
STRAIN_000262,2,TIGHTBLOCK50,4,342,0.9701048135757446,0.02989518642425537,0.2445206344127655,128,True,False,False,False
STRAIN_000262,2,TIGHTBLOCK50,5,442,0.9723848700523376,0.027615129947662354,0.23501120507717133,128,True,False,False,False
STRAIN_000264,2,TIGHTBLOCK50,1,42,0.9870274662971497,0.012972533702850342,0.16107462346553802,128,True,False,False,False
STRAIN_000264,2,TIGHTBLOCK50,2,142,0.9888150691986084,0.011184930801391602,0.14956574141979218,128,True,False,False,False
STRAIN_000264,2,TIGHTBLOCK50,3,242,0.9880564212799072,0.011943578720092773,0.15455439686775208,128,True,False,False,False
STRAIN_000264,2,TIGHTBLOCK50,4,342,0.9898825883865356,0.010117411613464355,0.1422489583492279,128,True,False,False,False
STRAIN_000264,2,TIGHTBLOCK50,5,442,0.990108847618103,0.009891152381896973,0.14064954221248627,128,True,False,False,False
STRAIN_000272,2,TIGHTBLOCK50,1,42,0.9872376918792725,0.012762308120727539,0.15976378321647644,128,True,False,False,False
STRAIN_000272,2,TIGHTBLOCK50,2,142,0.9863969087600708,0.0136030912399292,0.16494327783584595,128,True,False,False,False
STRAIN_000272,2,TIGHTBLOCK50,3,242,0.9900712966918945,0.009928703308105469,0.14091569185256958,128,True,False,False,False
STRAIN_000272,2,TIGHTBLOCK50,4,342,0.9890018701553345,0.010998129844665527,0.14831097424030304,128,True,False,False,False
STRAIN_000272,2,TIGHTBLOCK50,5,442,0.9866995811462402,0.013300418853759766,0.1630975753068924,128,True,False,False,False
STRAIN_000275,2,TIGHTBLOCK50,1,42,0.9707353115081787,0.02926468849182129,0.24192850291728973,128,True,False,False,False
STRAIN_000275,2,TIGHTBLOCK50,2,142,0.9672859907150269,0.032714009284973145,0.2557890713214874,128,True,False,False,False
STRAIN_000275,2,TIGHTBLOCK50,3,242,0.9644407033920288,0.03555929660797119,0.26668059825897217,128,True,False,False,False
STRAIN_000275,2,TIGHTBLOCK50,4,342,0.9696338176727295,0.030366182327270508,0.24643968045711517,128,True,False,False,False
STRAIN_000275,2,TIGHTBLOCK50,5,442,0.9700442552566528,0.029955744743347168,0.2447682023048401,128,True,False,False,False
STRAIN_000279,2,TIGHTBLOCK50,1,42,0.9657612442970276,0.03423875570297241,0.26168233156204224,128,True,False,False,False
STRAIN_000279,2,TIGHTBLOCK50,2,142,0.9668250679969788,0.03317493200302124,0.2575845420360565,128,True,False,False,False
STRAIN_000279,2,TIGHTBLOCK50,3,242,0.9684848189353943,0.03151518106460571,0.25105854868888855,128,True,False,False,False
STRAIN_000279,2,TIGHTBLOCK50,4,342,0.9660733342170715,0.03392666578292847,0.2604866027832031,128,True,False,False,False
STRAIN_000279,2,TIGHTBLOCK50,5,442,0.9678747653961182,0.032125234603881836,0.2534763216972351,128,True,False,False,False
STRAIN_000280,2,TIGHTBLOCK50,1,42,0.9848672151565552,0.015132784843444824,0.17396965622901917,128,True,False,False,False
STRAIN_000280,2,TIGHTBLOCK50,2,142,0.987847089767456,0.012152910232543945,0.15590326488018036,128,True,False,False,False
STRAIN_000280,2,TIGHTBLOCK50,3,242,0.9861292839050293,0.013870716094970703,0.16655783355236053,128,True,False,False,False
STRAIN_000280,2,TIGHTBLOCK50,4,342,0.985236406326294,0.014763593673706055,0.1718348264694214,128,True,False,False,False
STRAIN_000280,2,TIGHTBLOCK50,5,442,0.9844640493392944,0.015535950660705566,0.17627239227294922,128,True,False,False,False
STRAIN_000282,2,TIGHTBLOCK50,1,42,0.9645576477050781,0.035442352294921875,0.2662418782711029,128,True,False,False,False
STRAIN_000282,2,TIGHTBLOCK50,2,142,0.9703102111816406,0.029689788818359375,0.2436792254447937,128,True,False,False,False
STRAIN_000282,2,TIGHTBLOCK50,3,242,0.9656203985214233,0.03437960147857666,0.2622199058532715,128,True,False,False,False
STRAIN_000282,2,TIGHTBLOCK50,4,342,0.9634859561920166,0.0365140438079834,0.27023735642433167,128,True,False,False,False
STRAIN_000282,2,TIGHTBLOCK50,5,442,0.9717793464660645,0.028220653533935547,0.2375740259885788,128,True,False,False,False
STRAIN_000291,2,TIGHTBLOCK50,1,42,0.9818478226661682,0.018152177333831787,0.19053727388381958,128,True,False,False,False
STRAIN_000291,2,TIGHTBLOCK50,2,142,0.974957287311554,0.025042712688446045,0.2237977832555771,128,True,False,False,False
STRAIN_000291,2,TIGHTBLOCK50,3,242,0.9734970927238464,0.026502907276153564,0.23023012280464172,128,True,False,False,False
STRAIN_000291,2,TIGHTBLOCK50,4,342,0.9776628017425537,0.02233719825744629,0.21136319637298584,128,True,False,False,False
STRAIN_000291,2,TIGHTBLOCK50,5,442,0.9733033180236816,0.02669668197631836,0.23106999695301056,128,True,False,False,False
STRAIN_000292,2,TIGHTBLOCK50,1,42,0.9824989438056946,0.01750105619430542,0.18708842992782593,128,True,False,False,False
STRAIN_000292,2,TIGHTBLOCK50,2,142,0.9816025495529175,0.01839745044708252,0.19181977212429047,128,True,False,False,False
STRAIN_000292,2,TIGHTBLOCK50,3,242,0.9833440780639648,0.016655921936035156,0.18251533806324005,128,True,False,False,False
STRAIN_000292,2,TIGHTBLOCK50,4,342,0.9842329025268555,0.01576709747314453,0.17757850885391235,128,True,False,False,False
STRAIN_000292,2,TIGHTBLOCK50,5,442,0.982630729675293,0.01736927032470703,0.1863827258348465,128,True,False,False,False
STRAIN_000294,2,TIGHTBLOCK50,1,42,0.9701974391937256,0.029802560806274414,0.24414175748825073,128,True,False,False,False
STRAIN_000294,2,TIGHTBLOCK50,2,142,0.9693046808242798,0.030695319175720215,0.24777130782604218,128,True,False,False,False
STRAIN_000294,2,TIGHTBLOCK50,3,242,0.9712232351303101,0.02877676486968994,0.23990356922149658,128,True,False,False,False
STRAIN_000294,2,TIGHTBLOCK50,4,342,0.9742444753646851,0.02575552463531494,0.22696059942245483,128,True,False,False,False
STRAIN_000294,2,TIGHTBLOCK50,5,442,0.9735897779464722,0.026410222053527832,0.2298266738653183,128,True,False,False,False
STRAIN_000300,2,TIGHTBLOCK50,1,42,0.988012433052063,0.011987566947937012,0.15483923256397247,128,True,False,False,False
STRAIN_000300,2,TIGHTBLOCK50,2,142,0.9901486039161682,0.009851396083831787,0.14036652445793152,128,True,False,False,False
STRAIN_000300,2,TIGHTBLOCK50,3,242,0.9893762469291687,0.010623753070831299,0.14576534926891327,128,True,False,False,False
STRAIN_000300,2,TIGHTBLOCK50,4,342,0.9880085587501526,0.011991441249847412,0.15486407279968262,128,True,False,False,False
STRAIN_000300,2,TIGHTBLOCK50,5,442,0.9904487133026123,0.009551286697387695,0.1382121741771698,128,True,False,False,False
STRAIN_000306,2,TIGHTBLOCK50,1,42,0.9776314496994019,0.022368550300598145,0.2115117907524109,128,True,False,False,False
STRAIN_000306,2,TIGHTBLOCK50,2,142,0.9705129861831665,0.029487013816833496,0.24284569919109344,128,True,False,False,False
STRAIN_000306,2,TIGHTBLOCK50,3,242,0.9771731495857239,0.022826850414276123,0.2136673927307129,128,True,False,False,False
STRAIN_000306,2,TIGHTBLOCK50,4,342,0.9761912822723389,0.023808717727661133,0.21821419894695282,128,True,False,False,False
STRAIN_000306,2,TIGHTBLOCK50,5,442,0.9734469056129456,0.026553094387054443,0.2304479032754898,128,True,False,False,False
STRAIN_000309,2,TIGHTBLOCK50,1,42,0.9698102474212646,0.03018975257873535,0.2457224577665329,128,True,False,False,False
STRAIN_000309,2,TIGHTBLOCK50,2,142,0.9646344184875488,0.03536558151245117,0.2659529447555542,128,True,False,False,False
STRAIN_000309,2,TIGHTBLOCK50,3,242,0.9692583084106445,0.03074169158935547,0.24795834720134735,128,True,False,False,False
STRAIN_000309,2,TIGHTBLOCK50,4,342,0.9653263092041016,0.03467369079589844,0.2633388042449951,128,True,False,False,False
STRAIN_000309,2,TIGHTBLOCK50,5,442,0.9668192863464355,0.03318071365356445,0.25760695338249207,128,True,False,False,False
STRAIN_000310,2,TIGHTBLOCK50,1,42,0.9695135354995728,0.030486464500427246,0.24692712724208832,128,True,False,False,False
STRAIN_000310,2,TIGHTBLOCK50,2,142,0.9678277969360352,0.032172203063964844,0.2536620795726776,128,True,False,False,False
STRAIN_000310,2,TIGHTBLOCK50,3,242,0.9647006988525391,0.03529930114746094,0.2657042443752289,128,True,False,False,False
STRAIN_000310,2,TIGHTBLOCK50,4,342,0.9667001366615295,0.03329986333847046,0.25806924700737,128,True,False,False,False
STRAIN_000310,2,TIGHTBLOCK50,5,442,0.9619163274765015,0.038083672523498535,0.2759847342967987,128,True,False,False,False
STRAIN_000313,2,TIGHTBLOCK50,1,42,0.9654586315155029,0.03454136848449707,0.26283562183380127,128,True,False,False,False
STRAIN_000313,2,TIGHTBLOCK50,2,142,0.9634333848953247,0.03656661510467529,0.27043139934539795,128,True,False,False,False
STRAIN_000313,2,TIGHTBLOCK50,3,242,0.9708026647567749,0.029197335243225098,0.24164944887161255,128,True,False,False,False
STRAIN_000313,2,TIGHTBLOCK50,4,342,0.9639565944671631,0.036043405532836914,0.2684897482395172,128,True,False,False,False
STRAIN_000313,2,TIGHTBLOCK50,5,442,0.9669839143753052,0.033016085624694824,0.2569669187068939,128,True,False,False,False
STRAIN_000315,2,TIGHTBLOCK50,1,42,0.9747561812400818,0.025243818759918213,0.2246943712234497,128,True,False,False,False
STRAIN_000315,2,TIGHTBLOCK50,2,142,0.9784596562385559,0.021540343761444092,0.20755864679813385,128,True,False,False,False
STRAIN_000315,2,TIGHTBLOCK50,3,242,0.9749296307563782,0.025070369243621826,0.2239212840795517,128,True,False,False,False
STRAIN_000315,2,TIGHTBLOCK50,4,342,0.9774371385574341,0.022562861442565918,0.21242819726467133,128,True,False,False,False
STRAIN_000315,2,TIGHTBLOCK50,5,442,0.9785217046737671,0.02147829532623291,0.20725975930690765,128,True,False,False,False
STRAIN_000316,2,TIGHTBLOCK50,1,42,0.9786636829376221,0.02133631706237793,0.20657309889793396,128,True,False,False,False
STRAIN_000316,2,TIGHTBLOCK50,2,142,0.9789429306983948,0.021057069301605225,0.2052168846130371,128,True,False,False,False
STRAIN_000316,2,TIGHTBLOCK50,3,242,0.9790998697280884,0.02090013027191162,0.20445102453231812,128,True,False,False,False
STRAIN_000316,2,TIGHTBLOCK50,4,342,0.9795832633972168,0.020416736602783203,0.20207282900810242,128,True,False,False,False
STRAIN_000316,2,TIGHTBLOCK50,5,442,0.9802851676940918,0.019714832305908203,0.19856885075569153,128,True,False,False,False
STRAIN_000319,2,TIGHTBLOCK50,1,42,0.9811382293701172,0.018861770629882812,0.1942252814769745,128,True,False,False,False
STRAIN_000319,2,TIGHTBLOCK50,2,142,0.9842483401298523,0.015751659870147705,0.17749178409576416,128,True,False,False,False
STRAIN_000319,2,TIGHTBLOCK50,3,242,0.9801317453384399,0.01986825466156006,0.19933998584747314,128,True,False,False,False
STRAIN_000319,2,TIGHTBLOCK50,4,342,0.9829298853874207,0.017070114612579346,0.184770867228508,128,True,False,False,False
STRAIN_000319,2,TIGHTBLOCK50,5,442,0.9811294078826904,0.01887059211730957,0.19427084922790527,128,True,False,False,False
STRAIN_000320,2,TIGHTBLOCK50,1,42,0.977366030216217,0.02263396978378296,0.21276293694972992,128,True,False,False,False
STRAIN_000320,2,TIGHTBLOCK50,2,142,0.9753915071487427,0.024608492851257324,0.22184938192367554,128,True,False,False,False
STRAIN_000320,2,TIGHTBLOCK50,3,242,0.9797301292419434,0.02026987075805664,0.20134475827217102,128,True,False,False,False
STRAIN_000320,2,TIGHTBLOCK50,4,342,0.978996992111206,0.021003007888793945,0.2049543708562851,128,True,False,False,False
STRAIN_000320,2,TIGHTBLOCK50,5,442,0.981887936592102,0.01811206340789795,0.19032679498195648,128,True,False,False,False
STRAIN_000344,2,TIGHTBLOCK50,1,42,0.984853982925415,0.015146017074584961,0.17404574155807495,128,True,False,False,False
STRAIN_000344,2,TIGHTBLOCK50,2,142,0.9855632781982422,0.014436721801757812,0.16992171108722687,128,True,False,False,False
STRAIN_000344,2,TIGHTBLOCK50,3,242,0.9853327870368958,0.014667212963104248,0.17127247154712677,128,True,False,False,False
STRAIN_000344,2,TIGHTBLOCK50,4,342,0.9867680668830872,0.013231933116912842,0.16267669200897217,128,True,False,False,False
STRAIN_000344,2,TIGHTBLOCK50,5,442,0.984457790851593,0.015542209148406982,0.17630743980407715,128,True,False,False,False
STRAIN_000351,2,TIGHTBLOCK50,1,42,0.9674021601676941,0.03259783983230591,0.25533467531204224,128,True,False,False,False
STRAIN_000351,2,TIGHTBLOCK50,2,142,0.964919924736023,0.03508007526397705,0.26487788558006287,128,True,False,False,False
STRAIN_000351,2,TIGHTBLOCK50,3,242,0.9615147709846497,0.03848522901535034,0.2774355709552765,128,True,False,False,False
STRAIN_000351,2,TIGHTBLOCK50,4,342,0.9678131341934204,0.03218686580657959,0.253720223903656,128,True,False,False,False
STRAIN_000351,2,TIGHTBLOCK50,5,442,0.9609119892120361,0.03908801078796387,0.27959969639778137,128,True,False,False,False
STRAIN_000356,2,TIGHTBLOCK50,1,42,0.9634495377540588,0.03655046224594116,0.27037176489830017,128,True,False,False,False
STRAIN_000356,2,TIGHTBLOCK50,2,142,0.9653792977333069,0.034620702266693115,0.2631377577781677,128,True,False,False,False
STRAIN_000356,2,TIGHTBLOCK50,3,242,0.9645729660987854,0.0354270339012146,0.2661843001842499,128,True,False,False,False
STRAIN_000356,2,TIGHTBLOCK50,4,342,0.9591650366783142,0.04083496332168579,0.2857796847820282,128,True,False,False,False
STRAIN_000356,2,TIGHTBLOCK50,5,442,0.9676579236984253,0.03234207630157471,0.2543310225009918,128,True,False,False,False
STRAIN_000360,2,TIGHTBLOCK50,1,42,0.9655089974403381,0.034491002559661865,0.26264429092407227,128,True,False,False,False
STRAIN_000360,2,TIGHTBLOCK50,2,142,0.9762982726097107,0.023701727390289307,0.21772339940071106,128,True,False,False,False
STRAIN_000360,2,TIGHTBLOCK50,3,242,0.97296541929245,0.02703458070755005,0.2325276881456375,128,True,False,False,False
STRAIN_000360,2,TIGHTBLOCK50,4,342,0.9729305505752563,0.027069449424743652,0.23267759382724762,128,True,False,False,False
STRAIN_000360,2,TIGHTBLOCK50,5,442,0.9738814830780029,0.02611851692199707,0.228553906083107,128,True,False,False,False
STRAIN_000361,2,TIGHTBLOCK50,1,42,0.9742700457572937,0.0257299542427063,0.2268475741147995,128,True,False,False,False
STRAIN_000361,2,TIGHTBLOCK50,2,142,0.9786732792854309,0.021326720714569092,0.20652692019939423,128,True,False,False,False
STRAIN_000361,2,TIGHTBLOCK50,3,242,0.9747210144996643,0.025278985500335693,0.22485142946243286,128,True,False,False,False
STRAIN_000361,2,TIGHTBLOCK50,4,342,0.9681736826896667,0.03182631731033325,0.25229471921920776,128,True,False,False,False
STRAIN_000361,2,TIGHTBLOCK50,5,442,0.9685531258583069,0.031446874141693115,0.2507862448692322,128,True,False,False,False
STRAIN_000363,2,TIGHTBLOCK50,1,42,0.9813040494918823,0.018695950508117676,0.19336944818496704,128,True,False,False,False
STRAIN_000363,2,TIGHTBLOCK50,2,142,0.9838415384292603,0.016158461570739746,0.1797688752412796,128,True,False,False,False
STRAIN_000363,2,TIGHTBLOCK50,3,242,0.9836246967315674,0.016375303268432617,0.18097105622291565,128,True,False,False,False
STRAIN_000363,2,TIGHTBLOCK50,4,342,0.9797717928886414,0.020228207111358643,0.2011376917362213,128,True,False,False,False
STRAIN_000363,2,TIGHTBLOCK50,5,442,0.9829013347625732,0.017098665237426758,0.1849251389503479,128,True,False,False,False
STRAIN_000366,2,TIGHTBLOCK50,1,42,0.9593008756637573,0.040699124336242676,0.28530365228652954,128,True,False,False,False
STRAIN_000366,2,TIGHTBLOCK50,2,142,0.9553860425949097,0.04461395740509033,0.29871025681495667,128,True,False,False,False
STRAIN_000366,2,TIGHTBLOCK50,3,242,0.9641700983047485,0.035829901695251465,0.267693430185318,128,True,False,False,False
STRAIN_000366,2,TIGHTBLOCK50,4,342,0.9641925096511841,0.03580749034881592,0.26760944724082947,128,True,False,False,False
STRAIN_000366,2,TIGHTBLOCK50,5,442,0.9671460390090942,0.03285396099090576,0.2563355565071106,128,True,False,False,False
STRAIN_000377,2,TIGHTBLOCK50,1,42,0.9887816905975342,0.01121830940246582,0.14978857338428497,128,True,False,False,False
STRAIN_000377,2,TIGHTBLOCK50,2,142,0.9897530674934387,0.01024693250656128,0.14315664768218994,128,True,False,False,False
STRAIN_000377,2,TIGHTBLOCK50,3,242,0.9924609065055847,0.007539093494415283,0.12279324978590012,128,True,False,False,False
STRAIN_000377,2,TIGHTBLOCK50,4,342,0.9913729429244995,0.008627057075500488,0.13135479390621185,128,True,False,False,False
STRAIN_000377,2,TIGHTBLOCK50,5,442,0.9855446219444275,0.01445537805557251,0.17003133893013,128,True,False,False,False
STRAIN_000378,2,TIGHTBLOCK50,1,42,0.9827429056167603,0.017257094383239746,0.18577949702739716,128,True,False,False,False
STRAIN_000378,2,TIGHTBLOCK50,2,142,0.9824169874191284,0.017583012580871582,0.18752603232860565,128,True,False,False,False
STRAIN_000378,2,TIGHTBLOCK50,3,242,0.983250617980957,0.01674938201904297,0.18302704393863678,128,True,False,False,False
STRAIN_000378,2,TIGHTBLOCK50,4,342,0.983007550239563,0.01699244976043701,0.18434999883174896,128,True,False,False,False
STRAIN_000378,2,TIGHTBLOCK50,5,442,0.9838835597038269,0.016116440296173096,0.17953571677207947,128,True,False,False,False
STRAIN_000386,2,TIGHTBLOCK50,1,42,0.9696038961410522,0.030396103858947754,0.24656081199645996,128,True,False,False,False
STRAIN_000386,2,TIGHTBLOCK50,2,142,0.967896580696106,0.03210341930389404,0.253390908241272,128,True,False,False,False
STRAIN_000386,2,TIGHTBLOCK50,3,242,0.9690830707550049,0.030916929244995117,0.24866415560245514,128,True,False,False,False
STRAIN_000386,2,TIGHTBLOCK50,4,342,0.9685425162315369,0.031457483768463135,0.25082874298095703,128,True,False,False,False
STRAIN_000386,2,TIGHTBLOCK50,5,442,0.9666783213615417,0.03332167863845825,0.25815385580062866,128,True,False,False,False
STRAIN_000391,2,TIGHTBLOCK50,1,42,0.9798697829246521,0.0201302170753479,0.2006502002477646,128,True,False,False,False
STRAIN_000391,2,TIGHTBLOCK50,2,142,0.9792309999465942,0.02076900005340576,0.20380844175815582,128,True,False,False,False
STRAIN_000391,2,TIGHTBLOCK50,3,242,0.9780453443527222,0.021954655647277832,0.20954495668411255,128,True,False,False,False
STRAIN_000391,2,TIGHTBLOCK50,4,342,0.9802930951118469,0.019706904888153076,0.19852878153324127,128,True,False,False,False
STRAIN_000391,2,TIGHTBLOCK50,5,442,0.9781774282455444,0.021822571754455566,0.2089138776063919,128,True,False,False,False
STRAIN_000402,2,TIGHTBLOCK50,1,42,0.9786524772644043,0.021347522735595703,0.20662759244441986,128,True,False,False,False
STRAIN_000402,2,TIGHTBLOCK50,2,142,0.980322539806366,0.019677460193634033,0.19838052988052368,128,True,False,False,False
STRAIN_000402,2,TIGHTBLOCK50,3,242,0.9777302742004395,0.022269725799560547,0.21104416251182556,128,True,False,False,False
STRAIN_000402,2,TIGHTBLOCK50,4,342,0.9779906272888184,0.02200937271118164,0.20980627834796906,128,True,False,False,False
STRAIN_000402,2,TIGHTBLOCK50,5,442,0.9750113487243652,0.024988651275634766,0.22355598211288452,128,True,False,False,False
STRAIN_000407,2,TIGHTBLOCK50,1,42,0.9843525886535645,0.015647411346435547,0.17690333724021912,128,True,False,False,False
STRAIN_000407,2,TIGHTBLOCK50,2,142,0.9877103567123413,0.012289643287658691,0.15677738189697266,128,True,False,False,False
STRAIN_000407,2,TIGHTBLOCK50,3,242,0.9877017140388489,0.012298285961151123,0.15683242678642273,128,True,False,False,False
STRAIN_000407,2,TIGHTBLOCK50,4,342,0.9872900247573853,0.012709975242614746,0.15943600237369537,128,True,False,False,False
STRAIN_000407,2,TIGHTBLOCK50,5,442,0.9894286394119263,0.01057136058807373,0.14540529251098633,128,True,False,False,False
STRAIN_000413,2,TIGHTBLOCK50,1,42,0.9893349409103394,0.010665059089660645,0.1460481733083725,128,True,False,False,False
STRAIN_000413,2,TIGHTBLOCK50,2,142,0.9895872473716736,0.010412752628326416,0.14431031048297882,128,True,False,False,False
STRAIN_000413,2,TIGHTBLOCK50,3,242,0.9874303340911865,0.012569665908813477,0.15855355560779572,128,True,False,False,False
STRAIN_000413,2,TIGHTBLOCK50,4,342,0.9884213805198669,0.011578619480133057,0.1521752029657364,128,True,False,False,False
STRAIN_000413,2,TIGHTBLOCK50,5,442,0.9874436855316162,0.012556314468383789,0.15846987068653107,128,True,False,False,False
STRAIN_000415,2,TIGHTBLOCK50,1,42,0.9807690978050232,0.019230902194976807,0.19611714780330658,128,True,False,False,False
STRAIN_000415,2,TIGHTBLOCK50,2,142,0.9793210625648499,0.020678937435150146,0.20336642861366272,128,True,False,False,False
STRAIN_000415,2,TIGHTBLOCK50,3,242,0.9816954731941223,0.018304526805877686,0.19133488833904266,128,True,False,False,False
STRAIN_000415,2,TIGHTBLOCK50,4,342,0.9814810752868652,0.018518924713134766,0.19245199859142303,128,True,False,False,False
STRAIN_000415,2,TIGHTBLOCK50,5,442,0.9809905290603638,0.01900947093963623,0.19498524069786072,128,True,False,False,False
STRAIN_000421,2,TIGHTBLOCK50,1,42,0.9884090423583984,0.011590957641601562,0.15225577354431152,128,True,False,False,False
STRAIN_000421,2,TIGHTBLOCK50,2,142,0.9899168014526367,0.010083198547363281,0.1420079618692398,128,True,False,False,False
STRAIN_000421,2,TIGHTBLOCK50,3,242,0.9890714287757874,0.010928571224212646,0.14784112572669983,128,True,False,False,False
STRAIN_000421,2,TIGHTBLOCK50,4,342,0.988021731376648,0.01197826862335205,0.15477892756462097,128,True,False,False,False
STRAIN_000421,2,TIGHTBLOCK50,5,442,0.9879717826843262,0.012028217315673828,0.15510150790214539,128,True,False,False,False
STRAIN_000424,2,TIGHTBLOCK50,1,42,0.9857586622238159,0.014241337776184082,0.16876843571662903,128,True,False,False,False
STRAIN_000424,2,TIGHTBLOCK50,2,142,0.9825939536094666,0.017406046390533447,0.18658003211021423,128,True,False,False,False
STRAIN_000424,2,TIGHTBLOCK50,3,242,0.9882988929748535,0.011701107025146484,0.15297837555408478,128,True,False,False,False
STRAIN_000424,2,TIGHTBLOCK50,4,342,0.9843236207962036,0.015676379203796387,0.17706744372844696,128,True,False,False,False
STRAIN_000424,2,TIGHTBLOCK50,5,442,0.9858782887458801,0.014121711254119873,0.16805818676948547,128,True,False,False,False
STRAIN_000425,2,TIGHTBLOCK50,1,42,0.9886672496795654,0.01133275032043457,0.1505507230758667,128,True,False,False,False
STRAIN_000425,2,TIGHTBLOCK50,2,142,0.9877934455871582,0.012206554412841797,0.1562468409538269,128,True,False,False,False
STRAIN_000425,2,TIGHTBLOCK50,3,242,0.9873794317245483,0.01262056827545166,0.15887461602687836,128,True,False,False,False
STRAIN_000425,2,TIGHTBLOCK50,4,342,0.9860636591911316,0.013936340808868408,0.166950985789299,128,True,False,False,False
STRAIN_000425,2,TIGHTBLOCK50,5,442,0.9890389442443848,0.010961055755615234,0.14806130528450012,128,True,False,False,False
STRAIN_000427,2,TIGHTBLOCK50,1,42,0.9889199733734131,0.011080026626586914,0.1488630622625351,128,True,False,False,False
STRAIN_000427,2,TIGHTBLOCK50,2,142,0.985926628112793,0.014073371887207031,0.16777007281780243,128,True,False,False,False
STRAIN_000427,2,TIGHTBLOCK50,3,242,0.9856696128845215,0.014330387115478516,0.1692952662706375,128,True,False,False,False
STRAIN_000427,2,TIGHTBLOCK50,4,342,0.9888453483581543,0.011154651641845703,0.1493629664182663,128,True,False,False,False
STRAIN_000427,2,TIGHTBLOCK50,5,442,0.9868791699409485,0.013120830059051514,0.16199274361133575,128,True,False,False,False
STRAIN_000434,2,TIGHTBLOCK50,1,42,0.9852575063705444,0.014742493629455566,0.17171183228492737,128,True,False,False,False
STRAIN_000434,2,TIGHTBLOCK50,2,142,0.9876033663749695,0.012396633625030518,0.15745872259140015,128,True,False,False,False
STRAIN_000434,2,TIGHTBLOCK50,3,242,0.9832202196121216,0.016779780387878418,0.18319277465343475,128,True,False,False,False
STRAIN_000434,2,TIGHTBLOCK50,4,342,0.9863996505737305,0.013600349426269531,0.16492655873298645,128,True,False,False,False
STRAIN_000434,2,TIGHTBLOCK50,5,442,0.9849843382835388,0.015015661716461182,0.1732950657606125,128,True,False,False,False
STRAIN_000439,2,TIGHTBLOCK50,1,42,0.9905175566673279,0.00948244333267212,0.13771288096904755,128,True,False,False,False
STRAIN_000439,2,TIGHTBLOCK50,2,142,0.9913809299468994,0.008619070053100586,0.1312945932149887,128,True,False,False,False
STRAIN_000439,2,TIGHTBLOCK50,3,242,0.9910538196563721,0.00894618034362793,0.13376237452030182,128,True,False,False,False
STRAIN_000439,2,TIGHTBLOCK50,4,342,0.9894473552703857,0.010552644729614258,0.14527644217014313,128,True,False,False,False
STRAIN_000439,2,TIGHTBLOCK50,5,442,0.9916834831237793,0.008316516876220703,0.12896889448165894,128,True,False,False,False
STRAIN_000446,2,TIGHTBLOCK50,1,42,0.9789395928382874,0.021060407161712646,0.20523370802402496,128,True,False,False,False
STRAIN_000446,2,TIGHTBLOCK50,2,142,0.9809275269508362,0.01907247304916382,0.1953076422214508,128,True,False,False,False
STRAIN_000446,2,TIGHTBLOCK50,3,242,0.9809345602989197,0.019065439701080322,0.19527144730091095,128,True,False,False,False
STRAIN_000446,2,TIGHTBLOCK50,4,342,0.9817678928375244,0.018232107162475586,0.19095605611801147,128,True,False,False,False
STRAIN_000446,2,TIGHTBLOCK50,5,442,0.9814654588699341,0.018534541130065918,0.19253358244895935,128,True,False,False,False
STRAIN_000449,2,TIGHTBLOCK50,1,42,0.9645066261291504,0.03549337387084961,0.26643314957618713,128,True,False,False,False
STRAIN_000449,2,TIGHTBLOCK50,2,142,0.9688476324081421,0.03115236759185791,0.24960893392562866,128,True,False,False,False
STRAIN_000449,2,TIGHTBLOCK50,3,242,0.9650156497955322,0.03498435020446777,0.26451587677001953,128,True,False,False,False
STRAIN_000449,2,TIGHTBLOCK50,4,342,0.9652390480041504,0.03476095199584961,0.2636701762676239,128,True,False,False,False
STRAIN_000449,2,TIGHTBLOCK50,5,442,0.9677383303642273,0.032261669635772705,0.2540145516395569,128,True,False,False,False
STRAIN_000450,2,TIGHTBLOCK50,1,42,0.9895910024642944,0.010408997535705566,0.14428484439849854,128,True,False,False,False
STRAIN_000450,2,TIGHTBLOCK50,2,142,0.992597222328186,0.007402777671813965,0.1216779574751854,128,True,False,False,False
STRAIN_000450,2,TIGHTBLOCK50,3,242,0.992794930934906,0.007205069065093994,0.120042584836483,128,True,False,False,False
STRAIN_000450,2,TIGHTBLOCK50,4,342,0.9903943538665771,0.009605646133422852,0.1386057287454605,128,True,False,False,False
STRAIN_000450,2,TIGHTBLOCK50,5,442,0.9909205436706543,0.009079456329345703,0.13475491106510162,128,True,False,False,False
STRAIN_000466,2,TIGHTBLOCK50,1,42,0.9700747132301331,0.029925286769866943,0.2446439117193222,128,True,False,False,False
STRAIN_000466,2,TIGHTBLOCK50,2,142,0.9691861271858215,0.030813872814178467,0.24824921786785126,128,True,False,False,False
STRAIN_000466,2,TIGHTBLOCK50,3,242,0.9683067798614502,0.031693220138549805,0.25176680088043213,128,True,False,False,False
STRAIN_000466,2,TIGHTBLOCK50,4,342,0.9683875441551208,0.03161245584487915,0.25144559144973755,128,True,False,False,False
STRAIN_000466,2,TIGHTBLOCK50,5,442,0.9666051864624023,0.033394813537597656,0.25843706727027893,128,True,False,False,False
STRAIN_000473,2,TIGHTBLOCK50,1,42,0.9854658246040344,0.014534175395965576,0.17049428820610046,128,True,False,False,False
STRAIN_000473,2,TIGHTBLOCK50,2,142,0.9854869842529297,0.014513015747070312,0.17037028074264526,128,True,False,False,False
STRAIN_000473,2,TIGHTBLOCK50,3,242,0.9862594604492188,0.01374053955078125,0.16577458381652832,128,True,False,False,False
STRAIN_000473,2,TIGHTBLOCK50,4,342,0.9864646196365356,0.013535380363464355,0.16453205049037933,128,True,False,False,False
STRAIN_000473,2,TIGHTBLOCK50,5,442,0.9872046709060669,0.012795329093933105,0.15997131168842316,128,True,False,False,False
STRAIN_000474,2,TIGHTBLOCK50,1,42,0.9751690030097961,0.024830996990203857,0.2228502482175827,128,True,False,False,False
STRAIN_000474,2,TIGHTBLOCK50,2,142,0.9733882546424866,0.026611745357513428,0.23070235550403595,128,True,False,False,False
STRAIN_000474,2,TIGHTBLOCK50,3,242,0.9785945415496826,0.021405458450317383,0.20690800249576569,128,True,False,False,False
STRAIN_000474,2,TIGHTBLOCK50,4,342,0.975048303604126,0.024951696395874023,0.22339072823524475,128,True,False,False,False
STRAIN_000474,2,TIGHTBLOCK50,5,442,0.9765421152114868,0.023457884788513184,0.21660080552101135,128,True,False,False,False
STRAIN_000485,2,TIGHTBLOCK50,1,42,0.9885755181312561,0.011424481868743896,0.15115855634212494,128,True,False,False,False
STRAIN_000485,2,TIGHTBLOCK50,2,142,0.9858400821685791,0.014159917831420898,0.16828462481498718,128,True,False,False,False
STRAIN_000485,2,TIGHTBLOCK50,3,242,0.9864921569824219,0.013507843017578125,0.16436459124088287,128,True,False,False,False
STRAIN_000485,2,TIGHTBLOCK50,4,342,0.9864484667778015,0.013551533222198486,0.1646302491426468,128,True,False,False,False
STRAIN_000485,2,TIGHTBLOCK50,5,442,0.9854719042778015,0.014528095722198486,0.17045874893665314,128,True,False,False,False
STRAIN_000491,2,TIGHTBLOCK50,1,42,0.9728072285652161,0.027192771434783936,0.23320706188678741,128,True,False,False,False
STRAIN_000491,2,TIGHTBLOCK50,2,142,0.9636176824569702,0.036382317543029785,0.26974886655807495,128,True,False,False,False
STRAIN_000491,2,TIGHTBLOCK50,3,242,0.9694120287895203,0.030587971210479736,0.24733732640743256,128,True,False,False,False
STRAIN_000491,2,TIGHTBLOCK50,4,342,0.9693125486373901,0.030687451362609863,0.24773986637592316,128,True,False,False,False
STRAIN_000491,2,TIGHTBLOCK50,5,442,0.9664843678474426,0.03351563215255737,0.25890395045280457,128,True,False,False,False
STRAIN_000514,2,TIGHTBLOCK50,1,42,0.9829953908920288,0.01700460910797119,0.18441592156887054,128,True,False,False,False
STRAIN_000514,2,TIGHTBLOCK50,2,142,0.9814863204956055,0.01851367950439453,0.1924249678850174,128,True,False,False,False
STRAIN_000514,2,TIGHTBLOCK50,3,242,0.9831936359405518,0.016806364059448242,0.18333746492862701,128,True,False,False,False
STRAIN_000514,2,TIGHTBLOCK50,4,342,0.9837385416030884,0.01626145839691162,0.1803409308195114,128,True,False,False,False
STRAIN_000514,2,TIGHTBLOCK50,5,442,0.9836889505386353,0.016311049461364746,0.1806153506040573,128,True,False,False,False
STRAIN_000546,2,TIGHTBLOCK50,1,42,0.9863307476043701,0.013669252395629883,0.16534370183944702,128,True,False,False,False
STRAIN_000546,2,TIGHTBLOCK50,2,142,0.9885089993476868,0.011491000652313232,0.15159741044044495,128,True,False,False,False
STRAIN_000546,2,TIGHTBLOCK50,3,242,0.9870131015777588,0.012986898422241211,0.16116391122341156,128,True,False,False,False
STRAIN_000546,2,TIGHTBLOCK50,4,342,0.9856630563735962,0.014336943626403809,0.16933321952819824,128,True,False,False,False
STRAIN_000546,2,TIGHTBLOCK50,5,442,0.9860581755638123,0.013941824436187744,0.1669837385416031,128,True,False,False,False
STRAIN_000551,2,TIGHTBLOCK50,1,42,0.9872670769691467,0.012732923030853271,0.15957988798618317,128,True,False,False,False
STRAIN_000551,2,TIGHTBLOCK50,2,142,0.9870270490646362,0.01297295093536377,0.16107714176177979,128,True,False,False,False
STRAIN_000551,2,TIGHTBLOCK50,3,242,0.9881105422973633,0.011889457702636719,0.15420354902744293,128,True,False,False,False
STRAIN_000551,2,TIGHTBLOCK50,4,342,0.988099217414856,0.011900782585144043,0.15427736937999725,128,True,False,False,False
STRAIN_000551,2,TIGHTBLOCK50,5,442,0.987116813659668,0.012883186340332031,0.16051843762397766,128,True,False,False,False
STRAIN_000553,2,TIGHTBLOCK50,1,42,0.9892544150352478,0.010745584964752197,0.1465984433889389,128,True,False,False,False
STRAIN_000553,2,TIGHTBLOCK50,2,142,0.9855408668518066,0.01445913314819336,0.17005355656147003,128,True,False,False,False
STRAIN_000553,2,TIGHTBLOCK50,3,242,0.9881091117858887,0.011890888214111328,0.15421292185783386,128,True,False,False,False
STRAIN_000553,2,TIGHTBLOCK50,4,342,0.985754668712616,0.014245331287384033,0.16879186034202576,128,True,False,False,False
STRAIN_000553,2,TIGHTBLOCK50,5,442,0.9859960079193115,0.014003992080688477,0.16735580563545227,128,True,False,False,False
STRAIN_000557,2,TIGHTBLOCK50,1,42,0.9918685555458069,0.008131444454193115,0.1275259554386139,128,True,False,False,False
STRAIN_000557,2,TIGHTBLOCK50,2,142,0.9908849596977234,0.009115040302276611,0.1350196897983551,128,True,False,False,False
STRAIN_000557,2,TIGHTBLOCK50,3,242,0.9917744398117065,0.008225560188293457,0.12826265394687653,128,True,False,False,False
STRAIN_000557,2,TIGHTBLOCK50,4,342,0.9892994165420532,0.010700583457946777,0.1462915986776352,128,True,False,False,False
STRAIN_000557,2,TIGHTBLOCK50,5,442,0.9922216534614563,0.007778346538543701,0.12472730129957199,128,True,False,False,False
STRAIN_000558,2,TIGHTBLOCK50,1,42,0.9823302030563354,0.01766979694366455,0.18798820674419403,128,True,False,False,False
STRAIN_000558,2,TIGHTBLOCK50,2,142,0.9821744561195374,0.017825543880462646,0.18881481885910034,128,True,False,False,False
STRAIN_000558,2,TIGHTBLOCK50,3,242,0.983005940914154,0.016994059085845947,0.18435883522033691,128,True,False,False,False
STRAIN_000558,2,TIGHTBLOCK50,4,342,0.9827049970626831,0.017295002937316895,0.1859835833311081,128,True,False,False,False
STRAIN_000558,2,TIGHTBLOCK50,5,442,0.9825302958488464,0.017469704151153564,0.18692098557949066,128,True,False,False,False
STRAIN_000577,2,TIGHTBLOCK50,1,42,0.985867440700531,0.014132559299468994,0.16812251508235931,128,True,False,False,False
STRAIN_000577,2,TIGHTBLOCK50,2,142,0.985325276851654,0.014674723148345947,0.17131701111793518,128,True,False,False,False
STRAIN_000577,2,TIGHTBLOCK50,3,242,0.9856665730476379,0.01433342695236206,0.16931332647800446,128,True,False,False,False
STRAIN_000577,2,TIGHTBLOCK50,4,342,0.9862664937973022,0.013733506202697754,0.16573157906532288,128,True,False,False,False
STRAIN_000577,2,TIGHTBLOCK50,5,442,0.9868974089622498,0.013102591037750244,0.16188035905361176,128,True,False,False,False
STRAIN_000578,2,TIGHTBLOCK50,1,42,0.9836055040359497,0.016394495964050293,0.18107706308364868,128,True,False,False,False
STRAIN_000578,2,TIGHTBLOCK50,2,142,0.9874557256698608,0.01254427433013916,0.1583939790725708,128,True,False,False,False
STRAIN_000578,2,TIGHTBLOCK50,3,242,0.9855284094810486,0.014471590518951416,0.1701270490884781,128,True,False,False,False
STRAIN_000578,2,TIGHTBLOCK50,4,342,0.9886897206306458,0.011310279369354248,0.1504010707139969,128,True,False,False,False
STRAIN_000578,2,TIGHTBLOCK50,5,442,0.9857307076454163,0.01426929235458374,0.1689339131116867,128,True,False,False,False
STRAIN_000582,2,TIGHTBLOCK50,1,42,0.9834308624267578,0.016569137573242188,0.18203935027122498,128,True,False,False,False
STRAIN_000582,2,TIGHTBLOCK50,2,142,0.9853626489639282,0.014637351036071777,0.1710987091064453,128,True,False,False,False
STRAIN_000582,2,TIGHTBLOCK50,3,242,0.9839721918106079,0.01602780818939209,0.17904050648212433,128,True,False,False,False
STRAIN_000582,2,TIGHTBLOCK50,4,342,0.9838284850120544,0.016171514987945557,0.17984186112880707,128,True,False,False,False
STRAIN_000582,2,TIGHTBLOCK50,5,442,0.9832320213317871,0.01676797866821289,0.1831284910440445,128,True,False,False,False
STRAIN_000585,2,TIGHTBLOCK50,1,42,0.9724843502044678,0.027515649795532227,0.23458722233772278,128,True,False,False,False
STRAIN_000585,2,TIGHTBLOCK50,2,142,0.9666200876235962,0.03337991237640381,0.258379191160202,128,True,False,False,False
STRAIN_000585,2,TIGHTBLOCK50,3,242,0.9690914154052734,0.030908584594726562,0.24863044917583466,128,True,False,False,False
STRAIN_000585,2,TIGHTBLOCK50,4,342,0.9658292531967163,0.03417074680328369,0.26142197847366333,128,True,False,False,False
STRAIN_000585,2,TIGHTBLOCK50,5,442,0.9683882594108582,0.031611740589141846,0.2514427602291107,128,True,False,False,False
STRAIN_000587,2,TIGHTBLOCK50,1,42,0.9786544442176819,0.021345555782318115,0.20661811530590057,128,True,False,False,False
STRAIN_000587,2,TIGHTBLOCK50,2,142,0.9806665182113647,0.019333481788635254,0.196639284491539,128,True,False,False,False
STRAIN_000587,2,TIGHTBLOCK50,3,242,0.9791068434715271,0.0208931565284729,0.20441678166389465,128,True,False,False,False
STRAIN_000587,2,TIGHTBLOCK50,4,342,0.9804764986038208,0.0195235013961792,0.19760289788246155,128,True,False,False,False
STRAIN_000587,2,TIGHTBLOCK50,5,442,0.9789637327194214,0.021036267280578613,0.20511579513549805,128,True,False,False,False
STRAIN_000591,2,TIGHTBLOCK50,1,42,0.9849595427513123,0.015040457248687744,0.17343874275684357,128,True,False,False,False
STRAIN_000591,2,TIGHTBLOCK50,2,142,0.9858309030532837,0.014169096946716309,0.168339341878891,128,True,False,False,False
STRAIN_000591,2,TIGHTBLOCK50,3,242,0.9875709414482117,0.01242905855178833,0.15766459703445435,128,True,False,False,False
STRAIN_000591,2,TIGHTBLOCK50,4,342,0.9877700805664062,0.01222991943359375,0.15639609098434448,128,True,False,False,False
STRAIN_000591,2,TIGHTBLOCK50,5,442,0.985641360282898,0.01435863971710205,0.16946180164813995,128,True,False,False,False
STRAIN_000595,2,TIGHTBLOCK50,1,42,0.9780394434928894,0.021960556507110596,0.20957361161708832,128,True,False,False,False
STRAIN_000595,2,TIGHTBLOCK50,2,142,0.9749578833580017,0.02504211664199829,0.22379480302333832,128,True,False,False,False
STRAIN_000595,2,TIGHTBLOCK50,3,242,0.9789264798164368,0.021073520183563232,0.20529711246490479,128,True,False,False,False
STRAIN_000595,2,TIGHTBLOCK50,4,342,0.9786515235900879,0.02134847640991211,0.20663228631019592,128,True,False,False,False
STRAIN_000595,2,TIGHTBLOCK50,5,442,0.9809505343437195,0.019049465656280518,0.1951894611120224,128,True,False,False,False
STRAIN_000596,2,TIGHTBLOCK50,1,42,0.9949907064437866,0.005009293556213379,0.10009246319532394,128,True,False,False,False
STRAIN_000596,2,TIGHTBLOCK50,2,142,0.9959675669670105,0.004032433032989502,0.08980415016412735,128,True,False,False,False
STRAIN_000596,2,TIGHTBLOCK50,3,242,0.9956436157226562,0.00435638427734375,0.09334209561347961,128,True,False,False,False
STRAIN_000596,2,TIGHTBLOCK50,4,342,0.9958118200302124,0.004188179969787598,0.09152261912822723,128,True,False,False,False
STRAIN_000596,2,TIGHTBLOCK50,5,442,0.9953200817108154,0.00467991828918457,0.0967465341091156,128,True,False,False,False
STRAIN_000598,2,TIGHTBLOCK50,1,42,0.9813569784164429,0.01864302158355713,0.1930958777666092,128,True,False,False,False
STRAIN_000598,2,TIGHTBLOCK50,2,142,0.980768084526062,0.01923191547393799,0.1961221545934677,128,True,False,False,False
STRAIN_000598,2,TIGHTBLOCK50,3,242,0.97929447889328,0.02070552110671997,0.20349690318107605,128,True,False,False,False
STRAIN_000598,2,TIGHTBLOCK50,4,342,0.9814490675926208,0.01855093240737915,0.1926186978816986,128,True,False,False,False
STRAIN_000598,2,TIGHTBLOCK50,5,442,0.9803037643432617,0.01969623565673828,0.19847500324249268,128,True,False,False,False
STRAIN_000604,2,TIGHTBLOCK50,1,42,0.9807894229888916,0.0192105770111084,0.1960131824016571,128,True,False,False,False
STRAIN_000604,2,TIGHTBLOCK50,2,142,0.9828317165374756,0.017168283462524414,0.1853010058403015,128,True,False,False,False
STRAIN_000604,2,TIGHTBLOCK50,3,242,0.9812156558036804,0.01878434419631958,0.1938265562057495,128,True,False,False,False
STRAIN_000604,2,TIGHTBLOCK50,4,342,0.9857490062713623,0.014250993728637695,0.16882501542568207,128,True,False,False,False
STRAIN_000604,2,TIGHTBLOCK50,5,442,0.9802775979042053,0.019722402095794678,0.19860735535621643,128,True,False,False,False
STRAIN_000615,2,TIGHTBLOCK50,1,42,0.962033212184906,0.037966787815093994,0.2755606174468994,128,True,False,False,False
STRAIN_000615,2,TIGHTBLOCK50,2,142,0.9619960784912109,0.03800392150878906,0.2756951153278351,128,True,False,False,False
STRAIN_000615,2,TIGHTBLOCK50,3,242,0.9642378091812134,0.03576219081878662,0.2674406170845032,128,True,False,False,False
STRAIN_000615,2,TIGHTBLOCK50,4,342,0.961208701133728,0.03879129886627197,0.2785365581512451,128,True,False,False,False
STRAIN_000615,2,TIGHTBLOCK50,5,442,0.9588284492492676,0.04117155075073242,0.2869548797607422,128,True,False,False,False
STRAIN_000626,2,TIGHTBLOCK50,1,42,0.9779670238494873,0.022032976150512695,0.20991893112659454,128,True,False,False,False
STRAIN_000626,2,TIGHTBLOCK50,2,142,0.9772126078605652,0.022787392139434814,0.2134825736284256,128,True,False,False,False
STRAIN_000626,2,TIGHTBLOCK50,3,242,0.9774077534675598,0.022592246532440186,0.2125665545463562,128,True,False,False,False
STRAIN_000626,2,TIGHTBLOCK50,4,342,0.9754230380058289,0.024576961994171143,0.22170674800872803,128,True,False,False,False
STRAIN_000626,2,TIGHTBLOCK50,5,442,0.9797786474227905,0.020221352577209473,0.20110386610031128,128,True,False,False,False
STRAIN_000627,2,TIGHTBLOCK50,1,42,0.9785484075546265,0.021451592445373535,0.20713096857070923,128,True,False,False,False
STRAIN_000627,2,TIGHTBLOCK50,2,142,0.9755433797836304,0.02445662021636963,0.22116327285766602,128,True,False,False,False
STRAIN_000627,2,TIGHTBLOCK50,3,242,0.983254075050354,0.016745924949645996,0.18300795555114746,128,True,False,False,False
STRAIN_000627,2,TIGHTBLOCK50,4,342,0.9780195951461792,0.0219804048538208,0.2096680998802185,128,True,False,False,False
STRAIN_000627,2,TIGHTBLOCK50,5,442,0.9792451858520508,0.02075481414794922,0.20373888313770294,128,True,False,False,False
STRAIN_000634,2,TIGHTBLOCK50,1,42,0.9717404842376709,0.0282595157623291,0.237737238407135,128,True,False,False,False
STRAIN_000634,2,TIGHTBLOCK50,2,142,0.9667319059371948,0.033268094062805176,0.257946252822876,128,True,False,False,False
STRAIN_000634,2,TIGHTBLOCK50,3,242,0.9727198481559753,0.027280151844024658,0.23358170688152313,128,True,False,False,False
STRAIN_000634,2,TIGHTBLOCK50,4,342,0.9715104699134827,0.028489530086517334,0.23870310187339783,128,True,False,False,False
STRAIN_000634,2,TIGHTBLOCK50,5,442,0.9681146740913391,0.03188532590866089,0.25252848863601685,128,True,False,False,False
STRAIN_000637,2,TIGHTBLOCK50,1,42,0.9697610139846802,0.030238986015319824,0.24592263996601105,128,True,False,False,False
STRAIN_000637,2,TIGHTBLOCK50,2,142,0.9663856029510498,0.033614397048950195,0.25928518176078796,128,True,False,False,False
STRAIN_000637,2,TIGHTBLOCK50,3,242,0.9645679593086243,0.03543204069137573,0.2662031650543213,128,True,False,False,False
STRAIN_000637,2,TIGHTBLOCK50,4,342,0.9693315029144287,0.03066849708557129,0.24766314029693604,128,True,False,False,False
STRAIN_000637,2,TIGHTBLOCK50,5,442,0.9676815271377563,0.03231847286224365,0.2542381286621094,128,True,False,False,False
STRAIN_000639,2,TIGHTBLOCK50,1,42,0.9844937324523926,0.015506267547607422,0.17610383033752441,128,True,False,False,False
STRAIN_000639,2,TIGHTBLOCK50,2,142,0.9824727773666382,0.017527222633361816,0.18722808361053467,128,True,False,False,False
STRAIN_000639,2,TIGHTBLOCK50,3,242,0.9828656315803528,0.017134368419647217,0.18511849641799927,128,True,False,False,False
STRAIN_000639,2,TIGHTBLOCK50,4,342,0.9828205108642578,0.017179489135742188,0.18536178767681122,128,True,False,False,False
STRAIN_000639,2,TIGHTBLOCK50,5,442,0.983063817024231,0.016936182975769043,0.1840444654226303,128,True,False,False,False
STRAIN_000642,2,TIGHTBLOCK50,1,42,0.9898058176040649,0.010194182395935059,0.14278769493103027,128,True,False,False,False
STRAIN_000642,2,TIGHTBLOCK50,2,142,0.9882715940475464,0.011728405952453613,0.15315566956996918,128,True,False,False,False
STRAIN_000642,2,TIGHTBLOCK50,3,242,0.9890729784965515,0.010927021503448486,0.14783088862895966,128,True,False,False,False
STRAIN_000642,2,TIGHTBLOCK50,4,342,0.9894697666168213,0.010530233383178711,0.14512169361114502,128,True,False,False,False
STRAIN_000642,2,TIGHTBLOCK50,5,442,0.9882670640945435,0.011732935905456543,0.1531853973865509,128,True,False,False,False
STRAIN_000643,2,TIGHTBLOCK50,1,42,0.9900323748588562,0.009967625141143799,0.14119184017181396,128,True,False,False,False
STRAIN_000643,2,TIGHTBLOCK50,2,142,0.9895012378692627,0.010498762130737305,0.14490434527397156,128,True,False,False,False
STRAIN_000643,2,TIGHTBLOCK50,3,242,0.9906094074249268,0.009390592575073242,0.13704468309879303,128,True,False,False,False
STRAIN_000643,2,TIGHTBLOCK50,4,342,0.9891613721847534,0.010838627815246582,0.14723171293735504,128,True,False,False,False
STRAIN_000643,2,TIGHTBLOCK50,5,442,0.9874694347381592,0.01253056526184082,0.15830713510513306,128,True,False,False,False
STRAIN_000647,2,TIGHTBLOCK50,1,42,0.9760027527809143,0.023997247219085693,0.2190762311220169,128,True,False,False,False
STRAIN_000647,2,TIGHTBLOCK50,2,142,0.9781757593154907,0.021824240684509277,0.20892176032066345,128,True,False,False,False
STRAIN_000647,2,TIGHTBLOCK50,3,242,0.9815204739570618,0.018479526042938232,0.19224698841571808,128,True,False,False,False
STRAIN_000647,2,TIGHTBLOCK50,4,342,0.9779237508773804,0.02207624912261963,0.21012501418590546,128,True,False,False,False
STRAIN_000647,2,TIGHTBLOCK50,5,442,0.978858232498169,0.021141767501831055,0.20562967658042908,128,True,False,False,False
STRAIN_000651,2,TIGHTBLOCK50,1,42,0.9835100173950195,0.01648998260498047,0.18160396814346313,128,True,False,False,False
STRAIN_000651,2,TIGHTBLOCK50,2,142,0.9827271699905396,0.01727283000946045,0.1858646422624588,128,True,False,False,False
STRAIN_000651,2,TIGHTBLOCK50,3,242,0.9831782579421997,0.016821742057800293,0.18342261016368866,128,True,False,False,False
STRAIN_000651,2,TIGHTBLOCK50,4,342,0.9822251200675964,0.017774879932403564,0.18854638934135437,128,True,False,False,False
STRAIN_000651,2,TIGHTBLOCK50,5,442,0.980363130569458,0.019636869430541992,0.1981760710477829,128,True,False,False,False
STRAIN_000658,2,TIGHTBLOCK50,1,42,0.9648278951644897,0.035172104835510254,0.2652246952056885,128,True,False,False,False
STRAIN_000658,2,TIGHTBLOCK50,2,142,0.9687490463256836,0.031250953674316406,0.25000375509262085,128,True,False,False,False
STRAIN_000658,2,TIGHTBLOCK50,3,242,0.9699482917785645,0.030051708221435547,0.24516014754772186,128,True,False,False,False
STRAIN_000658,2,TIGHTBLOCK50,4,342,0.9627423882484436,0.037257611751556396,0.2729744613170624,128,True,False,False,False
STRAIN_000658,2,TIGHTBLOCK50,5,442,0.966447651386261,0.033552348613739014,0.2590456008911133,128,True,False,False,False
STRAIN_000665,2,TIGHTBLOCK50,1,42,0.985284149646759,0.014715850353240967,0.17155669629573822,128,True,False,False,False
STRAIN_000665,2,TIGHTBLOCK50,2,142,0.983669638633728,0.016330361366271973,0.18072296679019928,128,True,False,False,False
STRAIN_000665,2,TIGHTBLOCK50,3,242,0.9868391752243042,0.0131608247756958,0.16223900020122528,128,True,False,False,False
STRAIN_000665,2,TIGHTBLOCK50,4,342,0.9846928119659424,0.015307188034057617,0.17496992647647858,128,True,False,False,False
STRAIN_000665,2,TIGHTBLOCK50,5,442,0.984972357749939,0.015027642250061035,0.17336469888687134,128,True,False,False,False
STRAIN_000675,2,TIGHTBLOCK50,1,42,0.9833727478981018,0.016627252101898193,0.1823582947254181,128,True,False,False,False
STRAIN_000675,2,TIGHTBLOCK50,2,142,0.9824286103248596,0.01757138967514038,0.18746374547481537,128,True,False,False,False
STRAIN_000675,2,TIGHTBLOCK50,3,242,0.983604907989502,0.016395092010498047,0.18108110129833221,128,True,False,False,False
STRAIN_000675,2,TIGHTBLOCK50,4,342,0.9813583493232727,0.018641650676727295,0.19308865070343018,128,True,False,False,False
STRAIN_000675,2,TIGHTBLOCK50,5,442,0.9797364473342896,0.02026355266571045,0.2013130933046341,128,True,False,False,False
STRAIN_000681,2,TIGHTBLOCK50,1,42,0.9643893241882324,0.03561067581176758,0.2668730914592743,128,True,False,False,False
STRAIN_000681,2,TIGHTBLOCK50,2,142,0.9678971767425537,0.03210282325744629,0.2533884644508362,128,True,False,False,False
STRAIN_000681,2,TIGHTBLOCK50,3,242,0.9663007855415344,0.033699214458465576,0.2596120238304138,128,True,False,False,False
STRAIN_000681,2,TIGHTBLOCK50,4,342,0.9639935493469238,0.03600645065307617,0.2683521509170532,128,True,False,False,False
STRAIN_000681,2,TIGHTBLOCK50,5,442,0.9648199081420898,0.035180091857910156,0.26525476574897766,128,True,False,False,False
STRAIN_000696,2,TIGHTBLOCK50,1,42,0.9628421664237976,0.03715783357620239,0.27260908484458923,128,True,False,False,False
STRAIN_000696,2,TIGHTBLOCK50,2,142,0.9625912308692932,0.03740876913070679,0.27352771162986755,128,True,False,False,False
STRAIN_000696,2,TIGHTBLOCK50,3,242,0.9666742086410522,0.033325791358947754,0.25816959142684937,128,True,False,False,False
STRAIN_000696,2,TIGHTBLOCK50,4,342,0.9676652550697327,0.032334744930267334,0.25430208444595337,128,True,False,False,False
STRAIN_000696,2,TIGHTBLOCK50,5,442,0.9661002159118652,0.033899784088134766,0.26038333773612976,128,True,False,False,False
STRAIN_000702,2,TIGHTBLOCK50,1,42,0.9775781631469727,0.022421836853027344,0.21176345646381378,128,True,False,False,False
STRAIN_000702,2,TIGHTBLOCK50,2,142,0.9817829728126526,0.018217027187347412,0.1908768266439438,128,True,False,False,False
STRAIN_000702,2,TIGHTBLOCK50,3,242,0.9786983728408813,0.021301627159118652,0.20640578866004944,128,True,False,False,False
STRAIN_000702,2,TIGHTBLOCK50,4,342,0.9817978739738464,0.018202126026153564,0.1907990574836731,128,True,False,False,False
STRAIN_000702,2,TIGHTBLOCK50,5,442,0.9781521558761597,0.021847844123840332,0.20903553068637848,128,True,False,False,False
STRAIN_000713,2,TIGHTBLOCK50,1,42,0.9864093065261841,0.013590693473815918,0.1648680716753006,128,True,False,False,False
STRAIN_000713,2,TIGHTBLOCK50,2,142,0.9870067834854126,0.012993216514587402,0.1612030267715454,128,True,False,False,False
STRAIN_000713,2,TIGHTBLOCK50,3,242,0.984049379825592,0.01595062017440796,0.17860886454582214,128,True,False,False,False
STRAIN_000713,2,TIGHTBLOCK50,4,342,0.9848736524581909,0.015126347541809082,0.17393283545970917,128,True,False,False,False
STRAIN_000713,2,TIGHTBLOCK50,5,442,0.9884295463562012,0.011570453643798828,0.15212087333202362,128,True,False,False,False
STRAIN_000719,2,TIGHTBLOCK50,1,42,0.9748750329017639,0.025124967098236084,0.22416487336158752,128,True,False,False,False
STRAIN_000719,2,TIGHTBLOCK50,2,142,0.97246253490448,0.02753746509552002,0.23468007147312164,128,True,False,False,False
STRAIN_000719,2,TIGHTBLOCK50,3,242,0.9679964184761047,0.032003581523895264,0.252996563911438,128,True,False,False,False
STRAIN_000719,2,TIGHTBLOCK50,4,342,0.9700204730033875,0.02997952699661255,0.2448653280735016,128,True,False,False,False
STRAIN_000719,2,TIGHTBLOCK50,5,442,0.9713081121444702,0.028691887855529785,0.23954880237579346,128,True,False,False,False
STRAIN_000728,2,TIGHTBLOCK50,1,42,0.9848470091819763,0.015152990818023682,0.1740865856409073,128,True,False,False,False
STRAIN_000728,2,TIGHTBLOCK50,2,142,0.9842804670333862,0.01571953296661377,0.1773107647895813,128,True,False,False,False
STRAIN_000728,2,TIGHTBLOCK50,3,242,0.9852162003517151,0.014783799648284912,0.17195217311382294,128,True,False,False,False
STRAIN_000728,2,TIGHTBLOCK50,4,342,0.9845095872879028,0.015490412712097168,0.17601367831230164,128,True,False,False,False
STRAIN_000728,2,TIGHTBLOCK50,5,442,0.9883984327316284,0.011601567268371582,0.1523263156414032,128,True,False,False,False
STRAIN_000729,2,TIGHTBLOCK50,1,42,0.9893523454666138,0.01064765453338623,0.14592912793159485,128,True,False,False,False
STRAIN_000729,2,TIGHTBLOCK50,2,142,0.985931396484375,0.014068603515625,0.16774149239063263,128,True,False,False,False
STRAIN_000729,2,TIGHTBLOCK50,3,242,0.986128568649292,0.013871431350708008,0.16656191647052765,128,True,False,False,False
STRAIN_000729,2,TIGHTBLOCK50,4,342,0.9866644740104675,0.01333552598953247,0.16331243515014648,128,True,False,False,False
STRAIN_000729,2,TIGHTBLOCK50,5,442,0.9818599820137024,0.018140017986297607,0.19047340750694275,128,True,False,False,False
STRAIN_000735,2,TIGHTBLOCK50,1,42,0.9696208238601685,0.030379176139831543,0.24649161100387573,128,True,False,False,False
STRAIN_000735,2,TIGHTBLOCK50,2,142,0.973524272441864,0.026475727558135986,0.2301115244626999,128,True,False,False,False
STRAIN_000735,2,TIGHTBLOCK50,3,242,0.970253586769104,0.029746413230895996,0.2439115196466446,128,True,False,False,False
STRAIN_000735,2,TIGHTBLOCK50,4,342,0.975130021572113,0.024869978427886963,0.2230246216058731,128,True,False,False,False
STRAIN_000735,2,TIGHTBLOCK50,5,442,0.9711335301399231,0.028866469860076904,0.24027620255947113,128,True,False,False,False
STRAIN_000737,2,TIGHTBLOCK50,1,42,0.9812646508216858,0.01873534917831421,0.19357427954673767,128,True,False,False,False
STRAIN_000737,2,TIGHTBLOCK50,2,142,0.9828392267227173,0.017160773277282715,0.18526172637939453,128,True,False,False,False
STRAIN_000737,2,TIGHTBLOCK50,3,242,0.9855259656906128,0.014474034309387207,0.17014256119728088,128,True,False,False,False
STRAIN_000737,2,TIGHTBLOCK50,4,342,0.9819526076316833,0.01804739236831665,0.18998652696609497,128,True,False,False,False
STRAIN_000737,2,TIGHTBLOCK50,5,442,0.9779826998710632,0.022017300128936768,0.2098449170589447,128,True,False,False,False
STRAIN_000743,2,TIGHTBLOCK50,1,42,0.9697712063789368,0.030228793621063232,0.2458810955286026,128,True,False,False,False
STRAIN_000743,2,TIGHTBLOCK50,2,142,0.9691730737686157,0.030826926231384277,0.2483019381761551,128,True,False,False,False
STRAIN_000743,2,TIGHTBLOCK50,3,242,0.9720368385314941,0.02796316146850586,0.23648764193058014,128,True,False,False,False
STRAIN_000743,2,TIGHTBLOCK50,4,342,0.9657584428787231,0.034241557121276855,0.2616925835609436,128,True,False,False,False
STRAIN_000743,2,TIGHTBLOCK50,5,442,0.9689439535140991,0.03105604648590088,0.24922223389148712,128,True,False,False,False
STRAIN_000744,2,TIGHTBLOCK50,1,42,0.9652457237243652,0.034754276275634766,0.26364484429359436,128,True,False,False,False
STRAIN_000744,2,TIGHTBLOCK50,2,142,0.9689423441886902,0.031057655811309814,0.2492293268442154,128,True,False,False,False
STRAIN_000744,2,TIGHTBLOCK50,3,242,0.9730062484741211,0.026993751525878906,0.23235206305980682,128,True,False,False,False
STRAIN_000744,2,TIGHTBLOCK50,4,342,0.9690814018249512,0.030918598175048828,0.2486710101366043,128,True,False,False,False
STRAIN_000744,2,TIGHTBLOCK50,5,442,0.9631884098052979,0.03681159019470215,0.27133625745773315,128,True,False,False,False
STRAIN_000745,2,TIGHTBLOCK50,1,42,0.977088212966919,0.022911787033081055,0.2140648365020752,128,True,False,False,False
STRAIN_000745,2,TIGHTBLOCK50,2,142,0.9730954170227051,0.026904582977294922,0.23196838796138763,128,True,False,False,False
STRAIN_000745,2,TIGHTBLOCK50,3,242,0.976262092590332,0.02373790740966797,0.2178894430398941,128,True,False,False,False
STRAIN_000745,2,TIGHTBLOCK50,4,342,0.9752583503723145,0.024741649627685547,0.22244828939437866,128,True,False,False,False
STRAIN_000745,2,TIGHTBLOCK50,5,442,0.9800008535385132,0.019999146461486816,0.19999535381793976,128,True,False,False,False
STRAIN_000756,2,TIGHTBLOCK50,1,42,0.9876625537872314,0.012337446212768555,0.15708206593990326,128,True,False,False,False
STRAIN_000756,2,TIGHTBLOCK50,2,142,0.9878615736961365,0.012138426303863525,0.1558101773262024,128,True,False,False,False
STRAIN_000756,2,TIGHTBLOCK50,3,242,0.9850710034370422,0.014928996562957764,0.17279426753520966,128,True,False,False,False
STRAIN_000756,2,TIGHTBLOCK50,4,342,0.986407458782196,0.013592541217803955,0.16487891972064972,128,True,False,False,False
STRAIN_000756,2,TIGHTBLOCK50,5,442,0.9886559247970581,0.011344075202941895,0.1506257802248001,128,True,False,False,False
STRAIN_000761,2,TIGHTBLOCK50,1,42,0.9926705956459045,0.007329404354095459,0.12107333540916443,128,True,False,False,False
STRAIN_000761,2,TIGHTBLOCK50,2,142,0.9924819469451904,0.00751805305480957,0.12262168526649475,128,True,False,False,False
STRAIN_000761,2,TIGHTBLOCK50,3,242,0.9928173422813416,0.007182657718658447,0.11985559016466141,128,True,False,False,False
STRAIN_000761,2,TIGHTBLOCK50,4,342,0.9928656816482544,0.0071343183517456055,0.11945073306560516,128,True,False,False,False
STRAIN_000761,2,TIGHTBLOCK50,5,442,0.993410587310791,0.006589412689208984,0.1147979274392128,128,True,False,False,False
STRAIN_000762,2,TIGHTBLOCK50,1,42,0.9897960424423218,0.010203957557678223,0.14285697042942047,128,True,False,False,False
STRAIN_000762,2,TIGHTBLOCK50,2,142,0.9914018511772156,0.008598148822784424,0.13113465905189514,128,True,False,False,False
STRAIN_000762,2,TIGHTBLOCK50,3,242,0.9922589063644409,0.007741093635559082,0.12442704290151596,128,True,False,False,False
STRAIN_000762,2,TIGHTBLOCK50,4,342,0.9891986846923828,0.010801315307617188,0.14697879552841187,128,True,False,False,False
STRAIN_000762,2,TIGHTBLOCK50,5,442,0.9894155263900757,0.010584473609924316,0.14549493789672852,128,True,False,False,False
STRAIN_000766,2,TIGHTBLOCK50,1,42,0.996977686882019,0.003022313117980957,0.07774797081947327,128,True,False,False,False
STRAIN_000766,2,TIGHTBLOCK50,2,142,0.9967285990715027,0.0032714009284973145,0.08088842034339905,128,True,False,False,False
STRAIN_000766,2,TIGHTBLOCK50,3,242,0.9980132579803467,0.0019867420196533203,0.06303658336400986,128,True,False,False,False
STRAIN_000766,2,TIGHTBLOCK50,4,342,0.9980753064155579,0.0019246935844421387,0.06204500049352646,128,True,False,False,False
STRAIN_000766,2,TIGHTBLOCK50,5,442,0.9975976943969727,0.0024023056030273438,0.06931523233652115,128,True,False,False,False
STRAIN_000768,2,TIGHTBLOCK50,1,42,0.9849510788917542,0.01504892110824585,0.1734871119260788,128,True,False,False,False
STRAIN_000768,2,TIGHTBLOCK50,2,142,0.9865556955337524,0.013444304466247559,0.1639772653579712,128,True,False,False,False
STRAIN_000768,2,TIGHTBLOCK50,3,242,0.9856584668159485,0.014341533184051514,0.16936028003692627,128,True,False,False,False
STRAIN_000768,2,TIGHTBLOCK50,4,342,0.9859797954559326,0.014020204544067383,0.1674525886774063,128,True,False,False,False
STRAIN_000768,2,TIGHTBLOCK50,5,442,0.988123893737793,0.011876106262207031,0.15411734580993652,128,True,False,False,False
STRAIN_000780,2,TIGHTBLOCK50,1,42,0.9623937010765076,0.03760629892349243,0.2742491662502289,128,True,False,False,False
STRAIN_000780,2,TIGHTBLOCK50,2,142,0.9638543128967285,0.036145687103271484,0.26887047290802,128,True,False,False,False
STRAIN_000780,2,TIGHTBLOCK50,3,242,0.9601836800575256,0.039816319942474365,0.28219255805015564,128,True,False,False,False
STRAIN_000780,2,TIGHTBLOCK50,4,342,0.9618197679519653,0.03818023204803467,0.2763339877128601,128,True,False,False,False
STRAIN_000780,2,TIGHTBLOCK50,5,442,0.9629377126693726,0.03706228733062744,0.2722580134868622,128,True,False,False,False
STRAIN_000783,2,TIGHTBLOCK50,1,42,0.97161865234375,0.02838134765625,0.23824921250343323,128,True,False,False,False
STRAIN_000783,2,TIGHTBLOCK50,2,142,0.9739677906036377,0.026032209396362305,0.22817598283290863,128,True,False,False,False
STRAIN_000783,2,TIGHTBLOCK50,3,242,0.9692221283912659,0.03077787160873413,0.24810415506362915,128,True,False,False,False
STRAIN_000783,2,TIGHTBLOCK50,4,342,0.9673022627830505,0.03269773721694946,0.25572529435157776,128,True,False,False,False
STRAIN_000783,2,TIGHTBLOCK50,5,442,0.9663216471672058,0.03367835283279419,0.2595316171646118,128,True,False,False,False
STRAIN_000785,2,TIGHTBLOCK50,1,42,0.9849891662597656,0.015010833740234375,0.1732676923274994,128,True,False,False,False
STRAIN_000785,2,TIGHTBLOCK50,2,142,0.9827467203140259,0.01725327968597412,0.18575958907604218,128,True,False,False,False
STRAIN_000785,2,TIGHTBLOCK50,3,242,0.9823392033576965,0.017660796642303467,0.1879398226737976,128,True,False,False,False
STRAIN_000785,2,TIGHTBLOCK50,4,342,0.9825999140739441,0.017400085926055908,0.1865481585264206,128,True,False,False,False
STRAIN_000785,2,TIGHTBLOCK50,5,442,0.9803335070610046,0.01966649293899536,0.1983252763748169,128,True,False,False,False
STRAIN_000794,2,TIGHTBLOCK50,1,42,0.9717294573783875,0.02827054262161255,0.2377837747335434,128,True,False,False,False
STRAIN_000794,2,TIGHTBLOCK50,2,142,0.9732319116592407,0.026768088340759277,0.2313791811466217,128,True,False,False,False
STRAIN_000794,2,TIGHTBLOCK50,3,242,0.9725594520568848,0.027440547943115234,0.23426741361618042,128,True,False,False,False
STRAIN_000794,2,TIGHTBLOCK50,4,342,0.9714775681495667,0.02852243185043335,0.2388409823179245,128,True,False,False,False
STRAIN_000794,2,TIGHTBLOCK50,5,442,0.9705681800842285,0.029431819915771484,0.2426183670759201,128,True,False,False,False
STRAIN_000796,2,TIGHTBLOCK50,1,42,0.9811155796051025,0.01888442039489746,0.19434207677841187,128,True,False,False,False
STRAIN_000796,2,TIGHTBLOCK50,2,142,0.98236483335495,0.01763516664505005,0.18780358135700226,128,True,False,False,False
STRAIN_000796,2,TIGHTBLOCK50,3,242,0.9830347895622253,0.016965210437774658,0.18420207500457764,128,True,False,False,False
STRAIN_000796,2,TIGHTBLOCK50,4,342,0.9811276197433472,0.018872380256652832,0.19427995383739471,128,True,False,False,False
STRAIN_000796,2,TIGHTBLOCK50,5,442,0.9799795150756836,0.020020484924316406,0.20010219514369965,128,True,False,False,False
STRAIN_000803,2,TIGHTBLOCK50,1,42,0.981663167476654,0.018336832523345947,0.19150416553020477,128,True,False,False,False
STRAIN_000803,2,TIGHTBLOCK50,2,142,0.9825063943862915,0.017493605613708496,0.1870485246181488,128,True,False,False,False
STRAIN_000803,2,TIGHTBLOCK50,3,242,0.9809171557426453,0.019082844257354736,0.1953597217798233,128,True,False,False,False
STRAIN_000803,2,TIGHTBLOCK50,4,342,0.9838759899139404,0.01612401008605957,0.17957767844200134,128,True,False,False,False
STRAIN_000803,2,TIGHTBLOCK50,5,442,0.9823673963546753,0.017632603645324707,0.18779057264328003,128,True,False,False,False
STRAIN_000806,2,TIGHTBLOCK50,1,42,0.9724453091621399,0.027554690837860107,0.23475345969200134,128,True,False,False,False
STRAIN_000806,2,TIGHTBLOCK50,2,142,0.9688460826873779,0.03115391731262207,0.24961531162261963,128,True,False,False,False
STRAIN_000806,2,TIGHTBLOCK50,3,242,0.9761968851089478,0.023803114891052246,0.21818816661834717,128,True,False,False,False
STRAIN_000806,2,TIGHTBLOCK50,4,342,0.973114013671875,0.026885986328125,0.23188801109790802,128,True,False,False,False
STRAIN_000806,2,TIGHTBLOCK50,5,442,0.9747069478034973,0.025293052196502686,0.2249135822057724,128,True,False,False,False
STRAIN_000812,2,TIGHTBLOCK50,1,42,0.9628138542175293,0.0371861457824707,0.2727130651473999,128,True,False,False,False
STRAIN_000812,2,TIGHTBLOCK50,2,142,0.9687048196792603,0.031295180320739746,0.25018060207366943,128,True,False,False,False
STRAIN_000812,2,TIGHTBLOCK50,3,242,0.9606810808181763,0.03931891918182373,0.2804246246814728,128,True,False,False,False
STRAIN_000812,2,TIGHTBLOCK50,4,342,0.9651749134063721,0.03482508659362793,0.2639130651950836,128,True,False,False,False
STRAIN_000812,2,TIGHTBLOCK50,5,442,0.9738766551017761,0.026123344898223877,0.22857530415058136,128,True,False,False,False
STRAIN_000818,2,TIGHTBLOCK50,1,42,0.9853516817092896,0.01464831829071045,0.17116239666938782,128,True,False,False,False
STRAIN_000818,2,TIGHTBLOCK50,2,142,0.9862873554229736,0.013712644577026367,0.16560587286949158,128,True,False,False,False
STRAIN_000818,2,TIGHTBLOCK50,3,242,0.9877446293830872,0.012255370616912842,0.15655934810638428,128,True,False,False,False
STRAIN_000818,2,TIGHTBLOCK50,4,342,0.9867536425590515,0.013246357440948486,0.16276593506336212,128,True,False,False,False
STRAIN_000818,2,TIGHTBLOCK50,5,442,0.9882267713546753,0.011773228645324707,0.15344832837581635,128,True,False,False,False
STRAIN_000834,2,TIGHTBLOCK50,1,42,0.9903182983398438,0.00968170166015625,0.13915202021598816,128,True,False,False,False
STRAIN_000834,2,TIGHTBLOCK50,2,142,0.99364173412323,0.0063582658767700195,0.11276842653751373,128,True,False,False,False
STRAIN_000834,2,TIGHTBLOCK50,3,242,0.9872879981994629,0.01271200180053711,0.15944887697696686,128,True,False,False,False
STRAIN_000834,2,TIGHTBLOCK50,4,342,0.9903045892715454,0.00969541072845459,0.13925091922283173,128,True,False,False,False
STRAIN_000834,2,TIGHTBLOCK50,5,442,0.9891775846481323,0.010822415351867676,0.14712202548980713,128,True,False,False,False
STRAIN_000840,2,TIGHTBLOCK50,1,42,0.9831888675689697,0.016811132431030273,0.18336331844329834,128,True,False,False,False
STRAIN_000840,2,TIGHTBLOCK50,2,142,0.9812331795692444,0.018766820430755615,0.19373589754104614,128,True,False,False,False
STRAIN_000840,2,TIGHTBLOCK50,3,242,0.9815518260002136,0.018448173999786377,0.19208402931690216,128,True,False,False,False
STRAIN_000840,2,TIGHTBLOCK50,4,342,0.9821491837501526,0.017850816249847412,0.18894855678081512,128,True,False,False,False
STRAIN_000840,2,TIGHTBLOCK50,5,442,0.9813095331192017,0.01869046688079834,0.1933414191007614,128,True,False,False,False
STRAIN_000855,2,TIGHTBLOCK50,1,42,0.9839302897453308,0.01606971025466919,0.17927464842796326,128,True,False,False,False
STRAIN_000855,2,TIGHTBLOCK50,2,142,0.9829213619232178,0.017078638076782227,0.18481695652008057,128,True,False,False,False
STRAIN_000855,2,TIGHTBLOCK50,3,242,0.9864672422409058,0.013532757759094238,0.16451603174209595,128,True,False,False,False
STRAIN_000855,2,TIGHTBLOCK50,4,342,0.9814414978027344,0.018558502197265625,0.1926574856042862,128,True,False,False,False
STRAIN_000855,2,TIGHTBLOCK50,5,442,0.9848419427871704,0.01515805721282959,0.1741153746843338,128,True,False,False,False
STRAIN_000856,2,TIGHTBLOCK50,1,42,0.9951687455177307,0.004831254482269287,0.09829864650964737,128,True,False,False,False
STRAIN_000856,2,TIGHTBLOCK50,2,142,0.9972423315048218,0.0027576684951782227,0.0742650255560875,128,True,False,False,False
STRAIN_000856,2,TIGHTBLOCK50,3,242,0.9949267506599426,0.005073249340057373,0.10072910040616989,128,True,False,False,False
STRAIN_000856,2,TIGHTBLOCK50,4,342,0.9896827340126038,0.01031726598739624,0.14364680647850037,128,True,False,False,False
STRAIN_000856,2,TIGHTBLOCK50,5,442,0.9963454008102417,0.0036545991897583008,0.08549437671899796,128,True,False,False,False
STRAIN_000857,2,TIGHTBLOCK50,1,42,0.9857524037361145,0.014247596263885498,0.1688053458929062,128,True,False,False,False
STRAIN_000857,2,TIGHTBLOCK50,2,142,0.9845267534255981,0.015473246574401855,0.17591626942157745,128,True,False,False,False
STRAIN_000857,2,TIGHTBLOCK50,3,242,0.9845913052558899,0.015408694744110107,0.17554938793182373,128,True,False,False,False
STRAIN_000857,2,TIGHTBLOCK50,4,342,0.9869855046272278,0.013014495372772217,0.16133570671081543,128,True,False,False,False
STRAIN_000857,2,TIGHTBLOCK50,5,442,0.987000584602356,0.012999415397644043,0.1612422615289688,128,True,False,False,False
STRAIN_000859,2,TIGHTBLOCK50,1,42,0.9824636578559875,0.01753634214401245,0.18727725744247437,128,True,False,False,False
STRAIN_000859,2,TIGHTBLOCK50,2,142,0.9849041700363159,0.015095829963684082,0.17375712096691132,128,True,False,False,False
STRAIN_000859,2,TIGHTBLOCK50,3,242,0.9837023615837097,0.016297638416290283,0.18054161965847015,128,True,False,False,False
STRAIN_000859,2,TIGHTBLOCK50,4,342,0.9832180142402649,0.016781985759735107,0.18320493400096893,128,True,False,False,False
STRAIN_000859,2,TIGHTBLOCK50,5,442,0.9839972853660583,0.01600271463394165,0.17890048027038574,128,True,False,False,False
STRAIN_000866,2,TIGHTBLOCK50,1,42,0.9731686115264893,0.026831388473510742,0.23165224492549896,128,True,False,False,False
STRAIN_000866,2,TIGHTBLOCK50,2,142,0.9620600342750549,0.03793996572494507,0.2754633128643036,128,True,False,False,False
STRAIN_000866,2,TIGHTBLOCK50,3,242,0.969768762588501,0.030231237411499023,0.24589143693447113,128,True,False,False,False
STRAIN_000866,2,TIGHTBLOCK50,4,342,0.9713362455368042,0.0286637544631958,0.23943138122558594,128,True,False,False,False
STRAIN_000866,2,TIGHTBLOCK50,5,442,0.9689133167266846,0.03108668327331543,0.2493463009595871,128,True,False,False,False
STRAIN_000869,2,TIGHTBLOCK50,1,42,0.9836519956588745,0.01634800434112549,0.18082036077976227,128,True,False,False,False
STRAIN_000869,2,TIGHTBLOCK50,2,142,0.9847936630249023,0.015206336975097656,0.1743924766778946,128,True,False,False,False
STRAIN_000869,2,TIGHTBLOCK50,3,242,0.9868452548980713,0.013154745101928711,0.16220217943191528,128,True,False,False,False
STRAIN_000869,2,TIGHTBLOCK50,4,342,0.9827394485473633,0.01726055145263672,0.1857987493276596,128,True,False,False,False
STRAIN_000869,2,TIGHTBLOCK50,5,442,0.9854480028152466,0.014551997184753418,0.17059868574142456,128,True,False,False,False
STRAIN_000874,2,TIGHTBLOCK50,1,42,0.9740310907363892,0.02596890926361084,0.22789879143238068,128,True,False,False,False
STRAIN_000874,2,TIGHTBLOCK50,2,142,0.9745006561279297,0.025499343872070312,0.22582900524139404,128,True,False,False,False
STRAIN_000874,2,TIGHTBLOCK50,3,242,0.9710450768470764,0.028954923152923584,0.24064452946186066,128,True,False,False,False
STRAIN_000874,2,TIGHTBLOCK50,4,342,0.974948525428772,0.025051474571228027,0.2238370180130005,128,True,False,False,False
STRAIN_000874,2,TIGHTBLOCK50,5,442,0.9707137942314148,0.029286205768585205,0.24201753735542297,128,True,False,False,False
STRAIN_000881,2,TIGHTBLOCK50,1,42,0.9884529709815979,0.0115470290184021,0.15196681022644043,128,True,False,False,False
STRAIN_000881,2,TIGHTBLOCK50,2,142,0.9915918111801147,0.008408188819885254,0.12967824935913086,128,True,False,False,False
STRAIN_000881,2,TIGHTBLOCK50,3,242,0.9884630441665649,0.011536955833435059,0.15190106630325317,128,True,False,False,False
STRAIN_000881,2,TIGHTBLOCK50,4,342,0.9894671440124512,0.010532855987548828,0.14514081180095673,128,True,False,False,False
STRAIN_000881,2,TIGHTBLOCK50,5,442,0.9905802011489868,0.009419798851013184,0.13725726306438446,128,True,False,False,False
STRAIN_000882,2,TIGHTBLOCK50,1,42,0.983168363571167,0.016831636428833008,0.18347570300102234,128,True,False,False,False
STRAIN_000882,2,TIGHTBLOCK50,2,142,0.9830888509750366,0.01691114902496338,0.18390874564647675,128,True,False,False,False
STRAIN_000882,2,TIGHTBLOCK50,3,242,0.9839364290237427,0.016063570976257324,0.17924071848392487,128,True,False,False,False
STRAIN_000882,2,TIGHTBLOCK50,4,342,0.9825929403305054,0.01740705966949463,0.18658560514450073,128,True,False,False,False
STRAIN_000882,2,TIGHTBLOCK50,5,442,0.9829465746879578,0.017053425312042236,0.1846807897090912,128,True,False,False,False
STRAIN_000883,2,TIGHTBLOCK50,1,42,0.9852069020271301,0.014793097972869873,0.17200623452663422,128,True,False,False,False
STRAIN_000883,2,TIGHTBLOCK50,2,142,0.9870492219924927,0.012950778007507324,0.1609390676021576,128,True,False,False,False
STRAIN_000883,2,TIGHTBLOCK50,3,242,0.9870941042900085,0.012905895709991455,0.16066059470176697,128,True,False,False,False
STRAIN_000883,2,TIGHTBLOCK50,4,342,0.9872991442680359,0.012700855731964111,0.15937834978103638,128,True,False,False,False
STRAIN_000883,2,TIGHTBLOCK50,5,442,0.9862523078918457,0.013747692108154297,0.1658174693584442,128,True,False,False,False
STRAIN_000893,2,TIGHTBLOCK50,1,42,0.9734154939651489,0.026584506034851074,0.23058418929576874,128,True,False,False,False
STRAIN_000893,2,TIGHTBLOCK50,2,142,0.9740789532661438,0.0259210467338562,0.2276887595653534,128,True,False,False,False
STRAIN_000893,2,TIGHTBLOCK50,3,242,0.9738349318504333,0.02616506814956665,0.22875788807868958,128,True,False,False,False
STRAIN_000893,2,TIGHTBLOCK50,4,342,0.9751299023628235,0.024870097637176514,0.2230251133441925,128,True,False,False,False
STRAIN_000893,2,TIGHTBLOCK50,5,442,0.9743358492851257,0.025664150714874268,0.2265571653842926,128,True,False,False,False
STRAIN_000900,2,TIGHTBLOCK50,1,42,0.9648244380950928,0.03517556190490723,0.2652379274368286,128,True,False,False,False
STRAIN_000900,2,TIGHTBLOCK50,2,142,0.9704315066337585,0.029568493366241455,0.243181511759758,128,True,False,False,False
STRAIN_000900,2,TIGHTBLOCK50,3,242,0.9698879718780518,0.030112028121948242,0.24540582299232483,128,True,False,False,False
STRAIN_000900,2,TIGHTBLOCK50,4,342,0.9607285261154175,0.03927147388458252,0.2802552878856659,128,True,False,False,False
STRAIN_000900,2,TIGHTBLOCK50,5,442,0.9682528972625732,0.03174710273742676,0.25198081135749817,128,True,False,False,False
STRAIN_000903,2,TIGHTBLOCK50,1,42,0.9849752187728882,0.015024781227111816,0.1733483076095581,128,True,False,False,False
STRAIN_000903,2,TIGHTBLOCK50,2,142,0.9848819375038147,0.015118062496185303,0.17388534545898438,128,True,False,False,False
STRAIN_000903,2,TIGHTBLOCK50,3,242,0.9814122319221497,0.018587768077850342,0.19280968606472015,128,True,False,False,False
STRAIN_000903,2,TIGHTBLOCK50,4,342,0.9818289875984192,0.01817101240158081,0.19063593447208405,128,True,False,False,False
STRAIN_000903,2,TIGHTBLOCK50,5,442,0.9846315979957581,0.015368402004241943,0.17531941831111908,128,True,False,False,False
STRAIN_000904,2,TIGHTBLOCK50,1,42,0.9844617247581482,0.015538275241851807,0.17628557980060577,128,True,False,False,False
STRAIN_000904,2,TIGHTBLOCK50,2,142,0.9845971465110779,0.01540285348892212,0.17551574110984802,128,True,False,False,False
STRAIN_000904,2,TIGHTBLOCK50,3,242,0.9800384044647217,0.01996159553527832,0.19980768859386444,128,True,False,False,False
STRAIN_000904,2,TIGHTBLOCK50,4,342,0.9831749796867371,0.01682502031326294,0.1834392547607422,128,True,False,False,False
STRAIN_000904,2,TIGHTBLOCK50,5,442,0.9860684275627136,0.013931572437286377,0.16692258417606354,128,True,False,False,False
STRAIN_000905,2,TIGHTBLOCK50,1,42,0.9829165935516357,0.017083406448364258,0.1848427951335907,128,True,False,False,False
STRAIN_000905,2,TIGHTBLOCK50,2,142,0.9842255711555481,0.015774428844451904,0.1776202917098999,128,True,False,False,False
STRAIN_000905,2,TIGHTBLOCK50,3,242,0.986475944519043,0.013524055480957031,0.1644628494977951,128,True,False,False,False
STRAIN_000905,2,TIGHTBLOCK50,4,342,0.9858986139297485,0.014101386070251465,0.16793693602085114,128,True,False,False,False
STRAIN_000905,2,TIGHTBLOCK50,5,442,0.9838651418685913,0.01613485813140869,0.1796376258134842,128,True,False,False,False
STRAIN_000909,2,TIGHTBLOCK50,1,42,0.9838134050369263,0.01618659496307373,0.17992551624774933,128,True,False,False,False
STRAIN_000909,2,TIGHTBLOCK50,2,142,0.9841362237930298,0.015863776206970215,0.17812220752239227,128,True,False,False,False
STRAIN_000909,2,TIGHTBLOCK50,3,242,0.9826143980026245,0.01738560199737549,0.18647021055221558,128,True,False,False,False
STRAIN_000909,2,TIGHTBLOCK50,4,342,0.9831629991531372,0.016837000846862793,0.18350426852703094,128,True,False,False,False
STRAIN_000909,2,TIGHTBLOCK50,5,442,0.983757495880127,0.016242504119873047,0.18023568391799927,128,True,False,False,False
STRAIN_000912,2,TIGHTBLOCK50,1,42,0.9828578233718872,0.017142176628112793,0.18516045808792114,128,True,False,False,False
STRAIN_000912,2,TIGHTBLOCK50,2,142,0.9862622022628784,0.013737797737121582,0.16575787961483002,128,True,False,False,False
STRAIN_000912,2,TIGHTBLOCK50,3,242,0.9807862043380737,0.01921379566192627,0.19602973759174347,128,True,False,False,False
STRAIN_000912,2,TIGHTBLOCK50,4,342,0.982733964920044,0.017266035079956055,0.18582788109779358,128,True,False,False,False
STRAIN_000912,2,TIGHTBLOCK50,5,442,0.9856444001197815,0.014355599880218506,0.16944411396980286,128,True,False,False,False
STRAIN_000919,2,TIGHTBLOCK50,1,42,0.9887809753417969,0.011219024658203125,0.1497930884361267,128,True,False,False,False
STRAIN_000919,2,TIGHTBLOCK50,2,142,0.9852939248085022,0.014706075191497803,0.17149946093559265,128,True,False,False,False
STRAIN_000919,2,TIGHTBLOCK50,3,242,0.9865045547485352,0.013495445251464844,0.16428883373737335,128,True,False,False,False
STRAIN_000919,2,TIGHTBLOCK50,4,342,0.9848336577415466,0.01516634225845337,0.17416265606880188,128,True,False,False,False
STRAIN_000919,2,TIGHTBLOCK50,5,442,0.9855154156684875,0.014484584331512451,0.17020264267921448,128,True,False,False,False
STRAIN_000929,2,TIGHTBLOCK50,1,42,0.9881243109703064,0.011875689029693604,0.15411444008350372,128,True,False,False,False
STRAIN_000929,2,TIGHTBLOCK50,2,142,0.9892140030860901,0.010785996913909912,0.14687302708625793,128,True,False,False,False
STRAIN_000929,2,TIGHTBLOCK50,3,242,0.9870302081108093,0.012969791889190674,0.16105706989765167,128,True,False,False,False
STRAIN_000929,2,TIGHTBLOCK50,4,342,0.9877256155014038,0.012274384498596191,0.1566801369190216,128,True,False,False,False
STRAIN_000929,2,TIGHTBLOCK50,5,442,0.9874187707901001,0.012581229209899902,0.15862706303596497,128,True,False,False,False
STRAIN_000935,2,TIGHTBLOCK50,1,42,0.9822661876678467,0.01773381233215332,0.18832819163799286,128,True,False,False,False
STRAIN_000935,2,TIGHTBLOCK50,2,142,0.9831143617630005,0.01688563823699951,0.18376938998699188,128,True,False,False,False
STRAIN_000935,2,TIGHTBLOCK50,3,242,0.9802834391593933,0.01971656084060669,0.1985776126384735,128,True,False,False,False
STRAIN_000935,2,TIGHTBLOCK50,4,342,0.98189377784729,0.01810622215270996,0.19029511511325836,128,True,False,False,False
STRAIN_000935,2,TIGHTBLOCK50,5,442,0.9826412200927734,0.017358779907226562,0.18632598221302032,128,True,False,False,False
STRAIN_000941,2,TIGHTBLOCK50,1,42,0.9941370487213135,0.0058629512786865234,0.10828661918640137,128,True,False,False,False
STRAIN_000941,2,TIGHTBLOCK50,2,142,0.9955253601074219,0.004474639892578125,0.094599649310112,128,True,False,False,False
STRAIN_000941,2,TIGHTBLOCK50,3,242,0.9935963749885559,0.006403625011444092,0.11316883563995361,128,True,False,False,False
STRAIN_000941,2,TIGHTBLOCK50,4,342,0.995141863822937,0.004858136177062988,0.09857088327407837,128,True,False,False,False
STRAIN_000941,2,TIGHTBLOCK50,5,442,0.9957185983657837,0.004281401634216309,0.09253529459238052,128,True,False,False,False
STRAIN_000942,2,TIGHTBLOCK50,1,42,0.9842984080314636,0.015701591968536377,0.17720912396907806,128,True,False,False,False
STRAIN_000942,2,TIGHTBLOCK50,2,142,0.98299241065979,0.01700758934020996,0.18443161249160767,128,True,False,False,False
STRAIN_000942,2,TIGHTBLOCK50,3,242,0.9824451804161072,0.017554819583892822,0.1873755306005478,128,True,False,False,False
STRAIN_000942,2,TIGHTBLOCK50,4,342,0.9830014109611511,0.016998589038848877,0.184383362531662,128,True,False,False,False
STRAIN_000942,2,TIGHTBLOCK50,5,442,0.9855074286460876,0.014492571353912354,0.17025019228458405,128,True,False,False,False
STRAIN_000951,2,TIGHTBLOCK50,1,42,0.9866558909416199,0.013344109058380127,0.1633647382259369,128,True,False,False,False
STRAIN_000951,2,TIGHTBLOCK50,2,142,0.9864878058433533,0.013512194156646729,0.16439053416252136,128,True,False,False,False
STRAIN_000951,2,TIGHTBLOCK50,3,242,0.9856444597244263,0.01435554027557373,0.169443279504776,128,True,False,False,False
STRAIN_000951,2,TIGHTBLOCK50,4,342,0.9875116348266602,0.012488365173339844,0.15804028511047363,128,True,False,False,False
STRAIN_000951,2,TIGHTBLOCK50,5,442,0.9847102165222168,0.015289783477783203,0.17487038671970367,128,True,False,False,False
STRAIN_000969,2,TIGHTBLOCK50,1,42,0.9959907531738281,0.004009246826171875,0.08954606205224991,128,True,False,False,False
STRAIN_000969,2,TIGHTBLOCK50,2,142,0.9954171180725098,0.004582881927490234,0.09573749452829361,128,True,False,False,False
STRAIN_000969,2,TIGHTBLOCK50,3,242,0.9973345994949341,0.002665400505065918,0.07301192730665207,128,True,False,False,False
STRAIN_000969,2,TIGHTBLOCK50,4,342,0.9962801933288574,0.003719806671142578,0.08625222742557526,128,True,False,False,False
STRAIN_000969,2,TIGHTBLOCK50,5,442,0.9953651428222656,0.004634857177734375,0.09627894312143326,128,True,False,False,False
STRAIN_000976,2,TIGHTBLOCK50,1,42,0.986763596534729,0.013236403465270996,0.16270451247692108,128,True,False,False,False
STRAIN_000976,2,TIGHTBLOCK50,2,142,0.9845657348632812,0.01543426513671875,0.17569397389888763,128,True,False,False,False
STRAIN_000976,2,TIGHTBLOCK50,3,242,0.9856595993041992,0.014340400695800781,0.1693541407585144,128,True,False,False,False
STRAIN_000976,2,TIGHTBLOCK50,4,342,0.9837650656700134,0.016234934329986572,0.1801944226026535,128,True,False,False,False
STRAIN_000976,2,TIGHTBLOCK50,5,442,0.9851033091545105,0.014896690845489502,0.1726074516773224,128,True,False,False,False
STRAIN_000977,2,TIGHTBLOCK50,1,42,0.9810910820960999,0.018908917903900146,0.19446782767772675,128,True,False,False,False
STRAIN_000977,2,TIGHTBLOCK50,2,142,0.9809056520462036,0.019094347953796387,0.19541950523853302,128,True,False,False,False
STRAIN_000977,2,TIGHTBLOCK50,3,242,0.9819279313087463,0.018072068691253662,0.1901160329580307,128,True,False,False,False
STRAIN_000977,2,TIGHTBLOCK50,4,342,0.9817943572998047,0.018205642700195312,0.19081708788871765,128,True,False,False,False
STRAIN_000977,2,TIGHTBLOCK50,5,442,0.980932354927063,0.01906764507293701,0.1952826827764511,128,True,False,False,False
STRAIN_000979,2,TIGHTBLOCK50,1,42,0.990871250629425,0.009128749370574951,0.135120689868927,128,True,False,False,False
STRAIN_000979,2,TIGHTBLOCK50,2,142,0.9921185970306396,0.007881402969360352,0.12554976344108582,128,True,False,False,False
STRAIN_000979,2,TIGHTBLOCK50,3,242,0.9931786060333252,0.006821393966674805,0.11680218577384949,128,True,False,False,False
STRAIN_000979,2,TIGHTBLOCK50,4,342,0.9858220815658569,0.014177918434143066,0.16839222609996796,128,True,False,False,False
STRAIN_000979,2,TIGHTBLOCK50,5,442,0.9930101633071899,0.006989836692810059,0.11823485791683197,128,True,False,False,False
STRAIN_000995,2,TIGHTBLOCK50,1,42,0.9623183012008667,0.0376816987991333,0.2745237946510315,128,True,False,False,False
STRAIN_000995,2,TIGHTBLOCK50,2,142,0.9741294384002686,0.025870561599731445,0.2274666130542755,128,True,False,False,False
STRAIN_000995,2,TIGHTBLOCK50,3,242,0.9625768661499023,0.037423133850097656,0.2735801041126251,128,True,False,False,False
STRAIN_000995,2,TIGHTBLOCK50,4,342,0.9749315977096558,0.02506840229034424,0.22391222417354584,128,True,False,False,False
STRAIN_000995,2,TIGHTBLOCK50,5,442,0.9681046605110168,0.031895339488983154,0.25256791710853577,128,True,False,False,False
STRAIN_001015,2,TIGHTBLOCK50,1,42,0.9968314170837402,0.0031685829162597656,0.07960677891969681,128,True,False,False,False
STRAIN_001015,2,TIGHTBLOCK50,2,142,0.9970060586929321,0.002993941307067871,0.0773816779255867,128,True,False,False,False
STRAIN_001015,2,TIGHTBLOCK50,3,242,0.9955568909645081,0.004443109035491943,0.09426705539226532,128,True,False,False,False
STRAIN_001015,2,TIGHTBLOCK50,4,342,0.9967590570449829,0.00324094295501709,0.08051064610481262,128,True,False,False,False
STRAIN_001015,2,TIGHTBLOCK50,5,442,0.996731162071228,0.0032688379287719727,0.0808560773730278,128,True,False,False,False
