strain_entity_id,outer_fold,control_type,replicate,seed,cosine_true_control,embedding_displacement,l2_distance,embedding_dimension,fold_matched_encoder,phenotype_labels_used,encoder_retrained,encoder_finetuned
STRAIN_000006,5,LOCAL_W10,1,42,0.9498656988143921,0.05013430118560791,0.316651850938797,128,True,False,False,False
STRAIN_000006,5,LOCAL_W10,2,142,0.9309605360031128,0.06903946399688721,0.3715894818305969,128,True,False,False,False
STRAIN_000006,5,LOCAL_W10,3,242,0.9392809867858887,0.06071901321411133,0.3484792411327362,128,True,False,False,False
STRAIN_000006,5,LOCAL_W10,4,342,0.9338884353637695,0.06611156463623047,0.3636249005794525,128,True,False,False,False
STRAIN_000006,5,LOCAL_W10,5,442,0.9451266527175903,0.05487334728240967,0.33128029108047485,128,True,False,False,False
STRAIN_000007,5,LOCAL_W10,1,42,0.9441717863082886,0.055828213691711426,0.33415040373802185,128,True,False,False,False
STRAIN_000007,5,LOCAL_W10,2,142,0.9505166411399841,0.04948335886001587,0.31458956003189087,128,True,False,False,False
STRAIN_000007,5,LOCAL_W10,3,242,0.9511040449142456,0.048895955085754395,0.31271713972091675,128,True,False,False,False
STRAIN_000007,5,LOCAL_W10,4,342,0.9462061524391174,0.05379384756088257,0.3280056118965149,128,True,False,False,False
STRAIN_000007,5,LOCAL_W10,5,442,0.947708249092102,0.05229175090789795,0.32339388132095337,128,True,False,False,False
STRAIN_000008,5,LOCAL_W10,1,42,0.9464398622512817,0.05356013774871826,0.32729244232177734,128,True,False,False,False
STRAIN_000008,5,LOCAL_W10,2,142,0.9482126235961914,0.051787376403808594,0.32183006405830383,128,True,False,False,False
STRAIN_000008,5,LOCAL_W10,3,242,0.9468259811401367,0.05317401885986328,0.3261101245880127,128,True,False,False,False
STRAIN_000008,5,LOCAL_W10,4,342,0.9520048499107361,0.047995150089263916,0.3098226487636566,128,True,False,False,False
STRAIN_000008,5,LOCAL_W10,5,442,0.9409593939781189,0.059040606021881104,0.34362924098968506,128,True,False,False,False
STRAIN_000009,5,LOCAL_W10,1,42,0.9607691764831543,0.0392308235168457,0.2801101803779602,128,True,False,False,False
STRAIN_000009,5,LOCAL_W10,2,142,0.9537253379821777,0.046274662017822266,0.3042192757129669,128,True,False,False,False
STRAIN_000009,5,LOCAL_W10,3,242,0.9411429762840271,0.0588570237159729,0.34309491515159607,128,True,False,False,False
STRAIN_000009,5,LOCAL_W10,4,342,0.943067193031311,0.056932806968688965,0.33743998408317566,128,True,False,False,False
STRAIN_000009,5,LOCAL_W10,5,442,0.9479494690895081,0.05205053091049194,0.3226471245288849,128,True,False,False,False
STRAIN_000010,5,LOCAL_W10,1,42,0.9491325616836548,0.050867438316345215,0.31895914673805237,128,True,False,False,False
STRAIN_000010,5,LOCAL_W10,2,142,0.952587366104126,0.04741263389587402,0.3079370856285095,128,True,False,False,False
STRAIN_000010,5,LOCAL_W10,3,242,0.9474366307258606,0.052563369274139404,0.32423263788223267,128,True,False,False,False
STRAIN_000010,5,LOCAL_W10,4,342,0.9419976472854614,0.058002352714538574,0.3405945897102356,128,True,False,False,False
STRAIN_000010,5,LOCAL_W10,5,442,0.9535674452781677,0.046432554721832275,0.30473780632019043,128,True,False,False,False
STRAIN_000011,5,LOCAL_W10,1,42,0.945317268371582,0.05468273162841797,0.3307042121887207,128,True,False,False,False
STRAIN_000011,5,LOCAL_W10,2,142,0.9381546974182129,0.06184530258178711,0.3516967296600342,128,True,False,False,False
STRAIN_000011,5,LOCAL_W10,3,242,0.9309731721878052,0.06902682781219482,0.3715555965900421,128,True,False,False,False
STRAIN_000011,5,LOCAL_W10,4,342,0.9467035531997681,0.053296446800231934,0.32648563385009766,128,True,False,False,False
STRAIN_000011,5,LOCAL_W10,5,442,0.9432405233383179,0.05675947666168213,0.33692580461502075,128,True,False,False,False
STRAIN_000018,5,LOCAL_W10,1,42,0.954796552658081,0.045203447341918945,0.300677090883255,128,True,False,False,False
STRAIN_000018,5,LOCAL_W10,2,142,0.9495561122894287,0.05044388771057129,0.3176279664039612,128,True,False,False,False
STRAIN_000018,5,LOCAL_W10,3,242,0.9555782675743103,0.0444217324256897,0.29806599020957947,128,True,False,False,False
STRAIN_000018,5,LOCAL_W10,4,342,0.9560983180999756,0.043901681900024414,0.29631587862968445,128,True,False,False,False
STRAIN_000018,5,LOCAL_W10,5,442,0.9507640600204468,0.04923593997955322,0.3138020932674408,128,True,False,False,False
STRAIN_000019,5,LOCAL_W10,1,42,0.9485762119293213,0.05142378807067871,0.32069841027259827,128,True,False,False,False
STRAIN_000019,5,LOCAL_W10,2,142,0.9424665570259094,0.057533442974090576,0.33921483159065247,128,True,False,False,False
STRAIN_000019,5,LOCAL_W10,3,242,0.9510294795036316,0.04897052049636841,0.3129550814628601,128,True,False,False,False
STRAIN_000019,5,LOCAL_W10,4,342,0.9428994059562683,0.05710059404373169,0.3379366099834442,128,True,False,False,False
STRAIN_000019,5,LOCAL_W10,5,442,0.9332936406135559,0.06670635938644409,0.36525723338127136,128,True,False,False,False
STRAIN_000020,5,LOCAL_W10,1,42,0.954910933971405,0.04508906602859497,0.30029672384262085,128,True,False,False,False
STRAIN_000020,5,LOCAL_W10,2,142,0.9475711584091187,0.05242884159088135,0.32381710410118103,128,True,False,False,False
STRAIN_000020,5,LOCAL_W10,3,242,0.944823145866394,0.05517685413360596,0.3321951627731323,128,True,False,False,False
STRAIN_000020,5,LOCAL_W10,4,342,0.9435880184173584,0.0564119815826416,0.3358927369117737,128,True,False,False,False
STRAIN_000020,5,LOCAL_W10,5,442,0.9455641508102417,0.0544358491897583,0.32995688915252686,128,True,False,False,False
STRAIN_000021,5,LOCAL_W10,1,42,0.9453343749046326,0.05466562509536743,0.33065277338027954,128,True,False,False,False
STRAIN_000021,5,LOCAL_W10,2,142,0.9683356881141663,0.03166431188583374,0.25165197253227234,128,True,False,False,False
STRAIN_000021,5,LOCAL_W10,3,242,0.9491052031517029,0.05089479684829712,0.31904473900794983,128,True,False,False,False
STRAIN_000021,5,LOCAL_W10,4,342,0.9468237161636353,0.053176283836364746,0.32611721754074097,128,True,False,False,False
STRAIN_000021,5,LOCAL_W10,5,442,0.9571650624275208,0.04283493757247925,0.2926942706108093,128,True,False,False,False
STRAIN_000023,5,LOCAL_W10,1,42,0.9284447431564331,0.0715552568435669,0.3782995343208313,128,True,False,False,False
STRAIN_000023,5,LOCAL_W10,2,142,0.9341497421264648,0.06585025787353516,0.3629055321216583,128,True,False,False,False
STRAIN_000023,5,LOCAL_W10,3,242,0.9238345623016357,0.07616543769836426,0.3902958631515503,128,True,False,False,False
STRAIN_000023,5,LOCAL_W10,4,342,0.929354190826416,0.07064580917358398,0.37588784098625183,128,True,False,False,False
STRAIN_000023,5,LOCAL_W10,5,442,0.9266765117645264,0.07332348823547363,0.3829450309276581,128,True,False,False,False
STRAIN_000024,5,LOCAL_W10,1,42,0.9475551843643188,0.05244481563568115,0.32386669516563416,128,True,False,False,False
STRAIN_000024,5,LOCAL_W10,2,142,0.9478437900543213,0.05215620994567871,0.32297462224960327,128,True,False,False,False
STRAIN_000024,5,LOCAL_W10,3,242,0.9502297043800354,0.0497702956199646,0.3155007064342499,128,True,False,False,False
STRAIN_000024,5,LOCAL_W10,4,342,0.9416754245758057,0.058324575424194336,0.3415394425392151,128,True,False,False,False
STRAIN_000024,5,LOCAL_W10,5,442,0.9507221579551697,0.04927784204483032,0.31393590569496155,128,True,False,False,False
STRAIN_000036,5,LOCAL_W10,1,42,0.9330639839172363,0.06693601608276367,0.36588525772094727,128,True,False,False,False
STRAIN_000036,5,LOCAL_W10,2,142,0.9406698346138,0.05933016538619995,0.3444710075855255,128,True,False,False,False
STRAIN_000036,5,LOCAL_W10,3,242,0.9376869201660156,0.062313079833984375,0.35302406549453735,128,True,False,False,False
STRAIN_000036,5,LOCAL_W10,4,342,0.9333688020706177,0.06663119792938232,0.3650510311126709,128,True,False,False,False
STRAIN_000036,5,LOCAL_W10,5,442,0.9318642616271973,0.06813573837280273,0.3691493570804596,128,True,False,False,False
STRAIN_000038,5,LOCAL_W10,1,42,0.9250515103340149,0.07494848966598511,0.3871651887893677,128,True,False,False,False
STRAIN_000038,5,LOCAL_W10,2,142,0.9276171326637268,0.0723828673362732,0.38048073649406433,128,True,False,False,False
STRAIN_000038,5,LOCAL_W10,3,242,0.9191116094589233,0.08088839054107666,0.4022149443626404,128,True,False,False,False
STRAIN_000038,5,LOCAL_W10,4,342,0.9312638640403748,0.06873613595962524,0.37077248096466064,128,True,False,False,False
STRAIN_000038,5,LOCAL_W10,5,442,0.9202579259872437,0.07974207401275635,0.3993546962738037,128,True,False,False,False
STRAIN_000039,5,LOCAL_W10,1,42,0.9373192191123962,0.06268078088760376,0.35406431555747986,128,True,False,False,False
STRAIN_000039,5,LOCAL_W10,2,142,0.931365966796875,0.068634033203125,0.3704969584941864,128,True,False,False,False
STRAIN_000039,5,LOCAL_W10,3,242,0.9352315664291382,0.06476843357086182,0.35991227626800537,128,True,False,False,False
STRAIN_000039,5,LOCAL_W10,4,342,0.9310793876647949,0.06892061233520508,0.3712698519229889,128,True,False,False,False
STRAIN_000039,5,LOCAL_W10,5,442,0.9308078289031982,0.06919217109680176,0.372000515460968,128,True,False,False,False
STRAIN_000041,5,LOCAL_W10,1,42,0.9258542060852051,0.07414579391479492,0.38508641719818115,128,True,False,False,False
STRAIN_000041,5,LOCAL_W10,2,142,0.9398021697998047,0.06019783020019531,0.3469809293746948,128,True,False,False,False
STRAIN_000041,5,LOCAL_W10,3,242,0.9410240054130554,0.05897599458694458,0.3434414267539978,128,True,False,False,False
STRAIN_000041,5,LOCAL_W10,4,342,0.9327656626701355,0.0672343373298645,0.3666996359825134,128,True,False,False,False
STRAIN_000041,5,LOCAL_W10,5,442,0.9309300184249878,0.06906998157501221,0.3716716766357422,128,True,False,False,False
STRAIN_000042,5,LOCAL_W10,1,42,0.9377881288528442,0.06221187114715576,0.35273757576942444,128,True,False,False,False
STRAIN_000042,5,LOCAL_W10,2,142,0.9322167038917542,0.06778329610824585,0.36819377541542053,128,True,False,False,False
STRAIN_000042,5,LOCAL_W10,3,242,0.9357857704162598,0.06421422958374023,0.35836920142173767,128,True,False,False,False
STRAIN_000042,5,LOCAL_W10,4,342,0.924774169921875,0.075225830078125,0.3878808617591858,128,True,False,False,False
STRAIN_000042,5,LOCAL_W10,5,442,0.930184006690979,0.069815993309021,0.37367376685142517,128,True,False,False,False
STRAIN_000056,5,LOCAL_W10,1,42,0.9308147430419922,0.06918525695800781,0.37198182940483093,128,True,False,False,False
STRAIN_000056,5,LOCAL_W10,2,142,0.9208261966705322,0.07917380332946777,0.397928923368454,128,True,False,False,False
STRAIN_000056,5,LOCAL_W10,3,242,0.9226943850517273,0.0773056149482727,0.3932061493396759,128,True,False,False,False
STRAIN_000056,5,LOCAL_W10,4,342,0.94146728515625,0.05853271484375,0.3421483635902405,128,True,False,False,False
STRAIN_000056,5,LOCAL_W10,5,442,0.9392542839050293,0.0607457160949707,0.34855616092681885,128,True,False,False,False
STRAIN_000057,5,LOCAL_W10,1,42,0.937017560005188,0.06298243999481201,0.3549151122570038,128,True,False,False,False
STRAIN_000057,5,LOCAL_W10,2,142,0.9438552856445312,0.05614471435546875,0.3350963592529297,128,True,False,False,False
STRAIN_000057,5,LOCAL_W10,3,242,0.9457918405532837,0.05420815944671631,0.3292664587497711,128,True,False,False,False
STRAIN_000057,5,LOCAL_W10,4,342,0.9381571412086487,0.06184285879135132,0.3516896963119507,128,True,False,False,False
STRAIN_000057,5,LOCAL_W10,5,442,0.9383266568183899,0.06167334318161011,0.3512077033519745,128,True,False,False,False
STRAIN_000062,5,LOCAL_W10,1,42,0.9312509894371033,0.06874901056289673,0.37080714106559753,128,True,False,False,False
STRAIN_000062,5,LOCAL_W10,2,142,0.9359645247459412,0.06403547525405884,0.3578700125217438,128,True,False,False,False
STRAIN_000062,5,LOCAL_W10,3,242,0.9326877593994141,0.06731224060058594,0.3669121563434601,128,True,False,False,False
STRAIN_000062,5,LOCAL_W10,4,342,0.9260749816894531,0.07392501831054688,0.3845125734806061,128,True,False,False,False
STRAIN_000062,5,LOCAL_W10,5,442,0.9422765374183655,0.05772346258163452,0.3397749364376068,128,True,False,False,False
STRAIN_000064,5,LOCAL_W10,1,42,0.9536686539649963,0.04633134603500366,0.3044056296348572,128,True,False,False,False
STRAIN_000064,5,LOCAL_W10,2,142,0.9557876586914062,0.04421234130859375,0.2973628342151642,128,True,False,False,False
STRAIN_000064,5,LOCAL_W10,3,242,0.9480769634246826,0.05192303657531738,0.32225164771080017,128,True,False,False,False
STRAIN_000064,5,LOCAL_W10,4,342,0.9511361122131348,0.048863887786865234,0.3126145005226135,128,True,False,False,False
STRAIN_000064,5,LOCAL_W10,5,442,0.9489923715591431,0.051007628440856934,0.31939876079559326,128,True,False,False,False
STRAIN_000072,5,LOCAL_W10,1,42,0.9490853548049927,0.050914645195007324,0.3191070556640625,128,True,False,False,False
STRAIN_000072,5,LOCAL_W10,2,142,0.9550839066505432,0.04491609334945679,0.29972022771835327,128,True,False,False,False
STRAIN_000072,5,LOCAL_W10,3,242,0.9519909620285034,0.04800903797149658,0.3098677396774292,128,True,False,False,False
STRAIN_000072,5,LOCAL_W10,4,342,0.9607070684432983,0.03929293155670166,0.28033167123794556,128,True,False,False,False
STRAIN_000072,5,LOCAL_W10,5,442,0.9526022672653198,0.047397732734680176,0.3078886866569519,128,True,False,False,False
STRAIN_000079,5,LOCAL_W10,1,42,0.9136976003646851,0.08630239963531494,0.41545727849006653,128,True,False,False,False
STRAIN_000079,5,LOCAL_W10,2,142,0.9324159622192383,0.06758403778076172,0.36765211820602417,128,True,False,False,False
STRAIN_000079,5,LOCAL_W10,3,242,0.9314119815826416,0.0685880184173584,0.37037283182144165,128,True,False,False,False
STRAIN_000079,5,LOCAL_W10,4,342,0.9367632865905762,0.06323671340942383,0.3556312918663025,128,True,False,False,False
STRAIN_000079,5,LOCAL_W10,5,442,0.9192098379135132,0.08079016208648682,0.40197062492370605,128,True,False,False,False
STRAIN_000081,5,LOCAL_W10,1,42,0.9551712274551392,0.04482877254486084,0.299428790807724,128,True,False,False,False
STRAIN_000081,5,LOCAL_W10,2,142,0.95899498462677,0.04100501537322998,0.2863740026950836,128,True,False,False,False
STRAIN_000081,5,LOCAL_W10,3,242,0.9508216381072998,0.049178361892700195,0.3136189579963684,128,True,False,False,False
STRAIN_000081,5,LOCAL_W10,4,342,0.9578078985214233,0.04219210147857666,0.29048952460289,128,True,False,False,False
STRAIN_000081,5,LOCAL_W10,5,442,0.9313797950744629,0.06862020492553711,0.3704599142074585,128,True,False,False,False
STRAIN_000086,5,LOCAL_W10,1,42,0.9485774040222168,0.0514225959777832,0.3206949532032013,128,True,False,False,False
STRAIN_000086,5,LOCAL_W10,2,142,0.9403238892555237,0.05967611074447632,0.3454740643501282,128,True,False,False,False
STRAIN_000086,5,LOCAL_W10,3,242,0.9596101641654968,0.040389835834503174,0.2842177450656891,128,True,False,False,False
STRAIN_000086,5,LOCAL_W10,4,342,0.9477007389068604,0.05229926109313965,0.3234172463417053,128,True,False,False,False
STRAIN_000086,5,LOCAL_W10,5,442,0.9359656572341919,0.0640343427658081,0.357867032289505,128,True,False,False,False
STRAIN_000091,5,LOCAL_W10,1,42,0.9298901557922363,0.07010984420776367,0.37445932626724243,128,True,False,False,False
STRAIN_000091,5,LOCAL_W10,2,142,0.9342101216316223,0.06578987836837769,0.362739235162735,128,True,False,False,False
STRAIN_000091,5,LOCAL_W10,3,242,0.9371690154075623,0.06283098459243774,0.3544885218143463,128,True,False,False,False
STRAIN_000091,5,LOCAL_W10,4,342,0.9300966262817383,0.06990337371826172,0.3739073574542999,128,True,False,False,False
STRAIN_000091,5,LOCAL_W10,5,442,0.9386833310127258,0.06131666898727417,0.3501904606819153,128,True,False,False,False
STRAIN_000092,5,LOCAL_W10,1,42,0.9332300424575806,0.06676995754241943,0.36543136835098267,128,True,False,False,False
STRAIN_000092,5,LOCAL_W10,2,142,0.9359476566314697,0.06405234336853027,0.3579173684120178,128,True,False,False,False
STRAIN_000092,5,LOCAL_W10,3,242,0.9291535019874573,0.07084649801254272,0.376421183347702,128,True,False,False,False
STRAIN_000092,5,LOCAL_W10,4,342,0.9354177117347717,0.06458228826522827,0.359394907951355,128,True,False,False,False
STRAIN_000092,5,LOCAL_W10,5,442,0.931939423084259,0.06806057691574097,0.3689461648464203,128,True,False,False,False
STRAIN_000096,5,LOCAL_W10,1,42,0.9479586482048035,0.05204135179519653,0.3226185142993927,128,True,False,False,False
STRAIN_000096,5,LOCAL_W10,2,142,0.9397804737091064,0.060219526290893555,0.34704309701919556,128,True,False,False,False
STRAIN_000096,5,LOCAL_W10,3,242,0.9439574480056763,0.05604255199432373,0.33479103446006775,128,True,False,False,False
STRAIN_000096,5,LOCAL_W10,4,342,0.9371072053909302,0.06289279460906982,0.35466286540031433,128,True,False,False,False
STRAIN_000096,5,LOCAL_W10,5,442,0.9392567873001099,0.06074321269989014,0.3485487997531891,128,True,False,False,False
STRAIN_000102,5,LOCAL_W10,1,42,0.9451881647109985,0.054811835289001465,0.3310946226119995,128,True,False,False,False
STRAIN_000102,5,LOCAL_W10,2,142,0.9366277456283569,0.06337225437164307,0.35601210594177246,128,True,False,False,False
STRAIN_000102,5,LOCAL_W10,3,242,0.9485741853713989,0.051425814628601074,0.3207051157951355,128,True,False,False,False
STRAIN_000102,5,LOCAL_W10,4,342,0.9456996321678162,0.05430036783218384,0.32954642176628113,128,True,False,False,False
STRAIN_000102,5,LOCAL_W10,5,442,0.9435231685638428,0.05647683143615723,0.3360859751701355,128,True,False,False,False
STRAIN_000105,5,LOCAL_W10,1,42,0.9436607360839844,0.056339263916015625,0.3356761932373047,128,True,False,False,False
STRAIN_000105,5,LOCAL_W10,2,142,0.9457002282142639,0.054299771785736084,0.3295444846153259,128,True,False,False,False
STRAIN_000105,5,LOCAL_W10,3,242,0.9443866014480591,0.05561339855194092,0.33350691199302673,128,True,False,False,False
STRAIN_000105,5,LOCAL_W10,4,342,0.9457247853279114,0.05427521467208862,0.329470157623291,128,True,False,False,False
STRAIN_000105,5,LOCAL_W10,5,442,0.9456734657287598,0.054326534271240234,0.3296259045600891,128,True,False,False,False
STRAIN_000111,5,LOCAL_W10,1,42,0.9580247402191162,0.04197525978088379,0.28974223136901855,128,True,False,False,False
STRAIN_000111,5,LOCAL_W10,2,142,0.9618650674819946,0.03813493251800537,0.2761702239513397,128,True,False,False,False
STRAIN_000111,5,LOCAL_W10,3,242,0.9622618556022644,0.037738144397735596,0.27472984790802,128,True,False,False,False
STRAIN_000111,5,LOCAL_W10,4,342,0.957951545715332,0.04204845428466797,0.2899951636791229,128,True,False,False,False
STRAIN_000111,5,LOCAL_W10,5,442,0.9635724425315857,0.03642755746841431,0.2699168026447296,128,True,False,False,False
STRAIN_000116,5,LOCAL_W10,1,42,0.9656378626823425,0.03436213731765747,0.262153297662735,128,True,False,False,False
STRAIN_000116,5,LOCAL_W10,2,142,0.9606173038482666,0.0393826961517334,0.2806517481803894,128,True,False,False,False
STRAIN_000116,5,LOCAL_W10,3,242,0.958747148513794,0.041252851486206055,0.2872381806373596,128,True,False,False,False
STRAIN_000116,5,LOCAL_W10,4,342,0.9589533805847168,0.0410466194152832,0.2865191102027893,128,True,False,False,False
STRAIN_000116,5,LOCAL_W10,5,442,0.9601304531097412,0.03986954689025879,0.282381147146225,128,True,False,False,False
STRAIN_000117,5,LOCAL_W10,1,42,0.9840826988220215,0.015917301177978516,0.17842285335063934,128,True,False,False,False
STRAIN_000117,5,LOCAL_W10,2,142,0.9852811098098755,0.014718890190124512,0.17157451808452606,128,True,False,False,False
STRAIN_000117,5,LOCAL_W10,3,242,0.9847672581672668,0.015232741832733154,0.1745438277721405,128,True,False,False,False
STRAIN_000117,5,LOCAL_W10,4,342,0.9856117963790894,0.014388203620910645,0.1696363240480423,128,True,False,False,False
STRAIN_000117,5,LOCAL_W10,5,442,0.985257089138031,0.014742910861968994,0.1717144101858139,128,True,False,False,False
STRAIN_000135,5,LOCAL_W10,1,42,0.9427322745323181,0.057267725467681885,0.33843058347702026,128,True,False,False,False
STRAIN_000135,5,LOCAL_W10,2,142,0.9378534555435181,0.062146544456481934,0.3525523841381073,128,True,False,False,False
STRAIN_000135,5,LOCAL_W10,3,242,0.9397807717323303,0.06021922826766968,0.34704235196113586,128,True,False,False,False
STRAIN_000135,5,LOCAL_W10,4,342,0.9449717998504639,0.05502820014953613,0.33174750208854675,128,True,False,False,False
STRAIN_000135,5,LOCAL_W10,5,442,0.9389075636863708,0.06109243631362915,0.34954917430877686,128,True,False,False,False
STRAIN_000146,5,LOCAL_W10,1,42,0.973541796207428,0.02645820379257202,0.23003587126731873,128,True,False,False,False
STRAIN_000146,5,LOCAL_W10,2,142,0.9709213376045227,0.029078662395477295,0.24115817248821259,128,True,False,False,False
STRAIN_000146,5,LOCAL_W10,3,242,0.9750480651855469,0.024951934814453125,0.22339147329330444,128,True,False,False,False
STRAIN_000146,5,LOCAL_W10,4,342,0.9713379144668579,0.02866208553314209,0.2394244223833084,128,True,False,False,False
STRAIN_000146,5,LOCAL_W10,5,442,0.971114456653595,0.02888554334640503,0.24035638570785522,128,True,False,False,False
STRAIN_000147,5,LOCAL_W10,1,42,0.9666364192962646,0.03336358070373535,0.25831592082977295,128,True,False,False,False
STRAIN_000147,5,LOCAL_W10,2,142,0.9628309607505798,0.037169039249420166,0.27265018224716187,128,True,False,False,False
STRAIN_000147,5,LOCAL_W10,3,242,0.9644888639450073,0.035511136054992676,0.26649999618530273,128,True,False,False,False
STRAIN_000147,5,LOCAL_W10,4,342,0.9613324403762817,0.03866755962371826,0.2780921161174774,128,True,False,False,False
STRAIN_000147,5,LOCAL_W10,5,442,0.9632571339607239,0.03674286603927612,0.27108240127563477,128,True,False,False,False
STRAIN_000148,5,LOCAL_W10,1,42,0.946215033531189,0.053784966468811035,0.32797881960868835,128,True,False,False,False
STRAIN_000148,5,LOCAL_W10,2,142,0.9464457035064697,0.05355429649353027,0.32727423310279846,128,True,False,False,False
STRAIN_000148,5,LOCAL_W10,3,242,0.9531652331352234,0.04683476686477661,0.3060547709465027,128,True,False,False,False
STRAIN_000148,5,LOCAL_W10,4,342,0.9487180113792419,0.05128198862075806,0.3202560544013977,128,True,False,False,False
STRAIN_000148,5,LOCAL_W10,5,442,0.9515519142150879,0.04844808578491211,0.31128138303756714,128,True,False,False,False
STRAIN_000151,5,LOCAL_W10,1,42,0.9299120903015137,0.07008790969848633,0.37440070509910583,128,True,False,False,False
STRAIN_000151,5,LOCAL_W10,2,142,0.9290136098861694,0.07098639011383057,0.37679266929626465,128,True,False,False,False
STRAIN_000151,5,LOCAL_W10,3,242,0.9366170763969421,0.06338292360305786,0.3560417592525482,128,True,False,False,False
STRAIN_000151,5,LOCAL_W10,4,342,0.9308321475982666,0.0691678524017334,0.37193506956100464,128,True,False,False,False
STRAIN_000151,5,LOCAL_W10,5,442,0.9353746175765991,0.06462538242340088,0.3595145046710968,128,True,False,False,False
STRAIN_000157,5,LOCAL_W10,1,42,0.943549394607544,0.056450605392456055,0.33600807189941406,128,True,False,False,False
STRAIN_000157,5,LOCAL_W10,2,142,0.9426777362823486,0.05732226371765137,0.3385920524597168,128,True,False,False,False
STRAIN_000157,5,LOCAL_W10,3,242,0.9496320486068726,0.05036795139312744,0.3173891305923462,128,True,False,False,False
STRAIN_000157,5,LOCAL_W10,4,342,0.9346843957901001,0.0653156042098999,0.3614293038845062,128,True,False,False,False
STRAIN_000157,5,LOCAL_W10,5,442,0.9444499015808105,0.05555009841918945,0.3333168625831604,128,True,False,False,False
STRAIN_000167,5,LOCAL_W10,1,42,0.9462990164756775,0.05370098352432251,0.3277224600315094,128,True,False,False,False
STRAIN_000167,5,LOCAL_W10,2,142,0.9382637739181519,0.061736226081848145,0.35138633847236633,128,True,False,False,False
STRAIN_000167,5,LOCAL_W10,3,242,0.9458855390548706,0.054114460945129395,0.3289814889431,128,True,False,False,False
STRAIN_000167,5,LOCAL_W10,4,342,0.9407368302345276,0.05926316976547241,0.3442763388156891,128,True,False,False,False
STRAIN_000167,5,LOCAL_W10,5,442,0.945342481136322,0.05465751886367798,0.3306279480457306,128,True,False,False,False
STRAIN_000169,5,LOCAL_W10,1,42,0.9386804699897766,0.06131953001022339,0.3501984179019928,128,True,False,False,False
STRAIN_000169,5,LOCAL_W10,2,142,0.9255541563034058,0.07444584369659424,0.38586485385894775,128,True,False,False,False
STRAIN_000169,5,LOCAL_W10,3,242,0.9342827796936035,0.06571722030639648,0.36253875494003296,128,True,False,False,False
STRAIN_000169,5,LOCAL_W10,4,342,0.9361964464187622,0.06380355358123779,0.3572213649749756,128,True,False,False,False
STRAIN_000169,5,LOCAL_W10,5,442,0.9328120350837708,0.06718796491622925,0.3665729761123657,128,True,False,False,False
STRAIN_000178,5,LOCAL_W10,1,42,0.9437553882598877,0.056244611740112305,0.3353942632675171,128,True,False,False,False
STRAIN_000178,5,LOCAL_W10,2,142,0.943164587020874,0.05683541297912598,0.33715111017227173,128,True,False,False,False
STRAIN_000178,5,LOCAL_W10,3,242,0.9448651075363159,0.05513489246368408,0.33206906914711,128,True,False,False,False
STRAIN_000178,5,LOCAL_W10,4,342,0.9422545433044434,0.05774545669555664,0.3398396670818329,128,True,False,False,False
STRAIN_000178,5,LOCAL_W10,5,442,0.9377127885818481,0.062287211418151855,0.352951318025589,128,True,False,False,False
STRAIN_000180,5,LOCAL_W10,1,42,0.93680340051651,0.06319659948348999,0.3555183708667755,128,True,False,False,False
STRAIN_000180,5,LOCAL_W10,2,142,0.9327620267868042,0.0672379732131958,0.3667098581790924,128,True,False,False,False
STRAIN_000180,5,LOCAL_W10,3,242,0.9304090738296509,0.06959092617034912,0.3730708956718445,128,True,False,False,False
STRAIN_000180,5,LOCAL_W10,4,342,0.9392033219337463,0.06079667806625366,0.3487023413181305,128,True,False,False,False
STRAIN_000180,5,LOCAL_W10,5,442,0.932807445526123,0.06719255447387695,0.36658555269241333,128,True,False,False,False
STRAIN_000183,5,LOCAL_W10,1,42,0.9353733062744141,0.06462669372558594,0.3595183491706848,128,True,False,False,False
STRAIN_000183,5,LOCAL_W10,2,142,0.9341780543327332,0.06582194566726685,0.36282750964164734,128,True,False,False,False
STRAIN_000183,5,LOCAL_W10,3,242,0.9394584894180298,0.060541510581970215,0.3479698896408081,128,True,False,False,False
STRAIN_000183,5,LOCAL_W10,4,342,0.934715211391449,0.06528478860855103,0.3613440990447998,128,True,False,False,False
STRAIN_000183,5,LOCAL_W10,5,442,0.9332863092422485,0.06671369075775146,0.36527687311172485,128,True,False,False,False
STRAIN_000193,5,LOCAL_W10,1,42,0.9451377391815186,0.054862260818481445,0.331246942281723,128,True,False,False,False
STRAIN_000193,5,LOCAL_W10,2,142,0.9539152383804321,0.04608476161956787,0.3035944104194641,128,True,False,False,False
STRAIN_000193,5,LOCAL_W10,3,242,0.9487196207046509,0.05128037929534912,0.3202506899833679,128,True,False,False,False
STRAIN_000193,5,LOCAL_W10,4,342,0.9405050873756409,0.05949491262435913,0.3449488878250122,128,True,False,False,False
STRAIN_000193,5,LOCAL_W10,5,442,0.9553532600402832,0.0446467399597168,0.29881978034973145,128,True,False,False,False
STRAIN_000208,5,LOCAL_W10,1,42,0.9274924993515015,0.07250750064849854,0.38080844283103943,128,True,False,False,False
STRAIN_000208,5,LOCAL_W10,2,142,0.9279898405075073,0.07201015949249268,0.3795001208782196,128,True,False,False,False
STRAIN_000208,5,LOCAL_W10,3,242,0.9404981136322021,0.05950188636779785,0.3449689447879791,128,True,False,False,False
STRAIN_000208,5,LOCAL_W10,4,342,0.9257446527481079,0.07425534725189209,0.385370671749115,128,True,False,False,False
STRAIN_000208,5,LOCAL_W10,5,442,0.9360878467559814,0.06391215324401855,0.3575252592563629,128,True,False,False,False
STRAIN_000209,5,LOCAL_W10,1,42,0.9445316791534424,0.05546832084655762,0.3330713212490082,128,True,False,False,False
STRAIN_000209,5,LOCAL_W10,2,142,0.9366564750671387,0.06334352493286133,0.35593101382255554,128,True,False,False,False
STRAIN_000209,5,LOCAL_W10,3,242,0.9358007907867432,0.06419920921325684,0.358327180147171,128,True,False,False,False
STRAIN_000209,5,LOCAL_W10,4,342,0.9572615623474121,0.04273843765258789,0.29236409068107605,128,True,False,False,False
STRAIN_000209,5,LOCAL_W10,5,442,0.950519859790802,0.049480140209198,0.31457945704460144,128,True,False,False,False
STRAIN_000215,5,LOCAL_W10,1,42,0.9412286877632141,0.05877131223678589,0.34284502267837524,128,True,False,False,False
STRAIN_000215,5,LOCAL_W10,2,142,0.949201226234436,0.050798773765563965,0.31874412298202515,128,True,False,False,False
STRAIN_000215,5,LOCAL_W10,3,242,0.9429627656936646,0.05703723430633545,0.33774906396865845,128,True,False,False,False
STRAIN_000215,5,LOCAL_W10,4,342,0.9504875540733337,0.04951244592666626,0.31468215584754944,128,True,False,False,False
STRAIN_000215,5,LOCAL_W10,5,442,0.9411872625350952,0.058812737464904785,0.3429659307003021,128,True,False,False,False
STRAIN_000217,5,LOCAL_W10,1,42,0.9424429535865784,0.05755704641342163,0.33928462862968445,128,True,False,False,False
STRAIN_000217,5,LOCAL_W10,2,142,0.941892683506012,0.05810731649398804,0.3409025967121124,128,True,False,False,False
STRAIN_000217,5,LOCAL_W10,3,242,0.9413602948188782,0.058639705181121826,0.3424610197544098,128,True,False,False,False
STRAIN_000217,5,LOCAL_W10,4,342,0.9308726787567139,0.06912732124328613,0.3718259036540985,128,True,False,False,False
STRAIN_000217,5,LOCAL_W10,5,442,0.940361499786377,0.05963850021362305,0.34536489844322205,128,True,False,False,False
STRAIN_000218,5,LOCAL_W10,1,42,0.9594627618789673,0.040537238121032715,0.28473612666130066,128,True,False,False,False
STRAIN_000218,5,LOCAL_W10,2,142,0.9606205224990845,0.03937947750091553,0.2806401550769806,128,True,False,False,False
STRAIN_000218,5,LOCAL_W10,3,242,0.9584488868713379,0.04155111312866211,0.2882746458053589,128,True,False,False,False
STRAIN_000218,5,LOCAL_W10,4,342,0.9623199701309204,0.03768002986907959,0.2745177149772644,128,True,False,False,False
STRAIN_000218,5,LOCAL_W10,5,442,0.961532473564148,0.03846752643585205,0.27737194299697876,128,True,False,False,False
STRAIN_000221,5,LOCAL_W10,1,42,0.9373695850372314,0.06263041496276855,0.35392212867736816,128,True,False,False,False
STRAIN_000221,5,LOCAL_W10,2,142,0.9380015134811401,0.06199848651885986,0.3521319031715393,128,True,False,False,False
STRAIN_000221,5,LOCAL_W10,3,242,0.9362514615058899,0.06374853849411011,0.357067346572876,128,True,False,False,False
STRAIN_000221,5,LOCAL_W10,4,342,0.9487085342407227,0.051291465759277344,0.32028573751449585,128,True,False,False,False
STRAIN_000221,5,LOCAL_W10,5,442,0.9404781460762024,0.05952185392379761,0.34502696990966797,128,True,False,False,False
STRAIN_000233,5,LOCAL_W10,1,42,0.9343581795692444,0.06564182043075562,0.36233094334602356,128,True,False,False,False
STRAIN_000233,5,LOCAL_W10,2,142,0.9341915845870972,0.06580841541290283,0.3627904951572418,128,True,False,False,False
STRAIN_000233,5,LOCAL_W10,3,242,0.931608259677887,0.06839174032211304,0.3698424696922302,128,True,False,False,False
STRAIN_000233,5,LOCAL_W10,4,342,0.9310041666030884,0.06899583339691162,0.37147238850593567,128,True,False,False,False
STRAIN_000233,5,LOCAL_W10,5,442,0.9320361614227295,0.06796383857727051,0.36868375539779663,128,True,False,False,False
STRAIN_000241,5,LOCAL_W10,1,42,0.9221429228782654,0.07785707712173462,0.39460626244544983,128,True,False,False,False
STRAIN_000241,5,LOCAL_W10,2,142,0.9278037548065186,0.07219624519348145,0.3799900412559509,128,True,False,False,False
STRAIN_000241,5,LOCAL_W10,3,242,0.9291814565658569,0.07081854343414307,0.3763468861579895,128,True,False,False,False
STRAIN_000241,5,LOCAL_W10,4,342,0.9267336130142212,0.07326638698577881,0.3827960193157196,128,True,False,False,False
STRAIN_000241,5,LOCAL_W10,5,442,0.9312651753425598,0.06873482465744019,0.3707689642906189,128,True,False,False,False
STRAIN_000245,5,LOCAL_W10,1,42,0.9231351613998413,0.07686483860015869,0.39208391308784485,128,True,False,False,False
STRAIN_000245,5,LOCAL_W10,2,142,0.9268369674682617,0.07316303253173828,0.38252606987953186,128,True,False,False,False
STRAIN_000245,5,LOCAL_W10,3,242,0.926264762878418,0.07373523712158203,0.38401859998703003,128,True,False,False,False
STRAIN_000245,5,LOCAL_W10,4,342,0.9221435785293579,0.07785642147064209,0.39460474252700806,128,True,False,False,False
STRAIN_000245,5,LOCAL_W10,5,442,0.9215511083602905,0.07844889163970947,0.3961033225059509,128,True,False,False,False
STRAIN_000252,5,LOCAL_W10,1,42,0.9332155585289001,0.06678444147109985,0.36547067761421204,128,True,False,False,False
STRAIN_000252,5,LOCAL_W10,2,142,0.9508270621299744,0.049172937870025635,0.3136013150215149,128,True,False,False,False
STRAIN_000252,5,LOCAL_W10,3,242,0.9442720413208008,0.05572795867919922,0.33385002613067627,128,True,False,False,False
STRAIN_000252,5,LOCAL_W10,4,342,0.9509458541870117,0.04905414581298828,0.31322264671325684,128,True,False,False,False
STRAIN_000252,5,LOCAL_W10,5,442,0.9496894478797913,0.05031055212020874,0.31720826029777527,128,True,False,False,False
STRAIN_000255,5,LOCAL_W10,1,42,0.932416558265686,0.06758344173431396,0.3676503002643585,128,True,False,False,False
STRAIN_000255,5,LOCAL_W10,2,142,0.9238829612731934,0.07611703872680664,0.39017173647880554,128,True,False,False,False
STRAIN_000255,5,LOCAL_W10,3,242,0.9387316107749939,0.061268389225006104,0.3500525951385498,128,True,False,False,False
STRAIN_000255,5,LOCAL_W10,4,342,0.9354331493377686,0.06456685066223145,0.35935166478157043,128,True,False,False,False
STRAIN_000255,5,LOCAL_W10,5,442,0.938684344291687,0.06131565570831299,0.3501874506473541,128,True,False,False,False
STRAIN_000261,5,LOCAL_W10,1,42,0.9396646022796631,0.060335397720336914,0.34737715125083923,128,True,False,False,False
STRAIN_000261,5,LOCAL_W10,2,142,0.9470909833908081,0.052909016609191895,0.3252967298030853,128,True,False,False,False
STRAIN_000261,5,LOCAL_W10,3,242,0.9490789771080017,0.05092102289199829,0.3191268742084503,128,True,False,False,False
STRAIN_000261,5,LOCAL_W10,4,342,0.9452155232429504,0.05478447675704956,0.33101218938827515,128,True,False,False,False
STRAIN_000261,5,LOCAL_W10,5,442,0.9435222148895264,0.05647778511047363,0.33608847856521606,128,True,False,False,False
STRAIN_000274,5,LOCAL_W10,1,42,0.9303948283195496,0.06960517168045044,0.3731090724468231,128,True,False,False,False
STRAIN_000274,5,LOCAL_W10,2,142,0.9355676770210266,0.06443232297897339,0.3589770793914795,128,True,False,False,False
STRAIN_000274,5,LOCAL_W10,3,242,0.931503415107727,0.06849658489227295,0.3701256513595581,128,True,False,False,False
STRAIN_000274,5,LOCAL_W10,4,342,0.9251156449317932,0.07488435506820679,0.3869996964931488,128,True,False,False,False
STRAIN_000274,5,LOCAL_W10,5,442,0.9434295892715454,0.05657041072845459,0.33636415004730225,128,True,False,False,False
STRAIN_000281,5,LOCAL_W10,1,42,0.9496945142745972,0.05030548572540283,0.3171923756599426,128,True,False,False,False
STRAIN_000281,5,LOCAL_W10,2,142,0.9386025667190552,0.061397433280944824,0.35042116045951843,128,True,False,False,False
STRAIN_000281,5,LOCAL_W10,3,242,0.9397650361061096,0.06023496389389038,0.34708794951438904,128,True,False,False,False
STRAIN_000281,5,LOCAL_W10,4,342,0.9463478326797485,0.053652167320251465,0.3275734484195709,128,True,False,False,False
STRAIN_000281,5,LOCAL_W10,5,442,0.9455580711364746,0.05444192886352539,0.3299757242202759,128,True,False,False,False
STRAIN_000295,5,LOCAL_W10,1,42,0.9467620849609375,0.0532379150390625,0.3263062834739685,128,True,False,False,False
STRAIN_000295,5,LOCAL_W10,2,142,0.9459818601608276,0.05401813983917236,0.3286886513233185,128,True,False,False,False
STRAIN_000295,5,LOCAL_W10,3,242,0.9408086538314819,0.059191346168518066,0.3440679609775543,128,True,False,False,False
STRAIN_000295,5,LOCAL_W10,4,342,0.9498432278633118,0.05015677213668823,0.3167233169078827,128,True,False,False,False
STRAIN_000295,5,LOCAL_W10,5,442,0.9438077211380005,0.05619227886199951,0.3352382779121399,128,True,False,False,False
STRAIN_000297,5,LOCAL_W10,1,42,0.9554707407951355,0.0445292592048645,0.29842716455459595,128,True,False,False,False
STRAIN_000297,5,LOCAL_W10,2,142,0.955253005027771,0.044746994972229004,0.2991557717323303,128,True,False,False,False
STRAIN_000297,5,LOCAL_W10,3,242,0.9598764181137085,0.040123581886291504,0.2832795977592468,128,True,False,False,False
STRAIN_000297,5,LOCAL_W10,4,342,0.9521656036376953,0.04783439636230469,0.3093038499355316,128,True,False,False,False
STRAIN_000297,5,LOCAL_W10,5,442,0.9465310573577881,0.053468942642211914,0.32701376080513,128,True,False,False,False
STRAIN_000298,5,LOCAL_W10,1,42,0.9329374432563782,0.06706255674362183,0.36623087525367737,128,True,False,False,False
STRAIN_000298,5,LOCAL_W10,2,142,0.9354984164237976,0.06450158357620239,0.3591700792312622,128,True,False,False,False
STRAIN_000298,5,LOCAL_W10,3,242,0.9519541263580322,0.04804587364196777,0.30998656153678894,128,True,False,False,False
STRAIN_000298,5,LOCAL_W10,4,342,0.9477475881576538,0.05225241184234619,0.32327204942703247,128,True,False,False,False
STRAIN_000298,5,LOCAL_W10,5,442,0.9330360889434814,0.06696391105651855,0.3659614622592926,128,True,False,False,False
STRAIN_000299,5,LOCAL_W10,1,42,0.9312811493873596,0.06871885061264038,0.3707258403301239,128,True,False,False,False
STRAIN_000299,5,LOCAL_W10,2,142,0.9292547702789307,0.07074522972106934,0.37615206837654114,128,True,False,False,False
STRAIN_000299,5,LOCAL_W10,3,242,0.9257197380065918,0.0742802619934082,0.3854353427886963,128,True,False,False,False
STRAIN_000299,5,LOCAL_W10,4,342,0.9402468800544739,0.05975311994552612,0.34569644927978516,128,True,False,False,False
STRAIN_000299,5,LOCAL_W10,5,442,0.9318782091140747,0.06812179088592529,0.36911195516586304,128,True,False,False,False
STRAIN_000304,5,LOCAL_W10,1,42,0.9381111860275269,0.061888813972473145,0.35182052850723267,128,True,False,False,False
STRAIN_000304,5,LOCAL_W10,2,142,0.9312399625778198,0.06876003742218018,0.37083715200424194,128,True,False,False,False
STRAIN_000304,5,LOCAL_W10,3,242,0.9321327209472656,0.06786727905273438,0.3684215545654297,128,True,False,False,False
STRAIN_000304,5,LOCAL_W10,4,342,0.9419448971748352,0.058055102825164795,0.3407493531703949,128,True,False,False,False
STRAIN_000304,5,LOCAL_W10,5,442,0.9493322372436523,0.050667762756347656,0.31833216547966003,128,True,False,False,False
STRAIN_000323,5,LOCAL_W10,1,42,0.9034585356712341,0.09654146432876587,0.439411997795105,128,True,False,False,False
STRAIN_000323,5,LOCAL_W10,2,142,0.9356168508529663,0.06438314914703369,0.3588404059410095,128,True,False,False,False
STRAIN_000323,5,LOCAL_W10,3,242,0.9270243644714355,0.07297563552856445,0.3820357024669647,128,True,False,False,False
STRAIN_000323,5,LOCAL_W10,4,342,0.9193940162658691,0.08060598373413086,0.4015119671821594,128,True,False,False,False
STRAIN_000323,5,LOCAL_W10,5,442,0.9459097385406494,0.054090261459350586,0.3289080262184143,128,True,False,False,False
STRAIN_000328,5,LOCAL_W10,1,42,0.9376213550567627,0.062378644943237305,0.35320988297462463,128,True,False,False,False
STRAIN_000328,5,LOCAL_W10,2,142,0.9383422136306763,0.06165778636932373,0.3511630594730377,128,True,False,False,False
STRAIN_000328,5,LOCAL_W10,3,242,0.9448889493942261,0.055111050605773926,0.3319968581199646,128,True,False,False,False
STRAIN_000328,5,LOCAL_W10,4,342,0.948434054851532,0.05156594514846802,0.3211415112018585,128,True,False,False,False
STRAIN_000328,5,LOCAL_W10,5,442,0.9440312385559082,0.0559687614440918,0.33457067608833313,128,True,False,False,False
STRAIN_000332,5,LOCAL_W10,1,42,0.939661979675293,0.06033802032470703,0.34738460183143616,128,True,False,False,False
STRAIN_000332,5,LOCAL_W10,2,142,0.9350730180740356,0.06492698192596436,0.36035239696502686,128,True,False,False,False
STRAIN_000332,5,LOCAL_W10,3,242,0.9376972913742065,0.06230270862579346,0.35299479961395264,128,True,False,False,False
STRAIN_000332,5,LOCAL_W10,4,342,0.9322894215583801,0.06771057844161987,0.3679961562156677,128,True,False,False,False
STRAIN_000332,5,LOCAL_W10,5,442,0.9385601282119751,0.0614398717880249,0.3505421578884125,128,True,False,False,False
STRAIN_000336,5,LOCAL_W10,1,42,0.9557567238807678,0.04424327611923218,0.29746708273887634,128,True,False,False,False
STRAIN_000336,5,LOCAL_W10,2,142,0.9490246772766113,0.05097532272338867,0.3192971646785736,128,True,False,False,False
STRAIN_000336,5,LOCAL_W10,3,242,0.9263420701026917,0.07365792989730835,0.3838174343109131,128,True,False,False,False
STRAIN_000336,5,LOCAL_W10,4,342,0.9439224004745483,0.05607759952545166,0.33489590883255005,128,True,False,False,False
STRAIN_000336,5,LOCAL_W10,5,442,0.9512554407119751,0.0487445592880249,0.3122325837612152,128,True,False,False,False
STRAIN_000346,5,LOCAL_W10,1,42,0.9383029937744141,0.06169700622558594,0.35127490758895874,128,True,False,False,False
STRAIN_000346,5,LOCAL_W10,2,142,0.9349724650382996,0.06502753496170044,0.36063164472579956,128,True,False,False,False
STRAIN_000346,5,LOCAL_W10,3,242,0.9468213319778442,0.05317866802215576,0.3261248469352722,128,True,False,False,False
STRAIN_000346,5,LOCAL_W10,4,342,0.9370865821838379,0.06291341781616211,0.3547210097312927,128,True,False,False,False
STRAIN_000346,5,LOCAL_W10,5,442,0.9397716522216797,0.06022834777832031,0.347068727016449,128,True,False,False,False
STRAIN_000348,5,LOCAL_W10,1,42,0.9378024339675903,0.06219756603240967,0.3526967763900757,128,True,False,False,False
STRAIN_000348,5,LOCAL_W10,2,142,0.938057541847229,0.061942458152770996,0.3519727289676666,128,True,False,False,False
STRAIN_000348,5,LOCAL_W10,3,242,0.9378141164779663,0.06218588352203369,0.35266345739364624,128,True,False,False,False
STRAIN_000348,5,LOCAL_W10,4,342,0.9255355596542358,0.07446444034576416,0.3859129846096039,128,True,False,False,False
STRAIN_000348,5,LOCAL_W10,5,442,0.9445974826812744,0.055402517318725586,0.3328738510608673,128,True,False,False,False
STRAIN_000349,5,LOCAL_W10,1,42,0.9357019066810608,0.06429809331893921,0.3586031496524811,128,True,False,False,False
STRAIN_000349,5,LOCAL_W10,2,142,0.9307097792625427,0.06929022073745728,0.3722640872001648,128,True,False,False,False
STRAIN_000349,5,LOCAL_W10,3,242,0.9403259754180908,0.05967402458190918,0.34546780586242676,128,True,False,False,False
STRAIN_000349,5,LOCAL_W10,4,342,0.9393743276596069,0.060625672340393066,0.34821179509162903,128,True,False,False,False
STRAIN_000349,5,LOCAL_W10,5,442,0.9505300521850586,0.049469947814941406,0.3145473003387451,128,True,False,False,False
STRAIN_000350,5,LOCAL_W10,1,42,0.9245234727859497,0.07547652721405029,0.38852691650390625,128,True,False,False,False
STRAIN_000350,5,LOCAL_W10,2,142,0.9184359312057495,0.08156406879425049,0.4038912355899811,128,True,False,False,False
STRAIN_000350,5,LOCAL_W10,3,242,0.9361076951026917,0.06389230489730835,0.3574695587158203,128,True,False,False,False
STRAIN_000350,5,LOCAL_W10,4,342,0.9272229075431824,0.07277709245681763,0.3815156817436218,128,True,False,False,False
STRAIN_000350,5,LOCAL_W10,5,442,0.9130058288574219,0.08699417114257812,0.4171190857887268,128,True,False,False,False
STRAIN_000357,5,LOCAL_W10,1,42,0.9401054382324219,0.059894561767578125,0.34610527753829956,128,True,False,False,False
STRAIN_000357,5,LOCAL_W10,2,142,0.950664758682251,0.04933524131774902,0.3141181766986847,128,True,False,False,False
STRAIN_000357,5,LOCAL_W10,3,242,0.9336425065994263,0.06635749340057373,0.36430057883262634,128,True,False,False,False
STRAIN_000357,5,LOCAL_W10,4,342,0.9381166696548462,0.06188333034515381,0.3518045246601105,128,True,False,False,False
STRAIN_000357,5,LOCAL_W10,5,442,0.9405006170272827,0.059499382972717285,0.3449617326259613,128,True,False,False,False
STRAIN_000365,5,LOCAL_W10,1,42,0.9368374347686768,0.06316256523132324,0.3554226756095886,128,True,False,False,False
STRAIN_000365,5,LOCAL_W10,2,142,0.939407229423523,0.06059277057647705,0.3481176197528839,128,True,False,False,False
STRAIN_000365,5,LOCAL_W10,3,242,0.9425239562988281,0.057476043701171875,0.33904600143432617,128,True,False,False,False
STRAIN_000365,5,LOCAL_W10,4,342,0.9380543231964111,0.06194567680358887,0.35198190808296204,128,True,False,False,False
STRAIN_000365,5,LOCAL_W10,5,442,0.9351553320884705,0.06484466791152954,0.36012423038482666,128,True,False,False,False
STRAIN_000368,5,LOCAL_W10,1,42,0.9465368986129761,0.053463101387023926,0.3269955515861511,128,True,False,False,False
STRAIN_000368,5,LOCAL_W10,2,142,0.9290422201156616,0.07095777988433838,0.3767167031764984,128,True,False,False,False
STRAIN_000368,5,LOCAL_W10,3,242,0.9437347650527954,0.05626523494720459,0.33545562624931335,128,True,False,False,False
STRAIN_000368,5,LOCAL_W10,4,342,0.927844762802124,0.07215523719787598,0.37988191843032837,128,True,False,False,False
STRAIN_000368,5,LOCAL_W10,5,442,0.9263741374015808,0.07362586259841919,0.3837338089942932,128,True,False,False,False
STRAIN_000383,5,LOCAL_W10,1,42,0.9329635500907898,0.0670364499092102,0.3661595284938812,128,True,False,False,False
STRAIN_000383,5,LOCAL_W10,2,142,0.9307816028594971,0.06921839714050293,0.3720708191394806,128,True,False,False,False
STRAIN_000383,5,LOCAL_W10,3,242,0.926947295665741,0.07305270433425903,0.382237046957016,128,True,False,False,False
STRAIN_000383,5,LOCAL_W10,4,342,0.930618941783905,0.06938105821609497,0.3725076913833618,128,True,False,False,False
STRAIN_000383,5,LOCAL_W10,5,442,0.9348911046981812,0.06510889530181885,0.3608568012714386,128,True,False,False,False
STRAIN_000401,5,LOCAL_W10,1,42,0.9507706761360168,0.049229323863983154,0.3137812614440918,128,True,False,False,False
STRAIN_000401,5,LOCAL_W10,2,142,0.9384133815765381,0.061586618423461914,0.3509601354598999,128,True,False,False,False
STRAIN_000401,5,LOCAL_W10,3,242,0.9460895657539368,0.05391043424606323,0.3283608555793762,128,True,False,False,False
STRAIN_000401,5,LOCAL_W10,4,342,0.9475944638252258,0.05240553617477417,0.3237453103065491,128,True,False,False,False
STRAIN_000401,5,LOCAL_W10,5,442,0.9342836737632751,0.06571632623672485,0.3625362515449524,128,True,False,False,False
STRAIN_000404,5,LOCAL_W10,1,42,0.9336841106414795,0.06631588935852051,0.3641863763332367,128,True,False,False,False
STRAIN_000404,5,LOCAL_W10,2,142,0.9269576072692871,0.07304239273071289,0.3822103440761566,128,True,False,False,False
STRAIN_000404,5,LOCAL_W10,3,242,0.9338053464889526,0.06619465351104736,0.3638533055782318,128,True,False,False,False
STRAIN_000404,5,LOCAL_W10,4,342,0.9241438508033752,0.07585614919662476,0.38950273394584656,128,True,False,False,False
STRAIN_000404,5,LOCAL_W10,5,442,0.9312354326248169,0.0687645673751831,0.3708491027355194,128,True,False,False,False
STRAIN_000405,5,LOCAL_W10,1,42,0.9326402544975281,0.06735974550247192,0.3670417368412018,128,True,False,False,False
STRAIN_000405,5,LOCAL_W10,2,142,0.927833080291748,0.07216691970825195,0.37991294264793396,128,True,False,False,False
STRAIN_000405,5,LOCAL_W10,3,242,0.9406030178070068,0.059396982192993164,0.34466513991355896,128,True,False,False,False
STRAIN_000405,5,LOCAL_W10,4,342,0.9336413145065308,0.06635868549346924,0.36430448293685913,128,True,False,False,False
STRAIN_000405,5,LOCAL_W10,5,442,0.932066798210144,0.06793320178985596,0.3686006963253021,128,True,False,False,False
STRAIN_000409,5,LOCAL_W10,1,42,0.9288153648376465,0.07118463516235352,0.3773183822631836,128,True,False,False,False
STRAIN_000409,5,LOCAL_W10,2,142,0.9366024732589722,0.06339752674102783,0.35608264803886414,128,True,False,False,False
STRAIN_000409,5,LOCAL_W10,3,242,0.9440560936927795,0.05594390630722046,0.33449631929397583,128,True,False,False,False
STRAIN_000409,5,LOCAL_W10,4,342,0.942592978477478,0.05740702152252197,0.3388422727584839,128,True,False,False,False
STRAIN_000409,5,LOCAL_W10,5,442,0.9446051120758057,0.055394887924194336,0.33285099267959595,128,True,False,False,False
STRAIN_000420,5,LOCAL_W10,1,42,0.9481313824653625,0.05186861753463745,0.32208243012428284,128,True,False,False,False
STRAIN_000420,5,LOCAL_W10,2,142,0.945651650428772,0.05434834957122803,0.32969149947166443,128,True,False,False,False
STRAIN_000420,5,LOCAL_W10,3,242,0.9462800621986389,0.053719937801361084,0.327780157327652,128,True,False,False,False
STRAIN_000420,5,LOCAL_W10,4,342,0.9419359564781189,0.058064043521881104,0.3407756984233856,128,True,False,False,False
STRAIN_000420,5,LOCAL_W10,5,442,0.950792133808136,0.049207866191864014,0.3137124478816986,128,True,False,False,False
STRAIN_000433,5,LOCAL_W10,1,42,0.9354802966117859,0.06451970338821411,0.3592204749584198,128,True,False,False,False
STRAIN_000433,5,LOCAL_W10,2,142,0.9373539686203003,0.06264603137969971,0.35396626591682434,128,True,False,False,False
STRAIN_000433,5,LOCAL_W10,3,242,0.9242827892303467,0.07571721076965332,0.38914552330970764,128,True,False,False,False
STRAIN_000433,5,LOCAL_W10,4,342,0.9267815351486206,0.0732184648513794,0.38267070055007935,128,True,False,False,False
STRAIN_000433,5,LOCAL_W10,5,442,0.925913393497467,0.07408660650253296,0.3849326968193054,128,True,False,False,False
STRAIN_000436,5,LOCAL_W10,1,42,0.9324556589126587,0.06754434108734131,0.3675442337989807,128,True,False,False,False
STRAIN_000436,5,LOCAL_W10,2,142,0.9398401975631714,0.06015980243682861,0.34687110781669617,128,True,False,False,False
STRAIN_000436,5,LOCAL_W10,3,242,0.9329063296318054,0.06709367036819458,0.36631590127944946,128,True,False,False,False
STRAIN_000436,5,LOCAL_W10,4,342,0.92332923412323,0.07667076587677002,0.3915885090827942,128,True,False,False,False
STRAIN_000436,5,LOCAL_W10,5,442,0.9364839196205139,0.06351608037948608,0.3564157783985138,128,True,False,False,False
STRAIN_000441,5,LOCAL_W10,1,42,0.9360857009887695,0.06391429901123047,0.3575311601161957,128,True,False,False,False
STRAIN_000441,5,LOCAL_W10,2,142,0.9468369483947754,0.05316305160522461,0.3260766863822937,128,True,False,False,False
STRAIN_000441,5,LOCAL_W10,3,242,0.9479885101318359,0.05201148986816406,0.3225257396697998,128,True,False,False,False
STRAIN_000441,5,LOCAL_W10,4,342,0.938780665397644,0.06121933460235596,0.3499121069908142,128,True,False,False,False
STRAIN_000441,5,LOCAL_W10,5,442,0.9377765655517578,0.06222343444824219,0.35277003049850464,128,True,False,False,False
STRAIN_000443,5,LOCAL_W10,1,42,0.9396460652351379,0.06035393476486206,0.3474305272102356,128,True,False,False,False
STRAIN_000443,5,LOCAL_W10,2,142,0.9394325613975525,0.06056743860244751,0.34804439544677734,128,True,False,False,False
STRAIN_000443,5,LOCAL_W10,3,242,0.9316622018814087,0.06833779811859131,0.36969679594039917,128,True,False,False,False
STRAIN_000443,5,LOCAL_W10,4,342,0.9381784796714783,0.06182152032852173,0.3516290485858917,128,True,False,False,False
STRAIN_000443,5,LOCAL_W10,5,442,0.9429179430007935,0.05708205699920654,0.3378819525241852,128,True,False,False,False
STRAIN_000455,5,LOCAL_W10,1,42,0.9169437885284424,0.08305621147155762,0.40756916999816895,128,True,False,False,False
STRAIN_000455,5,LOCAL_W10,2,142,0.9208313226699829,0.07916867733001709,0.3979162573814392,128,True,False,False,False
STRAIN_000455,5,LOCAL_W10,3,242,0.9357956051826477,0.0642043948173523,0.3583417534828186,128,True,False,False,False
STRAIN_000455,5,LOCAL_W10,4,342,0.909018874168396,0.090981125831604,0.42657068371772766,128,True,False,False,False
STRAIN_000455,5,LOCAL_W10,5,442,0.9171083569526672,0.08289164304733276,0.40716493129730225,128,True,False,False,False
STRAIN_000460,5,LOCAL_W10,1,42,0.9336404800415039,0.0663595199584961,0.36430639028549194,128,True,False,False,False
STRAIN_000460,5,LOCAL_W10,2,142,0.9451414942741394,0.054858505725860596,0.33123573660850525,128,True,False,False,False
STRAIN_000460,5,LOCAL_W10,3,242,0.9405837059020996,0.05941629409790039,0.3447210192680359,128,True,False,False,False
STRAIN_000460,5,LOCAL_W10,4,342,0.9402703046798706,0.059729695320129395,0.34562885761260986,128,True,False,False,False
STRAIN_000460,5,LOCAL_W10,5,442,0.9369233846664429,0.06307661533355713,0.3551805317401886,128,True,False,False,False
STRAIN_000465,5,LOCAL_W10,1,42,0.9469029307365417,0.05309706926345825,0.3258742094039917,128,True,False,False,False
STRAIN_000465,5,LOCAL_W10,2,142,0.9454332590103149,0.05456674098968506,0.3303535282611847,128,True,False,False,False
STRAIN_000465,5,LOCAL_W10,3,242,0.9497400522232056,0.050259947776794434,0.31704890727996826,128,True,False,False,False
STRAIN_000465,5,LOCAL_W10,4,342,0.947106122970581,0.052893877029418945,0.3252503573894501,128,True,False,False,False
STRAIN_000465,5,LOCAL_W10,5,442,0.9504579305648804,0.04954206943511963,0.3147762417793274,128,True,False,False,False
STRAIN_000467,5,LOCAL_W10,1,42,0.9430709481239319,0.056929051876068115,0.3374285399913788,128,True,False,False,False
STRAIN_000467,5,LOCAL_W10,2,142,0.9369201064109802,0.06307989358901978,0.3551895320415497,128,True,False,False,False
STRAIN_000467,5,LOCAL_W10,3,242,0.9443982243537903,0.05560177564620972,0.33347177505493164,128,True,False,False,False
STRAIN_000467,5,LOCAL_W10,4,342,0.9398245811462402,0.060175418853759766,0.3469160199165344,128,True,False,False,False
STRAIN_000467,5,LOCAL_W10,5,442,0.9449390172958374,0.0550609827041626,0.3318464756011963,128,True,False,False,False
STRAIN_000468,5,LOCAL_W10,1,42,0.9391319751739502,0.060868024826049805,0.34890714287757874,128,True,False,False,False
STRAIN_000468,5,LOCAL_W10,2,142,0.9411880970001221,0.05881190299987793,0.34296315908432007,128,True,False,False,False
STRAIN_000468,5,LOCAL_W10,3,242,0.9431328773498535,0.056867122650146484,0.33724480867385864,128,True,False,False,False
STRAIN_000468,5,LOCAL_W10,4,342,0.9536863565444946,0.04631364345550537,0.30434736609458923,128,True,False,False,False
STRAIN_000468,5,LOCAL_W10,5,442,0.9447697401046753,0.05523025989532471,0.3323558270931244,128,True,False,False,False
STRAIN_000469,5,LOCAL_W10,1,42,0.9248775243759155,0.07512247562408447,0.38761425018310547,128,True,False,False,False
STRAIN_000469,5,LOCAL_W10,2,142,0.9347966313362122,0.06520336866378784,0.36111894249916077,128,True,False,False,False
STRAIN_000469,5,LOCAL_W10,3,242,0.9414449334144592,0.05855506658554077,0.3422134220600128,128,True,False,False,False
STRAIN_000469,5,LOCAL_W10,4,342,0.951382577419281,0.048617422580718994,0.3118247985839844,128,True,False,False,False
STRAIN_000469,5,LOCAL_W10,5,442,0.9332081079483032,0.06679189205169678,0.36549112200737,128,True,False,False,False
STRAIN_000472,5,LOCAL_W10,1,42,0.9507202506065369,0.049279749393463135,0.3139418363571167,128,True,False,False,False
STRAIN_000472,5,LOCAL_W10,2,142,0.9434924721717834,0.05650752782821655,0.33617696166038513,128,True,False,False,False
STRAIN_000472,5,LOCAL_W10,3,242,0.9382323622703552,0.061767637729644775,0.3514757454395294,128,True,False,False,False
STRAIN_000472,5,LOCAL_W10,4,342,0.9535155892372131,0.046484410762786865,0.3049077093601227,128,True,False,False,False
STRAIN_000472,5,LOCAL_W10,5,442,0.9540309906005859,0.04596900939941406,0.303212970495224,128,True,False,False,False
STRAIN_000492,5,LOCAL_W10,1,42,0.9245932102203369,0.07540678977966309,0.38834697008132935,128,True,False,False,False
STRAIN_000492,5,LOCAL_W10,2,142,0.9340395927429199,0.06596040725708008,0.3632088601589203,128,True,False,False,False
STRAIN_000492,5,LOCAL_W10,3,242,0.9215837121009827,0.07841628789901733,0.39602068066596985,128,True,False,False,False
STRAIN_000492,5,LOCAL_W10,4,342,0.9242475032806396,0.07575249671936035,0.3892361521720886,128,True,False,False,False
STRAIN_000492,5,LOCAL_W10,5,442,0.9378508925437927,0.062149107456207275,0.35255929827690125,128,True,False,False,False
STRAIN_000498,5,LOCAL_W10,1,42,0.9362716674804688,0.06372833251953125,0.3570103943347931,128,True,False,False,False
STRAIN_000498,5,LOCAL_W10,2,142,0.9396123290061951,0.06038767099380493,0.3475272059440613,128,True,False,False,False
STRAIN_000498,5,LOCAL_W10,3,242,0.9468660950660706,0.05313390493392944,0.3259872794151306,128,True,False,False,False
STRAIN_000498,5,LOCAL_W10,4,342,0.9486298561096191,0.05137014389038086,0.3205313980579376,128,True,False,False,False
STRAIN_000498,5,LOCAL_W10,5,442,0.943720817565918,0.05627918243408203,0.3354968726634979,128,True,False,False,False
STRAIN_000509,5,LOCAL_W10,1,42,0.9379932880401611,0.06200671195983887,0.3521554172039032,128,True,False,False,False
STRAIN_000509,5,LOCAL_W10,2,142,0.933891236782074,0.06610876321792603,0.36361753940582275,128,True,False,False,False
STRAIN_000509,5,LOCAL_W10,3,242,0.9362047910690308,0.06379520893096924,0.35719799995422363,128,True,False,False,False
STRAIN_000509,5,LOCAL_W10,4,342,0.9338708519935608,0.06612914800643921,0.363673597574234,128,True,False,False,False
STRAIN_000509,5,LOCAL_W10,5,442,0.9325965046882629,0.06740349531173706,0.36716076731681824,128,True,False,False,False
STRAIN_000513,5,LOCAL_W10,1,42,0.9346239566802979,0.06537604331970215,0.3615965247154236,128,True,False,False,False
STRAIN_000513,5,LOCAL_W10,2,142,0.9345545768737793,0.0654454231262207,0.36178842186927795,128,True,False,False,False
STRAIN_000513,5,LOCAL_W10,3,242,0.9446693062782288,0.05533069372177124,0.3326580822467804,128,True,False,False,False
STRAIN_000513,5,LOCAL_W10,4,342,0.9346135258674622,0.06538647413253784,0.3616253733634949,128,True,False,False,False
STRAIN_000513,5,LOCAL_W10,5,442,0.9335556030273438,0.06644439697265625,0.3645392060279846,128,True,False,False,False
STRAIN_000520,5,LOCAL_W10,1,42,0.9441467523574829,0.05585324764251709,0.33422544598579407,128,True,False,False,False
STRAIN_000520,5,LOCAL_W10,2,142,0.9430441856384277,0.056955814361572266,0.3375079035758972,128,True,False,False,False
STRAIN_000520,5,LOCAL_W10,3,242,0.9400975704193115,0.05990242958068848,0.34612831473350525,128,True,False,False,False
STRAIN_000520,5,LOCAL_W10,4,342,0.9438081979751587,0.05619180202484131,0.3352365493774414,128,True,False,False,False
STRAIN_000520,5,LOCAL_W10,5,442,0.9461550712585449,0.05384492874145508,0.32816147804260254,128,True,False,False,False
STRAIN_000521,5,LOCAL_W10,1,42,0.9457266926765442,0.05427330732345581,0.3294641673564911,128,True,False,False,False
STRAIN_000521,5,LOCAL_W10,2,142,0.9351963996887207,0.0648036003112793,0.36000996828079224,128,True,False,False,False
STRAIN_000521,5,LOCAL_W10,3,242,0.9329179525375366,0.06708204746246338,0.36628416180610657,128,True,False,False,False
STRAIN_000521,5,LOCAL_W10,4,342,0.9375323057174683,0.06246769428253174,0.3534619212150574,128,True,False,False,False
STRAIN_000521,5,LOCAL_W10,5,442,0.9471638202667236,0.05283617973327637,0.3250728249549866,128,True,False,False,False
STRAIN_000522,5,LOCAL_W10,1,42,0.9393158555030823,0.060684144496917725,0.34837958216667175,128,True,False,False,False
STRAIN_000522,5,LOCAL_W10,2,142,0.932366132736206,0.06763386726379395,0.3677874505519867,128,True,False,False,False
STRAIN_000522,5,LOCAL_W10,3,242,0.9303759932518005,0.06962400674819946,0.37315961718559265,128,True,False,False,False
STRAIN_000522,5,LOCAL_W10,4,342,0.9325941801071167,0.0674058198928833,0.3671671450138092,128,True,False,False,False
STRAIN_000522,5,LOCAL_W10,5,442,0.9311530590057373,0.0688469409942627,0.37107160687446594,128,True,False,False,False
STRAIN_000523,5,LOCAL_W10,1,42,0.9264816641807556,0.07351833581924438,0.38345348834991455,128,True,False,False,False
STRAIN_000523,5,LOCAL_W10,2,142,0.939582884311676,0.060417115688323975,0.34761232137680054,128,True,False,False,False
STRAIN_000523,5,LOCAL_W10,3,242,0.9311974048614502,0.0688025951385498,0.3709516227245331,128,True,False,False,False
STRAIN_000523,5,LOCAL_W10,4,342,0.9292453527450562,0.07075464725494385,0.3761771619319916,128,True,False,False,False
STRAIN_000523,5,LOCAL_W10,5,442,0.9425523281097412,0.05744767189025879,0.3389621078968048,128,True,False,False,False
STRAIN_000526,5,LOCAL_W10,1,42,0.9539430737495422,0.046056926250457764,0.30350247025489807,128,True,False,False,False
STRAIN_000526,5,LOCAL_W10,2,142,0.9502890110015869,0.049710988998413086,0.31531235575675964,128,True,False,False,False
STRAIN_000526,5,LOCAL_W10,3,242,0.9427391290664673,0.057260870933532715,0.33841031789779663,128,True,False,False,False
STRAIN_000526,5,LOCAL_W10,4,342,0.9407625794410706,0.05923742055892944,0.34420186281204224,128,True,False,False,False
STRAIN_000526,5,LOCAL_W10,5,442,0.9401249885559082,0.0598750114440918,0.34604912996292114,128,True,False,False,False
STRAIN_000529,5,LOCAL_W10,1,42,0.9394508600234985,0.060549139976501465,0.3479915261268616,128,True,False,False,False
STRAIN_000529,5,LOCAL_W10,2,142,0.9322810173034668,0.0677189826965332,0.36801889538764954,128,True,False,False,False
STRAIN_000529,5,LOCAL_W10,3,242,0.9414572715759277,0.058542728424072266,0.3421774208545685,128,True,False,False,False
STRAIN_000529,5,LOCAL_W10,4,342,0.9400840997695923,0.059915900230407715,0.3461668789386749,128,True,False,False,False
STRAIN_000529,5,LOCAL_W10,5,442,0.9383136034011841,0.06168639659881592,0.35124436020851135,128,True,False,False,False
STRAIN_000534,5,LOCAL_W10,1,42,0.9293977618217468,0.07060223817825317,0.3757716715335846,128,True,False,False,False
STRAIN_000534,5,LOCAL_W10,2,142,0.9401937127113342,0.05980628728866577,0.3458506166934967,128,True,False,False,False
STRAIN_000534,5,LOCAL_W10,3,242,0.9384979009628296,0.06150209903717041,0.35071977972984314,128,True,False,False,False
STRAIN_000534,5,LOCAL_W10,4,342,0.9335418939590454,0.06645810604095459,0.364576518535614,128,True,False,False,False
STRAIN_000534,5,LOCAL_W10,5,442,0.9379196166992188,0.06208038330078125,0.352364718914032,128,True,False,False,False
STRAIN_000535,5,LOCAL_W10,1,42,0.9310569763183594,0.06894302368164062,0.37133002281188965,128,True,False,False,False
STRAIN_000535,5,LOCAL_W10,2,142,0.9334938526153564,0.06650614738464355,0.3647086024284363,128,True,False,False,False
STRAIN_000535,5,LOCAL_W10,3,242,0.9374572038650513,0.06254279613494873,0.3536743223667145,128,True,False,False,False
STRAIN_000535,5,LOCAL_W10,4,342,0.9313225150108337,0.06867748498916626,0.37061426043510437,128,True,False,False,False
STRAIN_000535,5,LOCAL_W10,5,442,0.930610716342926,0.06938928365707397,0.3725300431251526,128,True,False,False,False
STRAIN_000538,5,LOCAL_W10,1,42,0.94732666015625,0.05267333984375,0.3245713710784912,128,True,False,False,False
STRAIN_000538,5,LOCAL_W10,2,142,0.9410969018936157,0.05890309810638428,0.3432290852069855,128,True,False,False,False
STRAIN_000538,5,LOCAL_W10,3,242,0.9451532959938049,0.05484670400619507,0.3311999440193176,128,True,False,False,False
STRAIN_000538,5,LOCAL_W10,4,342,0.9402577877044678,0.05974221229553223,0.34566521644592285,128,True,False,False,False
STRAIN_000538,5,LOCAL_W10,5,442,0.9469056129455566,0.05309438705444336,0.325866162776947,128,True,False,False,False
STRAIN_000539,5,LOCAL_W10,1,42,0.9407942295074463,0.05920577049255371,0.34411001205444336,128,True,False,False,False
STRAIN_000539,5,LOCAL_W10,2,142,0.9322580099105835,0.0677419900894165,0.3680814802646637,128,True,False,False,False
STRAIN_000539,5,LOCAL_W10,3,242,0.9402107000350952,0.059789299964904785,0.3458009958267212,128,True,False,False,False
STRAIN_000539,5,LOCAL_W10,4,342,0.9385814666748047,0.06141853332519531,0.35048148036003113,128,True,False,False,False
STRAIN_000539,5,LOCAL_W10,5,442,0.9420183897018433,0.05798161029815674,0.34053394198417664,128,True,False,False,False
STRAIN_000540,5,LOCAL_W10,1,42,0.9320498704910278,0.06795012950897217,0.36864641308784485,128,True,False,False,False
STRAIN_000540,5,LOCAL_W10,2,142,0.9261953234672546,0.07380467653274536,0.38419973850250244,128,True,False,False,False
STRAIN_000540,5,LOCAL_W10,3,242,0.9385106563568115,0.06148934364318848,0.3506831228733063,128,True,False,False,False
STRAIN_000540,5,LOCAL_W10,4,342,0.9335730075836182,0.06642699241638184,0.36449140310287476,128,True,False,False,False
STRAIN_000540,5,LOCAL_W10,5,442,0.9409428834915161,0.05905711650848389,0.34367743134498596,128,True,False,False,False
STRAIN_000542,5,LOCAL_W10,1,42,0.9371521472930908,0.06284785270690918,0.3545359969139099,128,True,False,False,False
STRAIN_000542,5,LOCAL_W10,2,142,0.9297705292701721,0.07022947072982788,0.37477824091911316,128,True,False,False,False
STRAIN_000542,5,LOCAL_W10,3,242,0.9250845909118652,0.07491540908813477,0.3870801031589508,128,True,False,False,False
STRAIN_000542,5,LOCAL_W10,4,342,0.9203745722770691,0.07962542772293091,0.3990626335144043,128,True,False,False,False
STRAIN_000542,5,LOCAL_W10,5,442,0.9348143339157104,0.06518566608428955,0.36106958985328674,128,True,False,False,False
STRAIN_000545,5,LOCAL_W10,1,42,0.9341106414794922,0.06588935852050781,0.36301353573799133,128,True,False,False,False
STRAIN_000545,5,LOCAL_W10,2,142,0.9377219676971436,0.062278032302856445,0.3529248833656311,128,True,False,False,False
STRAIN_000545,5,LOCAL_W10,3,242,0.933185338973999,0.06681466102600098,0.3655533790588379,128,True,False,False,False
STRAIN_000545,5,LOCAL_W10,4,342,0.934849739074707,0.06515026092529297,0.36097171902656555,128,True,False,False,False
STRAIN_000545,5,LOCAL_W10,5,442,0.9243440628051758,0.07565593719482422,0.3889883756637573,128,True,False,False,False
STRAIN_000550,5,LOCAL_W10,1,42,0.929892897605896,0.070107102394104,0.3744518458843231,128,True,False,False,False
STRAIN_000550,5,LOCAL_W10,2,142,0.9327314496040344,0.06726855039596558,0.3667932450771332,128,True,False,False,False
STRAIN_000550,5,LOCAL_W10,3,242,0.9308143258094788,0.06918567419052124,0.37198299169540405,128,True,False,False,False
STRAIN_000550,5,LOCAL_W10,4,342,0.9426971673965454,0.05730283260345459,0.3385346829891205,128,True,False,False,False
STRAIN_000550,5,LOCAL_W10,5,442,0.9273980259895325,0.07260197401046753,0.38105660676956177,128,True,False,False,False
STRAIN_000559,5,LOCAL_W10,1,42,0.9433757066726685,0.05662429332733154,0.3365243375301361,128,True,False,False,False
STRAIN_000559,5,LOCAL_W10,2,142,0.9357404708862305,0.06425952911376953,0.35849571228027344,128,True,False,False,False
STRAIN_000559,5,LOCAL_W10,3,242,0.9300440549850464,0.06995594501495361,0.3740479648113251,128,True,False,False,False
STRAIN_000559,5,LOCAL_W10,4,342,0.9427842497825623,0.057215750217437744,0.3382773995399475,128,True,False,False,False
STRAIN_000559,5,LOCAL_W10,5,442,0.9403887391090393,0.05961126089096069,0.3452860713005066,128,True,False,False,False
STRAIN_000560,5,LOCAL_W10,1,42,0.9359793066978455,0.06402069330215454,0.3578290045261383,128,True,False,False,False
STRAIN_000560,5,LOCAL_W10,2,142,0.9302284121513367,0.06977158784866333,0.37355494499206543,128,True,False,False,False
STRAIN_000560,5,LOCAL_W10,3,242,0.9390239715576172,0.06097602844238281,0.3492165207862854,128,True,False,False,False
STRAIN_000560,5,LOCAL_W10,4,342,0.9441460371017456,0.055853962898254395,0.33422762155532837,128,True,False,False,False
STRAIN_000560,5,LOCAL_W10,5,442,0.9216293692588806,0.07837063074111938,0.39590567350387573,128,True,False,False,False
STRAIN_000567,5,LOCAL_W10,1,42,0.9454381465911865,0.05456185340881348,0.3303387761116028,128,True,False,False,False
STRAIN_000567,5,LOCAL_W10,2,142,0.9591575860977173,0.040842413902282715,0.2858057916164398,128,True,False,False,False
STRAIN_000567,5,LOCAL_W10,3,242,0.9429479837417603,0.057052016258239746,0.3377927541732788,128,True,False,False,False
STRAIN_000567,5,LOCAL_W10,4,342,0.9578184485435486,0.042181551456451416,0.29045340418815613,128,True,False,False,False
STRAIN_000567,5,LOCAL_W10,5,442,0.9518905282020569,0.048109471797943115,0.3101917803287506,128,True,False,False,False
STRAIN_000580,5,LOCAL_W10,1,42,0.9370397925376892,0.06296020746231079,0.35485267639160156,128,True,False,False,False
STRAIN_000580,5,LOCAL_W10,2,142,0.9290004968643188,0.07099950313568115,0.376827597618103,128,True,False,False,False
STRAIN_000580,5,LOCAL_W10,3,242,0.9350532293319702,0.06494677066802979,0.3604072630405426,128,True,False,False,False
STRAIN_000580,5,LOCAL_W10,4,342,0.9279186725616455,0.07208132743835449,0.3796877861022949,128,True,False,False,False
STRAIN_000580,5,LOCAL_W10,5,442,0.9314398169517517,0.06856018304824829,0.37029775977134705,128,True,False,False,False
STRAIN_000588,5,LOCAL_W10,1,42,0.929443359375,0.070556640625,0.3756505250930786,128,True,False,False,False
STRAIN_000588,5,LOCAL_W10,2,142,0.9326820969581604,0.0673179030418396,0.36692753434181213,128,True,False,False,False
STRAIN_000588,5,LOCAL_W10,3,242,0.9270488023757935,0.07295119762420654,0.3819718062877655,128,True,False,False,False
STRAIN_000588,5,LOCAL_W10,4,342,0.9305965304374695,0.06940346956253052,0.3725680410861969,128,True,False,False,False
STRAIN_000588,5,LOCAL_W10,5,442,0.9172062277793884,0.08279377222061157,0.4069245457649231,128,True,False,False,False
STRAIN_000605,5,LOCAL_W10,1,42,0.9393630623817444,0.060636937618255615,0.34824392199516296,128,True,False,False,False
STRAIN_000605,5,LOCAL_W10,2,142,0.9372336864471436,0.06276631355285645,0.35430580377578735,128,True,False,False,False
STRAIN_000605,5,LOCAL_W10,3,242,0.9268479347229004,0.07315206527709961,0.3824971616268158,128,True,False,False,False
STRAIN_000605,5,LOCAL_W10,4,342,0.9299586415290833,0.07004135847091675,0.37427636981010437,128,True,False,False,False
STRAIN_000605,5,LOCAL_W10,5,442,0.9447117447853088,0.05528825521469116,0.33253028988838196,128,True,False,False,False
STRAIN_000607,5,LOCAL_W10,1,42,0.9298430681228638,0.07015693187713623,0.37458476424217224,128,True,False,False,False
STRAIN_000607,5,LOCAL_W10,2,142,0.9273497462272644,0.0726502537727356,0.3811829686164856,128,True,False,False,False
STRAIN_000607,5,LOCAL_W10,3,242,0.9311256408691406,0.06887435913085938,0.371145099401474,128,True,False,False,False
STRAIN_000607,5,LOCAL_W10,4,342,0.9307296276092529,0.06927037239074707,0.37221062183380127,128,True,False,False,False
STRAIN_000607,5,LOCAL_W10,5,442,0.9310085773468018,0.06899142265319824,0.3714604079723358,128,True,False,False,False
STRAIN_000613,5,LOCAL_W10,1,42,0.9273669719696045,0.07263302803039551,0.3811376988887787,128,True,False,False,False
STRAIN_000613,5,LOCAL_W10,2,142,0.9196504950523376,0.08034950494766235,0.40087276697158813,128,True,False,False,False
STRAIN_000613,5,LOCAL_W10,3,242,0.9281754493713379,0.07182455062866211,0.3790106773376465,128,True,False,False,False
STRAIN_000613,5,LOCAL_W10,4,342,0.9201882481575012,0.07981175184249878,0.39952921867370605,128,True,False,False,False
STRAIN_000613,5,LOCAL_W10,5,442,0.9314321875572205,0.06856781244277954,0.3703182637691498,128,True,False,False,False
STRAIN_000617,5,LOCAL_W10,1,42,0.9215309619903564,0.07846903800964355,0.3961539566516876,128,True,False,False,False
STRAIN_000617,5,LOCAL_W10,2,142,0.9100427627563477,0.08995723724365234,0.4241633415222168,128,True,False,False,False
STRAIN_000617,5,LOCAL_W10,3,242,0.9201673865318298,0.07983261346817017,0.3995811343193054,128,True,False,False,False
STRAIN_000617,5,LOCAL_W10,4,342,0.9297340512275696,0.07026594877243042,0.3748759329319,128,True,False,False,False
STRAIN_000617,5,LOCAL_W10,5,442,0.9118678569793701,0.08813214302062988,0.41983848810195923,128,True,False,False,False
STRAIN_000618,5,LOCAL_W10,1,42,0.933323323726654,0.06667667627334595,0.3651760220527649,128,True,False,False,False
STRAIN_000618,5,LOCAL_W10,2,142,0.93848717212677,0.06151282787322998,0.3507498502731323,128,True,False,False,False
STRAIN_000618,5,LOCAL_W10,3,242,0.9279143810272217,0.07208561897277832,0.37969863414764404,128,True,False,False,False
STRAIN_000618,5,LOCAL_W10,4,342,0.937069296836853,0.06293070316314697,0.354769229888916,128,True,False,False,False
STRAIN_000618,5,LOCAL_W10,5,442,0.933436393737793,0.06656360626220703,0.3648660182952881,128,True,False,False,False
STRAIN_000619,5,LOCAL_W10,1,42,0.9199735522270203,0.08002644777297974,0.40006619691848755,128,True,False,False,False
STRAIN_000619,5,LOCAL_W10,2,142,0.9282928705215454,0.07170712947845459,0.37870070338249207,128,True,False,False,False
STRAIN_000619,5,LOCAL_W10,3,242,0.9300715327262878,0.06992846727371216,0.3739745020866394,128,True,False,False,False
STRAIN_000619,5,LOCAL_W10,4,342,0.9350335001945496,0.06496649980545044,0.36046239733695984,128,True,False,False,False
STRAIN_000619,5,LOCAL_W10,5,442,0.939858078956604,0.060141921043395996,0.3468194603919983,128,True,False,False,False
STRAIN_000620,5,LOCAL_W10,1,42,0.9364373087882996,0.06356269121170044,0.35654646158218384,128,True,False,False,False
STRAIN_000620,5,LOCAL_W10,2,142,0.9366297721862793,0.0633702278137207,0.3560065031051636,128,True,False,False,False
STRAIN_000620,5,LOCAL_W10,3,242,0.9398787617683411,0.060121238231658936,0.346760094165802,128,True,False,False,False
STRAIN_000620,5,LOCAL_W10,4,342,0.9391298890113831,0.06087011098861694,0.34891316294670105,128,True,False,False,False
STRAIN_000620,5,LOCAL_W10,5,442,0.9318561553955078,0.06814384460449219,0.3691716492176056,128,True,False,False,False
STRAIN_000621,5,LOCAL_W10,1,42,0.9374674558639526,0.06253254413604736,0.3536454737186432,128,True,False,False,False
STRAIN_000621,5,LOCAL_W10,2,142,0.941387414932251,0.05861258506774902,0.34238201379776,128,True,False,False,False
STRAIN_000621,5,LOCAL_W10,3,242,0.9521409273147583,0.0478590726852417,0.3093835711479187,128,True,False,False,False
STRAIN_000621,5,LOCAL_W10,4,342,0.9417891502380371,0.05821084976196289,0.3412063717842102,128,True,False,False,False
STRAIN_000621,5,LOCAL_W10,5,442,0.9505040645599365,0.04949593544006348,0.3146297037601471,128,True,False,False,False
STRAIN_000629,5,LOCAL_W10,1,42,0.9254956245422363,0.07450437545776367,0.38601648807525635,128,True,False,False,False
STRAIN_000629,5,LOCAL_W10,2,142,0.9186086654663086,0.0813913345336914,0.4034631848335266,128,True,False,False,False
STRAIN_000629,5,LOCAL_W10,3,242,0.9361364245414734,0.06386357545852661,0.3573894500732422,128,True,False,False,False
STRAIN_000629,5,LOCAL_W10,4,342,0.9165838360786438,0.0834161639213562,0.4084510803222656,128,True,False,False,False
STRAIN_000629,5,LOCAL_W10,5,442,0.9452093839645386,0.054790616035461426,0.33103057742118835,128,True,False,False,False
STRAIN_000630,5,LOCAL_W10,1,42,0.9348464012145996,0.06515359878540039,0.36098113656044006,128,True,False,False,False
STRAIN_000630,5,LOCAL_W10,2,142,0.9293390512466431,0.07066094875335693,0.37592813372612,128,True,False,False,False
STRAIN_000630,5,LOCAL_W10,3,242,0.912291407585144,0.08770859241485596,0.41882845759391785,128,True,False,False,False
STRAIN_000630,5,LOCAL_W10,4,342,0.9465542435646057,0.05344575643539429,0.32694298028945923,128,True,False,False,False
STRAIN_000630,5,LOCAL_W10,5,442,0.9383012056350708,0.0616987943649292,0.3512801229953766,128,True,False,False,False
STRAIN_000635,5,LOCAL_W10,1,42,0.9293487071990967,0.07065129280090332,0.37590211629867554,128,True,False,False,False
STRAIN_000635,5,LOCAL_W10,2,142,0.9379688501358032,0.06203114986419678,0.3522247076034546,128,True,False,False,False
STRAIN_000635,5,LOCAL_W10,3,242,0.9342085123062134,0.06579148769378662,0.3627437949180603,128,True,False,False,False
STRAIN_000635,5,LOCAL_W10,4,342,0.9309757947921753,0.06902420520782471,0.37154844403266907,128,True,False,False,False
STRAIN_000635,5,LOCAL_W10,5,442,0.9345197081565857,0.0654802918434143,0.3618844747543335,128,True,False,False,False
STRAIN_000650,5,LOCAL_W10,1,42,0.9508270025253296,0.04917299747467041,0.31360191106796265,128,True,False,False,False
STRAIN_000650,5,LOCAL_W10,2,142,0.9348821640014648,0.06511783599853516,0.3608819544315338,128,True,False,False,False
STRAIN_000650,5,LOCAL_W10,3,242,0.9252374172210693,0.07476258277893066,0.38668468594551086,128,True,False,False,False
STRAIN_000650,5,LOCAL_W10,4,342,0.9448803067207336,0.05511969327926636,0.3320232927799225,128,True,False,False,False
STRAIN_000650,5,LOCAL_W10,5,442,0.9304512739181519,0.06954872608184814,0.3729577958583832,128,True,False,False,False
STRAIN_000652,5,LOCAL_W10,1,42,0.9464308023452759,0.05356919765472412,0.3273199796676636,128,True,False,False,False
STRAIN_000652,5,LOCAL_W10,2,142,0.9390542507171631,0.060945749282836914,0.3491295874118805,128,True,False,False,False
STRAIN_000652,5,LOCAL_W10,3,242,0.9569330215454102,0.043066978454589844,0.293486088514328,128,True,False,False,False
STRAIN_000652,5,LOCAL_W10,4,342,0.9475051164627075,0.05249488353729248,0.3240213692188263,128,True,False,False,False
STRAIN_000652,5,LOCAL_W10,5,442,0.9488441944122314,0.051155805587768555,0.31986203789711,128,True,False,False,False
STRAIN_000663,5,LOCAL_W10,1,42,0.9342489242553711,0.0657510757446289,0.36263230443000793,128,True,False,False,False
STRAIN_000663,5,LOCAL_W10,2,142,0.9388928413391113,0.06110715866088867,0.3495919704437256,128,True,False,False,False
STRAIN_000663,5,LOCAL_W10,3,242,0.9377795457839966,0.06222045421600342,0.3527618646621704,128,True,False,False,False
STRAIN_000663,5,LOCAL_W10,4,342,0.9353804588317871,0.06461954116821289,0.35949862003326416,128,True,False,False,False
STRAIN_000663,5,LOCAL_W10,5,442,0.9317370653152466,0.06826293468475342,0.3694940507411957,128,True,False,False,False
STRAIN_000671,5,LOCAL_W10,1,42,0.9337764978408813,0.06622350215911865,0.3639328181743622,128,True,False,False,False
STRAIN_000671,5,LOCAL_W10,2,142,0.934529185295105,0.06547081470489502,0.36185869574546814,128,True,False,False,False
STRAIN_000671,5,LOCAL_W10,3,242,0.9429142475128174,0.05708575248718262,0.3378926217556,128,True,False,False,False
STRAIN_000671,5,LOCAL_W10,4,342,0.9354038834571838,0.06459611654281616,0.35943320393562317,128,True,False,False,False
STRAIN_000671,5,LOCAL_W10,5,442,0.9358340501785278,0.06416594982147217,0.3582342863082886,128,True,False,False,False
STRAIN_000672,5,LOCAL_W10,1,42,0.9491711258888245,0.05082887411117554,0.3188381791114807,128,True,False,False,False
STRAIN_000672,5,LOCAL_W10,2,142,0.9364429712295532,0.06355702877044678,0.35653042793273926,128,True,False,False,False
STRAIN_000672,5,LOCAL_W10,3,242,0.9363760948181152,0.06362390518188477,0.35671794414520264,128,True,False,False,False
STRAIN_000672,5,LOCAL_W10,4,342,0.9395716786384583,0.06042832136154175,0.34764429926872253,128,True,False,False,False
STRAIN_000672,5,LOCAL_W10,5,442,0.9353349804878235,0.06466501951217651,0.3596247434616089,128,True,False,False,False
STRAIN_000683,5,LOCAL_W10,1,42,0.9233831763267517,0.07661682367324829,0.3914506137371063,128,True,False,False,False
STRAIN_000683,5,LOCAL_W10,2,142,0.921205997467041,0.07879400253295898,0.3969734311103821,128,True,False,False,False
STRAIN_000683,5,LOCAL_W10,3,242,0.929523229598999,0.07047677040100098,0.37543803453445435,128,True,False,False,False
STRAIN_000683,5,LOCAL_W10,4,342,0.9206316471099854,0.07936835289001465,0.39841800928115845,128,True,False,False,False
STRAIN_000683,5,LOCAL_W10,5,442,0.9242883920669556,0.07571160793304443,0.3891315758228302,128,True,False,False,False
STRAIN_000688,5,LOCAL_W10,1,42,0.9372913837432861,0.06270861625671387,0.35414281487464905,128,True,False,False,False
STRAIN_000688,5,LOCAL_W10,2,142,0.9302847385406494,0.06971526145935059,0.37340405583381653,128,True,False,False,False
STRAIN_000688,5,LOCAL_W10,3,242,0.9408042430877686,0.059195756912231445,0.34408071637153625,128,True,False,False,False
STRAIN_000688,5,LOCAL_W10,4,342,0.9372308254241943,0.06276917457580566,0.3543137311935425,128,True,False,False,False
STRAIN_000688,5,LOCAL_W10,5,442,0.9255937933921814,0.0744062066078186,0.38576212525367737,128,True,False,False,False
STRAIN_000693,5,LOCAL_W10,1,42,0.9395812749862671,0.06041872501373291,0.3476170301437378,128,True,False,False,False
STRAIN_000693,5,LOCAL_W10,2,142,0.9412088394165039,0.058791160583496094,0.3429030776023865,128,True,False,False,False
STRAIN_000693,5,LOCAL_W10,3,242,0.9393290281295776,0.06067097187042236,0.3483419716358185,128,True,False,False,False
STRAIN_000693,5,LOCAL_W10,4,342,0.9414986371994019,0.058501362800598145,0.34205663204193115,128,True,False,False,False
STRAIN_000693,5,LOCAL_W10,5,442,0.9419657588005066,0.05803424119949341,0.3406884968280792,128,True,False,False,False
STRAIN_000697,5,LOCAL_W10,1,42,0.9294358491897583,0.0705641508102417,0.3756704032421112,128,True,False,False,False
STRAIN_000697,5,LOCAL_W10,2,142,0.9360326528549194,0.06396734714508057,0.3576793968677521,128,True,False,False,False
STRAIN_000697,5,LOCAL_W10,3,242,0.936231255531311,0.06376874446868896,0.35712385177612305,128,True,False,False,False
STRAIN_000697,5,LOCAL_W10,4,342,0.9221347570419312,0.07786524295806885,0.3946271240711212,128,True,False,False,False
STRAIN_000697,5,LOCAL_W10,5,442,0.9338003993034363,0.06619960069656372,0.3638671338558197,128,True,False,False,False
STRAIN_000698,5,LOCAL_W10,1,42,0.9329842925071716,0.06701570749282837,0.3661029040813446,128,True,False,False,False
STRAIN_000698,5,LOCAL_W10,2,142,0.9309589862823486,0.06904101371765137,0.3715939521789551,128,True,False,False,False
STRAIN_000698,5,LOCAL_W10,3,242,0.9325656890869141,0.06743431091308594,0.3672443926334381,128,True,False,False,False
STRAIN_000698,5,LOCAL_W10,4,342,0.9202410578727722,0.07975894212722778,0.39939701557159424,128,True,False,False,False
STRAIN_000698,5,LOCAL_W10,5,442,0.9405859112739563,0.0594140887260437,0.3447144031524658,128,True,False,False,False
STRAIN_000699,5,LOCAL_W10,1,42,0.937580406665802,0.062419593334198,0.3533257842063904,128,True,False,False,False
STRAIN_000699,5,LOCAL_W10,2,142,0.942359209060669,0.057640790939331055,0.33953139185905457,128,True,False,False,False
STRAIN_000699,5,LOCAL_W10,3,242,0.9245656728744507,0.07543432712554932,0.38841816782951355,128,True,False,False,False
STRAIN_000699,5,LOCAL_W10,4,342,0.9256285429000854,0.07437145709991455,0.3856719434261322,128,True,False,False,False
STRAIN_000699,5,LOCAL_W10,5,442,0.9348573684692383,0.06514263153076172,0.360950767993927,128,True,False,False,False
STRAIN_000700,5,LOCAL_W10,1,42,0.932929277420044,0.06707072257995605,0.3662533462047577,128,True,False,False,False
STRAIN_000700,5,LOCAL_W10,2,142,0.9386731386184692,0.06132686138153076,0.3502194881439209,128,True,False,False,False
STRAIN_000700,5,LOCAL_W10,3,242,0.9412649869918823,0.058735013008117676,0.34273913502693176,128,True,False,False,False
STRAIN_000700,5,LOCAL_W10,4,342,0.930279016494751,0.06972098350524902,0.37341946363449097,128,True,False,False,False
STRAIN_000700,5,LOCAL_W10,5,442,0.9338990449905396,0.06610095500946045,0.36359602212905884,128,True,False,False,False
STRAIN_000706,5,LOCAL_W10,1,42,0.9309684038162231,0.06903159618377686,0.3715687096118927,128,True,False,False,False
STRAIN_000706,5,LOCAL_W10,2,142,0.9292881488800049,0.07071185111999512,0.37606337666511536,128,True,False,False,False
STRAIN_000706,5,LOCAL_W10,3,242,0.9175269603729248,0.0824730396270752,0.4061352610588074,128,True,False,False,False
STRAIN_000706,5,LOCAL_W10,4,342,0.9386184215545654,0.06138157844543457,0.350375771522522,128,True,False,False,False
STRAIN_000706,5,LOCAL_W10,5,442,0.9329362511634827,0.06706374883651733,0.3662341833114624,128,True,False,False,False
STRAIN_000708,5,LOCAL_W10,1,42,0.9425981044769287,0.05740189552307129,0.338826984167099,128,True,False,False,False
STRAIN_000708,5,LOCAL_W10,2,142,0.9328564405441284,0.06714355945587158,0.3664521872997284,128,True,False,False,False
STRAIN_000708,5,LOCAL_W10,3,242,0.9375956058502197,0.06240439414978027,0.3532829284667969,128,True,False,False,False
STRAIN_000708,5,LOCAL_W10,4,342,0.9390302896499634,0.06096971035003662,0.34919819235801697,128,True,False,False,False
STRAIN_000708,5,LOCAL_W10,5,442,0.9389014840126038,0.06109851598739624,0.3495672047138214,128,True,False,False,False
STRAIN_000709,5,LOCAL_W10,1,42,0.9380227327346802,0.061977267265319824,0.3520716428756714,128,True,False,False,False
STRAIN_000709,5,LOCAL_W10,2,142,0.9403068423271179,0.05969315767288208,0.3455232083797455,128,True,False,False,False
STRAIN_000709,5,LOCAL_W10,3,242,0.932837963104248,0.06716203689575195,0.3665025234222412,128,True,False,False,False
STRAIN_000709,5,LOCAL_W10,4,342,0.9433605074882507,0.05663949251174927,0.33656924962997437,128,True,False,False,False
STRAIN_000709,5,LOCAL_W10,5,442,0.9316082000732422,0.06839179992675781,0.3698427081108093,128,True,False,False,False
STRAIN_000717,5,LOCAL_W10,1,42,0.9481232166290283,0.05187678337097168,0.3221082389354706,128,True,False,False,False
STRAIN_000717,5,LOCAL_W10,2,142,0.9340113401412964,0.06598865985870361,0.36328691244125366,128,True,False,False,False
STRAIN_000717,5,LOCAL_W10,3,242,0.934718668460846,0.06528133153915405,0.36133450269699097,128,True,False,False,False
STRAIN_000717,5,LOCAL_W10,4,342,0.9449222683906555,0.05507773160934448,0.3318967819213867,128,True,False,False,False
STRAIN_000717,5,LOCAL_W10,5,442,0.94587242603302,0.05412757396697998,0.32902172207832336,128,True,False,False,False
STRAIN_000721,5,LOCAL_W10,1,42,0.9470518231391907,0.052948176860809326,0.3254173994064331,128,True,False,False,False
STRAIN_000721,5,LOCAL_W10,2,142,0.9488675594329834,0.0511324405670166,0.31978893280029297,128,True,False,False,False
STRAIN_000721,5,LOCAL_W10,3,242,0.9468165636062622,0.05318343639373779,0.32613933086395264,128,True,False,False,False
STRAIN_000721,5,LOCAL_W10,4,342,0.9522528648376465,0.047747135162353516,0.3090217113494873,128,True,False,False,False
STRAIN_000721,5,LOCAL_W10,5,442,0.9484996795654297,0.05150032043457031,0.3209371268749237,128,True,False,False,False
STRAIN_000740,5,LOCAL_W10,1,42,0.9358007311820984,0.06419926881790161,0.35832762718200684,128,True,False,False,False
STRAIN_000740,5,LOCAL_W10,2,142,0.9377826452255249,0.0622173547744751,0.3527531623840332,128,True,False,False,False
STRAIN_000740,5,LOCAL_W10,3,242,0.930312991142273,0.06968700885772705,0.37332844734191895,128,True,False,False,False
STRAIN_000740,5,LOCAL_W10,4,342,0.9317574501037598,0.06824254989624023,0.3694387674331665,128,True,False,False,False
STRAIN_000740,5,LOCAL_W10,5,442,0.9423059225082397,0.057694077491760254,0.33968833088874817,128,True,False,False,False
STRAIN_000751,5,LOCAL_W10,1,42,0.9528611898422241,0.04713881015777588,0.30704668164253235,128,True,False,False,False
STRAIN_000751,5,LOCAL_W10,2,142,0.9512312412261963,0.04876875877380371,0.3123100697994232,128,True,False,False,False
STRAIN_000751,5,LOCAL_W10,3,242,0.9364311695098877,0.0635688304901123,0.3565639853477478,128,True,False,False,False
STRAIN_000751,5,LOCAL_W10,4,342,0.9359819293022156,0.06401807069778442,0.35782158374786377,128,True,False,False,False
STRAIN_000751,5,LOCAL_W10,5,442,0.9478959441184998,0.052104055881500244,0.3228128254413605,128,True,False,False,False
STRAIN_000752,5,LOCAL_W10,1,42,0.947136640548706,0.052863359451293945,0.3251563608646393,128,True,False,False,False
STRAIN_000752,5,LOCAL_W10,2,142,0.9458878040313721,0.05411219596862793,0.32897502183914185,128,True,False,False,False
STRAIN_000752,5,LOCAL_W10,3,242,0.943711519241333,0.05628848075866699,0.3355250358581543,128,True,False,False,False
STRAIN_000752,5,LOCAL_W10,4,342,0.9372409582138062,0.06275904178619385,0.3542853593826294,128,True,False,False,False
STRAIN_000752,5,LOCAL_W10,5,442,0.9320133924484253,0.06798660755157471,0.3687455952167511,128,True,False,False,False
STRAIN_000754,5,LOCAL_W10,1,42,0.9388980865478516,0.06110191345214844,0.34957653284072876,128,True,False,False,False
STRAIN_000754,5,LOCAL_W10,2,142,0.9336581230163574,0.06634187698364258,0.36425793170928955,128,True,False,False,False
STRAIN_000754,5,LOCAL_W10,3,242,0.9345250725746155,0.06547492742538452,0.3618699312210083,128,True,False,False,False
STRAIN_000754,5,LOCAL_W10,4,342,0.9484657049179077,0.051534295082092285,0.3210430443286896,128,True,False,False,False
STRAIN_000754,5,LOCAL_W10,5,442,0.9473365545272827,0.052663445472717285,0.3245410621166229,128,True,False,False,False
STRAIN_000755,5,LOCAL_W10,1,42,0.9349080324172974,0.06509196758270264,0.3608102798461914,128,True,False,False,False
STRAIN_000755,5,LOCAL_W10,2,142,0.9286509156227112,0.07134908437728882,0.3777543008327484,128,True,False,False,False
STRAIN_000755,5,LOCAL_W10,3,242,0.9365568161010742,0.06344318389892578,0.3562113642692566,128,True,False,False,False
STRAIN_000755,5,LOCAL_W10,4,342,0.9350066184997559,0.06499338150024414,0.3605368435382843,128,True,False,False,False
STRAIN_000755,5,LOCAL_W10,5,442,0.9273519515991211,0.0726480484008789,0.3811771273612976,128,True,False,False,False
STRAIN_000757,5,LOCAL_W10,1,42,0.9478330612182617,0.05216693878173828,0.32300764322280884,128,True,False,False,False
STRAIN_000757,5,LOCAL_W10,2,142,0.933527946472168,0.06647205352783203,0.36461496353149414,128,True,False,False,False
STRAIN_000757,5,LOCAL_W10,3,242,0.945544958114624,0.05445504188537598,0.3300151228904724,128,True,False,False,False
STRAIN_000757,5,LOCAL_W10,4,342,0.9408064484596252,0.059193551540374756,0.3440743386745453,128,True,False,False,False
STRAIN_000757,5,LOCAL_W10,5,442,0.9476653337478638,0.05233466625213623,0.3235263526439667,128,True,False,False,False
STRAIN_000758,5,LOCAL_W10,1,42,0.9433701038360596,0.05662989616394043,0.3365408778190613,128,True,False,False,False
STRAIN_000758,5,LOCAL_W10,2,142,0.9283819198608398,0.07161808013916016,0.3784656226634979,128,True,False,False,False
STRAIN_000758,5,LOCAL_W10,3,242,0.9326052665710449,0.06739473342895508,0.3671366572380066,128,True,False,False,False
STRAIN_000758,5,LOCAL_W10,4,342,0.9360291957855225,0.06397080421447754,0.35768887400627136,128,True,False,False,False
STRAIN_000758,5,LOCAL_W10,5,442,0.9405817985534668,0.0594182014465332,0.34472623467445374,128,True,False,False,False
STRAIN_000769,5,LOCAL_W10,1,42,0.9397884607315063,0.06021153926849365,0.3470204472541809,128,True,False,False,False
STRAIN_000769,5,LOCAL_W10,2,142,0.9500245451927185,0.049975454807281494,0.3161501884460449,128,True,False,False,False
STRAIN_000769,5,LOCAL_W10,3,242,0.9437912702560425,0.05620872974395752,0.3352872431278229,128,True,False,False,False
STRAIN_000769,5,LOCAL_W10,4,342,0.9459256529808044,0.05407434701919556,0.32885974645614624,128,True,False,False,False
STRAIN_000769,5,LOCAL_W10,5,442,0.9458735585212708,0.05412644147872925,0.3290180563926697,128,True,False,False,False
STRAIN_000774,5,LOCAL_W10,1,42,0.9353450536727905,0.06465494632720947,0.35959696769714355,128,True,False,False,False
STRAIN_000774,5,LOCAL_W10,2,142,0.9391523003578186,0.060847699642181396,0.3488486409187317,128,True,False,False,False
STRAIN_000774,5,LOCAL_W10,3,242,0.9253605604171753,0.07463943958282471,0.3863662779331207,128,True,False,False,False
STRAIN_000774,5,LOCAL_W10,4,342,0.9415227770805359,0.05847722291946411,0.3419862985610962,128,True,False,False,False
STRAIN_000774,5,LOCAL_W10,5,442,0.94904625415802,0.05095374584197998,0.31922978162765503,128,True,False,False,False
STRAIN_000777,5,LOCAL_W10,1,42,0.9294726848602295,0.07052731513977051,0.3755725026130676,128,True,False,False,False
STRAIN_000777,5,LOCAL_W10,2,142,0.920863151550293,0.07913684844970703,0.39783623814582825,128,True,False,False,False
STRAIN_000777,5,LOCAL_W10,3,242,0.9286868572235107,0.07131314277648926,0.3776588439941406,128,True,False,False,False
STRAIN_000777,5,LOCAL_W10,4,342,0.9235672950744629,0.07643270492553711,0.3909800350666046,128,True,False,False,False
STRAIN_000777,5,LOCAL_W10,5,442,0.9372038245201111,0.06279617547988892,0.35439005494117737,128,True,False,False,False
STRAIN_000792,5,LOCAL_W10,1,42,0.9276083707809448,0.07239162921905518,0.3805038332939148,128,True,False,False,False
STRAIN_000792,5,LOCAL_W10,2,142,0.9338399171829224,0.06616008281707764,0.36375847458839417,128,True,False,False,False
STRAIN_000792,5,LOCAL_W10,3,242,0.9366750717163086,0.0633249282836914,0.3558788597583771,128,True,False,False,False
STRAIN_000792,5,LOCAL_W10,4,342,0.9447810649871826,0.05521893501281738,0.3323221504688263,128,True,False,False,False
STRAIN_000792,5,LOCAL_W10,5,442,0.9327027201652527,0.06729727983474731,0.36687150597572327,128,True,False,False,False
STRAIN_000795,5,LOCAL_W10,1,42,0.9393077492713928,0.06069225072860718,0.3484027087688446,128,True,False,False,False
STRAIN_000795,5,LOCAL_W10,2,142,0.9301810264587402,0.06981897354125977,0.3736814856529236,128,True,False,False,False
STRAIN_000795,5,LOCAL_W10,3,242,0.9337687492370605,0.06623125076293945,0.3639538884162903,128,True,False,False,False
STRAIN_000795,5,LOCAL_W10,4,342,0.9513012766838074,0.04869872331619263,0.31208550930023193,128,True,False,False,False
STRAIN_000795,5,LOCAL_W10,5,442,0.9286507368087769,0.07134926319122314,0.37775442004203796,128,True,False,False,False
STRAIN_000800,5,LOCAL_W10,1,42,0.9323195219039917,0.0676804780960083,0.36791425943374634,128,True,False,False,False
STRAIN_000800,5,LOCAL_W10,2,142,0.9353394508361816,0.06466054916381836,0.35961228609085083,128,True,False,False,False
STRAIN_000800,5,LOCAL_W10,3,242,0.9385513067245483,0.06144869327545166,0.3505672216415405,128,True,False,False,False
STRAIN_000800,5,LOCAL_W10,4,342,0.9317399263381958,0.0682600736618042,0.3694863021373749,128,True,False,False,False
STRAIN_000800,5,LOCAL_W10,5,442,0.9319701194763184,0.06802988052368164,0.3688625395298004,128,True,False,False,False
STRAIN_000807,5,LOCAL_W10,1,42,0.9272212386131287,0.07277876138687134,0.3815199136734009,128,True,False,False,False
STRAIN_000807,5,LOCAL_W10,2,142,0.9336526393890381,0.06634736061096191,0.36427271366119385,128,True,False,False,False
STRAIN_000807,5,LOCAL_W10,3,242,0.9330860376358032,0.06691396236419678,0.3658250570297241,128,True,False,False,False
STRAIN_000807,5,LOCAL_W10,4,342,0.9342141151428223,0.06578588485717773,0.3627282679080963,128,True,False,False,False
STRAIN_000807,5,LOCAL_W10,5,442,0.9352222084999084,0.06477779150009155,0.3599384129047394,128,True,False,False,False
STRAIN_000814,5,LOCAL_W10,1,42,0.9319964051246643,0.0680035948753357,0.3687916398048401,128,True,False,False,False
STRAIN_000814,5,LOCAL_W10,2,142,0.924563467502594,0.075436532497406,0.3884238600730896,128,True,False,False,False
STRAIN_000814,5,LOCAL_W10,3,242,0.9282435774803162,0.07175642251968384,0.37883105874061584,128,True,False,False,False
STRAIN_000814,5,LOCAL_W10,4,342,0.9328752756118774,0.06712472438812256,0.3664008378982544,128,True,False,False,False
STRAIN_000814,5,LOCAL_W10,5,442,0.9334766268730164,0.06652337312698364,0.3647559583187103,128,True,False,False,False
STRAIN_000824,5,LOCAL_W10,1,42,0.9476953744888306,0.052304625511169434,0.3234335780143738,128,True,False,False,False
STRAIN_000824,5,LOCAL_W10,2,142,0.9475910663604736,0.05240893363952637,0.3237558603286743,128,True,False,False,False
STRAIN_000824,5,LOCAL_W10,3,242,0.9444703459739685,0.055529654026031494,0.33325573801994324,128,True,False,False,False
STRAIN_000824,5,LOCAL_W10,4,342,0.9448775053024292,0.0551224946975708,0.33203181624412537,128,True,False,False,False
STRAIN_000824,5,LOCAL_W10,5,442,0.9438201785087585,0.056179821491241455,0.3352009356021881,128,True,False,False,False
STRAIN_000827,5,LOCAL_W10,1,42,0.94621342420578,0.05378657579421997,0.3279835283756256,128,True,False,False,False
STRAIN_000827,5,LOCAL_W10,2,142,0.9409649968147278,0.05903500318527222,0.34361299872398376,128,True,False,False,False
STRAIN_000827,5,LOCAL_W10,3,242,0.9448697566986084,0.0551302433013916,0.3320551812648773,128,True,False,False,False
STRAIN_000827,5,LOCAL_W10,4,342,0.9428516626358032,0.05714833736419678,0.33807799220085144,128,True,False,False,False
STRAIN_000827,5,LOCAL_W10,5,442,0.9387106895446777,0.061289310455322266,0.35011234879493713,128,True,False,False,False
STRAIN_000831,5,LOCAL_W10,1,42,0.9305095672607422,0.06949043273925781,0.3728013038635254,128,True,False,False,False
STRAIN_000831,5,LOCAL_W10,2,142,0.929894208908081,0.07010579109191895,0.374448299407959,128,True,False,False,False
STRAIN_000831,5,LOCAL_W10,3,242,0.9414525032043457,0.0585474967956543,0.34219130873680115,128,True,False,False,False
STRAIN_000831,5,LOCAL_W10,4,342,0.9409189224243164,0.059081077575683594,0.34374693036079407,128,True,False,False,False
STRAIN_000831,5,LOCAL_W10,5,442,0.9365931749343872,0.06340682506561279,0.3561089336872101,128,True,False,False,False
STRAIN_000833,5,LOCAL_W10,1,42,0.9242597222328186,0.0757402777671814,0.38920506834983826,128,True,False,False,False
STRAIN_000833,5,LOCAL_W10,2,142,0.9699945449829102,0.030005455017089844,0.24497127532958984,128,True,False,False,False
STRAIN_000833,5,LOCAL_W10,3,242,0.9770020246505737,0.02299797534942627,0.21446633338928223,128,True,False,False,False
STRAIN_000833,5,LOCAL_W10,4,342,0.9571406841278076,0.04285931587219238,0.29277729988098145,128,True,False,False,False
STRAIN_000833,5,LOCAL_W10,5,442,0.9618436098098755,0.03815639019012451,0.27624768018722534,128,True,False,False,False
STRAIN_000842,5,LOCAL_W10,1,42,0.9307891130447388,0.06921088695526123,0.37205058336257935,128,True,False,False,False
STRAIN_000842,5,LOCAL_W10,2,142,0.9252506494522095,0.07474935054779053,0.38665056228637695,128,True,False,False,False
STRAIN_000842,5,LOCAL_W10,3,242,0.9266042113304138,0.07339578866958618,0.3831339180469513,128,True,False,False,False
STRAIN_000842,5,LOCAL_W10,4,342,0.9305717945098877,0.0694282054901123,0.37263429164886475,128,True,False,False,False
STRAIN_000842,5,LOCAL_W10,5,442,0.9274949431419373,0.07250505685806274,0.3808020055294037,128,True,False,False,False
STRAIN_000843,5,LOCAL_W10,1,42,0.9330070614814758,0.06699293851852417,0.36604082584381104,128,True,False,False,False
STRAIN_000843,5,LOCAL_W10,2,142,0.9263290166854858,0.07367098331451416,0.38385164737701416,128,True,False,False,False
STRAIN_000843,5,LOCAL_W10,3,242,0.9441757798194885,0.055824220180511475,0.3341384530067444,128,True,False,False,False
STRAIN_000843,5,LOCAL_W10,4,342,0.9273465871810913,0.07265341281890869,0.38119131326675415,128,True,False,False,False
STRAIN_000843,5,LOCAL_W10,5,442,0.9377045631408691,0.06229543685913086,0.35297438502311707,128,True,False,False,False
STRAIN_000844,5,LOCAL_W10,1,42,0.9207844138145447,0.07921558618545532,0.3980340361595154,128,True,False,False,False
STRAIN_000844,5,LOCAL_W10,2,142,0.9220722317695618,0.07792776823043823,0.3947852849960327,128,True,False,False,False
STRAIN_000844,5,LOCAL_W10,3,242,0.9340558052062988,0.06594419479370117,0.36316442489624023,128,True,False,False,False
STRAIN_000844,5,LOCAL_W10,4,342,0.9358943700790405,0.06410562992095947,0.3580661118030548,128,True,False,False,False
STRAIN_000844,5,LOCAL_W10,5,442,0.926688551902771,0.073311448097229,0.38291358947753906,128,True,False,False,False
STRAIN_000847,5,LOCAL_W10,1,42,0.9407581686973572,0.05924183130264282,0.3442143201828003,128,True,False,False,False
STRAIN_000847,5,LOCAL_W10,2,142,0.9366267323493958,0.06337326765060425,0.3560149073600769,128,True,False,False,False
STRAIN_000847,5,LOCAL_W10,3,242,0.9355525970458984,0.06444740295410156,0.359019011259079,128,True,False,False,False
STRAIN_000847,5,LOCAL_W10,4,342,0.944888710975647,0.05511128902435303,0.33199799060821533,128,True,False,False,False
STRAIN_000847,5,LOCAL_W10,5,442,0.9375056624412537,0.06249433755874634,0.3535372018814087,128,True,False,False,False
STRAIN_000848,5,LOCAL_W10,1,42,0.9277713894844055,0.07222861051559448,0.3800753951072693,128,True,False,False,False
STRAIN_000848,5,LOCAL_W10,2,142,0.9176735877990723,0.08232641220092773,0.4057745635509491,128,True,False,False,False
STRAIN_000848,5,LOCAL_W10,3,242,0.9235288500785828,0.07647114992141724,0.3910784125328064,128,True,False,False,False
STRAIN_000848,5,LOCAL_W10,4,342,0.9362154006958008,0.06378459930419922,0.3571684956550598,128,True,False,False,False
STRAIN_000848,5,LOCAL_W10,5,442,0.9345077276229858,0.06549227237701416,0.3619178235530853,128,True,False,False,False
STRAIN_000860,5,LOCAL_W10,1,42,0.9421636462211609,0.05783635377883911,0.34010711312294006,128,True,False,False,False
STRAIN_000860,5,LOCAL_W10,2,142,0.9369511604309082,0.0630488395690918,0.35510265827178955,128,True,False,False,False
STRAIN_000860,5,LOCAL_W10,3,242,0.9368551969528198,0.06314480304718018,0.35537251830101013,128,True,False,False,False
STRAIN_000860,5,LOCAL_W10,4,342,0.9303392171859741,0.06966078281402588,0.37325817346572876,128,True,False,False,False
STRAIN_000860,5,LOCAL_W10,5,442,0.9312748908996582,0.0687251091003418,0.3707430064678192,128,True,False,False,False
STRAIN_000870,5,LOCAL_W10,1,42,0.9365929365158081,0.0634070634841919,0.356109619140625,128,True,False,False,False
STRAIN_000870,5,LOCAL_W10,2,142,0.9339458346366882,0.06605416536331177,0.3634669780731201,128,True,False,False,False
STRAIN_000870,5,LOCAL_W10,3,242,0.9377375245094299,0.06226247549057007,0.35288098454475403,128,True,False,False,False
STRAIN_000870,5,LOCAL_W10,4,342,0.9314903616905212,0.06850963830947876,0.3701612651348114,128,True,False,False,False
STRAIN_000870,5,LOCAL_W10,5,442,0.934783935546875,0.065216064453125,0.36115381121635437,128,True,False,False,False
STRAIN_000872,5,LOCAL_W10,1,42,0.9453586339950562,0.05464136600494385,0.330579549074173,128,True,False,False,False
STRAIN_000872,5,LOCAL_W10,2,142,0.9347827434539795,0.06521725654602051,0.36115729808807373,128,True,False,False,False
STRAIN_000872,5,LOCAL_W10,3,242,0.9366923570632935,0.06330764293670654,0.3558301627635956,128,True,False,False,False
STRAIN_000872,5,LOCAL_W10,4,342,0.9466769695281982,0.05332303047180176,0.32656705379486084,128,True,False,False,False
STRAIN_000872,5,LOCAL_W10,5,442,0.9424841403961182,0.057515859603881836,0.3391628861427307,128,True,False,False,False
STRAIN_000879,5,LOCAL_W10,1,42,0.9321680665016174,0.06783193349838257,0.368325799703598,128,True,False,False,False
STRAIN_000879,5,LOCAL_W10,2,142,0.920036792755127,0.07996320724487305,0.3999079465866089,128,True,False,False,False
STRAIN_000879,5,LOCAL_W10,3,242,0.9262260794639587,0.07377392053604126,0.3841197192668915,128,True,False,False,False
STRAIN_000879,5,LOCAL_W10,4,342,0.928902268409729,0.071097731590271,0.37708789110183716,128,True,False,False,False
STRAIN_000879,5,LOCAL_W10,5,442,0.9291750192642212,0.07082498073577881,0.3763643205165863,128,True,False,False,False
STRAIN_000894,5,LOCAL_W10,1,42,0.9463249444961548,0.053675055503845215,0.32764360308647156,128,True,False,False,False
STRAIN_000894,5,LOCAL_W10,2,142,0.9400563836097717,0.05994361639022827,0.3462476432323456,128,True,False,False,False
STRAIN_000894,5,LOCAL_W10,3,242,0.9283479452133179,0.07165205478668213,0.3785552680492401,128,True,False,False,False
STRAIN_000894,5,LOCAL_W10,4,342,0.945371687412262,0.05462831258773804,0.3305400013923645,128,True,False,False,False
STRAIN_000894,5,LOCAL_W10,5,442,0.9364557266235352,0.06354427337646484,0.3564949631690979,128,True,False,False,False
STRAIN_000897,5,LOCAL_W10,1,42,0.9289778470993042,0.0710221529006958,0.3768875300884247,128,True,False,False,False
STRAIN_000897,5,LOCAL_W10,2,142,0.9292144179344177,0.07078558206558228,0.37625956535339355,128,True,False,False,False
STRAIN_000897,5,LOCAL_W10,3,242,0.9248736500740051,0.07512634992599487,0.3876243829727173,128,True,False,False,False
STRAIN_000897,5,LOCAL_W10,4,342,0.9252772331237793,0.0747227668762207,0.38658174872398376,128,True,False,False,False
STRAIN_000897,5,LOCAL_W10,5,442,0.9200358390808105,0.07996416091918945,0.3999102711677551,128,True,False,False,False
STRAIN_000901,5,LOCAL_W10,1,42,0.9403262138366699,0.05967378616333008,0.345467209815979,128,True,False,False,False
STRAIN_000901,5,LOCAL_W10,2,142,0.9340975284576416,0.0659024715423584,0.3630492687225342,128,True,False,False,False
STRAIN_000901,5,LOCAL_W10,3,242,0.9301179647445679,0.06988203525543213,0.37385034561157227,128,True,False,False,False
STRAIN_000901,5,LOCAL_W10,4,342,0.9287593364715576,0.07124066352844238,0.3774670362472534,128,True,False,False,False
STRAIN_000901,5,LOCAL_W10,5,442,0.9349492788314819,0.06505072116851807,0.36069566011428833,128,True,False,False,False
STRAIN_000908,5,LOCAL_W10,1,42,0.9438328742980957,0.0561671257019043,0.33516308665275574,128,True,False,False,False
STRAIN_000908,5,LOCAL_W10,2,142,0.9436062574386597,0.05639374256134033,0.33583828806877136,128,True,False,False,False
STRAIN_000908,5,LOCAL_W10,3,242,0.9401699304580688,0.05983006954193115,0.3459191620349884,128,True,False,False,False
STRAIN_000908,5,LOCAL_W10,4,342,0.9394793510437012,0.06052064895629883,0.3479096293449402,128,True,False,False,False
STRAIN_000908,5,LOCAL_W10,5,442,0.9384078979492188,0.06159210205078125,0.3509761691093445,128,True,False,False,False
STRAIN_000918,5,LOCAL_W10,1,42,0.9447507262229919,0.05524927377700806,0.33241304755210876,128,True,False,False,False
STRAIN_000918,5,LOCAL_W10,2,142,0.9084502458572388,0.09154975414276123,0.42790132761001587,128,True,False,False,False
STRAIN_000918,5,LOCAL_W10,3,242,0.9438081979751587,0.05619180202484131,0.33523672819137573,128,True,False,False,False
STRAIN_000918,5,LOCAL_W10,4,342,0.9332756400108337,0.06672435998916626,0.36530613899230957,128,True,False,False,False
STRAIN_000918,5,LOCAL_W10,5,442,0.9249549508094788,0.07504504919052124,0.3874146342277527,128,True,False,False,False
STRAIN_000925,5,LOCAL_W10,1,42,0.9345124959945679,0.06548750400543213,0.36190491914749146,128,True,False,False,False
STRAIN_000925,5,LOCAL_W10,2,142,0.936615526676178,0.06338447332382202,0.35604631900787354,128,True,False,False,False
STRAIN_000925,5,LOCAL_W10,3,242,0.9341690540313721,0.06583094596862793,0.3628525137901306,128,True,False,False,False
STRAIN_000925,5,LOCAL_W10,4,342,0.9373343586921692,0.06266564130783081,0.35402148962020874,128,True,False,False,False
STRAIN_000925,5,LOCAL_W10,5,442,0.9353634119033813,0.06463658809661865,0.3595459461212158,128,True,False,False,False
STRAIN_000928,5,LOCAL_W10,1,42,0.93327397108078,0.06672602891921997,0.3653108477592468,128,True,False,False,False
STRAIN_000928,5,LOCAL_W10,2,142,0.9331229329109192,0.06687706708908081,0.36572420597076416,128,True,False,False,False
STRAIN_000928,5,LOCAL_W10,3,242,0.9307770729064941,0.06922292709350586,0.37208303809165955,128,True,False,False,False
STRAIN_000928,5,LOCAL_W10,4,342,0.935840368270874,0.06415963172912598,0.3582168519496918,128,True,False,False,False
STRAIN_000928,5,LOCAL_W10,5,442,0.9336864948272705,0.06631350517272949,0.3641798794269562,128,True,False,False,False
STRAIN_000932,5,LOCAL_W10,1,42,0.9344273805618286,0.06557261943817139,0.36214014887809753,128,True,False,False,False
STRAIN_000932,5,LOCAL_W10,2,142,0.9391341209411621,0.06086587905883789,0.3489011526107788,128,True,False,False,False
STRAIN_000932,5,LOCAL_W10,3,242,0.9338465332984924,0.06615346670150757,0.3637404441833496,128,True,False,False,False
STRAIN_000932,5,LOCAL_W10,4,342,0.9396932125091553,0.06030678749084473,0.34729474782943726,128,True,False,False,False
STRAIN_000932,5,LOCAL_W10,5,442,0.9361368417739868,0.06386315822601318,0.35738834738731384,128,True,False,False,False
STRAIN_000946,5,LOCAL_W10,1,42,0.9265434741973877,0.0734565258026123,0.38329261541366577,128,True,False,False,False
STRAIN_000946,5,LOCAL_W10,2,142,0.9263034462928772,0.0736965537071228,0.38391804695129395,128,True,False,False,False
STRAIN_000946,5,LOCAL_W10,3,242,0.9352796077728271,0.06472039222717285,0.35977891087532043,128,True,False,False,False
STRAIN_000946,5,LOCAL_W10,4,342,0.936323881149292,0.06367611885070801,0.35686466097831726,128,True,False,False,False
STRAIN_000946,5,LOCAL_W10,5,442,0.931371808052063,0.06862819194793701,0.37048137187957764,128,True,False,False,False
STRAIN_000950,5,LOCAL_W10,1,42,0.9289616346359253,0.07103836536407471,0.37693077325820923,128,True,False,False,False
STRAIN_000950,5,LOCAL_W10,2,142,0.9450093507766724,0.05499064922332764,0.33163461089134216,128,True,False,False,False
STRAIN_000950,5,LOCAL_W10,3,242,0.9316369295120239,0.06836307048797607,0.36976513266563416,128,True,False,False,False
STRAIN_000950,5,LOCAL_W10,4,342,0.931389570236206,0.06861042976379395,0.37043339014053345,128,True,False,False,False
STRAIN_000950,5,LOCAL_W10,5,442,0.9361264705657959,0.0638735294342041,0.35741740465164185,128,True,False,False,False
STRAIN_000957,5,LOCAL_W10,1,42,0.921305239200592,0.07869476079940796,0.39672350883483887,128,True,False,False,False
STRAIN_000957,5,LOCAL_W10,2,142,0.9236116409301758,0.07638835906982422,0.39086660742759705,128,True,False,False,False
STRAIN_000957,5,LOCAL_W10,3,242,0.939164400100708,0.06083559989929199,0.3488137722015381,128,True,False,False,False
STRAIN_000957,5,LOCAL_W10,4,342,0.9348165988922119,0.06518340110778809,0.3610633611679077,128,True,False,False,False
STRAIN_000957,5,LOCAL_W10,5,442,0.9218446016311646,0.07815539836883545,0.39536145329475403,128,True,False,False,False
STRAIN_000958,5,LOCAL_W10,1,42,0.9396542906761169,0.06034570932388306,0.34740641713142395,128,True,False,False,False
STRAIN_000958,5,LOCAL_W10,2,142,0.9352431297302246,0.06475687026977539,0.3598804771900177,128,True,False,False,False
STRAIN_000958,5,LOCAL_W10,3,242,0.940314531326294,0.059685468673706055,0.3455010652542114,128,True,False,False,False
STRAIN_000958,5,LOCAL_W10,4,342,0.9413804411888123,0.058619558811187744,0.34240201115608215,128,True,False,False,False
STRAIN_000958,5,LOCAL_W10,5,442,0.9428392052650452,0.057160794734954834,0.33811500668525696,128,True,False,False,False
STRAIN_000959,5,LOCAL_W10,1,42,0.9340430498123169,0.0659569501876831,0.36319926381111145,128,True,False,False,False
STRAIN_000959,5,LOCAL_W10,2,142,0.9273120164871216,0.07268798351287842,0.3812818229198456,128,True,False,False,False
STRAIN_000959,5,LOCAL_W10,3,242,0.9308124780654907,0.06918752193450928,0.371987521648407,128,True,False,False,False
STRAIN_000959,5,LOCAL_W10,4,342,0.9207689166069031,0.07923108339309692,0.39807310700416565,128,True,False,False,False
STRAIN_000959,5,LOCAL_W10,5,442,0.9338246583938599,0.06617534160614014,0.36380013823509216,128,True,False,False,False
STRAIN_000980,5,LOCAL_W10,1,42,0.9281740188598633,0.07182598114013672,0.3790145516395569,128,True,False,False,False
STRAIN_000980,5,LOCAL_W10,2,142,0.9319392442703247,0.06806075572967529,0.3689465820789337,128,True,False,False,False
STRAIN_000980,5,LOCAL_W10,3,242,0.9280784726142883,0.07192152738571167,0.3792663812637329,128,True,False,False,False
STRAIN_000980,5,LOCAL_W10,4,342,0.9327314496040344,0.06726855039596558,0.36679312586784363,128,True,False,False,False
STRAIN_000980,5,LOCAL_W10,5,442,0.9195012450218201,0.08049875497817993,0.4012450873851776,128,True,False,False,False
STRAIN_000985,5,LOCAL_W10,1,42,0.9403281807899475,0.05967181921005249,0.34546181559562683,128,True,False,False,False
STRAIN_000985,5,LOCAL_W10,2,142,0.9328618049621582,0.0671381950378418,0.3664374053478241,128,True,False,False,False
STRAIN_000985,5,LOCAL_W10,3,242,0.9217956066131592,0.07820439338684082,0.3954857587814331,128,True,False,False,False
STRAIN_000985,5,LOCAL_W10,4,342,0.94105064868927,0.05894935131072998,0.34336379170417786,128,True,False,False,False
STRAIN_000985,5,LOCAL_W10,5,442,0.93807053565979,0.06192946434020996,0.3519362509250641,128,True,False,False,False
STRAIN_001005,5,LOCAL_W10,1,42,0.9405193328857422,0.05948066711425781,0.3449077010154724,128,True,False,False,False
STRAIN_001005,5,LOCAL_W10,2,142,0.9421886205673218,0.05781137943267822,0.340033620595932,128,True,False,False,False
STRAIN_001005,5,LOCAL_W10,3,242,0.9395307898521423,0.060469210147857666,0.347761869430542,128,True,False,False,False
STRAIN_001005,5,LOCAL_W10,4,342,0.9326758980751038,0.06732410192489624,0.36694446206092834,128,True,False,False,False
STRAIN_001005,5,LOCAL_W10,5,442,0.923026442527771,0.076973557472229,0.392361044883728,128,True,False,False,False
STRAIN_001008,5,LOCAL_W10,1,42,0.9467954039573669,0.05320459604263306,0.32620441913604736,128,True,False,False,False
STRAIN_001008,5,LOCAL_W10,2,142,0.9370481967926025,0.06295180320739746,0.35482895374298096,128,True,False,False,False
STRAIN_001008,5,LOCAL_W10,3,242,0.9476702809333801,0.05232971906661987,0.3235113024711609,128,True,False,False,False
STRAIN_001008,5,LOCAL_W10,4,342,0.9393540024757385,0.060645997524261475,0.34827008843421936,128,True,False,False,False
STRAIN_001008,5,LOCAL_W10,5,442,0.9444777965545654,0.05552220344543457,0.3332333564758301,128,True,False,False,False
STRAIN_001014,5,LOCAL_W10,1,42,0.9336971640586853,0.0663028359413147,0.36415040493011475,128,True,False,False,False
STRAIN_001014,5,LOCAL_W10,2,142,0.9321097731590271,0.0678902268409729,0.36848390102386475,128,True,False,False,False
STRAIN_001014,5,LOCAL_W10,3,242,0.9320636987686157,0.06793630123138428,0.3686090111732483,128,True,False,False,False
STRAIN_001014,5,LOCAL_W10,4,342,0.9361755847930908,0.06382441520690918,0.35727956891059875,128,True,False,False,False
STRAIN_001014,5,LOCAL_W10,5,442,0.9341037273406982,0.06589627265930176,0.3630324602127075,128,True,False,False,False
STRAIN_001017,5,LOCAL_W10,1,42,0.9452776312828064,0.054722368717193604,0.3308243155479431,128,True,False,False,False
STRAIN_001017,5,LOCAL_W10,2,142,0.9387251138687134,0.06127488613128662,0.35007116198539734,128,True,False,False,False
STRAIN_001017,5,LOCAL_W10,3,242,0.9422697424888611,0.057730257511138916,0.33979469537734985,128,True,False,False,False
STRAIN_001017,5,LOCAL_W10,4,342,0.9444255828857422,0.05557441711425781,0.3333897888660431,128,True,False,False,False
STRAIN_001017,5,LOCAL_W10,5,442,0.9438766241073608,0.05612337589263916,0.3350326716899872,128,True,False,False,False
STRAIN_001018,5,LOCAL_W10,1,42,0.9280595779418945,0.07194042205810547,0.3793163299560547,128,True,False,False,False
STRAIN_001018,5,LOCAL_W10,2,142,0.9367059469223022,0.06329405307769775,0.35579243302345276,128,True,False,False,False
STRAIN_001018,5,LOCAL_W10,3,242,0.9379701614379883,0.06202983856201172,0.35222113132476807,128,True,False,False,False
STRAIN_001018,5,LOCAL_W10,4,342,0.9335544109344482,0.06644558906555176,0.3645424544811249,128,True,False,False,False
STRAIN_001018,5,LOCAL_W10,5,442,0.9381760358810425,0.06182396411895752,0.35163614153862,128,True,False,False,False
STRAIN_001025,5,LOCAL_W10,1,42,0.9235929250717163,0.07640707492828369,0.3909146785736084,128,True,False,False,False
STRAIN_001025,5,LOCAL_W10,2,142,0.9262278079986572,0.07377219200134277,0.3841151297092438,128,True,False,False,False
STRAIN_001025,5,LOCAL_W10,3,242,0.9456688165664673,0.054331183433532715,0.3296396732330322,128,True,False,False,False
STRAIN_001025,5,LOCAL_W10,4,342,0.9467264413833618,0.053273558616638184,0.3264155983924866,128,True,False,False,False
STRAIN_001025,5,LOCAL_W10,5,442,0.9342461824417114,0.06575381755828857,0.3626401126384735,128,True,False,False,False
