strain_entity_id,outer_fold,control_type,replicate,seed,cosine_true_control,embedding_displacement,l2_distance,embedding_dimension,fold_matched_encoder,phenotype_labels_used,encoder_retrained,encoder_finetuned
STRAIN_000002,1,LOCAL_W10,1,42,0.9494420886039734,0.05055791139602661,0.31798726320266724,128,True,False,False,False
STRAIN_000002,1,LOCAL_W10,2,142,0.9481409192085266,0.05185908079147339,0.32205313444137573,128,True,False,False,False
STRAIN_000002,1,LOCAL_W10,3,242,0.947688639163971,0.05231136083602905,0.32345443964004517,128,True,False,False,False
STRAIN_000002,1,LOCAL_W10,4,342,0.946372389793396,0.053627610206604004,0.32749828696250916,128,True,False,False,False
STRAIN_000002,1,LOCAL_W10,5,442,0.9528849124908447,0.04711508750915527,0.30696937441825867,128,True,False,False,False
STRAIN_000015,1,LOCAL_W10,1,42,0.9361964464187622,0.06380355358123779,0.35722148418426514,128,True,False,False,False
STRAIN_000015,1,LOCAL_W10,2,142,0.934859037399292,0.06514096260070801,0.3609461188316345,128,True,False,False,False
STRAIN_000015,1,LOCAL_W10,3,242,0.9246944189071655,0.07530558109283447,0.3880867063999176,128,True,False,False,False
STRAIN_000015,1,LOCAL_W10,4,342,0.9328476190567017,0.06715238094329834,0.3664764165878296,128,True,False,False,False
STRAIN_000015,1,LOCAL_W10,5,442,0.922645092010498,0.07735490798950195,0.39333176612854004,128,True,False,False,False
STRAIN_000033,1,LOCAL_W10,1,42,0.9364690780639648,0.06353092193603516,0.3564572334289551,128,True,False,False,False
STRAIN_000033,1,LOCAL_W10,2,142,0.9289537668228149,0.07104623317718506,0.3769514560699463,128,True,False,False,False
STRAIN_000033,1,LOCAL_W10,3,242,0.937564492225647,0.06243550777435303,0.35337090492248535,128,True,False,False,False
STRAIN_000033,1,LOCAL_W10,4,342,0.9375431537628174,0.06245684623718262,0.3534314036369324,128,True,False,False,False
STRAIN_000033,1,LOCAL_W10,5,442,0.9249571561813354,0.07504284381866455,0.3874088525772095,128,True,False,False,False
STRAIN_000070,1,LOCAL_W10,1,42,0.933057427406311,0.06694257259368896,0.36590322852134705,128,True,False,False,False
STRAIN_000070,1,LOCAL_W10,2,142,0.9311479330062866,0.06885206699371338,0.37108486890792847,128,True,False,False,False
STRAIN_000070,1,LOCAL_W10,3,242,0.9155998229980469,0.08440017700195312,0.4108531177043915,128,True,False,False,False
STRAIN_000070,1,LOCAL_W10,4,342,0.9233566522598267,0.07664334774017334,0.3915182948112488,128,True,False,False,False
STRAIN_000070,1,LOCAL_W10,5,442,0.9269567728042603,0.07304322719573975,0.38221248984336853,128,True,False,False,False
STRAIN_000075,1,LOCAL_W10,1,42,0.6905434131622314,0.30945658683776855,0.7867103219032288,128,True,False,False,False
STRAIN_000075,1,LOCAL_W10,2,142,0.7303351163864136,0.2696648836135864,0.7343907356262207,128,True,False,False,False
STRAIN_000075,1,LOCAL_W10,3,242,0.8565307855606079,0.1434692144393921,0.535666286945343,128,True,False,False,False
STRAIN_000075,1,LOCAL_W10,4,342,0.7990575432777405,0.20094245672225952,0.6339439153671265,128,True,False,False,False
STRAIN_000075,1,LOCAL_W10,5,442,0.8981382846832275,0.10186171531677246,0.4513574242591858,128,True,False,False,False
STRAIN_000113,1,LOCAL_W10,1,42,0.9569318294525146,0.04306817054748535,0.29349008202552795,128,True,False,False,False
STRAIN_000113,1,LOCAL_W10,2,142,0.9532217979431152,0.046778202056884766,0.30587026476860046,128,True,False,False,False
STRAIN_000113,1,LOCAL_W10,3,242,0.9554600715637207,0.0445399284362793,0.29846251010894775,128,True,False,False,False
STRAIN_000113,1,LOCAL_W10,4,342,0.9536137580871582,0.0463862419128418,0.30458569526672363,128,True,False,False,False
STRAIN_000113,1,LOCAL_W10,5,442,0.952268123626709,0.047731876373291016,0.30897217988967896,128,True,False,False,False
STRAIN_000114,1,LOCAL_W10,1,42,0.9122274518013,0.08777254819869995,0.41898128390312195,128,True,False,False,False
STRAIN_000114,1,LOCAL_W10,2,142,0.9155396223068237,0.08446037769317627,0.41099968552589417,128,True,False,False,False
STRAIN_000114,1,LOCAL_W10,3,242,0.9242000579833984,0.07579994201660156,0.38935837149620056,128,True,False,False,False
STRAIN_000114,1,LOCAL_W10,4,342,0.9249395132064819,0.07506048679351807,0.387454628944397,128,True,False,False,False
STRAIN_000114,1,LOCAL_W10,5,442,0.9372550845146179,0.06274491548538208,0.35424551367759705,128,True,False,False,False
STRAIN_000115,1,LOCAL_W10,1,42,0.9183448553085327,0.08165514469146729,0.4041166305541992,128,True,False,False,False
STRAIN_000115,1,LOCAL_W10,2,142,0.9220232963562012,0.07797670364379883,0.39490923285484314,128,True,False,False,False
STRAIN_000115,1,LOCAL_W10,3,242,0.9260403513908386,0.07395964860916138,0.38460272550582886,128,True,False,False,False
STRAIN_000115,1,LOCAL_W10,4,342,0.9045768976211548,0.09542310237884521,0.4368593096733093,128,True,False,False,False
STRAIN_000115,1,LOCAL_W10,5,442,0.9171645641326904,0.08283543586730957,0.40702685713768005,128,True,False,False,False
STRAIN_000118,1,LOCAL_W10,1,42,0.9378660321235657,0.062133967876434326,0.3525165021419525,128,True,False,False,False
STRAIN_000118,1,LOCAL_W10,2,142,0.9333503246307373,0.0666496753692627,0.3651019036769867,128,True,False,False,False
STRAIN_000118,1,LOCAL_W10,3,242,0.9408890604972839,0.059110939502716064,0.34383413195610046,128,True,False,False,False
STRAIN_000118,1,LOCAL_W10,4,342,0.943838357925415,0.05616164207458496,0.3351467549800873,128,True,False,False,False
STRAIN_000118,1,LOCAL_W10,5,442,0.933819055557251,0.06618094444274902,0.3638157248497009,128,True,False,False,False
STRAIN_000119,1,LOCAL_W10,1,42,0.9412013292312622,0.05879867076873779,0.342924565076828,128,True,False,False,False
STRAIN_000119,1,LOCAL_W10,2,142,0.9359835386276245,0.06401646137237549,0.357817143201828,128,True,False,False,False
STRAIN_000119,1,LOCAL_W10,3,242,0.9320087432861328,0.06799125671386719,0.3687579035758972,128,True,False,False,False
STRAIN_000119,1,LOCAL_W10,4,342,0.9406920075416565,0.059307992458343506,0.34440675377845764,128,True,False,False,False
STRAIN_000119,1,LOCAL_W10,5,442,0.930871844291687,0.06912815570831299,0.3718283474445343,128,True,False,False,False
STRAIN_000125,1,LOCAL_W10,1,42,0.9215114712715149,0.07848852872848511,0.3962031602859497,128,True,False,False,False
STRAIN_000125,1,LOCAL_W10,2,142,0.9220848679542542,0.07791513204574585,0.39475324749946594,128,True,False,False,False
STRAIN_000125,1,LOCAL_W10,3,242,0.9260678291320801,0.07393217086791992,0.3845311403274536,128,True,False,False,False
STRAIN_000125,1,LOCAL_W10,4,342,0.9270171523094177,0.07298284769058228,0.3820543885231018,128,True,False,False,False
STRAIN_000125,1,LOCAL_W10,5,442,0.9212261438369751,0.0787738561630249,0.39692267775535583,128,True,False,False,False
STRAIN_000130,1,LOCAL_W10,1,42,0.9480675458908081,0.051932454109191895,0.3222806751728058,128,True,False,False,False
STRAIN_000130,1,LOCAL_W10,2,142,0.9465779066085815,0.05342209339141846,0.32687005400657654,128,True,False,False,False
STRAIN_000130,1,LOCAL_W10,3,242,0.9495306015014648,0.050469398498535156,0.3177083134651184,128,True,False,False,False
STRAIN_000130,1,LOCAL_W10,4,342,0.9473464488983154,0.05265355110168457,0.3245105743408203,128,True,False,False,False
STRAIN_000130,1,LOCAL_W10,5,442,0.955566942691803,0.04443305730819702,0.29810404777526855,128,True,False,False,False
STRAIN_000134,1,LOCAL_W10,1,42,0.9539608359336853,0.0460391640663147,0.3034442067146301,128,True,False,False,False
STRAIN_000134,1,LOCAL_W10,2,142,0.951758861541748,0.04824113845825195,0.31061631441116333,128,True,False,False,False
STRAIN_000134,1,LOCAL_W10,3,242,0.9479182958602905,0.05208170413970947,0.32274383306503296,128,True,False,False,False
STRAIN_000134,1,LOCAL_W10,4,342,0.9549331665039062,0.04506683349609375,0.30022284388542175,128,True,False,False,False
STRAIN_000134,1,LOCAL_W10,5,442,0.9393830299377441,0.06061697006225586,0.34818655252456665,128,True,False,False,False
STRAIN_000142,1,LOCAL_W10,1,42,0.9433802366256714,0.05661976337432861,0.33651086688041687,128,True,False,False,False
STRAIN_000142,1,LOCAL_W10,2,142,0.9359992146492004,0.06400078535079956,0.3577730357646942,128,True,False,False,False
STRAIN_000142,1,LOCAL_W10,3,242,0.9366756081581116,0.06332439184188843,0.3558776378631592,128,True,False,False,False
STRAIN_000142,1,LOCAL_W10,4,342,0.9388619661331177,0.061138033866882324,0.34968000650405884,128,True,False,False,False
STRAIN_000142,1,LOCAL_W10,5,442,0.9297164082527161,0.07028359174728394,0.3749229907989502,128,True,False,False,False
STRAIN_000143,1,LOCAL_W10,1,42,0.9457672834396362,0.05423271656036377,0.3293410539627075,128,True,False,False,False
STRAIN_000143,1,LOCAL_W10,2,142,0.9455200433731079,0.05447995662689209,0.33009079098701477,128,True,False,False,False
STRAIN_000143,1,LOCAL_W10,3,242,0.9402849674224854,0.05971503257751465,0.3455866873264313,128,True,False,False,False
STRAIN_000143,1,LOCAL_W10,4,342,0.9434548616409302,0.056545138359069824,0.33628910779953003,128,True,False,False,False
STRAIN_000143,1,LOCAL_W10,5,442,0.9531798362731934,0.04682016372680664,0.3060072064399719,128,True,False,False,False
STRAIN_000149,1,LOCAL_W10,1,42,0.929920494556427,0.070079505443573,0.37437811493873596,128,True,False,False,False
STRAIN_000149,1,LOCAL_W10,2,142,0.932162880897522,0.06783711910247803,0.36833974719047546,128,True,False,False,False
STRAIN_000149,1,LOCAL_W10,3,242,0.9263244271278381,0.07367557287216187,0.3838634490966797,128,True,False,False,False
STRAIN_000149,1,LOCAL_W10,4,342,0.9443097114562988,0.05569028854370117,0.33373716473579407,128,True,False,False,False
STRAIN_000149,1,LOCAL_W10,5,442,0.9292787313461304,0.07072126865386963,0.37608855962753296,128,True,False,False,False
STRAIN_000152,1,LOCAL_W10,1,42,0.950370192527771,0.049629807472229004,0.3150547444820404,128,True,False,False,False
STRAIN_000152,1,LOCAL_W10,2,142,0.9449394941329956,0.055060505867004395,0.33184486627578735,128,True,False,False,False
STRAIN_000152,1,LOCAL_W10,3,242,0.9507178664207458,0.04928213357925415,0.3139490783214569,128,True,False,False,False
STRAIN_000152,1,LOCAL_W10,4,342,0.9488767385482788,0.05112326145172119,0.3197599947452545,128,True,False,False,False
STRAIN_000152,1,LOCAL_W10,5,442,0.9510077834129333,0.04899221658706665,0.31302449107170105,128,True,False,False,False
STRAIN_000153,1,LOCAL_W10,1,42,0.9374185800552368,0.06258141994476318,0.35378357768058777,128,True,False,False,False
STRAIN_000153,1,LOCAL_W10,2,142,0.9502588510513306,0.049741148948669434,0.31540796160697937,128,True,False,False,False
STRAIN_000153,1,LOCAL_W10,3,242,0.9361854791641235,0.06381452083587646,0.3572518527507782,128,True,False,False,False
STRAIN_000153,1,LOCAL_W10,4,342,0.9443676471710205,0.05563235282897949,0.3335634768009186,128,True,False,False,False
STRAIN_000153,1,LOCAL_W10,5,442,0.9349318146705627,0.06506818532943726,0.3607441782951355,128,True,False,False,False
STRAIN_000158,1,LOCAL_W10,1,42,0.9216432571411133,0.07835674285888672,0.3958703577518463,128,True,False,False,False
STRAIN_000158,1,LOCAL_W10,2,142,0.9435161352157593,0.05648386478424072,0.3361068069934845,128,True,False,False,False
STRAIN_000158,1,LOCAL_W10,3,242,0.9380854368209839,0.06191456317901611,0.3518936336040497,128,True,False,False,False
STRAIN_000158,1,LOCAL_W10,4,342,0.9243420362472534,0.07565796375274658,0.38899338245391846,128,True,False,False,False
STRAIN_000158,1,LOCAL_W10,5,442,0.9337236285209656,0.06627637147903442,0.36407777667045593,128,True,False,False,False
STRAIN_000161,1,LOCAL_W10,1,42,0.9497979879379272,0.050202012062072754,0.3168659508228302,128,True,False,False,False
STRAIN_000161,1,LOCAL_W10,2,142,0.9383897185325623,0.061610281467437744,0.35102781653404236,128,True,False,False,False
STRAIN_000161,1,LOCAL_W10,3,242,0.9505331516265869,0.049466848373413086,0.3145371675491333,128,True,False,False,False
STRAIN_000161,1,LOCAL_W10,4,342,0.9464333653450012,0.05356663465499878,0.3273119628429413,128,True,False,False,False
STRAIN_000161,1,LOCAL_W10,5,442,0.9485207796096802,0.051479220390319824,0.32087114453315735,128,True,False,False,False
STRAIN_000162,1,LOCAL_W10,1,42,0.9258933067321777,0.07410669326782227,0.38498473167419434,128,True,False,False,False
STRAIN_000162,1,LOCAL_W10,2,142,0.9292247295379639,0.07077527046203613,0.37623193860054016,128,True,False,False,False
STRAIN_000162,1,LOCAL_W10,3,242,0.9351217746734619,0.06487822532653809,0.3602173924446106,128,True,False,False,False
STRAIN_000162,1,LOCAL_W10,4,342,0.9223319292068481,0.07766807079315186,0.39412721991539,128,True,False,False,False
STRAIN_000162,1,LOCAL_W10,5,442,0.9275916814804077,0.07240831851959229,0.38054758310317993,128,True,False,False,False
STRAIN_000164,1,LOCAL_W10,1,42,0.9458674192428589,0.05413258075714111,0.32903674244880676,128,True,False,False,False
STRAIN_000164,1,LOCAL_W10,2,142,0.9455919861793518,0.05440801382064819,0.32987281680107117,128,True,False,False,False
STRAIN_000164,1,LOCAL_W10,3,242,0.9488896131515503,0.05111038684844971,0.3197200894355774,128,True,False,False,False
STRAIN_000164,1,LOCAL_W10,4,342,0.9455578327178955,0.05444216728210449,0.32997632026672363,128,True,False,False,False
STRAIN_000164,1,LOCAL_W10,5,442,0.9417599439620972,0.05824005603790283,0.3412918150424957,128,True,False,False,False
STRAIN_000172,1,LOCAL_W10,1,42,0.9303081035614014,0.06969189643859863,0.3733413815498352,128,True,False,False,False
STRAIN_000172,1,LOCAL_W10,2,142,0.9315639138221741,0.06843608617782593,0.3699621260166168,128,True,False,False,False
STRAIN_000172,1,LOCAL_W10,3,242,0.9252709150314331,0.0747290849685669,0.38659799098968506,128,True,False,False,False
STRAIN_000172,1,LOCAL_W10,4,342,0.9358163475990295,0.06418365240097046,0.35828354954719543,128,True,False,False,False
STRAIN_000172,1,LOCAL_W10,5,442,0.9249536395072937,0.0750463604927063,0.38741782307624817,128,True,False,False,False
STRAIN_000182,1,LOCAL_W10,1,42,0.9341320991516113,0.06586790084838867,0.36295434832572937,128,True,False,False,False
STRAIN_000182,1,LOCAL_W10,2,142,0.9422419667243958,0.05775803327560425,0.33987653255462646,128,True,False,False,False
STRAIN_000182,1,LOCAL_W10,3,242,0.9474598169326782,0.05254018306732178,0.3241610527038574,128,True,False,False,False
STRAIN_000182,1,LOCAL_W10,4,342,0.9455865025520325,0.05441349744796753,0.3298893868923187,128,True,False,False,False
STRAIN_000182,1,LOCAL_W10,5,442,0.9463551044464111,0.05364489555358887,0.3275512456893921,128,True,False,False,False
STRAIN_000186,1,LOCAL_W10,1,42,0.9308531284332275,0.06914687156677246,0.3718787431716919,128,True,False,False,False
STRAIN_000186,1,LOCAL_W10,2,142,0.9334653615951538,0.06653463840484619,0.36478644609451294,128,True,False,False,False
STRAIN_000186,1,LOCAL_W10,3,242,0.9388747215270996,0.06112527847290039,0.3496435582637787,128,True,False,False,False
STRAIN_000186,1,LOCAL_W10,4,342,0.9308068752288818,0.06919312477111816,0.3720030188560486,128,True,False,False,False
STRAIN_000186,1,LOCAL_W10,5,442,0.9283016920089722,0.07169830799102783,0.37867727875709534,128,True,False,False,False
STRAIN_000188,1,LOCAL_W10,1,42,0.9362516403198242,0.06374835968017578,0.35706669092178345,128,True,False,False,False
STRAIN_000188,1,LOCAL_W10,2,142,0.92256098985672,0.07743901014328003,0.3935454189777374,128,True,False,False,False
STRAIN_000188,1,LOCAL_W10,3,242,0.9433879852294922,0.05661201477050781,0.33648785948753357,128,True,False,False,False
STRAIN_000188,1,LOCAL_W10,4,342,0.9256731271743774,0.07432687282562256,0.38555634021759033,128,True,False,False,False
STRAIN_000188,1,LOCAL_W10,5,442,0.9305787682533264,0.06942123174667358,0.37261563539505005,128,True,False,False,False
STRAIN_000190,1,LOCAL_W10,1,42,0.9285959005355835,0.0714040994644165,0.37789982557296753,128,True,False,False,False
STRAIN_000190,1,LOCAL_W10,2,142,0.9273848533630371,0.07261514663696289,0.38109102845191956,128,True,False,False,False
STRAIN_000190,1,LOCAL_W10,3,242,0.9247125387191772,0.07528746128082275,0.3880397379398346,128,True,False,False,False
STRAIN_000190,1,LOCAL_W10,4,342,0.9205976128578186,0.0794023871421814,0.3985034227371216,128,True,False,False,False
STRAIN_000190,1,LOCAL_W10,5,442,0.9328639507293701,0.06713604927062988,0.3664318025112152,128,True,False,False,False
STRAIN_000191,1,LOCAL_W10,1,42,0.9322922825813293,0.06770771741867065,0.3679884076118469,128,True,False,False,False
STRAIN_000191,1,LOCAL_W10,2,142,0.9247822761535645,0.07521772384643555,0.38786017894744873,128,True,False,False,False
STRAIN_000191,1,LOCAL_W10,3,242,0.9293098449707031,0.07069015502929688,0.3760056495666504,128,True,False,False,False
STRAIN_000191,1,LOCAL_W10,4,342,0.9341613054275513,0.06583869457244873,0.3628738522529602,128,True,False,False,False
STRAIN_000191,1,LOCAL_W10,5,442,0.9346771240234375,0.0653228759765625,0.36144959926605225,128,True,False,False,False
STRAIN_000194,1,LOCAL_W10,1,42,0.955620288848877,0.04437971115112305,0.2979251742362976,128,True,False,False,False
STRAIN_000194,1,LOCAL_W10,2,142,0.9569154977798462,0.04308450222015381,0.2935453951358795,128,True,False,False,False
STRAIN_000194,1,LOCAL_W10,3,242,0.9515743255615234,0.04842567443847656,0.3112093508243561,128,True,False,False,False
STRAIN_000194,1,LOCAL_W10,4,342,0.953258752822876,0.04674124717712402,0.305748850107193,128,True,False,False,False
STRAIN_000194,1,LOCAL_W10,5,442,0.9568071365356445,0.04319286346435547,0.29391413927078247,128,True,False,False,False
STRAIN_000199,1,LOCAL_W10,1,42,0.9213904142379761,0.07860958576202393,0.3965087831020355,128,True,False,False,False
STRAIN_000199,1,LOCAL_W10,2,142,0.9262135028839111,0.07378649711608887,0.3841520845890045,128,True,False,False,False
STRAIN_000199,1,LOCAL_W10,3,242,0.9311851263046265,0.06881487369537354,0.37098485231399536,128,True,False,False,False
STRAIN_000199,1,LOCAL_W10,4,342,0.9336057901382446,0.06639420986175537,0.36440154910087585,128,True,False,False,False
STRAIN_000199,1,LOCAL_W10,5,442,0.919255256652832,0.08074474334716797,0.4018577039241791,128,True,False,False,False
STRAIN_000202,1,LOCAL_W10,1,42,0.9277454614639282,0.07225453853607178,0.38014355301856995,128,True,False,False,False
STRAIN_000202,1,LOCAL_W10,2,142,0.9261009693145752,0.0738990306854248,0.38444533944129944,128,True,False,False,False
STRAIN_000202,1,LOCAL_W10,3,242,0.9267971515655518,0.07320284843444824,0.382630318403244,128,True,False,False,False
STRAIN_000202,1,LOCAL_W10,4,342,0.925538182258606,0.07446181774139404,0.38590627908706665,128,True,False,False,False
STRAIN_000202,1,LOCAL_W10,5,442,0.9378241896629333,0.06217581033706665,0.3526352345943451,128,True,False,False,False
STRAIN_000230,1,LOCAL_W10,1,42,0.9308463335037231,0.06915366649627686,0.3718968629837036,128,True,False,False,False
STRAIN_000230,1,LOCAL_W10,2,142,0.9378198385238647,0.062180161476135254,0.3526478111743927,128,True,False,False,False
STRAIN_000230,1,LOCAL_W10,3,242,0.9294211268424988,0.07057887315750122,0.37570974230766296,128,True,False,False,False
STRAIN_000230,1,LOCAL_W10,4,342,0.9218387603759766,0.07816123962402344,0.3953765332698822,128,True,False,False,False
STRAIN_000230,1,LOCAL_W10,5,442,0.9426496624946594,0.057350337505340576,0.33867475390434265,128,True,False,False,False
STRAIN_000231,1,LOCAL_W10,1,42,0.9523789882659912,0.04762101173400879,0.30861324071884155,128,True,False,False,False
STRAIN_000231,1,LOCAL_W10,2,142,0.9586926698684692,0.04130733013153076,0.2874278426170349,128,True,False,False,False
STRAIN_000231,1,LOCAL_W10,3,242,0.9532574415206909,0.04674255847930908,0.305753618478775,128,True,False,False,False
STRAIN_000231,1,LOCAL_W10,4,342,0.9577385187149048,0.042261481285095215,0.29072821140289307,128,True,False,False,False
STRAIN_000231,1,LOCAL_W10,5,442,0.948525071144104,0.051474928855895996,0.3208581209182739,128,True,False,False,False
STRAIN_000239,1,LOCAL_W10,1,42,0.924638569355011,0.07536143064498901,0.38823041319847107,128,True,False,False,False
STRAIN_000239,1,LOCAL_W10,2,142,0.921993613243103,0.07800638675689697,0.39498457312583923,128,True,False,False,False
STRAIN_000239,1,LOCAL_W10,3,242,0.9285382032394409,0.07146179676055908,0.37805235385894775,128,True,False,False,False
STRAIN_000239,1,LOCAL_W10,4,342,0.910629153251648,0.08937084674835205,0.422778457403183,128,True,False,False,False
STRAIN_000239,1,LOCAL_W10,5,442,0.9221855998039246,0.07781440019607544,0.3944980502128601,128,True,False,False,False
STRAIN_000243,1,LOCAL_W10,1,42,0.927712619304657,0.07228738069534302,0.38023000955581665,128,True,False,False,False
STRAIN_000243,1,LOCAL_W10,2,142,0.9248202443122864,0.07517975568771362,0.3877621591091156,128,True,False,False,False
STRAIN_000243,1,LOCAL_W10,3,242,0.9237157702445984,0.07628422975540161,0.3906000256538391,128,True,False,False,False
STRAIN_000243,1,LOCAL_W10,4,342,0.9283738136291504,0.07162618637084961,0.3784869611263275,128,True,False,False,False
STRAIN_000243,1,LOCAL_W10,5,442,0.9332879185676575,0.06671208143234253,0.3652726411819458,128,True,False,False,False
STRAIN_000256,1,LOCAL_W10,1,42,0.9452452659606934,0.05475473403930664,0.3309219777584076,128,True,False,False,False
STRAIN_000256,1,LOCAL_W10,2,142,0.9423116445541382,0.057688355445861816,0.33967164158821106,128,True,False,False,False
STRAIN_000256,1,LOCAL_W10,3,242,0.9508342742919922,0.04916572570800781,0.31357842683792114,128,True,False,False,False
STRAIN_000256,1,LOCAL_W10,4,342,0.9534338712692261,0.046566128730773926,0.30517610907554626,128,True,False,False,False
STRAIN_000256,1,LOCAL_W10,5,442,0.9474734663963318,0.05252653360366821,0.32411882281303406,128,True,False,False,False
STRAIN_000260,1,LOCAL_W10,1,42,0.9429855942726135,0.057014405727386475,0.337681382894516,128,True,False,False,False
STRAIN_000260,1,LOCAL_W10,2,142,0.9424371719360352,0.057562828063964844,0.339301735162735,128,True,False,False,False
STRAIN_000260,1,LOCAL_W10,3,242,0.9503734707832336,0.04962652921676636,0.3150445520877838,128,True,False,False,False
STRAIN_000260,1,LOCAL_W10,4,342,0.9414268136024475,0.05857318639755249,0.3422664403915405,128,True,False,False,False
STRAIN_000260,1,LOCAL_W10,5,442,0.9581518173217773,0.041848182678222656,0.2893030345439911,128,True,False,False,False
STRAIN_000263,1,LOCAL_W10,1,42,0.9282511472702026,0.07174885272979736,0.3788108825683594,128,True,False,False,False
STRAIN_000263,1,LOCAL_W10,2,142,0.9276628494262695,0.07233715057373047,0.38036078214645386,128,True,False,False,False
STRAIN_000263,1,LOCAL_W10,3,242,0.9337430000305176,0.06625699996948242,0.36402463912963867,128,True,False,False,False
STRAIN_000263,1,LOCAL_W10,4,342,0.9352644681930542,0.0647355318069458,0.35982099175453186,128,True,False,False,False
STRAIN_000263,1,LOCAL_W10,5,442,0.9304147958755493,0.06958520412445068,0.3730553686618805,128,True,False,False,False
STRAIN_000267,1,LOCAL_W10,1,42,0.9413264989852905,0.05867350101470947,0.34255918860435486,128,True,False,False,False
STRAIN_000267,1,LOCAL_W10,2,142,0.9365126490592957,0.06348735094070435,0.35633498430252075,128,True,False,False,False
STRAIN_000267,1,LOCAL_W10,3,242,0.9498063325881958,0.0501936674118042,0.3168393075466156,128,True,False,False,False
STRAIN_000267,1,LOCAL_W10,4,342,0.9200592637062073,0.07994073629379272,0.39985159039497375,128,True,False,False,False
STRAIN_000267,1,LOCAL_W10,5,442,0.8855208158493042,0.1144791841506958,0.4784959554672241,128,True,False,False,False
STRAIN_000271,1,LOCAL_W10,1,42,0.9314509630203247,0.06854903697967529,0.3702675700187683,128,True,False,False,False
STRAIN_000271,1,LOCAL_W10,2,142,0.9377319812774658,0.06226801872253418,0.3528967797756195,128,True,False,False,False
STRAIN_000271,1,LOCAL_W10,3,242,0.9360013008117676,0.06399869918823242,0.3577673137187958,128,True,False,False,False
STRAIN_000271,1,LOCAL_W10,4,342,0.9209924340248108,0.07900756597518921,0.3975111246109009,128,True,False,False,False
STRAIN_000271,1,LOCAL_W10,5,442,0.9203273057937622,0.07967269420623779,0.39918097853660583,128,True,False,False,False
STRAIN_000276,1,LOCAL_W10,1,42,0.9358170032501221,0.06418299674987793,0.3582821786403656,128,True,False,False,False
STRAIN_000276,1,LOCAL_W10,2,142,0.9257205724716187,0.07427942752838135,0.38543346524238586,128,True,False,False,False
STRAIN_000276,1,LOCAL_W10,3,242,0.9259867668151855,0.07401323318481445,0.38474220037460327,128,True,False,False,False
STRAIN_000276,1,LOCAL_W10,4,342,0.9242268800735474,0.07577311992645264,0.3892894685268402,128,True,False,False,False
STRAIN_000276,1,LOCAL_W10,5,442,0.9275623559951782,0.07243764400482178,0.3806248605251312,128,True,False,False,False
STRAIN_000287,1,LOCAL_W10,1,42,0.9459958076477051,0.05400419235229492,0.32864657044410706,128,True,False,False,False
STRAIN_000287,1,LOCAL_W10,2,142,0.946602463722229,0.053397536277770996,0.32679542899131775,128,True,False,False,False
STRAIN_000287,1,LOCAL_W10,3,242,0.9440070986747742,0.05599290132522583,0.33464309573173523,128,True,False,False,False
STRAIN_000287,1,LOCAL_W10,4,342,0.944252610206604,0.055747389793395996,0.33390870690345764,128,True,False,False,False
STRAIN_000287,1,LOCAL_W10,5,442,0.9473985433578491,0.05260145664215088,0.32434988021850586,128,True,False,False,False
STRAIN_000302,1,LOCAL_W10,1,42,0.9356193542480469,0.06438064575195312,0.35883310437202454,128,True,False,False,False
STRAIN_000302,1,LOCAL_W10,2,142,0.9416562914848328,0.058343708515167236,0.34159547090530396,128,True,False,False,False
STRAIN_000302,1,LOCAL_W10,3,242,0.9353293180465698,0.06467068195343018,0.35964030027389526,128,True,False,False,False
STRAIN_000302,1,LOCAL_W10,4,342,0.9439743757247925,0.05602562427520752,0.3347405195236206,128,True,False,False,False
STRAIN_000302,1,LOCAL_W10,5,442,0.9442852735519409,0.05571472644805908,0.3338106572628021,128,True,False,False,False
STRAIN_000305,1,LOCAL_W10,1,42,0.9379755854606628,0.06202441453933716,0.3522055447101593,128,True,False,False,False
STRAIN_000305,1,LOCAL_W10,2,142,0.9321242570877075,0.06787574291229248,0.36844491958618164,128,True,False,False,False
STRAIN_000305,1,LOCAL_W10,3,242,0.9322267770767212,0.06777322292327881,0.3681662082672119,128,True,False,False,False
STRAIN_000305,1,LOCAL_W10,4,342,0.9324397444725037,0.06756025552749634,0.36758720874786377,128,True,False,False,False
STRAIN_000305,1,LOCAL_W10,5,442,0.9404498338699341,0.05955016613006592,0.3451092541217804,128,True,False,False,False
STRAIN_000308,1,LOCAL_W10,1,42,0.9447493553161621,0.05525064468383789,0.3324170708656311,128,True,False,False,False
STRAIN_000308,1,LOCAL_W10,2,142,0.9396010637283325,0.06039893627166748,0.34755975008010864,128,True,False,False,False
STRAIN_000308,1,LOCAL_W10,3,242,0.9393670558929443,0.060632944107055664,0.3482323884963989,128,True,False,False,False
STRAIN_000308,1,LOCAL_W10,4,342,0.9373818635940552,0.06261813640594482,0.3538872003555298,128,True,False,False,False
STRAIN_000308,1,LOCAL_W10,5,442,0.9354865550994873,0.0645134449005127,0.3592030107975006,128,True,False,False,False
STRAIN_000321,1,LOCAL_W10,1,42,0.9150084257125854,0.08499157428741455,0.4122900366783142,128,True,False,False,False
STRAIN_000321,1,LOCAL_W10,2,142,0.9259065985679626,0.07409340143203735,0.38495033979415894,128,True,False,False,False
STRAIN_000321,1,LOCAL_W10,3,242,0.910215437412262,0.08978456258773804,0.42375582456588745,128,True,False,False,False
STRAIN_000321,1,LOCAL_W10,4,342,0.903832197189331,0.09616780281066895,0.43856075406074524,128,True,False,False,False
STRAIN_000321,1,LOCAL_W10,5,442,0.9228517413139343,0.07714825868606567,0.3928058445453644,128,True,False,False,False
STRAIN_000324,1,LOCAL_W10,1,42,0.9453098177909851,0.05469018220901489,0.33072686195373535,128,True,False,False,False
STRAIN_000324,1,LOCAL_W10,2,142,0.951658308506012,0.04834169149398804,0.31093937158584595,128,True,False,False,False
STRAIN_000324,1,LOCAL_W10,3,242,0.9386752247810364,0.06132477521896362,0.35021349787712097,128,True,False,False,False
STRAIN_000324,1,LOCAL_W10,4,342,0.9430819153785706,0.05691808462142944,0.33739590644836426,128,True,False,False,False
STRAIN_000324,1,LOCAL_W10,5,442,0.9422261714935303,0.05777382850646973,0.33992287516593933,128,True,False,False,False
STRAIN_000325,1,LOCAL_W10,1,42,0.9362845420837402,0.06371545791625977,0.35697466135025024,128,True,False,False,False
STRAIN_000325,1,LOCAL_W10,2,142,0.9182162284851074,0.08178377151489258,0.40443482995033264,128,True,False,False,False
STRAIN_000325,1,LOCAL_W10,3,242,0.9297529458999634,0.07024705410003662,0.3748253285884857,128,True,False,False,False
STRAIN_000325,1,LOCAL_W10,4,342,0.9278746843338013,0.07212531566619873,0.37980329990386963,128,True,False,False,False
STRAIN_000325,1,LOCAL_W10,5,442,0.9321173429489136,0.06788265705108643,0.3684636056423187,128,True,False,False,False
STRAIN_000330,1,LOCAL_W10,1,42,0.9224691390991211,0.0775308609008789,0.3937787711620331,128,True,False,False,False
STRAIN_000330,1,LOCAL_W10,2,142,0.9181410074234009,0.08185899257659912,0.4046207666397095,128,True,False,False,False
STRAIN_000330,1,LOCAL_W10,3,242,0.9234092235565186,0.07659077644348145,0.3913841247558594,128,True,False,False,False
STRAIN_000330,1,LOCAL_W10,4,342,0.925186038017273,0.07481396198272705,0.3868175745010376,128,True,False,False,False
STRAIN_000330,1,LOCAL_W10,5,442,0.9286179542541504,0.07138204574584961,0.3778413236141205,128,True,False,False,False
STRAIN_000333,1,LOCAL_W10,1,42,0.9353415966033936,0.06465840339660645,0.3596065938472748,128,True,False,False,False
STRAIN_000333,1,LOCAL_W10,2,142,0.9272004961967468,0.07279950380325317,0.38157445192337036,128,True,False,False,False
STRAIN_000333,1,LOCAL_W10,3,242,0.9386679530143738,0.06133204698562622,0.35023432970046997,128,True,False,False,False
STRAIN_000333,1,LOCAL_W10,4,342,0.9298067688941956,0.07019323110580444,0.37468189001083374,128,True,False,False,False
STRAIN_000333,1,LOCAL_W10,5,442,0.9315277338027954,0.06847226619720459,0.3700603246688843,128,True,False,False,False
STRAIN_000335,1,LOCAL_W10,1,42,0.923708438873291,0.07629156112670898,0.39061883091926575,128,True,False,False,False
STRAIN_000335,1,LOCAL_W10,2,142,0.913129985332489,0.08687001466751099,0.41682136058807373,128,True,False,False,False
STRAIN_000335,1,LOCAL_W10,3,242,0.9199223518371582,0.0800776481628418,0.40019407868385315,128,True,False,False,False
STRAIN_000335,1,LOCAL_W10,4,342,0.9217761754989624,0.0782238245010376,0.3955346643924713,128,True,False,False,False
STRAIN_000335,1,LOCAL_W10,5,442,0.927491307258606,0.07250869274139404,0.3808113932609558,128,True,False,False,False
STRAIN_000337,1,LOCAL_W10,1,42,0.9396070241928101,0.06039297580718994,0.3475429117679596,128,True,False,False,False
STRAIN_000337,1,LOCAL_W10,2,142,0.9362450838088989,0.06375491619110107,0.35708504915237427,128,True,False,False,False
STRAIN_000337,1,LOCAL_W10,3,242,0.9336612224578857,0.06633877754211426,0.36424970626831055,128,True,False,False,False
STRAIN_000337,1,LOCAL_W10,4,342,0.9314324259757996,0.06856757402420044,0.3703175485134125,128,True,False,False,False
STRAIN_000337,1,LOCAL_W10,5,442,0.9329346418380737,0.06706535816192627,0.3662388026714325,128,True,False,False,False
STRAIN_000342,1,LOCAL_W10,1,42,0.97191321849823,0.02808678150177002,0.23701006174087524,128,True,False,False,False
STRAIN_000342,1,LOCAL_W10,2,142,0.9497743844985962,0.05022561550140381,0.31694066524505615,128,True,False,False,False
STRAIN_000342,1,LOCAL_W10,3,242,0.9550904035568237,0.04490959644317627,0.29969847202301025,128,True,False,False,False
STRAIN_000342,1,LOCAL_W10,4,342,0.9444384574890137,0.05556154251098633,0.3333514332771301,128,True,False,False,False
STRAIN_000342,1,LOCAL_W10,5,442,0.9679144024848938,0.0320855975151062,0.2533204257488251,128,True,False,False,False
STRAIN_000345,1,LOCAL_W10,1,42,0.9150522351264954,0.08494776487350464,0.41218385100364685,128,True,False,False,False
STRAIN_000345,1,LOCAL_W10,2,142,0.9209680557250977,0.07903194427490234,0.3975723683834076,128,True,False,False,False
STRAIN_000345,1,LOCAL_W10,3,242,0.923381507396698,0.076618492603302,0.391454815864563,128,True,False,False,False
STRAIN_000345,1,LOCAL_W10,4,342,0.9268389344215393,0.0731610655784607,0.38252055644989014,128,True,False,False,False
STRAIN_000345,1,LOCAL_W10,5,442,0.9234074950218201,0.07659250497817993,0.3913883864879608,128,True,False,False,False
STRAIN_000347,1,LOCAL_W10,1,42,0.9433409571647644,0.056659042835235596,0.3366275429725647,128,True,False,False,False
STRAIN_000347,1,LOCAL_W10,2,142,0.9400396943092346,0.05996030569076538,0.34629562497138977,128,True,False,False,False
STRAIN_000347,1,LOCAL_W10,3,242,0.9381676912307739,0.061832308769226074,0.351659893989563,128,True,False,False,False
STRAIN_000347,1,LOCAL_W10,4,342,0.9406675696372986,0.059332430362701416,0.34447765350341797,128,True,False,False,False
STRAIN_000347,1,LOCAL_W10,5,442,0.9266083836555481,0.0733916163444519,0.383122980594635,128,True,False,False,False
STRAIN_000353,1,LOCAL_W10,1,42,0.9456009864807129,0.05439901351928711,0.32984545826911926,128,True,False,False,False
STRAIN_000353,1,LOCAL_W10,2,142,0.9412325620651245,0.05876743793487549,0.3428335189819336,128,True,False,False,False
STRAIN_000353,1,LOCAL_W10,3,242,0.9387235641479492,0.06127643585205078,0.35007545351982117,128,True,False,False,False
STRAIN_000353,1,LOCAL_W10,4,342,0.9514663815498352,0.048533618450164795,0.31155630946159363,128,True,False,False,False
STRAIN_000353,1,LOCAL_W10,5,442,0.9406647682189941,0.05933523178100586,0.3444857597351074,128,True,False,False,False
STRAIN_000354,1,LOCAL_W10,1,42,0.9473410844802856,0.052658915519714355,0.32452696561813354,128,True,False,False,False
STRAIN_000354,1,LOCAL_W10,2,142,0.944912850856781,0.055087149143218994,0.33192500472068787,128,True,False,False,False
STRAIN_000354,1,LOCAL_W10,3,242,0.9410994052886963,0.05890059471130371,0.34322208166122437,128,True,False,False,False
STRAIN_000354,1,LOCAL_W10,4,342,0.943350076675415,0.05664992332458496,0.33660054206848145,128,True,False,False,False
STRAIN_000354,1,LOCAL_W10,5,442,0.9460493326187134,0.05395066738128662,0.3284832537174225,128,True,False,False,False
STRAIN_000355,1,LOCAL_W10,1,42,0.9299554228782654,0.07004457712173462,0.3742848038673401,128,True,False,False,False
STRAIN_000355,1,LOCAL_W10,2,142,0.9326627254486084,0.0673372745513916,0.3669801354408264,128,True,False,False,False
STRAIN_000355,1,LOCAL_W10,3,242,0.9471518993377686,0.052848100662231445,0.32510966062545776,128,True,False,False,False
STRAIN_000355,1,LOCAL_W10,4,342,0.9111261367797852,0.08887386322021484,0.4216015040874481,128,True,False,False,False
STRAIN_000355,1,LOCAL_W10,5,442,0.9223673343658447,0.07763266563415527,0.3940370976924896,128,True,False,False,False
STRAIN_000358,1,LOCAL_W10,1,42,0.9312715530395508,0.06872844696044922,0.37075164914131165,128,True,False,False,False
STRAIN_000358,1,LOCAL_W10,2,142,0.9241251945495605,0.07587480545043945,0.3895503580570221,128,True,False,False,False
STRAIN_000358,1,LOCAL_W10,3,242,0.9344587326049805,0.06554126739501953,0.36205318570137024,128,True,False,False,False
STRAIN_000358,1,LOCAL_W10,4,342,0.9248052835464478,0.07519471645355225,0.38780084252357483,128,True,False,False,False
STRAIN_000358,1,LOCAL_W10,5,442,0.9292376041412354,0.07076239585876465,0.37619754672050476,128,True,False,False,False
STRAIN_000369,1,LOCAL_W10,1,42,0.9321472644805908,0.06785273551940918,0.36838242411613464,128,True,False,False,False
STRAIN_000369,1,LOCAL_W10,2,142,0.9332864284515381,0.06671357154846191,0.3652768135070801,128,True,False,False,False
STRAIN_000369,1,LOCAL_W10,3,242,0.921468198299408,0.07853180170059204,0.39631253480911255,128,True,False,False,False
STRAIN_000369,1,LOCAL_W10,4,342,0.9159247875213623,0.0840752124786377,0.41006141901016235,128,True,False,False,False
STRAIN_000369,1,LOCAL_W10,5,442,0.9278966188430786,0.07210338115692139,0.3797456920146942,128,True,False,False,False
STRAIN_000372,1,LOCAL_W10,1,42,0.9198461771011353,0.08015382289886475,0.40038424730300903,128,True,False,False,False
STRAIN_000372,1,LOCAL_W10,2,142,0.9288498163223267,0.07115018367767334,0.37722691893577576,128,True,False,False,False
STRAIN_000372,1,LOCAL_W10,3,242,0.9162250757217407,0.08377492427825928,0.409328430891037,128,True,False,False,False
STRAIN_000372,1,LOCAL_W10,4,342,0.9288417100906372,0.07115828990936279,0.37724870443344116,128,True,False,False,False
STRAIN_000372,1,LOCAL_W10,5,442,0.9229015111923218,0.07709848880767822,0.39267945289611816,128,True,False,False,False
STRAIN_000373,1,LOCAL_W10,1,42,0.9357945919036865,0.06420540809631348,0.3583444654941559,128,True,False,False,False
STRAIN_000373,1,LOCAL_W10,2,142,0.9398142099380493,0.060185790061950684,0.34694600105285645,128,True,False,False,False
STRAIN_000373,1,LOCAL_W10,3,242,0.9388030171394348,0.061196982860565186,0.34984833002090454,128,True,False,False,False
STRAIN_000373,1,LOCAL_W10,4,342,0.9353163242340088,0.06468367576599121,0.3596763610839844,128,True,False,False,False
STRAIN_000373,1,LOCAL_W10,5,442,0.9226690530776978,0.07733094692230225,0.3932708203792572,128,True,False,False,False
STRAIN_000379,1,LOCAL_W10,1,42,0.9132446050643921,0.08675539493560791,0.4165465533733368,128,True,False,False,False
STRAIN_000379,1,LOCAL_W10,2,142,0.9232281446456909,0.07677185535430908,0.391846626996994,128,True,False,False,False
STRAIN_000379,1,LOCAL_W10,3,242,0.9243245124816895,0.07567548751831055,0.3890385925769806,128,True,False,False,False
STRAIN_000379,1,LOCAL_W10,4,342,0.9206600785255432,0.07933992147445679,0.3983464539051056,128,True,False,False,False
STRAIN_000379,1,LOCAL_W10,5,442,0.9061209559440613,0.09387904405593872,0.4333106279373169,128,True,False,False,False
STRAIN_000380,1,LOCAL_W10,1,42,0.937590479850769,0.06240952014923096,0.3532973825931549,128,True,False,False,False
STRAIN_000380,1,LOCAL_W10,2,142,0.9442228078842163,0.05577719211578369,0.3339976370334625,128,True,False,False,False
STRAIN_000380,1,LOCAL_W10,3,242,0.9499008059501648,0.050099194049835205,0.3165413737297058,128,True,False,False,False
STRAIN_000380,1,LOCAL_W10,4,342,0.9416913986206055,0.05830860137939453,0.3414927124977112,128,True,False,False,False
STRAIN_000380,1,LOCAL_W10,5,442,0.9470534920692444,0.052946507930755615,0.3254121243953705,128,True,False,False,False
STRAIN_000385,1,LOCAL_W10,1,42,0.9218207001686096,0.07817929983139038,0.3954218327999115,128,True,False,False,False
STRAIN_000385,1,LOCAL_W10,2,142,0.9188590049743652,0.08114099502563477,0.40284213423728943,128,True,False,False,False
STRAIN_000385,1,LOCAL_W10,3,242,0.9186997413635254,0.08130025863647461,0.4032374322414398,128,True,False,False,False
STRAIN_000385,1,LOCAL_W10,4,342,0.9239599704742432,0.07604002952575684,0.3899745047092438,128,True,False,False,False
STRAIN_000385,1,LOCAL_W10,5,442,0.9232836365699768,0.0767163634300232,0.3917047381401062,128,True,False,False,False
STRAIN_000387,1,LOCAL_W10,1,42,0.946338415145874,0.05366158485412598,0.327601820230484,128,True,False,False,False
STRAIN_000387,1,LOCAL_W10,2,142,0.9485018253326416,0.0514981746673584,0.3209303617477417,128,True,False,False,False
STRAIN_000387,1,LOCAL_W10,3,242,0.9396218061447144,0.060378193855285645,0.347500205039978,128,True,False,False,False
STRAIN_000387,1,LOCAL_W10,4,342,0.9534000158309937,0.04659998416900635,0.3052865266799927,128,True,False,False,False
STRAIN_000387,1,LOCAL_W10,5,442,0.9363563060760498,0.0636436939239502,0.3567736744880676,128,True,False,False,False
STRAIN_000389,1,LOCAL_W10,1,42,0.9336178302764893,0.06638216972351074,0.364368200302124,128,True,False,False,False
STRAIN_000389,1,LOCAL_W10,2,142,0.9438246488571167,0.0561753511428833,0.3351873755455017,128,True,False,False,False
STRAIN_000389,1,LOCAL_W10,3,242,0.9295278787612915,0.0704721212387085,0.37542518973350525,128,True,False,False,False
STRAIN_000389,1,LOCAL_W10,4,342,0.9458438158035278,0.05415618419647217,0.3291083574295044,128,True,False,False,False
STRAIN_000389,1,LOCAL_W10,5,442,0.9309414625167847,0.06905853748321533,0.3716408908367157,128,True,False,False,False
STRAIN_000390,1,LOCAL_W10,1,42,0.9295201301574707,0.0704798698425293,0.37544625997543335,128,True,False,False,False
STRAIN_000390,1,LOCAL_W10,2,142,0.9244174957275391,0.07558250427246094,0.3887995183467865,128,True,False,False,False
STRAIN_000390,1,LOCAL_W10,3,242,0.9307023286819458,0.0692976713180542,0.3722837567329407,128,True,False,False,False
STRAIN_000390,1,LOCAL_W10,4,342,0.9325038194656372,0.06749618053436279,0.3674129843711853,128,True,False,False,False
STRAIN_000390,1,LOCAL_W10,5,442,0.9239398837089539,0.07606011629104614,0.3900258541107178,128,True,False,False,False
STRAIN_000392,1,LOCAL_W10,1,42,0.9389567375183105,0.06104326248168945,0.34940850734710693,128,True,False,False,False
STRAIN_000392,1,LOCAL_W10,2,142,0.939900279045105,0.06009972095489502,0.3466976284980774,128,True,False,False,False
STRAIN_000392,1,LOCAL_W10,3,242,0.9339715242385864,0.06602847576141357,0.36339616775512695,128,True,False,False,False
STRAIN_000392,1,LOCAL_W10,4,342,0.9437322020530701,0.05626779794692993,0.33546313643455505,128,True,False,False,False
STRAIN_000392,1,LOCAL_W10,5,442,0.9333003163337708,0.06669968366622925,0.36523860692977905,128,True,False,False,False
STRAIN_000396,1,LOCAL_W10,1,42,0.9360679984092712,0.06393200159072876,0.3575807511806488,128,True,False,False,False
STRAIN_000396,1,LOCAL_W10,2,142,0.9147657155990601,0.08523428440093994,0.41287851333618164,128,True,False,False,False
STRAIN_000396,1,LOCAL_W10,3,242,0.9265774488449097,0.07342255115509033,0.38320353627204895,128,True,False,False,False
STRAIN_000396,1,LOCAL_W10,4,342,0.9252887964248657,0.07471120357513428,0.38655176758766174,128,True,False,False,False
STRAIN_000396,1,LOCAL_W10,5,442,0.9233797192573547,0.07662028074264526,0.3914593756198883,128,True,False,False,False
STRAIN_000397,1,LOCAL_W10,1,42,0.9142663478851318,0.08573365211486816,0.4140861928462982,128,True,False,False,False
STRAIN_000397,1,LOCAL_W10,2,142,0.9247498512268066,0.07525014877319336,0.38794368505477905,128,True,False,False,False
STRAIN_000397,1,LOCAL_W10,3,242,0.9216502904891968,0.07834970951080322,0.3958527743816376,128,True,False,False,False
STRAIN_000397,1,LOCAL_W10,4,342,0.9178097248077393,0.08219027519226074,0.4054388999938965,128,True,False,False,False
STRAIN_000397,1,LOCAL_W10,5,442,0.9334924221038818,0.06650757789611816,0.36471256613731384,128,True,False,False,False
STRAIN_000398,1,LOCAL_W10,1,42,0.925092339515686,0.07490766048431396,0.3870599567890167,128,True,False,False,False
STRAIN_000398,1,LOCAL_W10,2,142,0.9356169104576111,0.06438308954238892,0.3588402271270752,128,True,False,False,False
STRAIN_000398,1,LOCAL_W10,3,242,0.9356153011322021,0.06438469886779785,0.35884490609169006,128,True,False,False,False
STRAIN_000398,1,LOCAL_W10,4,342,0.9222883582115173,0.07771164178848267,0.3942376971244812,128,True,False,False,False
STRAIN_000398,1,LOCAL_W10,5,442,0.9279087781906128,0.07209122180938721,0.37971386313438416,128,True,False,False,False
STRAIN_000399,1,LOCAL_W10,1,42,0.929922342300415,0.07007765769958496,0.3743731379508972,128,True,False,False,False
STRAIN_000399,1,LOCAL_W10,2,142,0.9292564392089844,0.07074356079101562,0.37614768743515015,128,True,False,False,False
STRAIN_000399,1,LOCAL_W10,3,242,0.9356405138969421,0.06435948610305786,0.35877421498298645,128,True,False,False,False
STRAIN_000399,1,LOCAL_W10,4,342,0.9266828298568726,0.07331717014312744,0.3829287588596344,128,True,False,False,False
STRAIN_000399,1,LOCAL_W10,5,442,0.9296329021453857,0.07036709785461426,0.37514570355415344,128,True,False,False,False
STRAIN_000400,1,LOCAL_W10,1,42,0.9333099126815796,0.06669008731842041,0.3652122914791107,128,True,False,False,False
STRAIN_000400,1,LOCAL_W10,2,142,0.9202182292938232,0.07978177070617676,0.3994540572166443,128,True,False,False,False
STRAIN_000400,1,LOCAL_W10,3,242,0.9455243945121765,0.054475605487823486,0.330077588558197,128,True,False,False,False
STRAIN_000400,1,LOCAL_W10,4,342,0.9331859350204468,0.06681406497955322,0.3655519485473633,128,True,False,False,False
STRAIN_000400,1,LOCAL_W10,5,442,0.925200343132019,0.07479965686798096,0.38678085803985596,128,True,False,False,False
STRAIN_000410,1,LOCAL_W10,1,42,0.9345158934593201,0.06548410654067993,0.3618951439857483,128,True,False,False,False
STRAIN_000410,1,LOCAL_W10,2,142,0.9332705736160278,0.06672942638397217,0.3653201162815094,128,True,False,False,False
STRAIN_000410,1,LOCAL_W10,3,242,0.9449170827865601,0.05508291721343994,0.33191242814064026,128,True,False,False,False
STRAIN_000410,1,LOCAL_W10,4,342,0.93292236328125,0.06707763671875,0.3662722706794739,128,True,False,False,False
STRAIN_000410,1,LOCAL_W10,5,442,0.9294013977050781,0.07059860229492188,0.37576207518577576,128,True,False,False,False
STRAIN_000411,1,LOCAL_W10,1,42,0.9178380370140076,0.08216196298599243,0.405368834733963,128,True,False,False,False
STRAIN_000411,1,LOCAL_W10,2,142,0.9122308492660522,0.08776915073394775,0.41897302865982056,128,True,False,False,False
STRAIN_000411,1,LOCAL_W10,3,242,0.9119211435317993,0.08807885646820068,0.41971150040626526,128,True,False,False,False
STRAIN_000411,1,LOCAL_W10,4,342,0.922890841960907,0.07710915803909302,0.39270639419555664,128,True,False,False,False
STRAIN_000411,1,LOCAL_W10,5,442,0.9202050566673279,0.07979494333267212,0.3994870185852051,128,True,False,False,False
STRAIN_000418,1,LOCAL_W10,1,42,0.9314082264900208,0.06859177350997925,0.370383083820343,128,True,False,False,False
STRAIN_000418,1,LOCAL_W10,2,142,0.9265958070755005,0.07340419292449951,0.3831559419631958,128,True,False,False,False
STRAIN_000418,1,LOCAL_W10,3,242,0.9389044046401978,0.061095595359802246,0.34955859184265137,128,True,False,False,False
STRAIN_000418,1,LOCAL_W10,4,342,0.9286365509033203,0.07136344909667969,0.3777923285961151,128,True,False,False,False
STRAIN_000418,1,LOCAL_W10,5,442,0.9214116334915161,0.07858836650848389,0.396455317735672,128,True,False,False,False
STRAIN_000422,1,LOCAL_W10,1,42,0.935348391532898,0.06465160846710205,0.35958775877952576,128,True,False,False,False
STRAIN_000422,1,LOCAL_W10,2,142,0.9315633773803711,0.0684366226196289,0.3699638545513153,128,True,False,False,False
STRAIN_000422,1,LOCAL_W10,3,242,0.9377161264419556,0.062283873558044434,0.352941632270813,128,True,False,False,False
STRAIN_000422,1,LOCAL_W10,4,342,0.9377083778381348,0.062291622161865234,0.3529633581638336,128,True,False,False,False
STRAIN_000422,1,LOCAL_W10,5,442,0.9409762620925903,0.05902373790740967,0.3435806930065155,128,True,False,False,False
STRAIN_000429,1,LOCAL_W10,1,42,0.9416548013687134,0.05834519863128662,0.34159985184669495,128,True,False,False,False
STRAIN_000429,1,LOCAL_W10,2,142,0.9331383109092712,0.06686168909072876,0.3656820058822632,128,True,False,False,False
STRAIN_000429,1,LOCAL_W10,3,242,0.9429608583450317,0.05703914165496826,0.3377548158168793,128,True,False,False,False
STRAIN_000429,1,LOCAL_W10,4,342,0.9426634311676025,0.05733656883239746,0.33863407373428345,128,True,False,False,False
STRAIN_000429,1,LOCAL_W10,5,442,0.9347769021987915,0.0652230978012085,0.3611733615398407,128,True,False,False,False
STRAIN_000432,1,LOCAL_W10,1,42,0.9219692945480347,0.07803070545196533,0.39504605531692505,128,True,False,False,False
STRAIN_000432,1,LOCAL_W10,2,142,0.9365502595901489,0.06344974040985107,0.3562294542789459,128,True,False,False,False
STRAIN_000432,1,LOCAL_W10,3,242,0.9345018863677979,0.06549811363220215,0.36193397641181946,128,True,False,False,False
STRAIN_000432,1,LOCAL_W10,4,342,0.9244773387908936,0.07552266120910645,0.3886456787586212,128,True,False,False,False
STRAIN_000432,1,LOCAL_W10,5,442,0.927499532699585,0.07250046730041504,0.38078975677490234,128,True,False,False,False
STRAIN_000438,1,LOCAL_W10,1,42,0.93674635887146,0.06325364112854004,0.35567858815193176,128,True,False,False,False
STRAIN_000438,1,LOCAL_W10,2,142,0.9295978546142578,0.07040214538574219,0.37523889541625977,128,True,False,False,False
STRAIN_000438,1,LOCAL_W10,3,242,0.9368473291397095,0.06315267086029053,0.355394572019577,128,True,False,False,False
STRAIN_000438,1,LOCAL_W10,4,342,0.9363925457000732,0.06360745429992676,0.35667186975479126,128,True,False,False,False
STRAIN_000438,1,LOCAL_W10,5,442,0.9323700070381165,0.06762999296188354,0.3677770793437958,128,True,False,False,False
STRAIN_000445,1,LOCAL_W10,1,42,0.9373661875724792,0.06263381242752075,0.3539314866065979,128,True,False,False,False
STRAIN_000445,1,LOCAL_W10,2,142,0.9321999549865723,0.06780004501342773,0.3682389259338379,128,True,False,False,False
STRAIN_000445,1,LOCAL_W10,3,242,0.9471989274024963,0.05280107259750366,0.324964702129364,128,True,False,False,False
STRAIN_000445,1,LOCAL_W10,4,342,0.9397304058074951,0.06026959419250488,0.3471873104572296,128,True,False,False,False
STRAIN_000445,1,LOCAL_W10,5,442,0.9438689947128296,0.05613100528717041,0.3350552022457123,128,True,False,False,False
STRAIN_000471,1,LOCAL_W10,1,42,0.9296295642852783,0.07037043571472168,0.3751545548439026,128,True,False,False,False
STRAIN_000471,1,LOCAL_W10,2,142,0.9250527024269104,0.0749472975730896,0.38716235756874084,128,True,False,False,False
STRAIN_000471,1,LOCAL_W10,3,242,0.9299231171607971,0.07007688283920288,0.3743712902069092,128,True,False,False,False
STRAIN_000471,1,LOCAL_W10,4,342,0.9251865148544312,0.07481348514556885,0.38681674003601074,128,True,False,False,False
STRAIN_000471,1,LOCAL_W10,5,442,0.927443265914917,0.07255673408508301,0.3809378147125244,128,True,False,False,False
STRAIN_000476,1,LOCAL_W10,1,42,0.9236652851104736,0.07633471488952637,0.3907295763492584,128,True,False,False,False
STRAIN_000476,1,LOCAL_W10,2,142,0.940812349319458,0.05918765068054199,0.34405696392059326,128,True,False,False,False
STRAIN_000476,1,LOCAL_W10,3,242,0.9309052228927612,0.06909477710723877,0.37173864245414734,128,True,False,False,False
STRAIN_000476,1,LOCAL_W10,4,342,0.9293619394302368,0.07063806056976318,0.3758671283721924,128,True,False,False,False
STRAIN_000476,1,LOCAL_W10,5,442,0.933836817741394,0.06616318225860596,0.363767147064209,128,True,False,False,False
STRAIN_000480,1,LOCAL_W10,1,42,0.9273467659950256,0.07265323400497437,0.38119086623191833,128,True,False,False,False
STRAIN_000480,1,LOCAL_W10,2,142,0.9154534339904785,0.08454656600952148,0.411209374666214,128,True,False,False,False
STRAIN_000480,1,LOCAL_W10,3,242,0.913019061088562,0.08698093891143799,0.4170874357223511,128,True,False,False,False
STRAIN_000480,1,LOCAL_W10,4,342,0.9240055084228516,0.07599449157714844,0.38985756039619446,128,True,False,False,False
STRAIN_000480,1,LOCAL_W10,5,442,0.9140966534614563,0.0859033465385437,0.4144958555698395,128,True,False,False,False
STRAIN_000490,1,LOCAL_W10,1,42,0.9268679618835449,0.07313203811645508,0.38244470953941345,128,True,False,False,False
STRAIN_000490,1,LOCAL_W10,2,142,0.9288821220397949,0.07111787796020508,0.37714168429374695,128,True,False,False,False
STRAIN_000490,1,LOCAL_W10,3,242,0.9337502121925354,0.0662497878074646,0.36400488018989563,128,True,False,False,False
STRAIN_000490,1,LOCAL_W10,4,342,0.9346096515655518,0.06539034843444824,0.36163607239723206,128,True,False,False,False
STRAIN_000490,1,LOCAL_W10,5,442,0.9398053884506226,0.06019461154937744,0.3469712734222412,128,True,False,False,False
STRAIN_000495,1,LOCAL_W10,1,42,0.9238647222518921,0.07613527774810791,0.3902187943458557,128,True,False,False,False
STRAIN_000495,1,LOCAL_W10,2,142,0.9428082704544067,0.05719172954559326,0.3382062315940857,128,True,False,False,False
STRAIN_000495,1,LOCAL_W10,3,242,0.9388384819030762,0.06116151809692383,0.34974730014801025,128,True,False,False,False
STRAIN_000495,1,LOCAL_W10,4,342,0.9290627241134644,0.07093727588653564,0.37666231393814087,128,True,False,False,False
STRAIN_000495,1,LOCAL_W10,5,442,0.9278309345245361,0.07216906547546387,0.3799186646938324,128,True,False,False,False
STRAIN_000497,1,LOCAL_W10,1,42,0.9195232391357422,0.08047676086425781,0.4011901617050171,128,True,False,False,False
STRAIN_000497,1,LOCAL_W10,2,142,0.9219299554824829,0.07807004451751709,0.39514559507369995,128,True,False,False,False
STRAIN_000497,1,LOCAL_W10,3,242,0.9253954291343689,0.0746045708656311,0.3862760365009308,128,True,False,False,False
STRAIN_000497,1,LOCAL_W10,4,342,0.9230037927627563,0.07699620723724365,0.3924187421798706,128,True,False,False,False
STRAIN_000497,1,LOCAL_W10,5,442,0.9218184947967529,0.07818150520324707,0.39542755484580994,128,True,False,False,False
STRAIN_000505,1,LOCAL_W10,1,42,0.9280675649642944,0.07193243503570557,0.3792952001094818,128,True,False,False,False
STRAIN_000505,1,LOCAL_W10,2,142,0.9290671944618225,0.07093280553817749,0.3766506016254425,128,True,False,False,False
STRAIN_000505,1,LOCAL_W10,3,242,0.9426197409629822,0.05738025903701782,0.33876320719718933,128,True,False,False,False
STRAIN_000505,1,LOCAL_W10,4,342,0.9467357397079468,0.05326426029205322,0.32638704776763916,128,True,False,False,False
STRAIN_000505,1,LOCAL_W10,5,442,0.9313256740570068,0.06867432594299316,0.3706059157848358,128,True,False,False,False
STRAIN_000508,1,LOCAL_W10,1,42,0.924073338508606,0.07592666149139404,0.3896835744380951,128,True,False,False,False
STRAIN_000508,1,LOCAL_W10,2,142,0.9364925622940063,0.06350743770599365,0.3563913404941559,128,True,False,False,False
STRAIN_000508,1,LOCAL_W10,3,242,0.9380485415458679,0.06195145845413208,0.35199829936027527,128,True,False,False,False
STRAIN_000508,1,LOCAL_W10,4,342,0.9350185990333557,0.06498140096664429,0.360503613948822,128,True,False,False,False
STRAIN_000508,1,LOCAL_W10,5,442,0.9387710094451904,0.06122899055480957,0.3499400317668915,128,True,False,False,False
STRAIN_000516,1,LOCAL_W10,1,42,0.9360035061836243,0.06399649381637573,0.3577611446380615,128,True,False,False,False
STRAIN_000516,1,LOCAL_W10,2,142,0.949505627155304,0.050494372844696045,0.317787230014801,128,True,False,False,False
STRAIN_000516,1,LOCAL_W10,3,242,0.9490586519241333,0.0509413480758667,0.31919097900390625,128,True,False,False,False
STRAIN_000516,1,LOCAL_W10,4,342,0.9484975337982178,0.05150246620178223,0.32094380259513855,128,True,False,False,False
STRAIN_000516,1,LOCAL_W10,5,442,0.9462751150131226,0.05372488498687744,0.3277955949306488,128,True,False,False,False
STRAIN_000519,1,LOCAL_W10,1,42,0.947566032409668,0.05243396759033203,0.32383307814598083,128,True,False,False,False
STRAIN_000519,1,LOCAL_W10,2,142,0.9428167343139648,0.057183265686035156,0.3381809890270233,128,True,False,False,False
STRAIN_000519,1,LOCAL_W10,3,242,0.9360268115997314,0.06397318840026855,0.35769614577293396,128,True,False,False,False
STRAIN_000519,1,LOCAL_W10,4,342,0.9383214712142944,0.061678528785705566,0.3512221872806549,128,True,False,False,False
STRAIN_000519,1,LOCAL_W10,5,442,0.9616414308547974,0.03835856914520264,0.27697861194610596,128,True,False,False,False
STRAIN_000528,1,LOCAL_W10,1,42,0.9229687452316284,0.07703125476837158,0.39250800013542175,128,True,False,False,False
STRAIN_000528,1,LOCAL_W10,2,142,0.9387803077697754,0.06121969223022461,0.3499135971069336,128,True,False,False,False
STRAIN_000528,1,LOCAL_W10,3,242,0.9367780685424805,0.06322193145751953,0.3555894196033478,128,True,False,False,False
STRAIN_000528,1,LOCAL_W10,4,342,0.9331939220428467,0.06680607795715332,0.36552971601486206,128,True,False,False,False
STRAIN_000528,1,LOCAL_W10,5,442,0.9376099109649658,0.06239008903503418,0.3532423675060272,128,True,False,False,False
STRAIN_000530,1,LOCAL_W10,1,42,0.9184840321540833,0.08151596784591675,0.40377184748649597,128,True,False,False,False
STRAIN_000530,1,LOCAL_W10,2,142,0.9242811799049377,0.07571882009506226,0.38914963603019714,128,True,False,False,False
STRAIN_000530,1,LOCAL_W10,3,242,0.9274026155471802,0.07259738445281982,0.3810439109802246,128,True,False,False,False
STRAIN_000530,1,LOCAL_W10,4,342,0.9285886287689209,0.0714113712310791,0.3779188096523285,128,True,False,False,False
STRAIN_000530,1,LOCAL_W10,5,442,0.9281556010246277,0.07184439897537231,0.3790627717971802,128,True,False,False,False
STRAIN_000531,1,LOCAL_W10,1,42,0.934756875038147,0.06524312496185303,0.3612288236618042,128,True,False,False,False
STRAIN_000531,1,LOCAL_W10,2,142,0.9272139072418213,0.07278609275817871,0.38153916597366333,128,True,False,False,False
STRAIN_000531,1,LOCAL_W10,3,242,0.9403834342956543,0.0596165657043457,0.34530144929885864,128,True,False,False,False
STRAIN_000531,1,LOCAL_W10,4,342,0.9264003038406372,0.07359969615936279,0.38366568088531494,128,True,False,False,False
STRAIN_000531,1,LOCAL_W10,5,442,0.9257692694664001,0.07423073053359985,0.3853070139884949,128,True,False,False,False
STRAIN_000532,1,LOCAL_W10,1,42,0.937361478805542,0.06263852119445801,0.3539450168609619,128,True,False,False,False
STRAIN_000532,1,LOCAL_W10,2,142,0.9385170340538025,0.06148296594619751,0.3506649434566498,128,True,False,False,False
STRAIN_000532,1,LOCAL_W10,3,242,0.9352931976318359,0.06470680236816406,0.3597410321235657,128,True,False,False,False
STRAIN_000532,1,LOCAL_W10,4,342,0.9304718971252441,0.06952810287475586,0.37290242314338684,128,True,False,False,False
STRAIN_000532,1,LOCAL_W10,5,442,0.9393208026885986,0.06067919731140137,0.3483651280403137,128,True,False,False,False
STRAIN_000536,1,LOCAL_W10,1,42,0.936233401298523,0.06376659870147705,0.3571176826953888,128,True,False,False,False
STRAIN_000536,1,LOCAL_W10,2,142,0.9249077439308167,0.07509225606918335,0.3875362277030945,128,True,False,False,False
STRAIN_000536,1,LOCAL_W10,3,242,0.930701494216919,0.06929850578308105,0.37228623032569885,128,True,False,False,False
STRAIN_000536,1,LOCAL_W10,4,342,0.938209056854248,0.06179094314575195,0.351542204618454,128,True,False,False,False
STRAIN_000536,1,LOCAL_W10,5,442,0.9283515214920044,0.0716484785079956,0.3785458505153656,128,True,False,False,False
STRAIN_000537,1,LOCAL_W10,1,42,0.9268923997879028,0.07310760021209717,0.3823809325695038,128,True,False,False,False
STRAIN_000537,1,LOCAL_W10,2,142,0.934421181678772,0.06557881832122803,0.36215704679489136,128,True,False,False,False
STRAIN_000537,1,LOCAL_W10,3,242,0.9249712824821472,0.07502871751785278,0.38737258315086365,128,True,False,False,False
STRAIN_000537,1,LOCAL_W10,4,342,0.9320670366287231,0.06793296337127686,0.36860018968582153,128,True,False,False,False
STRAIN_000537,1,LOCAL_W10,5,442,0.9343451261520386,0.06565487384796143,0.36236685514450073,128,True,False,False,False
STRAIN_000555,1,LOCAL_W10,1,42,0.9381623268127441,0.06183767318725586,0.35167524218559265,128,True,False,False,False
STRAIN_000555,1,LOCAL_W10,2,142,0.948665201663971,0.05133479833602905,0.3204212486743927,128,True,False,False,False
STRAIN_000555,1,LOCAL_W10,3,242,0.9330493211746216,0.06695067882537842,0.36592531204223633,128,True,False,False,False
STRAIN_000555,1,LOCAL_W10,4,342,0.9388359189033508,0.06116408109664917,0.34975454211235046,128,True,False,False,False
STRAIN_000555,1,LOCAL_W10,5,442,0.9339643120765686,0.0660356879234314,0.3634163439273834,128,True,False,False,False
STRAIN_000563,1,LOCAL_W10,1,42,0.9251904487609863,0.07480955123901367,0.38680630922317505,128,True,False,False,False
STRAIN_000563,1,LOCAL_W10,2,142,0.9543429017066956,0.04565709829330444,0.302182137966156,128,True,False,False,False
STRAIN_000563,1,LOCAL_W10,3,242,0.9225822687149048,0.07741773128509521,0.3934914469718933,128,True,False,False,False
STRAIN_000563,1,LOCAL_W10,4,342,0.9370200634002686,0.06297993659973145,0.35490813851356506,128,True,False,False,False
STRAIN_000563,1,LOCAL_W10,5,442,0.94378662109375,0.05621337890625,0.3353009521961212,128,True,False,False,False
STRAIN_000564,1,LOCAL_W10,1,42,0.9398525953292847,0.06014740467071533,0.34683555364608765,128,True,False,False,False
STRAIN_000564,1,LOCAL_W10,2,142,0.9282300472259521,0.07176995277404785,0.3788665533065796,128,True,False,False,False
STRAIN_000564,1,LOCAL_W10,3,242,0.9420558214187622,0.05794417858123779,0.34042394161224365,128,True,False,False,False
STRAIN_000564,1,LOCAL_W10,4,342,0.9527157545089722,0.04728424549102783,0.30752015113830566,128,True,False,False,False
STRAIN_000564,1,LOCAL_W10,5,442,0.9438024163246155,0.05619758367538452,0.3352539837360382,128,True,False,False,False
STRAIN_000566,1,LOCAL_W10,1,42,0.948788046836853,0.05121195316314697,0.32003751397132874,128,True,False,False,False
STRAIN_000566,1,LOCAL_W10,2,142,0.9492042660713196,0.05079573392868042,0.3187342882156372,128,True,False,False,False
STRAIN_000566,1,LOCAL_W10,3,242,0.9397987127304077,0.060201287269592285,0.34699076414108276,128,True,False,False,False
STRAIN_000566,1,LOCAL_W10,4,342,0.9545375108718872,0.04546248912811279,0.301537424325943,128,True,False,False,False
STRAIN_000566,1,LOCAL_W10,5,442,0.9388402700424194,0.061159729957580566,0.3497419059276581,128,True,False,False,False
STRAIN_000568,1,LOCAL_W10,1,42,0.9216473698616028,0.07835263013839722,0.39586031436920166,128,True,False,False,False
STRAIN_000568,1,LOCAL_W10,2,142,0.9377152919769287,0.06228470802307129,0.35294389724731445,128,True,False,False,False
STRAIN_000568,1,LOCAL_W10,3,242,0.9417710304260254,0.05822896957397461,0.3412594795227051,128,True,False,False,False
STRAIN_000568,1,LOCAL_W10,4,342,0.9336531162261963,0.06634688377380371,0.3642716407775879,128,True,False,False,False
STRAIN_000568,1,LOCAL_W10,5,442,0.9289158582687378,0.07108414173126221,0.37705203890800476,128,True,False,False,False
STRAIN_000571,1,LOCAL_W10,1,42,0.9345155358314514,0.06548446416854858,0.36189624667167664,128,True,False,False,False
STRAIN_000571,1,LOCAL_W10,2,142,0.9150543212890625,0.0849456787109375,0.4121786952018738,128,True,False,False,False
STRAIN_000571,1,LOCAL_W10,3,242,0.9279497861862183,0.07205021381378174,0.3796057403087616,128,True,False,False,False
STRAIN_000571,1,LOCAL_W10,4,342,0.9218356609344482,0.07816433906555176,0.3953842520713806,128,True,False,False,False
STRAIN_000571,1,LOCAL_W10,5,442,0.9259104132652283,0.07408958673477173,0.3849402666091919,128,True,False,False,False
STRAIN_000573,1,LOCAL_W10,1,42,0.9308623671531677,0.06913763284683228,0.37185391783714294,128,True,False,False,False
STRAIN_000573,1,LOCAL_W10,2,142,0.9265987277030945,0.07340127229690552,0.38314834237098694,128,True,False,False,False
STRAIN_000573,1,LOCAL_W10,3,242,0.9336763620376587,0.06632363796234131,0.364207923412323,128,True,False,False,False
STRAIN_000573,1,LOCAL_W10,4,342,0.9275293946266174,0.07247060537338257,0.38071173429489136,128,True,False,False,False
STRAIN_000573,1,LOCAL_W10,5,442,0.9391385316848755,0.06086146831512451,0.3488883674144745,128,True,False,False,False
STRAIN_000574,1,LOCAL_W10,1,42,0.9378702640533447,0.06212973594665527,0.3525044620037079,128,True,False,False,False
STRAIN_000574,1,LOCAL_W10,2,142,0.9295514822006226,0.07044851779937744,0.37536266446113586,128,True,False,False,False
STRAIN_000574,1,LOCAL_W10,3,242,0.9213228225708008,0.07867717742919922,0.39667922258377075,128,True,False,False,False
STRAIN_000574,1,LOCAL_W10,4,342,0.923019289970398,0.07698071002960205,0.3923790454864502,128,True,False,False,False
STRAIN_000574,1,LOCAL_W10,5,442,0.9313616752624512,0.06863832473754883,0.3705085813999176,128,True,False,False,False
STRAIN_000576,1,LOCAL_W10,1,42,0.9666857719421387,0.03331422805786133,0.258124977350235,128,True,False,False,False
STRAIN_000576,1,LOCAL_W10,2,142,0.957217812538147,0.04278218746185303,0.29251405596733093,128,True,False,False,False
STRAIN_000576,1,LOCAL_W10,3,242,0.9541127681732178,0.04588723182678223,0.30294302105903625,128,True,False,False,False
STRAIN_000576,1,LOCAL_W10,4,342,0.9413014054298401,0.05869859457015991,0.3426327705383301,128,True,False,False,False
STRAIN_000576,1,LOCAL_W10,5,442,0.9492542147636414,0.05074578523635864,0.31857752799987793,128,True,False,False,False
STRAIN_000579,1,LOCAL_W10,1,42,0.9320547580718994,0.06794524192810059,0.3686331510543823,128,True,False,False,False
STRAIN_000579,1,LOCAL_W10,2,142,0.927117645740509,0.07288235425949097,0.38179153203964233,128,True,False,False,False
STRAIN_000579,1,LOCAL_W10,3,242,0.9257785081863403,0.07422149181365967,0.38528287410736084,128,True,False,False,False
STRAIN_000579,1,LOCAL_W10,4,342,0.9243190884590149,0.07568091154098511,0.3890525698661804,128,True,False,False,False
STRAIN_000579,1,LOCAL_W10,5,442,0.9303452372550964,0.06965476274490356,0.3732418715953827,128,True,False,False,False
STRAIN_000590,1,LOCAL_W10,1,42,0.9468804597854614,0.053119540214538574,0.3259432911872864,128,True,False,False,False
STRAIN_000590,1,LOCAL_W10,2,142,0.9469525814056396,0.05304741859436035,0.32572177052497864,128,True,False,False,False
STRAIN_000590,1,LOCAL_W10,3,242,0.9467587471008301,0.05324125289916992,0.3263164162635803,128,True,False,False,False
STRAIN_000590,1,LOCAL_W10,4,342,0.9333133101463318,0.06668668985366821,0.3652028441429138,128,True,False,False,False
STRAIN_000590,1,LOCAL_W10,5,442,0.9460175037384033,0.05398249626159668,0.3285798728466034,128,True,False,False,False
STRAIN_000606,1,LOCAL_W10,1,42,0.9270778894424438,0.07292211055755615,0.3818952441215515,128,True,False,False,False
STRAIN_000606,1,LOCAL_W10,2,142,0.9309556484222412,0.06904435157775879,0.3716029226779938,128,True,False,False,False
STRAIN_000606,1,LOCAL_W10,3,242,0.924598217010498,0.07540178298950195,0.38833439350128174,128,True,False,False,False
STRAIN_000606,1,LOCAL_W10,4,342,0.9283496141433716,0.07165038585662842,0.37855076789855957,128,True,False,False,False
STRAIN_000606,1,LOCAL_W10,5,442,0.9303061962127686,0.06969380378723145,0.3733464777469635,128,True,False,False,False
STRAIN_000608,1,LOCAL_W10,1,42,0.9245003461837769,0.07549965381622314,0.3885864019393921,128,True,False,False,False
STRAIN_000608,1,LOCAL_W10,2,142,0.93116295337677,0.06883704662322998,0.371044784784317,128,True,False,False,False
STRAIN_000608,1,LOCAL_W10,3,242,0.9282344579696655,0.07176554203033447,0.3788551688194275,128,True,False,False,False
STRAIN_000608,1,LOCAL_W10,4,342,0.9240430593490601,0.07595694065093994,0.38976168632507324,128,True,False,False,False
STRAIN_000608,1,LOCAL_W10,5,442,0.9259661436080933,0.07403385639190674,0.3847959339618683,128,True,False,False,False
STRAIN_000609,1,LOCAL_W10,1,42,0.9340519309043884,0.06594806909561157,0.36317482590675354,128,True,False,False,False
STRAIN_000609,1,LOCAL_W10,2,142,0.9283252954483032,0.07167470455169678,0.37861528992652893,128,True,False,False,False
STRAIN_000609,1,LOCAL_W10,3,242,0.9287952184677124,0.0712047815322876,0.377371609210968,128,True,False,False,False
STRAIN_000609,1,LOCAL_W10,4,342,0.9248744249343872,0.07512557506561279,0.3876224756240845,128,True,False,False,False
STRAIN_000609,1,LOCAL_W10,5,442,0.9312897324562073,0.06871026754379272,0.37070268392562866,128,True,False,False,False
STRAIN_000610,1,LOCAL_W10,1,42,0.9429622888565063,0.05703771114349365,0.33775025606155396,128,True,False,False,False
STRAIN_000610,1,LOCAL_W10,2,142,0.9376717209815979,0.0623282790184021,0.3530673682689667,128,True,False,False,False
STRAIN_000610,1,LOCAL_W10,3,242,0.9468011856079102,0.053198814392089844,0.3261866569519043,128,True,False,False,False
STRAIN_000610,1,LOCAL_W10,4,342,0.9382193088531494,0.061780691146850586,0.35151299834251404,128,True,False,False,False
STRAIN_000610,1,LOCAL_W10,5,442,0.9468700885772705,0.05312991142272949,0.3259749114513397,128,True,False,False,False
STRAIN_000611,1,LOCAL_W10,1,42,0.9353796243667603,0.06462037563323975,0.35950085520744324,128,True,False,False,False
STRAIN_000611,1,LOCAL_W10,2,142,0.9320135712623596,0.06798642873764038,0.3687451183795929,128,True,False,False,False
STRAIN_000611,1,LOCAL_W10,3,242,0.9371821880340576,0.06281781196594238,0.35445091128349304,128,True,False,False,False
STRAIN_000611,1,LOCAL_W10,4,342,0.9417983889579773,0.058201611042022705,0.34117937088012695,128,True,False,False,False
STRAIN_000611,1,LOCAL_W10,5,442,0.9418970346450806,0.058102965354919434,0.3408898711204529,128,True,False,False,False
STRAIN_000612,1,LOCAL_W10,1,42,0.9356798529624939,0.0643201470375061,0.35866430401802063,128,True,False,False,False
STRAIN_000612,1,LOCAL_W10,2,142,0.9316160082817078,0.06838399171829224,0.3698214888572693,128,True,False,False,False
STRAIN_000612,1,LOCAL_W10,3,242,0.9219974279403687,0.07800257205963135,0.39497479796409607,128,True,False,False,False
STRAIN_000612,1,LOCAL_W10,4,342,0.9322245121002197,0.06777548789978027,0.3681723177433014,128,True,False,False,False
STRAIN_000612,1,LOCAL_W10,5,442,0.9368230700492859,0.06317692995071411,0.35546281933784485,128,True,False,False,False
STRAIN_000616,1,LOCAL_W10,1,42,0.9285200834274292,0.0714799165725708,0.37810054421424866,128,True,False,False,False
STRAIN_000616,1,LOCAL_W10,2,142,0.9415240287780762,0.05847597122192383,0.3419824242591858,128,True,False,False,False
STRAIN_000616,1,LOCAL_W10,3,242,0.9429154396057129,0.05708456039428711,0.33788958191871643,128,True,False,False,False
STRAIN_000616,1,LOCAL_W10,4,342,0.934725821018219,0.065274178981781,0.3613147735595703,128,True,False,False,False
STRAIN_000616,1,LOCAL_W10,5,442,0.9389299750328064,0.061070024967193604,0.34948572516441345,128,True,False,False,False
STRAIN_000631,1,LOCAL_W10,1,42,0.9412444829940796,0.05875551700592041,0.3427988588809967,128,True,False,False,False
STRAIN_000631,1,LOCAL_W10,2,142,0.9357686638832092,0.06423133611679077,0.3584170341491699,128,True,False,False,False
STRAIN_000631,1,LOCAL_W10,3,242,0.9579247832298279,0.04207521677017212,0.29008686542510986,128,True,False,False,False
STRAIN_000631,1,LOCAL_W10,4,342,0.9410400390625,0.0589599609375,0.3433946967124939,128,True,False,False,False
STRAIN_000631,1,LOCAL_W10,5,442,0.9465737342834473,0.053426265716552734,0.326882928609848,128,True,False,False,False
STRAIN_000644,1,LOCAL_W10,1,42,0.9176307916641235,0.08236920833587646,0.4058799743652344,128,True,False,False,False
STRAIN_000644,1,LOCAL_W10,2,142,0.9254097938537598,0.07459020614624023,0.38623860478401184,128,True,False,False,False
STRAIN_000644,1,LOCAL_W10,3,242,0.925134539604187,0.07486546039581299,0.3869507312774658,128,True,False,False,False
STRAIN_000644,1,LOCAL_W10,4,342,0.9300889372825623,0.06991106271743774,0.3739277422428131,128,True,False,False,False
STRAIN_000644,1,LOCAL_W10,5,442,0.9328812956809998,0.06711870431900024,0.3663840889930725,128,True,False,False,False
STRAIN_000646,1,LOCAL_W10,1,42,0.9294103980064392,0.07058960199356079,0.3757379949092865,128,True,False,False,False
STRAIN_000646,1,LOCAL_W10,2,142,0.9291821122169495,0.07081788778305054,0.37634536623954773,128,True,False,False,False
STRAIN_000646,1,LOCAL_W10,3,242,0.9329876899719238,0.06701231002807617,0.3660937249660492,128,True,False,False,False
STRAIN_000646,1,LOCAL_W10,4,342,0.9267271757125854,0.07327282428741455,0.3828127384185791,128,True,False,False,False
STRAIN_000646,1,LOCAL_W10,5,442,0.9339849352836609,0.06601506471633911,0.3633592128753662,128,True,False,False,False
STRAIN_000656,1,LOCAL_W10,1,42,0.9427962899208069,0.057203710079193115,0.33824166655540466,128,True,False,False,False
STRAIN_000656,1,LOCAL_W10,2,142,0.9328413605690002,0.06715863943099976,0.3664931356906891,128,True,False,False,False
STRAIN_000656,1,LOCAL_W10,3,242,0.9181323051452637,0.08186769485473633,0.40464240312576294,128,True,False,False,False
STRAIN_000656,1,LOCAL_W10,4,342,0.9267208576202393,0.07327914237976074,0.3828295171260834,128,True,False,False,False
STRAIN_000656,1,LOCAL_W10,5,442,0.9350801110267639,0.06491988897323608,0.36033281683921814,128,True,False,False,False
STRAIN_000660,1,LOCAL_W10,1,42,0.9465534687042236,0.05344653129577637,0.3269447982311249,128,True,False,False,False
STRAIN_000660,1,LOCAL_W10,2,142,0.9226224422454834,0.0773775577545166,0.39338934421539307,128,True,False,False,False
STRAIN_000660,1,LOCAL_W10,3,242,0.9244217276573181,0.07557827234268188,0.3887885510921478,128,True,False,False,False
STRAIN_000660,1,LOCAL_W10,4,342,0.9344553351402283,0.06554466485977173,0.36206260323524475,128,True,False,False,False
STRAIN_000660,1,LOCAL_W10,5,442,0.9035180807113647,0.09648191928863525,0.43927639722824097,128,True,False,False,False
STRAIN_000662,1,LOCAL_W10,1,42,0.9397298097610474,0.06027019023895264,0.34718945622444153,128,True,False,False,False
STRAIN_000662,1,LOCAL_W10,2,142,0.9385226964950562,0.06147730350494385,0.35064879059791565,128,True,False,False,False
STRAIN_000662,1,LOCAL_W10,3,242,0.9340096116065979,0.0659903883934021,0.36329174041748047,128,True,False,False,False
STRAIN_000662,1,LOCAL_W10,4,342,0.9347354173660278,0.06526458263397217,0.361288458108902,128,True,False,False,False
STRAIN_000662,1,LOCAL_W10,5,442,0.9332072734832764,0.06679272651672363,0.36549389362335205,128,True,False,False,False
STRAIN_000673,1,LOCAL_W10,1,42,0.9365458488464355,0.06345415115356445,0.35624176263809204,128,True,False,False,False
STRAIN_000673,1,LOCAL_W10,2,142,0.9330531358718872,0.06694686412811279,0.3659150302410126,128,True,False,False,False
STRAIN_000673,1,LOCAL_W10,3,242,0.9404186010360718,0.05958139896392822,0.34519973397254944,128,True,False,False,False
STRAIN_000673,1,LOCAL_W10,4,342,0.944634199142456,0.055365800857543945,0.3327636122703552,128,True,False,False,False
STRAIN_000673,1,LOCAL_W10,5,442,0.9418522119522095,0.05814778804779053,0.34102150797843933,128,True,False,False,False
STRAIN_000676,1,LOCAL_W10,1,42,0.920482873916626,0.07951712608337402,0.3987911343574524,128,True,False,False,False
STRAIN_000676,1,LOCAL_W10,2,142,0.9242426156997681,0.07575738430023193,0.3892490267753601,128,True,False,False,False
STRAIN_000676,1,LOCAL_W10,3,242,0.9254661202430725,0.07453387975692749,0.3860931396484375,128,True,False,False,False
STRAIN_000676,1,LOCAL_W10,4,342,0.9286783933639526,0.07132160663604736,0.37768131494522095,128,True,False,False,False
STRAIN_000676,1,LOCAL_W10,5,442,0.9364303946495056,0.06356960535049438,0.35656577348709106,128,True,False,False,False
STRAIN_000679,1,LOCAL_W10,1,42,0.9580162763595581,0.041983723640441895,0.289771169424057,128,True,False,False,False
STRAIN_000679,1,LOCAL_W10,2,142,0.9469766616821289,0.053023338317871094,0.32564833760261536,128,True,False,False,False
STRAIN_000679,1,LOCAL_W10,3,242,0.9360479116439819,0.06395208835601807,0.3576369285583496,128,True,False,False,False
STRAIN_000679,1,LOCAL_W10,4,342,0.9464077949523926,0.05359220504760742,0.3273904323577881,128,True,False,False,False
STRAIN_000679,1,LOCAL_W10,5,442,0.9536207914352417,0.0463792085647583,0.30456262826919556,128,True,False,False,False
STRAIN_000682,1,LOCAL_W10,1,42,0.9257902503013611,0.07420974969863892,0.3852523863315582,128,True,False,False,False
STRAIN_000682,1,LOCAL_W10,2,142,0.920601487159729,0.079398512840271,0.39849361777305603,128,True,False,False,False
STRAIN_000682,1,LOCAL_W10,3,242,0.9342140555381775,0.06578594446182251,0.362728476524353,128,True,False,False,False
STRAIN_000682,1,LOCAL_W10,4,342,0.9320749044418335,0.0679250955581665,0.36857861280441284,128,True,False,False,False
STRAIN_000682,1,LOCAL_W10,5,442,0.940442681312561,0.059557318687438965,0.3451297879219055,128,True,False,False,False
STRAIN_000684,1,LOCAL_W10,1,42,0.9227221608161926,0.07727783918380737,0.3931356370449066,128,True,False,False,False
STRAIN_000684,1,LOCAL_W10,2,142,0.9232731461524963,0.07672685384750366,0.39173179864883423,128,True,False,False,False
STRAIN_000684,1,LOCAL_W10,3,242,0.9292436838150024,0.07075631618499756,0.3761816620826721,128,True,False,False,False
STRAIN_000684,1,LOCAL_W10,4,342,0.924801230430603,0.07519876956939697,0.38781121373176575,128,True,False,False,False
STRAIN_000684,1,LOCAL_W10,5,442,0.9221510887145996,0.07784891128540039,0.3945857584476471,128,True,False,False,False
STRAIN_000686,1,LOCAL_W10,1,42,0.93517005443573,0.06482994556427002,0.36008280515670776,128,True,False,False,False
STRAIN_000686,1,LOCAL_W10,2,142,0.9185162782669067,0.08148372173309326,0.40369218587875366,128,True,False,False,False
STRAIN_000686,1,LOCAL_W10,3,242,0.9289299249649048,0.07107007503509521,0.3770146369934082,128,True,False,False,False
STRAIN_000686,1,LOCAL_W10,4,342,0.922635555267334,0.07736444473266602,0.39335596561431885,128,True,False,False,False
STRAIN_000686,1,LOCAL_W10,5,442,0.9313004016876221,0.06869959831237793,0.3706737458705902,128,True,False,False,False
STRAIN_000691,1,LOCAL_W10,1,42,0.9372256398200989,0.06277436017990112,0.35432830452919006,128,True,False,False,False
STRAIN_000691,1,LOCAL_W10,2,142,0.9338452219963074,0.06615477800369263,0.3637436330318451,128,True,False,False,False
STRAIN_000691,1,LOCAL_W10,3,242,0.9352542757987976,0.06474572420120239,0.3598490059375763,128,True,False,False,False
STRAIN_000691,1,LOCAL_W10,4,342,0.938178300857544,0.061821699142456055,0.3516296446323395,128,True,False,False,False
STRAIN_000691,1,LOCAL_W10,5,442,0.9244086146354675,0.07559138536453247,0.3888222277164459,128,True,False,False,False
STRAIN_000694,1,LOCAL_W10,1,42,0.9314498901367188,0.06855010986328125,0.3702704608440399,128,True,False,False,False
STRAIN_000694,1,LOCAL_W10,2,142,0.9336740970611572,0.06632590293884277,0.364214152097702,128,True,False,False,False
STRAIN_000694,1,LOCAL_W10,3,242,0.9305425882339478,0.06945741176605225,0.3727126717567444,128,True,False,False,False
STRAIN_000694,1,LOCAL_W10,4,342,0.9342753887176514,0.06572461128234863,0.3625592887401581,128,True,False,False,False
STRAIN_000694,1,LOCAL_W10,5,442,0.9264875054359436,0.0735124945640564,0.38343849778175354,128,True,False,False,False
STRAIN_000701,1,LOCAL_W10,1,42,0.9272571802139282,0.07274281978607178,0.3814258873462677,128,True,False,False,False
STRAIN_000701,1,LOCAL_W10,2,142,0.9252210259437561,0.0747789740562439,0.38672739267349243,128,True,False,False,False
STRAIN_000701,1,LOCAL_W10,3,242,0.9222654104232788,0.07773458957672119,0.3942960202693939,128,True,False,False,False
STRAIN_000701,1,LOCAL_W10,4,342,0.9296576976776123,0.0703423023223877,0.3750794529914856,128,True,False,False,False
STRAIN_000701,1,LOCAL_W10,5,442,0.9383426904678345,0.06165730953216553,0.35116174817085266,128,True,False,False,False
STRAIN_000712,1,LOCAL_W10,1,42,0.9270674586296082,0.07293254137039185,0.3819230794906616,128,True,False,False,False
STRAIN_000712,1,LOCAL_W10,2,142,0.9218811392784119,0.07811886072158813,0.39526936411857605,128,True,False,False,False
STRAIN_000712,1,LOCAL_W10,3,242,0.9266681671142578,0.07333183288574219,0.38296714425086975,128,True,False,False,False
STRAIN_000712,1,LOCAL_W10,4,342,0.9342938661575317,0.06570613384246826,0.36250847578048706,128,True,False,False,False
STRAIN_000712,1,LOCAL_W10,5,442,0.9322583079338074,0.06774169206619263,0.36808082461357117,128,True,False,False,False
STRAIN_000714,1,LOCAL_W10,1,42,0.9334162473678589,0.06658375263214111,0.36492106318473816,128,True,False,False,False
STRAIN_000714,1,LOCAL_W10,2,142,0.9230403304100037,0.07695966958999634,0.3923255205154419,128,True,False,False,False
STRAIN_000714,1,LOCAL_W10,3,242,0.9368046522140503,0.06319534778594971,0.35551461577415466,128,True,False,False,False
STRAIN_000714,1,LOCAL_W10,4,342,0.9447559118270874,0.0552440881729126,0.3323974609375,128,True,False,False,False
STRAIN_000714,1,LOCAL_W10,5,442,0.9373434782028198,0.06265652179718018,0.35399574041366577,128,True,False,False,False
STRAIN_000716,1,LOCAL_W10,1,42,0.930762529373169,0.06923747062683105,0.372122198343277,128,True,False,False,False
STRAIN_000716,1,LOCAL_W10,2,142,0.931814432144165,0.06818556785583496,0.3692847788333893,128,True,False,False,False
STRAIN_000716,1,LOCAL_W10,3,242,0.931455671787262,0.06854432821273804,0.3702546954154968,128,True,False,False,False
STRAIN_000716,1,LOCAL_W10,4,342,0.9249066114425659,0.07509338855743408,0.3875392973423004,128,True,False,False,False
STRAIN_000716,1,LOCAL_W10,5,442,0.927824854850769,0.07217514514923096,0.3799344301223755,128,True,False,False,False
STRAIN_000722,1,LOCAL_W10,1,42,0.928955078125,0.071044921875,0.37694793939590454,128,True,False,False,False
STRAIN_000722,1,LOCAL_W10,2,142,0.9398458003997803,0.06015419960021973,0.3468549847602844,128,True,False,False,False
STRAIN_000722,1,LOCAL_W10,3,242,0.927257239818573,0.072742760181427,0.3814256191253662,128,True,False,False,False
STRAIN_000722,1,LOCAL_W10,4,342,0.9252815246582031,0.07471847534179688,0.38657060265541077,128,True,False,False,False
STRAIN_000722,1,LOCAL_W10,5,442,0.9243587851524353,0.0756412148475647,0.38895031809806824,128,True,False,False,False
STRAIN_000724,1,LOCAL_W10,1,42,0.9340037703514099,0.06599622964859009,0.36330753564834595,128,True,False,False,False
STRAIN_000724,1,LOCAL_W10,2,142,0.9291778802871704,0.07082211971282959,0.3763563632965088,128,True,False,False,False
STRAIN_000724,1,LOCAL_W10,3,242,0.9381040334701538,0.06189596652984619,0.3518407642841339,128,True,False,False,False
STRAIN_000724,1,LOCAL_W10,4,342,0.9329986572265625,0.0670013427734375,0.3660636842250824,128,True,False,False,False
STRAIN_000724,1,LOCAL_W10,5,442,0.9297402501106262,0.07025974988937378,0.37485945224761963,128,True,False,False,False
STRAIN_000727,1,LOCAL_W10,1,42,0.935184895992279,0.06481510400772095,0.36004191637039185,128,True,False,False,False
STRAIN_000727,1,LOCAL_W10,2,142,0.9277499914169312,0.07225000858306885,0.38013145327568054,128,True,False,False,False
STRAIN_000727,1,LOCAL_W10,3,242,0.9230201244354248,0.0769798755645752,0.3923770785331726,128,True,False,False,False
STRAIN_000727,1,LOCAL_W10,4,342,0.9278726577758789,0.0721273422241211,0.37980881333351135,128,True,False,False,False
STRAIN_000727,1,LOCAL_W10,5,442,0.9176633358001709,0.0823366641998291,0.40579965710639954,128,True,False,False,False
STRAIN_000731,1,LOCAL_W10,1,42,0.9373915791511536,0.06260842084884644,0.3538598418235779,128,True,False,False,False
STRAIN_000731,1,LOCAL_W10,2,142,0.9393229484558105,0.06067705154418945,0.34835928678512573,128,True,False,False,False
STRAIN_000731,1,LOCAL_W10,3,242,0.9358158111572266,0.06418418884277344,0.3582850992679596,128,True,False,False,False
STRAIN_000731,1,LOCAL_W10,4,342,0.946121096611023,0.05387890338897705,0.3282650113105774,128,True,False,False,False
STRAIN_000731,1,LOCAL_W10,5,442,0.9432263374328613,0.05677366256713867,0.3369677662849426,128,True,False,False,False
STRAIN_000734,1,LOCAL_W10,1,42,0.9384602308273315,0.06153976917266846,0.35082685947418213,128,True,False,False,False
STRAIN_000734,1,LOCAL_W10,2,142,0.9341357946395874,0.0658642053604126,0.3629443049430847,128,True,False,False,False
STRAIN_000734,1,LOCAL_W10,3,242,0.9288866519927979,0.07111334800720215,0.3771296739578247,128,True,False,False,False
STRAIN_000734,1,LOCAL_W10,4,342,0.9222439527511597,0.07775604724884033,0.39435017108917236,128,True,False,False,False
STRAIN_000734,1,LOCAL_W10,5,442,0.9248455762863159,0.07515442371368408,0.3876968026161194,128,True,False,False,False
STRAIN_000739,1,LOCAL_W10,1,42,0.9290850162506104,0.07091498374938965,0.3766029477119446,128,True,False,False,False
STRAIN_000739,1,LOCAL_W10,2,142,0.9306499361991882,0.06935006380081177,0.3724246621131897,128,True,False,False,False
STRAIN_000739,1,LOCAL_W10,3,242,0.9234682321548462,0.07653176784515381,0.3912333846092224,128,True,False,False,False
STRAIN_000739,1,LOCAL_W10,4,342,0.9156270623207092,0.08437293767929077,0.410786896944046,128,True,False,False,False
STRAIN_000739,1,LOCAL_W10,5,442,0.9318872094154358,0.06811279058456421,0.3690873086452484,128,True,False,False,False
STRAIN_000742,1,LOCAL_W10,1,42,0.9354754686355591,0.06452453136444092,0.3592342734336853,128,True,False,False,False
STRAIN_000742,1,LOCAL_W10,2,142,0.9308366775512695,0.06916332244873047,0.37192296981811523,128,True,False,False,False
STRAIN_000742,1,LOCAL_W10,3,242,0.9348928928375244,0.06510710716247559,0.36085206270217896,128,True,False,False,False
STRAIN_000742,1,LOCAL_W10,4,342,0.9314518570899963,0.06854814291000366,0.3702651560306549,128,True,False,False,False
STRAIN_000742,1,LOCAL_W10,5,442,0.9412528872489929,0.05874711275100708,0.3427742123603821,128,True,False,False,False
STRAIN_000746,1,LOCAL_W10,1,42,0.9398674368858337,0.06013256311416626,0.3467925190925598,128,True,False,False,False
STRAIN_000746,1,LOCAL_W10,2,142,0.9349445104598999,0.0650554895401001,0.3607090413570404,128,True,False,False,False
STRAIN_000746,1,LOCAL_W10,3,242,0.9306168556213379,0.06938314437866211,0.3725133240222931,128,True,False,False,False
STRAIN_000746,1,LOCAL_W10,4,342,0.9360557794570923,0.06394422054290771,0.35761475563049316,128,True,False,False,False
STRAIN_000746,1,LOCAL_W10,5,442,0.9269002676010132,0.07309973239898682,0.38236021995544434,128,True,False,False,False
STRAIN_000753,1,LOCAL_W10,1,42,0.9354202747344971,0.06457972526550293,0.3593873977661133,128,True,False,False,False
STRAIN_000753,1,LOCAL_W10,2,142,0.9410275816917419,0.05897241830825806,0.34343063831329346,128,True,False,False,False
STRAIN_000753,1,LOCAL_W10,3,242,0.9323904514312744,0.06760954856872559,0.367721289396286,128,True,False,False,False
STRAIN_000753,1,LOCAL_W10,4,342,0.9328925609588623,0.0671074390411377,0.3663531243801117,128,True,False,False,False
STRAIN_000753,1,LOCAL_W10,5,442,0.9231486320495605,0.07685136795043945,0.39204922318458557,128,True,False,False,False
STRAIN_000759,1,LOCAL_W10,1,42,0.9337656497955322,0.06623435020446777,0.3639625906944275,128,True,False,False,False
STRAIN_000759,1,LOCAL_W10,2,142,0.9184129238128662,0.08158707618713379,0.4039480984210968,128,True,False,False,False
STRAIN_000759,1,LOCAL_W10,3,242,0.9340662956237793,0.0659337043762207,0.36313581466674805,128,True,False,False,False
STRAIN_000759,1,LOCAL_W10,4,342,0.9371126294136047,0.06288737058639526,0.35464730858802795,128,True,False,False,False
STRAIN_000759,1,LOCAL_W10,5,442,0.915972888469696,0.08402711153030396,0.4099440574645996,128,True,False,False,False
STRAIN_000760,1,LOCAL_W10,1,42,0.9294349551200867,0.07056504487991333,0.3756728172302246,128,True,False,False,False
STRAIN_000760,1,LOCAL_W10,2,142,0.9311183094978333,0.06888169050216675,0.37116482853889465,128,True,False,False,False
STRAIN_000760,1,LOCAL_W10,3,242,0.9264308214187622,0.07356917858123779,0.383586049079895,128,True,False,False,False
STRAIN_000760,1,LOCAL_W10,4,342,0.9236029386520386,0.07639706134796143,0.3908889591693878,128,True,False,False,False
STRAIN_000760,1,LOCAL_W10,5,442,0.9337854981422424,0.06621450185775757,0.3639077842235565,128,True,False,False,False
STRAIN_000763,1,LOCAL_W10,1,42,0.9197694063186646,0.08023059368133545,0.4005758762359619,128,True,False,False,False
STRAIN_000763,1,LOCAL_W10,2,142,0.934201717376709,0.06579828262329102,0.36276230216026306,128,True,False,False,False
STRAIN_000763,1,LOCAL_W10,3,242,0.9845966100692749,0.015403389930725098,0.17551840841770172,128,True,False,False,False
STRAIN_000763,1,LOCAL_W10,4,342,0.9439864158630371,0.05601358413696289,0.33470478653907776,128,True,False,False,False
STRAIN_000763,1,LOCAL_W10,5,442,0.9420009851455688,0.05799901485443115,0.34058481454849243,128,True,False,False,False
STRAIN_000765,1,LOCAL_W10,1,42,0.9213706254959106,0.07862937450408936,0.3965587019920349,128,True,False,False,False
STRAIN_000765,1,LOCAL_W10,2,142,0.9383708834648132,0.06162911653518677,0.3510812520980835,128,True,False,False,False
STRAIN_000765,1,LOCAL_W10,3,242,0.9384127259254456,0.06158727407455444,0.3509621322154999,128,True,False,False,False
STRAIN_000765,1,LOCAL_W10,4,342,0.9358693957328796,0.06413060426712036,0.35813575983047485,128,True,False,False,False
STRAIN_000765,1,LOCAL_W10,5,442,0.9360084533691406,0.06399154663085938,0.35774704813957214,128,True,False,False,False
STRAIN_000781,1,LOCAL_W10,1,42,0.9450352191925049,0.05496478080749512,0.3315562903881073,128,True,False,False,False
STRAIN_000781,1,LOCAL_W10,2,142,0.9422962665557861,0.05770373344421387,0.3397167921066284,128,True,False,False,False
STRAIN_000781,1,LOCAL_W10,3,242,0.9287977814674377,0.07120221853256226,0.3773651421070099,128,True,False,False,False
STRAIN_000781,1,LOCAL_W10,4,342,0.942794680595398,0.05720531940460205,0.33824628591537476,128,True,False,False,False
STRAIN_000781,1,LOCAL_W10,5,442,0.9319210052490234,0.06807899475097656,0.3689959645271301,128,True,False,False,False
STRAIN_000786,1,LOCAL_W10,1,42,0.9426226615905762,0.05737733840942383,0.33875447511672974,128,True,False,False,False
STRAIN_000786,1,LOCAL_W10,2,142,0.935234546661377,0.06476545333862305,0.35990411043167114,128,True,False,False,False
STRAIN_000786,1,LOCAL_W10,3,242,0.9394834041595459,0.0605165958404541,0.34789809584617615,128,True,False,False,False
STRAIN_000786,1,LOCAL_W10,4,342,0.9433598518371582,0.0566401481628418,0.3365715444087982,128,True,False,False,False
STRAIN_000786,1,LOCAL_W10,5,442,0.9366635084152222,0.06333649158477783,0.355911523103714,128,True,False,False,False
STRAIN_000788,1,LOCAL_W10,1,42,0.9376517534255981,0.062348246574401855,0.35312381386756897,128,True,False,False,False
STRAIN_000788,1,LOCAL_W10,2,142,0.9469353556632996,0.05306464433670044,0.3257748782634735,128,True,False,False,False
STRAIN_000788,1,LOCAL_W10,3,242,0.9441043138504028,0.05589568614959717,0.3343521058559418,128,True,False,False,False
STRAIN_000788,1,LOCAL_W10,4,342,0.9357345700263977,0.0642654299736023,0.3585120141506195,128,True,False,False,False
STRAIN_000788,1,LOCAL_W10,5,442,0.9351388216018677,0.06486117839813232,0.36016976833343506,128,True,False,False,False
STRAIN_000789,1,LOCAL_W10,1,42,0.9296192526817322,0.07038074731826782,0.3751819431781769,128,True,False,False,False
STRAIN_000789,1,LOCAL_W10,2,142,0.9436473846435547,0.05635261535644531,0.3357158303260803,128,True,False,False,False
STRAIN_000789,1,LOCAL_W10,3,242,0.9311275482177734,0.06887245178222656,0.37113991379737854,128,True,False,False,False
STRAIN_000789,1,LOCAL_W10,4,342,0.9319344758987427,0.06806552410125732,0.36895954608917236,128,True,False,False,False
STRAIN_000789,1,LOCAL_W10,5,442,0.9317505359649658,0.06824946403503418,0.3694576025009155,128,True,False,False,False
STRAIN_000790,1,LOCAL_W10,1,42,0.9261837005615234,0.07381629943847656,0.38422971963882446,128,True,False,False,False
STRAIN_000790,1,LOCAL_W10,2,142,0.9226237535476685,0.07737624645233154,0.39338597655296326,128,True,False,False,False
STRAIN_000790,1,LOCAL_W10,3,242,0.9233213663101196,0.07667863368988037,0.3916085362434387,128,True,False,False,False
STRAIN_000790,1,LOCAL_W10,4,342,0.9231886863708496,0.07681131362915039,0.3919472396373749,128,True,False,False,False
STRAIN_000790,1,LOCAL_W10,5,442,0.9273235201835632,0.07267647981643677,0.3812517821788788,128,True,False,False,False
STRAIN_000798,1,LOCAL_W10,1,42,0.9400403499603271,0.05995965003967285,0.3462938964366913,128,True,False,False,False
STRAIN_000798,1,LOCAL_W10,2,142,0.927192747592926,0.07280725240707397,0.38159462809562683,128,True,False,False,False
STRAIN_000798,1,LOCAL_W10,3,242,0.9246853590011597,0.07531464099884033,0.38810983300209045,128,True,False,False,False
STRAIN_000798,1,LOCAL_W10,4,342,0.9325647354125977,0.06743526458740234,0.36724740266799927,128,True,False,False,False
STRAIN_000798,1,LOCAL_W10,5,442,0.9259358048439026,0.07406419515609741,0.3848746418952942,128,True,False,False,False
STRAIN_000799,1,LOCAL_W10,1,42,0.9308428764343262,0.06915712356567383,0.3719062805175781,128,True,False,False,False
STRAIN_000799,1,LOCAL_W10,2,142,0.9281703233718872,0.07182967662811279,0.3790241479873657,128,True,False,False,False
STRAIN_000799,1,LOCAL_W10,3,242,0.9210038781166077,0.07899612188339233,0.3974822759628296,128,True,False,False,False
STRAIN_000799,1,LOCAL_W10,4,342,0.925473690032959,0.07452630996704102,0.38607335090637207,128,True,False,False,False
STRAIN_000799,1,LOCAL_W10,5,442,0.9215972423553467,0.07840275764465332,0.3959868252277374,128,True,False,False,False
STRAIN_000804,1,LOCAL_W10,1,42,0.9088340997695923,0.09116590023040771,0.42700350284576416,128,True,False,False,False
STRAIN_000804,1,LOCAL_W10,2,142,0.9212035536766052,0.07879644632339478,0.3969799280166626,128,True,False,False,False
STRAIN_000804,1,LOCAL_W10,3,242,0.9279506802558899,0.07204931974411011,0.3796032965183258,128,True,False,False,False
STRAIN_000804,1,LOCAL_W10,4,342,0.9266914129257202,0.07330858707427979,0.38290637731552124,128,True,False,False,False
STRAIN_000804,1,LOCAL_W10,5,442,0.9244197607040405,0.07558023929595947,0.38879361748695374,128,True,False,False,False
STRAIN_000805,1,LOCAL_W10,1,42,0.922316312789917,0.07768368721008301,0.3941667973995209,128,True,False,False,False
STRAIN_000805,1,LOCAL_W10,2,142,0.918046236038208,0.08195376396179199,0.40485483407974243,128,True,False,False,False
STRAIN_000805,1,LOCAL_W10,3,242,0.9203293919563293,0.07967060804367065,0.39917561411857605,128,True,False,False,False
STRAIN_000805,1,LOCAL_W10,4,342,0.9249701499938965,0.07502985000610352,0.3873753547668457,128,True,False,False,False
STRAIN_000805,1,LOCAL_W10,5,442,0.9172368049621582,0.0827631950378418,0.4068494439125061,128,True,False,False,False
STRAIN_000810,1,LOCAL_W10,1,42,0.9334043264389038,0.06659567356109619,0.3649538457393646,128,True,False,False,False
STRAIN_000810,1,LOCAL_W10,2,142,0.9308056831359863,0.06919431686401367,0.37200626730918884,128,True,False,False,False
STRAIN_000810,1,LOCAL_W10,3,242,0.924124002456665,0.07587599754333496,0.38955339789390564,128,True,False,False,False
STRAIN_000810,1,LOCAL_W10,4,342,0.9261965751647949,0.07380342483520508,0.3841962218284607,128,True,False,False,False
STRAIN_000810,1,LOCAL_W10,5,442,0.9246833324432373,0.0753166675567627,0.3881150186061859,128,True,False,False,False
STRAIN_000816,1,LOCAL_W10,1,42,0.9299019575119019,0.07009804248809814,0.37442782521247864,128,True,False,False,False
STRAIN_000816,1,LOCAL_W10,2,142,0.9257449507713318,0.07425504922866821,0.3853701949119568,128,True,False,False,False
STRAIN_000816,1,LOCAL_W10,3,242,0.9203454852104187,0.0796545147895813,0.3991353213787079,128,True,False,False,False
STRAIN_000816,1,LOCAL_W10,4,342,0.931229829788208,0.06877017021179199,0.3708641529083252,128,True,False,False,False
STRAIN_000816,1,LOCAL_W10,5,442,0.9173036813735962,0.08269631862640381,0.40668487548828125,128,True,False,False,False
STRAIN_000817,1,LOCAL_W10,1,42,0.925246000289917,0.07475399971008301,0.3866626024246216,128,True,False,False,False
STRAIN_000817,1,LOCAL_W10,2,142,0.926479697227478,0.07352030277252197,0.38345855474472046,128,True,False,False,False
STRAIN_000817,1,LOCAL_W10,3,242,0.9269534349441528,0.07304656505584717,0.3822212517261505,128,True,False,False,False
STRAIN_000817,1,LOCAL_W10,4,342,0.932253897190094,0.067746102809906,0.36809250712394714,128,True,False,False,False
STRAIN_000817,1,LOCAL_W10,5,442,0.9176299571990967,0.08237004280090332,0.40588176250457764,128,True,False,False,False
STRAIN_000822,1,LOCAL_W10,1,42,0.9437059164047241,0.05629408359527588,0.3355414569377899,128,True,False,False,False
STRAIN_000822,1,LOCAL_W10,2,142,0.9342472553253174,0.06575274467468262,0.3626370429992676,128,True,False,False,False
STRAIN_000822,1,LOCAL_W10,3,242,0.8927809000015259,0.10721909999847412,0.46307456493377686,128,True,False,False,False
STRAIN_000822,1,LOCAL_W10,4,342,0.9451780915260315,0.054821908473968506,0.33112508058547974,128,True,False,False,False
STRAIN_000822,1,LOCAL_W10,5,442,0.9534493684768677,0.046550631523132324,0.3051249086856842,128,True,False,False,False
STRAIN_000829,1,LOCAL_W10,1,42,0.923938512802124,0.07606148719787598,0.39002931118011475,128,True,False,False,False
STRAIN_000829,1,LOCAL_W10,2,142,0.9031273722648621,0.09687262773513794,0.4401650130748749,128,True,False,False,False
STRAIN_000829,1,LOCAL_W10,3,242,0.9014861583709717,0.09851384162902832,0.44387802481651306,128,True,False,False,False
STRAIN_000829,1,LOCAL_W10,4,342,0.9229385852813721,0.07706141471862793,0.3925849497318268,128,True,False,False,False
STRAIN_000829,1,LOCAL_W10,5,442,0.9236184358596802,0.07638156414031982,0.390849232673645,128,True,False,False,False
STRAIN_000838,1,LOCAL_W10,1,42,0.9231889247894287,0.07681107521057129,0.3919464349746704,128,True,False,False,False
STRAIN_000838,1,LOCAL_W10,2,142,0.9295744299888611,0.07042557001113892,0.3753010034561157,128,True,False,False,False
STRAIN_000838,1,LOCAL_W10,3,242,0.9139675498008728,0.0860324501991272,0.4148067831993103,128,True,False,False,False
STRAIN_000838,1,LOCAL_W10,4,342,0.9214473962783813,0.07855260372161865,0.3963649570941925,128,True,False,False,False
STRAIN_000838,1,LOCAL_W10,5,442,0.9202712774276733,0.07972872257232666,0.399321049451828,128,True,False,False,False
STRAIN_000845,1,LOCAL_W10,1,42,0.9373789429664612,0.06262105703353882,0.3538956344127655,128,True,False,False,False
STRAIN_000845,1,LOCAL_W10,2,142,0.9241220951080322,0.07587790489196777,0.3895586431026459,128,True,False,False,False
STRAIN_000845,1,LOCAL_W10,3,242,0.9177095890045166,0.0822904109954834,0.40568575263023376,128,True,False,False,False
STRAIN_000845,1,LOCAL_W10,4,342,0.9405185580253601,0.05948144197463989,0.34491002559661865,128,True,False,False,False
STRAIN_000845,1,LOCAL_W10,5,442,0.9334992170333862,0.06650078296661377,0.36469388008117676,128,True,False,False,False
STRAIN_000846,1,LOCAL_W10,1,42,0.9232382774353027,0.07676172256469727,0.3918207287788391,128,True,False,False,False
STRAIN_000846,1,LOCAL_W10,2,142,0.9313687086105347,0.06863129138946533,0.3704896569252014,128,True,False,False,False
STRAIN_000846,1,LOCAL_W10,3,242,0.9354081153869629,0.06459188461303711,0.3594213128089905,128,True,False,False,False
STRAIN_000846,1,LOCAL_W10,4,342,0.9314147233963013,0.06858527660369873,0.3703654408454895,128,True,False,False,False
STRAIN_000846,1,LOCAL_W10,5,442,0.9324722290039062,0.06752777099609375,0.36749929189682007,128,True,False,False,False
STRAIN_000849,1,LOCAL_W10,1,42,0.9225988984107971,0.07740110158920288,0.39344900846481323,128,True,False,False,False
STRAIN_000849,1,LOCAL_W10,2,142,0.9296022653579712,0.07039773464202881,0.37522703409194946,128,True,False,False,False
STRAIN_000849,1,LOCAL_W10,3,242,0.9223234057426453,0.07767659425735474,0.3941485285758972,128,True,False,False,False
STRAIN_000849,1,LOCAL_W10,4,342,0.9302711486816406,0.06972885131835938,0.3734399974346161,128,True,False,False,False
STRAIN_000849,1,LOCAL_W10,5,442,0.936609148979187,0.06339085102081299,0.356064110994339,128,True,False,False,False
STRAIN_000851,1,LOCAL_W10,1,42,0.9510365724563599,0.04896342754364014,0.3129328489303589,128,True,False,False,False
STRAIN_000851,1,LOCAL_W10,2,142,0.9542831778526306,0.045716822147369385,0.3023799657821655,128,True,False,False,False
STRAIN_000851,1,LOCAL_W10,3,242,0.9437788724899292,0.0562211275100708,0.3353242576122284,128,True,False,False,False
STRAIN_000851,1,LOCAL_W10,4,342,0.9523047804832458,0.04769521951675415,0.30885326862335205,128,True,False,False,False
STRAIN_000851,1,LOCAL_W10,5,442,0.9554978609085083,0.0445021390914917,0.29833605885505676,128,True,False,False,False
STRAIN_000854,1,LOCAL_W10,1,42,0.9294737577438354,0.07052624225616455,0.37556949257850647,128,True,False,False,False
STRAIN_000854,1,LOCAL_W10,2,142,0.934903085231781,0.065096914768219,0.36082375049591064,128,True,False,False,False
STRAIN_000854,1,LOCAL_W10,3,242,0.9200599193572998,0.0799400806427002,0.39985010027885437,128,True,False,False,False
STRAIN_000854,1,LOCAL_W10,4,342,0.9350618124008179,0.06493818759918213,0.36038365960121155,128,True,False,False,False
STRAIN_000854,1,LOCAL_W10,5,442,0.9165608882904053,0.08343911170959473,0.4085070490837097,128,True,False,False,False
STRAIN_000862,1,LOCAL_W10,1,42,0.925525963306427,0.074474036693573,0.3859381377696991,128,True,False,False,False
STRAIN_000862,1,LOCAL_W10,2,142,0.9356682300567627,0.0643317699432373,0.3586970567703247,128,True,False,False,False
STRAIN_000862,1,LOCAL_W10,3,242,0.9258193373680115,0.07418066263198853,0.38517698645591736,128,True,False,False,False
STRAIN_000862,1,LOCAL_W10,4,342,0.9319093227386475,0.06809067726135254,0.36902761459350586,128,True,False,False,False
STRAIN_000862,1,LOCAL_W10,5,442,0.9280534386634827,0.07194656133651733,0.3793325126171112,128,True,False,False,False
STRAIN_000864,1,LOCAL_W10,1,42,0.9278767108917236,0.07212328910827637,0.37979796528816223,128,True,False,False,False
STRAIN_000864,1,LOCAL_W10,2,142,0.9207430481910706,0.07925695180892944,0.3981381952762604,128,True,False,False,False
STRAIN_000864,1,LOCAL_W10,3,242,0.9325835704803467,0.06741642951965332,0.3671959340572357,128,True,False,False,False
STRAIN_000864,1,LOCAL_W10,4,342,0.9212288856506348,0.07877111434936523,0.39691612124443054,128,True,False,False,False
STRAIN_000864,1,LOCAL_W10,5,442,0.9254797101020813,0.0745202898979187,0.38605785369873047,128,True,False,False,False
STRAIN_000865,1,LOCAL_W10,1,42,0.9294998645782471,0.07050013542175293,0.37550005316734314,128,True,False,False,False
STRAIN_000865,1,LOCAL_W10,2,142,0.9260931015014648,0.07390689849853516,0.3844655752182007,128,True,False,False,False
STRAIN_000865,1,LOCAL_W10,3,242,0.9289724826812744,0.07102751731872559,0.3769020438194275,128,True,False,False,False
STRAIN_000865,1,LOCAL_W10,4,342,0.9315100908279419,0.0684899091720581,0.37010785937309265,128,True,False,False,False
STRAIN_000865,1,LOCAL_W10,5,442,0.9251515865325928,0.07484841346740723,0.3869069218635559,128,True,False,False,False
STRAIN_000867,1,LOCAL_W10,1,42,0.9172793030738831,0.08272069692611694,0.4067448675632477,128,True,False,False,False
STRAIN_000867,1,LOCAL_W10,2,142,0.9192854762077332,0.08071452379226685,0.40178242325782776,128,True,False,False,False
STRAIN_000867,1,LOCAL_W10,3,242,0.9207682609558105,0.07923173904418945,0.3980747163295746,128,True,False,False,False
STRAIN_000867,1,LOCAL_W10,4,342,0.9200379848480225,0.07996201515197754,0.399904727935791,128,True,False,False,False
STRAIN_000867,1,LOCAL_W10,5,442,0.9297846555709839,0.07021534442901611,0.37474074959754944,128,True,False,False,False
STRAIN_000876,1,LOCAL_W10,1,42,0.9181060791015625,0.0818939208984375,0.4047069251537323,128,True,False,False,False
STRAIN_000876,1,LOCAL_W10,2,142,0.9147225618362427,0.08527743816375732,0.41298308968544006,128,True,False,False,False
STRAIN_000876,1,LOCAL_W10,3,242,0.9250831604003906,0.07491683959960938,0.3870834410190582,128,True,False,False,False
STRAIN_000876,1,LOCAL_W10,4,342,0.9251508712768555,0.07484912872314453,0.38690873980522156,128,True,False,False,False
STRAIN_000876,1,LOCAL_W10,5,442,0.9266129732131958,0.0733870267868042,0.38311082124710083,128,True,False,False,False
STRAIN_000877,1,LOCAL_W10,1,42,0.9306225776672363,0.06937742233276367,0.37249836325645447,128,True,False,False,False
STRAIN_000877,1,LOCAL_W10,2,142,0.9303778409957886,0.06962215900421143,0.3731546700000763,128,True,False,False,False
STRAIN_000877,1,LOCAL_W10,3,242,0.9235360622406006,0.07646393775939941,0.39106008410453796,128,True,False,False,False
STRAIN_000877,1,LOCAL_W10,4,342,0.9193285703659058,0.08067142963409424,0.4016752243041992,128,True,False,False,False
STRAIN_000877,1,LOCAL_W10,5,442,0.9451528787612915,0.054847121238708496,0.3312012553215027,128,True,False,False,False
STRAIN_000888,1,LOCAL_W10,1,42,0.9301305413246155,0.06986945867538452,0.37381669878959656,128,True,False,False,False
STRAIN_000888,1,LOCAL_W10,2,142,0.9314692616462708,0.06853073835372925,0.3702182173728943,128,True,False,False,False
STRAIN_000888,1,LOCAL_W10,3,242,0.9260363578796387,0.07396364212036133,0.3846130073070526,128,True,False,False,False
STRAIN_000888,1,LOCAL_W10,4,342,0.9287559390068054,0.07124406099319458,0.37747570872306824,128,True,False,False,False
STRAIN_000888,1,LOCAL_W10,5,442,0.9337047338485718,0.06629526615142822,0.3641296923160553,128,True,False,False,False
STRAIN_000899,1,LOCAL_W10,1,42,0.9334043264389038,0.06659567356109619,0.36495381593704224,128,True,False,False,False
STRAIN_000899,1,LOCAL_W10,2,142,0.9282634854316711,0.07173651456832886,0.37877824902534485,128,True,False,False,False
STRAIN_000899,1,LOCAL_W10,3,242,0.9322729110717773,0.06772708892822266,0.36804091930389404,128,True,False,False,False
STRAIN_000899,1,LOCAL_W10,4,342,0.92677241563797,0.07322758436203003,0.3826945424079895,128,True,False,False,False
STRAIN_000899,1,LOCAL_W10,5,442,0.9336163997650146,0.06638360023498535,0.36437246203422546,128,True,False,False,False
STRAIN_000913,1,LOCAL_W10,1,42,0.9237421751022339,0.07625782489776611,0.3905324339866638,128,True,False,False,False
STRAIN_000913,1,LOCAL_W10,2,142,0.9384787082672119,0.061521291732788086,0.35077428817749023,128,True,False,False,False
STRAIN_000913,1,LOCAL_W10,3,242,0.9201391339302063,0.0798608660697937,0.3996518552303314,128,True,False,False,False
STRAIN_000913,1,LOCAL_W10,4,342,0.9299818277359009,0.07001817226409912,0.37421414256095886,128,True,False,False,False
STRAIN_000913,1,LOCAL_W10,5,442,0.9290489554405212,0.07095104455947876,0.37669888138771057,128,True,False,False,False
STRAIN_000917,1,LOCAL_W10,1,42,0.935177206993103,0.06482279300689697,0.3600631058216095,128,True,False,False,False
STRAIN_000917,1,LOCAL_W10,2,142,0.9393715262413025,0.06062847375869751,0.34821948409080505,128,True,False,False,False
STRAIN_000917,1,LOCAL_W10,3,242,0.9295762777328491,0.07042372226715088,0.3752964735031128,128,True,False,False,False
STRAIN_000917,1,LOCAL_W10,4,342,0.924284040927887,0.07571595907211304,0.38914239406585693,128,True,False,False,False
STRAIN_000917,1,LOCAL_W10,5,442,0.9284325242042542,0.07156747579574585,0.3783316910266876,128,True,False,False,False
STRAIN_000920,1,LOCAL_W10,1,42,0.9349843859672546,0.06501561403274536,0.36059823632240295,128,True,False,False,False
STRAIN_000920,1,LOCAL_W10,2,142,0.9301773309707642,0.06982266902923584,0.3736916482448578,128,True,False,False,False
STRAIN_000920,1,LOCAL_W10,3,242,0.9226045608520508,0.07739543914794922,0.39343497157096863,128,True,False,False,False
STRAIN_000920,1,LOCAL_W10,4,342,0.9276282787322998,0.0723717212677002,0.3804517090320587,128,True,False,False,False
STRAIN_000920,1,LOCAL_W10,5,442,0.9239003658294678,0.07609963417053223,0.3901274502277374,128,True,False,False,False
STRAIN_000924,1,LOCAL_W10,1,42,0.9241290092468262,0.07587099075317383,0.38954073190689087,128,True,False,False,False
STRAIN_000924,1,LOCAL_W10,2,142,0.9244785904884338,0.07552140951156616,0.3886423110961914,128,True,False,False,False
STRAIN_000924,1,LOCAL_W10,3,242,0.922664999961853,0.07733500003814697,0.39328110218048096,128,True,False,False,False
STRAIN_000924,1,LOCAL_W10,4,342,0.9218826293945312,0.07811737060546875,0.3952654004096985,128,True,False,False,False
STRAIN_000924,1,LOCAL_W10,5,442,0.9226808547973633,0.07731914520263672,0.3932409882545471,128,True,False,False,False
STRAIN_000936,1,LOCAL_W10,1,42,0.9369984865188599,0.06300151348114014,0.3549686670303345,128,True,False,False,False
STRAIN_000936,1,LOCAL_W10,2,142,0.9347302913665771,0.06526970863342285,0.3613021969795227,128,True,False,False,False
STRAIN_000936,1,LOCAL_W10,3,242,0.933864951133728,0.06613504886627197,0.3636895716190338,128,True,False,False,False
STRAIN_000936,1,LOCAL_W10,4,342,0.9455204606056213,0.05447953939437866,0.3300894796848297,128,True,False,False,False
STRAIN_000936,1,LOCAL_W10,5,442,0.9224944710731506,0.07750552892684937,0.3937143087387085,128,True,False,False,False
STRAIN_000937,1,LOCAL_W10,1,42,0.9328405857086182,0.06715941429138184,0.3664953112602234,128,True,False,False,False
STRAIN_000937,1,LOCAL_W10,2,142,0.9404501914978027,0.059549808502197266,0.3451080024242401,128,True,False,False,False
STRAIN_000937,1,LOCAL_W10,3,242,0.9394508600234985,0.060549139976501465,0.3479920029640198,128,True,False,False,False
STRAIN_000937,1,LOCAL_W10,4,342,0.9451296329498291,0.0548703670501709,0.3312712013721466,128,True,False,False,False
STRAIN_000937,1,LOCAL_W10,5,442,0.9391077160835266,0.06089228391647339,0.34897640347480774,128,True,False,False,False
STRAIN_000949,1,LOCAL_W10,1,42,0.923251748085022,0.07674825191497803,0.3917863070964813,128,True,False,False,False
STRAIN_000949,1,LOCAL_W10,2,142,0.9303418397903442,0.06965816020965576,0.3732510805130005,128,True,False,False,False
STRAIN_000949,1,LOCAL_W10,3,242,0.9293258190155029,0.07067418098449707,0.3759632706642151,128,True,False,False,False
STRAIN_000949,1,LOCAL_W10,4,342,0.9322898983955383,0.06771010160446167,0.3679947555065155,128,True,False,False,False
STRAIN_000949,1,LOCAL_W10,5,442,0.9289905428886414,0.07100945711135864,0.37685418128967285,128,True,False,False,False
STRAIN_000955,1,LOCAL_W10,1,42,0.9435214400291443,0.05647855997085571,0.33609095215797424,128,True,False,False,False
STRAIN_000955,1,LOCAL_W10,2,142,0.9257758259773254,0.07422417402267456,0.3852898180484772,128,True,False,False,False
STRAIN_000955,1,LOCAL_W10,3,242,0.9431983828544617,0.05680161714553833,0.3370506763458252,128,True,False,False,False
STRAIN_000955,1,LOCAL_W10,4,342,0.9478609561920166,0.0521390438079834,0.3229210674762726,128,True,False,False,False
STRAIN_000955,1,LOCAL_W10,5,442,0.9389258623123169,0.061074137687683105,0.3494971990585327,128,True,False,False,False
STRAIN_000967,1,LOCAL_W10,1,42,0.9373883008956909,0.06261169910430908,0.3538689613342285,128,True,False,False,False
STRAIN_000967,1,LOCAL_W10,2,142,0.9215680360794067,0.07843196392059326,0.39606043696403503,128,True,False,False,False
STRAIN_000967,1,LOCAL_W10,3,242,0.9096647500991821,0.09033524990081787,0.4250534176826477,128,True,False,False,False
STRAIN_000967,1,LOCAL_W10,4,342,0.9288555383682251,0.0711444616317749,0.3772119879722595,128,True,False,False,False
STRAIN_000967,1,LOCAL_W10,5,442,0.9313377141952515,0.06866228580474854,0.3705734312534332,128,True,False,False,False
STRAIN_000970,1,LOCAL_W10,1,42,0.9385325908660889,0.06146740913391113,0.35062047839164734,128,True,False,False,False
STRAIN_000970,1,LOCAL_W10,2,142,0.9373605251312256,0.06263947486877441,0.3539477586746216,128,True,False,False,False
STRAIN_000970,1,LOCAL_W10,3,242,0.9285234212875366,0.07147657871246338,0.37809130549430847,128,True,False,False,False
STRAIN_000970,1,LOCAL_W10,4,342,0.9395822882652283,0.06041771173477173,0.3476139008998871,128,True,False,False,False
STRAIN_000970,1,LOCAL_W10,5,442,0.9415624737739563,0.0584375262260437,0.3418697714805603,128,True,False,False,False
STRAIN_000975,1,LOCAL_W10,1,42,0.8942251801490784,0.10577481985092163,0.4599451422691345,128,True,False,False,False
STRAIN_000975,1,LOCAL_W10,2,142,0.9470314383506775,0.05296856164932251,0.3254798948764801,128,True,False,False,False
STRAIN_000975,1,LOCAL_W10,3,242,0.9275000095367432,0.07249999046325684,0.3807887136936188,128,True,False,False,False
STRAIN_000975,1,LOCAL_W10,4,342,0.8814154863357544,0.1185845136642456,0.48700013756752014,128,True,False,False,False
STRAIN_000975,1,LOCAL_W10,5,442,0.9363714456558228,0.06362855434417725,0.3567311465740204,128,True,False,False,False
STRAIN_000991,1,LOCAL_W10,1,42,0.937511682510376,0.06248831748962402,0.35352012515068054,128,True,False,False,False
STRAIN_000991,1,LOCAL_W10,2,142,0.9411739110946655,0.05882608890533447,0.3430047631263733,128,True,False,False,False
STRAIN_000991,1,LOCAL_W10,3,242,0.9294310808181763,0.07056891918182373,0.375683069229126,128,True,False,False,False
STRAIN_000991,1,LOCAL_W10,4,342,0.9330666065216064,0.06693339347839355,0.3658781945705414,128,True,False,False,False
STRAIN_000991,1,LOCAL_W10,5,442,0.9332231879234314,0.0667768120765686,0.3654498755931854,128,True,False,False,False
STRAIN_000993,1,LOCAL_W10,1,42,0.9344624280929565,0.06553757190704346,0.36204293370246887,128,True,False,False,False
STRAIN_000993,1,LOCAL_W10,2,142,0.9431012868881226,0.05689871311187744,0.3373386263847351,128,True,False,False,False
STRAIN_000993,1,LOCAL_W10,3,242,0.9348535537719727,0.06514644622802734,0.36096081137657166,128,True,False,False,False
STRAIN_000993,1,LOCAL_W10,4,342,0.9440916776657104,0.05590832233428955,0.3343898057937622,128,True,False,False,False
STRAIN_000993,1,LOCAL_W10,5,442,0.9408489465713501,0.0591510534286499,0.34395062923431396,128,True,False,False,False
STRAIN_000994,1,LOCAL_W10,1,42,0.9251457452774048,0.07485425472259521,0.38692179322242737,128,True,False,False,False
STRAIN_000994,1,LOCAL_W10,2,142,0.9295024871826172,0.07049751281738281,0.37549296021461487,128,True,False,False,False
STRAIN_000994,1,LOCAL_W10,3,242,0.9315500855445862,0.06844991445541382,0.3699995279312134,128,True,False,False,False
STRAIN_000994,1,LOCAL_W10,4,342,0.9430521130561829,0.05694788694381714,0.33748453855514526,128,True,False,False,False
STRAIN_000994,1,LOCAL_W10,5,442,0.9400157928466797,0.05998420715332031,0.3463646173477173,128,True,False,False,False
STRAIN_001006,1,LOCAL_W10,1,42,0.9309671521186829,0.06903284788131714,0.37157195806503296,128,True,False,False,False
STRAIN_001006,1,LOCAL_W10,2,142,0.9315551519393921,0.06844484806060791,0.3699859380722046,128,True,False,False,False
STRAIN_001006,1,LOCAL_W10,3,242,0.9334588050842285,0.06654119491577148,0.36480462551116943,128,True,False,False,False
STRAIN_001006,1,LOCAL_W10,4,342,0.9458868503570557,0.054113149642944336,0.3289776146411896,128,True,False,False,False
STRAIN_001006,1,LOCAL_W10,5,442,0.927283763885498,0.07271623611450195,0.3813559114933014,128,True,False,False,False
STRAIN_001007,1,LOCAL_W10,1,42,0.9199304580688477,0.08006954193115234,0.40017375349998474,128,True,False,False,False
STRAIN_001007,1,LOCAL_W10,2,142,0.9269458055496216,0.07305419445037842,0.3822411596775055,128,True,False,False,False
STRAIN_001007,1,LOCAL_W10,3,242,0.9212179183959961,0.0787820816040039,0.39694368839263916,128,True,False,False,False
STRAIN_001007,1,LOCAL_W10,4,342,0.9172408580780029,0.08275914192199707,0.4068393409252167,128,True,False,False,False
STRAIN_001007,1,LOCAL_W10,5,442,0.9163157939910889,0.08368420600891113,0.40910691022872925,128,True,False,False,False
STRAIN_001009,1,LOCAL_W10,1,42,0.9258160591125488,0.07418394088745117,0.38518545031547546,128,True,False,False,False
STRAIN_001009,1,LOCAL_W10,2,142,0.9059852361679077,0.09401476383209229,0.4336235523223877,128,True,False,False,False
STRAIN_001009,1,LOCAL_W10,3,242,0.9215705394744873,0.0784294605255127,0.3960541784763336,128,True,False,False,False
STRAIN_001009,1,LOCAL_W10,4,342,0.9257831573486328,0.07421684265136719,0.38527077436447144,128,True,False,False,False
STRAIN_001009,1,LOCAL_W10,5,442,0.925222635269165,0.07477736473083496,0.38672274351119995,128,True,False,False,False
STRAIN_001013,1,LOCAL_W10,1,42,0.9282000660896301,0.07179993391036987,0.37894585728645325,128,True,False,False,False
STRAIN_001013,1,LOCAL_W10,2,142,0.9215948581695557,0.07840514183044434,0.39599254727363586,128,True,False,False,False
STRAIN_001013,1,LOCAL_W10,3,242,0.9355717897415161,0.06442821025848389,0.3589656949043274,128,True,False,False,False
STRAIN_001013,1,LOCAL_W10,4,342,0.9379793405532837,0.06202065944671631,0.35219496488571167,128,True,False,False,False
STRAIN_001013,1,LOCAL_W10,5,442,0.9309494495391846,0.06905055046081543,0.3716196119785309,128,True,False,False,False
STRAIN_001019,1,LOCAL_W10,1,42,0.9383422136306763,0.06165778636932373,0.35116326808929443,128,True,False,False,False
STRAIN_001019,1,LOCAL_W10,2,142,0.954391360282898,0.04560863971710205,0.3020220696926117,128,True,False,False,False
STRAIN_001019,1,LOCAL_W10,3,242,0.9440550804138184,0.05594491958618164,0.33449921011924744,128,True,False,False,False
STRAIN_001019,1,LOCAL_W10,4,342,0.9525406360626221,0.04745936393737793,0.30808860063552856,128,True,False,False,False
STRAIN_001019,1,LOCAL_W10,5,442,0.9399574995040894,0.060042500495910645,0.34653279185295105,128,True,False,False,False
STRAIN_001021,1,LOCAL_W10,1,42,0.926915168762207,0.07308483123779297,0.38232144713401794,128,True,False,False,False
STRAIN_001021,1,LOCAL_W10,2,142,0.9356575012207031,0.06434249877929688,0.35872673988342285,128,True,False,False,False
STRAIN_001021,1,LOCAL_W10,3,242,0.9330779314041138,0.06692206859588623,0.3658469021320343,128,True,False,False,False
STRAIN_001021,1,LOCAL_W10,4,342,0.9251477718353271,0.07485222816467285,0.38691654801368713,128,True,False,False,False
STRAIN_001021,1,LOCAL_W10,5,442,0.9284852147102356,0.0715147852897644,0.3781924545764923,128,True,False,False,False
