strain_entity_id,outer_fold,control_type,replicate,seed,cosine_true_control,embedding_displacement,l2_distance,embedding_dimension,fold_matched_encoder,phenotype_labels_used,encoder_retrained,encoder_finetuned
STRAIN_000006,5,TIGHTBLOCK50,1,42,0.9788942337036133,0.02110576629638672,0.20545384287834167,128,True,False,False,False
STRAIN_000006,5,TIGHTBLOCK50,2,142,0.9848103523254395,0.015189647674560547,0.17429600656032562,128,True,False,False,False
STRAIN_000006,5,TIGHTBLOCK50,3,242,0.9817368984222412,0.01826310157775879,0.1911178082227707,128,True,False,False,False
STRAIN_000006,5,TIGHTBLOCK50,4,342,0.9814844131469727,0.018515586853027344,0.1924341320991516,128,True,False,False,False
STRAIN_000006,5,TIGHTBLOCK50,5,442,0.9773536920547485,0.022646307945251465,0.2128201574087143,128,True,False,False,False
STRAIN_000007,5,TIGHTBLOCK50,1,42,0.9771741628646851,0.02282583713531494,0.21366283297538757,128,True,False,False,False
STRAIN_000007,5,TIGHTBLOCK50,2,142,0.9829599857330322,0.017040014266967773,0.1846081167459488,128,True,False,False,False
STRAIN_000007,5,TIGHTBLOCK50,3,242,0.9791291356086731,0.020870864391326904,0.20430786907672882,128,True,False,False,False
STRAIN_000007,5,TIGHTBLOCK50,4,342,0.9784482717514038,0.02155172824859619,0.20761410892009735,128,True,False,False,False
STRAIN_000007,5,TIGHTBLOCK50,5,442,0.9807960987091064,0.019203901290893555,0.1959792822599411,128,True,False,False,False
STRAIN_000008,5,TIGHTBLOCK50,1,42,0.9767910838127136,0.023208916187286377,0.2154480516910553,128,True,False,False,False
STRAIN_000008,5,TIGHTBLOCK50,2,142,0.982928454875946,0.017071545124053955,0.1847781538963318,128,True,False,False,False
STRAIN_000008,5,TIGHTBLOCK50,3,242,0.9817478060722351,0.018252193927764893,0.191060870885849,128,True,False,False,False
STRAIN_000008,5,TIGHTBLOCK50,4,342,0.9766165018081665,0.023383498191833496,0.21625658869743347,128,True,False,False,False
STRAIN_000008,5,TIGHTBLOCK50,5,442,0.9817736148834229,0.01822638511657715,0.1909254938364029,128,True,False,False,False
STRAIN_000009,5,TIGHTBLOCK50,1,42,0.9765326380729675,0.02346736192703247,0.2166443020105362,128,True,False,False,False
STRAIN_000009,5,TIGHTBLOCK50,2,142,0.9752098321914673,0.024790167808532715,0.2226664423942566,128,True,False,False,False
STRAIN_000009,5,TIGHTBLOCK50,3,242,0.9750940799713135,0.024905920028686523,0.22318561375141144,128,True,False,False,False
STRAIN_000009,5,TIGHTBLOCK50,4,342,0.9747656583786011,0.025234341621398926,0.22465229034423828,128,True,False,False,False
STRAIN_000009,5,TIGHTBLOCK50,5,442,0.9822339415550232,0.017766058444976807,0.18849998712539673,128,True,False,False,False
STRAIN_000010,5,TIGHTBLOCK50,1,42,0.9735080003738403,0.026491999626159668,0.23018278181552887,128,True,False,False,False
STRAIN_000010,5,TIGHTBLOCK50,2,142,0.9812456965446472,0.018754303455352783,0.1936713457107544,128,True,False,False,False
STRAIN_000010,5,TIGHTBLOCK50,3,242,0.980729341506958,0.019270658493041992,0.1963196098804474,128,True,False,False,False
STRAIN_000010,5,TIGHTBLOCK50,4,342,0.9783273339271545,0.02167266607284546,0.2081957459449768,128,True,False,False,False
STRAIN_000010,5,TIGHTBLOCK50,5,442,0.9799951314926147,0.020004868507385254,0.20002467930316925,128,True,False,False,False
STRAIN_000011,5,TIGHTBLOCK50,1,42,0.9759501218795776,0.024049878120422363,0.2193164974451065,128,True,False,False,False
STRAIN_000011,5,TIGHTBLOCK50,2,142,0.9809842109680176,0.019015789031982422,0.1950167566537857,128,True,False,False,False
STRAIN_000011,5,TIGHTBLOCK50,3,242,0.9743360280990601,0.02566397190093994,0.22655658423900604,128,True,False,False,False
STRAIN_000011,5,TIGHTBLOCK50,4,342,0.976203441619873,0.023796558380126953,0.21815815567970276,128,True,False,False,False
STRAIN_000011,5,TIGHTBLOCK50,5,442,0.9740262627601624,0.025973737239837646,0.22791975736618042,128,True,False,False,False
STRAIN_000018,5,TIGHTBLOCK50,1,42,0.9742988348007202,0.025701165199279785,0.22672075033187866,128,True,False,False,False
STRAIN_000018,5,TIGHTBLOCK50,2,142,0.9760534763336182,0.023946523666381836,0.21884465217590332,128,True,False,False,False
STRAIN_000018,5,TIGHTBLOCK50,3,242,0.9798465371131897,0.020153462886810303,0.2007657289505005,128,True,False,False,False
STRAIN_000018,5,TIGHTBLOCK50,4,342,0.971542239189148,0.02845776081085205,0.23856951296329498,128,True,False,False,False
STRAIN_000018,5,TIGHTBLOCK50,5,442,0.9739581346511841,0.026041865348815918,0.2282184660434723,128,True,False,False,False
STRAIN_000019,5,TIGHTBLOCK50,1,42,0.9724413156509399,0.02755868434906006,0.23477087914943695,128,True,False,False,False
STRAIN_000019,5,TIGHTBLOCK50,2,142,0.9739501476287842,0.02604985237121582,0.22825393080711365,128,True,False,False,False
STRAIN_000019,5,TIGHTBLOCK50,3,242,0.9731890559196472,0.026810944080352783,0.2315639853477478,128,True,False,False,False
STRAIN_000019,5,TIGHTBLOCK50,4,342,0.9710487127304077,0.028951287269592285,0.2406296283006668,128,True,False,False,False
STRAIN_000019,5,TIGHTBLOCK50,5,442,0.9780310392379761,0.021968960762023926,0.2096136063337326,128,True,False,False,False
STRAIN_000020,5,TIGHTBLOCK50,1,42,0.981599748134613,0.018400251865386963,0.1918342262506485,128,True,False,False,False
STRAIN_000020,5,TIGHTBLOCK50,2,142,0.9795786142349243,0.020421385765075684,0.20209544897079468,128,True,False,False,False
STRAIN_000020,5,TIGHTBLOCK50,3,242,0.9803211092948914,0.019678890705108643,0.19838759303092957,128,True,False,False,False
STRAIN_000020,5,TIGHTBLOCK50,4,342,0.9790023565292358,0.02099764347076416,0.20492754876613617,128,True,False,False,False
STRAIN_000020,5,TIGHTBLOCK50,5,442,0.9761011004447937,0.0238988995552063,0.21862676739692688,128,True,False,False,False
STRAIN_000021,5,TIGHTBLOCK50,1,42,0.9844641089439392,0.015535891056060791,0.17627213895320892,128,True,False,False,False
STRAIN_000021,5,TIGHTBLOCK50,2,142,0.9820377230644226,0.017962276935577393,0.18953783810138702,128,True,False,False,False
STRAIN_000021,5,TIGHTBLOCK50,3,242,0.9798617959022522,0.020138204097747803,0.20069007575511932,128,True,False,False,False
STRAIN_000021,5,TIGHTBLOCK50,4,342,0.9806745052337646,0.01932549476623535,0.19659894704818726,128,True,False,False,False
STRAIN_000021,5,TIGHTBLOCK50,5,442,0.9775365591049194,0.022463440895080566,0.2119598388671875,128,True,False,False,False
STRAIN_000023,5,TIGHTBLOCK50,1,42,0.9764863848686218,0.023513615131378174,0.2168577015399933,128,True,False,False,False
STRAIN_000023,5,TIGHTBLOCK50,2,142,0.9734365940093994,0.026563405990600586,0.2304924577474594,128,True,False,False,False
STRAIN_000023,5,TIGHTBLOCK50,3,242,0.9735943078994751,0.026405692100524902,0.22980722784996033,128,True,False,False,False
STRAIN_000023,5,TIGHTBLOCK50,4,342,0.9760534167289734,0.02394658327102661,0.21884512901306152,128,True,False,False,False
STRAIN_000023,5,TIGHTBLOCK50,5,442,0.9770562648773193,0.022943735122680664,0.21421386301517487,128,True,False,False,False
STRAIN_000024,5,TIGHTBLOCK50,1,42,0.9683467745780945,0.03165322542190552,0.2516080141067505,128,True,False,False,False
STRAIN_000024,5,TIGHTBLOCK50,2,142,0.9692598581314087,0.03074014186859131,0.24795220792293549,128,True,False,False,False
STRAIN_000024,5,TIGHTBLOCK50,3,242,0.9682059288024902,0.031794071197509766,0.25216686725616455,128,True,False,False,False
STRAIN_000024,5,TIGHTBLOCK50,4,342,0.9658003449440002,0.034199655055999756,0.26153281331062317,128,True,False,False,False
STRAIN_000024,5,TIGHTBLOCK50,5,442,0.970833420753479,0.029166579246520996,0.24152271449565887,128,True,False,False,False
STRAIN_000036,5,TIGHTBLOCK50,1,42,0.9870797395706177,0.012920260429382324,0.1607498824596405,128,True,False,False,False
STRAIN_000036,5,TIGHTBLOCK50,2,142,0.9877923130989075,0.01220768690109253,0.1562540978193283,128,True,False,False,False
STRAIN_000036,5,TIGHTBLOCK50,3,242,0.9860389232635498,0.013961076736450195,0.16709935665130615,128,True,False,False,False
STRAIN_000036,5,TIGHTBLOCK50,4,342,0.9877660274505615,0.012233972549438477,0.15642309188842773,128,True,False,False,False
STRAIN_000036,5,TIGHTBLOCK50,5,442,0.9874975085258484,0.012502491474151611,0.15812940895557404,128,True,False,False,False
STRAIN_000038,5,TIGHTBLOCK50,1,42,0.9884671568870544,0.011532843112945557,0.1518736183643341,128,True,False,False,False
STRAIN_000038,5,TIGHTBLOCK50,2,142,0.9887276887893677,0.011272311210632324,0.15014827251434326,128,True,False,False,False
STRAIN_000038,5,TIGHTBLOCK50,3,242,0.9904342889785767,0.00956571102142334,0.1383162885904312,128,True,False,False,False
STRAIN_000038,5,TIGHTBLOCK50,4,342,0.9887913465499878,0.011208653450012207,0.1497238725423813,128,True,False,False,False
STRAIN_000038,5,TIGHTBLOCK50,5,442,0.9917844533920288,0.008215546607971191,0.1281842440366745,128,True,False,False,False
STRAIN_000039,5,TIGHTBLOCK50,1,42,0.987229585647583,0.012770414352416992,0.15981484949588776,128,True,False,False,False
STRAIN_000039,5,TIGHTBLOCK50,2,142,0.9884316921234131,0.011568307876586914,0.1521071046590805,128,True,False,False,False
STRAIN_000039,5,TIGHTBLOCK50,3,242,0.9872523546218872,0.012747645378112793,0.15967215597629547,128,True,False,False,False
STRAIN_000039,5,TIGHTBLOCK50,4,342,0.9857867360115051,0.014213263988494873,0.16860201954841614,128,True,False,False,False
STRAIN_000039,5,TIGHTBLOCK50,5,442,0.9856123328208923,0.014387667179107666,0.1696329265832901,128,True,False,False,False
STRAIN_000041,5,TIGHTBLOCK50,1,42,0.9880557060241699,0.011944293975830078,0.15455935895442963,128,True,False,False,False
STRAIN_000041,5,TIGHTBLOCK50,2,142,0.9868806600570679,0.013119339942932129,0.16198396682739258,128,True,False,False,False
STRAIN_000041,5,TIGHTBLOCK50,3,242,0.9856471419334412,0.014352858066558838,0.16942749917507172,128,True,False,False,False
STRAIN_000041,5,TIGHTBLOCK50,4,342,0.9872026443481445,0.012797355651855469,0.15998335182666779,128,True,False,False,False
STRAIN_000041,5,TIGHTBLOCK50,5,442,0.987338662147522,0.012661337852478027,0.1591307818889618,128,True,False,False,False
STRAIN_000042,5,TIGHTBLOCK50,1,42,0.9884584546089172,0.011541545391082764,0.15193136036396027,128,True,False,False,False
STRAIN_000042,5,TIGHTBLOCK50,2,142,0.9904354214668274,0.009564578533172607,0.13830874860286713,128,True,False,False,False
STRAIN_000042,5,TIGHTBLOCK50,3,242,0.9871904850006104,0.012809514999389648,0.16005972027778625,128,True,False,False,False
STRAIN_000042,5,TIGHTBLOCK50,4,342,0.9876751899719238,0.012324810028076172,0.1570020169019699,128,True,False,False,False
STRAIN_000042,5,TIGHTBLOCK50,5,442,0.990831732749939,0.009168267250061035,0.13541251420974731,128,True,False,False,False
STRAIN_000056,5,TIGHTBLOCK50,1,42,0.989392101764679,0.010607898235321045,0.14565540850162506,128,True,False,False,False
STRAIN_000056,5,TIGHTBLOCK50,2,142,0.9890297651290894,0.010970234870910645,0.14812283217906952,128,True,False,False,False
STRAIN_000056,5,TIGHTBLOCK50,3,242,0.9897077083587646,0.010292291641235352,0.14347290992736816,128,True,False,False,False
STRAIN_000056,5,TIGHTBLOCK50,4,342,0.9895342588424683,0.010465741157531738,0.1446765959262848,128,True,False,False,False
STRAIN_000056,5,TIGHTBLOCK50,5,442,0.9895567893981934,0.01044321060180664,0.14452099800109863,128,True,False,False,False
STRAIN_000057,5,TIGHTBLOCK50,1,42,0.9805731177330017,0.01942688226699829,0.19711370766162872,128,True,False,False,False
STRAIN_000057,5,TIGHTBLOCK50,2,142,0.9810153841972351,0.018984615802764893,0.19485734403133392,128,True,False,False,False
STRAIN_000057,5,TIGHTBLOCK50,3,242,0.9801753759384155,0.019824624061584473,0.19912122189998627,128,True,False,False,False
STRAIN_000057,5,TIGHTBLOCK50,4,342,0.9813264012336731,0.018673598766326904,0.1932538002729416,128,True,False,False,False
STRAIN_000057,5,TIGHTBLOCK50,5,442,0.9797329306602478,0.020267069339752197,0.20133090019226074,128,True,False,False,False
STRAIN_000062,5,TIGHTBLOCK50,1,42,0.9744802713394165,0.025519728660583496,0.22591926157474518,128,True,False,False,False
STRAIN_000062,5,TIGHTBLOCK50,2,142,0.9691092371940613,0.03089076280593872,0.24855895340442657,128,True,False,False,False
STRAIN_000062,5,TIGHTBLOCK50,3,242,0.9650919437408447,0.03490805625915527,0.26422733068466187,128,True,False,False,False
STRAIN_000062,5,TIGHTBLOCK50,4,342,0.9700257182121277,0.029974281787872314,0.2448441982269287,128,True,False,False,False
STRAIN_000062,5,TIGHTBLOCK50,5,442,0.9704035520553589,0.029596447944641113,0.24329566955566406,128,True,False,False,False
STRAIN_000064,5,TIGHTBLOCK50,1,42,0.981386661529541,0.018613338470458984,0.19294212758541107,128,True,False,False,False
STRAIN_000064,5,TIGHTBLOCK50,2,142,0.9781228303909302,0.021877169609069824,0.20917516946792603,128,True,False,False,False
STRAIN_000064,5,TIGHTBLOCK50,3,242,0.9820801615715027,0.017919838428497314,0.18931348621845245,128,True,False,False,False
STRAIN_000064,5,TIGHTBLOCK50,4,342,0.9802844524383545,0.019715547561645508,0.19857260584831238,128,True,False,False,False
STRAIN_000064,5,TIGHTBLOCK50,5,442,0.980169415473938,0.01983058452606201,0.19915153086185455,128,True,False,False,False
STRAIN_000072,5,TIGHTBLOCK50,1,42,0.9949895143508911,0.005010485649108887,0.10010526329278946,128,True,False,False,False
STRAIN_000072,5,TIGHTBLOCK50,2,142,0.9956879019737244,0.004312098026275635,0.0928664356470108,128,True,False,False,False
STRAIN_000072,5,TIGHTBLOCK50,3,242,0.9967410564422607,0.003258943557739258,0.08073442429304123,128,True,False,False,False
STRAIN_000072,5,TIGHTBLOCK50,4,342,0.9974797964096069,0.0025202035903930664,0.07099507749080658,128,True,False,False,False
STRAIN_000072,5,TIGHTBLOCK50,5,442,0.9968854188919067,0.0031145811080932617,0.07892566919326782,128,True,False,False,False
STRAIN_000079,5,TIGHTBLOCK50,1,42,0.9865442514419556,0.013455748558044434,0.16404692828655243,128,True,False,False,False
STRAIN_000079,5,TIGHTBLOCK50,2,142,0.9818078875541687,0.0181921124458313,0.19074641168117523,128,True,False,False,False
STRAIN_000079,5,TIGHTBLOCK50,3,242,0.9771459102630615,0.022854089736938477,0.21379469335079193,128,True,False,False,False
STRAIN_000079,5,TIGHTBLOCK50,4,342,0.9760138988494873,0.023986101150512695,0.2190253734588623,128,True,False,False,False
STRAIN_000079,5,TIGHTBLOCK50,5,442,0.9725505113601685,0.027449488639831543,0.2343052327632904,128,True,False,False,False
STRAIN_000081,5,TIGHTBLOCK50,1,42,0.9859822392463684,0.014017760753631592,0.16743814945220947,128,True,False,False,False
STRAIN_000081,5,TIGHTBLOCK50,2,142,0.9888529181480408,0.011147081851959229,0.14931192994117737,128,True,False,False,False
STRAIN_000081,5,TIGHTBLOCK50,3,242,0.9875583052635193,0.012441694736480713,0.1577446013689041,128,True,False,False,False
STRAIN_000081,5,TIGHTBLOCK50,4,342,0.985231876373291,0.014768123626708984,0.17186139523983002,128,True,False,False,False
STRAIN_000081,5,TIGHTBLOCK50,5,442,0.9835189580917358,0.01648104190826416,0.18155479431152344,128,True,False,False,False
STRAIN_000086,5,TIGHTBLOCK50,1,42,0.9926596879959106,0.0073403120040893555,0.12116408348083496,128,True,False,False,False
STRAIN_000086,5,TIGHTBLOCK50,2,142,0.9890972375869751,0.010902762413024902,0.14766712486743927,128,True,False,False,False
STRAIN_000086,5,TIGHTBLOCK50,3,242,0.9790382385253906,0.020961761474609375,0.20475256443023682,128,True,False,False,False
STRAIN_000086,5,TIGHTBLOCK50,4,342,0.9946116209030151,0.005388379096984863,0.10381215065717697,128,True,False,False,False
STRAIN_000086,5,TIGHTBLOCK50,5,442,0.9963802099227905,0.0036197900772094727,0.08508611470460892,128,True,False,False,False
STRAIN_000091,5,TIGHTBLOCK50,1,42,0.9908429384231567,0.009157061576843262,0.13532982766628265,128,True,False,False,False
STRAIN_000091,5,TIGHTBLOCK50,2,142,0.9879254102706909,0.012074589729309082,0.1554003804922104,128,True,False,False,False
STRAIN_000091,5,TIGHTBLOCK50,3,242,0.9899574518203735,0.010042548179626465,0.14172257483005524,128,True,False,False,False
STRAIN_000091,5,TIGHTBLOCK50,4,342,0.9911525845527649,0.008847415447235107,0.133022278547287,128,True,False,False,False
STRAIN_000091,5,TIGHTBLOCK50,5,442,0.9901813268661499,0.009818673133850098,0.14013317227363586,128,True,False,False,False
STRAIN_000092,5,TIGHTBLOCK50,1,42,0.9851416349411011,0.014858365058898926,0.17238563299179077,128,True,False,False,False
STRAIN_000092,5,TIGHTBLOCK50,2,142,0.985140323638916,0.014859676361083984,0.17239297926425934,128,True,False,False,False
STRAIN_000092,5,TIGHTBLOCK50,3,242,0.9847128391265869,0.015287160873413086,0.1748555600643158,128,True,False,False,False
STRAIN_000092,5,TIGHTBLOCK50,4,342,0.9835127592086792,0.0164872407913208,0.1815892904996872,128,True,False,False,False
STRAIN_000092,5,TIGHTBLOCK50,5,442,0.9844468832015991,0.015553116798400879,0.1763698160648346,128,True,False,False,False
STRAIN_000096,5,TIGHTBLOCK50,1,42,0.9922150373458862,0.0077849626541137695,0.1247793436050415,128,True,False,False,False
STRAIN_000096,5,TIGHTBLOCK50,2,142,0.9934473633766174,0.006552636623382568,0.11447784304618835,128,True,False,False,False
STRAIN_000096,5,TIGHTBLOCK50,3,242,0.991816520690918,0.008183479309082031,0.12793311476707458,128,True,False,False,False
STRAIN_000096,5,TIGHTBLOCK50,4,342,0.9936849474906921,0.006315052509307861,0.11238311976194382,128,True,False,False,False
STRAIN_000096,5,TIGHTBLOCK50,5,442,0.9928339719772339,0.007166028022766113,0.11971618980169296,128,True,False,False,False
STRAIN_000102,5,TIGHTBLOCK50,1,42,0.9878110885620117,0.012188911437988281,0.15613430738449097,128,True,False,False,False
STRAIN_000102,5,TIGHTBLOCK50,2,142,0.98932945728302,0.01067054271697998,0.14608602225780487,128,True,False,False,False
STRAIN_000102,5,TIGHTBLOCK50,3,242,0.9884503483772278,0.011549651622772217,0.15198488533496857,128,True,False,False,False
STRAIN_000102,5,TIGHTBLOCK50,4,342,0.9901311993598938,0.009868800640106201,0.14049109816551208,128,True,False,False,False
STRAIN_000102,5,TIGHTBLOCK50,5,442,0.9877309799194336,0.012269020080566406,0.15664607286453247,128,True,False,False,False
STRAIN_000105,5,TIGHTBLOCK50,1,42,0.9775665998458862,0.02243340015411377,0.211817666888237,128,True,False,False,False
STRAIN_000105,5,TIGHTBLOCK50,2,142,0.9742568731307983,0.02574312686920166,0.2269057333469391,128,True,False,False,False
STRAIN_000105,5,TIGHTBLOCK50,3,242,0.977154552936554,0.022845447063446045,0.2137540727853775,128,True,False,False,False
STRAIN_000105,5,TIGHTBLOCK50,4,342,0.9773550629615784,0.02264493703842163,0.21281471848487854,128,True,False,False,False
STRAIN_000105,5,TIGHTBLOCK50,5,442,0.974138081073761,0.025861918926239014,0.22742873430252075,128,True,False,False,False
STRAIN_000111,5,TIGHTBLOCK50,1,42,0.9944087266921997,0.005591273307800293,0.10574787855148315,128,True,False,False,False
STRAIN_000111,5,TIGHTBLOCK50,2,142,0.9942285418510437,0.005771458148956299,0.10743898153305054,128,True,False,False,False
STRAIN_000111,5,TIGHTBLOCK50,3,242,0.9931652545928955,0.006834745407104492,0.11691651493310928,128,True,False,False,False
STRAIN_000111,5,TIGHTBLOCK50,4,342,0.9933456182479858,0.00665438175201416,0.11536415666341782,128,True,False,False,False
STRAIN_000111,5,TIGHTBLOCK50,5,442,0.994753360748291,0.005246639251708984,0.10243674367666245,128,True,False,False,False
STRAIN_000116,5,TIGHTBLOCK50,1,42,0.9962112903594971,0.0037887096405029297,0.08704841136932373,128,True,False,False,False
STRAIN_000116,5,TIGHTBLOCK50,2,142,0.9963910579681396,0.0036089420318603516,0.08495789766311646,128,True,False,False,False
STRAIN_000116,5,TIGHTBLOCK50,3,242,0.9967212677001953,0.0032787322998046875,0.08097787201404572,128,True,False,False,False
STRAIN_000116,5,TIGHTBLOCK50,4,342,0.9967375993728638,0.0032624006271362305,0.08077479898929596,128,True,False,False,False
STRAIN_000116,5,TIGHTBLOCK50,5,442,0.9966680407524109,0.0033319592475891113,0.08163334429264069,128,True,False,False,False
STRAIN_000117,5,TIGHTBLOCK50,1,42,0.9917293190956116,0.008270680904388428,0.12861309945583344,128,True,False,False,False
STRAIN_000117,5,TIGHTBLOCK50,2,142,0.9930421710014343,0.006957828998565674,0.1179642602801323,128,True,False,False,False
STRAIN_000117,5,TIGHTBLOCK50,3,242,0.9912692904472351,0.008730709552764893,0.13214148581027985,128,True,False,False,False
STRAIN_000117,5,TIGHTBLOCK50,4,342,0.990248441696167,0.009751558303833008,0.13965316116809845,128,True,False,False,False
STRAIN_000117,5,TIGHTBLOCK50,5,442,0.9921428561210632,0.007857143878936768,0.12535636126995087,128,True,False,False,False
STRAIN_000135,5,TIGHTBLOCK50,1,42,0.9674351215362549,0.03256487846374512,0.25520554184913635,128,True,False,False,False
STRAIN_000135,5,TIGHTBLOCK50,2,142,0.9648752212524414,0.035124778747558594,0.26504650712013245,128,True,False,False,False
STRAIN_000135,5,TIGHTBLOCK50,3,242,0.968561053276062,0.03143894672393799,0.25075477361679077,128,True,False,False,False
STRAIN_000135,5,TIGHTBLOCK50,4,342,0.968538224697113,0.03146177530288696,0.2508457601070404,128,True,False,False,False
STRAIN_000135,5,TIGHTBLOCK50,5,442,0.9667750000953674,0.03322499990463257,0.25777915120124817,128,True,False,False,False
STRAIN_000146,5,TIGHTBLOCK50,1,42,0.9951145648956299,0.004885435104370117,0.09884770959615707,128,True,False,False,False
STRAIN_000146,5,TIGHTBLOCK50,2,142,0.9946624636650085,0.005337536334991455,0.10332012921571732,128,True,False,False,False
STRAIN_000146,5,TIGHTBLOCK50,3,242,0.995314359664917,0.004685640335083008,0.09680424630641937,128,True,False,False,False
STRAIN_000146,5,TIGHTBLOCK50,4,342,0.9939380884170532,0.006061911582946777,0.11010780185461044,128,True,False,False,False
STRAIN_000146,5,TIGHTBLOCK50,5,442,0.9943718314170837,0.00562816858291626,0.10609616339206696,128,True,False,False,False
STRAIN_000147,5,TIGHTBLOCK50,1,42,0.9919489622116089,0.008051037788391113,0.12689372897148132,128,True,False,False,False
STRAIN_000147,5,TIGHTBLOCK50,2,142,0.9933611154556274,0.006638884544372559,0.11522942036390305,128,True,False,False,False
STRAIN_000147,5,TIGHTBLOCK50,3,242,0.9929566383361816,0.007043361663818359,0.11868753284215927,128,True,False,False,False
STRAIN_000147,5,TIGHTBLOCK50,4,342,0.9916550517082214,0.008344948291778564,0.12918969988822937,128,True,False,False,False
STRAIN_000147,5,TIGHTBLOCK50,5,442,0.9933175444602966,0.006682455539703369,0.11560676991939545,128,True,False,False,False
STRAIN_000148,5,TIGHTBLOCK50,1,42,0.9917728304862976,0.008227169513702393,0.12827453017234802,128,True,False,False,False
STRAIN_000148,5,TIGHTBLOCK50,2,142,0.99208664894104,0.007913351058959961,0.12580382823944092,128,True,False,False,False
STRAIN_000148,5,TIGHTBLOCK50,3,242,0.9925892949104309,0.007410705089569092,0.12174296379089355,128,True,False,False,False
STRAIN_000148,5,TIGHTBLOCK50,4,342,0.9919708967208862,0.00802910327911377,0.12672027945518494,128,True,False,False,False
STRAIN_000148,5,TIGHTBLOCK50,5,442,0.9919809103012085,0.008019089698791504,0.12664151191711426,128,True,False,False,False
STRAIN_000151,5,TIGHTBLOCK50,1,42,0.9859243631362915,0.014075636863708496,0.16778329014778137,128,True,False,False,False
STRAIN_000151,5,TIGHTBLOCK50,2,142,0.9858274459838867,0.014172554016113281,0.16835995018482208,128,True,False,False,False
STRAIN_000151,5,TIGHTBLOCK50,3,242,0.9872884154319763,0.012711584568023682,0.15944679081439972,128,True,False,False,False
STRAIN_000151,5,TIGHTBLOCK50,4,342,0.9864298105239868,0.013570189476013184,0.1647440791130066,128,True,False,False,False
STRAIN_000151,5,TIGHTBLOCK50,5,442,0.9864887595176697,0.013511240482330322,0.1643856316804886,128,True,False,False,False
STRAIN_000157,5,TIGHTBLOCK50,1,42,0.9774609804153442,0.02253901958465576,0.21231615543365479,128,True,False,False,False
STRAIN_000157,5,TIGHTBLOCK50,2,142,0.9723438024520874,0.027656197547912598,0.2351856380701065,128,True,False,False,False
STRAIN_000157,5,TIGHTBLOCK50,3,242,0.9775903224945068,0.022409677505493164,0.21170563995838165,128,True,False,False,False
STRAIN_000157,5,TIGHTBLOCK50,4,342,0.97164386510849,0.02835613489151001,0.23814281821250916,128,True,False,False,False
STRAIN_000157,5,TIGHTBLOCK50,5,442,0.973197877407074,0.026802122592926025,0.23152606189250946,128,True,False,False,False
STRAIN_000167,5,TIGHTBLOCK50,1,42,0.970478892326355,0.02952110767364502,0.24298572540283203,128,True,False,False,False
STRAIN_000167,5,TIGHTBLOCK50,2,142,0.974253237247467,0.02574676275253296,0.2269216775894165,128,True,False,False,False
STRAIN_000167,5,TIGHTBLOCK50,3,242,0.9752790927886963,0.02472090721130371,0.22235500812530518,128,True,False,False,False
STRAIN_000167,5,TIGHTBLOCK50,4,342,0.975854218006134,0.024145781993865967,0.2197536826133728,128,True,False,False,False
STRAIN_000167,5,TIGHTBLOCK50,5,442,0.9674659967422485,0.032534003257751465,0.25508421659469604,128,True,False,False,False
STRAIN_000169,5,TIGHTBLOCK50,1,42,0.9758234024047852,0.024176597595214844,0.21989375352859497,128,True,False,False,False
STRAIN_000169,5,TIGHTBLOCK50,2,142,0.9735394716262817,0.02646052837371826,0.23004581034183502,128,True,False,False,False
STRAIN_000169,5,TIGHTBLOCK50,3,242,0.972064733505249,0.027935266494750977,0.2363692671060562,128,True,False,False,False
STRAIN_000169,5,TIGHTBLOCK50,4,342,0.9731119871139526,0.026888012886047363,0.2318962961435318,128,True,False,False,False
STRAIN_000169,5,TIGHTBLOCK50,5,442,0.9751672744750977,0.024832725524902344,0.22285720705986023,128,True,False,False,False
STRAIN_000178,5,TIGHTBLOCK50,1,42,0.9674428701400757,0.032557129859924316,0.25517523288726807,128,True,False,False,False
STRAIN_000178,5,TIGHTBLOCK50,2,142,0.9700874090194702,0.029912590980529785,0.24459208548069,128,True,False,False,False
STRAIN_000178,5,TIGHTBLOCK50,3,242,0.9685692191123962,0.03143078088760376,0.2507222294807434,128,True,False,False,False
STRAIN_000178,5,TIGHTBLOCK50,4,342,0.9669100642204285,0.03308993577957153,0.25725457072257996,128,True,False,False,False
STRAIN_000178,5,TIGHTBLOCK50,5,442,0.9681252837181091,0.03187471628189087,0.2524868845939636,128,True,False,False,False
STRAIN_000180,5,TIGHTBLOCK50,1,42,0.9906858801841736,0.009314119815826416,0.13648590445518494,128,True,False,False,False
STRAIN_000180,5,TIGHTBLOCK50,2,142,0.9891383647918701,0.010861635208129883,0.1473880410194397,128,True,False,False,False
STRAIN_000180,5,TIGHTBLOCK50,3,242,0.9900926947593689,0.009907305240631104,0.14076465368270874,128,True,False,False,False
STRAIN_000180,5,TIGHTBLOCK50,4,342,0.9911102652549744,0.008889734745025635,0.13333971798419952,128,True,False,False,False
STRAIN_000180,5,TIGHTBLOCK50,5,442,0.9902525544166565,0.009747445583343506,0.1396235078573227,128,True,False,False,False
STRAIN_000183,5,TIGHTBLOCK50,1,42,0.9917309284210205,0.008269071578979492,0.1286005824804306,128,True,False,False,False
STRAIN_000183,5,TIGHTBLOCK50,2,142,0.9915153384208679,0.00848466157913208,0.13026674091815948,128,True,False,False,False
STRAIN_000183,5,TIGHTBLOCK50,3,242,0.9918904900550842,0.008109509944915771,0.12735366821289062,128,True,False,False,False
STRAIN_000183,5,TIGHTBLOCK50,4,342,0.9912227988243103,0.008777201175689697,0.13249339163303375,128,True,False,False,False
STRAIN_000183,5,TIGHTBLOCK50,5,442,0.9904711246490479,0.009528875350952148,0.13804982602596283,128,True,False,False,False
STRAIN_000193,5,TIGHTBLOCK50,1,42,0.9880355596542358,0.01196444034576416,0.1546895056962967,128,True,False,False,False
STRAIN_000193,5,TIGHTBLOCK50,2,142,0.9879630208015442,0.01203697919845581,0.15515781939029694,128,True,False,False,False
STRAIN_000193,5,TIGHTBLOCK50,3,242,0.9881316423416138,0.01186835765838623,0.15406681597232819,128,True,False,False,False
STRAIN_000193,5,TIGHTBLOCK50,4,342,0.9883227348327637,0.011677265167236328,0.15282142162322998,128,True,False,False,False
STRAIN_000193,5,TIGHTBLOCK50,5,442,0.9888724684715271,0.0111275315284729,0.14918090403079987,128,True,False,False,False
STRAIN_000208,5,TIGHTBLOCK50,1,42,0.9809567928314209,0.0190432071685791,0.1951570212841034,128,True,False,False,False
STRAIN_000208,5,TIGHTBLOCK50,2,142,0.9771602153778076,0.022839784622192383,0.2137274444103241,128,True,False,False,False
STRAIN_000208,5,TIGHTBLOCK50,3,242,0.9727776050567627,0.027222394943237305,0.2333342283964157,128,True,False,False,False
STRAIN_000208,5,TIGHTBLOCK50,4,342,0.9769185781478882,0.023081421852111816,0.21485555171966553,128,True,False,False,False
STRAIN_000208,5,TIGHTBLOCK50,5,442,0.9805312156677246,0.01946878433227539,0.19732566177845,128,True,False,False,False
STRAIN_000209,5,TIGHTBLOCK50,1,42,0.9953145980834961,0.004685401916503906,0.09680260717868805,128,True,False,False,False
STRAIN_000209,5,TIGHTBLOCK50,2,142,0.991226077079773,0.00877392292022705,0.13246801495552063,128,True,False,False,False
STRAIN_000209,5,TIGHTBLOCK50,3,242,0.9927215576171875,0.0072784423828125,0.12065178155899048,128,True,False,False,False
STRAIN_000209,5,TIGHTBLOCK50,4,342,0.9937334060668945,0.006266593933105469,0.1119505986571312,128,True,False,False,False
STRAIN_000209,5,TIGHTBLOCK50,5,442,0.993341863155365,0.00665813684463501,0.1153949499130249,128,True,False,False,False
STRAIN_000215,5,TIGHTBLOCK50,1,42,0.9863392114639282,0.013660788536071777,0.16529212892055511,128,True,False,False,False
STRAIN_000215,5,TIGHTBLOCK50,2,142,0.9868656992912292,0.013134300708770752,0.16207602620124817,128,True,False,False,False
STRAIN_000215,5,TIGHTBLOCK50,3,242,0.987098753452301,0.012901246547698975,0.16063135862350464,128,True,False,False,False
STRAIN_000215,5,TIGHTBLOCK50,4,342,0.9861545562744141,0.013845443725585938,0.16640569269657135,128,True,False,False,False
STRAIN_000215,5,TIGHTBLOCK50,5,442,0.9855180978775024,0.014481902122497559,0.17018790543079376,128,True,False,False,False
STRAIN_000217,5,TIGHTBLOCK50,1,42,0.9751132726669312,0.024886727333068848,0.22309964895248413,128,True,False,False,False
STRAIN_000217,5,TIGHTBLOCK50,2,142,0.974829912185669,0.025170087814331055,0.2243659943342209,128,True,False,False,False
STRAIN_000217,5,TIGHTBLOCK50,3,242,0.974800705909729,0.025199294090270996,0.22449623048305511,128,True,False,False,False
STRAIN_000217,5,TIGHTBLOCK50,4,342,0.9720232486724854,0.02797675132751465,0.23654495179653168,128,True,False,False,False
STRAIN_000217,5,TIGHTBLOCK50,5,442,0.9725773334503174,0.027422666549682617,0.2341906726360321,128,True,False,False,False
STRAIN_000218,5,TIGHTBLOCK50,1,42,0.9943865537643433,0.005613446235656738,0.10595760494470596,128,True,False,False,False
STRAIN_000218,5,TIGHTBLOCK50,2,142,0.9940449595451355,0.005955040454864502,0.1091332659125328,128,True,False,False,False
STRAIN_000218,5,TIGHTBLOCK50,3,242,0.9937090873718262,0.006290912628173828,0.11216935515403748,128,True,False,False,False
STRAIN_000218,5,TIGHTBLOCK50,4,342,0.9932441115379333,0.00675588846206665,0.11624053865671158,128,True,False,False,False
STRAIN_000218,5,TIGHTBLOCK50,5,442,0.9944353103637695,0.005564689636230469,0.1054966151714325,128,True,False,False,False
STRAIN_000221,5,TIGHTBLOCK50,1,42,0.9675039052963257,0.032496094703674316,0.25493574142456055,128,True,False,False,False
STRAIN_000221,5,TIGHTBLOCK50,2,142,0.9705295562744141,0.029470443725585938,0.24277713894844055,128,True,False,False,False
STRAIN_000221,5,TIGHTBLOCK50,3,242,0.9680162668228149,0.03198373317718506,0.25291797518730164,128,True,False,False,False
STRAIN_000221,5,TIGHTBLOCK50,4,342,0.9680718183517456,0.031928181648254395,0.25269830226898193,128,True,False,False,False
STRAIN_000221,5,TIGHTBLOCK50,5,442,0.9706061482429504,0.02939385175704956,0.2424619346857071,128,True,False,False,False
STRAIN_000233,5,TIGHTBLOCK50,1,42,0.9819991588592529,0.01800084114074707,0.18974095582962036,128,True,False,False,False
STRAIN_000233,5,TIGHTBLOCK50,2,142,0.9819220304489136,0.018077969551086426,0.1901474893093109,128,True,False,False,False
STRAIN_000233,5,TIGHTBLOCK50,3,242,0.9830803871154785,0.016919612884521484,0.18395422399044037,128,True,False,False,False
STRAIN_000233,5,TIGHTBLOCK50,4,342,0.9853960275650024,0.014603972434997559,0.17090333998203278,128,True,False,False,False
STRAIN_000233,5,TIGHTBLOCK50,5,442,0.9828156232833862,0.01718437671661377,0.1853879690170288,128,True,False,False,False
STRAIN_000241,5,TIGHTBLOCK50,1,42,0.9838958978652954,0.01610410213470459,0.17946653068065643,128,True,False,False,False
STRAIN_000241,5,TIGHTBLOCK50,2,142,0.9831240177154541,0.0168759822845459,0.18371711671352386,128,True,False,False,False
STRAIN_000241,5,TIGHTBLOCK50,3,242,0.9868015050888062,0.013198494911193848,0.16247105598449707,128,True,False,False,False
STRAIN_000241,5,TIGHTBLOCK50,4,342,0.9833147525787354,0.01668524742126465,0.18267636001110077,128,True,False,False,False
STRAIN_000241,5,TIGHTBLOCK50,5,442,0.9864821434020996,0.01351785659790039,0.1644250899553299,128,True,False,False,False
STRAIN_000245,5,TIGHTBLOCK50,1,42,0.9845774173736572,0.015422582626342773,0.17562821507453918,128,True,False,False,False
STRAIN_000245,5,TIGHTBLOCK50,2,142,0.9858658313751221,0.01413416862487793,0.16813141107559204,128,True,False,False,False
STRAIN_000245,5,TIGHTBLOCK50,3,242,0.9839271306991577,0.016072869300842285,0.1792920082807541,128,True,False,False,False
STRAIN_000245,5,TIGHTBLOCK50,4,342,0.9865173101425171,0.01348268985748291,0.1642114669084549,128,True,False,False,False
STRAIN_000245,5,TIGHTBLOCK50,5,442,0.9860106110572815,0.013989388942718506,0.16726815700531006,128,True,False,False,False
STRAIN_000252,5,TIGHTBLOCK50,1,42,0.9787840247154236,0.021215975284576416,0.20598992705345154,128,True,False,False,False
STRAIN_000252,5,TIGHTBLOCK50,2,142,0.9745776653289795,0.025422334671020508,0.22548753023147583,128,True,False,False,False
STRAIN_000252,5,TIGHTBLOCK50,3,242,0.9791958332061768,0.020804166793823242,0.20398163795471191,128,True,False,False,False
STRAIN_000252,5,TIGHTBLOCK50,4,342,0.975752592086792,0.024247407913208008,0.22021499276161194,128,True,False,False,False
STRAIN_000252,5,TIGHTBLOCK50,5,442,0.9767618775367737,0.02323812246322632,0.21558335423469543,128,True,False,False,False
STRAIN_000255,5,TIGHTBLOCK50,1,42,0.9769572019577026,0.023042798042297363,0.21467535197734833,128,True,False,False,False
STRAIN_000255,5,TIGHTBLOCK50,2,142,0.9772791862487793,0.022720813751220703,0.21317055821418762,128,True,False,False,False
STRAIN_000255,5,TIGHTBLOCK50,3,242,0.9772862792015076,0.02271372079849243,0.21313706040382385,128,True,False,False,False
STRAIN_000255,5,TIGHTBLOCK50,4,342,0.9774571657180786,0.022542834281921387,0.21233384311199188,128,True,False,False,False
STRAIN_000255,5,TIGHTBLOCK50,5,442,0.9787914752960205,0.021208524703979492,0.205953910946846,128,True,False,False,False
STRAIN_000261,5,TIGHTBLOCK50,1,42,0.9825702905654907,0.017429709434509277,0.1867063194513321,128,True,False,False,False
STRAIN_000261,5,TIGHTBLOCK50,2,142,0.9826446771621704,0.01735532283782959,0.18630848824977875,128,True,False,False,False
STRAIN_000261,5,TIGHTBLOCK50,3,242,0.9833414554595947,0.016658544540405273,0.1825297325849533,128,True,False,False,False
STRAIN_000261,5,TIGHTBLOCK50,4,342,0.9844352602958679,0.01556473970413208,0.17643515765666962,128,True,False,False,False
STRAIN_000261,5,TIGHTBLOCK50,5,442,0.9839093685150146,0.01609063148498535,0.1793908029794693,128,True,False,False,False
STRAIN_000274,5,TIGHTBLOCK50,1,42,0.9729446172714233,0.02705538272857666,0.23261739313602448,128,True,False,False,False
STRAIN_000274,5,TIGHTBLOCK50,2,142,0.9645421504974365,0.03545784950256348,0.2662999927997589,128,True,False,False,False
STRAIN_000274,5,TIGHTBLOCK50,3,242,0.967615008354187,0.03238499164581299,0.2544998824596405,128,True,False,False,False
STRAIN_000274,5,TIGHTBLOCK50,4,342,0.9682203531265259,0.03177964687347412,0.2521093785762787,128,True,False,False,False
STRAIN_000274,5,TIGHTBLOCK50,5,442,0.9669045209884644,0.033095479011535645,0.25727614760398865,128,True,False,False,False
STRAIN_000281,5,TIGHTBLOCK50,1,42,0.9899084568023682,0.010091543197631836,0.1420673429965973,128,True,False,False,False
STRAIN_000281,5,TIGHTBLOCK50,2,142,0.9892514944076538,0.010748505592346191,0.14661867916584015,128,True,False,False,False
STRAIN_000281,5,TIGHTBLOCK50,3,242,0.9899071455001831,0.010092854499816895,0.14207659661769867,128,True,False,False,False
STRAIN_000281,5,TIGHTBLOCK50,4,342,0.9910126328468323,0.008987367153167725,0.13407020270824432,128,True,False,False,False
STRAIN_000281,5,TIGHTBLOCK50,5,442,0.990639328956604,0.009360671043395996,0.13682621717453003,128,True,False,False,False
STRAIN_000295,5,TIGHTBLOCK50,1,42,0.9679590463638306,0.032040953636169434,0.25314420461654663,128,True,False,False,False
STRAIN_000295,5,TIGHTBLOCK50,2,142,0.964698314666748,0.03530168533325195,0.26571327447891235,128,True,False,False,False
STRAIN_000295,5,TIGHTBLOCK50,3,242,0.9710957407951355,0.028904259204864502,0.24043427407741547,128,True,False,False,False
STRAIN_000295,5,TIGHTBLOCK50,4,342,0.9711257815361023,0.028874218463897705,0.24030913412570953,128,True,False,False,False
STRAIN_000295,5,TIGHTBLOCK50,5,442,0.9682419300079346,0.03175806999206543,0.2520241141319275,128,True,False,False,False
STRAIN_000297,5,TIGHTBLOCK50,1,42,0.9795892834663391,0.02041071653366089,0.2020435482263565,128,True,False,False,False
STRAIN_000297,5,TIGHTBLOCK50,2,142,0.9793524742126465,0.020647525787353516,0.20321248471736908,128,True,False,False,False
STRAIN_000297,5,TIGHTBLOCK50,3,242,0.9772716164588928,0.022728383541107178,0.21320632100105286,128,True,False,False,False
STRAIN_000297,5,TIGHTBLOCK50,4,342,0.9770574569702148,0.022942543029785156,0.21420824527740479,128,True,False,False,False
STRAIN_000297,5,TIGHTBLOCK50,5,442,0.9811973571777344,0.018802642822265625,0.19392108917236328,128,True,False,False,False
STRAIN_000298,5,TIGHTBLOCK50,1,42,0.9674530029296875,0.0325469970703125,0.2551354765892029,128,True,False,False,False
STRAIN_000298,5,TIGHTBLOCK50,2,142,0.9708848595619202,0.029115140438079834,0.24130962789058685,128,True,False,False,False
STRAIN_000298,5,TIGHTBLOCK50,3,242,0.9664795398712158,0.03352046012878418,0.25892236828804016,128,True,False,False,False
STRAIN_000298,5,TIGHTBLOCK50,4,342,0.9713107347488403,0.028689265251159668,0.23953814804553986,128,True,False,False,False
STRAIN_000298,5,TIGHTBLOCK50,5,442,0.9734985828399658,0.02650141716003418,0.23022350668907166,128,True,False,False,False
STRAIN_000299,5,TIGHTBLOCK50,1,42,0.9892381429672241,0.010761857032775879,0.14671003818511963,128,True,False,False,False
STRAIN_000299,5,TIGHTBLOCK50,2,142,0.9907861351966858,0.009213864803314209,0.13574877381324768,128,True,False,False,False
STRAIN_000299,5,TIGHTBLOCK50,3,242,0.992324709892273,0.007675290107727051,0.12389722466468811,128,True,False,False,False
STRAIN_000299,5,TIGHTBLOCK50,4,342,0.9893372654914856,0.010662734508514404,0.1460324078798294,128,True,False,False,False
STRAIN_000299,5,TIGHTBLOCK50,5,442,0.9913632273674011,0.008636772632598877,0.13142892718315125,128,True,False,False,False
STRAIN_000304,5,TIGHTBLOCK50,1,42,0.9833145141601562,0.01668548583984375,0.18267682194709778,128,True,False,False,False
STRAIN_000304,5,TIGHTBLOCK50,2,142,0.9744448065757751,0.025555193424224854,0.22607581317424774,128,True,False,False,False
STRAIN_000304,5,TIGHTBLOCK50,3,242,0.9764098525047302,0.023590147495269775,0.21721065044403076,128,True,False,False,False
STRAIN_000304,5,TIGHTBLOCK50,4,342,0.9798476696014404,0.02015233039855957,0.20076026022434235,128,True,False,False,False
STRAIN_000304,5,TIGHTBLOCK50,5,442,0.9794700145721436,0.020529985427856445,0.20263195037841797,128,True,False,False,False
STRAIN_000323,5,TIGHTBLOCK50,1,42,0.9912571907043457,0.008742809295654297,0.13223335146903992,128,True,False,False,False
STRAIN_000323,5,TIGHTBLOCK50,2,142,0.9940553903579712,0.005944609642028809,0.10903692990541458,128,True,False,False,False
STRAIN_000323,5,TIGHTBLOCK50,3,242,0.9915257096290588,0.008474290370941162,0.13018642365932465,128,True,False,False,False
STRAIN_000323,5,TIGHTBLOCK50,4,342,0.9927424192428589,0.007257580757141113,0.12047866731882095,128,True,False,False,False
STRAIN_000323,5,TIGHTBLOCK50,5,442,0.9912393093109131,0.008760690689086914,0.1323680579662323,128,True,False,False,False
STRAIN_000328,5,TIGHTBLOCK50,1,42,0.9678522944450378,0.03214770555496216,0.2535650432109833,128,True,False,False,False
STRAIN_000328,5,TIGHTBLOCK50,2,142,0.9697579145431519,0.030242085456848145,0.2459353655576706,128,True,False,False,False
STRAIN_000328,5,TIGHTBLOCK50,3,242,0.9698178172111511,0.030182182788848877,0.2456914633512497,128,True,False,False,False
STRAIN_000328,5,TIGHTBLOCK50,4,342,0.9706853032112122,0.029314696788787842,0.24213474988937378,128,True,False,False,False
STRAIN_000328,5,TIGHTBLOCK50,5,442,0.972775399684906,0.027224600315093994,0.23334288597106934,128,True,False,False,False
STRAIN_000332,5,TIGHTBLOCK50,1,42,0.9900804758071899,0.009919524192810059,0.1408504843711853,128,True,False,False,False
STRAIN_000332,5,TIGHTBLOCK50,2,142,0.9910600185394287,0.008939981460571289,0.13371536135673523,128,True,False,False,False
STRAIN_000332,5,TIGHTBLOCK50,3,242,0.9885680079460144,0.011431992053985596,0.1512078046798706,128,True,False,False,False
STRAIN_000332,5,TIGHTBLOCK50,4,342,0.9900389909744263,0.00996100902557373,0.14114558696746826,128,True,False,False,False
STRAIN_000332,5,TIGHTBLOCK50,5,442,0.990746259689331,0.009253740310668945,0.1360422819852829,128,True,False,False,False
STRAIN_000336,5,TIGHTBLOCK50,1,42,0.9910879135131836,0.008912086486816406,0.13350681960582733,128,True,False,False,False
STRAIN_000336,5,TIGHTBLOCK50,2,142,0.9920061826705933,0.007993817329406738,0.1264420449733734,128,True,False,False,False
STRAIN_000336,5,TIGHTBLOCK50,3,242,0.9909178018569946,0.009082198143005371,0.1347755342721939,128,True,False,False,False
STRAIN_000336,5,TIGHTBLOCK50,4,342,0.9918707609176636,0.008129239082336426,0.1275085061788559,128,True,False,False,False
STRAIN_000336,5,TIGHTBLOCK50,5,442,0.9883813858032227,0.011618614196777344,0.15243768692016602,128,True,False,False,False
STRAIN_000346,5,TIGHTBLOCK50,1,42,0.9709182977676392,0.02908170223236084,0.24117088317871094,128,True,False,False,False
STRAIN_000346,5,TIGHTBLOCK50,2,142,0.9690877199172974,0.030912280082702637,0.24864567816257477,128,True,False,False,False
STRAIN_000346,5,TIGHTBLOCK50,3,242,0.9792933464050293,0.020706653594970703,0.20350289344787598,128,True,False,False,False
STRAIN_000346,5,TIGHTBLOCK50,4,342,0.9768728017807007,0.023127198219299316,0.2150682955980301,128,True,False,False,False
STRAIN_000346,5,TIGHTBLOCK50,5,442,0.9743443131446838,0.025655686855316162,0.22652021050453186,128,True,False,False,False
STRAIN_000348,5,TIGHTBLOCK50,1,42,0.9701056480407715,0.029894351959228516,0.24451683461666107,128,True,False,False,False
STRAIN_000348,5,TIGHTBLOCK50,2,142,0.9770304560661316,0.022969543933868408,0.21433396637439728,128,True,False,False,False
STRAIN_000348,5,TIGHTBLOCK50,3,242,0.9741425514221191,0.02585744857788086,0.22740916907787323,128,True,False,False,False
STRAIN_000348,5,TIGHTBLOCK50,4,342,0.9694732427597046,0.03052675724029541,0.2470899075269699,128,True,False,False,False
STRAIN_000348,5,TIGHTBLOCK50,5,442,0.9753262996673584,0.0246737003326416,0.2221425175666809,128,True,False,False,False
STRAIN_000349,5,TIGHTBLOCK50,1,42,0.9708993434906006,0.029100656509399414,0.2412494421005249,128,True,False,False,False
STRAIN_000349,5,TIGHTBLOCK50,2,142,0.9671372175216675,0.03286278247833252,0.25637003779411316,128,True,False,False,False
STRAIN_000349,5,TIGHTBLOCK50,3,242,0.9673041105270386,0.032695889472961426,0.25571855902671814,128,True,False,False,False
STRAIN_000349,5,TIGHTBLOCK50,4,342,0.9659504890441895,0.03404951095581055,0.2609577775001526,128,True,False,False,False
STRAIN_000349,5,TIGHTBLOCK50,5,442,0.969035804271698,0.030964195728302002,0.24885402619838715,128,True,False,False,False
STRAIN_000350,5,TIGHTBLOCK50,1,42,0.9708695411682129,0.02913045883178711,0.2413731962442398,128,True,False,False,False
STRAIN_000350,5,TIGHTBLOCK50,2,142,0.969231903553009,0.030768096446990967,0.24806490540504456,128,True,False,False,False
STRAIN_000350,5,TIGHTBLOCK50,3,242,0.9740324020385742,0.02596759796142578,0.2278929352760315,128,True,False,False,False
STRAIN_000350,5,TIGHTBLOCK50,4,342,0.9721825122833252,0.027817487716674805,0.23587065935134888,128,True,False,False,False
STRAIN_000350,5,TIGHTBLOCK50,5,442,0.9695315361022949,0.030468463897705078,0.24685423076152802,128,True,False,False,False
STRAIN_000357,5,TIGHTBLOCK50,1,42,0.9930694103240967,0.00693058967590332,0.11773350089788437,128,True,False,False,False
STRAIN_000357,5,TIGHTBLOCK50,2,142,0.9964672327041626,0.0035327672958374023,0.08405612409114838,128,True,False,False,False
STRAIN_000357,5,TIGHTBLOCK50,3,242,0.9954001903533936,0.004599809646606445,0.09591387212276459,128,True,False,False,False
STRAIN_000357,5,TIGHTBLOCK50,4,342,0.9928797483444214,0.007120251655578613,0.11933314800262451,128,True,False,False,False
STRAIN_000357,5,TIGHTBLOCK50,5,442,0.995044469833374,0.0049555301666259766,0.09955418109893799,128,True,False,False,False
STRAIN_000365,5,TIGHTBLOCK50,1,42,0.9717470407485962,0.02825295925140381,0.23770971596240997,128,True,False,False,False
STRAIN_000365,5,TIGHTBLOCK50,2,142,0.9751938581466675,0.02480614185333252,0.2227383852005005,128,True,False,False,False
STRAIN_000365,5,TIGHTBLOCK50,3,242,0.9737446308135986,0.026255369186401367,0.2291521430015564,128,True,False,False,False
STRAIN_000365,5,TIGHTBLOCK50,4,342,0.9706641435623169,0.029335856437683105,0.2422226071357727,128,True,False,False,False
STRAIN_000365,5,TIGHTBLOCK50,5,442,0.9707390069961548,0.029260993003845215,0.24191342294216156,128,True,False,False,False
STRAIN_000368,5,TIGHTBLOCK50,1,42,0.9687907099723816,0.031209290027618408,0.2498372495174408,128,True,False,False,False
STRAIN_000368,5,TIGHTBLOCK50,2,142,0.969357430934906,0.030642569065093994,0.24755819141864777,128,True,False,False,False
STRAIN_000368,5,TIGHTBLOCK50,3,242,0.9661814570426941,0.03381854295730591,0.26007112860679626,128,True,False,False,False
STRAIN_000368,5,TIGHTBLOCK50,4,342,0.9686046838760376,0.0313953161239624,0.2505803108215332,128,True,False,False,False
STRAIN_000368,5,TIGHTBLOCK50,5,442,0.9621714353561401,0.03782856464385986,0.27505818009376526,128,True,False,False,False
STRAIN_000383,5,TIGHTBLOCK50,1,42,0.9881348609924316,0.01186513900756836,0.15404613316059113,128,True,False,False,False
STRAIN_000383,5,TIGHTBLOCK50,2,142,0.988237738609314,0.011762261390686035,0.15337665379047394,128,True,False,False,False
STRAIN_000383,5,TIGHTBLOCK50,3,242,0.9906346797943115,0.009365320205688477,0.13685931265354156,128,True,False,False,False
STRAIN_000383,5,TIGHTBLOCK50,4,342,0.9907390475273132,0.009260952472686768,0.13609497249126434,128,True,False,False,False
STRAIN_000383,5,TIGHTBLOCK50,5,442,0.990263044834137,0.009736955165863037,0.13954848051071167,128,True,False,False,False
STRAIN_000401,5,TIGHTBLOCK50,1,42,0.97966068983078,0.02033931016921997,0.20168918371200562,128,True,False,False,False
STRAIN_000401,5,TIGHTBLOCK50,2,142,0.9810047745704651,0.018995225429534912,0.19491085410118103,128,True,False,False,False
STRAIN_000401,5,TIGHTBLOCK50,3,242,0.9840630888938904,0.01593691110610962,0.1785326451063156,128,True,False,False,False
STRAIN_000401,5,TIGHTBLOCK50,4,342,0.9793633222579956,0.020636677742004395,0.2031581550836563,128,True,False,False,False
STRAIN_000401,5,TIGHTBLOCK50,5,442,0.9794801473617554,0.02051985263824463,0.20258237421512604,128,True,False,False,False
STRAIN_000404,5,TIGHTBLOCK50,1,42,0.9835399985313416,0.016460001468658447,0.18143868446350098,128,True,False,False,False
STRAIN_000404,5,TIGHTBLOCK50,2,142,0.9832870960235596,0.01671290397644043,0.1828279048204422,128,True,False,False,False
STRAIN_000404,5,TIGHTBLOCK50,3,242,0.9810782670974731,0.018921732902526855,0.1945342868566513,128,True,False,False,False
STRAIN_000404,5,TIGHTBLOCK50,4,342,0.981816828250885,0.01818317174911499,0.190699964761734,128,True,False,False,False
STRAIN_000404,5,TIGHTBLOCK50,5,442,0.9833205938339233,0.01667940616607666,0.18264438211917877,128,True,False,False,False
STRAIN_000405,5,TIGHTBLOCK50,1,42,0.9849166870117188,0.01508331298828125,0.17368543148040771,128,True,False,False,False
STRAIN_000405,5,TIGHTBLOCK50,2,142,0.9831336736679077,0.016866326332092285,0.1836652308702469,128,True,False,False,False
STRAIN_000405,5,TIGHTBLOCK50,3,242,0.9855419993400574,0.014458000659942627,0.17004728317260742,128,True,False,False,False
STRAIN_000405,5,TIGHTBLOCK50,4,342,0.9843575954437256,0.015642404556274414,0.17687562108039856,128,True,False,False,False
STRAIN_000405,5,TIGHTBLOCK50,5,442,0.9840171337127686,0.015982866287231445,0.17879034578800201,128,True,False,False,False
STRAIN_000409,5,TIGHTBLOCK50,1,42,0.9864833950996399,0.013516604900360107,0.1644175499677658,128,True,False,False,False
STRAIN_000409,5,TIGHTBLOCK50,2,142,0.9872228503227234,0.012777149677276611,0.15985678136348724,128,True,False,False,False
STRAIN_000409,5,TIGHTBLOCK50,3,242,0.9870269298553467,0.01297307014465332,0.16107752919197083,128,True,False,False,False
STRAIN_000409,5,TIGHTBLOCK50,4,342,0.9845176935195923,0.015482306480407715,0.17596812546253204,128,True,False,False,False
STRAIN_000409,5,TIGHTBLOCK50,5,442,0.9860519170761108,0.01394808292388916,0.16702185571193695,128,True,False,False,False
STRAIN_000420,5,TIGHTBLOCK50,1,42,0.9868252277374268,0.013174772262573242,0.16232411563396454,128,True,False,False,False
STRAIN_000420,5,TIGHTBLOCK50,2,142,0.9869410991668701,0.013058900833129883,0.16160991787910461,128,True,False,False,False
STRAIN_000420,5,TIGHTBLOCK50,3,242,0.9857418537139893,0.014258146286010742,0.16886723041534424,128,True,False,False,False
STRAIN_000420,5,TIGHTBLOCK50,4,342,0.9848190546035767,0.01518094539642334,0.1742457151412964,128,True,False,False,False
STRAIN_000420,5,TIGHTBLOCK50,5,442,0.9874082803726196,0.012591719627380371,0.15869218111038208,128,True,False,False,False
STRAIN_000433,5,TIGHTBLOCK50,1,42,0.9916900396347046,0.00830996036529541,0.12891794741153717,128,True,False,False,False
STRAIN_000433,5,TIGHTBLOCK50,2,142,0.9915753602981567,0.008424639701843262,0.12980473041534424,128,True,False,False,False
STRAIN_000433,5,TIGHTBLOCK50,3,242,0.9897704124450684,0.01022958755493164,0.14303573966026306,128,True,False,False,False
STRAIN_000433,5,TIGHTBLOCK50,4,342,0.9902223944664001,0.009777605533599854,0.13983957469463348,128,True,False,False,False
STRAIN_000433,5,TIGHTBLOCK50,5,442,0.9884452223777771,0.0115547776222229,0.15201830863952637,128,True,False,False,False
STRAIN_000436,5,TIGHTBLOCK50,1,42,0.9857548475265503,0.014245152473449707,0.1687910258769989,128,True,False,False,False
STRAIN_000436,5,TIGHTBLOCK50,2,142,0.9919345378875732,0.008065462112426758,0.12700839340686798,128,True,False,False,False
STRAIN_000436,5,TIGHTBLOCK50,3,242,0.9894471168518066,0.01055288314819336,0.14527764916419983,128,True,False,False,False
STRAIN_000436,5,TIGHTBLOCK50,4,342,0.9890986084938049,0.010901391506195068,0.1476578414440155,128,True,False,False,False
STRAIN_000436,5,TIGHTBLOCK50,5,442,0.9903852939605713,0.009614706039428711,0.1386696845293045,128,True,False,False,False
STRAIN_000441,5,TIGHTBLOCK50,1,42,0.9758782982826233,0.02412170171737671,0.2196432650089264,128,True,False,False,False
STRAIN_000441,5,TIGHTBLOCK50,2,142,0.9779469966888428,0.022053003311157227,0.21001380681991577,128,True,False,False,False
STRAIN_000441,5,TIGHTBLOCK50,3,242,0.9754214882850647,0.024578511714935303,0.2217133790254593,128,True,False,False,False
STRAIN_000441,5,TIGHTBLOCK50,4,342,0.9769478440284729,0.0230521559715271,0.21471905708312988,128,True,False,False,False
STRAIN_000441,5,TIGHTBLOCK50,5,442,0.9740711450576782,0.025928854942321777,0.22772270441055298,128,True,False,False,False
STRAIN_000443,5,TIGHTBLOCK50,1,42,0.9885303378105164,0.011469662189483643,0.151457279920578,128,True,False,False,False
STRAIN_000443,5,TIGHTBLOCK50,2,142,0.9889298677444458,0.0110701322555542,0.1487959772348404,128,True,False,False,False
STRAIN_000443,5,TIGHTBLOCK50,3,242,0.987545371055603,0.012454628944396973,0.1578269898891449,128,True,False,False,False
STRAIN_000443,5,TIGHTBLOCK50,4,342,0.9874519109725952,0.012548089027404785,0.15841788053512573,128,True,False,False,False
STRAIN_000443,5,TIGHTBLOCK50,5,442,0.9902236461639404,0.00977635383605957,0.13983120024204254,128,True,False,False,False
STRAIN_000455,5,TIGHTBLOCK50,1,42,0.9737859964370728,0.026214003562927246,0.22897179424762726,128,True,False,False,False
STRAIN_000455,5,TIGHTBLOCK50,2,142,0.9745897054672241,0.02541029453277588,0.22543443739414215,128,True,False,False,False
STRAIN_000455,5,TIGHTBLOCK50,3,242,0.9812048673629761,0.018795132637023926,0.1938822865486145,128,True,False,False,False
STRAIN_000455,5,TIGHTBLOCK50,4,342,0.9798729419708252,0.020127058029174805,0.20063471794128418,128,True,False,False,False
STRAIN_000455,5,TIGHTBLOCK50,5,442,0.9836304187774658,0.01636958122253418,0.18093980848789215,128,True,False,False,False
STRAIN_000460,5,TIGHTBLOCK50,1,42,0.9773054122924805,0.02269458770751953,0.21304787695407867,128,True,False,False,False
STRAIN_000460,5,TIGHTBLOCK50,2,142,0.9820817112922668,0.017918288707733154,0.18930567800998688,128,True,False,False,False
STRAIN_000460,5,TIGHTBLOCK50,3,242,0.9798201322555542,0.0201798677444458,0.20089727640151978,128,True,False,False,False
STRAIN_000460,5,TIGHTBLOCK50,4,342,0.9800764918327332,0.019923508167266846,0.19961713254451752,128,True,False,False,False
STRAIN_000460,5,TIGHTBLOCK50,5,442,0.979503870010376,0.020496129989624023,0.20246556401252747,128,True,False,False,False
STRAIN_000465,5,TIGHTBLOCK50,1,42,0.9771129488945007,0.022887051105499268,0.21394872665405273,128,True,False,False,False
STRAIN_000465,5,TIGHTBLOCK50,2,142,0.9785535931587219,0.021446406841278076,0.2071060687303543,128,True,False,False,False
STRAIN_000465,5,TIGHTBLOCK50,3,242,0.9801366329193115,0.019863367080688477,0.19931532442569733,128,True,False,False,False
STRAIN_000465,5,TIGHTBLOCK50,4,342,0.9774103164672852,0.022589683532714844,0.21255461871623993,128,True,False,False,False
STRAIN_000465,5,TIGHTBLOCK50,5,442,0.977832555770874,0.022167444229125977,0.21055863797664642,128,True,False,False,False
STRAIN_000467,5,TIGHTBLOCK50,1,42,0.9759981036186218,0.024001896381378174,0.21909721195697784,128,True,False,False,False
STRAIN_000467,5,TIGHTBLOCK50,2,142,0.9768352508544922,0.023164749145507812,0.21524269878864288,128,True,False,False,False
STRAIN_000467,5,TIGHTBLOCK50,3,242,0.9748814105987549,0.025118589401245117,0.2241361290216446,128,True,False,False,False
STRAIN_000467,5,TIGHTBLOCK50,4,342,0.9782812595367432,0.021718740463256836,0.20841658115386963,128,True,False,False,False
STRAIN_000467,5,TIGHTBLOCK50,5,442,0.9780378937721252,0.021962106227874756,0.20958071947097778,128,True,False,False,False
STRAIN_000468,5,TIGHTBLOCK50,1,42,0.978822648525238,0.021177351474761963,0.20580236613750458,128,True,False,False,False
STRAIN_000468,5,TIGHTBLOCK50,2,142,0.9784773588180542,0.0215226411819458,0.20747363567352295,128,True,False,False,False
STRAIN_000468,5,TIGHTBLOCK50,3,242,0.9797581434249878,0.020241856575012207,0.20120565593242645,128,True,False,False,False
STRAIN_000468,5,TIGHTBLOCK50,4,342,0.9777132272720337,0.02228677272796631,0.211124449968338,128,True,False,False,False
STRAIN_000468,5,TIGHTBLOCK50,5,442,0.9826964139938354,0.01730358600616455,0.18603000044822693,128,True,False,False,False
STRAIN_000469,5,TIGHTBLOCK50,1,42,0.9802987575531006,0.019701242446899414,0.1985003501176834,128,True,False,False,False
STRAIN_000469,5,TIGHTBLOCK50,2,142,0.9758206605911255,0.02417933940887451,0.21990598738193512,128,True,False,False,False
STRAIN_000469,5,TIGHTBLOCK50,3,242,0.9825099110603333,0.017490088939666748,0.187029629945755,128,True,False,False,False
STRAIN_000469,5,TIGHTBLOCK50,4,342,0.9784029126167297,0.021597087383270264,0.20783209800720215,128,True,False,False,False
STRAIN_000469,5,TIGHTBLOCK50,5,442,0.981978178024292,0.018021821975708008,0.18985135853290558,128,True,False,False,False
STRAIN_000472,5,TIGHTBLOCK50,1,42,0.9908298254013062,0.009170174598693848,0.135426864027977,128,True,False,False,False
STRAIN_000472,5,TIGHTBLOCK50,2,142,0.9907913208007812,0.00920867919921875,0.13571061193943024,128,True,False,False,False
STRAIN_000472,5,TIGHTBLOCK50,3,242,0.9912592172622681,0.008740782737731934,0.13221797347068787,128,True,False,False,False
STRAIN_000472,5,TIGHTBLOCK50,4,342,0.99064040184021,0.009359598159790039,0.1368182897567749,128,True,False,False,False
STRAIN_000472,5,TIGHTBLOCK50,5,442,0.9896066784858704,0.010393321514129639,0.14417530596256256,128,True,False,False,False
STRAIN_000492,5,TIGHTBLOCK50,1,42,0.9867348670959473,0.013265132904052734,0.16288143396377563,128,True,False,False,False
STRAIN_000492,5,TIGHTBLOCK50,2,142,0.9853635430335999,0.014636456966400146,0.17109312117099762,128,True,False,False,False
STRAIN_000492,5,TIGHTBLOCK50,3,242,0.9865888357162476,0.013411164283752441,0.16377468407154083,128,True,False,False,False
STRAIN_000492,5,TIGHTBLOCK50,4,342,0.9845309853553772,0.015469014644622803,0.17589186131954193,128,True,False,False,False
STRAIN_000492,5,TIGHTBLOCK50,5,442,0.9839037656784058,0.01609623432159424,0.1794227808713913,128,True,False,False,False
STRAIN_000498,5,TIGHTBLOCK50,1,42,0.9838847517967224,0.016115248203277588,0.17952820658683777,128,True,False,False,False
STRAIN_000498,5,TIGHTBLOCK50,2,142,0.9803726077079773,0.019627392292022705,0.19812794029712677,128,True,False,False,False
STRAIN_000498,5,TIGHTBLOCK50,3,242,0.9791012406349182,0.020898759365081787,0.20444418489933014,128,True,False,False,False
STRAIN_000498,5,TIGHTBLOCK50,4,342,0.9802238941192627,0.019776105880737305,0.19887715578079224,128,True,False,False,False
STRAIN_000498,5,TIGHTBLOCK50,5,442,0.9788368940353394,0.021163105964660645,0.20573337376117706,128,True,False,False,False
STRAIN_000509,5,TIGHTBLOCK50,1,42,0.9834045171737671,0.01659548282623291,0.1821838766336441,128,True,False,False,False
STRAIN_000509,5,TIGHTBLOCK50,2,142,0.9831966161727905,0.016803383827209473,0.1833217442035675,128,True,False,False,False
STRAIN_000509,5,TIGHTBLOCK50,3,242,0.9853694438934326,0.014630556106567383,0.17105886340141296,128,True,False,False,False
STRAIN_000509,5,TIGHTBLOCK50,4,342,0.983806848526001,0.016193151473999023,0.1799621284008026,128,True,False,False,False
STRAIN_000509,5,TIGHTBLOCK50,5,442,0.9840090274810791,0.0159909725189209,0.17883515357971191,128,True,False,False,False
STRAIN_000513,5,TIGHTBLOCK50,1,42,0.9891824722290039,0.010817527770996094,0.14708878099918365,128,True,False,False,False
STRAIN_000513,5,TIGHTBLOCK50,2,142,0.9846910238265991,0.015308976173400879,0.1749793142080307,128,True,False,False,False
STRAIN_000513,5,TIGHTBLOCK50,3,242,0.9895147085189819,0.010485291481018066,0.14481228590011597,128,True,False,False,False
STRAIN_000513,5,TIGHTBLOCK50,4,342,0.9910545349121094,0.008945465087890625,0.13375738263130188,128,True,False,False,False
STRAIN_000513,5,TIGHTBLOCK50,5,442,0.989637553691864,0.010362446308135986,0.14396171271800995,128,True,False,False,False
STRAIN_000520,5,TIGHTBLOCK50,1,42,0.9813730716705322,0.018626928329467773,0.19301295280456543,128,True,False,False,False
STRAIN_000520,5,TIGHTBLOCK50,2,142,0.9786065220832825,0.02139347791671753,0.2068503350019455,128,True,False,False,False
STRAIN_000520,5,TIGHTBLOCK50,3,242,0.9795090556144714,0.020490944385528564,0.20243991911411285,128,True,False,False,False
STRAIN_000520,5,TIGHTBLOCK50,4,342,0.9801868200302124,0.019813179969787598,0.1990637332201004,128,True,False,False,False
STRAIN_000520,5,TIGHTBLOCK50,5,442,0.9785377979278564,0.021462202072143555,0.2071819007396698,128,True,False,False,False
STRAIN_000521,5,TIGHTBLOCK50,1,42,0.9788650274276733,0.02113497257232666,0.20559653639793396,128,True,False,False,False
STRAIN_000521,5,TIGHTBLOCK50,2,142,0.9805091023445129,0.01949089765548706,0.19743792712688446,128,True,False,False,False
STRAIN_000521,5,TIGHTBLOCK50,3,242,0.9779468774795532,0.022053122520446777,0.21001482009887695,128,True,False,False,False
STRAIN_000521,5,TIGHTBLOCK50,4,342,0.9767193794250488,0.023280620574951172,0.2157808244228363,128,True,False,False,False
STRAIN_000521,5,TIGHTBLOCK50,5,442,0.9808958172798157,0.019104182720184326,0.1954696923494339,128,True,False,False,False
STRAIN_000522,5,TIGHTBLOCK50,1,42,0.9819598197937012,0.018040180206298828,0.18994896113872528,128,True,False,False,False
STRAIN_000522,5,TIGHTBLOCK50,2,142,0.9815272092819214,0.018472790718078613,0.19221258163452148,128,True,False,False,False
STRAIN_000522,5,TIGHTBLOCK50,3,242,0.9794676303863525,0.02053236961364746,0.20264381170272827,128,True,False,False,False
STRAIN_000522,5,TIGHTBLOCK50,4,342,0.9798160195350647,0.020183980464935303,0.20091761648654938,128,True,False,False,False
STRAIN_000522,5,TIGHTBLOCK50,5,442,0.9811623096466064,0.018837690353393555,0.19410204887390137,128,True,False,False,False
STRAIN_000523,5,TIGHTBLOCK50,1,42,0.9742878675460815,0.025712132453918457,0.22676944732666016,128,True,False,False,False
STRAIN_000523,5,TIGHTBLOCK50,2,142,0.9769984483718872,0.023001551628112793,0.21448321640491486,128,True,False,False,False
STRAIN_000523,5,TIGHTBLOCK50,3,242,0.9780046939849854,0.02199530601501465,0.20973974466323853,128,True,False,False,False
STRAIN_000523,5,TIGHTBLOCK50,4,342,0.9726004004478455,0.02739959955215454,0.23409217596054077,128,True,False,False,False
STRAIN_000523,5,TIGHTBLOCK50,5,442,0.9718040227890015,0.028195977210998535,0.23746997117996216,128,True,False,False,False
STRAIN_000526,5,TIGHTBLOCK50,1,42,0.9774614572525024,0.02253854274749756,0.21231341361999512,128,True,False,False,False
STRAIN_000526,5,TIGHTBLOCK50,2,142,0.9742967486381531,0.025703251361846924,0.22673003375530243,128,True,False,False,False
STRAIN_000526,5,TIGHTBLOCK50,3,242,0.9652706980705261,0.03472930192947388,0.26354995369911194,128,True,False,False,False
STRAIN_000526,5,TIGHTBLOCK50,4,342,0.9676561951637268,0.03234380483627319,0.2543380558490753,128,True,False,False,False
STRAIN_000526,5,TIGHTBLOCK50,5,442,0.9733796715736389,0.026620328426361084,0.23073939979076385,128,True,False,False,False
STRAIN_000529,5,TIGHTBLOCK50,1,42,0.9910575151443481,0.008942484855651855,0.1337350755929947,128,True,False,False,False
STRAIN_000529,5,TIGHTBLOCK50,2,142,0.9899183511734009,0.010081648826599121,0.14199687540531158,128,True,False,False,False
STRAIN_000529,5,TIGHTBLOCK50,3,242,0.9905287027359009,0.009471297264099121,0.13763193786144257,128,True,False,False,False
STRAIN_000529,5,TIGHTBLOCK50,4,342,0.9893544912338257,0.010645508766174316,0.14591462910175323,128,True,False,False,False
STRAIN_000529,5,TIGHTBLOCK50,5,442,0.9879935383796692,0.01200646162033081,0.15496042370796204,128,True,False,False,False
STRAIN_000534,5,TIGHTBLOCK50,1,42,0.982843279838562,0.01715672016143799,0.18523886799812317,128,True,False,False,False
STRAIN_000534,5,TIGHTBLOCK50,2,142,0.9840686917304993,0.015931308269500732,0.17850100994110107,128,True,False,False,False
STRAIN_000534,5,TIGHTBLOCK50,3,242,0.9827327728271484,0.017267227172851562,0.18583448231220245,128,True,False,False,False
STRAIN_000534,5,TIGHTBLOCK50,4,342,0.9859902858734131,0.014009714126586914,0.16738976538181305,128,True,False,False,False
STRAIN_000534,5,TIGHTBLOCK50,5,442,0.9832035303115845,0.016796469688415527,0.18328337371349335,128,True,False,False,False
STRAIN_000535,5,TIGHTBLOCK50,1,42,0.98457270860672,0.01542729139328003,0.1756548434495926,128,True,False,False,False
STRAIN_000535,5,TIGHTBLOCK50,2,142,0.9842466115951538,0.01575338840484619,0.17750170826911926,128,True,False,False,False
STRAIN_000535,5,TIGHTBLOCK50,3,242,0.9862158298492432,0.013784170150756836,0.16603679955005646,128,True,False,False,False
STRAIN_000535,5,TIGHTBLOCK50,4,342,0.9872537851333618,0.012746214866638184,0.15966375172138214,128,True,False,False,False
STRAIN_000535,5,TIGHTBLOCK50,5,442,0.9864715933799744,0.013528406620025635,0.16448986530303955,128,True,False,False,False
STRAIN_000538,5,TIGHTBLOCK50,1,42,0.9923683404922485,0.007631659507751465,0.12354517728090286,128,True,False,False,False
STRAIN_000538,5,TIGHTBLOCK50,2,142,0.9918156862258911,0.008184313774108887,0.12793977558612823,128,True,False,False,False
STRAIN_000538,5,TIGHTBLOCK50,3,242,0.9905314445495605,0.009468555450439453,0.1376122236251831,128,True,False,False,False
STRAIN_000538,5,TIGHTBLOCK50,4,342,0.9910820722579956,0.008917927742004395,0.13355083763599396,128,True,False,False,False
STRAIN_000538,5,TIGHTBLOCK50,5,442,0.9913432598114014,0.008656740188598633,0.13158035278320312,128,True,False,False,False
STRAIN_000539,5,TIGHTBLOCK50,1,42,0.9845415353775024,0.015458464622497559,0.1758325845003128,128,True,False,False,False
STRAIN_000539,5,TIGHTBLOCK50,2,142,0.9859658479690552,0.014034152030944824,0.16753613948822021,128,True,False,False,False
STRAIN_000539,5,TIGHTBLOCK50,3,242,0.9835309982299805,0.01646900177001953,0.18148817121982574,128,True,False,False,False
STRAIN_000539,5,TIGHTBLOCK50,4,342,0.982974648475647,0.017025351524353027,0.1845283806324005,128,True,False,False,False
STRAIN_000539,5,TIGHTBLOCK50,5,442,0.9844641089439392,0.015535891056060791,0.17627225816249847,128,True,False,False,False
STRAIN_000540,5,TIGHTBLOCK50,1,42,0.9858282804489136,0.014171719551086426,0.16835512220859528,128,True,False,False,False
STRAIN_000540,5,TIGHTBLOCK50,2,142,0.9829642176628113,0.01703578233718872,0.18458496034145355,128,True,False,False,False
STRAIN_000540,5,TIGHTBLOCK50,3,242,0.984682559967041,0.015317440032958984,0.1750284731388092,128,True,False,False,False
STRAIN_000540,5,TIGHTBLOCK50,4,342,0.9831099510192871,0.01689004898071289,0.1837935447692871,128,True,False,False,False
STRAIN_000540,5,TIGHTBLOCK50,5,442,0.9843207001686096,0.01567929983139038,0.177083358168602,128,True,False,False,False
STRAIN_000542,5,TIGHTBLOCK50,1,42,0.972594141960144,0.027405858039855957,0.23411940038204193,128,True,False,False,False
STRAIN_000542,5,TIGHTBLOCK50,2,142,0.9711344242095947,0.028865575790405273,0.24027305841445923,128,True,False,False,False
STRAIN_000542,5,TIGHTBLOCK50,3,242,0.9756033420562744,0.024396657943725586,0.22089196741580963,128,True,False,False,False
STRAIN_000542,5,TIGHTBLOCK50,4,342,0.9734851717948914,0.026514828205108643,0.23028166592121124,128,True,False,False,False
STRAIN_000542,5,TIGHTBLOCK50,5,442,0.9685888886451721,0.03141111135482788,0.25064340233802795,128,True,False,False,False
STRAIN_000545,5,TIGHTBLOCK50,1,42,0.9875097274780273,0.012490272521972656,0.15805217623710632,128,True,False,False,False
STRAIN_000545,5,TIGHTBLOCK50,2,142,0.9867169260978699,0.013283073902130127,0.16299118101596832,128,True,False,False,False
STRAIN_000545,5,TIGHTBLOCK50,3,242,0.9864639639854431,0.013536036014556885,0.1645357608795166,128,True,False,False,False
STRAIN_000545,5,TIGHTBLOCK50,4,342,0.9877679347991943,0.012232065200805664,0.1564105749130249,128,True,False,False,False
STRAIN_000545,5,TIGHTBLOCK50,5,442,0.9846183061599731,0.015381693840026855,0.1753954142332077,128,True,False,False,False
STRAIN_000550,5,TIGHTBLOCK50,1,42,0.9905285835266113,0.009471416473388672,0.13763315975666046,128,True,False,False,False
STRAIN_000550,5,TIGHTBLOCK50,2,142,0.9890202283859253,0.010979771614074707,0.14818736910820007,128,True,False,False,False
STRAIN_000550,5,TIGHTBLOCK50,3,242,0.9904019832611084,0.009598016738891602,0.13854950666427612,128,True,False,False,False
STRAIN_000550,5,TIGHTBLOCK50,4,342,0.9878638982772827,0.012136101722717285,0.15579524636268616,128,True,False,False,False
STRAIN_000550,5,TIGHTBLOCK50,5,442,0.9908527731895447,0.009147226810455322,0.1352566033601761,128,True,False,False,False
STRAIN_000559,5,TIGHTBLOCK50,1,42,0.9899880886077881,0.010011911392211914,0.14150573313236237,128,True,False,False,False
STRAIN_000559,5,TIGHTBLOCK50,2,142,0.9883749485015869,0.011625051498413086,0.15247975289821625,128,True,False,False,False
STRAIN_000559,5,TIGHTBLOCK50,3,242,0.9907559156417847,0.009244084358215332,0.13597142696380615,128,True,False,False,False
STRAIN_000559,5,TIGHTBLOCK50,4,342,0.9901170134544373,0.009882986545562744,0.1405915915966034,128,True,False,False,False
STRAIN_000559,5,TIGHTBLOCK50,5,442,0.9888869524002075,0.01111304759979248,0.1490846574306488,128,True,False,False,False
STRAIN_000560,5,TIGHTBLOCK50,1,42,0.9902081489562988,0.009791851043701172,0.13994231820106506,128,True,False,False,False
STRAIN_000560,5,TIGHTBLOCK50,2,142,0.9896070957183838,0.010392904281616211,0.14417320489883423,128,True,False,False,False
STRAIN_000560,5,TIGHTBLOCK50,3,242,0.9903585910797119,0.009641408920288086,0.13886280357837677,128,True,False,False,False
STRAIN_000560,5,TIGHTBLOCK50,4,342,0.9908586740493774,0.009141325950622559,0.13521374762058258,128,True,False,False,False
STRAIN_000560,5,TIGHTBLOCK50,5,442,0.991092324256897,0.008907675743103027,0.13347502052783966,128,True,False,False,False
STRAIN_000567,5,TIGHTBLOCK50,1,42,0.9881812930107117,0.01181870698928833,0.15374471247196198,128,True,False,False,False
STRAIN_000567,5,TIGHTBLOCK50,2,142,0.9889135956764221,0.01108640432357788,0.14890511333942413,128,True,False,False,False
STRAIN_000567,5,TIGHTBLOCK50,3,242,0.9870777130126953,0.012922286987304688,0.16076284646987915,128,True,False,False,False
STRAIN_000567,5,TIGHTBLOCK50,4,342,0.9874457120895386,0.012554287910461426,0.1584567129611969,128,True,False,False,False
STRAIN_000567,5,TIGHTBLOCK50,5,442,0.9847471714019775,0.015252828598022461,0.17465916275978088,128,True,False,False,False
STRAIN_000580,5,TIGHTBLOCK50,1,42,0.9844782948493958,0.015521705150604248,0.1761912852525711,128,True,False,False,False
STRAIN_000580,5,TIGHTBLOCK50,2,142,0.9859868884086609,0.014013111591339111,0.16741043329238892,128,True,False,False,False
STRAIN_000580,5,TIGHTBLOCK50,3,242,0.9859075546264648,0.014092445373535156,0.1678837388753891,128,True,False,False,False
STRAIN_000580,5,TIGHTBLOCK50,4,342,0.986092746257782,0.013907253742218018,0.16677680611610413,128,True,False,False,False
STRAIN_000580,5,TIGHTBLOCK50,5,442,0.9854902029037476,0.014509797096252441,0.1703515201807022,128,True,False,False,False
STRAIN_000588,5,TIGHTBLOCK50,1,42,0.9842821359634399,0.01571786403656006,0.17730136215686798,128,True,False,False,False
STRAIN_000588,5,TIGHTBLOCK50,2,142,0.9825880527496338,0.01741194725036621,0.18661147356033325,128,True,False,False,False
STRAIN_000588,5,TIGHTBLOCK50,3,242,0.984033465385437,0.01596653461456299,0.17869798839092255,128,True,False,False,False
STRAIN_000588,5,TIGHTBLOCK50,4,342,0.9838173389434814,0.016182661056518555,0.17990387976169586,128,True,False,False,False
STRAIN_000588,5,TIGHTBLOCK50,5,442,0.9844421744346619,0.015557825565338135,0.17639675736427307,128,True,False,False,False
STRAIN_000605,5,TIGHTBLOCK50,1,42,0.9837589263916016,0.016241073608398438,0.1802280992269516,128,True,False,False,False
STRAIN_000605,5,TIGHTBLOCK50,2,142,0.9855531454086304,0.014446854591369629,0.16998198628425598,128,True,False,False,False
STRAIN_000605,5,TIGHTBLOCK50,3,242,0.984147310256958,0.015852689743041992,0.17806008458137512,128,True,False,False,False
STRAIN_000605,5,TIGHTBLOCK50,4,342,0.9830079674720764,0.016992032527923584,0.18434739112854004,128,True,False,False,False
STRAIN_000605,5,TIGHTBLOCK50,5,442,0.9855362176895142,0.01446378231048584,0.17008115351200104,128,True,False,False,False
STRAIN_000607,5,TIGHTBLOCK50,1,42,0.9846358299255371,0.01536417007446289,0.1752949357032776,128,True,False,False,False
STRAIN_000607,5,TIGHTBLOCK50,2,142,0.9860471487045288,0.013952851295471191,0.16704994440078735,128,True,False,False,False
STRAIN_000607,5,TIGHTBLOCK50,3,242,0.987196683883667,0.012803316116333008,0.16002102196216583,128,True,False,False,False
STRAIN_000607,5,TIGHTBLOCK50,4,342,0.9833502769470215,0.016649723052978516,0.1824813038110733,128,True,False,False,False
STRAIN_000607,5,TIGHTBLOCK50,5,442,0.9836939573287964,0.016306042671203613,0.18058769404888153,128,True,False,False,False
STRAIN_000613,5,TIGHTBLOCK50,1,42,0.9893566370010376,0.010643362998962402,0.1458996683359146,128,True,False,False,False
STRAIN_000613,5,TIGHTBLOCK50,2,142,0.9888910055160522,0.011108994483947754,0.14905686676502228,128,True,False,False,False
STRAIN_000613,5,TIGHTBLOCK50,3,242,0.989789605140686,0.010210394859313965,0.14290103316307068,128,True,False,False,False
STRAIN_000613,5,TIGHTBLOCK50,4,342,0.9898755550384521,0.010124444961547852,0.14229810237884521,128,True,False,False,False
STRAIN_000613,5,TIGHTBLOCK50,5,442,0.9890300631523132,0.010969936847686768,0.14812137186527252,128,True,False,False,False
STRAIN_000617,5,TIGHTBLOCK50,1,42,0.9920542240142822,0.007945775985717773,0.1260620802640915,128,True,False,False,False
STRAIN_000617,5,TIGHTBLOCK50,2,142,0.9927904009819031,0.007209599018096924,0.12007952481508255,128,True,False,False,False
STRAIN_000617,5,TIGHTBLOCK50,3,242,0.9908872842788696,0.009112715721130371,0.13500180840492249,128,True,False,False,False
STRAIN_000617,5,TIGHTBLOCK50,4,342,0.9917587041854858,0.00824129581451416,0.1283838003873825,128,True,False,False,False
STRAIN_000617,5,TIGHTBLOCK50,5,442,0.9891960024833679,0.01080399751663208,0.14699724316596985,128,True,False,False,False
STRAIN_000618,5,TIGHTBLOCK50,1,42,0.990605890750885,0.00939410924911499,0.1370699554681778,128,True,False,False,False
STRAIN_000618,5,TIGHTBLOCK50,2,142,0.9905308485031128,0.009469151496887207,0.1376153528690338,128,True,False,False,False
STRAIN_000618,5,TIGHTBLOCK50,3,242,0.9920347929000854,0.00796520709991455,0.12621599435806274,128,True,False,False,False
STRAIN_000618,5,TIGHTBLOCK50,4,342,0.9899672269821167,0.0100327730178833,0.14165253937244415,128,True,False,False,False
STRAIN_000618,5,TIGHTBLOCK50,5,442,0.9909155368804932,0.009084463119506836,0.13479197025299072,128,True,False,False,False
STRAIN_000619,5,TIGHTBLOCK50,1,42,0.9889259934425354,0.0110740065574646,0.14882239699363708,128,True,False,False,False
STRAIN_000619,5,TIGHTBLOCK50,2,142,0.9918608069419861,0.008139193058013916,0.127587229013443,128,True,False,False,False
STRAIN_000619,5,TIGHTBLOCK50,3,242,0.9923652410507202,0.007634758949279785,0.12357016652822495,128,True,False,False,False
STRAIN_000619,5,TIGHTBLOCK50,4,342,0.9917222261428833,0.0082777738571167,0.12866827845573425,128,True,False,False,False
STRAIN_000619,5,TIGHTBLOCK50,5,442,0.9909098148345947,0.009090185165405273,0.13483454287052155,128,True,False,False,False
STRAIN_000620,5,TIGHTBLOCK50,1,42,0.9927637577056885,0.0072362422943115234,0.12030188739299774,128,True,False,False,False
STRAIN_000620,5,TIGHTBLOCK50,2,142,0.9929287433624268,0.007071256637573242,0.11892260611057281,128,True,False,False,False
STRAIN_000620,5,TIGHTBLOCK50,3,242,0.9922584891319275,0.00774151086807251,0.12443109601736069,128,True,False,False,False
STRAIN_000620,5,TIGHTBLOCK50,4,342,0.9917812943458557,0.008218705654144287,0.12820878624916077,128,True,False,False,False
STRAIN_000620,5,TIGHTBLOCK50,5,442,0.9938782453536987,0.0061217546463012695,0.11065098643302917,128,True,False,False,False
STRAIN_000621,5,TIGHTBLOCK50,1,42,0.9904263615608215,0.009573638439178467,0.1383739560842514,128,True,False,False,False
STRAIN_000621,5,TIGHTBLOCK50,2,142,0.9898977279663086,0.010102272033691406,0.14214327931404114,128,True,False,False,False
STRAIN_000621,5,TIGHTBLOCK50,3,242,0.9890081286430359,0.010991871356964111,0.14826935529708862,128,True,False,False,False
STRAIN_000621,5,TIGHTBLOCK50,4,342,0.9904870390892029,0.00951296091079712,0.13793441653251648,128,True,False,False,False
STRAIN_000621,5,TIGHTBLOCK50,5,442,0.9898009896278381,0.010199010372161865,0.14282232522964478,128,True,False,False,False
STRAIN_000629,5,TIGHTBLOCK50,1,42,0.9879816174507141,0.012018382549285889,0.15503865480422974,128,True,False,False,False
STRAIN_000629,5,TIGHTBLOCK50,2,142,0.9852927923202515,0.014707207679748535,0.1715063601732254,128,True,False,False,False
STRAIN_000629,5,TIGHTBLOCK50,3,242,0.9870872497558594,0.012912750244140625,0.16070319712162018,128,True,False,False,False
STRAIN_000629,5,TIGHTBLOCK50,4,342,0.9855577945709229,0.014442205429077148,0.1699543446302414,128,True,False,False,False
STRAIN_000629,5,TIGHTBLOCK50,5,442,0.9887371063232422,0.011262893676757812,0.15008589625358582,128,True,False,False,False
STRAIN_000630,5,TIGHTBLOCK50,1,42,0.9896119832992554,0.010388016700744629,0.1441388726234436,128,True,False,False,False
STRAIN_000630,5,TIGHTBLOCK50,2,142,0.9931460022926331,0.006853997707366943,0.11708120256662369,128,True,False,False,False
STRAIN_000630,5,TIGHTBLOCK50,3,242,0.9916414022445679,0.008358597755432129,0.1292954832315445,128,True,False,False,False
STRAIN_000630,5,TIGHTBLOCK50,4,342,0.9896650314331055,0.010334968566894531,0.1437707096338272,128,True,False,False,False
STRAIN_000630,5,TIGHTBLOCK50,5,442,0.9888349771499634,0.011165022850036621,0.1494326889514923,128,True,False,False,False
STRAIN_000635,5,TIGHTBLOCK50,1,42,0.9719616770744324,0.028038322925567627,0.23680521547794342,128,True,False,False,False
STRAIN_000635,5,TIGHTBLOCK50,2,142,0.9777721166610718,0.022227883338928223,0.2108454555273056,128,True,False,False,False
STRAIN_000635,5,TIGHTBLOCK50,3,242,0.9857943654060364,0.014205634593963623,0.1685563176870346,128,True,False,False,False
STRAIN_000635,5,TIGHTBLOCK50,4,342,0.9769347906112671,0.02306520938873291,0.21477991342544556,128,True,False,False,False
STRAIN_000635,5,TIGHTBLOCK50,5,442,0.9836568832397461,0.016343116760253906,0.18079319596290588,128,True,False,False,False
STRAIN_000650,5,TIGHTBLOCK50,1,42,0.9939818978309631,0.006018102169036865,0.1097097396850586,128,True,False,False,False
STRAIN_000650,5,TIGHTBLOCK50,2,142,0.9871082305908203,0.012891769409179688,0.1605733186006546,128,True,False,False,False
STRAIN_000650,5,TIGHTBLOCK50,3,242,0.992159903049469,0.007840096950531006,0.12522099912166595,128,True,False,False,False
STRAIN_000650,5,TIGHTBLOCK50,4,342,0.9891083240509033,0.01089167594909668,0.14759209752082825,128,True,False,False,False
STRAIN_000650,5,TIGHTBLOCK50,5,442,0.9912668466567993,0.008733153343200684,0.132160484790802,128,True,False,False,False
STRAIN_000652,5,TIGHTBLOCK50,1,42,0.9880223870277405,0.011977612972259521,0.15477485954761505,128,True,False,False,False
STRAIN_000652,5,TIGHTBLOCK50,2,142,0.9852775931358337,0.01472240686416626,0.17159493267536163,128,True,False,False,False
STRAIN_000652,5,TIGHTBLOCK50,3,242,0.9840738773345947,0.015926122665405273,0.17847220599651337,128,True,False,False,False
STRAIN_000652,5,TIGHTBLOCK50,4,342,0.9878262877464294,0.012173712253570557,0.156036838889122,128,True,False,False,False
STRAIN_000652,5,TIGHTBLOCK50,5,442,0.983717143535614,0.016282856464385986,0.18045930564403534,128,True,False,False,False
STRAIN_000663,5,TIGHTBLOCK50,1,42,0.9831495881080627,0.016850411891937256,0.18357811868190765,128,True,False,False,False
STRAIN_000663,5,TIGHTBLOCK50,2,142,0.9853107929229736,0.014689207077026367,0.17140145599842072,128,True,False,False,False
STRAIN_000663,5,TIGHTBLOCK50,3,242,0.984188437461853,0.015811562538146973,0.17782878875732422,128,True,False,False,False
STRAIN_000663,5,TIGHTBLOCK50,4,342,0.9857825636863708,0.01421743631362915,0.16862675547599792,128,True,False,False,False
STRAIN_000663,5,TIGHTBLOCK50,5,442,0.9840635061264038,0.01593649387359619,0.17853014171123505,128,True,False,False,False
STRAIN_000671,5,TIGHTBLOCK50,1,42,0.986741304397583,0.013258695602416992,0.1628413200378418,128,True,False,False,False
STRAIN_000671,5,TIGHTBLOCK50,2,142,0.9885866641998291,0.011413335800170898,0.15108522772789001,128,True,False,False,False
STRAIN_000671,5,TIGHTBLOCK50,3,242,0.9893707036972046,0.01062929630279541,0.14580407738685608,128,True,False,False,False
STRAIN_000671,5,TIGHTBLOCK50,4,342,0.9895029664039612,0.010497033596038818,0.14489389955997467,128,True,False,False,False
STRAIN_000671,5,TIGHTBLOCK50,5,442,0.9888641834259033,0.01113581657409668,0.14923737943172455,128,True,False,False,False
STRAIN_000672,5,TIGHTBLOCK50,1,42,0.9844338893890381,0.015566110610961914,0.17644305527210236,128,True,False,False,False
STRAIN_000672,5,TIGHTBLOCK50,2,142,0.9812196493148804,0.01878035068511963,0.19380509853363037,128,True,False,False,False
STRAIN_000672,5,TIGHTBLOCK50,3,242,0.9837130904197693,0.016286909580230713,0.1804819107055664,128,True,False,False,False
STRAIN_000672,5,TIGHTBLOCK50,4,342,0.9834109544754028,0.016589045524597168,0.18214839696884155,128,True,False,False,False
STRAIN_000672,5,TIGHTBLOCK50,5,442,0.9806851148605347,0.019314885139465332,0.19654490053653717,128,True,False,False,False
STRAIN_000683,5,TIGHTBLOCK50,1,42,0.986365795135498,0.013634204864501953,0.16513250768184662,128,True,False,False,False
STRAIN_000683,5,TIGHTBLOCK50,2,142,0.9864949584007263,0.013505041599273682,0.16434723138809204,128,True,False,False,False
STRAIN_000683,5,TIGHTBLOCK50,3,242,0.9873770475387573,0.012622952461242676,0.15888966619968414,128,True,False,False,False
STRAIN_000683,5,TIGHTBLOCK50,4,342,0.9867537021636963,0.013246297836303711,0.16276535391807556,128,True,False,False,False
STRAIN_000683,5,TIGHTBLOCK50,5,442,0.9841374158859253,0.015862584114074707,0.17811602354049683,128,True,False,False,False
STRAIN_000688,5,TIGHTBLOCK50,1,42,0.9875617027282715,0.012438297271728516,0.1577233225107193,128,True,False,False,False
STRAIN_000688,5,TIGHTBLOCK50,2,142,0.9880565404891968,0.011943459510803223,0.15455345809459686,128,True,False,False,False
STRAIN_000688,5,TIGHTBLOCK50,3,242,0.9882084727287292,0.011791527271270752,0.15356777608394623,128,True,False,False,False
STRAIN_000688,5,TIGHTBLOCK50,4,342,0.9886147379875183,0.01138526201248169,0.15089944005012512,128,True,False,False,False
STRAIN_000688,5,TIGHTBLOCK50,5,442,0.9861772060394287,0.013822793960571289,0.16626965999603271,128,True,False,False,False
STRAIN_000693,5,TIGHTBLOCK50,1,42,0.9904857873916626,0.009514212608337402,0.13794411718845367,128,True,False,False,False
STRAIN_000693,5,TIGHTBLOCK50,2,142,0.990780770778656,0.009219229221343994,0.13578864932060242,128,True,False,False,False
STRAIN_000693,5,TIGHTBLOCK50,3,242,0.9900320768356323,0.009967923164367676,0.14119496941566467,128,True,False,False,False
STRAIN_000693,5,TIGHTBLOCK50,4,342,0.9909115433692932,0.009088456630706787,0.1348218023777008,128,True,False,False,False
STRAIN_000693,5,TIGHTBLOCK50,5,442,0.9912210702896118,0.008778929710388184,0.13250620663166046,128,True,False,False,False
STRAIN_000697,5,TIGHTBLOCK50,1,42,0.9915924072265625,0.0084075927734375,0.12967288494110107,128,True,False,False,False
STRAIN_000697,5,TIGHTBLOCK50,2,142,0.992141842842102,0.00785815715789795,0.12536484003067017,128,True,False,False,False
STRAIN_000697,5,TIGHTBLOCK50,3,242,0.9900679588317871,0.00993204116821289,0.1409403681755066,128,True,False,False,False
STRAIN_000697,5,TIGHTBLOCK50,4,342,0.9914191365242004,0.00858086347579956,0.1310025453567505,128,True,False,False,False
STRAIN_000697,5,TIGHTBLOCK50,5,442,0.9924489259719849,0.007551074028015137,0.12288996577262878,128,True,False,False,False
STRAIN_000698,5,TIGHTBLOCK50,1,42,0.9883880019187927,0.011611998081207275,0.15239351987838745,128,True,False,False,False
STRAIN_000698,5,TIGHTBLOCK50,2,142,0.9904354214668274,0.009564578533172607,0.1383078247308731,128,True,False,False,False
STRAIN_000698,5,TIGHTBLOCK50,3,242,0.9899200797080994,0.010079920291900635,0.14198528230190277,128,True,False,False,False
STRAIN_000698,5,TIGHTBLOCK50,4,342,0.9900412559509277,0.009958744049072266,0.14112873375415802,128,True,False,False,False
STRAIN_000698,5,TIGHTBLOCK50,5,442,0.9907187223434448,0.009281277656555176,0.13624392449855804,128,True,False,False,False
STRAIN_000699,5,TIGHTBLOCK50,1,42,0.9868866205215454,0.01311337947845459,0.1619471162557602,128,True,False,False,False
STRAIN_000699,5,TIGHTBLOCK50,2,142,0.9899828433990479,0.010017156600952148,0.14154259860515594,128,True,False,False,False
STRAIN_000699,5,TIGHTBLOCK50,3,242,0.9887520670890808,0.01124793291091919,0.14998583495616913,128,True,False,False,False
STRAIN_000699,5,TIGHTBLOCK50,4,342,0.9921256303787231,0.007874369621276855,0.1254940778017044,128,True,False,False,False
STRAIN_000699,5,TIGHTBLOCK50,5,442,0.9918215870857239,0.008178412914276123,0.1278931200504303,128,True,False,False,False
STRAIN_000700,5,TIGHTBLOCK50,1,42,0.9922764301300049,0.007723569869995117,0.12428601831197739,128,True,False,False,False
STRAIN_000700,5,TIGHTBLOCK50,2,142,0.9895825982093811,0.010417401790618896,0.1443430781364441,128,True,False,False,False
STRAIN_000700,5,TIGHTBLOCK50,3,242,0.9912360906600952,0.008763909339904785,0.13239313662052155,128,True,False,False,False
STRAIN_000700,5,TIGHTBLOCK50,4,342,0.991007387638092,0.008992612361907959,0.1341094970703125,128,True,False,False,False
STRAIN_000700,5,TIGHTBLOCK50,5,442,0.9923723936080933,0.007627606391906738,0.12351234257221222,128,True,False,False,False
STRAIN_000706,5,TIGHTBLOCK50,1,42,0.9706918597221375,0.02930814027786255,0.24210825562477112,128,True,False,False,False
STRAIN_000706,5,TIGHTBLOCK50,2,142,0.9728966951370239,0.027103304862976074,0.23282302916049957,128,True,False,False,False
STRAIN_000706,5,TIGHTBLOCK50,3,242,0.970887303352356,0.029112696647644043,0.24129974842071533,128,True,False,False,False
STRAIN_000706,5,TIGHTBLOCK50,4,342,0.9749782085418701,0.025021791458129883,0.22370438277721405,128,True,False,False,False
STRAIN_000706,5,TIGHTBLOCK50,5,442,0.9687782526016235,0.031221747398376465,0.2498869001865387,128,True,False,False,False
STRAIN_000708,5,TIGHTBLOCK50,1,42,0.9789103865623474,0.021089613437652588,0.20537562668323517,128,True,False,False,False
STRAIN_000708,5,TIGHTBLOCK50,2,142,0.9795932173728943,0.020406782627105713,0.2020237147808075,128,True,False,False,False
STRAIN_000708,5,TIGHTBLOCK50,3,242,0.9766013026237488,0.02339869737625122,0.21632690727710724,128,True,False,False,False
STRAIN_000708,5,TIGHTBLOCK50,4,342,0.9730893969535828,0.026910603046417236,0.23199403285980225,128,True,False,False,False
STRAIN_000708,5,TIGHTBLOCK50,5,442,0.9814987778663635,0.018501222133636475,0.19236056506633759,128,True,False,False,False
STRAIN_000709,5,TIGHTBLOCK50,1,42,0.9909257888793945,0.009074211120605469,0.13471536338329315,128,True,False,False,False
STRAIN_000709,5,TIGHTBLOCK50,2,142,0.9882344007492065,0.011765599250793457,0.15339814126491547,128,True,False,False,False
STRAIN_000709,5,TIGHTBLOCK50,3,242,0.9898015260696411,0.010198473930358887,0.14281713962554932,128,True,False,False,False
STRAIN_000709,5,TIGHTBLOCK50,4,342,0.989675760269165,0.010324239730834961,0.14369544386863708,128,True,False,False,False
STRAIN_000709,5,TIGHTBLOCK50,5,442,0.9882519841194153,0.011748015880584717,0.15328390896320343,128,True,False,False,False
STRAIN_000717,5,TIGHTBLOCK50,1,42,0.9706648588180542,0.0293351411819458,0.24221983551979065,128,True,False,False,False
STRAIN_000717,5,TIGHTBLOCK50,2,142,0.972806990146637,0.027193009853363037,0.23320826888084412,128,True,False,False,False
STRAIN_000717,5,TIGHTBLOCK50,3,242,0.9747933149337769,0.025206685066223145,0.22452957928180695,128,True,False,False,False
STRAIN_000717,5,TIGHTBLOCK50,4,342,0.974950909614563,0.02504909038543701,0.22382627427577972,128,True,False,False,False
STRAIN_000717,5,TIGHTBLOCK50,5,442,0.9706944823265076,0.02930551767349243,0.2420974224805832,128,True,False,False,False
STRAIN_000721,5,TIGHTBLOCK50,1,42,0.9924651384353638,0.0075348615646362305,0.12275851517915726,128,True,False,False,False
STRAIN_000721,5,TIGHTBLOCK50,2,142,0.9919670224189758,0.00803297758102417,0.1267511546611786,128,True,False,False,False
STRAIN_000721,5,TIGHTBLOCK50,3,242,0.9912025928497314,0.008797407150268555,0.13264493644237518,128,True,False,False,False
STRAIN_000721,5,TIGHTBLOCK50,4,342,0.9932682514190674,0.006731748580932617,0.11603196710348129,128,True,False,False,False
STRAIN_000721,5,TIGHTBLOCK50,5,442,0.9942447543144226,0.005755245685577393,0.1072872132062912,128,True,False,False,False
STRAIN_000740,5,TIGHTBLOCK50,1,42,0.9868344664573669,0.013165533542633057,0.16226902604103088,128,True,False,False,False
STRAIN_000740,5,TIGHTBLOCK50,2,142,0.987514853477478,0.012485146522521973,0.15801969170570374,128,True,False,False,False
STRAIN_000740,5,TIGHTBLOCK50,3,242,0.9852151870727539,0.014784812927246094,0.1719583123922348,128,True,False,False,False
STRAIN_000740,5,TIGHTBLOCK50,4,342,0.9843405485153198,0.015659451484680176,0.17697210609912872,128,True,False,False,False
STRAIN_000740,5,TIGHTBLOCK50,5,442,0.9877524375915527,0.012247562408447266,0.15650945901870728,128,True,False,False,False
STRAIN_000751,5,TIGHTBLOCK50,1,42,0.994259238243103,0.005740761756896973,0.10715240240097046,128,True,False,False,False
STRAIN_000751,5,TIGHTBLOCK50,2,142,0.9934117197990417,0.006588280200958252,0.11478990316390991,128,True,False,False,False
STRAIN_000751,5,TIGHTBLOCK50,3,242,0.9931798577308655,0.0068201422691345215,0.11679169535636902,128,True,False,False,False
STRAIN_000751,5,TIGHTBLOCK50,4,342,0.9929174184799194,0.007082581520080566,0.11901719123125076,128,True,False,False,False
STRAIN_000751,5,TIGHTBLOCK50,5,442,0.9929646253585815,0.007035374641418457,0.11861974745988846,128,True,False,False,False
STRAIN_000752,5,TIGHTBLOCK50,1,42,0.9961138963699341,0.003886103630065918,0.08815968036651611,128,True,False,False,False
STRAIN_000752,5,TIGHTBLOCK50,2,142,0.992783784866333,0.007216215133666992,0.1201353594660759,128,True,False,False,False
STRAIN_000752,5,TIGHTBLOCK50,3,242,0.9932668209075928,0.0067331790924072266,0.11604421585798264,128,True,False,False,False
STRAIN_000752,5,TIGHTBLOCK50,4,342,0.9945818781852722,0.005418121814727783,0.10409754514694214,128,True,False,False,False
STRAIN_000752,5,TIGHTBLOCK50,5,442,0.9937033653259277,0.006296634674072266,0.11222022771835327,128,True,False,False,False
STRAIN_000754,5,TIGHTBLOCK50,1,42,0.9674662947654724,0.03253370523452759,0.2550831139087677,128,True,False,False,False
STRAIN_000754,5,TIGHTBLOCK50,2,142,0.970067024230957,0.02993297576904297,0.24467520415782928,128,True,False,False,False
STRAIN_000754,5,TIGHTBLOCK50,3,242,0.9668444991111755,0.03315550088882446,0.25750887393951416,128,True,False,False,False
STRAIN_000754,5,TIGHTBLOCK50,4,342,0.9710930585861206,0.028906941413879395,0.2404450923204422,128,True,False,False,False
STRAIN_000754,5,TIGHTBLOCK50,5,442,0.9697993993759155,0.030200600624084473,0.24576625227928162,128,True,False,False,False
STRAIN_000755,5,TIGHTBLOCK50,1,42,0.9790312051773071,0.02096879482269287,0.2047867327928543,128,True,False,False,False
STRAIN_000755,5,TIGHTBLOCK50,2,142,0.980291485786438,0.01970851421356201,0.19853731989860535,128,True,False,False,False
STRAIN_000755,5,TIGHTBLOCK50,3,242,0.9803934693336487,0.01960653066635132,0.19802306592464447,128,True,False,False,False
STRAIN_000755,5,TIGHTBLOCK50,4,342,0.9797112941741943,0.020288705825805664,0.201438307762146,128,True,False,False,False
STRAIN_000755,5,TIGHTBLOCK50,5,442,0.9822995662689209,0.0177004337310791,0.18815164268016815,128,True,False,False,False
STRAIN_000757,5,TIGHTBLOCK50,1,42,0.979963481426239,0.020036518573760986,0.20018231868743896,128,True,False,False,False
STRAIN_000757,5,TIGHTBLOCK50,2,142,0.9790542125701904,0.02094578742980957,0.2046738713979721,128,True,False,False,False
STRAIN_000757,5,TIGHTBLOCK50,3,242,0.9807552099227905,0.019244790077209473,0.196187824010849,128,True,False,False,False
STRAIN_000757,5,TIGHTBLOCK50,4,342,0.9785934686660767,0.02140653133392334,0.20691299438476562,128,True,False,False,False
STRAIN_000757,5,TIGHTBLOCK50,5,442,0.9800869822502136,0.019913017749786377,0.19956466555595398,128,True,False,False,False
STRAIN_000758,5,TIGHTBLOCK50,1,42,0.9655572175979614,0.034442782402038574,0.26245996356010437,128,True,False,False,False
STRAIN_000758,5,TIGHTBLOCK50,2,142,0.9723594188690186,0.027640581130981445,0.23511916399002075,128,True,False,False,False
STRAIN_000758,5,TIGHTBLOCK50,3,242,0.9632794260978699,0.03672057390213013,0.2709999084472656,128,True,False,False,False
STRAIN_000758,5,TIGHTBLOCK50,4,342,0.9727388620376587,0.02726113796234131,0.23349958658218384,128,True,False,False,False
STRAIN_000758,5,TIGHTBLOCK50,5,442,0.9744360446929932,0.025563955307006836,0.22611479461193085,128,True,False,False,False
STRAIN_000769,5,TIGHTBLOCK50,1,42,0.9930312037467957,0.006968796253204346,0.11805737018585205,128,True,False,False,False
STRAIN_000769,5,TIGHTBLOCK50,2,142,0.9907170534133911,0.009282946586608887,0.13625630736351013,128,True,False,False,False
STRAIN_000769,5,TIGHTBLOCK50,3,242,0.9900187849998474,0.009981215000152588,0.14128845930099487,128,True,False,False,False
STRAIN_000769,5,TIGHTBLOCK50,4,342,0.9906301498413086,0.009369850158691406,0.13689324259757996,128,True,False,False,False
STRAIN_000769,5,TIGHTBLOCK50,5,442,0.9915206432342529,0.00847935676574707,0.13022565841674805,128,True,False,False,False
STRAIN_000774,5,TIGHTBLOCK50,1,42,0.9914388656616211,0.008561134338378906,0.13085274398326874,128,True,False,False,False
STRAIN_000774,5,TIGHTBLOCK50,2,142,0.9911498427391052,0.008850157260894775,0.1330428272485733,128,True,False,False,False
STRAIN_000774,5,TIGHTBLOCK50,3,242,0.9901223182678223,0.009877681732177734,0.14055423438549042,128,True,False,False,False
STRAIN_000774,5,TIGHTBLOCK50,4,342,0.9891730546951294,0.010826945304870605,0.14715281128883362,128,True,False,False,False
STRAIN_000774,5,TIGHTBLOCK50,5,442,0.9906708598136902,0.009329140186309814,0.1365959346294403,128,True,False,False,False
STRAIN_000777,5,TIGHTBLOCK50,1,42,0.9921324849128723,0.007867515087127686,0.12543977797031403,128,True,False,False,False
STRAIN_000777,5,TIGHTBLOCK50,2,142,0.9919512271881104,0.008048772811889648,0.12687629461288452,128,True,False,False,False
STRAIN_000777,5,TIGHTBLOCK50,3,242,0.9891926050186157,0.010807394981384277,0.147019162774086,128,True,False,False,False
STRAIN_000777,5,TIGHTBLOCK50,4,342,0.9932562708854675,0.006743729114532471,0.11613535135984421,128,True,False,False,False
STRAIN_000777,5,TIGHTBLOCK50,5,442,0.9906662702560425,0.00933372974395752,0.13662885129451752,128,True,False,False,False
STRAIN_000792,5,TIGHTBLOCK50,1,42,0.9883419871330261,0.011658012866973877,0.15269587934017181,128,True,False,False,False
STRAIN_000792,5,TIGHTBLOCK50,2,142,0.990535318851471,0.009464681148529053,0.13758397102355957,128,True,False,False,False
STRAIN_000792,5,TIGHTBLOCK50,3,242,0.9880965352058411,0.011903464794158936,0.15429556369781494,128,True,False,False,False
STRAIN_000792,5,TIGHTBLOCK50,4,342,0.9883303642272949,0.011669635772705078,0.15277235209941864,128,True,False,False,False
STRAIN_000792,5,TIGHTBLOCK50,5,442,0.9879151582717896,0.01208484172821045,0.15546661615371704,128,True,False,False,False
STRAIN_000795,5,TIGHTBLOCK50,1,42,0.9883058071136475,0.011694192886352539,0.15293212234973907,128,True,False,False,False
STRAIN_000795,5,TIGHTBLOCK50,2,142,0.984290361404419,0.015709638595581055,0.17725448310375214,128,True,False,False,False
STRAIN_000795,5,TIGHTBLOCK50,3,242,0.9837648868560791,0.0162351131439209,0.18019428849220276,128,True,False,False,False
STRAIN_000795,5,TIGHTBLOCK50,4,342,0.9869149327278137,0.01308506727218628,0.1617717444896698,128,True,False,False,False
STRAIN_000795,5,TIGHTBLOCK50,5,442,0.9877327680587769,0.012267231941223145,0.15663522481918335,128,True,False,False,False
STRAIN_000800,5,TIGHTBLOCK50,1,42,0.9876207113265991,0.012379288673400879,0.15734802186489105,128,True,False,False,False
STRAIN_000800,5,TIGHTBLOCK50,2,142,0.9852234125137329,0.01477658748626709,0.17191004753112793,128,True,False,False,False
STRAIN_000800,5,TIGHTBLOCK50,3,242,0.98726487159729,0.012735128402709961,0.15959395468235016,128,True,False,False,False
STRAIN_000800,5,TIGHTBLOCK50,4,342,0.9861637353897095,0.013836264610290527,0.1663503497838974,128,True,False,False,False
STRAIN_000800,5,TIGHTBLOCK50,5,442,0.9841654896736145,0.015834510326385498,0.17795778810977936,128,True,False,False,False
STRAIN_000807,5,TIGHTBLOCK50,1,42,0.9838830232620239,0.016116976737976074,0.17953787744045258,128,True,False,False,False
STRAIN_000807,5,TIGHTBLOCK50,2,142,0.9840038418769836,0.015996158123016357,0.1788637489080429,128,True,False,False,False
STRAIN_000807,5,TIGHTBLOCK50,3,242,0.9833196401596069,0.016680359840393066,0.18264956772327423,128,True,False,False,False
STRAIN_000807,5,TIGHTBLOCK50,4,342,0.9846571683883667,0.0153428316116333,0.17517302930355072,128,True,False,False,False
STRAIN_000807,5,TIGHTBLOCK50,5,442,0.9841147661209106,0.015885233879089355,0.1782427877187729,128,True,False,False,False
STRAIN_000814,5,TIGHTBLOCK50,1,42,0.9887615442276001,0.011238455772399902,0.1499234288930893,128,True,False,False,False
STRAIN_000814,5,TIGHTBLOCK50,2,142,0.9870594143867493,0.012940585613250732,0.16087600588798523,128,True,False,False,False
STRAIN_000814,5,TIGHTBLOCK50,3,242,0.9873545169830322,0.012645483016967773,0.1590319573879242,128,True,False,False,False
STRAIN_000814,5,TIGHTBLOCK50,4,342,0.9863560795783997,0.013643920421600342,0.16519026458263397,128,True,False,False,False
STRAIN_000814,5,TIGHTBLOCK50,5,442,0.9885654449462891,0.011434555053710938,0.1512255072593689,128,True,False,False,False
STRAIN_000824,5,TIGHTBLOCK50,1,42,0.9903566837310791,0.009643316268920898,0.13887646794319153,128,True,False,False,False
STRAIN_000824,5,TIGHTBLOCK50,2,142,0.9912701845169067,0.008729815483093262,0.1321345865726471,128,True,False,False,False
STRAIN_000824,5,TIGHTBLOCK50,3,242,0.9880980253219604,0.01190197467803955,0.15428584814071655,128,True,False,False,False
STRAIN_000824,5,TIGHTBLOCK50,4,342,0.9909777045249939,0.009022295475006104,0.134329691529274,128,True,False,False,False
STRAIN_000824,5,TIGHTBLOCK50,5,442,0.9898976683616638,0.010102331638336182,0.14214375615119934,128,True,False,False,False
STRAIN_000827,5,TIGHTBLOCK50,1,42,0.9913602471351624,0.008639752864837646,0.13145078718662262,128,True,False,False,False
STRAIN_000827,5,TIGHTBLOCK50,2,142,0.9911520481109619,0.008847951889038086,0.1330256164073944,128,True,False,False,False
STRAIN_000827,5,TIGHTBLOCK50,3,242,0.9893110990524292,0.0106889009475708,0.1462111473083496,128,True,False,False,False
STRAIN_000827,5,TIGHTBLOCK50,4,342,0.99308180809021,0.006918191909790039,0.11762858927249908,128,True,False,False,False
STRAIN_000827,5,TIGHTBLOCK50,5,442,0.9912495613098145,0.008750438690185547,0.13229098916053772,128,True,False,False,False
STRAIN_000831,5,TIGHTBLOCK50,1,42,0.9933180809020996,0.006681919097900391,0.11560166627168655,128,True,False,False,False
STRAIN_000831,5,TIGHTBLOCK50,2,142,0.9905959367752075,0.00940406322479248,0.13714221119880676,128,True,False,False,False
STRAIN_000831,5,TIGHTBLOCK50,3,242,0.9903393387794495,0.009660661220550537,0.139000803232193,128,True,False,False,False
STRAIN_000831,5,TIGHTBLOCK50,4,342,0.9907385110855103,0.009261488914489746,0.1360989809036255,128,True,False,False,False
STRAIN_000831,5,TIGHTBLOCK50,5,442,0.9868330955505371,0.01316690444946289,0.16227680444717407,128,True,False,False,False
STRAIN_000833,5,TIGHTBLOCK50,1,42,0.97725510597229,0.02274489402770996,0.21328307688236237,128,True,False,False,False
STRAIN_000833,5,TIGHTBLOCK50,2,142,0.9780327081680298,0.021967291831970215,0.2096058875322342,128,True,False,False,False
STRAIN_000833,5,TIGHTBLOCK50,3,242,0.9810035824775696,0.01899641752243042,0.19491739571094513,128,True,False,False,False
STRAIN_000833,5,TIGHTBLOCK50,4,342,0.9672869443893433,0.03271305561065674,0.25578516721725464,128,True,False,False,False
STRAIN_000833,5,TIGHTBLOCK50,5,442,0.9696449041366577,0.030355095863342285,0.24639448523521423,128,True,False,False,False
STRAIN_000842,5,TIGHTBLOCK50,1,42,0.989494800567627,0.010505199432373047,0.14494912326335907,128,True,False,False,False
STRAIN_000842,5,TIGHTBLOCK50,2,142,0.990961492061615,0.00903850793838501,0.13445022702217102,128,True,False,False,False
STRAIN_000842,5,TIGHTBLOCK50,3,242,0.9890049695968628,0.010995030403137207,0.14829033613204956,128,True,False,False,False
STRAIN_000842,5,TIGHTBLOCK50,4,342,0.9889174103736877,0.011082589626312256,0.14887987077236176,128,True,False,False,False
STRAIN_000842,5,TIGHTBLOCK50,5,442,0.9889329671859741,0.011067032814025879,0.14877498149871826,128,True,False,False,False
STRAIN_000843,5,TIGHTBLOCK50,1,42,0.9874435663223267,0.01255643367767334,0.1584707498550415,128,True,False,False,False
STRAIN_000843,5,TIGHTBLOCK50,2,142,0.9900549650192261,0.009945034980773926,0.14103195071220398,128,True,False,False,False
STRAIN_000843,5,TIGHTBLOCK50,3,242,0.9914270639419556,0.008572936058044434,0.13094216585159302,128,True,False,False,False
STRAIN_000843,5,TIGHTBLOCK50,4,342,0.9874899387359619,0.012510061264038086,0.15817750990390778,128,True,False,False,False
STRAIN_000843,5,TIGHTBLOCK50,5,442,0.9886547327041626,0.011345267295837402,0.15063345432281494,128,True,False,False,False
STRAIN_000844,5,TIGHTBLOCK50,1,42,0.9876397848129272,0.012360215187072754,0.1572272926568985,128,True,False,False,False
STRAIN_000844,5,TIGHTBLOCK50,2,142,0.9888070225715637,0.01119297742843628,0.14961974322795868,128,True,False,False,False
STRAIN_000844,5,TIGHTBLOCK50,3,242,0.988050103187561,0.011949896812438965,0.15459541976451874,128,True,False,False,False
STRAIN_000844,5,TIGHTBLOCK50,4,342,0.9859123826026917,0.01408761739730835,0.16785426437854767,128,True,False,False,False
STRAIN_000844,5,TIGHTBLOCK50,5,442,0.9878668785095215,0.012133121490478516,0.15577611327171326,128,True,False,False,False
STRAIN_000847,5,TIGHTBLOCK50,1,42,0.9878820180892944,0.012117981910705566,0.15567828714847565,128,True,False,False,False
STRAIN_000847,5,TIGHTBLOCK50,2,142,0.989190936088562,0.010809063911437988,0.147030770778656,128,True,False,False,False
STRAIN_000847,5,TIGHTBLOCK50,3,242,0.9883829355239868,0.011617064476013184,0.15242710709571838,128,True,False,False,False
STRAIN_000847,5,TIGHTBLOCK50,4,342,0.9883254766464233,0.01167452335357666,0.15280334651470184,128,True,False,False,False
STRAIN_000847,5,TIGHTBLOCK50,5,442,0.989051878452301,0.010948121547698975,0.14797340333461761,128,True,False,False,False
STRAIN_000848,5,TIGHTBLOCK50,1,42,0.9864617586135864,0.013538241386413574,0.1645500212907791,128,True,False,False,False
STRAIN_000848,5,TIGHTBLOCK50,2,142,0.9863879680633545,0.013612031936645508,0.16499753296375275,128,True,False,False,False
STRAIN_000848,5,TIGHTBLOCK50,3,242,0.9827592372894287,0.01724076271057129,0.18569225072860718,128,True,False,False,False
STRAIN_000848,5,TIGHTBLOCK50,4,342,0.9836205244064331,0.016379475593566895,0.18099477887153625,128,True,False,False,False
STRAIN_000848,5,TIGHTBLOCK50,5,442,0.9846084117889404,0.01539158821105957,0.17545185983181,128,True,False,False,False
STRAIN_000860,5,TIGHTBLOCK50,1,42,0.9711323976516724,0.028867602348327637,0.24028143286705017,128,True,False,False,False
STRAIN_000860,5,TIGHTBLOCK50,2,142,0.9659930467605591,0.03400695323944092,0.26079490780830383,128,True,False,False,False
STRAIN_000860,5,TIGHTBLOCK50,3,242,0.9674744606018066,0.03252553939819336,0.2550509572029114,128,True,False,False,False
STRAIN_000860,5,TIGHTBLOCK50,4,342,0.9714772701263428,0.028522729873657227,0.23884183168411255,128,True,False,False,False
STRAIN_000860,5,TIGHTBLOCK50,5,442,0.9685230255126953,0.03147697448730469,0.25090643763542175,128,True,False,False,False
STRAIN_000870,5,TIGHTBLOCK50,1,42,0.9893777370452881,0.010622262954711914,0.14575473964214325,128,True,False,False,False
STRAIN_000870,5,TIGHTBLOCK50,2,142,0.9879403114318848,0.012059688568115234,0.1553036868572235,128,True,False,False,False
STRAIN_000870,5,TIGHTBLOCK50,3,242,0.9904866814613342,0.009513318538665771,0.13793697953224182,128,True,False,False,False
STRAIN_000870,5,TIGHTBLOCK50,4,342,0.9881175756454468,0.011882424354553223,0.1541585475206375,128,True,False,False,False
STRAIN_000870,5,TIGHTBLOCK50,5,442,0.9903236627578735,0.009676337242126465,0.139113649725914,128,True,False,False,False
STRAIN_000872,5,TIGHTBLOCK50,1,42,0.97904372215271,0.02095627784729004,0.20472535490989685,128,True,False,False,False
STRAIN_000872,5,TIGHTBLOCK50,2,142,0.9778112173080444,0.022188782691955566,0.21065998077392578,128,True,False,False,False
STRAIN_000872,5,TIGHTBLOCK50,3,242,0.9820593595504761,0.017940640449523926,0.1894230842590332,128,True,False,False,False
STRAIN_000872,5,TIGHTBLOCK50,4,342,0.9774531126022339,0.022546887397766113,0.21235275268554688,128,True,False,False,False
STRAIN_000872,5,TIGHTBLOCK50,5,442,0.975059986114502,0.024940013885498047,0.2233380824327469,128,True,False,False,False
STRAIN_000879,5,TIGHTBLOCK50,1,42,0.9871640205383301,0.012835979461669922,0.16022491455078125,128,True,False,False,False
STRAIN_000879,5,TIGHTBLOCK50,2,142,0.9869115352630615,0.013088464736938477,0.16179263591766357,128,True,False,False,False
STRAIN_000879,5,TIGHTBLOCK50,3,242,0.9875597953796387,0.012440204620361328,0.1577349752187729,128,True,False,False,False
STRAIN_000879,5,TIGHTBLOCK50,4,342,0.9867342114448547,0.013265788555145264,0.16288521885871887,128,True,False,False,False
STRAIN_000879,5,TIGHTBLOCK50,5,442,0.9883772134780884,0.011622786521911621,0.15246447920799255,128,True,False,False,False
STRAIN_000894,5,TIGHTBLOCK50,1,42,0.9714442491531372,0.028555750846862793,0.23898038268089294,128,True,False,False,False
STRAIN_000894,5,TIGHTBLOCK50,2,142,0.9752946496009827,0.024705350399017334,0.22228486835956573,128,True,False,False,False
STRAIN_000894,5,TIGHTBLOCK50,3,242,0.9787898063659668,0.021210193634033203,0.20596201717853546,128,True,False,False,False
STRAIN_000894,5,TIGHTBLOCK50,4,342,0.9828200936317444,0.017179906368255615,0.1853635609149933,128,True,False,False,False
STRAIN_000894,5,TIGHTBLOCK50,5,442,0.9738428592681885,0.026157140731811523,0.2287232130765915,128,True,False,False,False
STRAIN_000897,5,TIGHTBLOCK50,1,42,0.9882653951644897,0.011734604835510254,0.15319600701332092,128,True,False,False,False
STRAIN_000897,5,TIGHTBLOCK50,2,142,0.989966869354248,0.010033130645751953,0.14165537059307098,128,True,False,False,False
STRAIN_000897,5,TIGHTBLOCK50,3,242,0.9870001077651978,0.012999892234802246,0.16124452650547028,128,True,False,False,False
STRAIN_000897,5,TIGHTBLOCK50,4,342,0.988301157951355,0.01169884204864502,0.15296322107315063,128,True,False,False,False
STRAIN_000897,5,TIGHTBLOCK50,5,442,0.9893114566802979,0.010688543319702148,0.14620865881443024,128,True,False,False,False
STRAIN_000901,5,TIGHTBLOCK50,1,42,0.9731044173240662,0.026895582675933838,0.23192933201789856,128,True,False,False,False
STRAIN_000901,5,TIGHTBLOCK50,2,142,0.9714815616607666,0.0285184383392334,0.23882415890693665,128,True,False,False,False
STRAIN_000901,5,TIGHTBLOCK50,3,242,0.976911723613739,0.023088276386260986,0.21488730609416962,128,True,False,False,False
STRAIN_000901,5,TIGHTBLOCK50,4,342,0.9777778387069702,0.022222161293029785,0.21081799268722534,128,True,False,False,False
STRAIN_000901,5,TIGHTBLOCK50,5,442,0.9763625860214233,0.02363741397857666,0.21742744743824005,128,True,False,False,False
STRAIN_000908,5,TIGHTBLOCK50,1,42,0.9883109331130981,0.011689066886901855,0.15289899706840515,128,True,False,False,False
STRAIN_000908,5,TIGHTBLOCK50,2,142,0.993212103843689,0.006787896156311035,0.11651449650526047,128,True,False,False,False
STRAIN_000908,5,TIGHTBLOCK50,3,242,0.9894496202468872,0.010550379753112793,0.14526070654392242,128,True,False,False,False
STRAIN_000908,5,TIGHTBLOCK50,4,342,0.989305853843689,0.010694146156311035,0.14624693989753723,128,True,False,False,False
STRAIN_000908,5,TIGHTBLOCK50,5,442,0.9915039539337158,0.00849604606628418,0.13035324215888977,128,True,False,False,False
STRAIN_000918,5,TIGHTBLOCK50,1,42,0.9877958297729492,0.012204170227050781,0.15623147785663605,128,True,False,False,False
STRAIN_000918,5,TIGHTBLOCK50,2,142,0.9886395931243896,0.011360406875610352,0.1507338434457779,128,True,False,False,False
STRAIN_000918,5,TIGHTBLOCK50,3,242,0.9907931089401245,0.009206891059875488,0.1356971114873886,128,True,False,False,False
STRAIN_000918,5,TIGHTBLOCK50,4,342,0.9921361207962036,0.007863879203796387,0.1254105567932129,128,True,False,False,False
STRAIN_000918,5,TIGHTBLOCK50,5,442,0.9892646074295044,0.010735392570495605,0.14652928709983826,128,True,False,False,False
STRAIN_000925,5,TIGHTBLOCK50,1,42,0.9908707737922668,0.009129226207733154,0.13512389361858368,128,True,False,False,False
STRAIN_000925,5,TIGHTBLOCK50,2,142,0.9906378984451294,0.009362101554870605,0.1368364691734314,128,True,False,False,False
STRAIN_000925,5,TIGHTBLOCK50,3,242,0.9906977415084839,0.009302258491516113,0.1363985389471054,128,True,False,False,False
STRAIN_000925,5,TIGHTBLOCK50,4,342,0.9910980463027954,0.00890195369720459,0.13343064486980438,128,True,False,False,False
STRAIN_000925,5,TIGHTBLOCK50,5,442,0.9905060529708862,0.00949394702911377,0.13779675960540771,128,True,False,False,False
STRAIN_000928,5,TIGHTBLOCK50,1,42,0.9846311211585999,0.015368878841400146,0.17532220482826233,128,True,False,False,False
STRAIN_000928,5,TIGHTBLOCK50,2,142,0.9836380481719971,0.01636195182800293,0.18089769780635834,128,True,False,False,False
STRAIN_000928,5,TIGHTBLOCK50,3,242,0.9841519594192505,0.01584804058074951,0.1780339479446411,128,True,False,False,False
STRAIN_000928,5,TIGHTBLOCK50,4,342,0.9832659959793091,0.016734004020690918,0.18294274806976318,128,True,False,False,False
STRAIN_000928,5,TIGHTBLOCK50,5,442,0.9799959659576416,0.0200040340423584,0.20002005994319916,128,True,False,False,False
STRAIN_000932,5,TIGHTBLOCK50,1,42,0.9857199192047119,0.014280080795288086,0.1689983457326889,128,True,False,False,False
STRAIN_000932,5,TIGHTBLOCK50,2,142,0.9839797019958496,0.01602029800415039,0.17899954319000244,128,True,False,False,False
STRAIN_000932,5,TIGHTBLOCK50,3,242,0.9852796196937561,0.014720380306243896,0.17158350348472595,128,True,False,False,False
STRAIN_000932,5,TIGHTBLOCK50,4,342,0.9859148263931274,0.014085173606872559,0.16784022748470306,128,True,False,False,False
STRAIN_000932,5,TIGHTBLOCK50,5,442,0.9856165647506714,0.014383435249328613,0.16960887610912323,128,True,False,False,False
STRAIN_000946,5,TIGHTBLOCK50,1,42,0.9851488471031189,0.014851152896881104,0.17234379053115845,128,True,False,False,False
STRAIN_000946,5,TIGHTBLOCK50,2,142,0.9832668304443359,0.016733169555664062,0.18293839693069458,128,True,False,False,False
STRAIN_000946,5,TIGHTBLOCK50,3,242,0.9853266477584839,0.014673352241516113,0.17130880057811737,128,True,False,False,False
STRAIN_000946,5,TIGHTBLOCK50,4,342,0.9848418235778809,0.01515817642211914,0.17411629855632782,128,True,False,False,False
STRAIN_000946,5,TIGHTBLOCK50,5,442,0.9863240122795105,0.013675987720489502,0.1653847098350525,128,True,False,False,False
STRAIN_000950,5,TIGHTBLOCK50,1,42,0.9715831279754639,0.028416872024536133,0.23839841783046722,128,True,False,False,False
STRAIN_000950,5,TIGHTBLOCK50,2,142,0.969896674156189,0.030103325843811035,0.2453707903623581,128,True,False,False,False
STRAIN_000950,5,TIGHTBLOCK50,3,242,0.9718835949897766,0.02811640501022339,0.237135112285614,128,True,False,False,False
STRAIN_000950,5,TIGHTBLOCK50,4,342,0.9677276015281677,0.032272398471832275,0.2540566325187683,128,True,False,False,False
STRAIN_000950,5,TIGHTBLOCK50,5,442,0.9666838645935059,0.03331613540649414,0.2581327259540558,128,True,False,False,False
STRAIN_000957,5,TIGHTBLOCK50,1,42,0.9908736944198608,0.00912630558013916,0.1351020634174347,128,True,False,False,False
STRAIN_000957,5,TIGHTBLOCK50,2,142,0.9897546768188477,0.010245323181152344,0.14314551651477814,128,True,False,False,False
STRAIN_000957,5,TIGHTBLOCK50,3,242,0.9898542165756226,0.010145783424377441,0.14244796335697174,128,True,False,False,False
STRAIN_000957,5,TIGHTBLOCK50,4,342,0.9928713440895081,0.007128655910491943,0.11940385401248932,128,True,False,False,False
STRAIN_000957,5,TIGHTBLOCK50,5,442,0.9943023920059204,0.00569760799407959,0.10674843192100525,128,True,False,False,False
STRAIN_000958,5,TIGHTBLOCK50,1,42,0.9938861131668091,0.006113886833190918,0.11057886481285095,128,True,False,False,False
STRAIN_000958,5,TIGHTBLOCK50,2,142,0.9927374720573425,0.007262527942657471,0.12052004039287567,128,True,False,False,False
STRAIN_000958,5,TIGHTBLOCK50,3,242,0.9907628297805786,0.009237170219421387,0.13592053949832916,128,True,False,False,False
STRAIN_000958,5,TIGHTBLOCK50,4,342,0.9914677143096924,0.008532285690307617,0.13063187897205353,128,True,False,False,False
STRAIN_000958,5,TIGHTBLOCK50,5,442,0.9893527030944824,0.010647296905517578,0.14592646062374115,128,True,False,False,False
STRAIN_000959,5,TIGHTBLOCK50,1,42,0.9869120717048645,0.013087928295135498,0.16178908944129944,128,True,False,False,False
STRAIN_000959,5,TIGHTBLOCK50,2,142,0.9871364831924438,0.012863516807556152,0.160396546125412,128,True,False,False,False
STRAIN_000959,5,TIGHTBLOCK50,3,242,0.9865108728408813,0.013489127159118652,0.16425001621246338,128,True,False,False,False
STRAIN_000959,5,TIGHTBLOCK50,4,342,0.9865462183952332,0.013453781604766846,0.1640353500843048,128,True,False,False,False
STRAIN_000959,5,TIGHTBLOCK50,5,442,0.9880571365356445,0.011942863464355469,0.15455050766468048,128,True,False,False,False
STRAIN_000980,5,TIGHTBLOCK50,1,42,0.9847409129142761,0.015259087085723877,0.17469477653503418,128,True,False,False,False
STRAIN_000980,5,TIGHTBLOCK50,2,142,0.9849507212638855,0.015049278736114502,0.17348966002464294,128,True,False,False,False
STRAIN_000980,5,TIGHTBLOCK50,3,242,0.9836719036102295,0.016328096389770508,0.1807105541229248,128,True,False,False,False
STRAIN_000980,5,TIGHTBLOCK50,4,342,0.9842071533203125,0.0157928466796875,0.17772409319877625,128,True,False,False,False
STRAIN_000980,5,TIGHTBLOCK50,5,442,0.9815806150436401,0.018419384956359863,0.1919344961643219,128,True,False,False,False
STRAIN_000985,5,TIGHTBLOCK50,1,42,0.9827534556388855,0.017246544361114502,0.1857232302427292,128,True,False,False,False
STRAIN_000985,5,TIGHTBLOCK50,2,142,0.9855888485908508,0.01441115140914917,0.16977137327194214,128,True,False,False,False
STRAIN_000985,5,TIGHTBLOCK50,3,242,0.9832192659378052,0.016780734062194824,0.18319812417030334,128,True,False,False,False
STRAIN_000985,5,TIGHTBLOCK50,4,342,0.982125997543335,0.01787400245666504,0.18907155096530914,128,True,False,False,False
STRAIN_000985,5,TIGHTBLOCK50,5,442,0.9826107025146484,0.017389297485351562,0.18648993968963623,128,True,False,False,False
STRAIN_001005,5,TIGHTBLOCK50,1,42,0.9878799915313721,0.01212000846862793,0.15569214522838593,128,True,False,False,False
STRAIN_001005,5,TIGHTBLOCK50,2,142,0.9881914854049683,0.011808514595031738,0.15367823839187622,128,True,False,False,False
STRAIN_001005,5,TIGHTBLOCK50,3,242,0.9892901182174683,0.010709881782531738,0.14635483920574188,128,True,False,False,False
STRAIN_001005,5,TIGHTBLOCK50,4,342,0.9879646301269531,0.012035369873046875,0.15514788031578064,128,True,False,False,False
STRAIN_001005,5,TIGHTBLOCK50,5,442,0.9870856404304504,0.01291435956954956,0.1607130765914917,128,True,False,False,False
STRAIN_001008,5,TIGHTBLOCK50,1,42,0.9778959155082703,0.022104084491729736,0.2102573961019516,128,True,False,False,False
STRAIN_001008,5,TIGHTBLOCK50,2,142,0.9757879972457886,0.024212002754211426,0.2200547158718109,128,True,False,False,False
STRAIN_001008,5,TIGHTBLOCK50,3,242,0.9804887771606445,0.01951122283935547,0.1975412368774414,128,True,False,False,False
STRAIN_001008,5,TIGHTBLOCK50,4,342,0.9775145053863525,0.02248549461364746,0.21206387877464294,128,True,False,False,False
STRAIN_001008,5,TIGHTBLOCK50,5,442,0.9755766987800598,0.024423301219940186,0.22101284563541412,128,True,False,False,False
STRAIN_001014,5,TIGHTBLOCK50,1,42,0.9884589314460754,0.01154106855392456,0.15192811191082,128,True,False,False,False
STRAIN_001014,5,TIGHTBLOCK50,2,142,0.9878497123718262,0.012150287628173828,0.15588660538196564,128,True,False,False,False
STRAIN_001014,5,TIGHTBLOCK50,3,242,0.9851036667823792,0.01489633321762085,0.1726054698228836,128,True,False,False,False
STRAIN_001014,5,TIGHTBLOCK50,4,342,0.9891910552978516,0.010808944702148438,0.14703014492988586,128,True,False,False,False
STRAIN_001014,5,TIGHTBLOCK50,5,442,0.9861762523651123,0.013823747634887695,0.16627468168735504,128,True,False,False,False
STRAIN_001017,5,TIGHTBLOCK50,1,42,0.9673553109169006,0.032644689083099365,0.2555178999900818,128,True,False,False,False
STRAIN_001017,5,TIGHTBLOCK50,2,142,0.9722657203674316,0.02773427963256836,0.23551762104034424,128,True,False,False,False
STRAIN_001017,5,TIGHTBLOCK50,3,242,0.9674980044364929,0.03250199556350708,0.254958838224411,128,True,False,False,False
STRAIN_001017,5,TIGHTBLOCK50,4,342,0.9673948287963867,0.03260517120361328,0.25536298751831055,128,True,False,False,False
STRAIN_001017,5,TIGHTBLOCK50,5,442,0.9708384275436401,0.029161572456359863,0.24150192737579346,128,True,False,False,False
STRAIN_001018,5,TIGHTBLOCK50,1,42,0.9869465827941895,0.013053417205810547,0.16157595813274384,128,True,False,False,False
STRAIN_001018,5,TIGHTBLOCK50,2,142,0.9887329936027527,0.011267006397247314,0.15011338889598846,128,True,False,False,False
STRAIN_001018,5,TIGHTBLOCK50,3,242,0.9867502450942993,0.013249754905700684,0.1627863496541977,128,True,False,False,False
STRAIN_001018,5,TIGHTBLOCK50,4,342,0.9876766800880432,0.012323319911956787,0.1569923609495163,128,True,False,False,False
STRAIN_001018,5,TIGHTBLOCK50,5,442,0.9876275658607483,0.012372434139251709,0.1573050618171692,128,True,False,False,False
STRAIN_001025,5,TIGHTBLOCK50,1,42,0.9904133081436157,0.009586691856384277,0.1384679526090622,128,True,False,False,False
STRAIN_001025,5,TIGHTBLOCK50,2,142,0.989257276058197,0.010742723941802979,0.1465786248445511,128,True,False,False,False
STRAIN_001025,5,TIGHTBLOCK50,3,242,0.9909021854400635,0.009097814559936523,0.13489075005054474,128,True,False,False,False
STRAIN_001025,5,TIGHTBLOCK50,4,342,0.9904441833496094,0.009555816650390625,0.1382453292608261,128,True,False,False,False
STRAIN_001025,5,TIGHTBLOCK50,5,442,0.9903419017791748,0.009658098220825195,0.13898317515850067,128,True,False,False,False
