_registry_row,strain_entity_id,current_genome_key,registry_accession_candidates,registry_accession_bases,n_accession_candidates,accession_source_columns
0,STRAIN_000001,GCA_000478525.1,GCA_000478525.1,GCA_000478525,1,"GCA_000478525.1:current_genome_key,primary_accession,gca_accession,local_genome_files"
1,STRAIN_000002,GCA_000604145.1,GCA_000604145.1,GCA_000604145,1,"GCA_000604145.1:current_genome_key,primary_accession,gca_accession,local_genome_files"
2,STRAIN_000003,GCA_000708735.1,GCA_000708735.1,GCA_000708735,1,"GCA_000708735.1:current_genome_key,primary_accession,gca_accession,local_genome_files"
3,STRAIN_000004,GCA_000736295.2,GCA_000736295.2,GCA_000736295,1,"GCA_000736295.2:current_genome_key,primary_accession,gca_accession,local_genome_files"
4,STRAIN_000005,GCA_000736295.3,GCA_000736295.3,GCA_000736295,1,"GCA_000736295.3:current_genome_key,primary_accession,gca_accession,local_genome_files"
5,STRAIN_000006,GCA_000736295.4,GCA_000736295.4,GCA_000736295,1,"GCA_000736295.4:current_genome_key,primary_accession,gca_accession,local_genome_files"
6,STRAIN_000007,GCA_000825065.1,GCA_000825065.1,GCA_000825065,1,"GCA_000825065.1:current_genome_key,primary_accession,gca_accession,local_genome_files"
7,STRAIN_000008,GCA_000825085.1,GCA_000825085.1,GCA_000825085,1,"GCA_000825085.1:current_genome_key,primary_accession,gca_accession,local_genome_files"
8,STRAIN_000009,GCA_000825105.1,GCA_000825105.1,GCA_000825105,1,"GCA_000825105.1:current_genome_key,primary_accession,gca_accession,local_genome_files"
9,STRAIN_000010,GCA_000825125.1,GCA_000825125.1,GCA_000825125,1,"GCA_000825125.1:current_genome_key,primary_accession,gca_accession,local_genome_files"
10,STRAIN_000011,GCA_000825145.1,GCA_000825145.1,GCA_000825145,1,"GCA_000825145.1:current_genome_key,primary_accession,gca_accession,local_genome_files"
11,STRAIN_000012,GCA_001044085.1,GCA_001044085.1,GCA_001044085,1,"GCA_001044085.1:current_genome_key,primary_accession,gca_accession,local_genome_files"
12,STRAIN_000013,GCA_001447955.1,GCA_001447955.1,GCA_001447955,1,"GCA_001447955.1:current_genome_key,primary_accession,gca_accession,local_genome_files"
13,STRAIN_000014,GCA_001447975.1,GCA_001447975.1,GCA_001447975,1,"GCA_001447975.1:current_genome_key,primary_accession,gca_accession,local_genome_files"
14,STRAIN_000015,GCA_002072085.1,GCA_002072085.1,GCA_002072085,1,"GCA_002072085.1:current_genome_key,primary_accession,gca_accession,local_genome_files"
15,STRAIN_000016,GCA_002406785.1,GCA_002406785.1,GCA_002406785,1,"GCA_002406785.1:current_genome_key,primary_accession,gca_accession,local_genome_files"
16,STRAIN_000017,GCA_003047065.1,GCA_003047065.1 | GCF_003047065.1,GCA_003047065 | GCF_003047065,2,"GCA_003047065.1:current_genome_key,primary_accession,gca_accession,local_genome_files || GCF_003047065.1:gcf_accession"
17,STRAIN_000018,GCA_003094635.1,GCA_003094635.1,GCA_003094635,1,"GCA_003094635.1:current_genome_key,primary_accession,gca_accession,local_genome_files"
18,STRAIN_000019,GCA_003094855.1,GCA_003094855.1,GCA_003094855,1,"GCA_003094855.1:current_genome_key,primary_accession,gca_accession,local_genome_files"
19,STRAIN_000020,GCA_003094935.1,GCA_003094935.1,GCA_003094935,1,"GCA_003094935.1:current_genome_key,primary_accession,gca_accession,local_genome_files"
20,STRAIN_000021,GCA_003094955.1,GCA_003094955.1,GCA_003094955,1,"GCA_003094955.1:current_genome_key,primary_accession,gca_accession,local_genome_files"
21,STRAIN_000022,GCA_003094975.1,GCA_003094975.1,GCA_003094975,1,"GCA_003094975.1:current_genome_key,primary_accession,gca_accession,local_genome_files"
22,STRAIN_000023,GCA_003094995.1,GCA_003094995.1,GCA_003094995,1,"GCA_003094995.1:current_genome_key,primary_accession,gca_accession,local_genome_files"
23,STRAIN_000024,GCA_003573955.1,GCA_003573955.1,GCA_003573955,1,"GCA_003573955.1:current_genome_key,primary_accession,gca_accession,local_genome_files"
24,STRAIN_000025,GCA_004771035.1,GCA_004771035.1,GCA_004771035,1,"GCA_004771035.1:current_genome_key,primary_accession,gca_accession,local_genome_files"
25,STRAIN_000026,GCA_008868445.1,GCA_008868445.1,GCA_008868445,1,"GCA_008868445.1:current_genome_key,primary_accession,gca_accession,local_genome_files"
26,STRAIN_000027,GCA_013204895.1,GCA_013204895.1,GCA_013204895,1,"GCA_013204895.1:current_genome_key,primary_accession,gca_accession,local_genome_files"
27,STRAIN_000028,GCA_013394345.1,GCA_013394345.1,GCA_013394345,1,"GCA_013394345.1:current_genome_key,primary_accession,gca_accession,local_genome_files"
28,STRAIN_000029,GCA_017009715.1,GCA_017009715.1 | GCF_017009715.1,GCA_017009715 | GCF_017009715,2,"GCA_017009715.1:current_genome_key,primary_accession,gca_accession,local_genome_files || GCF_017009715.1:gcf_accession"
29,STRAIN_000030,GCA_018140675.1,GCA_018140675.1,GCA_018140675,1,"GCA_018140675.1:current_genome_key,primary_accession,gca_accession,local_genome_files"
30,STRAIN_000031,GCA_020741515.1,GCA_020741515.1,GCA_020741515,1,"GCA_020741515.1:current_genome_key,primary_accession,gca_accession,local_genome_files"
31,STRAIN_000032,GCA_020741545.1,GCA_020741545.1,GCA_020741545,1,"GCA_020741545.1:current_genome_key,primary_accession,gca_accession,local_genome_files"
32,STRAIN_000033,GCA_020978285.1,GCA_020978285.1 | GCF_020978285.1,GCA_020978285 | GCF_020978285,2,"GCA_020978285.1:current_genome_key,primary_accession,gca_accession,local_genome_files || GCF_020978285.1:gcf_accession"
33,STRAIN_000034,GCA_021228035.1,GCA_021228035.1,GCA_021228035,1,"GCA_021228035.1:current_genome_key,primary_accession,gca_accession,local_genome_files"
34,STRAIN_000035,GCA_021892455.1,GCA_021892455.1,GCA_021892455,1,"GCA_021892455.1:current_genome_key,primary_accession,gca_accession,local_genome_files"
35,STRAIN_000036,GCA_021892795.1,GCA_021892795.1,GCA_021892795,1,"GCA_021892795.1:current_genome_key,primary_accession,gca_accession,local_genome_files"
36,STRAIN_000037,GCA_021892995.1,GCA_021892995.1,GCA_021892995,1,"GCA_021892995.1:current_genome_key,primary_accession,gca_accession,local_genome_files"
37,STRAIN_000038,GCA_021893075.1,GCA_021893075.1,GCA_021893075,1,"GCA_021893075.1:current_genome_key,primary_accession,gca_accession,local_genome_files"
38,STRAIN_000039,GCA_021894075.1,GCA_021894075.1,GCA_021894075,1,"GCA_021894075.1:current_genome_key,primary_accession,gca_accession,local_genome_files"
39,STRAIN_000040,GCA_021894155.1,GCA_021894155.1,GCA_021894155,1,"GCA_021894155.1:current_genome_key,primary_accession,gca_accession,local_genome_files"
40,STRAIN_000041,GCA_021894595.1,GCA_021894595.1,GCA_021894595,1,"GCA_021894595.1:current_genome_key,primary_accession,gca_accession,local_genome_files"
41,STRAIN_000042,GCA_021894615.1,GCA_021894615.1,GCA_021894615,1,"GCA_021894615.1:current_genome_key,primary_accession,gca_accession,local_genome_files"
42,STRAIN_000043,GCA_022738455.1,GCA_022738455.1,GCA_022738455,1,"GCA_022738455.1:current_genome_key,primary_accession,gca_accession,local_genome_files"
43,STRAIN_000044,GCA_022757425.1,GCA_022757425.1,GCA_022757425,1,"GCA_022757425.1:current_genome_key,primary_accession,gca_accession,local_genome_files"
44,STRAIN_000045,GCA_023205795.1,GCA_023205795.1,GCA_023205795,1,"GCA_023205795.1:current_genome_key,primary_accession,gca_accession,local_genome_files"
45,STRAIN_000046,GCA_023205815.1,GCA_023205815.1,GCA_023205815,1,"GCA_023205815.1:current_genome_key,primary_accession,gca_accession,local_genome_files"
46,STRAIN_000047,GCA_023205835.1,GCA_023205835.1,GCA_023205835,1,"GCA_023205835.1:current_genome_key,primary_accession,gca_accession,local_genome_files"
47,STRAIN_000048,GCA_023205855.1,GCA_023205855.1,GCA_023205855,1,"GCA_023205855.1:current_genome_key,primary_accession,gca_accession,local_genome_files"
48,STRAIN_000049,GCA_023208035.1,GCA_023208035.1,GCA_023208035,1,"GCA_023208035.1:current_genome_key,primary_accession,gca_accession,local_genome_files"
49,STRAIN_000050,GCA_023208055.1,GCA_023208055.1,GCA_023208055,1,"GCA_023208055.1:current_genome_key,primary_accession,gca_accession,local_genome_files"
50,STRAIN_000051,GCA_023208075.1,GCA_023208075.1,GCA_023208075,1,"GCA_023208075.1:current_genome_key,primary_accession,gca_accession,local_genome_files"
51,STRAIN_000052,GCA_023208095.1,GCA_023208095.1,GCA_023208095,1,"GCA_023208095.1:current_genome_key,primary_accession,gca_accession,local_genome_files"
52,STRAIN_000053,GCA_023208115.1,GCA_023208115.1,GCA_023208115,1,"GCA_023208115.1:current_genome_key,primary_accession,gca_accession,local_genome_files"
53,STRAIN_000054,GCA_023208135.1,GCA_023208135.1,GCA_023208135,1,"GCA_023208135.1:current_genome_key,primary_accession,gca_accession,local_genome_files"
54,STRAIN_000055,GCA_023208155.1,GCA_023208155.1,GCA_023208155,1,"GCA_023208155.1:current_genome_key,primary_accession,gca_accession,local_genome_files"
55,STRAIN_000056,GCA_030339395.1,GCA_030339395.1,GCA_030339395,1,"GCA_030339395.1:current_genome_key,primary_accession,gca_accession,local_genome_files"
56,STRAIN_000057,GCA_030437975.1,GCA_030437975.1 | GCF_030437975.1,GCA_030437975 | GCF_030437975,2,"GCA_030437975.1:current_genome_key,primary_accession,gca_accession,local_genome_files || GCF_030437975.1:gcf_accession"
57,STRAIN_000058,GCA_030451345.1,GCA_030451345.1,GCA_030451345,1,"GCA_030451345.1:current_genome_key,primary_accession,gca_accession,local_genome_files"
58,STRAIN_000059,GCA_030457435.1,GCA_030457435.1,GCA_030457435,1,"GCA_030457435.1:current_genome_key,primary_accession,gca_accession,local_genome_files"
59,STRAIN_000060,GCA_032144055.1,GCA_032144055.1,GCA_032144055,1,"GCA_032144055.1:current_genome_key,primary_accession,gca_accession,local_genome_files"
60,STRAIN_000061,GCA_032477535.1,GCA_032477535.1,GCA_032477535,1,"GCA_032477535.1:current_genome_key,primary_accession,gca_accession,local_genome_files"
61,STRAIN_000062,GCA_033567675.1,GCA_033567675.1,GCA_033567675,1,"GCA_033567675.1:current_genome_key,primary_accession,gca_accession,local_genome_files"
62,STRAIN_000063,GCA_036281335.1,GCA_036281335.1,GCA_036281335,1,"GCA_036281335.1:current_genome_key,primary_accession,gca_accession,local_genome_files"
63,STRAIN_000064,GCA_036452655.1,GCA_036452655.1,GCA_036452655,1,"GCA_036452655.1:current_genome_key,primary_accession,gca_accession,local_genome_files"
64,STRAIN_000065,GCA_036728855.1,GCA_036728855.1,GCA_036728855,1,"GCA_036728855.1:current_genome_key,primary_accession,gca_accession,local_genome_files"
65,STRAIN_000066,GCA_042160085.1,GCA_042160085.1,GCA_042160085,1,"GCA_042160085.1:current_genome_key,primary_accession,gca_accession,local_genome_files"
66,STRAIN_000067,GCA_042645985.1,GCA_042645985.1,GCA_042645985,1,"GCA_042645985.1:current_genome_key,primary_accession,gca_accession,local_genome_files"
67,STRAIN_000068,GCA_044760245.1,GCA_044760245.1,GCA_044760245,1,"GCA_044760245.1:current_genome_key,primary_accession,gca_accession,local_genome_files"
68,STRAIN_000069,GCA_046958455.1,GCA_046958455.1,GCA_046958455,1,"GCA_046958455.1:current_genome_key,primary_accession,gca_accession,local_genome_files"
69,STRAIN_000070,GCA_047445175.1,GCA_047445175.1,GCA_047445175,1,"GCA_047445175.1:current_genome_key,primary_accession,gca_accession,local_genome_files"
70,STRAIN_000071,GCA_051388735.1,GCA_051388735.1,GCA_051388735,1,"GCA_051388735.1:current_genome_key,primary_accession,gca_accession,local_genome_files"
71,STRAIN_000072,GCA_051388815.1,GCA_051388815.1,GCA_051388815,1,"GCA_051388815.1:current_genome_key,primary_accession,gca_accession,local_genome_files"
72,STRAIN_000073,GCA_052109995.1,GCA_052109995.1,GCA_052109995,1,"GCA_052109995.1:current_genome_key,primary_accession,gca_accession,local_genome_files"
73,STRAIN_000074,GCA_052284685.1,GCA_052284685.1,GCA_052284685,1,"GCA_052284685.1:current_genome_key,primary_accession,gca_accession,local_genome_files"
74,STRAIN_000075,GCA_053901865.1,GCA_053901865.1,GCA_053901865,1,"GCA_053901865.1:current_genome_key,primary_accession,gca_accession,local_genome_files"
75,STRAIN_000076,GCA_054852885.1,GCA_054852885.1,GCA_054852885,1,"GCA_054852885.1:current_genome_key,primary_accession,gca_accession,local_genome_files"
76,STRAIN_000077,GCA_900519135.1,GCA_900519135.1 | GCF_900519135.1,GCA_900519135 | GCF_900519135,2,"GCA_900519135.1:current_genome_key,primary_accession,gca_accession,local_genome_files || GCF_900519135.1:gcf_accession"
77,STRAIN_000078,GCA_925297675.1,GCA_925297675.1,GCA_925297675,1,"GCA_925297675.1:current_genome_key,primary_accession,gca_accession,local_genome_files"
78,STRAIN_000079,GCA_925297865.1,GCA_925297865.1,GCA_925297865,1,"GCA_925297865.1:current_genome_key,primary_accession,gca_accession,local_genome_files"
79,STRAIN_000080,GCA_947072755.1,GCA_947072755.1,GCA_947072755,1,"GCA_947072755.1:current_genome_key,primary_accession,gca_accession,local_genome_files"
80,STRAIN_000081,GCA_948482305.1,GCA_948482305.1,GCA_948482305,1,"GCA_948482305.1:current_genome_key,primary_accession,gca_accession,local_genome_files"
81,STRAIN_000082,GCA_948490115.1,GCA_948490115.1,GCA_948490115,1,"GCA_948490115.1:current_genome_key,primary_accession,gca_accession,local_genome_files"
82,STRAIN_000083,GCA_948583985.1,GCA_948583985.1,GCA_948583985,1,"GCA_948583985.1:current_genome_key,primary_accession,gca_accession,local_genome_files"
83,STRAIN_000084,GCA_948609125.1,GCA_948609125.1,GCA_948609125,1,"GCA_948609125.1:current_genome_key,primary_accession,gca_accession,local_genome_files"
84,STRAIN_000085,GCA_948896075.1,GCA_948896075.1,GCA_948896075,1,"GCA_948896075.1:current_genome_key,primary_accession,gca_accession,local_genome_files"
85,STRAIN_000086,GCA_948918825.1,GCA_948918825.1,GCA_948918825,1,"GCA_948918825.1:current_genome_key,primary_accession,gca_accession,local_genome_files"
86,STRAIN_000087,GCA_949007965.1,GCA_949007965.1,GCA_949007965,1,"GCA_949007965.1:current_genome_key,primary_accession,gca_accession,local_genome_files"
87,STRAIN_000088,GCA_949084435.1,GCA_949084435.1,GCA_949084435,1,"GCA_949084435.1:current_genome_key,primary_accession,gca_accession,local_genome_files"
88,STRAIN_000089,GCA_949105495.1,GCA_949105495.1,GCA_949105495,1,"GCA_949105495.1:current_genome_key,primary_accession,gca_accession,local_genome_files"
89,STRAIN_000090,GCA_949493175.1,GCA_949493175.1,GCA_949493175,1,"GCA_949493175.1:current_genome_key,primary_accession,gca_accession,local_genome_files"
90,STRAIN_000091,GCA_959028405.1,GCA_959028405.1,GCA_959028405,1,"GCA_959028405.1:current_genome_key,primary_accession,gca_accession,local_genome_files"
91,STRAIN_000092,GCA_982235515.1,GCA_982235515.1,GCA_982235515,1,"GCA_982235515.1:current_genome_key,primary_accession,gca_accession,local_genome_files"
92,STRAIN_000093,GCA_982332205.1,GCA_982332205.1,GCA_982332205,1,"GCA_982332205.1:current_genome_key,primary_accession,gca_accession,local_genome_files"
93,STRAIN_000094,GCA_982400935.1,GCA_982400935.1,GCA_982400935,1,"GCA_982400935.1:current_genome_key,primary_accession,gca_accession,local_genome_files"
94,STRAIN_000095,GCF_000003135.1,GCF_000003135.1 | GCA_000003135.1,GCF_000003135 | GCA_000003135,2,"GCF_000003135.1:current_genome_key,primary_accession,gcf_accession || GCA_000003135.1:gca_accession,local_genome_files"
95,STRAIN_000096,GCF_000005845.2,GCF_000005845.2 | GCA_000005845.2,GCF_000005845 | GCA_000005845,2,"GCF_000005845.2:current_genome_key,primary_accession,gcf_accession || GCA_000005845.2:gca_accession,local_genome_files"
96,STRAIN_000097,GCF_000006765.1,GCF_000006765.1 | GCA_000006765.1,GCF_000006765 | GCA_000006765,2,"GCF_000006765.1:current_genome_key,primary_accession,gcf_accession || GCA_000006765.1:gca_accession,local_genome_files"
97,STRAIN_000098,GCF_000006865.1,GCF_000006865.1 | GCA_000006865.1,GCF_000006865 | GCA_000006865,2,"GCF_000006865.1:current_genome_key,primary_accession,gcf_accession || GCA_000006865.1:gca_accession,local_genome_files"
98,STRAIN_000099,GCF_000006965.1,GCF_000006965.1 | GCA_000006965.1,GCF_000006965 | GCA_000006965,2,"GCF_000006965.1:current_genome_key,primary_accession,gcf_accession || GCA_000006965.1:gca_accession,local_genome_files"
99,STRAIN_000100,GCF_000007525.1,GCF_000007525.1 | GCA_000007525.1,GCF_000007525 | GCA_000007525,2,"GCF_000007525.1:current_genome_key,primary_accession,gcf_accession || GCA_000007525.1:gca_accession,local_genome_files"
100,STRAIN_000101,GCF_000008065.1,GCF_000008065.1 | GCA_000008065.1,GCF_000008065 | GCA_000008065,2,"GCF_000008065.1:current_genome_key,primary_accession,gcf_accession || GCA_000008065.1:gca_accession,local_genome_files"
101,STRAIN_000102,GCF_000008925.1,GCF_000008925.1 | GCA_000008925.1,GCF_000008925 | GCA_000008925,2,"GCF_000008925.1:current_genome_key,primary_accession,gcf_accession || GCA_000008925.1:gca_accession,local_genome_files"
102,STRAIN_000103,GCF_000008945.1,GCF_000008945.1 | GCA_000008945.1,GCF_000008945 | GCA_000008945,2,"GCF_000008945.1:current_genome_key,primary_accession,gcf_accession || GCA_000008945.1:gca_accession,local_genome_files"
103,STRAIN_000104,GCF_000009045.1,GCF_000009045.1 | GCA_000009045.1,GCF_000009045 | GCA_000009045,2,"GCF_000009045.1:current_genome_key,primary_accession,gcf_accession || GCA_000009045.1:gca_accession,local_genome_files"
104,STRAIN_000105,GCF_000009425.1,GCF_000009425.1 | GCA_000009425.1,GCF_000009425 | GCA_000009425,2,"GCF_000009425.1:current_genome_key,primary_accession,gcf_accession || GCA_000009425.1:gca_accession,local_genome_files"
105,STRAIN_000106,GCF_000009825.1,GCF_000009825.1 | GCA_000009825.1,GCF_000009825 | GCA_000009825,2,"GCF_000009825.1:current_genome_key,primary_accession,gcf_accession || GCA_000009825.1:gca_accession,local_genome_files"
106,STRAIN_000107,GCF_000010005.1,GCF_000010005.1 | GCA_000010005.1,GCF_000010005 | GCA_000010005,2,"GCF_000010005.1:current_genome_key,primary_accession,gcf_accession || GCA_000010005.1:gca_accession,local_genome_files"
107,STRAIN_000108,GCF_000010145.1,GCF_000010145.1 | GCA_000010145.1,GCF_000010145 | GCA_000010145,2,"GCF_000010145.1:current_genome_key,primary_accession,gcf_accession || GCA_000010145.1:gca_accession,local_genome_files"
108,STRAIN_000109,GCF_000010425.1,GCF_000010425.1 | GCA_000010425.1,GCF_000010425 | GCA_000010425,2,"GCF_000010425.1:current_genome_key,primary_accession,gcf_accession || GCA_000010425.1:gca_accession,local_genome_files"
109,STRAIN_000110,GCF_000010525.1,GCF_000010525.1 | GCA_000010525.1,GCF_000010525 | GCA_000010525,2,"GCF_000010525.1:current_genome_key,primary_accession,gcf_accession || GCA_000010525.1:gca_accession,local_genome_files"
110,STRAIN_000111,GCF_000010725.1,GCF_000010725.1 | GCA_000010725.1,GCF_000010725 | GCA_000010725,2,"GCF_000010725.1:current_genome_key,primary_accession,gcf_accession || GCA_000010725.1:gca_accession,local_genome_files"
111,STRAIN_000112,GCF_000011045.1,GCF_000011045.1 | GCA_000011045.1,GCF_000011045 | GCA_000011045,2,"GCF_000011045.1:current_genome_key,primary_accession,gcf_accession || GCA_000011045.1:gca_accession,local_genome_files"
112,STRAIN_000113,GCF_000011365.1,GCF_000011365.1 | GCA_000011365.1,GCF_000011365 | GCA_000011365,2,"GCF_000011365.1:current_genome_key,primary_accession,gcf_accession || GCA_000011365.1:gca_accession,local_genome_files"
113,STRAIN_000114,GCF_000011825.1,GCF_000011825.1 | GCA_000011825.1,GCF_000011825 | GCA_000011825,2,"GCF_000011825.1:current_genome_key,primary_accession,gcf_accession || GCA_000011825.1:gca_accession,local_genome_files"
114,STRAIN_000115,GCF_000011845.1,GCF_000011845.1 | GCA_000011845.1,GCF_000011845 | GCA_000011845,2,"GCF_000011845.1:current_genome_key,primary_accession,gcf_accession || GCA_000011845.1:gca_accession,local_genome_files"
115,STRAIN_000116,GCF_000012905.2,GCF_000012905.2 | GCA_000012905.2,GCF_000012905 | GCA_000012905,2,"GCF_000012905.2:current_genome_key,primary_accession,gcf_accession || GCA_000012905.2:gca_accession,local_genome_files"
116,STRAIN_000117,GCF_000013345.1,GCF_000013345.1 | GCA_000013345.1,GCF_000013345 | GCA_000013345,2,"GCF_000013345.1:current_genome_key,primary_accession,gcf_accession || GCA_000013345.1:gca_accession,local_genome_files"
117,STRAIN_000118,GCF_000014385.1,GCF_000014385.1 | GCA_000014385.1,GCF_000014385 | GCA_000014385,2,"GCF_000014385.1:current_genome_key,primary_accession,gcf_accession || GCA_000014385.1:gca_accession,local_genome_files"
118,STRAIN_000119,GCF_000014405.1,GCF_000014405.1 | GCA_000014405.1,GCF_000014405 | GCA_000014405,2,"GCF_000014405.1:current_genome_key,primary_accession,gcf_accession || GCA_000014405.1:gca_accession,local_genome_files"
119,STRAIN_000120,GCF_000014425.1,GCF_000014425.1 | GCA_000014425.1,GCF_000014425 | GCA_000014425,2,"GCF_000014425.1:current_genome_key,primary_accession,gcf_accession || GCA_000014425.1:gca_accession,local_genome_files"
120,STRAIN_000121,GCF_000014445.1,GCF_000014445.1 | GCA_000014445.1,GCF_000014445 | GCA_000014445,2,"GCF_000014445.1:current_genome_key,primary_accession,gcf_accession || GCA_000014445.1:gca_accession,local_genome_files"
121,STRAIN_000122,GCF_000014465.1,GCF_000014465.1 | GCA_000014465.1,GCF_000014465 | GCA_000014465,2,"GCF_000014465.1:current_genome_key,primary_accession,gcf_accession || GCA_000014465.1:gca_accession,local_genome_files"
122,STRAIN_000123,GCF_000014485.1,GCF_000014485.1 | GCA_000014485.1,GCF_000014485 | GCA_000014485,2,"GCF_000014485.1:current_genome_key,primary_accession,gcf_accession || GCA_000014485.1:gca_accession,local_genome_files"
123,STRAIN_000124,GCF_000014505.1,GCF_000014505.1 | GCA_000014505.1,GCF_000014505 | GCA_000014505,2,"GCF_000014505.1:current_genome_key,primary_accession,gcf_accession || GCA_000014505.1:gca_accession,local_genome_files"
124,STRAIN_000125,GCF_000014525.1,GCF_000014525.1 | GCA_000014525.1,GCF_000014525 | GCA_000014525,2,"GCF_000014525.1:current_genome_key,primary_accession,gcf_accession || GCA_000014525.1:gca_accession,local_genome_files"
125,STRAIN_000126,GCF_000014545.1,GCF_000014545.1 | GCA_000014545.1,GCF_000014545 | GCA_000014545,2,"GCF_000014545.1:current_genome_key,primary_accession,gcf_accession || GCA_000014545.1:gca_accession,local_genome_files"
126,STRAIN_000127,GCF_000015385.1,GCF_000015385.1 | GCA_000015385.1,GCF_000015385 | GCA_000015385,2,"GCF_000015385.1:current_genome_key,primary_accession,gcf_accession || GCA_000015385.1:gca_accession,local_genome_files"
127,STRAIN_000128,GCF_000016325.1,GCF_000016325.1 | GCA_000016325.1,GCF_000016325 | GCA_000016325,2,"GCF_000016325.1:current_genome_key,primary_accession,gcf_accession || GCA_000016325.1:gca_accession,local_genome_files"
128,STRAIN_000129,GCF_000016825.1,GCF_000016825.1 | GCA_000016825.1,GCF_000016825 | GCA_000016825,2,"GCF_000016825.1:current_genome_key,primary_accession,gcf_accession || GCA_000016825.1:gca_accession,local_genome_files"
129,STRAIN_000130,GCF_000017965.1,GCF_000017965.1 | GCA_000017965.1,GCF_000017965 | GCA_000017965,2,"GCF_000017965.1:current_genome_key,primary_accession,gcf_accession || GCA_000017965.1:gca_accession,local_genome_files"
130,STRAIN_000131,GCF_000019045.1,GCF_000019045.1 | GCA_000019045.1,GCF_000019045 | GCA_000019045,2,"GCF_000019045.1:current_genome_key,primary_accession,gcf_accession || GCA_000019045.1:gca_accession,local_genome_files"
131,STRAIN_000132,GCF_000019245.4,GCF_000019245.4 | GCA_000019245.3,GCF_000019245 | GCA_000019245,2,"GCF_000019245.4:current_genome_key,primary_accession,gcf_accession || GCA_000019245.3:gca_accession,local_genome_files"
132,STRAIN_000133,GCF_000019965.1,GCF_000019965.1 | GCA_000019965.1,GCF_000019965 | GCA_000019965,2,"GCF_000019965.1:current_genome_key,primary_accession,gcf_accession || GCA_000019965.1:gca_accession,local_genome_files"
133,STRAIN_000134,GCF_000020225.1,GCF_000020225.1 | GCA_000020225.1,GCF_000020225 | GCA_000020225,2,"GCF_000020225.1:current_genome_key,primary_accession,gcf_accession || GCA_000020225.1:gca_accession,local_genome_files"
134,STRAIN_000135,GCF_000020425.1,GCF_000020425.1 | GCA_000020425.1,GCF_000020425 | GCA_000020425,2,"GCF_000020425.1:current_genome_key,primary_accession,gcf_accession || GCA_000020425.1:gca_accession,local_genome_files"
135,STRAIN_000136,GCF_000021325.1,GCF_000021325.1 | GCA_000021325.1,GCF_000021325 | GCA_000021325,2,"GCF_000021325.1:current_genome_key,primary_accession,gcf_accession || GCA_000021325.1:gca_accession,local_genome_files"
136,STRAIN_000137,GCF_000021425.1,GCF_000021425.1 | GCA_000021425.1,GCF_000021425 | GCA_000021425,2,"GCF_000021425.1:current_genome_key,primary_accession,gcf_accession || GCA_000021425.1:gca_accession,local_genome_files"
137,STRAIN_000138,GCF_000022705.1,GCF_000022705.1 | GCA_000022705.1,GCF_000022705 | GCA_000022705,2,"GCF_000022705.1:current_genome_key,primary_accession,gcf_accession || GCA_000022705.1:gca_accession,local_genome_files"
138,STRAIN_000139,GCF_000022965.1,GCF_000022965.1 | GCA_000022965.1,GCF_000022965 | GCA_000022965,2,"GCF_000022965.1:current_genome_key,primary_accession,gcf_accession || GCA_000022965.1:gca_accession,local_genome_files"
139,STRAIN_000140,GCF_000023085.1,GCF_000023085.1 | GCA_000023085.1,GCF_000023085 | GCA_000023085,2,"GCF_000023085.1:current_genome_key,primary_accession,gcf_accession || GCA_000023085.1:gca_accession,local_genome_files"
140,STRAIN_000141,GCF_000023205.1,GCF_000023205.1 | GCA_000023205.1,GCF_000023205 | GCA_000023205,2,"GCF_000023205.1:current_genome_key,primary_accession,gcf_accession || GCA_000023205.1:gca_accession,local_genome_files"
141,STRAIN_000142,GCF_000023585.1,GCF_000023585.1 | GCA_000023585.1,GCF_000023585 | GCA_000023585,2,"GCF_000023585.1:current_genome_key,primary_accession,gcf_accession || GCA_000023585.1:gca_accession,local_genome_files"
142,STRAIN_000143,GCF_000024445.1,GCF_000024445.1 | GCA_000024445.1,GCF_000024445 | GCA_000024445,2,"GCF_000024445.1:current_genome_key,primary_accession,gcf_accession || GCA_000024445.1:gca_accession,local_genome_files"
143,STRAIN_000144,GCF_000025045.1,GCF_000025045.1 | GCA_000025045.1,GCF_000025045 | GCA_000025045,2,"GCF_000025045.1:current_genome_key,primary_accession,gcf_accession || GCA_000025045.1:gca_accession,local_genome_files"
144,STRAIN_000145,GCF_000025245.2,GCF_000025245.2 | GCA_000025245.2,GCF_000025245 | GCA_000025245,2,"GCF_000025245.2:current_genome_key,primary_accession,gcf_accession || GCA_000025245.2:gca_accession,local_genome_files"
145,STRAIN_000146,GCF_000025965.1,GCF_000025965.1 | GCA_000025965.1,GCF_000025965 | GCA_000025965,2,"GCF_000025965.1:current_genome_key,primary_accession,gcf_accession || GCA_000025965.1:gca_accession,local_genome_files"
146,STRAIN_000147,GCF_000025985.1,GCF_000025985.1 | GCA_000025985.1,GCF_000025985 | GCA_000025985,2,"GCF_000025985.1:current_genome_key,primary_accession,gcf_accession || GCA_000025985.1:gca_accession,local_genome_files"
147,STRAIN_000148,GCF_000026185.1,GCF_000026185.1 | GCA_000026185.1,GCF_000026185 | GCA_000026185,2,"GCF_000026185.1:current_genome_key,primary_accession,gcf_accession || GCA_000026185.1:gca_accession,local_genome_files"
148,STRAIN_000149,GCF_000026485.1,GCF_000026485.1 | GCA_000026485.1,GCF_000026485 | GCA_000026485,2,"GCF_000026485.1:current_genome_key,primary_accession,gcf_accession || GCA_000026485.1:gca_accession,local_genome_files"
149,STRAIN_000150,GCF_000026505.1,GCF_000026505.1 | GCA_000026505.1,GCF_000026505 | GCA_000026505,2,"GCF_000026505.1:current_genome_key,primary_accession,gcf_accession || GCA_000026505.1:gca_accession,local_genome_files"
150,STRAIN_000151,GCF_000026525.1,GCF_000026525.1 | GCA_000026525.1,GCF_000026525 | GCA_000026525,2,"GCF_000026525.1:current_genome_key,primary_accession,gcf_accession || GCA_000026525.1:gca_accession,local_genome_files"
151,STRAIN_000152,GCF_000046845.1,GCF_000046845.1 | GCA_000046845.1,GCF_000046845 | GCA_000046845,2,"GCF_000046845.1:current_genome_key,primary_accession,gcf_accession || GCA_000046845.1:gca_accession,local_genome_files"
152,STRAIN_000153,GCF_000056065.1,GCF_000056065.1 | GCA_000056065.1,GCF_000056065 | GCA_000056065,2,"GCF_000056065.1:current_genome_key,primary_accession,gcf_accession || GCA_000056065.1:gca_accession,local_genome_files"
153,STRAIN_000154,GCF_000091725.1,GCF_000091725.1 | GCA_000091725.1,GCF_000091725 | GCA_000091725,2,"GCF_000091725.1:current_genome_key,primary_accession,gcf_accession || GCA_000091725.1:gca_accession,local_genome_files"
154,STRAIN_000155,GCF_000092325.1,GCF_000092325.1 | GCA_000092325.1,GCF_000092325 | GCA_000092325,2,"GCF_000092325.1:current_genome_key,primary_accession,gcf_accession || GCA_000092325.1:gca_accession,local_genome_files"
155,STRAIN_000156,GCF_000092765.1,GCF_000092765.1 | GCA_000092765.1,GCF_000092765 | GCA_000092765,2,"GCF_000092765.1:current_genome_key,primary_accession,gcf_accession || GCA_000092765.1:gca_accession,local_genome_files"
156,STRAIN_000157,GCF_000143205.1,GCF_000143205.1 | GCA_000143205.1,GCF_000143205 | GCA_000143205,2,"GCF_000143205.1:current_genome_key,primary_accession,gcf_accession || GCA_000143205.1:gca_accession,local_genome_files"
157,STRAIN_000158,GCF_000143435.1,GCF_000143435.1 | GCA_000143435.1,GCF_000143435 | GCA_000143435,2,"GCF_000143435.1:current_genome_key,primary_accession,gcf_accession || GCA_000143435.1:gca_accession,local_genome_files"
158,STRAIN_000159,GCF_000143745.1,GCF_000143745.1 | GCA_000143745.1,GCF_000143745 | GCA_000143745,2,"GCF_000143745.1:current_genome_key,primary_accession,gcf_accession || GCA_000143745.1:gca_accession,local_genome_files"
159,STRAIN_000160,GCF_000145235.1,GCF_000145235.1 | GCA_000145235.1,GCF_000145235 | GCA_000145235,2,"GCF_000145235.1:current_genome_key,primary_accession,gcf_accession || GCA_000145235.1:gca_accession,local_genome_files"
160,STRAIN_000161,GCF_000146775.1,GCF_000146775.1 | GCA_000146775.1,GCF_000146775 | GCA_000146775,2,"GCF_000146775.1:current_genome_key,primary_accession,gcf_accession || GCA_000146775.1:gca_accession,local_genome_files"
161,STRAIN_000162,GCF_000148815.2,GCF_000148815.2 | GCA_000148815.2,GCF_000148815 | GCA_000148815,2,"GCF_000148815.2:current_genome_key,primary_accession,gcf_accession || GCA_000148815.2:gca_accession,local_genome_files"
162,STRAIN_000163,GCF_000154085.1,GCF_000154085.1 | GCA_000154085.1,GCF_000154085 | GCA_000154085,2,"GCF_000154085.1:current_genome_key,primary_accession,gcf_accession || GCA_000154085.1:gca_accession,local_genome_files"
163,STRAIN_000164,GCF_000154765.2,GCF_000154765.2 | GCA_000154765.2,GCF_000154765 | GCA_000154765,2,"GCF_000154765.2:current_genome_key,primary_accession,gcf_accession || GCA_000154765.2:gca_accession,local_genome_files"
164,STRAIN_000165,GCF_000155355.1,GCF_000155355.1 | GCA_000155355.1,GCF_000155355 | GCA_000155355,2,"GCF_000155355.1:current_genome_key,primary_accession,gcf_accession || GCA_000155355.1:gca_accession,local_genome_files"
165,STRAIN_000166,GCF_000155375.1,GCF_000155375.1 | GCA_000155375.1,GCF_000155375 | GCA_000155375,2,"GCF_000155375.1:current_genome_key,primary_accession,gcf_accession || GCA_000155375.1:gca_accession,local_genome_files"
166,STRAIN_000167,GCF_000155395.1,GCF_000155395.1 | GCA_000155395.1,GCF_000155395 | GCA_000155395,2,"GCF_000155395.1:current_genome_key,primary_accession,gcf_accession || GCA_000155395.1:gca_accession,local_genome_files"
167,STRAIN_000168,GCF_000155515.2,GCF_000155515.2 | GCA_000155515.2,GCF_000155515 | GCA_000155515,2,"GCF_000155515.2:current_genome_key,primary_accession,gcf_accession || GCA_000155515.2:gca_accession,local_genome_files"
168,STRAIN_000169,GCF_000158015.1,GCF_000158015.1 | GCA_000158015.1,GCF_000158015 | GCA_000158015,2,"GCF_000158015.1:current_genome_key,primary_accession,gcf_accession || GCA_000158015.1:gca_accession,local_genome_files"
169,STRAIN_000170,GCF_000159215.1,GCF_000159215.1 | GCA_000159215.1,GCF_000159215 | GCA_000159215,2,"GCF_000159215.1:current_genome_key,primary_accession,gcf_accession || GCA_000159215.1:gca_accession,local_genome_files"
170,STRAIN_000171,GCF_000159395.1,GCF_000159395.1 | GCA_000159395.1,GCF_000159395 | GCA_000159395,2,"GCF_000159395.1:current_genome_key,primary_accession,gcf_accession || GCA_000159395.1:gca_accession,local_genome_files"
171,STRAIN_000172,GCF_000159455.2,GCF_000159455.2 | GCA_000159455.2,GCF_000159455 | GCA_000159455,2,"GCF_000159455.2:current_genome_key,primary_accession,gcf_accession || GCA_000159455.2:gca_accession,local_genome_files"
172,STRAIN_000173,GCF_000159715.1,GCF_000159715.1 | GCA_000159715.1,GCF_000159715 | GCA_000159715,2,"GCF_000159715.1:current_genome_key,primary_accession,gcf_accession || GCA_000159715.1:gca_accession,local_genome_files"
173,STRAIN_000174,GCF_000160715.1,GCF_000160715.1 | GCA_000160715.1,GCF_000160715 | GCA_000160715,2,"GCF_000160715.1:current_genome_key,primary_accession,gcf_accession || GCA_000160715.1:gca_accession,local_genome_files"
174,STRAIN_000175,GCF_000164965.1,GCF_000164965.1 | GCA_000164965.1,GCF_000164965 | GCA_000164965,2,"GCF_000164965.1:current_genome_key,primary_accession,gcf_accession || GCA_000164965.1:gca_accession,local_genome_files"
175,STRAIN_000176,GCF_000165775.1,GCF_000165775.1 | GCA_000165775.3,GCF_000165775 | GCA_000165775,2,"GCF_000165775.1:current_genome_key,primary_accession,gcf_accession || GCA_000165775.3:gca_accession,local_genome_files"
176,STRAIN_000177,GCF_000165885.1,GCF_000165885.1 | GCA_000165885.1,GCF_000165885 | GCA_000165885,2,"GCF_000165885.1:current_genome_key,primary_accession,gcf_accession || GCA_000165885.1:gca_accession,local_genome_files"
177,STRAIN_000178,GCF_000165905.1,GCF_000165905.1 | GCA_000165905.1,GCF_000165905 | GCA_000165905,2,"GCF_000165905.1:current_genome_key,primary_accession,gcf_accession || GCA_000165905.1:gca_accession,local_genome_files"
178,STRAIN_000179,GCF_000166315.1,GCF_000166315.1 | GCA_000166315.1,GCF_000166315 | GCA_000166315,2,"GCF_000166315.1:current_genome_key,primary_accession,gcf_accession || GCA_000166315.1:gca_accession,local_genome_files"
179,STRAIN_000180,GCF_000168255.1,GCF_000168255.1 | GCA_000168255.1,GCF_000168255 | GCA_000168255,2,"GCF_000168255.1:current_genome_key,primary_accession,gcf_accession || GCA_000168255.1:gca_accession,local_genome_files"
180,STRAIN_000181,GCF_000173255.5,GCF_000173255.5 | GCA_000173255.3,GCF_000173255 | GCA_000173255,2,"GCF_000173255.5:current_genome_key,primary_accession,gcf_accession || GCA_000173255.3:gca_accession,local_genome_files"
181,STRAIN_000182,GCF_000175935.2,GCF_000175935.2 | GCA_000175935.2,GCF_000175935 | GCA_000175935,2,"GCF_000175935.2:current_genome_key,primary_accession,gcf_accession || GCA_000175935.2:gca_accession,local_genome_files"
182,STRAIN_000183,GCF_000182835.1,GCF_000182835.1 | GCA_000182835.1,GCF_000182835 | GCA_000182835,2,"GCF_000182835.1:current_genome_key,primary_accession,gcf_accession || GCA_000182835.1:gca_accession,local_genome_files"
183,STRAIN_000184,GCF_000182875.1,GCF_000182875.1 | GCA_000182875.1,GCF_000182875 | GCA_000182875,2,"GCF_000182875.1:current_genome_key,primary_accession,gcf_accession || GCA_000182875.1:gca_accession,local_genome_files"
184,STRAIN_000185,GCF_000186085.1,GCF_000186085.1 | GCA_000186085.1,GCF_000186085 | GCA_000186085,2,"GCF_000186085.1:current_genome_key,primary_accession,gcf_accession || GCA_000186085.1:gca_accession,local_genome_files"
185,STRAIN_000186,GCF_000187705.1,GCF_000187705.1 | GCA_000187705.1,GCF_000187705 | GCA_000187705,2,"GCF_000187705.1:current_genome_key,primary_accession,gcf_accession || GCA_000187705.1:gca_accession,local_genome_files"
186,STRAIN_000187,GCF_000189515.1,GCF_000189515.1 | GCA_000189515.1,GCF_000189515 | GCA_000189515,2,"GCF_000189515.1:current_genome_key,primary_accession,gcf_accession || GCA_000189515.1:gca_accession,local_genome_files"
187,STRAIN_000188,GCF_000191165.1,GCF_000191165.1 | GCA_000191165.1,GCF_000191165 | GCA_000191165,2,"GCF_000191165.1:current_genome_key,primary_accession,gcf_accession || GCA_000191165.1:gca_accession,local_genome_files"
188,STRAIN_000189,GCF_000192705.1,GCF_000192705.1 | GCA_000192705.1,GCF_000192705 | GCA_000192705,2,"GCF_000192705.1:current_genome_key,primary_accession,gcf_accession || GCA_000192705.1:gca_accession,local_genome_files"
189,STRAIN_000190,GCF_000194765.1,GCF_000194765.1 | GCA_000194765.1,GCF_000194765 | GCA_000194765,2,"GCF_000194765.1:current_genome_key,primary_accession,gcf_accession || GCA_000194765.1:gca_accession,local_genome_files"
190,STRAIN_000191,GCF_000194785.1,GCF_000194785.1 | GCA_000194785.1,GCF_000194785 | GCA_000194785,2,"GCF_000194785.1:current_genome_key,primary_accession,gcf_accession || GCA_000194785.1:gca_accession,local_genome_files"
191,STRAIN_000192,GCF_000195375.1,GCF_000195375.1 | GCA_000195375.2,GCF_000195375 | GCA_000195375,2,"GCF_000195375.1:current_genome_key,primary_accession,gcf_accession || GCA_000195375.2:gca_accession,local_genome_files"
192,STRAIN_000193,GCF_000195575.1,GCF_000195575.1 | GCA_000195575.1,GCF_000195575 | GCA_000195575,2,"GCF_000195575.1:current_genome_key,primary_accession,gcf_accession || GCA_000195575.1:gca_accession,local_genome_files"
193,STRAIN_000194,GCF_000195775.2,GCF_000195775.2 | GCA_000195775.2,GCF_000195775 | GCA_000195775,2,"GCF_000195775.2:current_genome_key,primary_accession,gcf_accession || GCA_000195775.2:gca_accession,local_genome_files"
194,STRAIN_000195,GCF_000196175.1,GCF_000196175.1 | GCA_000196175.1,GCF_000196175 | GCA_000196175,2,"GCF_000196175.1:current_genome_key,primary_accession,gcf_accession || GCA_000196175.1:gca_accession,local_genome_files"
195,STRAIN_000196,GCF_000196555.1,GCF_000196555.1 | GCA_000196555.1,GCF_000196555 | GCA_000196555,2,"GCF_000196555.1:current_genome_key,primary_accession,gcf_accession || GCA_000196555.1:gca_accession,local_genome_files"
196,STRAIN_000197,GCF_000196575.1,GCF_000196575.1 | GCA_000196575.1,GCF_000196575 | GCA_000196575,2,"GCF_000196575.1:current_genome_key,primary_accession,gcf_accession || GCA_000196575.1:gca_accession,local_genome_files"
197,STRAIN_000198,GCF_000196735.1,GCF_000196735.1 | GCA_000196735.1,GCF_000196735 | GCA_000196735,2,"GCF_000196735.1:current_genome_key,primary_accession,gcf_accession || GCA_000196735.1:gca_accession,local_genome_files"
198,STRAIN_000199,GCF_000203855.3,GCF_000203855.3 | GCA_000203855.3,GCF_000203855 | GCA_000203855,2,"GCF_000203855.3:current_genome_key,primary_accession,gcf_accession || GCA_000203855.3:gca_accession,local_genome_files"
199,STRAIN_000200,GCF_000210755.1,GCF_000210755.1 | GCA_000210755.1,GCF_000210755 | GCA_000210755,2,"GCF_000210755.1:current_genome_key,primary_accession,gcf_accession || GCA_000210755.1:gca_accession,local_genome_files"
200,STRAIN_000201,GCF_000214785.1,GCF_000214785.1 | GCA_000214785.1,GCF_000214785 | GCA_000214785,2,"GCF_000214785.1:current_genome_key,primary_accession,gcf_accession || GCA_000214785.1:gca_accession,local_genome_files"
201,STRAIN_000202,GCF_000219455.1,GCF_000219455.1 | GCA_000219455.1,GCF_000219455 | GCA_000219455,2,"GCF_000219455.1:current_genome_key,primary_accession,gcf_accession || GCA_000219455.1:gca_accession,local_genome_files"
202,STRAIN_000203,GCF_000219805.1,GCF_000219805.1 | GCA_000219805.1,GCF_000219805 | GCA_000219805,2,"GCF_000219805.1:current_genome_key,primary_accession,gcf_accession || GCA_000219805.1:gca_accession,local_genome_files"
203,STRAIN_000204,GCF_000220135.1,GCF_000220135.1 | GCA_000220135.1,GCF_000220135 | GCA_000220135,2,"GCF_000220135.1:current_genome_key,primary_accession,gcf_accession || GCA_000220135.1:gca_accession,local_genome_files"
204,STRAIN_000205,GCF_000220885.1,GCF_000220885.1 | GCA_000220885.1,GCF_000220885 | GCA_000220885,2,"GCF_000220885.1:current_genome_key,primary_accession,gcf_accession || GCA_000220885.1:gca_accession,local_genome_files"
205,STRAIN_000206,GCF_000224965.2,GCF_000224965.2 | GCA_000224965.2,GCF_000224965 | GCA_000224965,2,"GCF_000224965.2:current_genome_key,primary_accession,gcf_accession || GCA_000224965.2:gca_accession,local_genome_files"
206,STRAIN_000207,GCF_000225385.1,GCF_000225385.1 | GCA_000225385.2,GCF_000225385 | GCA_000225385,2,"GCF_000225385.1:current_genome_key,primary_accession,gcf_accession || GCA_000225385.2:gca_accession,local_genome_files"
207,STRAIN_000208,GCF_000226175.1,GCF_000226175.1 | GCA_000226175.2,GCF_000226175 | GCA_000226175,2,"GCF_000226175.1:current_genome_key,primary_accession,gcf_accession || GCA_000226175.2:gca_accession,local_genome_files"
208,STRAIN_000209,GCF_000226235.1,GCF_000226235.1 | GCA_000226235.1,GCF_000226235 | GCA_000226235,2,"GCF_000226235.1:current_genome_key,primary_accession,gcf_accession || GCA_000226235.1:gca_accession,local_genome_files"
209,STRAIN_000210,GCF_000227485.1,GCF_000227485.1 | GCA_000227485.1,GCF_000227485 | GCA_000227485,2,"GCF_000227485.1:current_genome_key,primary_accession,gcf_accession || GCA_000227485.1:gca_accession,local_genome_files"
210,STRAIN_000211,GCF_000235785.1,GCF_000235785.1 | GCA_000235785.2,GCF_000235785 | GCA_000235785,2,"GCF_000235785.1:current_genome_key,primary_accession,gcf_accession || GCA_000235785.2:gca_accession,local_genome_files"
211,STRAIN_000212,GCF_000236455.2,GCF_000236455.2 | GCA_000236455.2,GCF_000236455 | GCA_000236455,2,"GCF_000236455.2:current_genome_key,primary_accession,gcf_accession || GCA_000236455.2:gca_accession,local_genome_files"
212,STRAIN_000213,GCF_000236475.1,GCF_000236475.1 | GCA_000236475.1,GCF_000236475 | GCA_000236475,2,"GCF_000236475.1:current_genome_key,primary_accession,gcf_accession || GCA_000236475.1:gca_accession,local_genome_files"
213,STRAIN_000214,GCF_000247735.1,GCF_000247735.1 | GCA_000247735.2,GCF_000247735 | GCA_000247735,2,"GCF_000247735.1:current_genome_key,primary_accession,gcf_accession || GCA_000247735.2:gca_accession,local_genome_files"
214,STRAIN_000215,GCF_000248095.2,GCF_000248095.2 | GCA_000248095.3,GCF_000248095 | GCA_000248095,2,"GCF_000248095.2:current_genome_key,primary_accession,gcf_accession || GCA_000248095.3:gca_accession,local_genome_files"
215,STRAIN_000216,GCF_000253395.1,GCF_000253395.1 | GCA_000253395.1,GCF_000253395 | GCA_000253395,2,"GCF_000253395.1:current_genome_key,primary_accession,gcf_accession || GCA_000253395.1:gca_accession,local_genome_files"
216,STRAIN_000217,GCF_000260715.1,GCF_000260715.1 | GCA_000260715.1,GCF_000260715 | GCA_000260715,2,"GCF_000260715.1:current_genome_key,primary_accession,gcf_accession || GCA_000260715.1:gca_accession,local_genome_files"
217,STRAIN_000218,GCF_000262325.2,GCF_000262325.2 | GCA_000262325.2,GCF_000262325 | GCA_000262325,2,"GCF_000262325.2:current_genome_key,primary_accession,gcf_accession || GCA_000262325.2:gca_accession,local_genome_files"
218,STRAIN_000219,GCF_000262675.1,GCF_000262675.1 | GCA_000262675.1,GCF_000262675 | GCA_000262675,2,"GCF_000262675.1:current_genome_key,primary_accession,gcf_accession || GCA_000262675.1:gca_accession,local_genome_files"
219,STRAIN_000220,GCF_000265095.1,GCF_000265095.1 | GCA_000265095.1,GCF_000265095 | GCA_000265095,2,"GCF_000265095.1:current_genome_key,primary_accession,gcf_accession || GCA_000265095.1:gca_accession,local_genome_files"
220,STRAIN_000221,GCF_000269965.1,GCF_000269965.1 | GCA_000269965.1,GCF_000269965 | GCA_000269965,2,"GCF_000269965.1:current_genome_key,primary_accession,gcf_accession || GCA_000269965.1:gca_accession,local_genome_files"
221,STRAIN_000222,GCF_000277325.1,GCF_000277325.1 | GCA_000277325.1,GCF_000277325 | GCA_000277325,2,"GCF_000277325.1:current_genome_key,primary_accession,gcf_accession || GCA_000277325.1:gca_accession,local_genome_files"
222,STRAIN_000223,GCF_000277345.1,GCF_000277345.1 | GCA_000277345.1,GCF_000277345 | GCA_000277345,2,"GCF_000277345.1:current_genome_key,primary_accession,gcf_accession || GCA_000277345.1:gca_accession,local_genome_files"
223,STRAIN_000224,GCF_000283495.2,GCF_000283495.2 | GCA_000283495.2,GCF_000283495 | GCA_000283495,2,"GCF_000283495.2:current_genome_key,primary_accession,gcf_accession || GCA_000283495.2:gca_accession,local_genome_files"
224,STRAIN_000225,GCF_000283615.1,GCF_000283615.1 | GCA_000283615.1,GCF_000283615 | GCA_000283615,2,"GCF_000283615.1:current_genome_key,primary_accession,gcf_accession || GCA_000283615.1:gca_accession,local_genome_files"
225,STRAIN_000226,GCF_000286295.1,GCF_000286295.1 | GCA_000286295.1,GCF_000286295 | GCA_000286295,2,"GCF_000286295.1:current_genome_key,primary_accession,gcf_accession || GCA_000286295.1:gca_accession,local_genome_files"
226,STRAIN_000227,GCF_000304215.1,GCF_000304215.1 | GCA_000304215.1,GCF_000304215 | GCA_000304215,2,"GCF_000304215.1:current_genome_key,primary_accession,gcf_accession || GCA_000304215.1:gca_accession,local_genome_files"
227,STRAIN_000228,GCF_000309565.2,GCF_000309565.2 | GCA_000309565.2,GCF_000309565 | GCA_000309565,2,"GCF_000309565.2:current_genome_key,primary_accession,gcf_accession || GCA_000309565.2:gca_accession,local_genome_files"
228,STRAIN_000229,GCF_000312685.1,GCF_000312685.1 | GCA_000312685.1,GCF_000312685 | GCA_000312685,2,"GCF_000312685.1:current_genome_key,primary_accession,gcf_accession || GCA_000312685.1:gca_accession,local_genome_files"
229,STRAIN_000230,GCF_000318035.1,GCF_000318035.1 | GCA_000318035.1,GCF_000318035 | GCA_000318035,2,"GCF_000318035.1:current_genome_key,primary_accession,gcf_accession || GCA_000318035.1:gca_accession,local_genome_files"
230,STRAIN_000231,GCF_000321395.1,GCF_000321395.1 | GCA_000321395.1,GCF_000321395 | GCA_000321395,2,"GCF_000321395.1:current_genome_key,primary_accession,gcf_accession || GCA_000321395.1:gca_accession,local_genome_files"
231,STRAIN_000232,GCF_000335515.1,GCF_000335515.1 | GCA_000335515.1,GCF_000335515 | GCA_000335515,2,"GCF_000335515.1:current_genome_key,primary_accession,gcf_accession || GCA_000335515.1:gca_accession,local_genome_files"
232,STRAIN_000233,GCF_000338115.2,GCF_000338115.2 | GCA_000338115.2,GCF_000338115 | GCA_000338115,2,"GCF_000338115.2:current_genome_key,primary_accession,gcf_accession || GCA_000338115.2:gca_accession,local_genome_files"
233,STRAIN_000234,GCF_000344575.1,GCF_000344575.1 | GCA_000344575.1,GCF_000344575 | GCA_000344575,2,"GCF_000344575.1:current_genome_key,primary_accession,gcf_accession || GCA_000344575.1:gca_accession,local_genome_files"
234,STRAIN_000235,GCF_000344745.1,GCF_000344745.1 | GCA_000344745.1,GCF_000344745 | GCA_000344745,2,"GCF_000344745.1:current_genome_key,primary_accession,gcf_accession || GCA_000344745.1:gca_accession,local_genome_files"
235,STRAIN_000236,GCF_000347695.1,GCF_000347695.1 | GCA_000347695.1,GCF_000347695 | GCA_000347695,2,"GCF_000347695.1:current_genome_key,primary_accession,gcf_accession || GCA_000347695.1:gca_accession,local_genome_files"
236,STRAIN_000237,GCF_000349795.1,GCF_000349795.1 | GCA_000349795.1,GCF_000349795 | GCA_000349795,2,"GCF_000349795.1:current_genome_key,primary_accession,gcf_accession || GCA_000349795.1:gca_accession,local_genome_files"
237,STRAIN_000238,GCF_000359625.1,GCF_000359625.1 | GCA_000359625.1,GCF_000359625 | GCA_000359625,2,"GCF_000359625.1:current_genome_key,primary_accession,gcf_accession || GCA_000359625.1:gca_accession,local_genome_files"
238,STRAIN_000239,GCF_000388095.2,GCF_000388095.2 | GCA_000388095.2,GCF_000388095 | GCA_000388095,2,"GCF_000388095.2:current_genome_key,primary_accession,gcf_accession || GCA_000388095.2:gca_accession,local_genome_files"
239,STRAIN_000240,GCF_000389675.2,GCF_000389675.2 | GCA_000389675.2,GCF_000389675 | GCA_000389675,2,"GCF_000389675.2:current_genome_key,primary_accession,gcf_accession || GCA_000389675.2:gca_accession,local_genome_files"
240,STRAIN_000241,GCF_000392485.3,GCF_000392485.3 | GCA_000392485.2,GCF_000392485 | GCA_000392485,2,"GCF_000392485.3:current_genome_key,primary_accession,gcf_accession || GCA_000392485.2:gca_accession,local_genome_files"
241,STRAIN_000242,GCF_000397165.1,GCF_000397165.1 | GCA_000397165.1,GCF_000397165 | GCA_000397165,2,"GCF_000397165.1:current_genome_key,primary_accession,gcf_accession || GCA_000397165.1:gca_accession,local_genome_files"
242,STRAIN_000243,GCF_000400585.1,GCF_000400585.1 | GCA_000400585.1,GCF_000400585 | GCA_000400585,2,"GCF_000400585.1:current_genome_key,primary_accession,gcf_accession || GCA_000400585.1:gca_accession,local_genome_files"
243,STRAIN_000244,GCF_000410995.1,GCF_000410995.1 | GCA_000410995.1,GCF_000410995 | GCA_000410995,2,"GCF_000410995.1:current_genome_key,primary_accession,gcf_accession || GCA_000410995.1:gca_accession,local_genome_files"
244,STRAIN_000245,GCF_000412205.1,GCF_000412205.1 | GCA_000412205.1,GCF_000412205 | GCA_000412205,2,"GCF_000412205.1:current_genome_key,primary_accession,gcf_accession || GCA_000412205.1:gca_accession,local_genome_files"
245,STRAIN_000246,GCF_000414215.2,GCF_000414215.2 | GCA_000414215.2,GCF_000414215 | GCA_000414215,2,"GCF_000414215.2:current_genome_key,primary_accession,gcf_accession || GCA_000414215.2:gca_accession,local_genome_files"
246,STRAIN_000247,GCF_000414365.1,GCF_000414365.1 | GCA_000414365.1,GCF_000414365 | GCA_000414365,2,"GCF_000414365.1:current_genome_key,primary_accession,gcf_accession || GCA_000414365.1:gca_accession,local_genome_files"
247,STRAIN_000248,GCF_000418475.1,GCF_000418475.1 | GCA_000418475.1,GCF_000418475 | GCA_000418475,2,"GCF_000418475.1:current_genome_key,primary_accession,gcf_accession || GCA_000418475.1:gca_accession,local_genome_files"
248,STRAIN_000249,GCF_000418515.1,GCF_000418515.1 | GCA_000418515.1,GCF_000418515 | GCA_000418515,2,"GCF_000418515.1:current_genome_key,primary_accession,gcf_accession || GCA_000418515.1:gca_accession,local_genome_files"
249,STRAIN_000250,GCF_000422165.1,GCF_000422165.1 | GCA_000422165.1,GCF_000422165 | GCA_000422165,2,"GCF_000422165.1:current_genome_key,primary_accession,gcf_accession || GCA_000422165.1:gca_accession,local_genome_files"
250,STRAIN_000251,GCF_000439275.1,GCF_000439275.1 | GCA_000439275.1,GCF_000439275 | GCA_000439275,2,"GCF_000439275.1:current_genome_key,primary_accession,gcf_accession || GCA_000439275.1:gca_accession,local_genome_files"
251,STRAIN_000252,GCF_000466525.1,GCF_000466525.1 | GCA_000466525.1,GCF_000466525 | GCA_000466525,2,"GCF_000466525.1:current_genome_key,primary_accession,gcf_accession || GCA_000466525.1:gca_accession,local_genome_files"
252,STRAIN_000253,GCF_000466785.3,GCF_000466785.3 | GCA_000466785.3,GCF_000466785 | GCA_000466785,2,"GCF_000466785.3:current_genome_key,primary_accession,gcf_accession || GCA_000466785.3:gca_accession,local_genome_files"
253,STRAIN_000254,GCF_000466905.1,GCF_000466905.1 | GCA_000466905.1,GCF_000466905 | GCA_000466905,2,"GCF_000466905.1:current_genome_key,primary_accession,gcf_accession || GCA_000466905.1:gca_accession,local_genome_files"
254,STRAIN_000255,GCF_000468955.1,GCF_000468955.1 | GCA_000468955.1,GCF_000468955 | GCA_000468955,2,"GCF_000468955.1:current_genome_key,primary_accession,gcf_accession || GCA_000468955.1:gca_accession,local_genome_files"
255,STRAIN_000256,GCF_000469365.1,GCF_000469365.1 | GCA_000469365.1,GCF_000469365 | GCA_000469365,2,"GCF_000469365.1:current_genome_key,primary_accession,gcf_accession || GCA_000469365.1:gca_accession,local_genome_files"
256,STRAIN_000257,GCF_000469745.1,GCF_000469745.1 | GCA_000469745.1,GCF_000469745 | GCA_000469745,2,"GCF_000469745.1:current_genome_key,primary_accession,gcf_accession || GCA_000469745.1:gca_accession,local_genome_files"
257,STRAIN_000258,GCF_000471945.1,GCF_000471945.1 | GCA_000471945.1,GCF_000471945 | GCA_000471945,2,"GCF_000471945.1:current_genome_key,primary_accession,gcf_accession || GCA_000471945.1:gca_accession,local_genome_files"
258,STRAIN_000259,GCF_000472265.1,GCF_000472265.1 | GCA_000472265.1,GCF_000472265 | GCA_000472265,2,"GCF_000472265.1:current_genome_key,primary_accession,gcf_accession || GCA_000472265.1:gca_accession,local_genome_files"
259,STRAIN_000260,GCF_000473935.1,GCF_000473935.1 | GCA_000473935.1,GCF_000473935 | GCA_000473935,2,"GCF_000473935.1:current_genome_key,primary_accession,gcf_accession || GCA_000473935.1:gca_accession,local_genome_files"
260,STRAIN_000261,GCF_000477515.1,GCF_000477515.1 | GCA_000477515.1,GCF_000477515 | GCA_000477515,2,"GCF_000477515.1:current_genome_key,primary_accession,gcf_accession || GCA_000477515.1:gca_accession,local_genome_files"
261,STRAIN_000262,GCF_000478255.1,GCF_000478255.1 | GCA_000478255.2,GCF_000478255 | GCA_000478255,2,"GCF_000478255.1:current_genome_key,primary_accession,gcf_accession || GCA_000478255.2:gca_accession,local_genome_files"
262,STRAIN_000263,GCF_000479375.3,GCF_000479375.3 | GCA_000479375.3,GCF_000479375 | GCA_000479375,2,"GCF_000479375.3:current_genome_key,primary_accession,gcf_accession || GCA_000479375.3:gca_accession,local_genome_files"
263,STRAIN_000264,GCF_000496265.1,GCF_000496265.1 | GCA_000496265.1,GCF_000496265 | GCA_000496265,2,"GCF_000496265.1:current_genome_key,primary_accession,gcf_accession || GCA_000496265.1:gca_accession,local_genome_files"
264,STRAIN_000265,GCF_000497735.1,GCF_000497735.1 | GCA_000497735.1,GCF_000497735 | GCA_000497735,2,"GCF_000497735.1:current_genome_key,primary_accession,gcf_accession || GCA_000497735.1:gca_accession,local_genome_files"
265,STRAIN_000266,GCF_000497795.1,GCF_000497795.1 | GCA_000497795.1,GCF_000497795 | GCA_000497795,2,"GCF_000497795.1:current_genome_key,primary_accession,gcf_accession || GCA_000497795.1:gca_accession,local_genome_files"
266,STRAIN_000267,GCF_000508405.1,GCF_000508405.1 | GCA_000508405.1,GCF_000508405 | GCA_000508405,2,"GCF_000508405.1:current_genome_key,primary_accession,gcf_accession || GCA_000508405.1:gca_accession,local_genome_files"
267,STRAIN_000268,GCF_000510825.1,GCF_000510825.1 | GCA_000510825.1,GCF_000510825 | GCA_000510825,2,"GCF_000510825.1:current_genome_key,primary_accession,gcf_accession || GCA_000510825.1:gca_accession,local_genome_files"
268,STRAIN_000269,GCF_000521285.1,GCF_000521285.1 | GCA_000521285.1,GCF_000521285 | GCA_000521285,2,"GCF_000521285.1:current_genome_key,primary_accession,gcf_accession || GCA_000521285.1:gca_accession,local_genome_files"
269,STRAIN_000270,GCF_000521305.1,GCF_000521305.1 | GCA_000521305.1,GCF_000521305 | GCA_000521305,2,"GCF_000521305.1:current_genome_key,primary_accession,gcf_accession || GCA_000521305.1:gca_accession,local_genome_files"
270,STRAIN_000271,GCF_000521325.1,GCF_000521325.1 | GCA_000521325.1,GCF_000521325 | GCA_000521325,2,"GCF_000521325.1:current_genome_key,primary_accession,gcf_accession || GCA_000521325.1:gca_accession,local_genome_files"
271,STRAIN_000272,GCF_000525715.1,GCF_000525715.1 | GCA_000525715.1,GCF_000525715 | GCA_000525715,2,"GCF_000525715.1:current_genome_key,primary_accession,gcf_accession || GCA_000525715.1:gca_accession,local_genome_files"
272,STRAIN_000273,GCF_000568895.1,GCF_000568895.1 | GCA_000568895.1,GCF_000568895 | GCA_000568895,2,"GCF_000568895.1:current_genome_key,primary_accession,gcf_accession || GCA_000568895.1:gca_accession,local_genome_files"
273,STRAIN_000274,GCF_000568975.1,GCF_000568975.1 | GCA_000568975.1,GCF_000568975 | GCA_000568975,2,"GCF_000568975.1:current_genome_key,primary_accession,gcf_accession || GCA_000568975.1:gca_accession,local_genome_files"
274,STRAIN_000275,GCF_000569035.1,GCF_000569035.1 | GCA_000569035.1,GCF_000569035 | GCA_000569035,2,"GCF_000569035.1:current_genome_key,primary_accession,gcf_accession || GCA_000569035.1:gca_accession,local_genome_files"
275,STRAIN_000276,GCF_000572065.1,GCF_000572065.1 | GCA_000572065.1,GCF_000572065 | GCA_000572065,2,"GCF_000572065.1:current_genome_key,primary_accession,gcf_accession || GCA_000572065.1:gca_accession,local_genome_files"
276,STRAIN_000277,GCF_000572095.1,GCF_000572095.1 | GCA_000572095.1,GCF_000572095 | GCA_000572095,2,"GCF_000572095.1:current_genome_key,primary_accession,gcf_accession || GCA_000572095.1:gca_accession,local_genome_files"
277,STRAIN_000278,GCF_000582665.1,GCF_000582665.1 | GCA_000582665.1,GCF_000582665 | GCA_000582665,2,"GCF_000582665.1:current_genome_key,primary_accession,gcf_accession || GCA_000582665.1:gca_accession,local_genome_files"
278,STRAIN_000279,GCF_000612705.1,GCF_000612705.1 | GCA_000612705.1,GCF_000612705 | GCA_000612705,2,"GCF_000612705.1:current_genome_key,primary_accession,gcf_accession || GCA_000612705.1:gca_accession,local_genome_files"
279,STRAIN_000280,GCF_000615205.1,GCF_000615205.1 | GCA_000615205.1,GCF_000615205 | GCA_000615205,2,"GCF_000615205.1:current_genome_key,primary_accession,gcf_accession || GCA_000615205.1:gca_accession,local_genome_files"
280,STRAIN_000281,GCF_000615245.1,GCF_000615245.1 | GCA_000615245.1,GCF_000615245 | GCA_000615245,2,"GCF_000615245.1:current_genome_key,primary_accession,gcf_accession || GCA_000615245.1:gca_accession,local_genome_files"
281,STRAIN_000282,GCF_000695895.1,GCF_000695895.1 | GCA_000695895.1,GCF_000695895 | GCA_000695895,2,"GCF_000695895.1:current_genome_key,primary_accession,gcf_accession || GCA_000695895.1:gca_accession,local_genome_files"
282,STRAIN_000283,GCF_000698885.1,GCF_000698885.1 | GCA_000698885.1,GCF_000698885 | GCA_000698885,2,"GCF_000698885.1:current_genome_key,primary_accession,gcf_accession || GCA_000698885.1:gca_accession,local_genome_files"
283,STRAIN_000284,GCF_000699465.1,GCF_000699465.1 | GCA_000699465.1,GCF_000699465 | GCA_000699465,2,"GCF_000699465.1:current_genome_key,primary_accession,gcf_accession || GCA_000699465.1:gca_accession,local_genome_files"
284,STRAIN_000285,GCF_000699525.1,GCF_000699525.1 | GCA_000699525.1,GCF_000699525 | GCA_000699525,2,"GCF_000699525.1:current_genome_key,primary_accession,gcf_accession || GCA_000699525.1:gca_accession,local_genome_files"
285,STRAIN_000286,GCF_000702865.1,GCF_000702865.1 | GCA_000702865.1,GCF_000702865 | GCA_000702865,2,"GCF_000702865.1:current_genome_key,primary_accession,gcf_accession || GCA_000702865.1:gca_accession,local_genome_files"
286,STRAIN_000287,GCF_000706705.1,GCF_000706705.1 | GCA_000706705.1,GCF_000706705 | GCA_000706705,2,"GCF_000706705.1:current_genome_key,primary_accession,gcf_accession || GCA_000706705.1:gca_accession,local_genome_files"
287,STRAIN_000288,GCF_000708005.1,GCF_000708005.1 | GCA_000708005.1,GCF_000708005 | GCA_000708005,2,"GCF_000708005.1:current_genome_key,primary_accession,gcf_accession || GCA_000708005.1:gca_accession,local_genome_files"
288,STRAIN_000289,GCF_000712495.1,GCF_000712495.1 | GCA_000712495.1,GCF_000712495 | GCA_000712495,2,"GCF_000712495.1:current_genome_key,primary_accession,gcf_accession || GCA_000712495.1:gca_accession,local_genome_files"
289,STRAIN_000290,GCF_000712555.1,GCF_000712555.1 | GCA_000712555.1,GCF_000712555 | GCA_000712555,2,"GCF_000712555.1:current_genome_key,primary_accession,gcf_accession || GCA_000712555.1:gca_accession,local_genome_files"
290,STRAIN_000291,GCF_000730125.1,GCF_000730125.1 | GCA_000730125.1,GCF_000730125 | GCA_000730125,2,"GCF_000730125.1:current_genome_key,primary_accession,gcf_accession || GCA_000730125.1:gca_accession,local_genome_files"
291,STRAIN_000292,GCF_000731855.1,GCF_000731855.1 | GCA_000731855.1,GCF_000731855 | GCA_000731855,2,"GCF_000731855.1:current_genome_key,primary_accession,gcf_accession || GCA_000731855.1:gca_accession,local_genome_files"
292,STRAIN_000293,GCF_000736295.1,GCF_000736295.1 | GCA_000736295.5,GCF_000736295 | GCA_000736295,2,"GCF_000736295.1:current_genome_key,primary_accession,gcf_accession || GCA_000736295.5:gca_accession,local_genome_files"
293,STRAIN_000294,GCF_000737885.1,GCF_000737885.1 | GCA_000737885.1,GCF_000737885 | GCA_000737885,2,"GCF_000737885.1:current_genome_key,primary_accession,gcf_accession || GCA_000737885.1:gca_accession,local_genome_files"
294,STRAIN_000295,GCF_000741085.1,GCF_000741085.1 | GCA_000741085.1,GCF_000741085 | GCA_000741085,2,"GCF_000741085.1:current_genome_key,primary_accession,gcf_accession || GCA_000741085.1:gca_accession,local_genome_files"
295,STRAIN_000296,GCF_000741245.1,GCF_000741245.1 | GCA_000741245.1,GCF_000741245 | GCA_000741245,2,"GCF_000741245.1:current_genome_key,primary_accession,gcf_accession || GCA_000741245.1:gca_accession,local_genome_files"
296,STRAIN_000297,GCF_000741415.1,GCF_000741415.1 | GCA_000741415.1,GCF_000741415 | GCA_000741415,2,"GCF_000741415.1:current_genome_key,primary_accession,gcf_accession || GCA_000741415.1:gca_accession,local_genome_files"
297,STRAIN_000298,GCF_000741495.1,GCF_000741495.1 | GCA_000741495.1,GCF_000741495 | GCA_000741495,2,"GCF_000741495.1:current_genome_key,primary_accession,gcf_accession || GCA_000741495.1:gca_accession,local_genome_files"
298,STRAIN_000299,GCF_000743075.1,GCF_000743075.1 | GCA_000743075.1,GCF_000743075 | GCA_000743075,2,"GCF_000743075.1:current_genome_key,primary_accession,gcf_accession || GCA_000743075.1:gca_accession,local_genome_files"
299,STRAIN_000300,GCF_000758185.1,GCF_000758185.1 | GCA_000758185.1,GCF_000758185 | GCA_000758185,2,"GCF_000758185.1:current_genome_key,primary_accession,gcf_accession || GCA_000758185.1:gca_accession,local_genome_files"
300,STRAIN_000301,GCF_000762955.1,GCF_000762955.1 | GCA_000762955.1,GCF_000762955 | GCA_000762955,2,"GCF_000762955.1:current_genome_key,primary_accession,gcf_accession || GCA_000762955.1:gca_accession,local_genome_files"
301,STRAIN_000302,GCF_000764285.1,GCF_000764285.1 | GCA_000764285.1,GCF_000764285 | GCA_000764285,2,"GCF_000764285.1:current_genome_key,primary_accession,gcf_accession || GCA_000764285.1:gca_accession,local_genome_files"
302,STRAIN_000303,GCF_000771445.1,GCF_000771445.1 | GCA_000771445.1,GCF_000771445 | GCA_000771445,2,"GCF_000771445.1:current_genome_key,primary_accession,gcf_accession || GCA_000771445.1:gca_accession,local_genome_files"
303,STRAIN_000304,GCF_000771485.1,GCF_000771485.1 | GCA_000771485.1,GCF_000771485 | GCA_000771485,2,"GCF_000771485.1:current_genome_key,primary_accession,gcf_accession || GCA_000771485.1:gca_accession,local_genome_files"
304,STRAIN_000305,GCF_000772485.1,GCF_000772485.1 | GCA_000772485.1,GCF_000772485 | GCA_000772485,2,"GCF_000772485.1:current_genome_key,primary_accession,gcf_accession || GCA_000772485.1:gca_accession,local_genome_files"
305,STRAIN_000306,GCF_000800475.2,GCF_000800475.2 | GCA_000800475.2,GCF_000800475 | GCA_000800475,2,"GCF_000800475.2:current_genome_key,primary_accession,gcf_accession || GCA_000800475.2:gca_accession,local_genome_files"
306,STRAIN_000307,GCF_000807375.1,GCF_000807375.1 | GCA_000807375.1,GCF_000807375 | GCA_000807375,2,"GCF_000807375.1:current_genome_key,primary_accession,gcf_accession || GCA_000807375.1:gca_accession,local_genome_files"
307,STRAIN_000308,GCF_000807975.1,GCF_000807975.1 | GCA_000807975.1,GCF_000807975 | GCA_000807975,2,"GCF_000807975.1:current_genome_key,primary_accession,gcf_accession || GCA_000807975.1:gca_accession,local_genome_files"
308,STRAIN_000309,GCF_000816205.1,GCF_000816205.1 | GCA_000816205.1,GCF_000816205 | GCA_000816205,2,"GCF_000816205.1:current_genome_key,primary_accession,gcf_accession || GCA_000816205.1:gca_accession,local_genome_files"
309,STRAIN_000310,GCF_000817045.1,GCF_000817045.1 | GCA_000817045.1,GCF_000817045 | GCA_000817045,2,"GCF_000817045.1:current_genome_key,primary_accession,gcf_accession || GCA_000817045.1:gca_accession,local_genome_files"
310,STRAIN_000311,GCF_000817975.1,GCF_000817975.1 | GCA_000817975.1,GCF_000817975 | GCA_000817975,2,"GCF_000817975.1:current_genome_key,primary_accession,gcf_accession || GCA_000817975.1:gca_accession,local_genome_files"
311,STRAIN_000312,GCF_000817995.1,GCF_000817995.1 | GCA_000817995.1,GCF_000817995 | GCA_000817995,2,"GCF_000817995.1:current_genome_key,primary_accession,gcf_accession || GCA_000817995.1:gca_accession,local_genome_files"
312,STRAIN_000313,GCF_000818055.1,GCF_000818055.1 | GCA_000818055.1,GCF_000818055 | GCA_000818055,2,"GCF_000818055.1:current_genome_key,primary_accession,gcf_accession || GCA_000818055.1:gca_accession,local_genome_files"
313,STRAIN_000314,GCF_000827065.1,GCF_000827065.1 | GCA_000827065.1,GCF_000827065 | GCA_000827065,2,"GCF_000827065.1:current_genome_key,primary_accession,gcf_accession || GCA_000827065.1:gca_accession,local_genome_files"
314,STRAIN_000315,GCF_000829035.1,GCF_000829035.1 | GCA_000829035.1,GCF_000829035 | GCA_000829035,2,"GCF_000829035.1:current_genome_key,primary_accession,gcf_accession || GCA_000829035.1:gca_accession,local_genome_files"
315,STRAIN_000316,GCF_000829055.1,GCF_000829055.1 | GCA_000829055.1,GCF_000829055 | GCA_000829055,2,"GCF_000829055.1:current_genome_key,primary_accession,gcf_accession || GCA_000829055.1:gca_accession,local_genome_files"
316,STRAIN_000317,GCF_000829295.1,GCF_000829295.1 | GCA_000829295.1,GCF_000829295 | GCA_000829295,2,"GCF_000829295.1:current_genome_key,primary_accession,gcf_accession || GCA_000829295.1:gca_accession,local_genome_files"
317,STRAIN_000318,GCF_000830535.1,GCF_000830535.1 | GCA_000830535.1,GCF_000830535 | GCA_000830535,2,"GCF_000830535.1:current_genome_key,primary_accession,gcf_accession || GCA_000830535.1:gca_accession,local_genome_files"
318,STRAIN_000319,GCF_000832905.1,GCF_000832905.1 | GCA_000832905.1,GCF_000832905 | GCA_000832905,2,"GCF_000832905.1:current_genome_key,primary_accession,gcf_accession || GCA_000832905.1:gca_accession,local_genome_files"
319,STRAIN_000320,GCF_000835975.1,GCF_000835975.1 | GCA_000835975.1,GCF_000835975 | GCA_000835975,2,"GCF_000835975.1:current_genome_key,primary_accession,gcf_accession || GCA_000835975.1:gca_accession,local_genome_files"
320,STRAIN_000321,GCF_000836595.1,GCF_000836595.1 | GCA_000836595.1,GCF_000836595 | GCA_000836595,2,"GCF_000836595.1:current_genome_key,primary_accession,gcf_accession || GCA_000836595.1:gca_accession,local_genome_files"
321,STRAIN_000322,GCF_000836675.1,GCF_000836675.1 | GCA_000836675.1,GCF_000836675 | GCA_000836675,2,"GCF_000836675.1:current_genome_key,primary_accession,gcf_accession || GCA_000836675.1:gca_accession,local_genome_files"
322,STRAIN_000323,GCF_000875905.1,GCF_000875905.1 | GCA_000875905.1,GCF_000875905 | GCA_000875905,2,"GCF_000875905.1:current_genome_key,primary_accession,gcf_accession || GCA_000875905.1:gca_accession,local_genome_files"
323,STRAIN_000324,GCF_000876545.1,GCF_000876545.1 | GCA_000876545.1,GCF_000876545 | GCA_000876545,2,"GCF_000876545.1:current_genome_key,primary_accession,gcf_accession || GCA_000876545.1:gca_accession,local_genome_files"
324,STRAIN_000325,GCF_000931425.2,GCF_000931425.2 | GCA_000931425.2,GCF_000931425 | GCA_000931425,2,"GCF_000931425.2:current_genome_key,primary_accession,gcf_accession || GCA_000931425.2:gca_accession,local_genome_files"
325,STRAIN_000326,GCF_000932035.1,GCF_000932035.1 | GCA_000932035.1,GCF_000932035 | GCA_000932035,2,"GCF_000932035.1:current_genome_key,primary_accession,gcf_accession || GCA_000932035.1:gca_accession,local_genome_files"
326,STRAIN_000327,GCF_000934625.1,GCF_000934625.1 | GCA_000934625.1,GCF_000934625 | GCA_000934625,2,"GCF_000934625.1:current_genome_key,primary_accession,gcf_accession || GCA_000934625.1:gca_accession,local_genome_files"
327,STRAIN_000328,GCF_000940535.1,GCF_000940535.1 | GCA_000940535.1,GCF_000940535 | GCA_000940535,2,"GCF_000940535.1:current_genome_key,primary_accession,gcf_accession || GCA_000940535.1:gca_accession,local_genome_files"
328,STRAIN_000329,GCF_000949485.1,GCF_000949485.1 | GCA_000949485.1,GCF_000949485 | GCA_000949485,2,"GCF_000949485.1:current_genome_key,primary_accession,gcf_accession || GCA_000949485.1:gca_accession,local_genome_files"
329,STRAIN_000330,GCF_000956195.1,GCF_000956195.1 | GCA_000956195.1,GCF_000956195 | GCA_000956195,2,"GCF_000956195.1:current_genome_key,primary_accession,gcf_accession || GCA_000956195.1:gca_accession,local_genome_files"
330,STRAIN_000331,GCF_000958525.1,GCF_000958525.1 | GCA_000958525.1,GCF_000958525 | GCA_000958525,2,"GCF_000958525.1:current_genome_key,primary_accession,gcf_accession || GCA_000958525.1:gca_accession,local_genome_files"
331,STRAIN_000332,GCF_000961015.1,GCF_000961015.1 | GCA_000961015.1,GCF_000961015 | GCA_000961015,2,"GCF_000961015.1:current_genome_key,primary_accession,gcf_accession || GCA_000961015.1:gca_accession,local_genome_files"
332,STRAIN_000333,GCF_000966835.2,GCF_000966835.2 | GCA_000966835.2,GCF_000966835 | GCA_000966835,2,"GCF_000966835.2:current_genome_key,primary_accession,gcf_accession || GCA_000966835.2:gca_accession,local_genome_files"
333,STRAIN_000334,GCF_000971665.1,GCF_000971665.1 | GCA_000971665.1,GCF_000971665 | GCA_000971665,2,"GCF_000971665.1:current_genome_key,primary_accession,gcf_accession || GCA_000971665.1:gca_accession,local_genome_files"
334,STRAIN_000335,GCF_001005625.1,GCF_001005625.1 | GCA_001005625.1,GCF_001005625 | GCA_001005625,2,"GCF_001005625.1:current_genome_key,primary_accession,gcf_accession || GCA_001005625.1:gca_accession,local_genome_files"
335,STRAIN_000336,GCF_001005695.1,GCF_001005695.1 | GCA_001005695.1,GCF_001005695 | GCA_001005695,2,"GCF_001005695.1:current_genome_key,primary_accession,gcf_accession || GCA_001005695.1:gca_accession,local_genome_files"
336,STRAIN_000337,GCF_001005805.1,GCF_001005805.1 | GCA_001005805.1,GCF_001005805 | GCA_001005805,2,"GCF_001005805.1:current_genome_key,primary_accession,gcf_accession || GCA_001005805.1:gca_accession,local_genome_files"
337,STRAIN_000338,GCF_001006025.1,GCF_001006025.1 | GCA_001006025.1,GCF_001006025 | GCA_001006025,2,"GCF_001006025.1:current_genome_key,primary_accession,gcf_accession || GCA_001006025.1:gca_accession,local_genome_files"
338,STRAIN_000339,GCF_001008015.1,GCF_001008015.1 | GCA_001008015.1,GCF_001008015 | GCA_001008015,2,"GCF_001008015.1:current_genome_key,primary_accession,gcf_accession || GCA_001008015.1:gca_accession,local_genome_files"
339,STRAIN_000340,GCF_001010175.1,GCF_001010175.1 | GCA_001010175.1,GCF_001010175 | GCA_001010175,2,"GCF_001010175.1:current_genome_key,primary_accession,gcf_accession || GCA_001010175.1:gca_accession,local_genome_files"
340,STRAIN_000341,GCF_001010185.1,GCF_001010185.1 | GCA_001010185.1,GCF_001010185 | GCA_001010185,2,"GCF_001010185.1:current_genome_key,primary_accession,gcf_accession || GCA_001010185.1:gca_accession,local_genome_files"
341,STRAIN_000342,GCF_001010245.1,GCF_001010245.1 | GCA_001010245.1,GCF_001010245 | GCA_001010245,2,"GCF_001010245.1:current_genome_key,primary_accession,gcf_accession || GCA_001010245.1:gca_accession,local_genome_files"
342,STRAIN_000343,GCF_001010915.1,GCF_001010915.1 | GCA_001010915.1,GCF_001010915 | GCA_001010915,2,"GCF_001010915.1:current_genome_key,primary_accession,gcf_accession || GCA_001010915.1:gca_accession,local_genome_files"
343,STRAIN_000344,GCF_001010995.2,GCF_001010995.2 | GCA_001010995.2,GCF_001010995 | GCA_001010995,2,"GCF_001010995.2:current_genome_key,primary_accession,gcf_accession || GCA_001010995.2:gca_accession,local_genome_files"
344,STRAIN_000345,GCF_001013375.1,GCF_001013375.1 | GCA_001013375.1,GCF_001013375 | GCA_001013375,2,"GCF_001013375.1:current_genome_key,primary_accession,gcf_accession || GCA_001013375.1:gca_accession,local_genome_files"
345,STRAIN_000346,GCF_001020245.1,GCF_001020245.1 | GCA_001020245.1,GCF_001020245 | GCA_001020245,2,"GCF_001020245.1:current_genome_key,primary_accession,gcf_accession || GCA_001020245.1:gca_accession,local_genome_files"
346,STRAIN_000347,GCF_001020355.1,GCF_001020355.1 | GCA_001020355.1,GCF_001020355 | GCA_001020355,2,"GCF_001020355.1:current_genome_key,primary_accession,gcf_accession || GCA_001020355.1:gca_accession,local_genome_files"
347,STRAIN_000348,GCF_001020415.1,GCF_001020415.1 | GCA_001020415.1,GCF_001020415 | GCA_001020415,2,"GCF_001020415.1:current_genome_key,primary_accession,gcf_accession || GCA_001020415.1:gca_accession,local_genome_files"
348,STRAIN_000349,GCF_001025135.1,GCF_001025135.1 | GCA_001025135.1,GCF_001025135 | GCA_001025135,2,"GCF_001025135.1:current_genome_key,primary_accession,gcf_accession || GCA_001025135.1:gca_accession,local_genome_files"
349,STRAIN_000350,GCF_001025175.1,GCF_001025175.1 | GCA_001025175.1,GCF_001025175 | GCA_001025175,2,"GCF_001025175.1:current_genome_key,primary_accession,gcf_accession || GCA_001025175.1:gca_accession,local_genome_files"
350,STRAIN_000351,GCF_001025195.1,GCF_001025195.1 | GCA_001025195.1,GCF_001025195 | GCA_001025195,2,"GCF_001025195.1:current_genome_key,primary_accession,gcf_accession || GCA_001025195.1:gca_accession,local_genome_files"
351,STRAIN_000352,GCF_001025215.1,GCF_001025215.1 | GCA_001025215.1,GCF_001025215 | GCA_001025215,2,"GCF_001025215.1:current_genome_key,primary_accession,gcf_accession || GCA_001025215.1:gca_accession,local_genome_files"
352,STRAIN_000353,GCF_001039495.1,GCF_001039495.1 | GCA_001039495.1,GCF_001039495 | GCA_001039495,2,"GCF_001039495.1:current_genome_key,primary_accession,gcf_accession || GCA_001039495.1:gca_accession,local_genome_files"
353,STRAIN_000354,GCF_001042595.1,GCF_001042595.1 | GCA_001042595.1,GCF_001042595 | GCA_001042595,2,"GCF_001042595.1:current_genome_key,primary_accession,gcf_accession || GCA_001042595.1:gca_accession,local_genome_files"
354,STRAIN_000355,GCF_001050555.1,GCF_001050555.1 | GCA_001050555.1,GCF_001050555 | GCA_001050555,2,"GCF_001050555.1:current_genome_key,primary_accession,gcf_accession || GCA_001050555.1:gca_accession,local_genome_files"
355,STRAIN_000356,GCF_001051015.2,GCF_001051015.2 | GCA_001051015.2,GCF_001051015 | GCA_001051015,2,"GCF_001051015.2:current_genome_key,primary_accession,gcf_accession || GCA_001051015.2:gca_accession,local_genome_files"
356,STRAIN_000357,GCF_001067215.1,GCF_001067215.1 | GCA_001067215.1,GCF_001067215 | GCA_001067215,2,"GCF_001067215.1:current_genome_key,primary_accession,gcf_accession || GCA_001067215.1:gca_accession,local_genome_files"
357,STRAIN_000358,GCF_001191565.1,GCF_001191565.1 | GCA_001191565.1,GCF_001191565 | GCA_001191565,2,"GCF_001191565.1:current_genome_key,primary_accession,gcf_accession || GCA_001191565.1:gca_accession,local_genome_files"
358,STRAIN_000359,GCF_001244395.1,GCF_001244395.1 | GCA_001244395.1,GCF_001244395 | GCA_001244395,2,"GCF_001244395.1:current_genome_key,primary_accession,gcf_accession || GCA_001244395.1:gca_accession,local_genome_files"
359,STRAIN_000360,GCF_001263975.1,GCF_001263975.1 | GCA_001263975.1,GCF_001263975 | GCA_001263975,2,"GCF_001263975.1:current_genome_key,primary_accession,gcf_accession || GCA_001263975.1:gca_accession,local_genome_files"
360,STRAIN_000361,GCF_001263985.1,GCF_001263985.1 | GCA_001263985.1,GCF_001263985 | GCA_001263985,2,"GCF_001263985.1:current_genome_key,primary_accession,gcf_accession || GCA_001263985.1:gca_accession,local_genome_files"
361,STRAIN_000362,GCF_001272315.2,GCF_001272315.2 | GCA_001272315.2,GCF_001272315 | GCA_001272315,2,"GCF_001272315.2:current_genome_key,primary_accession,gcf_accession || GCA_001272315.2:gca_accession,local_genome_files"
362,STRAIN_000363,GCF_001278015.1,GCF_001278015.1 | GCA_001278015.1,GCF_001278015 | GCA_001278015,2,"GCF_001278015.1:current_genome_key,primary_accession,gcf_accession || GCA_001278015.1:gca_accession,local_genome_files"
363,STRAIN_000364,GCF_001280285.1,GCF_001280285.1 | GCA_001280285.1,GCF_001280285 | GCA_001280285,2,"GCF_001280285.1:current_genome_key,primary_accession,gcf_accession || GCA_001280285.1:gca_accession,local_genome_files"
364,STRAIN_000365,GCF_001281305.1,GCF_001281305.1 | GCA_001281305.1,GCF_001281305 | GCA_001281305,2,"GCF_001281305.1:current_genome_key,primary_accession,gcf_accession || GCA_001281305.1:gca_accession,local_genome_files"
365,STRAIN_000366,GCF_001281345.1,GCF_001281345.1 | GCA_001281345.1,GCF_001281345 | GCA_001281345,2,"GCF_001281345.1:current_genome_key,primary_accession,gcf_accession || GCA_001281345.1:gca_accession,local_genome_files"
366,STRAIN_000367,GCF_001281425.1,GCF_001281425.1 | GCA_001281425.1,GCF_001281425 | GCA_001281425,2,"GCF_001281425.1:current_genome_key,primary_accession,gcf_accession || GCA_001281425.1:gca_accession,local_genome_files"
367,STRAIN_000368,GCF_001293145.1,GCF_001293145.1 | GCA_001293145.1,GCF_001293145 | GCA_001293145,2,"GCF_001293145.1:current_genome_key,primary_accession,gcf_accession || GCA_001293145.1:gca_accession,local_genome_files"
368,STRAIN_000369,GCF_001296095.1,GCF_001296095.1 | GCA_001296095.1,GCF_001296095 | GCA_001296095,2,"GCF_001296095.1:current_genome_key,primary_accession,gcf_accession || GCA_001296095.1:gca_accession,local_genome_files"
369,STRAIN_000370,GCF_001297905.1,GCF_001297905.1 | GCA_001297905.1,GCF_001297905 | GCA_001297905,2,"GCF_001297905.1:current_genome_key,primary_accession,gcf_accession || GCA_001297905.1:gca_accession,local_genome_files"
370,STRAIN_000371,GCF_001306395.1,GCF_001306395.1 | GCA_001306395.1,GCF_001306395 | GCA_001306395,2,"GCF_001306395.1:current_genome_key,primary_accession,gcf_accession || GCA_001306395.1:gca_accession,local_genome_files"
371,STRAIN_000372,GCF_001307325.1,GCF_001307325.1 | GCA_001307325.1,GCF_001307325 | GCA_001307325,2,"GCF_001307325.1:current_genome_key,primary_accession,gcf_accession || GCA_001307325.1:gca_accession,local_genome_files"
372,STRAIN_000373,GCF_001308285.1,GCF_001308285.1 | GCA_001308285.1,GCF_001308285 | GCA_001308285,2,"GCF_001308285.1:current_genome_key,primary_accession,gcf_accession || GCA_001308285.1:gca_accession,local_genome_files"
373,STRAIN_000374,GCF_001308305.1,GCF_001308305.1 | GCA_001308305.1,GCF_001308305 | GCA_001308305,2,"GCF_001308305.1:current_genome_key,primary_accession,gcf_accession || GCA_001308305.1:gca_accession,local_genome_files"
374,STRAIN_000375,GCF_001311315.1,GCF_001311315.1 | GCA_001311315.1,GCF_001311315 | GCA_001311315,2,"GCF_001311315.1:current_genome_key,primary_accession,gcf_accession || GCA_001311315.1:gca_accession,local_genome_files"
375,STRAIN_000376,GCF_001331925.2,GCF_001331925.2 | GCA_001331925.2,GCF_001331925 | GCA_001331925,2,"GCF_001331925.2:current_genome_key,primary_accession,gcf_accession || GCA_001331925.2:gca_accession,local_genome_files"
376,STRAIN_000377,GCF_001368755.1,GCF_001368755.1 | GCA_001368755.1,GCF_001368755 | GCA_001368755,2,"GCF_001368755.1:current_genome_key,primary_accession,gcf_accession || GCA_001368755.1:gca_accession,local_genome_files"
377,STRAIN_000378,GCF_001368775.1,GCF_001368775.1 | GCA_001368775.1,GCF_001368775 | GCA_001368775,2,"GCF_001368775.1:current_genome_key,primary_accession,gcf_accession || GCA_001368775.1:gca_accession,local_genome_files"
378,STRAIN_000379,GCF_001433735.1,GCF_001433735.1 | GCA_001433735.1,GCF_001433735 | GCA_001433735,2,"GCF_001433735.1:current_genome_key,primary_accession,gcf_accession || GCA_001433735.1:gca_accession,local_genome_files"
379,STRAIN_000380,GCF_001433855.1,GCF_001433855.1 | GCA_001433855.1,GCF_001433855 | GCA_001433855,2,"GCF_001433855.1:current_genome_key,primary_accession,gcf_accession || GCA_001433855.1:gca_accession,local_genome_files"
380,STRAIN_000381,GCF_001433895.1,GCF_001433895.1 | GCA_001433895.1,GCF_001433895 | GCA_001433895,2,"GCF_001433895.1:current_genome_key,primary_accession,gcf_accession || GCA_001433895.1:gca_accession,local_genome_files"
381,STRAIN_000382,GCF_001434005.1,GCF_001434005.1 | GCA_001434005.1,GCF_001434005 | GCA_001434005,2,"GCF_001434005.1:current_genome_key,primary_accession,gcf_accession || GCA_001434005.1:gca_accession,local_genome_files"
382,STRAIN_000383,GCF_001435405.1,GCF_001435405.1 | GCA_001435405.1,GCF_001435405 | GCA_001435405,2,"GCF_001435405.1:current_genome_key,primary_accession,gcf_accession || GCA_001435405.1:gca_accession,local_genome_files"
383,STRAIN_000384,GCF_001436485.1,GCF_001436485.1 | GCA_001436485.1,GCF_001436485 | GCA_001436485,2,"GCF_001436485.1:current_genome_key,primary_accession,gcf_accession || GCA_001436485.1:gca_accession,local_genome_files"
384,STRAIN_000385,GCF_001444495.1,GCF_001444495.1 | GCA_001444495.1,GCF_001444495 | GCA_001444495,2,"GCF_001444495.1:current_genome_key,primary_accession,gcf_accession || GCA_001444495.1:gca_accession,local_genome_files"
385,STRAIN_000386,GCF_001446255.1,GCF_001446255.1 | GCA_001446255.1,GCF_001446255 | GCA_001446255,2,"GCF_001446255.1:current_genome_key,primary_accession,gcf_accession || GCA_001446255.1:gca_accession,local_genome_files"
386,STRAIN_000387,GCF_001446275.1,GCF_001446275.1 | GCA_001446275.1,GCF_001446275 | GCA_001446275,2,"GCF_001446275.1:current_genome_key,primary_accession,gcf_accession || GCA_001446275.1:gca_accession,local_genome_files"
387,STRAIN_000388,GCF_001465815.1,GCF_001465815.1 | GCA_001465815.1,GCF_001465815 | GCA_001465815,2,"GCF_001465815.1:current_genome_key,primary_accession,gcf_accession || GCA_001465815.1:gca_accession,local_genome_files"
388,STRAIN_000389,GCF_001469775.1,GCF_001469775.1 | GCA_001469775.1,GCF_001469775 | GCA_001469775,2,"GCF_001469775.1:current_genome_key,primary_accession,gcf_accession || GCA_001469775.1:gca_accession,local_genome_files"
389,STRAIN_000390,GCF_001484005.1,GCF_001484005.1 | GCA_001484005.1,GCF_001484005 | GCA_001484005,2,"GCF_001484005.1:current_genome_key,primary_accession,gcf_accession || GCA_001484005.1:gca_accession,local_genome_files"
390,STRAIN_000391,GCF_001514415.1,GCF_001514415.1 | GCA_001514415.1,GCF_001514415 | GCA_001514415,2,"GCF_001514415.1:current_genome_key,primary_accession,gcf_accession || GCA_001514415.1:gca_accession,local_genome_files"
391,STRAIN_000392,GCF_001514435.1,GCF_001514435.1 | GCA_001514435.1,GCF_001514435 | GCA_001514435,2,"GCF_001514435.1:current_genome_key,primary_accession,gcf_accession || GCA_001514435.1:gca_accession,local_genome_files"
392,STRAIN_000393,GCF_001540905.1,GCF_001540905.1 | GCA_001540905.1,GCF_001540905 | GCA_001540905,2,"GCF_001540905.1:current_genome_key,primary_accession,gcf_accession || GCA_001540905.1:gca_accession,local_genome_files"
393,STRAIN_000394,GCF_001541605.1,GCF_001541605.1 | GCA_001541605.1,GCF_001541605 | GCA_001541605,2,"GCF_001541605.1:current_genome_key,primary_accession,gcf_accession || GCA_001541605.1:gca_accession,local_genome_files"
394,STRAIN_000395,GCF_001541905.1,GCF_001541905.1 | GCA_001541905.1,GCF_001541905 | GCA_001541905,2,"GCF_001541905.1:current_genome_key,primary_accession,gcf_accession || GCA_001541905.1:gca_accession,local_genome_files"
395,STRAIN_000396,GCF_001581895.1,GCF_001581895.1 | GCA_001581895.1,GCF_001581895 | GCA_001581895,2,"GCF_001581895.1:current_genome_key,primary_accession,gcf_accession || GCA_001581895.1:gca_accession,local_genome_files"
396,STRAIN_000397,GCF_001617525.2,GCF_001617525.2 | GCA_001617525.2,GCF_001617525 | GCA_001617525,2,"GCF_001617525.2:current_genome_key,primary_accession,gcf_accession || GCA_001617525.2:gca_accession,local_genome_files"
397,STRAIN_000398,GCF_001618905.1,GCF_001618905.1 | GCA_001618905.1,GCF_001618905 | GCA_001618905,2,"GCF_001618905.1:current_genome_key,primary_accession,gcf_accession || GCA_001618905.1:gca_accession,local_genome_files"
398,STRAIN_000399,GCF_001619265.1,GCF_001619265.1 | GCA_001619265.1,GCF_001619265 | GCA_001619265,2,"GCF_001619265.1:current_genome_key,primary_accession,gcf_accession || GCA_001619265.1:gca_accession,local_genome_files"
399,STRAIN_000400,GCF_001633745.1,GCF_001633745.1 | GCA_001633745.1,GCF_001633745 | GCA_001633745,2,"GCF_001633745.1:current_genome_key,primary_accession,gcf_accession || GCA_001633745.1:gca_accession,local_genome_files"
400,STRAIN_000401,GCF_001645365.1,GCF_001645365.1 | GCA_001645365.1,GCF_001645365 | GCA_001645365,2,"GCF_001645365.1:current_genome_key,primary_accession,gcf_accession || GCA_001645365.1:gca_accession,local_genome_files"
401,STRAIN_000402,GCF_001646605.1,GCF_001646605.1 | GCA_001646605.1,GCF_001646605 | GCA_001646605,2,"GCF_001646605.1:current_genome_key,primary_accession,gcf_accession || GCA_001646605.1:gca_accession,local_genome_files"
402,STRAIN_000403,GCF_001657495.1,GCF_001657495.1 | GCA_001657495.1,GCF_001657495 | GCA_001657495,2,"GCF_001657495.1:current_genome_key,primary_accession,gcf_accession || GCA_001657495.1:gca_accession,local_genome_files"
403,STRAIN_000404,GCF_001659745.1,GCF_001659745.1 | GCA_001659745.1,GCF_001659745 | GCA_001659745,2,"GCF_001659745.1:current_genome_key,primary_accession,gcf_accession || GCA_001659745.1:gca_accession,local_genome_files"
404,STRAIN_000405,GCF_001660025.1,GCF_001660025.1 | GCA_001660025.1,GCF_001660025 | GCA_001660025,2,"GCF_001660025.1:current_genome_key,primary_accession,gcf_accession || GCA_001660025.1:gca_accession,local_genome_files"
405,STRAIN_000406,GCF_001660525.1,GCF_001660525.1 | GCA_001660525.1,GCF_001660525 | GCA_001660525,2,"GCF_001660525.1:current_genome_key,primary_accession,gcf_accession || GCA_001660525.1:gca_accession,local_genome_files"
406,STRAIN_000407,GCF_001660645.1,GCF_001660645.1 | GCA_001660645.1,GCF_001660645 | GCA_001660645,2,"GCF_001660645.1:current_genome_key,primary_accession,gcf_accession || GCA_001660645.1:gca_accession,local_genome_files"
407,STRAIN_000408,GCF_001663795.1,GCF_001663795.1 | GCA_001663795.1,GCF_001663795 | GCA_001663795,2,"GCF_001663795.1:current_genome_key,primary_accession,gcf_accession || GCA_001663795.1:gca_accession,local_genome_files"
408,STRAIN_000409,GCF_001672035.1,GCF_001672035.1 | GCA_001672035.1,GCF_001672035 | GCA_001672035,2,"GCF_001672035.1:current_genome_key,primary_accession,gcf_accession || GCA_001672035.1:gca_accession,local_genome_files"
409,STRAIN_000410,GCF_001676805.1,GCF_001676805.1 | GCA_001676805.1,GCF_001676805 | GCA_001676805,2,"GCF_001676805.1:current_genome_key,primary_accession,gcf_accession || GCA_001676805.1:gca_accession,local_genome_files"
410,STRAIN_000411,GCF_001685375.1,GCF_001685375.1 | GCA_001685375.1,GCF_001685375 | GCA_001685375,2,"GCF_001685375.1:current_genome_key,primary_accession,gcf_accession || GCA_001685375.1:gca_accession,local_genome_files"
411,STRAIN_000412,GCF_001697265.1,GCF_001697265.1 | GCA_001697265.1,GCF_001697265 | GCA_001697265,2,"GCF_001697265.1:current_genome_key,primary_accession,gcf_accession || GCA_001697265.1:gca_accession,local_genome_files"
412,STRAIN_000413,GCF_001702095.1,GCF_001702095.1 | GCA_001702095.1,GCF_001702095 | GCA_001702095,2,"GCF_001702095.1:current_genome_key,primary_accession,gcf_accession || GCA_001702095.1:gca_accession,local_genome_files"
413,STRAIN_000414,GCF_001703495.1,GCF_001703495.1 | GCA_001703495.1,GCF_001703495 | GCA_001703495,2,"GCF_001703495.1:current_genome_key,primary_accession,gcf_accession || GCA_001703495.1:gca_accession,local_genome_files"
414,STRAIN_000415,GCF_001705585.1,GCF_001705585.1 | GCA_001705585.1,GCF_001705585 | GCA_001705585,2,"GCF_001705585.1:current_genome_key,primary_accession,gcf_accession || GCA_001705585.1:gca_accession,local_genome_files"
415,STRAIN_000416,GCF_001715615.1,GCF_001715615.1 | GCA_001715615.1,GCF_001715615 | GCA_001715615,2,"GCF_001715615.1:current_genome_key,primary_accession,gcf_accession || GCA_001715615.1:gca_accession,local_genome_files"
416,STRAIN_000417,GCF_001719085.1,GCF_001719085.1 | GCA_001719085.1,GCF_001719085 | GCA_001719085,2,"GCF_001719085.1:current_genome_key,primary_accession,gcf_accession || GCA_001719085.1:gca_accession,local_genome_files"
417,STRAIN_000418,GCF_001720285.1,GCF_001720285.1 | GCA_001720285.1,GCF_001720285 | GCA_001720285,2,"GCF_001720285.1:current_genome_key,primary_accession,gcf_accession || GCA_001720285.1:gca_accession,local_genome_files"
418,STRAIN_000419,GCF_001721925.1,GCF_001721925.1 | GCA_001721925.1,GCF_001721925 | GCA_001721925,2,"GCF_001721925.1:current_genome_key,primary_accession,gcf_accession || GCA_001721925.1:gca_accession,local_genome_files"
419,STRAIN_000420,GCF_001722065.1,GCF_001722065.1 | GCA_001722065.1,GCF_001722065 | GCA_001722065,2,"GCF_001722065.1:current_genome_key,primary_accession,gcf_accession || GCA_001722065.1:gca_accession,local_genome_files"
420,STRAIN_000421,GCF_001723545.1,GCF_001723545.1 | GCA_001723545.1,GCF_001723545 | GCA_001723545,2,"GCF_001723545.1:current_genome_key,primary_accession,gcf_accession || GCA_001723545.1:gca_accession,local_genome_files"
421,STRAIN_000422,GCF_001725985.1,GCF_001725985.1 | GCA_001725985.1,GCF_001725985 | GCA_001725985,2,"GCF_001725985.1:current_genome_key,primary_accession,gcf_accession || GCA_001725985.1:gca_accession,local_genome_files"
422,STRAIN_000423,GCF_001742205.1,GCF_001742205.1 | GCA_001742205.1,GCF_001742205 | GCA_001742205,2,"GCF_001742205.1:current_genome_key,primary_accession,gcf_accession || GCA_001742205.1:gca_accession,local_genome_files"
423,STRAIN_000424,GCF_001742965.1,GCF_001742965.1 | GCA_001742965.1,GCF_001742965 | GCA_001742965,2,"GCF_001742965.1:current_genome_key,primary_accession,gcf_accession || GCA_001742965.1:gca_accession,local_genome_files"
424,STRAIN_000425,GCF_001746265.1,GCF_001746265.1 | GCA_001746265.2,GCF_001746265 | GCA_001746265,2,"GCF_001746265.1:current_genome_key,primary_accession,gcf_accession || GCA_001746265.2:gca_accession,local_genome_files"
425,STRAIN_000426,GCF_001750745.1,GCF_001750745.1 | GCA_001750745.1,GCF_001750745 | GCA_001750745,2,"GCF_001750745.1:current_genome_key,primary_accession,gcf_accession || GCA_001750745.1:gca_accession,local_genome_files"
426,STRAIN_000427,GCF_001754005.1,GCF_001754005.1 | GCA_001754005.1,GCF_001754005 | GCA_001754005,2,"GCF_001754005.1:current_genome_key,primary_accession,gcf_accession || GCA_001754005.1:gca_accession,local_genome_files"
427,STRAIN_000428,GCF_001831235.1,GCF_001831235.1 | GCA_001831235.1,GCF_001831235 | GCA_001831235,2,"GCF_001831235.1:current_genome_key,primary_accession,gcf_accession || GCA_001831235.1:gca_accession,local_genome_files"
428,STRAIN_000429,GCF_001854105.1,GCF_001854105.1 | GCA_001854105.1,GCF_001854105 | GCA_001854105,2,"GCF_001854105.1:current_genome_key,primary_accession,gcf_accession || GCA_001854105.1:gca_accession,local_genome_files"
429,STRAIN_000430,GCF_001855705.1,GCF_001855705.1 | GCA_001855705.1,GCF_001855705 | GCA_001855705,2,"GCF_001855705.1:current_genome_key,primary_accession,gcf_accession || GCA_001855705.1:gca_accession,local_genome_files"
430,STRAIN_000431,GCF_001856165.1,GCF_001856165.1 | GCA_001856165.1,GCF_001856165 | GCA_001856165,2,"GCF_001856165.1:current_genome_key,primary_accession,gcf_accession || GCA_001856165.1:gca_accession,local_genome_files"
431,STRAIN_000432,GCF_001880185.2,GCF_001880185.2 | GCA_001880185.2,GCF_001880185 | GCA_001880185,2,"GCF_001880185.2:current_genome_key,primary_accession,gcf_accession || GCA_001880185.2:gca_accession,local_genome_files"
432,STRAIN_000433,GCF_001885295.1,GCF_001885295.1 | GCA_001885295.1,GCF_001885295 | GCA_001885295,2,"GCF_001885295.1:current_genome_key,primary_accession,gcf_accession || GCA_001885295.1:gca_accession,local_genome_files"
433,STRAIN_000434,GCF_001888275.1,GCF_001888275.1 | GCA_001888275.1,GCF_001888275 | GCA_001888275,2,"GCF_001888275.1:current_genome_key,primary_accession,gcf_accession || GCA_001888275.1:gca_accession,local_genome_files"
434,STRAIN_000435,GCF_001888525.1,GCF_001888525.1 | GCA_001888525.1,GCF_001888525 | GCA_001888525,2,"GCF_001888525.1:current_genome_key,primary_accession,gcf_accession || GCA_001888525.1:gca_accession,local_genome_files"
435,STRAIN_000436,GCF_001888645.1,GCF_001888645.1 | GCA_001888645.1,GCF_001888645 | GCA_001888645,2,"GCF_001888645.1:current_genome_key,primary_accession,gcf_accession || GCA_001888645.1:gca_accession,local_genome_files"
436,STRAIN_000437,GCF_001888655.1,GCF_001888655.1 | GCA_001888655.1,GCF_001888655 | GCA_001888655,2,"GCF_001888655.1:current_genome_key,primary_accession,gcf_accession || GCA_001888655.1:gca_accession,local_genome_files"
437,STRAIN_000438,GCF_001888735.1,GCF_001888735.1 | GCA_001888735.1,GCF_001888735 | GCA_001888735,2,"GCF_001888735.1:current_genome_key,primary_accession,gcf_accession || GCA_001888735.1:gca_accession,local_genome_files"
438,STRAIN_000439,GCF_001889975.1,GCF_001889975.1 | GCA_001889975.1,GCF_001889975 | GCA_001889975,2,"GCF_001889975.1:current_genome_key,primary_accession,gcf_accession || GCA_001889975.1:gca_accession,local_genome_files"
439,STRAIN_000440,GCF_001908455.1,GCF_001908455.1 | GCA_001908455.1,GCF_001908455 | GCA_001908455,2,"GCF_001908455.1:current_genome_key,primary_accession,gcf_accession || GCA_001908455.1:gca_accession,local_genome_files"
440,STRAIN_000441,GCF_001940535.1,GCF_001940535.1 | GCA_001940535.1,GCF_001940535 | GCA_001940535,2,"GCF_001940535.1:current_genome_key,primary_accession,gcf_accession || GCA_001940535.1:gca_accession,local_genome_files"
441,STRAIN_000442,GCF_001940585.1,GCF_001940585.1 | GCA_001940585.1,GCF_001940585 | GCA_001940585,2,"GCF_001940585.1:current_genome_key,primary_accession,gcf_accession || GCA_001940585.1:gca_accession,local_genome_files"
442,STRAIN_000443,GCF_001941785.1,GCF_001941785.1 | GCA_001941785.1,GCF_001941785 | GCA_001941785,2,"GCF_001941785.1:current_genome_key,primary_accession,gcf_accession || GCA_001941785.1:gca_accession,local_genome_files"
443,STRAIN_000444,GCF_001950045.1,GCF_001950045.1 | GCA_001950045.1,GCF_001950045 | GCA_001950045,2,"GCF_001950045.1:current_genome_key,primary_accession,gcf_accession || GCA_001950045.1:gca_accession,local_genome_files"
444,STRAIN_000445,GCF_001953135.1,GCF_001953135.1 | GCA_001953135.1,GCF_001953135 | GCA_001953135,2,"GCF_001953135.1:current_genome_key,primary_accession,gcf_accession || GCA_001953135.1:gca_accession,local_genome_files"
445,STRAIN_000446,GCF_001982425.1,GCF_001982425.1 | GCA_001982425.1,GCF_001982425 | GCA_001982425,2,"GCF_001982425.1:current_genome_key,primary_accession,gcf_accession || GCA_001982425.1:gca_accession,local_genome_files"
446,STRAIN_000447,GCF_001988935.1,GCF_001988935.1 | GCA_001988935.1,GCF_001988935 | GCA_001988935,2,"GCF_001988935.1:current_genome_key,primary_accession,gcf_accession || GCA_001988935.1:gca_accession,local_genome_files"
447,STRAIN_000448,GCF_001990145.1,GCF_001990145.1 | GCA_001990145.1,GCF_001990145 | GCA_001990145,2,"GCF_001990145.1:current_genome_key,primary_accession,gcf_accession || GCA_001990145.1:gca_accession,local_genome_files"
448,STRAIN_000449,GCF_001990225.1,GCF_001990225.1 | GCA_001990225.1,GCF_001990225 | GCA_001990225,2,"GCF_001990225.1:current_genome_key,primary_accession,gcf_accession || GCA_001990225.1:gca_accession,local_genome_files"
449,STRAIN_000450,GCF_002000885.1,GCF_002000885.1 | GCA_002000885.1,GCF_002000885 | GCA_002000885,2,"GCF_002000885.1:current_genome_key,primary_accession,gcf_accession || GCA_002000885.1:gca_accession,local_genome_files"
450,STRAIN_000451,GCF_002005385.2,GCF_002005385.2 | GCA_002005385.2,GCF_002005385 | GCA_002005385,2,"GCF_002005385.2:current_genome_key,primary_accession,gcf_accession || GCA_002005385.2:gca_accession,local_genome_files"
451,STRAIN_000452,GCF_002012365.1,GCF_002012365.1 | GCA_002012365.1,GCF_002012365 | GCA_002012365,2,"GCF_002012365.1:current_genome_key,primary_accession,gcf_accession || GCA_002012365.1:gca_accession,local_genome_files"
452,STRAIN_000453,GCF_002017995.1,GCF_002017995.1 | GCA_002017995.1,GCF_002017995 | GCA_002017995,2,"GCF_002017995.1:current_genome_key,primary_accession,gcf_accession || GCA_002017995.1:gca_accession,local_genome_files"
453,STRAIN_000454,GCF_002024845.1,GCF_002024845.1 | GCA_002024845.1,GCF_002024845 | GCA_002024845,2,"GCF_002024845.1:current_genome_key,primary_accession,gcf_accession || GCA_002024845.1:gca_accession,local_genome_files"
454,STRAIN_000455,GCF_002027265.1,GCF_002027265.1 | GCA_002027265.1,GCF_002027265 | GCA_002027265,2,"GCF_002027265.1:current_genome_key,primary_accession,gcf_accession || GCA_002027265.1:gca_accession,local_genome_files"
455,STRAIN_000456,GCF_002075105.1,GCF_002075105.1 | GCA_002075105.1,GCF_002075105 | GCA_002075105,2,"GCF_002075105.1:current_genome_key,primary_accession,gcf_accession || GCA_002075105.1:gca_accession,local_genome_files"
456,STRAIN_000457,GCF_002076955.1,GCF_002076955.1 | GCA_002076955.1,GCF_002076955 | GCA_002076955,2,"GCF_002076955.1:current_genome_key,primary_accession,gcf_accession || GCA_002076955.1:gca_accession,local_genome_files"
457,STRAIN_000458,GCF_002078375.4,GCF_002078375.4 | GCA_002078375.4,GCF_002078375 | GCA_002078375,2,"GCF_002078375.4:current_genome_key,primary_accession,gcf_accession || GCA_002078375.4:gca_accession,local_genome_files"
458,STRAIN_000459,GCF_002078435.1,GCF_002078435.1 | GCA_002078435.1,GCF_002078435 | GCA_002078435,2,"GCF_002078435.1:current_genome_key,primary_accession,gcf_accession || GCA_002078435.1:gca_accession,local_genome_files"
459,STRAIN_000460,GCF_002078475.4,GCF_002078475.4 | GCA_002078475.4,GCF_002078475 | GCA_002078475,2,"GCF_002078475.4:current_genome_key,primary_accession,gcf_accession || GCA_002078475.4:gca_accession,local_genome_files"
460,STRAIN_000461,GCF_002078495.2,GCF_002078495.2 | GCA_002078495.2,GCF_002078495 | GCA_002078495,2,"GCF_002078495.2:current_genome_key,primary_accession,gcf_accession || GCA_002078495.2:gca_accession,local_genome_files"
461,STRAIN_000462,GCF_002078615.4,GCF_002078615.4 | GCA_002078615.4,GCF_002078615 | GCA_002078615,2,"GCF_002078615.4:current_genome_key,primary_accession,gcf_accession || GCA_002078615.4:gca_accession,local_genome_files"
462,STRAIN_000463,GCF_002078765.3,GCF_002078765.3 | GCA_002078765.3,GCF_002078765 | GCA_002078765,2,"GCF_002078765.3:current_genome_key,primary_accession,gcf_accession || GCA_002078765.3:gca_accession,local_genome_files"
463,STRAIN_000464,GCF_002078855.1,GCF_002078855.1 | GCA_002078855.1,GCF_002078855 | GCA_002078855,2,"GCF_002078855.1:current_genome_key,primary_accession,gcf_accession || GCA_002078855.1:gca_accession,local_genome_files"
464,STRAIN_000465,GCF_002078895.2,GCF_002078895.2 | GCA_002078895.2,GCF_002078895 | GCA_002078895,2,"GCF_002078895.2:current_genome_key,primary_accession,gcf_accession || GCA_002078895.2:gca_accession,local_genome_files"
465,STRAIN_000466,GCF_002078935.2,GCF_002078935.2 | GCA_002078935.2,GCF_002078935 | GCA_002078935,2,"GCF_002078935.2:current_genome_key,primary_accession,gcf_accession || GCA_002078935.2:gca_accession,local_genome_files"
466,STRAIN_000467,GCF_002078955.2,GCF_002078955.2 | GCA_002078955.3,GCF_002078955 | GCA_002078955,2,"GCF_002078955.2:current_genome_key,primary_accession,gcf_accession || GCA_002078955.3:gca_accession,local_genome_files"
467,STRAIN_000468,GCF_002078975.4,GCF_002078975.4 | GCA_002078975.5,GCF_002078975 | GCA_002078975,2,"GCF_002078975.4:current_genome_key,primary_accession,gcf_accession || GCA_002078975.5:gca_accession,local_genome_files"
468,STRAIN_000469,GCF_002078995.4,GCF_002078995.4 | GCA_002078995.4,GCF_002078995 | GCA_002078995,2,"GCF_002078995.4:current_genome_key,primary_accession,gcf_accession || GCA_002078995.4:gca_accession,local_genome_files"
469,STRAIN_000470,GCF_002079285.1,GCF_002079285.1 | GCA_002079285.1,GCF_002079285 | GCA_002079285,2,"GCF_002079285.1:current_genome_key,primary_accession,gcf_accession || GCA_002079285.1:gca_accession,local_genome_files"
470,STRAIN_000471,GCF_002091995.1,GCF_002091995.1 | GCA_002091995.1,GCF_002091995 | GCA_002091995,2,"GCF_002091995.1:current_genome_key,primary_accession,gcf_accession || GCA_002091995.1:gca_accession,local_genome_files"
471,STRAIN_000472,GCF_002093065.1,GCF_002093065.1 | GCA_002093065.1,GCF_002093065 | GCA_002093065,2,"GCF_002093065.1:current_genome_key,primary_accession,gcf_accession || GCA_002093065.1:gca_accession,local_genome_files"
472,STRAIN_000473,GCF_002105575.1,GCF_002105575.1 | GCA_002105575.1,GCF_002105575 | GCA_002105575,2,"GCF_002105575.1:current_genome_key,primary_accession,gcf_accession || GCA_002105575.1:gca_accession,local_genome_files"
473,STRAIN_000474,GCF_002107995.1,GCF_002107995.1 | GCA_002107995.1,GCF_002107995 | GCA_002107995,2,"GCF_002107995.1:current_genome_key,primary_accession,gcf_accession || GCA_002107995.1:gca_accession,local_genome_files"
474,STRAIN_000475,GCF_002112225.1,GCF_002112225.1 | GCA_002112225.1,GCF_002112225 | GCA_002112225,2,"GCF_002112225.1:current_genome_key,primary_accession,gcf_accession || GCA_002112225.1:gca_accession,local_genome_files"
475,STRAIN_000476,GCF_002119645.1,GCF_002119645.1 | GCA_002119645.1,GCF_002119645 | GCA_002119645,2,"GCF_002119645.1:current_genome_key,primary_accession,gcf_accession || GCA_002119645.1:gca_accession,local_genome_files"
476,STRAIN_000477,GCF_002148215.1,GCF_002148215.1 | GCA_002148215.1,GCF_002148215 | GCA_002148215,2,"GCF_002148215.1:current_genome_key,primary_accession,gcf_accession || GCA_002148215.1:gca_accession,local_genome_files"
477,STRAIN_000478,GCF_002158925.1,GCF_002158925.1 | GCA_002158925.1,GCF_002158925 | GCA_002158925,2,"GCF_002158925.1:current_genome_key,primary_accession,gcf_accession || GCA_002158925.1:gca_accession,local_genome_files"
478,STRAIN_000479,GCF_002165655.1,GCF_002165655.1 | GCA_002165655.1,GCF_002165655 | GCA_002165655,2,"GCF_002165655.1:current_genome_key,primary_accession,gcf_accession || GCA_002165655.1:gca_accession,local_genome_files"
479,STRAIN_000480,GCF_002165715.1,GCF_002165715.1 | GCA_002165715.1,GCF_002165715 | GCA_002165715,2,"GCF_002165715.1:current_genome_key,primary_accession,gcf_accession || GCA_002165715.1:gca_accession,local_genome_files"
480,STRAIN_000481,GCF_002173695.1,GCF_002173695.1 | GCA_002173695.1,GCF_002173695 | GCA_002173695,2,"GCF_002173695.1:current_genome_key,primary_accession,gcf_accession || GCA_002173695.1:gca_accession,local_genome_files"
481,STRAIN_000482,GCF_002173715.1,GCF_002173715.1 | GCA_002173715.1,GCF_002173715 | GCA_002173715,2,"GCF_002173715.1:current_genome_key,primary_accession,gcf_accession || GCA_002173715.1:gca_accession,local_genome_files"
482,STRAIN_000483,GCF_002179515.1,GCF_002179515.1 | GCA_002179515.1,GCF_002179515 | GCA_002179515,2,"GCF_002179515.1:current_genome_key,primary_accession,gcf_accession || GCA_002179515.1:gca_accession,local_genome_files"
483,STRAIN_000484,GCF_002192215.1,GCF_002192215.1 | GCA_002192215.1,GCF_002192215 | GCA_002192215,2,"GCF_002192215.1:current_genome_key,primary_accession,gcf_accession || GCA_002192215.1:gca_accession,local_genome_files"
484,STRAIN_000485,GCF_002192435.1,GCF_002192435.1 | GCA_002192435.1,GCF_002192435 | GCA_002192435,2,"GCF_002192435.1:current_genome_key,primary_accession,gcf_accession || GCA_002192435.1:gca_accession,local_genome_files"
485,STRAIN_000486,GCF_002201955.1,GCF_002201955.1 | GCA_002201955.1,GCF_002201955 | GCA_002201955,2,"GCF_002201955.1:current_genome_key,primary_accession,gcf_accession || GCA_002201955.1:gca_accession,local_genome_files"
486,STRAIN_000487,GCF_002201995.1,GCF_002201995.1 | GCA_002201995.1,GCF_002201995 | GCA_002201995,2,"GCF_002201995.1:current_genome_key,primary_accession,gcf_accession || GCA_002201995.1:gca_accession,local_genome_files"
487,STRAIN_000488,GCF_002202035.1,GCF_002202035.1 | GCA_002202035.1,GCF_002202035 | GCA_002202035,2,"GCF_002202035.1:current_genome_key,primary_accession,gcf_accession || GCA_002202035.1:gca_accession,local_genome_files"
488,STRAIN_000489,GCF_002204495.1,GCF_002204495.1 | GCA_002204495.1,GCF_002204495 | GCA_002204495,2,"GCF_002204495.1:current_genome_key,primary_accession,gcf_accession || GCA_002204495.1:gca_accession,local_genome_files"
489,STRAIN_000490,GCF_002205775.2,GCF_002205775.2 | GCA_002205775.2,GCF_002205775 | GCA_002205775,2,"GCF_002205775.2:current_genome_key,primary_accession,gcf_accession || GCA_002205775.2:gca_accession,local_genome_files"
490,STRAIN_000491,GCF_002220485.1,GCF_002220485.1 | GCA_002220485.1,GCF_002220485 | GCA_002220485,2,"GCF_002220485.1:current_genome_key,primary_accession,gcf_accession || GCA_002220485.1:gca_accession,local_genome_files"
491,STRAIN_000492,GCF_002220815.1,GCF_002220815.1 | GCA_002220815.1,GCF_002220815 | GCA_002220815,2,"GCF_002220815.1:current_genome_key,primary_accession,gcf_accession || GCA_002220815.1:gca_accession,local_genome_files"
492,STRAIN_000493,GCF_002224305.1,GCF_002224305.1 | GCA_002224305.1,GCF_002224305 | GCA_002224305,2,"GCF_002224305.1:current_genome_key,primary_accession,gcf_accession || GCA_002224305.1:gca_accession,local_genome_files"
493,STRAIN_000494,GCF_002238035.1,GCF_002238035.1 | GCA_002238035.1,GCF_002238035 | GCA_002238035,2,"GCF_002238035.1:current_genome_key,primary_accession,gcf_accession || GCA_002238035.1:gca_accession,local_genome_files"
494,STRAIN_000495,GCF_002242615.1,GCF_002242615.1 | GCA_002242615.1,GCF_002242615 | GCA_002242615,2,"GCF_002242615.1:current_genome_key,primary_accession,gcf_accession || GCA_002242615.1:gca_accession,local_genome_files"
495,STRAIN_000496,GCF_002249825.1,GCF_002249825.1 | GCA_002249825.1,GCF_002249825 | GCA_002249825,2,"GCF_002249825.1:current_genome_key,primary_accession,gcf_accession || GCA_002249825.1:gca_accession,local_genome_files"
496,STRAIN_000497,GCF_002257625.1,GCF_002257625.1 | GCA_002257625.1,GCF_002257625 | GCA_002257625,2,"GCF_002257625.1:current_genome_key,primary_accession,gcf_accession || GCA_002257625.1:gca_accession,local_genome_files"
497,STRAIN_000498,GCF_002282915.1,GCF_002282915.1 | GCA_002282915.1,GCF_002282915 | GCA_002282915,2,"GCF_002282915.1:current_genome_key,primary_accession,gcf_accession || GCA_002282915.1:gca_accession,local_genome_files"
498,STRAIN_000499,GCF_002286215.1,GCF_002286215.1 | GCA_002286215.1,GCF_002286215 | GCA_002286215,2,"GCF_002286215.1:current_genome_key,primary_accession,gcf_accession || GCA_002286215.1:gca_accession,local_genome_files"
499,STRAIN_000500,GCF_002286255.1,GCF_002286255.1 | GCA_002286255.1,GCF_002286255 | GCA_002286255,2,"GCF_002286255.1:current_genome_key,primary_accession,gcf_accession || GCA_002286255.1:gca_accession,local_genome_files"
500,STRAIN_000501,GCF_002286275.1,GCF_002286275.1 | GCA_002286275.1,GCF_002286275 | GCA_002286275,2,"GCF_002286275.1:current_genome_key,primary_accession,gcf_accession || GCA_002286275.1:gca_accession,local_genome_files"
501,STRAIN_000502,GCF_002287905.1,GCF_002287905.1 | GCA_002287905.1,GCF_002287905 | GCA_002287905,2,"GCF_002287905.1:current_genome_key,primary_accession,gcf_accession || GCA_002287905.1:gca_accession,local_genome_files"
502,STRAIN_000503,GCF_002287945.1,GCF_002287945.1 | GCA_002287945.1,GCF_002287945 | GCA_002287945,2,"GCF_002287945.1:current_genome_key,primary_accession,gcf_accession || GCA_002287945.1:gca_accession,local_genome_files"
503,STRAIN_000504,GCF_002318935.1,GCF_002318935.1 | GCA_002318935.1,GCF_002318935 | GCA_002318935,2,"GCF_002318935.1:current_genome_key,primary_accession,gcf_accession || GCA_002318935.1:gca_accession,local_genome_files"
504,STRAIN_000505,GCF_002356135.1,GCF_002356135.1 | GCA_002356135.1,GCF_002356135 | GCA_002356135,2,"GCF_002356135.1:current_genome_key,primary_accession,gcf_accession || GCA_002356135.1:gca_accession,local_genome_files"
505,STRAIN_000506,GCF_002406705.1,GCF_002406705.1 | GCA_002406705.1,GCF_002406705 | GCA_002406705,2,"GCF_002406705.1:current_genome_key,primary_accession,gcf_accession || GCA_002406705.1:gca_accession,local_genome_files"
506,STRAIN_000507,GCF_002406795.1,GCF_002406795.1 | GCA_002406795.1,GCF_002406795 | GCA_002406795,2,"GCF_002406795.1:current_genome_key,primary_accession,gcf_accession || GCA_002406795.1:gca_accession,local_genome_files"
507,STRAIN_000508,GCF_002407395.1,GCF_002407395.1 | GCA_002407395.1,GCF_002407395 | GCA_002407395,2,"GCF_002407395.1:current_genome_key,primary_accession,gcf_accession || GCA_002407395.1:gca_accession,local_genome_files"
508,STRAIN_000509,GCF_002442835.1,GCF_002442835.1 | GCA_002442835.1,GCF_002442835 | GCA_002442835,2,"GCF_002442835.1:current_genome_key,primary_accession,gcf_accession || GCA_002442835.1:gca_accession,local_genome_files"
509,STRAIN_000510,GCF_002443035.1,GCF_002443035.1 | GCA_002443035.1,GCF_002443035 | GCA_002443035,2,"GCF_002443035.1:current_genome_key,primary_accession,gcf_accession || GCA_002443035.1:gca_accession,local_genome_files"
510,STRAIN_000511,GCF_002532115.1,GCF_002532115.1 | GCA_002532115.1,GCF_002532115 | GCA_002532115,2,"GCF_002532115.1:current_genome_key,primary_accession,gcf_accession || GCA_002532115.1:gca_accession,local_genome_files"
511,STRAIN_000512,GCF_002532185.1,GCF_002532185.1 | GCA_002532185.1,GCF_002532185 | GCA_002532185,2,"GCF_002532185.1:current_genome_key,primary_accession,gcf_accession || GCA_002532185.1:gca_accession,local_genome_files"
512,STRAIN_000513,GCF_002532245.1,GCF_002532245.1 | GCA_002532245.1,GCF_002532245 | GCA_002532245,2,"GCF_002532245.1:current_genome_key,primary_accession,gcf_accession || GCA_002532245.1:gca_accession,local_genome_files"
513,STRAIN_000514,GCF_002749655.1,GCF_002749655.1 | GCA_002749655.1,GCF_002749655 | GCA_002749655,2,"GCF_002749655.1:current_genome_key,primary_accession,gcf_accession || GCA_002749655.1:gca_accession,local_genome_files"
514,STRAIN_000515,GCF_002762415.1,GCF_002762415.1 | GCA_002762415.1,GCF_002762415 | GCA_002762415,2,"GCF_002762415.1:current_genome_key,primary_accession,gcf_accession || GCA_002762415.1:gca_accession,local_genome_files"
515,STRAIN_000516,GCF_002786555.1,GCF_002786555.1 | GCA_002786555.1,GCF_002786555 | GCA_002786555,2,"GCF_002786555.1:current_genome_key,primary_accession,gcf_accession || GCA_002786555.1:gca_accession,local_genome_files"
516,STRAIN_000517,GCF_002794275.1,GCF_002794275.1 | GCA_002794275.1,GCF_002794275 | GCA_002794275,2,"GCF_002794275.1:current_genome_key,primary_accession,gcf_accession || GCA_002794275.1:gca_accession,local_genome_files"
517,STRAIN_000518,GCF_002794315.1,GCF_002794315.1 | GCA_002794315.1,GCF_002794315 | GCA_002794315,2,"GCF_002794315.1:current_genome_key,primary_accession,gcf_accession || GCA_002794315.1:gca_accession,local_genome_files"
518,STRAIN_000519,GCF_002798075.1,GCF_002798075.1 | GCA_002798075.1,GCF_002798075 | GCA_002798075,2,"GCF_002798075.1:current_genome_key,primary_accession,gcf_accession || GCA_002798075.1:gca_accession,local_genome_files"
519,STRAIN_000520,GCF_002804185.1,GCF_002804185.1 | GCA_002804185.1,GCF_002804185 | GCA_002804185,2,"GCF_002804185.1:current_genome_key,primary_accession,gcf_accession || GCA_002804185.1:gca_accession,local_genome_files"
520,STRAIN_000521,GCF_002804285.1,GCF_002804285.1 | GCA_002804285.1,GCF_002804285 | GCA_002804285,2,"GCF_002804285.1:current_genome_key,primary_accession,gcf_accession || GCA_002804285.1:gca_accession,local_genome_files"
521,STRAIN_000522,GCF_002813615.1,GCF_002813615.1 | GCA_002813615.1,GCF_002813615 | GCA_002813615,2,"GCF_002813615.1:current_genome_key,primary_accession,gcf_accession || GCA_002813615.1:gca_accession,local_genome_files"
522,STRAIN_000523,GCF_002833115.1,GCF_002833115.1 | GCA_002833115.1,GCF_002833115 | GCA_002833115,2,"GCF_002833115.1:current_genome_key,primary_accession,gcf_accession || GCA_002833115.1:gca_accession,local_genome_files"
523,STRAIN_000524,GCF_002838345.1,GCF_002838345.1 | GCA_002838345.1,GCF_002838345 | GCA_002838345,2,"GCF_002838345.1:current_genome_key,primary_accession,gcf_accession || GCA_002838345.1:gca_accession,local_genome_files"
524,STRAIN_000525,GCF_002843115.1,GCF_002843115.1 | GCA_002843115.1,GCF_002843115 | GCA_002843115,2,"GCF_002843115.1:current_genome_key,primary_accession,gcf_accession || GCA_002843115.1:gca_accession,local_genome_files"
525,STRAIN_000526,GCF_002845845.1,GCF_002845845.1 | GCA_002845845.1,GCF_002845845 | GCA_002845845,2,"GCF_002845845.1:current_genome_key,primary_accession,gcf_accession || GCA_002845845.1:gca_accession,local_genome_files"
526,STRAIN_000527,GCF_002846075.1,GCF_002846075.1 | GCA_002846075.1,GCF_002846075 | GCA_002846075,2,"GCF_002846075.1:current_genome_key,primary_accession,gcf_accession || GCA_002846075.1:gca_accession,local_genome_files"
527,STRAIN_000528,GCF_002846155.1,GCF_002846155.1 | GCA_002846155.1,GCF_002846155 | GCA_002846155,2,"GCF_002846155.1:current_genome_key,primary_accession,gcf_accession || GCA_002846155.1:gca_accession,local_genome_files"
528,STRAIN_000529,GCF_002849515.1,GCF_002849515.1 | GCA_002849515.1,GCF_002849515 | GCA_002849515,2,"GCF_002849515.1:current_genome_key,primary_accession,gcf_accession || GCA_002849515.1:gca_accession,local_genome_files"
529,STRAIN_000530,GCF_002849575.1,GCF_002849575.1 | GCA_002849575.1,GCF_002849575 | GCA_002849575,2,"GCF_002849575.1:current_genome_key,primary_accession,gcf_accession || GCA_002849575.1:gca_accession,local_genome_files"
530,STRAIN_000531,GCF_002849915.1,GCF_002849915.1 | GCA_002849915.1,GCF_002849915 | GCA_002849915,2,"GCF_002849915.1:current_genome_key,primary_accession,gcf_accession || GCA_002849915.1:gca_accession,local_genome_files"
531,STRAIN_000532,GCF_002849935.1,GCF_002849935.1 | GCA_002849935.1,GCF_002849935 | GCA_002849935,2,"GCF_002849935.1:current_genome_key,primary_accession,gcf_accession || GCA_002849935.1:gca_accession,local_genome_files"
532,STRAIN_000533,GCF_002849955.1,GCF_002849955.1 | GCA_002849955.1,GCF_002849955 | GCA_002849955,2,"GCF_002849955.1:current_genome_key,primary_accession,gcf_accession || GCA_002849955.1:gca_accession,local_genome_files"
533,STRAIN_000534,GCF_002865565.1,GCF_002865565.1 | GCA_002865565.1,GCF_002865565 | GCA_002865565,2,"GCF_002865565.1:current_genome_key,primary_accession,gcf_accession || GCA_002865565.1:gca_accession,local_genome_files"
534,STRAIN_000535,GCF_002868755.1,GCF_002868755.1 | GCA_002868755.1,GCF_002868755 | GCA_002868755,2,"GCF_002868755.1:current_genome_key,primary_accession,gcf_accession || GCA_002868755.1:gca_accession,local_genome_files"
535,STRAIN_000536,GCF_002895225.1,GCF_002895225.1 | GCA_002895225.1,GCF_002895225 | GCA_002895225,2,"GCF_002895225.1:current_genome_key,primary_accession,gcf_accession || GCA_002895225.1:gca_accession,local_genome_files"
536,STRAIN_000537,GCF_002895245.1,GCF_002895245.1 | GCA_002895245.1,GCF_002895245 | GCA_002895245,2,"GCF_002895245.1:current_genome_key,primary_accession,gcf_accession || GCA_002895245.1:gca_accession,local_genome_files"
537,STRAIN_000538,GCF_002899655.1,GCF_002899655.1 | GCA_002899655.1,GCF_002899655 | GCA_002899655,2,"GCF_002899655.1:current_genome_key,primary_accession,gcf_accession || GCA_002899655.1:gca_accession,local_genome_files"
538,STRAIN_000539,GCF_002901165.3,GCF_002901165.3 | GCA_002901165.3,GCF_002901165 | GCA_002901165,2,"GCF_002901165.3:current_genome_key,primary_accession,gcf_accession || GCA_002901165.3:gca_accession,local_genome_files"
539,STRAIN_000540,GCF_002902825.1,GCF_002902825.1 | GCA_002902825.1,GCF_002902825 | GCA_002902825,2,"GCF_002902825.1:current_genome_key,primary_accession,gcf_accession || GCA_002902825.1:gca_accession,local_genome_files"
540,STRAIN_000541,GCF_002906875.1,GCF_002906875.1 | GCA_002906875.1,GCF_002906875 | GCA_002906875,2,"GCF_002906875.1:current_genome_key,primary_accession,gcf_accession || GCA_002906875.1:gca_accession,local_genome_files"
541,STRAIN_000542,GCF_002914865.1,GCF_002914865.1 | GCA_002914865.1,GCF_002914865 | GCA_002914865,2,"GCF_002914865.1:current_genome_key,primary_accession,gcf_accession || GCA_002914865.1:gca_accession,local_genome_files"
542,STRAIN_000543,GCF_002946455.1,GCF_002946455.1 | GCA_002946455.1,GCF_002946455 | GCA_002946455,2,"GCF_002946455.1:current_genome_key,primary_accession,gcf_accession || GCA_002946455.1:gca_accession,local_genome_files"
543,STRAIN_000544,GCF_002948215.1,GCF_002948215.1 | GCA_002948215.1,GCF_002948215 | GCA_002948215,2,"GCF_002948215.1:current_genome_key,primary_accession,gcf_accession || GCA_002948215.1:gca_accession,local_genome_files"
544,STRAIN_000545,GCF_002960215.1,GCF_002960215.1 | GCA_002960215.1,GCF_002960215 | GCA_002960215,2,"GCF_002960215.1:current_genome_key,primary_accession,gcf_accession || GCA_002960215.1:gca_accession,local_genome_files"
545,STRAIN_000546,GCF_002994725.1,GCF_002994725.1 | GCA_002994725.1,GCF_002994725 | GCA_002994725,2,"GCF_002994725.1:current_genome_key,primary_accession,gcf_accession || GCA_002994725.1:gca_accession,local_genome_files"
546,STRAIN_000547,GCF_003020005.1,GCF_003020005.1 | GCA_003020005.1,GCF_003020005 | GCA_003020005,2,"GCF_003020005.1:current_genome_key,primary_accession,gcf_accession || GCA_003020005.1:gca_accession,local_genome_files"
547,STRAIN_000548,GCF_003023825.1,GCF_003023825.1 | GCA_003023825.1,GCF_003023825 | GCA_003023825,2,"GCF_003023825.1:current_genome_key,primary_accession,gcf_accession || GCA_003023825.1:gca_accession,local_genome_files"
548,STRAIN_000549,GCF_003046055.1,GCF_003046055.1 | GCA_003046055.1,GCF_003046055 | GCA_003046055,2,"GCF_003046055.1:current_genome_key,primary_accession,gcf_accession || GCA_003046055.1:gca_accession,local_genome_files"
549,STRAIN_000550,GCF_003046075.1,GCF_003046075.1 | GCA_003046075.1,GCF_003046075 | GCA_003046075,2,"GCF_003046075.1:current_genome_key,primary_accession,gcf_accession || GCA_003046075.1:gca_accession,local_genome_files"
550,STRAIN_000551,GCF_003046115.1,GCF_003046115.1 | GCA_003046115.1,GCF_003046115 | GCA_003046115,2,"GCF_003046115.1:current_genome_key,primary_accession,gcf_accession || GCA_003046115.1:gca_accession,local_genome_files"
551,STRAIN_000552,GCF_003046135.1,GCF_003046135.1 | GCA_003046135.1,GCF_003046135 | GCA_003046135,2,"GCF_003046135.1:current_genome_key,primary_accession,gcf_accession || GCA_003046135.1:gca_accession,local_genome_files"
552,STRAIN_000553,GCF_003052855.1,GCF_003052855.1 | GCA_003052855.1,GCF_003052855 | GCA_003052855,2,"GCF_003052855.1:current_genome_key,primary_accession,gcf_accession || GCA_003052855.1:gca_accession,local_genome_files"
553,STRAIN_000554,GCF_003052925.1,GCF_003052925.1 | GCA_003052925.1,GCF_003052925 | GCA_003052925,2,"GCF_003052925.1:current_genome_key,primary_accession,gcf_accession || GCA_003052925.1:gca_accession,local_genome_files"
554,STRAIN_000555,GCF_003060705.1,GCF_003060705.1 | GCA_003060705.1,GCF_003060705 | GCA_003060705,2,"GCF_003060705.1:current_genome_key,primary_accession,gcf_accession || GCA_003060705.1:gca_accession,local_genome_files"
555,STRAIN_000556,GCF_003062045.1,GCF_003062045.1 | GCA_003062045.1,GCF_003062045 | GCA_003062045,2,"GCF_003062045.1:current_genome_key,primary_accession,gcf_accession || GCA_003062045.1:gca_accession,local_genome_files"
556,STRAIN_000557,GCF_003072625.1,GCF_003072625.1 | GCA_003072625.1,GCF_003072625 | GCA_003072625,2,"GCF_003072625.1:current_genome_key,primary_accession,gcf_accession || GCA_003072625.1:gca_accession,local_genome_files"
557,STRAIN_000558,GCF_003097595.1,GCF_003097595.1 | GCA_003097595.1,GCF_003097595 | GCA_003097595,2,"GCF_003097595.1:current_genome_key,primary_accession,gcf_accession || GCA_003097595.1:gca_accession,local_genome_files"
558,STRAIN_000559,GCF_003129615.1,GCF_003129615.1 | GCA_003129615.1,GCF_003129615 | GCA_003129615,2,"GCF_003129615.1:current_genome_key,primary_accession,gcf_accession || GCA_003129615.1:gca_accession,local_genome_files"
559,STRAIN_000560,GCF_003129645.1,GCF_003129645.1 | GCA_003129645.1,GCF_003129645 | GCA_003129645,2,"GCF_003129645.1:current_genome_key,primary_accession,gcf_accession || GCA_003129645.1:gca_accession,local_genome_files"
560,STRAIN_000561,GCF_003130445.1,GCF_003130445.1 | GCA_003130445.1,GCF_003130445 | GCA_003130445,2,"GCF_003130445.1:current_genome_key,primary_accession,gcf_accession || GCA_003130445.1:gca_accession,local_genome_files"
561,STRAIN_000562,GCF_003143915.1,GCF_003143915.1 | GCA_003143915.1,GCF_003143915 | GCA_003143915,2,"GCF_003143915.1:current_genome_key,primary_accession,gcf_accession || GCA_003143915.1:gca_accession,local_genome_files"
562,STRAIN_000563,GCF_003174815.1,GCF_003174815.1 | GCA_003174815.1,GCF_003174815 | GCA_003174815,2,"GCF_003174815.1:current_genome_key,primary_accession,gcf_accession || GCA_003174815.1:gca_accession,local_genome_files"
563,STRAIN_000564,GCF_003175015.1,GCF_003175015.1 | GCA_003175015.1,GCF_003175015 | GCA_003175015,2,"GCF_003175015.1:current_genome_key,primary_accession,gcf_accession || GCA_003175015.1:gca_accession,local_genome_files"
564,STRAIN_000565,GCF_003175115.1,GCF_003175115.1 | GCA_003175115.1,GCF_003175115 | GCA_003175115,2,"GCF_003175115.1:current_genome_key,primary_accession,gcf_accession || GCA_003175115.1:gca_accession,local_genome_files"
565,STRAIN_000566,GCF_003175125.1,GCF_003175125.1 | GCA_003175125.1,GCF_003175125 | GCA_003175125,2,"GCF_003175125.1:current_genome_key,primary_accession,gcf_accession || GCA_003175125.1:gca_accession,local_genome_files"
566,STRAIN_000567,GCF_003261135.1,GCF_003261135.1 | GCA_003261135.1,GCF_003261135 | GCA_003261135,2,"GCF_003261135.1:current_genome_key,primary_accession,gcf_accession || GCA_003261135.1:gca_accession,local_genome_files"
567,STRAIN_000568,GCF_003269405.1,GCF_003269405.1 | GCA_003269405.1,GCF_003269405 | GCA_003269405,2,"GCF_003269405.1:current_genome_key,primary_accession,gcf_accession || GCA_003269405.1:gca_accession,local_genome_files"
568,STRAIN_000569,GCF_003316895.1,GCF_003316895.1 | GCA_003316895.1,GCF_003316895 | GCA_003316895,2,"GCF_003316895.1:current_genome_key,primary_accession,gcf_accession || GCA_003316895.1:gca_accession,local_genome_files"
569,STRAIN_000570,GCF_003325395.1,GCF_003325395.1 | GCA_003325395.1,GCF_003325395 | GCA_003325395,2,"GCF_003325395.1:current_genome_key,primary_accession,gcf_accession || GCA_003325395.1:gca_accession,local_genome_files"
570,STRAIN_000571,GCF_003325775.1,GCF_003325775.1 | GCA_003325775.1,GCF_003325775 | GCA_003325775,2,"GCF_003325775.1:current_genome_key,primary_accession,gcf_accession || GCA_003325775.1:gca_accession,local_genome_files"
571,STRAIN_000572,GCF_003342655.1,GCF_003342655.1 | GCA_003342655.1,GCF_003342655 | GCA_003342655,2,"GCF_003342655.1:current_genome_key,primary_accession,gcf_accession || GCA_003342655.1:gca_accession,local_genome_files"
572,STRAIN_000573,GCF_003344825.1,GCF_003344825.1 | GCA_003344825.1,GCF_003344825 | GCA_003344825,2,"GCF_003344825.1:current_genome_key,primary_accession,gcf_accession || GCA_003344825.1:gca_accession,local_genome_files"
573,STRAIN_000574,GCF_003344845.1,GCF_003344845.1 | GCA_003344845.1,GCF_003344845 | GCA_003344845,2,"GCF_003344845.1:current_genome_key,primary_accession,gcf_accession || GCA_003344845.1:gca_accession,local_genome_files"
574,STRAIN_000575,GCF_003345725.1,GCF_003345725.1 | GCA_003345725.1,GCF_003345725 | GCA_003345725,2,"GCF_003345725.1:current_genome_key,primary_accession,gcf_accession || GCA_003345725.1:gca_accession,local_genome_files"
575,STRAIN_000576,GCF_003346315.1,GCF_003346315.1 | GCA_003346315.1,GCF_003346315 | GCA_003346315,2,"GCF_003346315.1:current_genome_key,primary_accession,gcf_accession || GCA_003346315.1:gca_accession,local_genome_files"
576,STRAIN_000577,GCF_003347445.1,GCF_003347445.1 | GCA_003347445.1,GCF_003347445 | GCA_003347445,2,"GCF_003347445.1:current_genome_key,primary_accession,gcf_accession || GCA_003347445.1:gca_accession,local_genome_files"
577,STRAIN_000578,GCF_003347455.1,GCF_003347455.1 | GCA_003347455.1,GCF_003347455 | GCA_003347455,2,"GCF_003347455.1:current_genome_key,primary_accession,gcf_accession || GCA_003347455.1:gca_accession,local_genome_files"
578,STRAIN_000579,GCF_003352125.1,GCF_003352125.1 | GCA_003352125.1,GCF_003352125 | GCA_003352125,2,"GCF_003352125.1:current_genome_key,primary_accession,gcf_accession || GCA_003352125.1:gca_accession,local_genome_files"
579,STRAIN_000580,GCF_003433395.1,GCF_003433395.1 | GCA_003433395.1,GCF_003433395 | GCA_003433395,2,"GCF_003433395.1:current_genome_key,primary_accession,gcf_accession || GCA_003433395.1:gca_accession,local_genome_files"
580,STRAIN_000581,GCF_003573895.1,GCF_003573895.1 | GCA_003573895.1,GCF_003573895 | GCA_003573895,2,"GCF_003573895.1:current_genome_key,primary_accession,gcf_accession || GCA_003573895.1:gca_accession,local_genome_files"
581,STRAIN_000582,GCF_003577505.1,GCF_003577505.1 | GCA_003577505.1,GCF_003577505 | GCA_003577505,2,"GCF_003577505.1:current_genome_key,primary_accession,gcf_accession || GCA_003577505.1:gca_accession,local_genome_files"
582,STRAIN_000583,GCF_003586485.1,GCF_003586485.1 | GCA_003586485.1,GCF_003586485 | GCA_003586485,2,"GCF_003586485.1:current_genome_key,primary_accession,gcf_accession || GCA_003586485.1:gca_accession,local_genome_files"
583,STRAIN_000584,GCF_003597635.1,GCF_003597635.1 | GCA_003597635.1,GCF_003597635 | GCA_003597635,2,"GCF_003597635.1:current_genome_key,primary_accession,gcf_accession || GCA_003597635.1:gca_accession,local_genome_files"
584,STRAIN_000585,GCF_003606305.1,GCF_003606305.1 | GCA_003606305.1,GCF_003606305 | GCA_003606305,2,"GCF_003606305.1:current_genome_key,primary_accession,gcf_accession || GCA_003606305.1:gca_accession,local_genome_files"
585,STRAIN_000586,GCF_003611015.1,GCF_003611015.1 | GCA_003611015.1,GCF_003611015 | GCA_003611015,2,"GCF_003611015.1:current_genome_key,primary_accession,gcf_accession || GCA_003611015.1:gca_accession,local_genome_files"
586,STRAIN_000587,GCF_003627255.1,GCF_003627255.1 | GCA_003627255.1,GCF_003627255 | GCA_003627255,2,"GCF_003627255.1:current_genome_key,primary_accession,gcf_accession || GCA_003627255.1:gca_accession,local_genome_files"
587,STRAIN_000588,GCF_003627355.1,GCF_003627355.1 | GCA_003627355.1,GCF_003627355 | GCA_003627355,2,"GCF_003627355.1:current_genome_key,primary_accession,gcf_accession || GCA_003627355.1:gca_accession,local_genome_files"
588,STRAIN_000589,GCF_003641085.1,GCF_003641085.1 | GCA_003641085.1,GCF_003641085 | GCA_003641085,2,"GCF_003641085.1:current_genome_key,primary_accession,gcf_accession || GCA_003641085.1:gca_accession,local_genome_files"
589,STRAIN_000590,GCF_003666485.1,GCF_003666485.1 | GCA_003666485.1,GCF_003666485 | GCA_003666485,2,"GCF_003666485.1:current_genome_key,primary_accession,gcf_accession || GCA_003666485.1:gca_accession,local_genome_files"
590,STRAIN_000591,GCF_003692725.1,GCF_003692725.1 | GCA_003692725.1,GCF_003692725 | GCA_003692725,2,"GCF_003692725.1:current_genome_key,primary_accession,gcf_accession || GCA_003692725.1:gca_accession,local_genome_files"
591,STRAIN_000592,GCF_003703875.1,GCF_003703875.1 | GCA_003703875.1,GCF_003703875 | GCA_003703875,2,"GCF_003703875.1:current_genome_key,primary_accession,gcf_accession || GCA_003703875.1:gca_accession,local_genome_files"
592,STRAIN_000593,GCF_003703885.1,GCF_003703885.1 | GCA_003703885.1,GCF_003703885 | GCA_003703885,2,"GCF_003703885.1:current_genome_key,primary_accession,gcf_accession || GCA_003703885.1:gca_accession,local_genome_files"
593,STRAIN_000594,GCF_003709415.1,GCF_003709415.1 | GCA_003709415.1,GCF_003709415 | GCA_003709415,2,"GCF_003709415.1:current_genome_key,primary_accession,gcf_accession || GCA_003709415.1:gca_accession,local_genome_files"
594,STRAIN_000595,GCF_003710225.1,GCF_003710225.1 | GCA_003710225.1,GCF_003710225 | GCA_003710225,2,"GCF_003710225.1:current_genome_key,primary_accession,gcf_accession || GCA_003710225.1:gca_accession,local_genome_files"
595,STRAIN_000596,GCF_003790365.1,GCF_003790365.1 | GCA_003790365.1,GCF_003790365 | GCA_003790365,2,"GCF_003790365.1:current_genome_key,primary_accession,gcf_accession || GCA_003790365.1:gca_accession,local_genome_files"
596,STRAIN_000597,GCF_003795255.1,GCF_003795255.1 | GCA_003795255.1,GCF_003795255 | GCA_003795255,2,"GCF_003795255.1:current_genome_key,primary_accession,gcf_accession || GCA_003795255.1:gca_accession,local_genome_files"
597,STRAIN_000598,GCF_003813125.1,GCF_003813125.1 | GCA_003813125.1,GCF_003813125 | GCA_003813125,2,"GCF_003813125.1:current_genome_key,primary_accession,gcf_accession || GCA_003813125.1:gca_accession,local_genome_files"
598,STRAIN_000599,GCF_003841395.1,GCF_003841395.1 | GCA_003841395.1,GCF_003841395 | GCA_003841395,2,"GCF_003841395.1:current_genome_key,primary_accession,gcf_accession || GCA_003841395.1:gca_accession,local_genome_files"
599,STRAIN_000600,GCF_003856735.1,GCF_003856735.1 | GCA_003856735.1,GCF_003856735 | GCA_003856735,2,"GCF_003856735.1:current_genome_key,primary_accession,gcf_accession || GCA_003856735.1:gca_accession,local_genome_files"
600,STRAIN_000601,GCF_003860425.1,GCF_003860425.1 | GCA_003860425.1,GCF_003860425 | GCA_003860425,2,"GCF_003860425.1:current_genome_key,primary_accession,gcf_accession || GCA_003860425.1:gca_accession,local_genome_files"
601,STRAIN_000602,GCF_003966835.1,GCF_003966835.1 | GCA_003966835.1,GCF_003966835 | GCA_003966835,2,"GCF_003966835.1:current_genome_key,primary_accession,gcf_accession || GCA_003966835.1:gca_accession,local_genome_files"
602,STRAIN_000603,GCF_003966855.1,GCF_003966855.1 | GCA_003966855.1,GCF_003966855 | GCA_003966855,2,"GCF_003966855.1:current_genome_key,primary_accession,gcf_accession || GCA_003966855.1:gca_accession,local_genome_files"
603,STRAIN_000604,GCF_003970855.1,GCF_003970855.1 | GCA_003970855.1,GCF_003970855 | GCA_003970855,2,"GCF_003970855.1:current_genome_key,primary_accession,gcf_accession || GCA_003970855.1:gca_accession,local_genome_files"
604,STRAIN_000605,GCF_003999275.1,GCF_003999275.1 | GCA_003999275.1,GCF_003999275 | GCA_003999275,2,"GCF_003999275.1:current_genome_key,primary_accession,gcf_accession || GCA_003999275.1:gca_accession,local_genome_files"
605,STRAIN_000606,GCF_003999605.1,GCF_003999605.1 | GCA_003999605.1,GCF_003999605 | GCA_003999605,2,"GCF_003999605.1:current_genome_key,primary_accession,gcf_accession || GCA_003999605.1:gca_accession,local_genome_files"
606,STRAIN_000607,GCF_004028295.1,GCF_004028295.1 | GCA_004028295.1,GCF_004028295 | GCA_004028295,2,"GCF_004028295.1:current_genome_key,primary_accession,gcf_accession || GCA_004028295.1:gca_accession,local_genome_files"
607,STRAIN_000608,GCF_004028315.1,GCF_004028315.1 | GCA_004028315.1,GCF_004028315 | GCA_004028315,2,"GCF_004028315.1:current_genome_key,primary_accession,gcf_accession || GCA_004028315.1:gca_accession,local_genome_files"
608,STRAIN_000609,GCF_004028335.1,GCF_004028335.1 | GCA_004028335.1,GCF_004028335 | GCA_004028335,2,"GCF_004028335.1:current_genome_key,primary_accession,gcf_accession || GCA_004028335.1:gca_accession,local_genome_files"
609,STRAIN_000610,GCF_004114715.1,GCF_004114715.1 | GCA_004114715.1,GCF_004114715 | GCA_004114715,2,"GCF_004114715.1:current_genome_key,primary_accession,gcf_accession || GCA_004114715.1:gca_accession,local_genome_files"
610,STRAIN_000611,GCF_004118615.1,GCF_004118615.1 | GCA_004118615.1,GCF_004118615 | GCA_004118615,2,"GCF_004118615.1:current_genome_key,primary_accession,gcf_accession || GCA_004118615.1:gca_accession,local_genome_files"
611,STRAIN_000612,GCF_004122965.1,GCF_004122965.1 | GCA_004122965.1,GCF_004122965 | GCA_004122965,2,"GCF_004122965.1:current_genome_key,primary_accession,gcf_accession || GCA_004122965.1:gca_accession,local_genome_files"
612,STRAIN_000613,GCF_004123035.1,GCF_004123035.1 | GCA_004123035.1,GCF_004123035 | GCA_004123035,2,"GCF_004123035.1:current_genome_key,primary_accession,gcf_accession || GCA_004123035.1:gca_accession,local_genome_files"
613,STRAIN_000614,GCF_004125375.1,GCF_004125375.1 | GCA_004125375.1,GCF_004125375 | GCA_004125375,2,"GCF_004125375.1:current_genome_key,primary_accession,gcf_accession || GCA_004125375.1:gca_accession,local_genome_files"
614,STRAIN_000615,GCF_004135895.1,GCF_004135895.1 | GCA_004135895.1,GCF_004135895 | GCA_004135895,2,"GCF_004135895.1:current_genome_key,primary_accession,gcf_accession || GCA_004135895.1:gca_accession,local_genome_files"
615,STRAIN_000616,GCF_004208815.1,GCF_004208815.1 | GCA_004208815.1,GCF_004208815 | GCA_004208815,2,"GCF_004208815.1:current_genome_key,primary_accession,gcf_accession || GCA_004208815.1:gca_accession,local_genome_files"
616,STRAIN_000617,GCF_004301305.1,GCF_004301305.1 | GCA_004301305.1,GCF_004301305 | GCA_004301305,2,"GCF_004301305.1:current_genome_key,primary_accession,gcf_accession || GCA_004301305.1:gca_accession,local_genome_files"
617,STRAIN_000618,GCF_004301335.1,GCF_004301335.1 | GCA_004301335.1,GCF_004301335 | GCA_004301335,2,"GCF_004301335.1:current_genome_key,primary_accession,gcf_accession || GCA_004301335.1:gca_accession,local_genome_files"
618,STRAIN_000619,GCF_004301645.1,GCF_004301645.1 | GCA_004301645.1,GCF_004301645 | GCA_004301645,2,"GCF_004301645.1:current_genome_key,primary_accession,gcf_accession || GCA_004301645.1:gca_accession,local_genome_files"
619,STRAIN_000620,GCF_004301685.1,GCF_004301685.1 | GCA_004301685.1,GCF_004301685 | GCA_004301685,2,"GCF_004301685.1:current_genome_key,primary_accession,gcf_accession || GCA_004301685.1:gca_accession,local_genome_files"
620,STRAIN_000621,GCF_004301915.1,GCF_004301915.1 | GCA_004301915.1,GCF_004301915 | GCA_004301915,2,"GCF_004301915.1:current_genome_key,primary_accession,gcf_accession || GCA_004301915.1:gca_accession,local_genome_files"
621,STRAIN_000622,GCF_004319685.1,GCF_004319685.1 | GCA_004319685.1,GCF_004319685 | GCA_004319685,2,"GCF_004319685.1:current_genome_key,primary_accession,gcf_accession || GCA_004319685.1:gca_accession,local_genome_files"
622,STRAIN_000623,GCF_004337615.1,GCF_004337615.1 | GCA_004337615.1,GCF_004337615 | GCA_004337615,2,"GCF_004337615.1:current_genome_key,primary_accession,gcf_accession || GCA_004337615.1:gca_accession,local_genome_files"
623,STRAIN_000624,GCF_004348805.1,GCF_004348805.1 | GCA_004348805.1,GCF_004348805 | GCA_004348805,2,"GCF_004348805.1:current_genome_key,primary_accession,gcf_accession || GCA_004348805.1:gca_accession,local_genome_files"
624,STRAIN_000625,GCF_004349685.1,GCF_004349685.1 | GCA_004349685.1,GCF_004349685 | GCA_004349685,2,"GCF_004349685.1:current_genome_key,primary_accession,gcf_accession || GCA_004349685.1:gca_accession,local_genome_files"
625,STRAIN_000626,GCF_004354485.1,GCF_004354485.1 | GCA_004354485.1,GCF_004354485 | GCA_004354485,2,"GCF_004354485.1:current_genome_key,primary_accession,gcf_accession || GCA_004354485.1:gca_accession,local_genome_files"
626,STRAIN_000627,GCF_004354655.1,GCF_004354655.1 | GCA_004354655.1,GCF_004354655 | GCA_004354655,2,"GCF_004354655.1:current_genome_key,primary_accession,gcf_accession || GCA_004354655.1:gca_accession,local_genome_files"
627,STRAIN_000628,GCF_004355265.1,GCF_004355265.1 | GCA_004355265.1,GCF_004355265 | GCA_004355265,2,"GCF_004355265.1:current_genome_key,primary_accession,gcf_accession || GCA_004355265.1:gca_accession,local_genome_files"
628,STRAIN_000629,GCF_004368425.1,GCF_004368425.1 | GCA_004368425.1,GCF_004368425 | GCA_004368425,2,"GCF_004368425.1:current_genome_key,primary_accession,gcf_accession || GCA_004368425.1:gca_accession,local_genome_files"
629,STRAIN_000630,GCF_004683785.1,GCF_004683785.1 | GCA_004683785.1,GCF_004683785 | GCA_004683785,2,"GCF_004683785.1:current_genome_key,primary_accession,gcf_accession || GCA_004683785.1:gca_accession,local_genome_files"
630,STRAIN_000631,GCF_004683835.1,GCF_004683835.1 | GCA_004683835.1,GCF_004683835 | GCA_004683835,2,"GCF_004683835.1:current_genome_key,primary_accession,gcf_accession || GCA_004683835.1:gca_accession,local_genome_files"
631,STRAIN_000632,GCF_004730965.1,GCF_004730965.1 | GCA_004730965.1,GCF_004730965 | GCA_004730965,2,"GCF_004730965.1:current_genome_key,primary_accession,gcf_accession || GCA_004730965.1:gca_accession,local_genome_files"
632,STRAIN_000633,GCF_004795205.1,GCF_004795205.1 | GCA_004795205.1,GCF_004795205 | GCA_004795205,2,"GCF_004795205.1:current_genome_key,primary_accession,gcf_accession || GCA_004795205.1:gca_accession,local_genome_files"
633,STRAIN_000634,GCF_004799295.1,GCF_004799295.1 | GCA_004799295.1,GCF_004799295 | GCA_004799295,2,"GCF_004799295.1:current_genome_key,primary_accession,gcf_accession || GCA_004799295.1:gca_accession,local_genome_files"
634,STRAIN_000635,GCF_004802595.1,GCF_004802595.1 | GCA_004802595.1,GCF_004802595 | GCA_004802595,2,"GCF_004802595.1:current_genome_key,primary_accession,gcf_accession || GCA_004802595.1:gca_accession,local_genome_files"
635,STRAIN_000636,GCF_004803425.1,GCF_004803425.1 | GCA_004803425.1,GCF_004803425 | GCA_004803425,2,"GCF_004803425.1:current_genome_key,primary_accession,gcf_accession || GCA_004803425.1:gca_accession,local_genome_files"
636,STRAIN_000637,GCF_004919065.2,GCF_004919065.2 | GCA_004919065.2,GCF_004919065 | GCA_004919065,2,"GCF_004919065.2:current_genome_key,primary_accession,gcf_accession || GCA_004919065.2:gca_accession,local_genome_files"
637,STRAIN_000638,GCF_004936435.1,GCF_004936435.1 | GCA_004936435.1,GCF_004936435 | GCA_004936435,2,"GCF_004936435.1:current_genome_key,primary_accession,gcf_accession || GCA_004936435.1:gca_accession,local_genome_files"
638,STRAIN_000639,GCF_006151905.1,GCF_006151905.1 | GCA_006151905.1,GCF_006151905 | GCA_006151905,2,"GCF_006151905.1:current_genome_key,primary_accession,gcf_accession || GCA_006151905.1:gca_accession,local_genome_files"
639,STRAIN_000640,GCF_006228265.1,GCF_006228265.1 | GCA_006228265.1,GCF_006228265 | GCA_006228265,2,"GCF_006228265.1:current_genome_key,primary_accession,gcf_accession || GCA_006228265.1:gca_accession,local_genome_files"
640,STRAIN_000641,GCF_006228305.1,GCF_006228305.1 | GCA_006228305.1,GCF_006228305 | GCA_006228305,2,"GCF_006228305.1:current_genome_key,primary_accession,gcf_accession || GCA_006228305.1:gca_accession,local_genome_files"
641,STRAIN_000642,GCF_006381935.1,GCF_006381935.1 | GCA_006381935.1,GCF_006381935 | GCA_006381935,2,"GCF_006381935.1:current_genome_key,primary_accession,gcf_accession || GCA_006381935.1:gca_accession,local_genome_files"
642,STRAIN_000643,GCF_006382065.1,GCF_006382065.1 | GCA_006382065.1,GCF_006382065 | GCA_006382065,2,"GCF_006382065.1:current_genome_key,primary_accession,gcf_accession || GCA_006382065.1:gca_accession,local_genome_files"
643,STRAIN_000644,GCF_006770505.1,GCF_006770505.1 | GCA_006770505.1,GCF_006770505 | GCA_006770505,2,"GCF_006770505.1:current_genome_key,primary_accession,gcf_accession || GCA_006770505.1:gca_accession,local_genome_files"
644,STRAIN_000645,GCF_006874665.1,GCF_006874665.1 | GCA_006874665.1,GCF_006874665 | GCA_006874665,2,"GCF_006874665.1:current_genome_key,primary_accession,gcf_accession || GCA_006874665.1:gca_accession,local_genome_files"
645,STRAIN_000646,GCF_007833595.1,GCF_007833595.1 | GCA_007833595.1,GCF_007833595 | GCA_007833595,2,"GCF_007833595.1:current_genome_key,primary_accession,gcf_accession || GCA_007833595.1:gca_accession,local_genome_files"
646,STRAIN_000647,GCF_007989125.1,GCF_007989125.1 | GCA_007989125.1,GCF_007989125 | GCA_007989125,2,"GCF_007989125.1:current_genome_key,primary_accession,gcf_accession || GCA_007989125.1:gca_accession,local_genome_files"
647,STRAIN_000648,GCF_007989185.1,GCF_007989185.1 | GCA_007989185.1,GCF_007989185 | GCA_007989185,2,"GCF_007989185.1:current_genome_key,primary_accession,gcf_accession || GCA_007989185.1:gca_accession,local_genome_files"
648,STRAIN_000649,GCF_007989685.1,GCF_007989685.1 | GCA_007989685.1,GCF_007989685 | GCA_007989685,2,"GCF_007989685.1:current_genome_key,primary_accession,gcf_accession || GCA_007989685.1:gca_accession,local_genome_files"
649,STRAIN_000650,GCF_007990855.1,GCF_007990855.1 | GCA_007990855.1,GCF_007990855 | GCA_007990855,2,"GCF_007990855.1:current_genome_key,primary_accession,gcf_accession || GCA_007990855.1:gca_accession,local_genome_files"
650,STRAIN_000651,GCF_008017355.1,GCF_008017355.1 | GCA_008017355.1,GCF_008017355 | GCA_008017355,2,"GCF_008017355.1:current_genome_key,primary_accession,gcf_accession || GCA_008017355.1:gca_accession,local_genome_files"
651,STRAIN_000652,GCF_008180075.1,GCF_008180075.1 | GCA_008180075.1,GCF_008180075 | GCA_008180075,2,"GCF_008180075.1:current_genome_key,primary_accession,gcf_accession || GCA_008180075.1:gca_accession,local_genome_files"
652,STRAIN_000653,GCF_008369945.1,GCF_008369945.1 | GCA_008369945.1,GCF_008369945 | GCA_008369945,2,"GCF_008369945.1:current_genome_key,primary_accession,gcf_accession || GCA_008369945.1:gca_accession,local_genome_files"
653,STRAIN_000654,GCF_008727835.1,GCF_008727835.1 | GCA_008727835.1,GCF_008727835 | GCA_008727835,2,"GCF_008727835.1:current_genome_key,primary_accession,gcf_accession || GCA_008727835.1:gca_accession,local_genome_files"
654,STRAIN_000655,GCF_009295755.1,GCF_009295755.1 | GCA_009295755.1,GCF_009295755 | GCA_009295755,2,"GCF_009295755.1:current_genome_key,primary_accession,gcf_accession || GCA_009295755.1:gca_accession,local_genome_files"
655,STRAIN_000656,GCF_009295775.1,GCF_009295775.1 | GCA_009295775.1,GCF_009295775 | GCA_009295775,2,"GCF_009295775.1:current_genome_key,primary_accession,gcf_accession || GCA_009295775.1:gca_accession,local_genome_files"
656,STRAIN_000657,GCF_009429065.1,GCF_009429065.1 | GCA_009429065.1,GCF_009429065 | GCA_009429065,2,"GCF_009429065.1:current_genome_key,primary_accession,gcf_accession || GCA_009429065.1:gca_accession,local_genome_files"
657,STRAIN_000658,GCF_009429085.1,GCF_009429085.1 | GCA_009429085.1,GCF_009429085 | GCA_009429085,2,"GCF_009429085.1:current_genome_key,primary_accession,gcf_accession || GCA_009429085.1:gca_accession,local_genome_files"
658,STRAIN_000659,GCF_009649105.1,GCF_009649105.1 | GCA_009649105.1,GCF_009649105 | GCA_009649105,2,"GCF_009649105.1:current_genome_key,primary_accession,gcf_accession || GCA_009649105.1:gca_accession,local_genome_files"
659,STRAIN_000660,GCF_009676625.1,GCF_009676625.1 | GCA_009676625.1,GCF_009676625 | GCA_009676625,2,"GCF_009676625.1:current_genome_key,primary_accession,gcf_accession || GCA_009676625.1:gca_accession,local_genome_files"
660,STRAIN_000661,GCF_009720585.1,GCF_009720585.1 | GCA_009720585.1,GCF_009720585 | GCA_009720585,2,"GCF_009720585.1:current_genome_key,primary_accession,gcf_accession || GCA_009720585.1:gca_accession,local_genome_files"
661,STRAIN_000662,GCF_009728915.1,GCF_009728915.1 | GCA_009728915.1,GCF_009728915 | GCA_009728915,2,"GCF_009728915.1:current_genome_key,primary_accession,gcf_accession || GCA_009728915.1:gca_accession,local_genome_files"
662,STRAIN_000663,GCF_009739485.1,GCF_009739485.1 | GCA_009739485.1,GCF_009739485 | GCA_009739485,2,"GCF_009739485.1:current_genome_key,primary_accession,gcf_accession || GCA_009739485.1:gca_accession,local_genome_files"
663,STRAIN_000664,GCF_009762745.1,GCF_009762745.1 | GCA_009762745.1,GCF_009762745 | GCA_009762745,2,"GCF_009762745.1:current_genome_key,primary_accession,gcf_accession || GCA_009762745.1:gca_accession,local_genome_files"
664,STRAIN_000665,GCF_009823605.1,GCF_009823605.1 | GCA_009823605.1,GCF_009823605 | GCA_009823605,2,"GCF_009823605.1:current_genome_key,primary_accession,gcf_accession || GCA_009823605.1:gca_accession,local_genome_files"
665,STRAIN_000666,GCF_009834405.1,GCF_009834405.1 | GCA_009834405.1,GCF_009834405 | GCA_009834405,2,"GCF_009834405.1:current_genome_key,primary_accession,gcf_accession || GCA_009834405.1:gca_accession,local_genome_files"
666,STRAIN_000667,GCF_009864015.1,GCF_009864015.1 | GCA_009864015.1,GCF_009864015 | GCA_009864015,2,"GCF_009864015.1:current_genome_key,primary_accession,gcf_accession || GCA_009864015.1:gca_accession,local_genome_files"
667,STRAIN_000668,GCF_009885055.1,GCF_009885055.1 | GCA_009885055.1,GCF_009885055 | GCA_009885055,2,"GCF_009885055.1:current_genome_key,primary_accession,gcf_accession || GCA_009885055.1:gca_accession,local_genome_files"
668,STRAIN_000669,GCF_009914805.1,GCF_009914805.1 | GCA_009914805.1,GCF_009914805 | GCA_009914805,2,"GCF_009914805.1:current_genome_key,primary_accession,gcf_accession || GCA_009914805.1:gca_accession,local_genome_files"
669,STRAIN_000670,GCF_009914845.1,GCF_009914845.1 | GCA_009914845.1,GCF_009914845 | GCA_009914845,2,"GCF_009914845.1:current_genome_key,primary_accession,gcf_accession || GCA_009914845.1:gca_accession,local_genome_files"
670,STRAIN_000671,GCF_009996805.1,GCF_009996805.1 | GCA_009996805.1,GCF_009996805 | GCA_009996805,2,"GCF_009996805.1:current_genome_key,primary_accession,gcf_accession || GCA_009996805.1:gca_accession,local_genome_files"
671,STRAIN_000672,GCF_010120595.1,GCF_010120595.1 | GCA_010120595.1,GCF_010120595 | GCA_010120595,2,"GCF_010120595.1:current_genome_key,primary_accession,gcf_accession || GCA_010120595.1:gca_accession,local_genome_files"
672,STRAIN_000673,GCF_011008535.1,GCF_011008535.1 | GCA_011008535.1,GCF_011008535 | GCA_011008535,2,"GCF_011008535.1:current_genome_key,primary_accession,gcf_accession || GCA_011008535.1:gca_accession,local_genome_files"
673,STRAIN_000674,GCF_011009755.1,GCF_011009755.1 | GCA_011009755.1,GCF_011009755 | GCA_011009755,2,"GCF_011009755.1:current_genome_key,primary_accession,gcf_accession || GCA_011009755.1:gca_accession,local_genome_files"
674,STRAIN_000675,GCF_011022295.1,GCF_011022295.1 | GCA_011022295.1,GCF_011022295 | GCA_011022295,2,"GCF_011022295.1:current_genome_key,primary_accession,gcf_accession || GCA_011022295.1:gca_accession,local_genome_files"
675,STRAIN_000676,GCF_011029205.1,GCF_011029205.1 | GCA_011029205.1,GCF_011029205 | GCA_011029205,2,"GCF_011029205.1:current_genome_key,primary_accession,gcf_accession || GCA_011029205.1:gca_accession,local_genome_files"
676,STRAIN_000677,GCF_011032745.1,GCF_011032745.1 | GCA_011032745.1,GCF_011032745 | GCA_011032745,2,"GCF_011032745.1:current_genome_key,primary_accession,gcf_accession || GCA_011032745.1:gca_accession,local_genome_files"
677,STRAIN_000678,GCF_011032765.1,GCF_011032765.1 | GCA_011032765.1,GCF_011032765 | GCA_011032765,2,"GCF_011032765.1:current_genome_key,primary_accession,gcf_accession || GCA_011032765.1:gca_accession,local_genome_files"
678,STRAIN_000679,GCF_011065435.1,GCF_011065435.1 | GCA_011065435.1,GCF_011065435 | GCA_011065435,2,"GCF_011065435.1:current_genome_key,primary_accession,gcf_accession || GCA_011065435.1:gca_accession,local_genome_files"
679,STRAIN_000680,GCF_011290755.1,GCF_011290755.1 | GCA_011290755.1,GCF_011290755 | GCA_011290755,2,"GCF_011290755.1:current_genome_key,primary_accession,gcf_accession || GCA_011290755.1:gca_accession,local_genome_files"
680,STRAIN_000681,GCF_011770105.1,GCF_011770105.1 | GCA_011770105.1,GCF_011770105 | GCA_011770105,2,"GCF_011770105.1:current_genome_key,primary_accession,gcf_accession || GCA_011770105.1:gca_accession,local_genome_files"
681,STRAIN_000682,GCF_012070635.1,GCF_012070635.1 | GCA_012070635.1,GCF_012070635 | GCA_012070635,2,"GCF_012070635.1:current_genome_key,primary_accession,gcf_accession || GCA_012070635.1:gca_accession,local_genome_files"
682,STRAIN_000683,GCF_012109355.1,GCF_012109355.1 | GCA_012109355.1,GCF_012109355 | GCA_012109355,2,"GCF_012109355.1:current_genome_key,primary_accession,gcf_accession || GCA_012109355.1:gca_accession,local_genome_files"
683,STRAIN_000684,GCF_012241605.1,GCF_012241605.1 | GCA_012241605.1,GCF_012241605 | GCA_012241605,2,"GCF_012241605.1:current_genome_key,primary_accession,gcf_accession || GCA_012241605.1:gca_accession,local_genome_files"
684,STRAIN_000685,GCF_012272935.1,GCF_012272935.1 | GCA_012272935.1,GCF_012272935 | GCA_012272935,2,"GCF_012272935.1:current_genome_key,primary_accession,gcf_accession || GCA_012272935.1:gca_accession,local_genome_files"
685,STRAIN_000686,GCF_012273035.1,GCF_012273035.1 | GCA_012273035.1,GCF_012273035 | GCA_012273035,2,"GCF_012273035.1:current_genome_key,primary_accession,gcf_accession || GCA_012273035.1:gca_accession,local_genome_files"
686,STRAIN_000687,GCF_012689205.1,GCF_012689205.1 | GCA_012689205.1,GCF_012689205 | GCA_012689205,2,"GCF_012689205.1:current_genome_key,primary_accession,gcf_accession || GCA_012689205.1:gca_accession,local_genome_files"
687,STRAIN_000688,GCF_012931965.1,GCF_012931965.1 | GCA_012931965.1,GCF_012931965 | GCA_012931965,2,"GCF_012931965.1:current_genome_key,primary_accession,gcf_accession || GCA_012931965.1:gca_accession,local_genome_files"
688,STRAIN_000689,GCF_013167115.1,GCF_013167115.1 | GCA_013167115.1,GCF_013167115 | GCA_013167115,2,"GCF_013167115.1:current_genome_key,primary_accession,gcf_accession || GCA_013167115.1:gca_accession,local_genome_files"
689,STRAIN_000690,GCF_013256965.1,GCF_013256965.1 | GCA_013256965.1,GCF_013256965 | GCA_013256965,2,"GCF_013256965.1:current_genome_key,primary_accession,gcf_accession || GCA_013256965.1:gca_accession,local_genome_files"
690,STRAIN_000691,GCF_013305265.1,GCF_013305265.1 | GCA_013305265.1,GCF_013305265 | GCA_013305265,2,"GCF_013305265.1:current_genome_key,primary_accession,gcf_accession || GCA_013305265.1:gca_accession,local_genome_files"
691,STRAIN_000692,GCF_013342125.1,GCF_013342125.1 | GCA_013342125.1,GCF_013342125 | GCA_013342125,2,"GCF_013342125.1:current_genome_key,primary_accession,gcf_accession || GCA_013342125.1:gca_accession,local_genome_files"
692,STRAIN_000693,GCF_013348825.1,GCF_013348825.1 | GCA_013348825.1,GCF_013348825 | GCA_013348825,2,"GCF_013348825.1:current_genome_key,primary_accession,gcf_accession || GCA_013348825.1:gca_accession,local_genome_files"
693,STRAIN_000694,GCF_013367715.1,GCF_013367715.1 | GCA_013367715.1,GCF_013367715 | GCA_013367715,2,"GCF_013367715.1:current_genome_key,primary_accession,gcf_accession || GCA_013367715.1:gca_accession,local_genome_files"
694,STRAIN_000695,GCF_013394085.1,GCF_013394085.1 | GCA_013394085.1,GCF_013394085 | GCA_013394085,2,"GCF_013394085.1:current_genome_key,primary_accession,gcf_accession || GCA_013394085.1:gca_accession,local_genome_files"
695,STRAIN_000696,GCF_013395015.3,GCF_013395015.3 | GCA_013395015.3,GCF_013395015 | GCA_013395015,2,"GCF_013395015.3:current_genome_key,primary_accession,gcf_accession || GCA_013395015.3:gca_accession,local_genome_files"
696,STRAIN_000697,GCF_013425565.1,GCF_013425565.1 | GCA_013425565.1,GCF_013425565 | GCA_013425565,2,"GCF_013425565.1:current_genome_key,primary_accession,gcf_accession || GCA_013425565.1:gca_accession,local_genome_files"
697,STRAIN_000698,GCF_013425655.1,GCF_013425655.1 | GCA_013425655.1,GCF_013425655 | GCA_013425655,2,"GCF_013425655.1:current_genome_key,primary_accession,gcf_accession || GCA_013425655.1:gca_accession,local_genome_files"
698,STRAIN_000699,GCF_013425665.1,GCF_013425665.1 | GCA_013425665.1,GCF_013425665 | GCA_013425665,2,"GCF_013425665.1:current_genome_key,primary_accession,gcf_accession || GCA_013425665.1:gca_accession,local_genome_files"
699,STRAIN_000700,GCF_013425735.1,GCF_013425735.1 | GCA_013425735.1,GCF_013425735 | GCA_013425735,2,"GCF_013425735.1:current_genome_key,primary_accession,gcf_accession || GCA_013425735.1:gca_accession,local_genome_files"
700,STRAIN_000701,GCF_013458335.1,GCF_013458335.1 | GCA_013458335.1,GCF_013458335 | GCA_013458335,2,"GCF_013458335.1:current_genome_key,primary_accession,gcf_accession || GCA_013458335.1:gca_accession,local_genome_files"
701,STRAIN_000702,GCF_013867595.1,GCF_013867595.1 | GCA_013867595.1,GCF_013867595 | GCA_013867595,2,"GCF_013867595.1:current_genome_key,primary_accession,gcf_accession || GCA_013867595.1:gca_accession,local_genome_files"
702,STRAIN_000703,GCF_014084065.1,GCF_014084065.1 | GCA_014084065.1,GCF_014084065 | GCA_014084065,2,"GCF_014084065.1:current_genome_key,primary_accession,gcf_accession || GCA_014084065.1:gca_accession,local_genome_files"
703,STRAIN_000704,GCF_014131735.1,GCF_014131735.1 | GCA_014131735.1,GCF_014131735 | GCA_014131735,2,"GCF_014131735.1:current_genome_key,primary_accession,gcf_accession || GCA_014131735.1:gca_accession,local_genome_files"
704,STRAIN_000705,GCF_014212185.1,GCF_014212185.1 | GCA_014212185.1,GCF_014212185 | GCA_014212185,2,"GCF_014212185.1:current_genome_key,primary_accession,gcf_accession || GCA_014212185.1:gca_accession,local_genome_files"
705,STRAIN_000706,GCF_014334375.1,GCF_014334375.1 | GCA_014334375.1,GCF_014334375 | GCA_014334375,2,"GCF_014334375.1:current_genome_key,primary_accession,gcf_accession || GCA_014334375.1:gca_accession,local_genome_files"
706,STRAIN_000707,GCF_014488995.1,GCF_014488995.1 | GCA_014488995.1,GCF_014488995 | GCA_014488995,2,"GCF_014488995.1:current_genome_key,primary_accession,gcf_accession || GCA_014488995.1:gca_accession,local_genome_files"
707,STRAIN_000708,GCF_014524935.1,GCF_014524935.1 | GCA_014524935.1,GCF_014524935 | GCA_014524935,2,"GCF_014524935.1:current_genome_key,primary_accession,gcf_accession || GCA_014524935.1:gca_accession,local_genome_files"
708,STRAIN_000709,GCF_014639015.1,GCF_014639015.1 | GCA_014639015.1,GCF_014639015 | GCA_014639015,2,"GCF_014639015.1:current_genome_key,primary_accession,gcf_accession || GCA_014639015.1:gca_accession,local_genome_files"
709,STRAIN_000710,GCF_014840995.1,GCF_014840995.1 | GCA_014840995.1,GCF_014840995 | GCA_014840995,2,"GCF_014840995.1:current_genome_key,primary_accession,gcf_accession || GCA_014840995.1:gca_accession,local_genome_files"
710,STRAIN_000711,GCF_015238575.1,GCF_015238575.1 | GCA_015238575.1,GCF_015238575 | GCA_015238575,2,"GCF_015238575.1:current_genome_key,primary_accession,gcf_accession || GCA_015238575.1:gca_accession,local_genome_files"
711,STRAIN_000712,GCF_015693925.1,GCF_015693925.1 | GCA_015693925.1,GCF_015693925 | GCA_015693925,2,"GCF_015693925.1:current_genome_key,primary_accession,gcf_accession || GCA_015693925.1:gca_accession,local_genome_files"
712,STRAIN_000713,GCF_015714775.1,GCF_015714775.1 | GCA_015714775.1,GCF_015714775 | GCA_015714775,2,"GCF_015714775.1:current_genome_key,primary_accession,gcf_accession || GCA_015714775.1:gca_accession,local_genome_files"
713,STRAIN_000714,GCF_015714805.1,GCF_015714805.1 | GCA_015714805.1,GCF_015714805 | GCA_015714805,2,"GCF_015714805.1:current_genome_key,primary_accession,gcf_accession || GCA_015714805.1:gca_accession,local_genome_files"
714,STRAIN_000715,GCF_015714835.1,GCF_015714835.1 | GCA_015714835.1,GCF_015714835 | GCA_015714835,2,"GCF_015714835.1:current_genome_key,primary_accession,gcf_accession || GCA_015714835.1:gca_accession,local_genome_files"
715,STRAIN_000716,GCF_016029535.1,GCF_016029535.1 | GCA_016029535.1,GCF_016029535 | GCA_016029535,2,"GCF_016029535.1:current_genome_key,primary_accession,gcf_accession || GCA_016029535.1:gca_accession,local_genome_files"
716,STRAIN_000717,GCF_016307165.1,GCF_016307165.1 | GCA_016307165.1,GCF_016307165 | GCA_016307165,2,"GCF_016307165.1:current_genome_key,primary_accession,gcf_accession || GCA_016307165.1:gca_accession,local_genome_files"
717,STRAIN_000718,GCF_016598735.1,GCF_016598735.1 | GCA_016598735.1,GCF_016598735 | GCA_016598735,2,"GCF_016598735.1:current_genome_key,primary_accession,gcf_accession || GCA_016598735.1:gca_accession,local_genome_files"
718,STRAIN_000719,GCF_016634435.1,GCF_016634435.1 | GCA_016634435.1,GCF_016634435 | GCA_016634435,2,"GCF_016634435.1:current_genome_key,primary_accession,gcf_accession || GCA_016634435.1:gca_accession,local_genome_files"
719,STRAIN_000720,GCF_016648955.1,GCF_016648955.1 | GCA_016648955.1,GCF_016648955 | GCA_016648955,2,"GCF_016648955.1:current_genome_key,primary_accession,gcf_accession || GCA_016648955.1:gca_accession,local_genome_files"
720,STRAIN_000721,GCF_016757655.1,GCF_016757655.1 | GCA_016757655.1,GCF_016757655 | GCA_016757655,2,"GCF_016757655.1:current_genome_key,primary_accession,gcf_accession || GCA_016757655.1:gca_accession,local_genome_files"
721,STRAIN_000722,GCF_016775685.1,GCF_016775685.1 | GCA_016775685.1,GCF_016775685 | GCA_016775685,2,"GCF_016775685.1:current_genome_key,primary_accession,gcf_accession || GCA_016775685.1:gca_accession,local_genome_files"
722,STRAIN_000723,GCF_016887825.1,GCF_016887825.1 | GCA_016887825.1,GCF_016887825 | GCA_016887825,2,"GCF_016887825.1:current_genome_key,primary_accession,gcf_accession || GCA_016887825.1:gca_accession,local_genome_files"
723,STRAIN_000724,GCF_016918895.1,GCF_016918895.1 | GCA_016918895.1,GCF_016918895 | GCA_016918895,2,"GCF_016918895.1:current_genome_key,primary_accession,gcf_accession || GCA_016918895.1:gca_accession,local_genome_files"
724,STRAIN_000725,GCF_017009475.1,GCF_017009475.1 | GCA_017009475.1,GCF_017009475 | GCA_017009475,2,"GCF_017009475.1:current_genome_key,primary_accession,gcf_accession || GCA_017009475.1:gca_accession,local_genome_files"
725,STRAIN_000726,GCF_017132775.1,GCF_017132775.1 | GCA_017132775.1,GCF_017132775 | GCA_017132775,2,"GCF_017132775.1:current_genome_key,primary_accession,gcf_accession || GCA_017132775.1:gca_accession,local_genome_files"
726,STRAIN_000727,GCF_017301935.1,GCF_017301935.1 | GCA_017301935.1,GCF_017301935 | GCA_017301935,2,"GCF_017301935.1:current_genome_key,primary_accession,gcf_accession || GCA_017301935.1:gca_accession,local_genome_files"
727,STRAIN_000728,GCF_017498335.1,GCF_017498335.1 | GCA_017498335.1,GCF_017498335 | GCA_017498335,2,"GCF_017498335.1:current_genome_key,primary_accession,gcf_accession || GCA_017498335.1:gca_accession,local_genome_files"
728,STRAIN_000729,GCF_017573685.1,GCF_017573685.1 | GCA_017573685.1,GCF_017573685 | GCA_017573685,2,"GCF_017573685.1:current_genome_key,primary_accession,gcf_accession || GCA_017573685.1:gca_accession,local_genome_files"
729,STRAIN_000730,GCF_017742875.1,GCF_017742875.1 | GCA_017742875.1,GCF_017742875 | GCA_017742875,2,"GCF_017742875.1:current_genome_key,primary_accession,gcf_accession || GCA_017742875.1:gca_accession,local_genome_files"
730,STRAIN_000731,GCF_017743155.1,GCF_017743155.1 | GCA_017743155.1,GCF_017743155 | GCA_017743155,2,"GCF_017743155.1:current_genome_key,primary_accession,gcf_accession || GCA_017743155.1:gca_accession,local_genome_files"
731,STRAIN_000732,GCF_017743195.1,GCF_017743195.1 | GCA_017743195.1,GCF_017743195 | GCA_017743195,2,"GCF_017743195.1:current_genome_key,primary_accession,gcf_accession || GCA_017743195.1:gca_accession,local_genome_files"
732,STRAIN_000733,GCF_017795605.1,GCF_017795605.1 | GCA_017795605.1,GCF_017795605 | GCA_017795605,2,"GCF_017795605.1:current_genome_key,primary_accession,gcf_accession || GCA_017795605.1:gca_accession,local_genome_files"
733,STRAIN_000734,GCF_017798305.1,GCF_017798305.1 | GCA_017798305.1,GCF_017798305 | GCA_017798305,2,"GCF_017798305.1:current_genome_key,primary_accession,gcf_accession || GCA_017798305.1:gca_accession,local_genome_files"
734,STRAIN_000735,GCF_017815835.1,GCF_017815835.1 | GCA_017815835.1,GCF_017815835 | GCA_017815835,2,"GCF_017815835.1:current_genome_key,primary_accession,gcf_accession || GCA_017815835.1:gca_accession,local_genome_files"
735,STRAIN_000736,GCF_017894325.1,GCF_017894325.1 | GCA_017894325.1,GCF_017894325 | GCA_017894325,2,"GCF_017894325.1:current_genome_key,primary_accession,gcf_accession || GCA_017894325.1:gca_accession,local_genome_files"
736,STRAIN_000737,GCF_017963615.1,GCF_017963615.1 | GCA_017963615.1,GCF_017963615 | GCA_017963615,2,"GCF_017963615.1:current_genome_key,primary_accession,gcf_accession || GCA_017963615.1:gca_accession,local_genome_files"
737,STRAIN_000738,GCF_018064185.1,GCF_018064185.1 | GCA_018064185.1,GCF_018064185 | GCA_018064185,2,"GCF_018064185.1:current_genome_key,primary_accession,gcf_accession || GCA_018064185.1:gca_accession,local_genome_files"
738,STRAIN_000739,GCF_018141205.1,GCF_018141205.1 | GCA_018141205.1,GCF_018141205 | GCA_018141205,2,"GCF_018141205.1:current_genome_key,primary_accession,gcf_accession || GCA_018141205.1:gca_accession,local_genome_files"
739,STRAIN_000740,GCF_018228745.1,GCF_018228745.1 | GCA_018228745.1,GCF_018228745 | GCA_018228745,2,"GCF_018228745.1:current_genome_key,primary_accession,gcf_accession || GCA_018228745.1:gca_accession,local_genome_files"
740,STRAIN_000741,GCF_018351295.1,GCF_018351295.1 | GCA_018351295.1,GCF_018351295 | GCA_018351295,2,"GCF_018351295.1:current_genome_key,primary_accession,gcf_accession || GCA_018351295.1:gca_accession,local_genome_files"
741,STRAIN_000742,GCF_018408965.1,GCF_018408965.1 | GCA_018408965.1,GCF_018408965 | GCA_018408965,2,"GCF_018408965.1:current_genome_key,primary_accession,gcf_accession || GCA_018408965.1:gca_accession,local_genome_files"
742,STRAIN_000743,GCF_018408975.1,GCF_018408975.1 | GCA_018408975.1,GCF_018408975 | GCA_018408975,2,"GCF_018408975.1:current_genome_key,primary_accession,gcf_accession || GCA_018408975.1:gca_accession,local_genome_files"
743,STRAIN_000744,GCF_018408985.1,GCF_018408985.1 | GCA_018408985.1,GCF_018408985 | GCA_018408985,2,"GCF_018408985.1:current_genome_key,primary_accession,gcf_accession || GCA_018408985.1:gca_accession,local_genome_files"
744,STRAIN_000745,GCF_018409015.1,GCF_018409015.1 | GCA_018409015.1,GCF_018409015 | GCA_018409015,2,"GCF_018409015.1:current_genome_key,primary_accession,gcf_accession || GCA_018409015.1:gca_accession,local_genome_files"
745,STRAIN_000746,GCF_018409165.1,GCF_018409165.1 | GCA_018409165.1,GCF_018409165 | GCA_018409165,2,"GCF_018409165.1:current_genome_key,primary_accession,gcf_accession || GCA_018409165.1:gca_accession,local_genome_files"
746,STRAIN_000747,GCF_018409185.1,GCF_018409185.1 | GCA_018409185.1,GCF_018409185 | GCA_018409185,2,"GCF_018409185.1:current_genome_key,primary_accession,gcf_accession || GCA_018409185.1:gca_accession,local_genome_files"
747,STRAIN_000748,GCF_018798865.1,GCF_018798865.1 | GCA_018798865.1,GCF_018798865 | GCA_018798865,2,"GCF_018798865.1:current_genome_key,primary_accession,gcf_accession || GCA_018798865.1:gca_accession,local_genome_files"
748,STRAIN_000749,GCF_018884205.1,GCF_018884205.1 | GCA_018884205.1,GCF_018884205 | GCA_018884205,2,"GCF_018884205.1:current_genome_key,primary_accession,gcf_accession || GCA_018884205.1:gca_accession,local_genome_files"
749,STRAIN_000750,GCF_018966895.1,GCF_018966895.1 | GCA_018966895.1,GCF_018966895 | GCA_018966895,2,"GCF_018966895.1:current_genome_key,primary_accession,gcf_accession || GCA_018966895.1:gca_accession,local_genome_files"
750,STRAIN_000751,GCF_019061135.1,GCF_019061135.1 | GCA_019061135.1,GCF_019061135 | GCA_019061135,2,"GCF_019061135.1:current_genome_key,primary_accession,gcf_accession || GCA_019061135.1:gca_accession,local_genome_files"
751,STRAIN_000752,GCF_019192945.1,GCF_019192945.1 | GCA_019192945.1,GCF_019192945 | GCA_019192945,2,"GCF_019192945.1:current_genome_key,primary_accession,gcf_accession || GCA_019192945.1:gca_accession,local_genome_files"
752,STRAIN_000753,GCF_019390095.1,GCF_019390095.1 | GCA_019390095.1,GCF_019390095 | GCA_019390095,2,"GCF_019390095.1:current_genome_key,primary_accession,gcf_accession || GCA_019390095.1:gca_accession,local_genome_files"
753,STRAIN_000754,GCF_019660445.1,GCF_019660445.1 | GCA_019660445.1,GCF_019660445 | GCA_019660445,2,"GCF_019660445.1:current_genome_key,primary_accession,gcf_accession || GCA_019660445.1:gca_accession,local_genome_files"
754,STRAIN_000755,GCF_019879165.1,GCF_019879165.1 | GCA_019879165.1,GCF_019879165 | GCA_019879165,2,"GCF_019879165.1:current_genome_key,primary_accession,gcf_accession || GCA_019879165.1:gca_accession,local_genome_files"
755,STRAIN_000756,GCF_019890875.1,GCF_019890875.1 | GCA_019890875.1,GCF_019890875 | GCA_019890875,2,"GCF_019890875.1:current_genome_key,primary_accession,gcf_accession || GCA_019890875.1:gca_accession,local_genome_files"
756,STRAIN_000757,GCF_019972965.1,GCF_019972965.1 | GCA_019972965.1,GCF_019972965 | GCA_019972965,2,"GCF_019972965.1:current_genome_key,primary_accession,gcf_accession || GCA_019972965.1:gca_accession,local_genome_files"
757,STRAIN_000758,GCF_020008065.1,GCF_020008065.1 | GCA_020008065.1,GCF_020008065 | GCA_020008065,2,"GCF_020008065.1:current_genome_key,primary_accession,gcf_accession || GCA_020008065.1:gca_accession,local_genome_files"
758,STRAIN_000759,GCF_020072545.1,GCF_020072545.1 | GCA_020072545.1,GCF_020072545 | GCA_020072545,2,"GCF_020072545.1:current_genome_key,primary_accession,gcf_accession || GCA_020072545.1:gca_accession,local_genome_files"
759,STRAIN_000760,GCF_020131335.1,GCF_020131335.1 | GCA_020131335.1,GCF_020131335 | GCA_020131335,2,"GCF_020131335.1:current_genome_key,primary_accession,gcf_accession || GCA_020131335.1:gca_accession,local_genome_files"
760,STRAIN_000761,GCF_020404265.1,GCF_020404265.1 | GCA_020404265.1,GCF_020404265 | GCA_020404265,2,"GCF_020404265.1:current_genome_key,primary_accession,gcf_accession || GCA_020404265.1:gca_accession,local_genome_files"
761,STRAIN_000762,GCF_020404275.1,GCF_020404275.1 | GCA_020404275.1,GCF_020404275 | GCA_020404275,2,"GCF_020404275.1:current_genome_key,primary_accession,gcf_accession || GCA_020404275.1:gca_accession,local_genome_files"
762,STRAIN_000763,GCF_020785395.1,GCF_020785395.1 | GCA_020785395.1,GCF_020785395 | GCA_020785395,2,"GCF_020785395.1:current_genome_key,primary_accession,gcf_accession || GCA_020785395.1:gca_accession,local_genome_files"
763,STRAIN_000764,GCF_020892075.1,GCF_020892075.1 | GCA_020892075.1,GCF_020892075 | GCA_020892075,2,"GCF_020892075.1:current_genome_key,primary_accession,gcf_accession || GCA_020892075.1:gca_accession,local_genome_files"
764,STRAIN_000765,GCF_020978225.1,GCF_020978225.1 | GCA_020978225.1,GCF_020978225 | GCA_020978225,2,"GCF_020978225.1:current_genome_key,primary_accession,gcf_accession || GCA_020978225.1:gca_accession,local_genome_files"
765,STRAIN_000766,GCF_021134215.1,GCF_021134215.1 | GCA_021134215.1,GCF_021134215 | GCA_021134215,2,"GCF_021134215.1:current_genome_key,primary_accession,gcf_accession || GCA_021134215.1:gca_accession,local_genome_files"
766,STRAIN_000767,GCF_021184065.1,GCF_021184065.1 | GCA_021184065.1,GCF_021184065 | GCA_021184065,2,"GCF_021184065.1:current_genome_key,primary_accession,gcf_accession || GCA_021184065.1:gca_accession,local_genome_files"
767,STRAIN_000768,GCF_021199095.1,GCF_021199095.1 | GCA_021199095.1,GCF_021199095 | GCA_021199095,2,"GCF_021199095.1:current_genome_key,primary_accession,gcf_accession || GCA_021199095.1:gca_accession,local_genome_files"
768,STRAIN_000769,GCF_021292855.1,GCF_021292855.1 | GCA_021292855.1,GCF_021292855 | GCA_021292855,2,"GCF_021292855.1:current_genome_key,primary_accession,gcf_accession || GCA_021292855.1:gca_accession,local_genome_files"
769,STRAIN_000770,GCF_021294255.1,GCF_021294255.1 | GCA_021294255.1,GCF_021294255 | GCA_021294255,2,"GCF_021294255.1:current_genome_key,primary_accession,gcf_accession || GCA_021294255.1:gca_accession,local_genome_files"
770,STRAIN_000771,GCF_021294375.1,GCF_021294375.1 | GCA_021294375.1,GCF_021294375 | GCA_021294375,2,"GCF_021294375.1:current_genome_key,primary_accession,gcf_accession || GCA_021294375.1:gca_accession,local_genome_files"
771,STRAIN_000772,GCF_021294665.1,GCF_021294665.1 | GCA_021294665.1,GCF_021294665 | GCA_021294665,2,"GCF_021294665.1:current_genome_key,primary_accession,gcf_accession || GCA_021294665.1:gca_accession,local_genome_files"
772,STRAIN_000773,GCF_021296595.1,GCF_021296595.1 | GCA_021296595.1,GCF_021296595 | GCA_021296595,2,"GCF_021296595.1:current_genome_key,primary_accession,gcf_accession || GCA_021296595.1:gca_accession,local_genome_files"
773,STRAIN_000774,GCF_021297355.1,GCF_021297355.1 | GCA_021297355.1,GCF_021297355 | GCA_021297355,2,"GCF_021297355.1:current_genome_key,primary_accession,gcf_accession || GCA_021297355.1:gca_accession,local_genome_files"
774,STRAIN_000775,GCF_021297595.1,GCF_021297595.1 | GCA_021297595.1,GCF_021297595 | GCA_021297595,2,"GCF_021297595.1:current_genome_key,primary_accession,gcf_accession || GCA_021297595.1:gca_accession,local_genome_files"
775,STRAIN_000776,GCF_021297695.1,GCF_021297695.1 | GCA_021297695.1,GCF_021297695 | GCA_021297695,2,"GCF_021297695.1:current_genome_key,primary_accession,gcf_accession || GCA_021297695.1:gca_accession,local_genome_files"
776,STRAIN_000777,GCF_021300595.1,GCF_021300595.1 | GCA_021300595.1,GCF_021300595 | GCA_021300595,2,"GCF_021300595.1:current_genome_key,primary_accession,gcf_accession || GCA_021300595.1:gca_accession,local_genome_files"
777,STRAIN_000778,GCF_021384495.1,GCF_021384495.1 | GCA_021384495.1,GCF_021384495 | GCA_021384495,2,"GCF_021384495.1:current_genome_key,primary_accession,gcf_accession || GCA_021384495.1:gca_accession,local_genome_files"
778,STRAIN_000779,GCF_021384615.1,GCF_021384615.1 | GCA_021384615.1,GCF_021384615 | GCA_021384615,2,"GCF_021384615.1:current_genome_key,primary_accession,gcf_accession || GCA_021384615.1:gca_accession,local_genome_files"
779,STRAIN_000780,GCF_021484885.1,GCF_021484885.1 | GCA_021484885.1,GCF_021484885 | GCA_021484885,2,"GCF_021484885.1:current_genome_key,primary_accession,gcf_accession || GCA_021484885.1:gca_accession,local_genome_files"
780,STRAIN_000781,GCF_021559835.1,GCF_021559835.1 | GCA_021559835.1,GCF_021559835 | GCA_021559835,2,"GCF_021559835.1:current_genome_key,primary_accession,gcf_accession || GCA_021559835.1:gca_accession,local_genome_files"
781,STRAIN_000782,GCF_021560135.1,GCF_021560135.1 | GCA_021560135.1,GCF_021560135 | GCA_021560135,2,"GCF_021560135.1:current_genome_key,primary_accession,gcf_accession || GCA_021560135.1:gca_accession,local_genome_files"
782,STRAIN_000783,GCF_022014355.1,GCF_022014355.1 | GCA_022014355.1,GCF_022014355 | GCA_022014355,2,"GCF_022014355.1:current_genome_key,primary_accession,gcf_accession || GCA_022014355.1:gca_accession,local_genome_files"
783,STRAIN_000784,GCF_022509735.1,GCF_022509735.1 | GCA_022509735.1,GCF_022509735 | GCA_022509735,2,"GCF_022509735.1:current_genome_key,primary_accession,gcf_accession || GCA_022509735.1:gca_accession,local_genome_files"
784,STRAIN_000785,GCF_022558425.1,GCF_022558425.1 | GCA_022558425.1,GCF_022558425 | GCA_022558425,2,"GCF_022558425.1:current_genome_key,primary_accession,gcf_accession || GCA_022558425.1:gca_accession,local_genome_files"
785,STRAIN_000786,GCF_022643845.1,GCF_022643845.1 | GCA_022643845.1,GCF_022643845 | GCA_022643845,2,"GCF_022643845.1:current_genome_key,primary_accession,gcf_accession || GCA_022643845.1:gca_accession,local_genome_files"
786,STRAIN_000787,GCF_022670815.1,GCF_022670815.1 | GCA_022670815.1,GCF_022670815 | GCA_022670815,2,"GCF_022670815.1:current_genome_key,primary_accession,gcf_accession || GCA_022670815.1:gca_accession,local_genome_files"
787,STRAIN_000788,GCF_022691205.1,GCF_022691205.1 | GCA_022691205.1,GCF_022691205 | GCA_022691205,2,"GCF_022691205.1:current_genome_key,primary_accession,gcf_accession || GCA_022691205.1:gca_accession,local_genome_files"
788,STRAIN_000789,GCF_022815785.1,GCF_022815785.1 | GCA_022815785.1,GCF_022815785 | GCA_022815785,2,"GCF_022815785.1:current_genome_key,primary_accession,gcf_accession || GCA_022815785.1:gca_accession,local_genome_files"
789,STRAIN_000790,GCF_022844655.1,GCF_022844655.1 | GCA_022844655.1,GCF_022844655 | GCA_022844655,2,"GCF_022844655.1:current_genome_key,primary_accession,gcf_accession || GCA_022844655.1:gca_accession,local_genome_files"
790,STRAIN_000791,GCF_023111055.1,GCF_023111055.1 | GCA_023111055.1,GCF_023111055 | GCA_023111055,2,"GCF_023111055.1:current_genome_key,primary_accession,gcf_accession || GCA_023111055.1:gca_accession,local_genome_files"
791,STRAIN_000792,GCF_023111075.1,GCF_023111075.1 | GCA_023111075.1,GCF_023111075 | GCA_023111075,2,"GCF_023111075.1:current_genome_key,primary_accession,gcf_accession || GCA_023111075.1:gca_accession,local_genome_files"
792,STRAIN_000793,GCF_023168025.1,GCF_023168025.1 | GCA_023168025.1,GCF_023168025 | GCA_023168025,2,"GCF_023168025.1:current_genome_key,primary_accession,gcf_accession || GCA_023168025.1:gca_accession,local_genome_files"
793,STRAIN_000794,GCF_023206755.1,GCF_023206755.1 | GCA_023206755.1,GCF_023206755 | GCA_023206755,2,"GCF_023206755.1:current_genome_key,primary_accession,gcf_accession || GCA_023206755.1:gca_accession,local_genome_files"
794,STRAIN_000795,GCF_023375875.1,GCF_023375875.1 | GCA_023375875.1,GCF_023375875 | GCA_023375875,2,"GCF_023375875.1:current_genome_key,primary_accession,gcf_accession || GCA_023375875.1:gca_accession,local_genome_files"
795,STRAIN_000796,GCF_023507555.1,GCF_023507555.1 | GCA_023507555.1,GCF_023507555 | GCA_023507555,2,"GCF_023507555.1:current_genome_key,primary_accession,gcf_accession || GCA_023507555.1:gca_accession,local_genome_files"
796,STRAIN_000797,GCF_023547165.1,GCF_023547165.1 | GCA_023547165.1,GCF_023547165 | GCA_023547165,2,"GCF_023547165.1:current_genome_key,primary_accession,gcf_accession || GCA_023547165.1:gca_accession,local_genome_files"
797,STRAIN_000798,GCF_023612195.1,GCF_023612195.1 | GCA_023612195.1,GCF_023612195 | GCA_023612195,2,"GCF_023612195.1:current_genome_key,primary_accession,gcf_accession || GCA_023612195.1:gca_accession,local_genome_files"
798,STRAIN_000799,GCF_023656965.1,GCF_023656965.1 | GCA_023656965.1,GCF_023656965 | GCA_023656965,2,"GCF_023656965.1:current_genome_key,primary_accession,gcf_accession || GCA_023656965.1:gca_accession,local_genome_files"
799,STRAIN_000800,GCF_023913535.1,GCF_023913535.1 | GCA_023913535.1,GCF_023913535 | GCA_023913535,2,"GCF_023913535.1:current_genome_key,primary_accession,gcf_accession || GCA_023913535.1:gca_accession,local_genome_files"
800,STRAIN_000801,GCF_024138855.1,GCF_024138855.1 | GCA_024138855.1,GCF_024138855 | GCA_024138855,2,"GCF_024138855.1:current_genome_key,primary_accession,gcf_accession || GCA_024138855.1:gca_accession,local_genome_files"
801,STRAIN_000802,GCF_024181685.1,GCF_024181685.1 | GCA_024181685.1,GCF_024181685 | GCA_024181685,2,"GCF_024181685.1:current_genome_key,primary_accession,gcf_accession || GCA_024181685.1:gca_accession,local_genome_files"
802,STRAIN_000803,GCF_024181705.1,GCF_024181705.1 | GCA_024181705.1,GCF_024181705 | GCA_024181705,2,"GCF_024181705.1:current_genome_key,primary_accession,gcf_accession || GCA_024181705.1:gca_accession,local_genome_files"
803,STRAIN_000804,GCF_024329325.1,GCF_024329325.1 | GCA_024329325.1,GCF_024329325 | GCA_024329325,2,"GCF_024329325.1:current_genome_key,primary_accession,gcf_accession || GCA_024329325.1:gca_accession,local_genome_files"
804,STRAIN_000805,GCF_024334065.1,GCF_024334065.1 | GCA_024334065.1,GCF_024334065 | GCA_024334065,2,"GCF_024334065.1:current_genome_key,primary_accession,gcf_accession || GCA_024334065.1:gca_accession,local_genome_files"
805,STRAIN_000806,GCF_024349265.1,GCF_024349265.1 | GCA_024349265.1,GCF_024349265 | GCA_024349265,2,"GCF_024349265.1:current_genome_key,primary_accession,gcf_accession || GCA_024349265.1:gca_accession,local_genome_files"
806,STRAIN_000807,GCF_024498315.1,GCF_024498315.1 | GCA_024498315.1,GCF_024498315 | GCA_024498315,2,"GCF_024498315.1:current_genome_key,primary_accession,gcf_accession || GCA_024498315.1:gca_accession,local_genome_files"
807,STRAIN_000808,GCF_024652885.1,GCF_024652885.1 | GCA_024652885.1,GCF_024652885 | GCA_024652885,2,"GCF_024652885.1:current_genome_key,primary_accession,gcf_accession || GCA_024652885.1:gca_accession,local_genome_files"
808,STRAIN_000809,GCF_024665075.1,GCF_024665075.1 | GCA_024665075.1,GCF_024665075 | GCA_024665075,2,"GCF_024665075.1:current_genome_key,primary_accession,gcf_accession || GCA_024665075.1:gca_accession,local_genome_files"
809,STRAIN_000810,GCF_024665195.1,GCF_024665195.1 | GCA_024665195.1,GCF_024665195 | GCA_024665195,2,"GCF_024665195.1:current_genome_key,primary_accession,gcf_accession || GCA_024665195.1:gca_accession,local_genome_files"
810,STRAIN_000811,GCF_024665315.1,GCF_024665315.1 | GCA_024665315.1,GCF_024665315 | GCA_024665315,2,"GCF_024665315.1:current_genome_key,primary_accession,gcf_accession || GCA_024665315.1:gca_accession,local_genome_files"
811,STRAIN_000812,GCF_024665435.1,GCF_024665435.1 | GCA_024665435.1,GCF_024665435 | GCA_024665435,2,"GCF_024665435.1:current_genome_key,primary_accession,gcf_accession || GCA_024665435.1:gca_accession,local_genome_files"
812,STRAIN_000813,GCF_024665555.1,GCF_024665555.1 | GCA_024665555.1,GCF_024665555 | GCA_024665555,2,"GCF_024665555.1:current_genome_key,primary_accession,gcf_accession || GCA_024665555.1:gca_accession,local_genome_files"
813,STRAIN_000814,GCF_024665595.1,GCF_024665595.1 | GCA_024665595.1,GCF_024665595 | GCA_024665595,2,"GCF_024665595.1:current_genome_key,primary_accession,gcf_accession || GCA_024665595.1:gca_accession,local_genome_files"
814,STRAIN_000815,GCF_024665655.1,GCF_024665655.1 | GCA_024665655.1,GCF_024665655 | GCA_024665655,2,"GCF_024665655.1:current_genome_key,primary_accession,gcf_accession || GCA_024665655.1:gca_accession,local_genome_files"
815,STRAIN_000816,GCF_024665815.1,GCF_024665815.1 | GCA_024665815.1,GCF_024665815 | GCA_024665815,2,"GCF_024665815.1:current_genome_key,primary_accession,gcf_accession || GCA_024665815.1:gca_accession,local_genome_files"
816,STRAIN_000817,GCF_024732385.1,GCF_024732385.1 | GCA_024732385.1,GCF_024732385 | GCA_024732385,2,"GCF_024732385.1:current_genome_key,primary_accession,gcf_accession || GCA_024732385.1:gca_accession,local_genome_files"
817,STRAIN_000818,GCF_024999925.1,GCF_024999925.1 | GCA_024999925.1,GCF_024999925 | GCA_024999925,2,"GCF_024999925.1:current_genome_key,primary_accession,gcf_accession || GCA_024999925.1:gca_accession,local_genome_files"
818,STRAIN_000819,GCF_025127245.1,GCF_025127245.1 | GCA_025127245.1,GCF_025127245 | GCA_025127245,2,"GCF_025127245.1:current_genome_key,primary_accession,gcf_accession || GCA_025127245.1:gca_accession,local_genome_files"
819,STRAIN_000820,GCF_025128755.1,GCF_025128755.1 | GCA_025128755.1,GCF_025128755 | GCA_025128755,2,"GCF_025128755.1:current_genome_key,primary_accession,gcf_accession || GCA_025128755.1:gca_accession,local_genome_files"
820,STRAIN_000821,GCF_025137495.1,GCF_025137495.1 | GCA_025137495.1,GCF_025137495 | GCA_025137495,2,"GCF_025137495.1:current_genome_key,primary_accession,gcf_accession || GCA_025137495.1:gca_accession,local_genome_files"
821,STRAIN_000822,GCF_025185985.1,GCF_025185985.1 | GCA_025185985.1,GCF_025185985 | GCA_025185985,2,"GCF_025185985.1:current_genome_key,primary_accession,gcf_accession || GCA_025185985.1:gca_accession,local_genome_files"
822,STRAIN_000823,GCF_025186885.1,GCF_025186885.1 | GCA_025186885.1,GCF_025186885 | GCA_025186885,2,"GCF_025186885.1:current_genome_key,primary_accession,gcf_accession || GCA_025186885.1:gca_accession,local_genome_files"
823,STRAIN_000824,GCF_025187145.1,GCF_025187145.1 | GCA_025187145.1,GCF_025187145 | GCA_025187145,2,"GCF_025187145.1:current_genome_key,primary_accession,gcf_accession || GCA_025187145.1:gca_accession,local_genome_files"
824,STRAIN_000825,GCF_025189405.1,GCF_025189405.1 | GCA_025189405.1,GCF_025189405 | GCA_025189405,2,"GCF_025189405.1:current_genome_key,primary_accession,gcf_accession || GCA_025189405.1:gca_accession,local_genome_files"
825,STRAIN_000826,GCF_025189525.1,GCF_025189525.1 | GCA_025189525.1,GCF_025189525 | GCA_025189525,2,"GCF_025189525.1:current_genome_key,primary_accession,gcf_accession || GCA_025189525.1:gca_accession,local_genome_files"
826,STRAIN_000827,GCF_025189605.1,GCF_025189605.1 | GCA_025189605.1,GCF_025189605 | GCA_025189605,2,"GCF_025189605.1:current_genome_key,primary_accession,gcf_accession || GCA_025189605.1:gca_accession,local_genome_files"
827,STRAIN_000828,GCF_025189845.1,GCF_025189845.1 | GCA_025189845.1,GCF_025189845 | GCA_025189845,2,"GCF_025189845.1:current_genome_key,primary_accession,gcf_accession || GCA_025189845.1:gca_accession,local_genome_files"
828,STRAIN_000829,GCF_025190015.1,GCF_025190015.1 | GCA_025190015.1,GCF_025190015 | GCA_025190015,2,"GCF_025190015.1:current_genome_key,primary_accession,gcf_accession || GCA_025190015.1:gca_accession,local_genome_files"
829,STRAIN_000830,GCF_025190105.1,GCF_025190105.1 | GCA_025190105.1,GCF_025190105 | GCA_025190105,2,"GCF_025190105.1:current_genome_key,primary_accession,gcf_accession || GCA_025190105.1:gca_accession,local_genome_files"
830,STRAIN_000831,GCF_025190725.1,GCF_025190725.1 | GCA_025190725.1,GCF_025190725 | GCA_025190725,2,"GCF_025190725.1:current_genome_key,primary_accession,gcf_accession || GCA_025190725.1:gca_accession,local_genome_files"
831,STRAIN_000832,GCF_025190745.1,GCF_025190745.1 | GCA_025190745.1,GCF_025190745 | GCA_025190745,2,"GCF_025190745.1:current_genome_key,primary_accession,gcf_accession || GCA_025190745.1:gca_accession,local_genome_files"
832,STRAIN_000833,GCF_025191785.1,GCF_025191785.1 | GCA_025191785.1,GCF_025191785 | GCA_025191785,2,"GCF_025191785.1:current_genome_key,primary_accession,gcf_accession || GCA_025191785.1:gca_accession,local_genome_files"
833,STRAIN_000834,GCF_025194385.1,GCF_025194385.1 | GCA_025194385.1,GCF_025194385 | GCA_025194385,2,"GCF_025194385.1:current_genome_key,primary_accession,gcf_accession || GCA_025194385.1:gca_accession,local_genome_files"
834,STRAIN_000835,GCF_025194725.1,GCF_025194725.1 | GCA_025194725.1,GCF_025194725 | GCA_025194725,2,"GCF_025194725.1:current_genome_key,primary_accession,gcf_accession || GCA_025194725.1:gca_accession,local_genome_files"
835,STRAIN_000836,GCF_025194865.1,GCF_025194865.1 | GCA_025194865.1,GCF_025194865 | GCA_025194865,2,"GCF_025194865.1:current_genome_key,primary_accession,gcf_accession || GCA_025194865.1:gca_accession,local_genome_files"
836,STRAIN_000837,GCF_025194925.1,GCF_025194925.1 | GCA_025194925.1,GCF_025194925 | GCA_025194925,2,"GCF_025194925.1:current_genome_key,primary_accession,gcf_accession || GCA_025194925.1:gca_accession,local_genome_files"
837,STRAIN_000838,GCF_025631195.1,GCF_025631195.1 | GCA_025631195.1,GCF_025631195 | GCA_025631195,2,"GCF_025631195.1:current_genome_key,primary_accession,gcf_accession || GCA_025631195.1:gca_accession,local_genome_files"
838,STRAIN_000839,GCF_025946725.1,GCF_025946725.1 | GCA_025946725.1,GCF_025946725 | GCA_025946725,2,"GCF_025946725.1:current_genome_key,primary_accession,gcf_accession || GCA_025946725.1:gca_accession,local_genome_files"
839,STRAIN_000840,GCF_025948295.1,GCF_025948295.1 | GCA_025948295.1,GCF_025948295 | GCA_025948295,2,"GCF_025948295.1:current_genome_key,primary_accession,gcf_accession || GCA_025948295.1:gca_accession,local_genome_files"
840,STRAIN_000841,GCF_026013765.1,GCF_026013765.1 | GCA_026013765.1,GCF_026013765 | GCA_026013765,2,"GCF_026013765.1:current_genome_key,primary_accession,gcf_accession || GCA_026013765.1:gca_accession,local_genome_files"
841,STRAIN_000842,GCF_026127565.1,GCF_026127565.1 | GCA_026127565.1,GCF_026127565 | GCA_026127565,2,"GCF_026127565.1:current_genome_key,primary_accession,gcf_accession || GCA_026127565.1:gca_accession,local_genome_files"
842,STRAIN_000843,GCF_026127605.1,GCF_026127605.1 | GCA_026127605.1,GCF_026127605 | GCA_026127605,2,"GCF_026127605.1:current_genome_key,primary_accession,gcf_accession || GCA_026127605.1:gca_accession,local_genome_files"
843,STRAIN_000844,GCF_026127635.1,GCF_026127635.1 | GCA_026127635.1,GCF_026127635 | GCA_026127635,2,"GCF_026127635.1:current_genome_key,primary_accession,gcf_accession || GCA_026127635.1:gca_accession,local_genome_files"
844,STRAIN_000845,GCF_026162505.1,GCF_026162505.1 | GCA_026162505.1,GCF_026162505 | GCA_026162505,2,"GCF_026162505.1:current_genome_key,primary_accession,gcf_accession || GCA_026162505.1:gca_accession,local_genome_files"
845,STRAIN_000846,GCF_026240755.1,GCF_026240755.1 | GCA_026240755.1,GCF_026240755 | GCA_026240755,2,"GCF_026240755.1:current_genome_key,primary_accession,gcf_accession || GCA_026240755.1:gca_accession,local_genome_files"
846,STRAIN_000847,GCF_026967245.1,GCF_026967245.1 | GCA_026967245.1,GCF_026967245 | GCA_026967245,2,"GCF_026967245.1:current_genome_key,primary_accession,gcf_accession || GCA_026967245.1:gca_accession,local_genome_files"
847,STRAIN_000848,GCF_027474465.1,GCF_027474465.1 | GCA_027474465.1,GCF_027474465 | GCA_027474465,2,"GCF_027474465.1:current_genome_key,primary_accession,gcf_accession || GCA_027474465.1:gca_accession,local_genome_files"
848,STRAIN_000849,GCF_027557615.1,GCF_027557615.1 | GCA_027557615.1,GCF_027557615 | GCA_027557615,2,"GCF_027557615.1:current_genome_key,primary_accession,gcf_accession || GCA_027557615.1:gca_accession,local_genome_files"
849,STRAIN_000850,GCF_027568335.1,GCF_027568335.1 | GCA_027568335.1,GCF_027568335 | GCA_027568335,2,"GCF_027568335.1:current_genome_key,primary_accession,gcf_accession || GCA_027568335.1:gca_accession,local_genome_files"
850,STRAIN_000851,GCF_027664925.1,GCF_027664925.1 | GCA_027664925.1,GCF_027664925 | GCA_027664925,2,"GCF_027664925.1:current_genome_key,primary_accession,gcf_accession || GCA_027664925.1:gca_accession,local_genome_files"
851,STRAIN_000852,GCF_027672405.1,GCF_027672405.1 | GCA_027672405.1,GCF_027672405 | GCA_027672405,2,"GCF_027672405.1:current_genome_key,primary_accession,gcf_accession || GCA_027672405.1:gca_accession,local_genome_files"
852,STRAIN_000853,GCF_027693445.1,GCF_027693445.1 | GCA_027693445.1,GCF_027693445 | GCA_027693445,2,"GCF_027693445.1:current_genome_key,primary_accession,gcf_accession || GCA_027693445.1:gca_accession,local_genome_files"
853,STRAIN_000854,GCF_027854125.1,GCF_027854125.1 | GCA_027854125.1,GCF_027854125 | GCA_027854125,2,"GCF_027854125.1:current_genome_key,primary_accession,gcf_accession || GCA_027854125.1:gca_accession,local_genome_files"
854,STRAIN_000855,GCF_027857655.1,GCF_027857655.1 | GCA_027857655.1,GCF_027857655 | GCA_027857655,2,"GCF_027857655.1:current_genome_key,primary_accession,gcf_accession || GCA_027857655.1:gca_accession,local_genome_files"
855,STRAIN_000856,GCF_028369155.1,GCF_028369155.1 | GCA_028369155.1,GCF_028369155 | GCA_028369155,2,"GCF_028369155.1:current_genome_key,primary_accession,gcf_accession || GCA_028369155.1:gca_accession,local_genome_files"
856,STRAIN_000857,GCF_028446625.1,GCF_028446625.1 | GCA_028446625.1,GCF_028446625 | GCA_028446625,2,"GCF_028446625.1:current_genome_key,primary_accession,gcf_accession || GCA_028446625.1:gca_accession,local_genome_files"
857,STRAIN_000858,GCF_028475085.1,GCF_028475085.1 | GCA_028475085.1,GCF_028475085 | GCA_028475085,2,"GCF_028475085.1:current_genome_key,primary_accession,gcf_accession || GCA_028475085.1:gca_accession,local_genome_files"
858,STRAIN_000859,GCF_028656165.1,GCF_028656165.1 | GCA_028656165.1,GCF_028656165 | GCA_028656165,2,"GCF_028656165.1:current_genome_key,primary_accession,gcf_accession || GCA_028656165.1:gca_accession,local_genome_files"
859,STRAIN_000860,GCF_028898865.1,GCF_028898865.1 | GCA_028898865.1,GCF_028898865 | GCA_028898865,2,"GCF_028898865.1:current_genome_key,primary_accession,gcf_accession || GCA_028898865.1:gca_accession,local_genome_files"
860,STRAIN_000861,GCF_029541965.1,GCF_029541965.1 | GCA_029541965.1,GCF_029541965 | GCA_029541965,2,"GCF_029541965.1:current_genome_key,primary_accession,gcf_accession || GCA_029541965.1:gca_accession,local_genome_files"
861,STRAIN_000862,GCF_029814785.1,GCF_029814785.1 | GCA_029814785.1,GCF_029814785 | GCA_029814785,2,"GCF_029814785.1:current_genome_key,primary_accession,gcf_accession || GCA_029814785.1:gca_accession,local_genome_files"
862,STRAIN_000863,GCF_029823225.1,GCF_029823225.1 | GCA_029823225.1,GCF_029823225 | GCA_029823225,2,"GCF_029823225.1:current_genome_key,primary_accession,gcf_accession || GCA_029823225.1:gca_accession,local_genome_files"
863,STRAIN_000864,GCF_029834415.1,GCF_029834415.1 | GCA_029834415.1,GCF_029834415 | GCA_029834415,2,"GCF_029834415.1:current_genome_key,primary_accession,gcf_accession || GCA_029834415.1:gca_accession,local_genome_files"
864,STRAIN_000865,GCF_029854235.1,GCF_029854235.1 | GCA_029854235.1,GCF_029854235 | GCA_029854235,2,"GCF_029854235.1:current_genome_key,primary_accession,gcf_accession || GCA_029854235.1:gca_accession,local_genome_files"
865,STRAIN_000866,GCF_029855065.1,GCF_029855065.1 | GCA_029855065.1,GCF_029855065 | GCA_029855065,2,"GCF_029855065.1:current_genome_key,primary_accession,gcf_accession || GCA_029855065.1:gca_accession,local_genome_files"
866,STRAIN_000867,GCF_030061895.1,GCF_030061895.1 | GCA_030061895.1,GCF_030061895 | GCA_030061895,2,"GCF_030061895.1:current_genome_key,primary_accession,gcf_accession || GCA_030061895.1:gca_accession,local_genome_files"
867,STRAIN_000868,GCF_030063125.1,GCF_030063125.1 | GCA_030063125.1,GCF_030063125 | GCA_030063125,2,"GCF_030063125.1:current_genome_key,primary_accession,gcf_accession || GCA_030063125.1:gca_accession,local_genome_files"
868,STRAIN_000869,GCF_030224725.1,GCF_030224725.1 | GCA_030224725.1,GCF_030224725 | GCA_030224725,2,"GCF_030224725.1:current_genome_key,primary_accession,gcf_accession || GCA_030224725.1:gca_accession,local_genome_files"
869,STRAIN_000870,GCF_030262475.1,GCF_030262475.1 | GCA_030262475.1,GCF_030262475 | GCA_030262475,2,"GCF_030262475.1:current_genome_key,primary_accession,gcf_accession || GCA_030262475.1:gca_accession,local_genome_files"
870,STRAIN_000871,GCF_030291755.1,GCF_030291755.1 | GCA_030291755.1,GCF_030291755 | GCA_030291755,2,"GCF_030291755.1:current_genome_key,primary_accession,gcf_accession || GCA_030291755.1:gca_accession,local_genome_files"
871,STRAIN_000872,GCF_030334805.1,GCF_030334805.1 | GCA_030334805.1,GCF_030334805 | GCA_030334805,2,"GCF_030334805.1:current_genome_key,primary_accession,gcf_accession || GCA_030334805.1:gca_accession,local_genome_files"
872,STRAIN_000873,GCF_030361185.1,GCF_030361185.1 | GCA_030361185.1,GCF_030361185 | GCA_030361185,2,"GCF_030361185.1:current_genome_key,primary_accession,gcf_accession || GCA_030361185.1:gca_accession,local_genome_files"
873,STRAIN_000874,GCF_030414125.1,GCF_030414125.1 | GCA_030414125.1,GCF_030414125 | GCA_030414125,2,"GCF_030414125.1:current_genome_key,primary_accession,gcf_accession || GCA_030414125.1:gca_accession,local_genome_files"
874,STRAIN_000875,GCF_030418275.1,GCF_030418275.1 | GCA_030418275.1,GCF_030418275 | GCA_030418275,2,"GCF_030418275.1:current_genome_key,primary_accession,gcf_accession || GCA_030418275.1:gca_accession,local_genome_files"
875,STRAIN_000876,GCF_030441965.1,GCF_030441965.1 | GCA_030441965.1,GCF_030441965 | GCA_030441965,2,"GCF_030441965.1:current_genome_key,primary_accession,gcf_accession || GCA_030441965.1:gca_accession,local_genome_files"
876,STRAIN_000877,GCF_030463605.1,GCF_030463605.1 | GCA_030463605.1,GCF_030463605 | GCA_030463605,2,"GCF_030463605.1:current_genome_key,primary_accession,gcf_accession || GCA_030463605.1:gca_accession,local_genome_files"
877,STRAIN_000878,GCF_030480425.1,GCF_030480425.1 | GCA_030480425.1,GCF_030480425 | GCA_030480425,2,"GCF_030480425.1:current_genome_key,primary_accession,gcf_accession || GCA_030480425.1:gca_accession,local_genome_files"
878,STRAIN_000879,GCF_030490305.1,GCF_030490305.1 | GCA_030490305.1,GCF_030490305 | GCA_030490305,2,"GCF_030490305.1:current_genome_key,primary_accession,gcf_accession || GCA_030490305.1:gca_accession,local_genome_files"
879,STRAIN_000880,GCF_030520065.1,GCF_030520065.1 | GCA_030520065.1,GCF_030520065 | GCA_030520065,2,"GCF_030520065.1:current_genome_key,primary_accession,gcf_accession || GCA_030520065.1:gca_accession,local_genome_files"
880,STRAIN_000881,GCF_030721705.1,GCF_030721705.1 | GCA_030721705.1,GCF_030721705 | GCA_030721705,2,"GCF_030721705.1:current_genome_key,primary_accession,gcf_accession || GCA_030721705.1:gca_accession,local_genome_files"
881,STRAIN_000882,GCF_030758995.1,GCF_030758995.1 | GCA_030758995.1,GCF_030758995 | GCA_030758995,2,"GCF_030758995.1:current_genome_key,primary_accession,gcf_accession || GCA_030758995.1:gca_accession,local_genome_files"
882,STRAIN_000883,GCF_031032805.1,GCF_031032805.1 | GCA_031032805.1,GCF_031032805 | GCA_031032805,2,"GCF_031032805.1:current_genome_key,primary_accession,gcf_accession || GCA_031032805.1:gca_accession,local_genome_files"
883,STRAIN_000884,GCF_031085385.1,GCF_031085385.1 | GCA_031085385.1,GCF_031085385 | GCA_031085385,2,"GCF_031085385.1:current_genome_key,primary_accession,gcf_accession || GCA_031085385.1:gca_accession,local_genome_files"
884,STRAIN_000885,GCF_032463485.1,GCF_032463485.1 | GCA_032463485.1,GCF_032463485 | GCA_032463485,2,"GCF_032463485.1:current_genome_key,primary_accession,gcf_accession || GCA_032463485.1:gca_accession,local_genome_files"
885,STRAIN_000886,GCF_032466055.1,GCF_032466055.1 | GCA_032466055.1,GCF_032466055 | GCA_032466055,2,"GCF_032466055.1:current_genome_key,primary_accession,gcf_accession || GCA_032466055.1:gca_accession,local_genome_files"
886,STRAIN_000887,GCF_032602185.1,GCF_032602185.1 | GCA_032602185.1,GCF_032602185 | GCA_032602185,2,"GCF_032602185.1:current_genome_key,primary_accession,gcf_accession || GCA_032602185.1:gca_accession,local_genome_files"
887,STRAIN_000888,GCF_032818175.1,GCF_032818175.1 | GCA_032818175.1,GCF_032818175 | GCA_032818175,2,"GCF_032818175.1:current_genome_key,primary_accession,gcf_accession || GCA_032818175.1:gca_accession,local_genome_files"
888,STRAIN_000889,GCF_033487235.1,GCF_033487235.1 | GCA_033487235.1,GCF_033487235 | GCA_033487235,2,"GCF_033487235.1:current_genome_key,primary_accession,gcf_accession || GCA_033487235.1:gca_accession,local_genome_files"
889,STRAIN_000890,GCF_033569435.1,GCF_033569435.1 | GCA_033569435.1,GCF_033569435 | GCA_033569435,2,"GCF_033569435.1:current_genome_key,primary_accession,gcf_accession || GCA_033569435.1:gca_accession,local_genome_files"
890,STRAIN_000891,GCF_033570435.1,GCF_033570435.1 | GCA_033570435.1,GCF_033570435 | GCA_033570435,2,"GCF_033570435.1:current_genome_key,primary_accession,gcf_accession || GCA_033570435.1:gca_accession,local_genome_files"
891,STRAIN_000892,GCF_033803995.1,GCF_033803995.1 | GCA_033803995.1,GCF_033803995 | GCA_033803995,2,"GCF_033803995.1:current_genome_key,primary_accession,gcf_accession || GCA_033803995.1:gca_accession,local_genome_files"
892,STRAIN_000893,GCF_033879915.1,GCF_033879915.1 | GCA_033879915.1,GCF_033879915 | GCA_033879915,2,"GCF_033879915.1:current_genome_key,primary_accession,gcf_accession || GCA_033879915.1:gca_accession,local_genome_files"
893,STRAIN_000894,GCF_033959405.1,GCF_033959405.1 | GCA_033959405.1,GCF_033959405 | GCA_033959405,2,"GCF_033959405.1:current_genome_key,primary_accession,gcf_accession || GCA_033959405.1:gca_accession,local_genome_files"
894,STRAIN_000895,GCF_034259105.1,GCF_034259105.1 | GCA_034259105.1,GCF_034259105 | GCA_034259105,2,"GCF_034259105.1:current_genome_key,primary_accession,gcf_accession || GCA_034259105.1:gca_accession,local_genome_files"
895,STRAIN_000896,GCF_034298135.1,GCF_034298135.1 | GCA_034298135.1,GCF_034298135 | GCA_034298135,2,"GCF_034298135.1:current_genome_key,primary_accession,gcf_accession || GCA_034298135.1:gca_accession,local_genome_files"
896,STRAIN_000897,GCF_034321885.1,GCF_034321885.1 | GCA_034321885.1,GCF_034321885 | GCA_034321885,2,"GCF_034321885.1:current_genome_key,primary_accession,gcf_accession || GCA_034321885.1:gca_accession,local_genome_files"
897,STRAIN_000898,GCF_034333585.1,GCF_034333585.1 | GCA_034333585.1,GCF_034333585 | GCA_034333585,2,"GCF_034333585.1:current_genome_key,primary_accession,gcf_accession || GCA_034333585.1:gca_accession,local_genome_files"
898,STRAIN_000899,GCF_035588615.1,GCF_035588615.1 | GCA_035588615.1,GCF_035588615 | GCA_035588615,2,"GCF_035588615.1:current_genome_key,primary_accession,gcf_accession || GCA_035588615.1:gca_accession,local_genome_files"
899,STRAIN_000900,GCF_036227545.1,GCF_036227545.1 | GCA_036227545.1,GCF_036227545 | GCA_036227545,2,"GCF_036227545.1:current_genome_key,primary_accession,gcf_accession || GCA_036227545.1:gca_accession,local_genome_files"
900,STRAIN_000901,GCF_036281515.1,GCF_036281515.1 | GCA_036281515.1,GCF_036281515 | GCA_036281515,2,"GCF_036281515.1:current_genome_key,primary_accession,gcf_accession || GCA_036281515.1:gca_accession,local_genome_files"
901,STRAIN_000902,GCF_036430845.1,GCF_036430845.1 | GCA_036430845.1,GCF_036430845 | GCA_036430845,2,"GCF_036430845.1:current_genome_key,primary_accession,gcf_accession || GCA_036430845.1:gca_accession,local_genome_files"
902,STRAIN_000903,GCF_036595825.1,GCF_036595825.1 | GCA_036595825.1,GCF_036595825 | GCA_036595825,2,"GCF_036595825.1:current_genome_key,primary_accession,gcf_accession || GCA_036595825.1:gca_accession,local_genome_files"
903,STRAIN_000904,GCF_036595865.1,GCF_036595865.1 | GCA_036595865.1,GCF_036595865 | GCA_036595865,2,"GCF_036595865.1:current_genome_key,primary_accession,gcf_accession || GCA_036595865.1:gca_accession,local_genome_files"
904,STRAIN_000905,GCF_036784755.1,GCF_036784755.1 | GCA_036784755.1,GCF_036784755 | GCA_036784755,2,"GCF_036784755.1:current_genome_key,primary_accession,gcf_accession || GCA_036784755.1:gca_accession,local_genome_files"
905,STRAIN_000906,GCF_036880975.1,GCF_036880975.1 | GCA_036880975.1,GCF_036880975 | GCA_036880975,2,"GCF_036880975.1:current_genome_key,primary_accession,gcf_accession || GCA_036880975.1:gca_accession,local_genome_files"
906,STRAIN_000907,GCF_036903235.1,GCF_036903235.1 | GCA_036903235.1,GCF_036903235 | GCA_036903235,2,"GCF_036903235.1:current_genome_key,primary_accession,gcf_accession || GCA_036903235.1:gca_accession,local_genome_files"
907,STRAIN_000908,GCF_036942465.1,GCF_036942465.1 | GCA_036942465.1,GCF_036942465 | GCA_036942465,2,"GCF_036942465.1:current_genome_key,primary_accession,gcf_accession || GCA_036942465.1:gca_accession,local_genome_files"
908,STRAIN_000909,GCF_037113575.1,GCF_037113575.1 | GCA_037113575.1,GCF_037113575 | GCA_037113575,2,"GCF_037113575.1:current_genome_key,primary_accession,gcf_accession || GCA_037113575.1:gca_accession,local_genome_files"
909,STRAIN_000910,GCF_037966675.1,GCF_037966675.1 | GCA_037966675.1,GCF_037966675 | GCA_037966675,2,"GCF_037966675.1:current_genome_key,primary_accession,gcf_accession || GCA_037966675.1:gca_accession,local_genome_files"
910,STRAIN_000911,GCF_037996565.1,GCF_037996565.1 | GCA_037996565.1,GCF_037996565 | GCA_037996565,2,"GCF_037996565.1:current_genome_key,primary_accession,gcf_accession || GCA_037996565.1:gca_accession,local_genome_files"
911,STRAIN_000912,GCF_037996585.1,GCF_037996585.1 | GCA_037996585.1,GCF_037996585 | GCA_037996585,2,"GCF_037996585.1:current_genome_key,primary_accession,gcf_accession || GCA_037996585.1:gca_accession,local_genome_files"
912,STRAIN_000913,GCF_038096155.1,GCF_038096155.1 | GCA_038096155.1,GCF_038096155 | GCA_038096155,2,"GCF_038096155.1:current_genome_key,primary_accession,gcf_accession || GCA_038096155.1:gca_accession,local_genome_files"
913,STRAIN_000914,GCF_038149605.1,GCF_038149605.1 | GCA_038149605.1,GCF_038149605 | GCA_038149605,2,"GCF_038149605.1:current_genome_key,primary_accession,gcf_accession || GCA_038149605.1:gca_accession,local_genome_files"
914,STRAIN_000915,GCF_038419715.1,GCF_038419715.1 | GCA_038419715.1,GCF_038419715 | GCA_038419715,2,"GCF_038419715.1:current_genome_key,primary_accession,gcf_accession || GCA_038419715.1:gca_accession,local_genome_files"
915,STRAIN_000916,GCF_039566335.1,GCF_039566335.1 | GCA_039566335.1,GCF_039566335 | GCA_039566335,2,"GCF_039566335.1:current_genome_key,primary_accession,gcf_accession || GCA_039566335.1:gca_accession,local_genome_files"
916,STRAIN_000917,GCF_039612675.1,GCF_039612675.1 | GCA_039612675.1,GCF_039612675 | GCA_039612675,2,"GCF_039612675.1:current_genome_key,primary_accession,gcf_accession || GCA_039612675.1:gca_accession,local_genome_files"
917,STRAIN_000918,GCF_039631215.1,GCF_039631215.1 | GCA_039631215.1,GCF_039631215 | GCA_039631215,2,"GCF_039631215.1:current_genome_key,primary_accession,gcf_accession || GCA_039631215.1:gca_accession,local_genome_files"
918,STRAIN_000919,GCF_039654845.1,GCF_039654845.1 | GCA_039654845.1,GCF_039654845 | GCA_039654845,2,"GCF_039654845.1:current_genome_key,primary_accession,gcf_accession || GCA_039654845.1:gca_accession,local_genome_files"
919,STRAIN_000920,GCF_039725565.1,GCF_039725565.1 | GCA_039725565.1,GCF_039725565 | GCA_039725565,2,"GCF_039725565.1:current_genome_key,primary_accession,gcf_accession || GCA_039725565.1:gca_accession,local_genome_files"
920,STRAIN_000921,GCF_039783625.1,GCF_039783625.1 | GCA_039783625.1,GCF_039783625 | GCA_039783625,2,"GCF_039783625.1:current_genome_key,primary_accession,gcf_accession || GCA_039783625.1:gca_accession,local_genome_files"
921,STRAIN_000922,GCF_039880475.1,GCF_039880475.1 | GCA_039880475.1,GCF_039880475 | GCA_039880475,2,"GCF_039880475.1:current_genome_key,primary_accession,gcf_accession || GCA_039880475.1:gca_accession,local_genome_files"
922,STRAIN_000923,GCF_040267755.1,GCF_040267755.1 | GCA_040267755.1,GCF_040267755 | GCA_040267755,2,"GCF_040267755.1:current_genome_key,primary_accession,gcf_accession || GCA_040267755.1:gca_accession,local_genome_files"
923,STRAIN_000924,GCF_040435965.1,GCF_040435965.1 | GCA_040435965.1,GCF_040435965 | GCA_040435965,2,"GCF_040435965.1:current_genome_key,primary_accession,gcf_accession || GCA_040435965.1:gca_accession,local_genome_files"
924,STRAIN_000925,GCF_040446565.1,GCF_040446565.1 | GCA_040446565.1,GCF_040446565 | GCA_040446565,2,"GCF_040446565.1:current_genome_key,primary_accession,gcf_accession || GCA_040446565.1:gca_accession,local_genome_files"
925,STRAIN_000926,GCF_040567705.1,GCF_040567705.1 | GCA_040567705.1,GCF_040567705 | GCA_040567705,2,"GCF_040567705.1:current_genome_key,primary_accession,gcf_accession || GCA_040567705.1:gca_accession,local_genome_files"
926,STRAIN_000927,GCF_040705195.1,GCF_040705195.1 | GCA_040705195.1,GCF_040705195 | GCA_040705195,2,"GCF_040705195.1:current_genome_key,primary_accession,gcf_accession || GCA_040705195.1:gca_accession,local_genome_files"
927,STRAIN_000928,GCF_040719475.1,GCF_040719475.1 | GCA_040719475.1,GCF_040719475 | GCA_040719475,2,"GCF_040719475.1:current_genome_key,primary_accession,gcf_accession || GCA_040719475.1:gca_accession,local_genome_files"
928,STRAIN_000929,GCF_040822565.1,GCF_040822565.1 | GCA_040822565.1,GCF_040822565 | GCA_040822565,2,"GCF_040822565.1:current_genome_key,primary_accession,gcf_accession || GCA_040822565.1:gca_accession,local_genome_files"
929,STRAIN_000930,GCF_040924945.1,GCF_040924945.1 | GCA_040924945.1,GCF_040924945 | GCA_040924945,2,"GCF_040924945.1:current_genome_key,primary_accession,gcf_accession || GCA_040924945.1:gca_accession,local_genome_files"
930,STRAIN_000931,GCF_040962025.1,GCF_040962025.1 | GCA_040962025.1,GCF_040962025 | GCA_040962025,2,"GCF_040962025.1:current_genome_key,primary_accession,gcf_accession || GCA_040962025.1:gca_accession,local_genome_files"
931,STRAIN_000932,GCF_041080595.1,GCF_041080595.1 | GCA_041080595.1,GCF_041080595 | GCA_041080595,2,"GCF_041080595.1:current_genome_key,primary_accession,gcf_accession || GCA_041080595.1:gca_accession,local_genome_files"
932,STRAIN_000933,GCF_041357755.1,GCF_041357755.1 | GCA_041357755.1,GCF_041357755 | GCA_041357755,2,"GCF_041357755.1:current_genome_key,primary_accession,gcf_accession || GCA_041357755.1:gca_accession,local_genome_files"
933,STRAIN_000934,GCF_041413225.1,GCF_041413225.1 | GCA_041413225.1,GCF_041413225 | GCA_041413225,2,"GCF_041413225.1:current_genome_key,primary_accession,gcf_accession || GCA_041413225.1:gca_accession,local_genome_files"
934,STRAIN_000935,GCF_041725645.1,GCF_041725645.1 | GCA_041725645.1,GCF_041725645 | GCA_041725645,2,"GCF_041725645.1:current_genome_key,primary_accession,gcf_accession || GCA_041725645.1:gca_accession,local_genome_files"
935,STRAIN_000936,GCF_041888795.1,GCF_041888795.1 | GCA_041888795.1,GCF_041888795 | GCA_041888795,2,"GCF_041888795.1:current_genome_key,primary_accession,gcf_accession || GCA_041888795.1:gca_accession,local_genome_files"
936,STRAIN_000937,GCF_041888805.1,GCF_041888805.1 | GCA_041888805.1,GCF_041888805 | GCA_041888805,2,"GCF_041888805.1:current_genome_key,primary_accession,gcf_accession || GCA_041888805.1:gca_accession,local_genome_files"
937,STRAIN_000938,GCF_042691645.1,GCF_042691645.1 | GCA_042691645.1,GCF_042691645 | GCA_042691645,2,"GCF_042691645.1:current_genome_key,primary_accession,gcf_accession || GCA_042691645.1:gca_accession,local_genome_files"
938,STRAIN_000939,GCF_043951895.1,GCF_043951895.1 | GCA_043951895.1,GCF_043951895 | GCA_043951895,2,"GCF_043951895.1:current_genome_key,primary_accession,gcf_accession || GCA_043951895.1:gca_accession,local_genome_files"
939,STRAIN_000940,GCF_044283575.1,GCF_044283575.1 | GCA_044283575.1,GCF_044283575 | GCA_044283575,2,"GCF_044283575.1:current_genome_key,primary_accession,gcf_accession || GCA_044283575.1:gca_accession,local_genome_files"
940,STRAIN_000941,GCF_044383485.1,GCF_044383485.1 | GCA_044383485.1,GCF_044383485 | GCA_044383485,2,"GCF_044383485.1:current_genome_key,primary_accession,gcf_accession || GCA_044383485.1:gca_accession,local_genome_files"
941,STRAIN_000942,GCF_044758965.1,GCF_044758965.1 | GCA_044758965.1,GCF_044758965 | GCA_044758965,2,"GCF_044758965.1:current_genome_key,primary_accession,gcf_accession || GCA_044758965.1:gca_accession,local_genome_files"
942,STRAIN_000943,GCF_045256955.1,GCF_045256955.1 | GCA_045256955.1,GCF_045256955 | GCA_045256955,2,"GCF_045256955.1:current_genome_key,primary_accession,gcf_accession || GCA_045256955.1:gca_accession,local_genome_files"
943,STRAIN_000944,GCF_045689685.1,GCF_045689685.1 | GCA_045689685.1,GCF_045689685 | GCA_045689685,2,"GCF_045689685.1:current_genome_key,primary_accession,gcf_accession || GCA_045689685.1:gca_accession,local_genome_files"
944,STRAIN_000945,GCF_045866315.1,GCF_045866315.1 | GCA_045866315.1,GCF_045866315 | GCA_045866315,2,"GCF_045866315.1:current_genome_key,primary_accession,gcf_accession || GCA_045866315.1:gca_accession,local_genome_files"
945,STRAIN_000946,GCF_046097075.1,GCF_046097075.1 | GCA_046097075.1,GCF_046097075 | GCA_046097075,2,"GCF_046097075.1:current_genome_key,primary_accession,gcf_accession || GCA_046097075.1:gca_accession,local_genome_files"
946,STRAIN_000947,GCF_046237615.1,GCF_046237615.1 | GCA_046237615.1,GCF_046237615 | GCA_046237615,2,"GCF_046237615.1:current_genome_key,primary_accession,gcf_accession || GCA_046237615.1:gca_accession,local_genome_files"
947,STRAIN_000948,GCF_046938175.1,GCF_046938175.1 | GCA_046938175.1,GCF_046938175 | GCA_046938175,2,"GCF_046938175.1:current_genome_key,primary_accession,gcf_accession || GCA_046938175.1:gca_accession,local_genome_files"
948,STRAIN_000949,GCF_047223445.1,GCF_047223445.1 | GCA_047223445.1,GCF_047223445 | GCA_047223445,2,"GCF_047223445.1:current_genome_key,primary_accession,gcf_accession || GCA_047223445.1:gca_accession,local_genome_files"
949,STRAIN_000950,GCF_047301025.1,GCF_047301025.1 | GCA_047301025.1,GCF_047301025 | GCA_047301025,2,"GCF_047301025.1:current_genome_key,primary_accession,gcf_accession || GCA_047301025.1:gca_accession,local_genome_files"
950,STRAIN_000951,GCF_047445195.1,GCF_047445195.1 | GCA_047445195.1,GCF_047445195 | GCA_047445195,2,"GCF_047445195.1:current_genome_key,primary_accession,gcf_accession || GCA_047445195.1:gca_accession,local_genome_files"
951,STRAIN_000952,GCF_047456375.1,GCF_047456375.1 | GCA_047456375.1,GCF_047456375 | GCA_047456375,2,"GCF_047456375.1:current_genome_key,primary_accession,gcf_accession || GCA_047456375.1:gca_accession,local_genome_files"
952,STRAIN_000953,GCF_047947225.1,GCF_047947225.1 | GCA_047947225.1,GCF_047947225 | GCA_047947225,2,"GCF_047947225.1:current_genome_key,primary_accession,gcf_accession || GCA_047947225.1:gca_accession,local_genome_files"
953,STRAIN_000954,GCF_048009075.1,GCF_048009075.1 | GCA_048009075.1,GCF_048009075 | GCA_048009075,2,"GCF_048009075.1:current_genome_key,primary_accession,gcf_accession,local_genome_files || GCA_048009075.1:gca_accession,local_genome_files"
954,STRAIN_000955,GCF_048145425.1,GCF_048145425.1 | GCA_048145425.1,GCF_048145425 | GCA_048145425,2,"GCF_048145425.1:current_genome_key,primary_accession,gcf_accession || GCA_048145425.1:gca_accession,local_genome_files"
955,STRAIN_000956,GCF_049180515.1,GCF_049180515.1 | GCA_049180515.1,GCF_049180515 | GCA_049180515,2,"GCF_049180515.1:current_genome_key,primary_accession,gcf_accession || GCA_049180515.1:gca_accession,local_genome_files"
956,STRAIN_000957,GCF_049524615.1,GCF_049524615.1 | GCA_049524615.1,GCF_049524615 | GCA_049524615,2,"GCF_049524615.1:current_genome_key,primary_accession,gcf_accession || GCA_049524615.1:gca_accession,local_genome_files"
957,STRAIN_000958,GCF_049524655.1,GCF_049524655.1 | GCA_049524655.1,GCF_049524655 | GCA_049524655,2,"GCF_049524655.1:current_genome_key,primary_accession,gcf_accession || GCA_049524655.1:gca_accession,local_genome_files"
958,STRAIN_000959,GCF_049524795.1,GCF_049524795.1 | GCA_049524795.1,GCF_049524795 | GCA_049524795,2,"GCF_049524795.1:current_genome_key,primary_accession,gcf_accession || GCA_049524795.1:gca_accession,local_genome_files"
959,STRAIN_000960,GCF_049942745.1,GCF_049942745.1 | GCA_049942745.1,GCF_049942745 | GCA_049942745,2,"GCF_049942745.1:current_genome_key,primary_accession,gcf_accession,local_genome_files || GCA_049942745.1:gca_accession,local_genome_files"
960,STRAIN_000961,GCF_050017215.1,GCF_050017215.1 | GCA_050017215.1,GCF_050017215 | GCA_050017215,2,"GCF_050017215.1:current_genome_key,primary_accession,gcf_accession,local_genome_files || GCA_050017215.1:gca_accession,local_genome_files"
961,STRAIN_000962,GCF_050565525.1,GCF_050565525.1 | GCA_050565525.1,GCF_050565525 | GCA_050565525,2,"GCF_050565525.1:current_genome_key,primary_accession,gcf_accession,local_genome_files || GCA_050565525.1:gca_accession,local_genome_files"
962,STRAIN_000963,GCF_050846705.1,GCF_050846705.1 | GCA_050846705.1,GCF_050846705 | GCA_050846705,2,"GCF_050846705.1:current_genome_key,primary_accession,gcf_accession,local_genome_files || GCA_050846705.1:gca_accession,local_genome_files"
963,STRAIN_000964,GCF_050896535.2,GCF_050896535.2 | GCA_050896535.2,GCF_050896535 | GCA_050896535,2,"GCF_050896535.2:current_genome_key,primary_accession,gcf_accession || GCA_050896535.2:gca_accession,local_genome_files"
964,STRAIN_000965,GCF_051048205.1,GCF_051048205.1 | GCA_051048205.1,GCF_051048205 | GCA_051048205,2,"GCF_051048205.1:current_genome_key,primary_accession,gcf_accession,local_genome_files || GCA_051048205.1:gca_accession,local_genome_files"
965,STRAIN_000966,GCF_051123815.1,GCF_051123815.1 | GCA_051123815.1,GCF_051123815 | GCA_051123815,2,"GCF_051123815.1:current_genome_key,primary_accession,gcf_accession,local_genome_files || GCA_051123815.1:gca_accession,local_genome_files"
966,STRAIN_000967,GCF_051153655.1,GCF_051153655.1 | GCA_051153655.1,GCF_051153655 | GCA_051153655,2,"GCF_051153655.1:current_genome_key,primary_accession,gcf_accession || GCA_051153655.1:gca_accession,local_genome_files"
967,STRAIN_000968,GCF_051217015.1,GCF_051217015.1 | GCA_051217015.1,GCF_051217015 | GCA_051217015,2,"GCF_051217015.1:current_genome_key,primary_accession,gcf_accession,local_genome_files || GCA_051217015.1:gca_accession,local_genome_files"
968,STRAIN_000969,GCF_051388095.1,GCF_051388095.1 | GCA_051388095.1,GCF_051388095 | GCA_051388095,2,"GCF_051388095.1:current_genome_key,primary_accession,gcf_accession || GCA_051388095.1:gca_accession,local_genome_files"
969,STRAIN_000970,GCF_051388175.1,GCF_051388175.1 | GCA_051388175.1,GCF_051388175 | GCA_051388175,2,"GCF_051388175.1:current_genome_key,primary_accession,gcf_accession || GCA_051388175.1:gca_accession,local_genome_files"
970,STRAIN_000971,GCF_051388555.1,GCF_051388555.1 | GCA_051388555.1,GCF_051388555 | GCA_051388555,2,"GCF_051388555.1:current_genome_key,primary_accession,gcf_accession,local_genome_files || GCA_051388555.1:gca_accession,local_genome_files"
971,STRAIN_000972,GCF_051388695.1,GCF_051388695.1 | GCA_051388695.1,GCF_051388695 | GCA_051388695,2,"GCF_051388695.1:current_genome_key,primary_accession,gcf_accession,local_genome_files || GCA_051388695.1:gca_accession,local_genome_files"
972,STRAIN_000973,GCF_051388835.1,GCF_051388835.1 | GCA_051388835.1,GCF_051388835 | GCA_051388835,2,"GCF_051388835.1:current_genome_key,primary_accession,gcf_accession,local_genome_files || GCA_051388835.1:gca_accession,local_genome_files"
973,STRAIN_000974,GCF_051391195.1,GCF_051391195.1 | GCA_051391195.1,GCF_051391195 | GCA_051391195,2,"GCF_051391195.1:current_genome_key,primary_accession,gcf_accession,local_genome_files || GCA_051391195.1:gca_accession,local_genome_files"
974,STRAIN_000975,GCF_051488545.1,GCF_051488545.1 | GCA_051488545.1,GCF_051488545 | GCA_051488545,2,"GCF_051488545.1:current_genome_key,primary_accession,gcf_accession || GCA_051488545.1:gca_accession,local_genome_files"
975,STRAIN_000976,GCF_051550615.1,GCF_051550615.1 | GCA_051550615.1,GCF_051550615 | GCA_051550615,2,"GCF_051550615.1:current_genome_key,primary_accession,gcf_accession || GCA_051550615.1:gca_accession,local_genome_files"
976,STRAIN_000977,GCF_051557165.1,GCF_051557165.1 | GCA_051557165.1,GCF_051557165 | GCA_051557165,2,"GCF_051557165.1:current_genome_key,primary_accession,gcf_accession || GCA_051557165.1:gca_accession,local_genome_files"
977,STRAIN_000978,GCF_051712885.1,GCF_051712885.1 | GCA_051712885.1,GCF_051712885 | GCA_051712885,2,"GCF_051712885.1:current_genome_key,primary_accession,gcf_accession,local_genome_files || GCA_051712885.1:gca_accession,local_genome_files"
978,STRAIN_000979,GCF_051949185.1,GCF_051949185.1 | GCA_051949185.1,GCF_051949185 | GCA_051949185,2,"GCF_051949185.1:current_genome_key,primary_accession,gcf_accession || GCA_051949185.1:gca_accession,local_genome_files"
979,STRAIN_000980,GCF_051990715.1,GCF_051990715.1 | GCA_051990715.1,GCF_051990715 | GCA_051990715,2,"GCF_051990715.1:current_genome_key,primary_accession,gcf_accession || GCA_051990715.1:gca_accession,local_genome_files"
980,STRAIN_000981,GCF_052064905.1,GCF_052064905.1 | GCA_052064905.1,GCF_052064905 | GCA_052064905,2,"GCF_052064905.1:current_genome_key,primary_accession,gcf_accession,local_genome_files || GCA_052064905.1:gca_accession,local_genome_files"
981,STRAIN_000982,GCF_052064955.1,GCF_052064955.1 | GCA_052064955.1,GCF_052064955 | GCA_052064955,2,"GCF_052064955.1:current_genome_key,primary_accession,gcf_accession,local_genome_files || GCA_052064955.1:gca_accession,local_genome_files"
982,STRAIN_000983,GCF_052747875.1,GCF_052747875.1 | GCA_052747875.1,GCF_052747875 | GCA_052747875,2,"GCF_052747875.1:current_genome_key,primary_accession,gcf_accession,local_genome_files || GCA_052747875.1:gca_accession,local_genome_files"
983,STRAIN_000984,GCF_052907325.1,GCF_052907325.1 | GCA_052907325.1,GCF_052907325 | GCA_052907325,2,"GCF_052907325.1:current_genome_key,primary_accession,gcf_accession,local_genome_files || GCA_052907325.1:gca_accession,local_genome_files"
984,STRAIN_000985,GCF_052907405.1,GCF_052907405.1 | GCA_052907405.1,GCF_052907405 | GCA_052907405,2,"GCF_052907405.1:current_genome_key,primary_accession,gcf_accession || GCA_052907405.1:gca_accession,local_genome_files"
985,STRAIN_000986,GCF_053471085.1,GCF_053471085.1 | GCA_053471085.1,GCF_053471085 | GCA_053471085,2,"GCF_053471085.1:current_genome_key,primary_accession,gcf_accession,local_genome_files || GCA_053471085.1:gca_accession,local_genome_files"
986,STRAIN_000987,GCF_053471705.1,GCF_053471705.1 | GCA_053471705.1,GCF_053471705 | GCA_053471705,2,"GCF_053471705.1:current_genome_key,primary_accession,gcf_accession,local_genome_files || GCA_053471705.1:gca_accession,local_genome_files"
987,STRAIN_000988,GCF_053642955.1,GCF_053642955.1 | GCA_053642955.1,GCF_053642955 | GCA_053642955,2,"GCF_053642955.1:current_genome_key,primary_accession,gcf_accession || GCA_053642955.1:gca_accession,local_genome_files"
988,STRAIN_000989,GCF_053748695.1,GCF_053748695.1 | GCA_053748695.1,GCF_053748695 | GCA_053748695,2,"GCF_053748695.1:current_genome_key,primary_accession,gcf_accession || GCA_053748695.1:gca_accession,local_genome_files"
989,STRAIN_000990,GCF_053749075.1,GCF_053749075.1 | GCA_053749075.1,GCF_053749075 | GCA_053749075,2,"GCF_053749075.1:current_genome_key,primary_accession,gcf_accession || GCA_053749075.1:gca_accession,local_genome_files"
990,STRAIN_000991,GCF_054106205.1,GCF_054106205.1 | GCA_054106205.1,GCF_054106205 | GCA_054106205,2,"GCF_054106205.1:current_genome_key,primary_accession,gcf_accession || GCA_054106205.1:gca_accession,local_genome_files"
991,STRAIN_000992,GCF_054131685.1,GCF_054131685.1 | GCA_054131685.1,GCF_054131685 | GCA_054131685,2,"GCF_054131685.1:current_genome_key,primary_accession,gcf_accession,local_genome_files || GCA_054131685.1:gca_accession,local_genome_files"
992,STRAIN_000993,GCF_054189165.1,GCF_054189165.1 | GCA_054189165.1,GCF_054189165 | GCA_054189165,2,"GCF_054189165.1:current_genome_key,primary_accession,gcf_accession,local_genome_files || GCA_054189165.1:gca_accession"
993,STRAIN_000994,GCF_054457255.1,GCF_054457255.1 | GCA_054457255.1,GCF_054457255 | GCA_054457255,2,"GCF_054457255.1:current_genome_key,primary_accession,gcf_accession || GCA_054457255.1:gca_accession,local_genome_files"
994,STRAIN_000995,GCF_054604265.1,GCF_054604265.1 | GCA_054604265.1,GCF_054604265 | GCA_054604265,2,"GCF_054604265.1:current_genome_key,primary_accession,gcf_accession,local_genome_files || GCA_054604265.1:gca_accession"
995,STRAIN_000996,GCF_054720645.1,GCF_054720645.1 | GCA_054720645.1,GCF_054720645 | GCA_054720645,2,"GCF_054720645.1:current_genome_key,primary_accession,gcf_accession,local_genome_files || GCA_054720645.1:gca_accession,local_genome_files"
996,STRAIN_000997,GCF_054729175.1,GCF_054729175.1 | GCA_054729175.1,GCF_054729175 | GCA_054729175,2,"GCF_054729175.1:current_genome_key,primary_accession,gcf_accession,local_genome_files || GCA_054729175.1:gca_accession,local_genome_files"
997,STRAIN_000998,GCF_054879955.1,GCF_054879955.1 | GCA_054879955.1,GCF_054879955 | GCA_054879955,2,"GCF_054879955.1:current_genome_key,primary_accession,gcf_accession || GCA_054879955.1:gca_accession,local_genome_files"
998,STRAIN_000999,GCF_054901215.1,GCF_054901215.1 | GCA_054901215.1,GCF_054901215 | GCA_054901215,2,"GCF_054901215.1:current_genome_key,primary_accession,gcf_accession,local_genome_files || GCA_054901215.1:gca_accession,local_genome_files"
999,STRAIN_001000,GCF_054962495.1,GCF_054962495.1 | GCA_054962495.1,GCF_054962495 | GCA_054962495,2,"GCF_054962495.1:current_genome_key,primary_accession,gcf_accession,local_genome_files || GCA_054962495.1:gca_accession,local_genome_files"
1000,STRAIN_001001,GCF_055383495.1,GCF_055383495.1 | GCA_055383495.1,GCF_055383495 | GCA_055383495,2,"GCF_055383495.1:current_genome_key,primary_accession,gcf_accession,local_genome_files || GCA_055383495.1:gca_accession,local_genome_files"
1001,STRAIN_001002,GCF_055386965.1,GCF_055386965.1 | GCA_055386965.1,GCF_055386965 | GCA_055386965,2,"GCF_055386965.1:current_genome_key,primary_accession,gcf_accession,local_genome_files || GCA_055386965.1:gca_accession,local_genome_files"
1002,STRAIN_001003,GCF_055484615.1,GCF_055484615.1 | GCA_055484615.1,GCF_055484615 | GCA_055484615,2,"GCF_055484615.1:current_genome_key,primary_accession,gcf_accession,local_genome_files || GCA_055484615.1:gca_accession,local_genome_files"
1003,STRAIN_001004,GCF_055809795.1,GCF_055809795.1 | GCA_055809795.1,GCF_055809795 | GCA_055809795,2,"GCF_055809795.1:current_genome_key,primary_accession,gcf_accession,local_genome_files || GCA_055809795.1:gca_accession,local_genome_files"
1004,STRAIN_001005,GCF_056172775.1,GCF_056172775.1 | GCA_056172775.1,GCF_056172775 | GCA_056172775,2,"GCF_056172775.1:current_genome_key,primary_accession,gcf_accession || GCA_056172775.1:gca_accession,local_genome_files"
1005,STRAIN_001006,GCF_900078525.1,GCF_900078525.1 | GCA_900078525.1,GCF_900078525 | GCA_900078525,2,"GCF_900078525.1:current_genome_key,primary_accession,gcf_accession || GCA_900078525.1:gca_accession,local_genome_files"
1006,STRAIN_001007,GCF_900080205.1,GCF_900080205.1 | GCA_900080205.1,GCF_900080205 | GCA_900080205,2,"GCF_900080205.1:current_genome_key,primary_accession,gcf_accession || GCA_900080205.1:gca_accession,local_genome_files"
1007,STRAIN_001008,GCF_900088425.1,GCF_900088425.1 | GCA_900088425.1,GCF_900088425 | GCA_900088425,2,"GCF_900088425.1:current_genome_key,primary_accession,gcf_accession || GCA_900088425.1:gca_accession,local_genome_files"
1008,STRAIN_001009,GCF_900094135.1,GCF_900094135.1 | GCA_900094135.1,GCF_900094135 | GCA_900094135,2,"GCF_900094135.1:current_genome_key,primary_accession,gcf_accession || GCA_900094135.1:gca_accession,local_genome_files"
1009,STRAIN_001010,GCF_900104835.1,GCF_900104835.1 | GCA_900104835.1,GCF_900104835 | GCA_900104835,2,"GCF_900104835.1:current_genome_key,primary_accession,gcf_accession || GCA_900104835.1:gca_accession,local_genome_files"
1010,STRAIN_001011,GCF_900163585.1,GCF_900163585.1 | GCA_900163585.1,GCF_900163585 | GCA_900163585,2,"GCF_900163585.1:current_genome_key,primary_accession,gcf_accession || GCA_900163585.1:gca_accession,local_genome_files"
1011,STRAIN_001012,GCF_900205745.1,GCF_900205745.1 | GCA_900205745.1,GCF_900205745 | GCA_900205745,2,"GCF_900205745.1:current_genome_key,primary_accession,gcf_accession || GCA_900205745.1:gca_accession,local_genome_files"
1012,STRAIN_001013,GCF_900452495.1,GCF_900452495.1 | GCA_900452495.1,GCF_900452495 | GCA_900452495,2,"GCF_900452495.1:current_genome_key,primary_accession,gcf_accession || GCA_900452495.1:gca_accession,local_genome_files"
1013,STRAIN_001014,GCF_900695425.1,GCF_900695425.1 | GCA_900695425.1,GCF_900695425 | GCA_900695425,2,"GCF_900695425.1:current_genome_key,primary_accession,gcf_accession || GCA_900695425.1:gca_accession,local_genome_files"
1014,STRAIN_001015,GCF_901971765.1,GCF_901971765.1 | GCA_901971765.1,GCF_901971765 | GCA_901971765,2,"GCF_901971765.1:current_genome_key,primary_accession,gcf_accession || GCA_901971765.1:gca_accession,local_genome_files"
1015,STRAIN_001016,GCF_901980275.1,GCF_901980275.1 | GCA_901980275.1,GCF_901980275 | GCA_901980275,2,"GCF_901980275.1:current_genome_key,primary_accession,gcf_accession || GCA_901980275.1:gca_accession,local_genome_files"
1016,STRAIN_001017,GCF_902167885.1,GCF_902167885.1 | GCA_902167885.1,GCF_902167885 | GCA_902167885,2,"GCF_902167885.1:current_genome_key,primary_accession,gcf_accession || GCA_902167885.1:gca_accession,local_genome_files"
1017,STRAIN_001018,GCF_964186795.1,GCF_964186795.1 | GCA_964186795.1,GCF_964186795 | GCA_964186795,2,"GCF_964186795.1:current_genome_key,primary_accession,gcf_accession || GCA_964186795.1:gca_accession,local_genome_files"
1018,STRAIN_001019,GCF_965136155.1,GCF_965136155.1 | GCA_965136155.1,GCF_965136155 | GCA_965136155,2,"GCF_965136155.1:current_genome_key,primary_accession,gcf_accession || GCA_965136155.1:gca_accession,local_genome_files"
1019,STRAIN_001020,GCF_965286015.1,GCF_965286015.1 | GCA_965286015.1,GCF_965286015 | GCA_965286015,2,"GCF_965286015.1:current_genome_key,primary_accession,gcf_accession,local_genome_files || GCA_965286015.1:gca_accession,local_genome_files"
1020,STRAIN_001021,GCF_965286555.1,GCF_965286555.1 | GCA_965286555.1,GCF_965286555 | GCA_965286555,2,"GCF_965286555.1:current_genome_key,primary_accession,gcf_accession || GCA_965286555.1:gca_accession,local_genome_files"
1021,STRAIN_001022,GCF_978042475.1,GCF_978042475.1 | GCA_978042475.1,GCF_978042475 | GCA_978042475,2,"GCF_978042475.1:current_genome_key,primary_accession,gcf_accession || GCA_978042475.1:gca_accession,local_genome_files"
1022,STRAIN_001023,GCF_978043405.1,GCF_978043405.1 | GCA_978043405.1,GCF_978043405 | GCA_978043405,2,"GCF_978043405.1:current_genome_key,primary_accession,gcf_accession || GCA_978043405.1:gca_accession,local_genome_files"
1023,STRAIN_001024,GCF_978044305.1,GCF_978044305.1 | GCA_978044305.1,GCF_978044305 | GCA_978044305,2,"GCF_978044305.1:current_genome_key,primary_accession,gcf_accession || GCA_978044305.1:gca_accession,local_genome_files"
1024,STRAIN_001025,GCF_980648745.1,GCF_980648745.1 | GCA_980648745.1,GCF_980648745 | GCA_980648745,2,"GCF_980648745.1:current_genome_key,primary_accession,gcf_accession || GCA_980648745.1:gca_accession,local_genome_files"
1025,STRAIN_001026,UID:Bifidobacterium animalis subsp. lactis||BB-69,,,0,
1026,STRAIN_001027,UID:Bifidobacterium animalis subsp. lactis||Bbm-19,,,0,
1027,STRAIN_001028,UID:Bifidobacterium animalis subsp. lactis||ProSci-246,,,0,
1028,STRAIN_001029,UID:Bifidobacterium animalis||Probio-M8,,,0,
1029,STRAIN_001030,UID:Bifidobacterium breve||BX-18,,,0,
1030,STRAIN_001031,UID:Bifidobacterium infantis||B8762,,,0,
1031,STRAIN_001032,UID:Bifidobacterium longum subsp. infantis||EVC001,,,0,
1032,STRAIN_001033,"UID:Bifidobacterium longum subsp. infantis||R0033, Rosell-33, CNCM I-3424",,,0,
1033,STRAIN_001034,UID:Bifidobacterium longum subsp. infantis||Rosell-33,,,0,
1034,STRAIN_001035,UID:Lacticaseibacillus paracasei||PC-01,,,0,
1035,STRAIN_001036,UID:Lacticaseibacillus rhamnosus||Probio-M9,,,0,
1036,STRAIN_001037,UID:Lactiplantibacillus plantarum||P-8,,,0,
1037,STRAIN_001038,UID:Lactobacillus acidophilus||LA-06,,,0,
1038,STRAIN_001039,UID:Limosilactobacillus fermentum||UP-1,,,0,
