accession	source_metadata_files
GCA_000003135	02_registry_all_accession_candidates.csv;03_genome_path_accession_index.csv;12_STRICT_GenoGrammar_assembly_bridge.csv
GCA_000003135.1	01_registry_accession_column_audit.csv;02_registry_all_accession_candidates.csv;03_genome_path_accession_index.csv;04_registry_genome_identity_resolved.csv;12_STRICT_GenoGrammar_assembly_bridge.csv
GCA_000005825	24_DOOR2_genome_manifest.csv
GCA_000005825.2	24_DOOR2_genome_manifest.csv
GCA_000005845	02_registry_all_accession_candidates.csv;03_genome_path_accession_index.csv;12_STRICT_GenoGrammar_assembly_bridge.csv;24_DOOR2_genome_manifest.csv
GCA_000005845.2	01_registry_accession_column_audit.csv;02_registry_all_accession_candidates.csv;03_genome_path_accession_index.csv;04_registry_genome_identity_resolved.csv;12_STRICT_GenoGrammar_assembly_bridge.csv;24_DOOR2_genome_manifest.csv
GCA_000006175	24_DOOR2_genome_manifest.csv
GCA_000006175.2	24_DOOR2_genome_manifest.csv
GCA_000006605	24_DOOR2_genome_manifest.csv
GCA_000006605.1	24_DOOR2_genome_manifest.csv
GCA_000006625	24_DOOR2_genome_manifest.csv
GCA_000006625.1	24_DOOR2_genome_manifest.csv
GCA_000006645	24_DOOR2_genome_manifest.csv
GCA_000006645.1	24_DOOR2_genome_manifest.csv
GCA_000006665	24_DOOR2_genome_manifest.csv
GCA_000006665.1	24_DOOR2_genome_manifest.csv
GCA_000006685	24_DOOR2_genome_manifest.csv
GCA_000006685.1	24_DOOR2_genome_manifest.csv
GCA_000006725	24_DOOR2_genome_manifest.csv
GCA_000006725.1	24_DOOR2_genome_manifest.csv
GCA_000006745	24_DOOR2_genome_manifest.csv
GCA_000006745.1	24_DOOR2_genome_manifest.csv
GCA_000006765	02_registry_all_accession_candidates.csv;03_genome_path_accession_index.csv;12_STRICT_GenoGrammar_assembly_bridge.csv;24_DOOR2_genome_manifest.csv
GCA_000006765.1	01_registry_accession_column_audit.csv;02_registry_all_accession_candidates.csv;03_genome_path_accession_index.csv;04_registry_genome_identity_resolved.csv;12_STRICT_GenoGrammar_assembly_bridge.csv;24_DOOR2_genome_manifest.csv
GCA_000006785	24_DOOR2_genome_manifest.csv
GCA_000006785.2	24_DOOR2_genome_manifest.csv
GCA_000006805	24_DOOR2_genome_manifest.csv
GCA_000006805.1	24_DOOR2_genome_manifest.csv
GCA_000006825	24_DOOR2_genome_manifest.csv
GCA_000006825.1	24_DOOR2_genome_manifest.csv
GCA_000006845	24_DOOR2_genome_manifest.csv
GCA_000006845.1	24_DOOR2_genome_manifest.csv
GCA_000006865	02_registry_all_accession_candidates.csv;03_genome_path_accession_index.csv;12_STRICT_GenoGrammar_assembly_bridge.csv;24_DOOR2_genome_manifest.csv
GCA_000006865.1	01_registry_accession_column_audit.csv;02_registry_all_accession_candidates.csv;03_genome_path_accession_index.csv;04_registry_genome_identity_resolved.csv;12_STRICT_GenoGrammar_assembly_bridge.csv;24_DOOR2_genome_manifest.csv
GCA_000006885	24_DOOR2_genome_manifest.csv
GCA_000006885.1	24_DOOR2_genome_manifest.csv
GCA_000006905	24_DOOR2_genome_manifest.csv
GCA_000006905.1	24_DOOR2_genome_manifest.csv
GCA_000006925	24_DOOR2_genome_manifest.csv
GCA_000006925.2	24_DOOR2_genome_manifest.csv
GCA_000006945	24_DOOR2_genome_manifest.csv
GCA_000006945.2	24_DOOR2_genome_manifest.csv
GCA_000006965	02_registry_all_accession_candidates.csv;03_genome_path_accession_index.csv;12_STRICT_GenoGrammar_assembly_bridge.csv;24_DOOR2_genome_manifest.csv
GCA_000006965.1	01_registry_accession_column_audit.csv;02_registry_all_accession_candidates.csv;03_genome_path_accession_index.csv;04_registry_genome_identity_resolved.csv;12_STRICT_GenoGrammar_assembly_bridge.csv;24_DOOR2_genome_manifest.csv
GCA_000006985	24_DOOR2_genome_manifest.csv
GCA_000006985.1	24_DOOR2_genome_manifest.csv
GCA_000007005	24_DOOR2_genome_manifest.csv
GCA_000007005.1	24_DOOR2_genome_manifest.csv
GCA_000007025	24_DOOR2_genome_manifest.csv
GCA_000007025.1	24_DOOR2_genome_manifest.csv
GCA_000007045	24_DOOR2_genome_manifest.csv
GCA_000007045.1	24_DOOR2_genome_manifest.csv
GCA_000007065	24_DOOR2_genome_manifest.csv
GCA_000007065.1	24_DOOR2_genome_manifest.csv
GCA_000007085	24_DOOR2_genome_manifest.csv
GCA_000007085.1	24_DOOR2_genome_manifest.csv
GCA_000007105	24_DOOR2_genome_manifest.csv
GCA_000007105.1	24_DOOR2_genome_manifest.csv
GCA_000007125	24_DOOR2_genome_manifest.csv
GCA_000007125.1	24_DOOR2_genome_manifest.csv
GCA_000007145	24_DOOR2_genome_manifest.csv
GCA_000007145.1	24_DOOR2_genome_manifest.csv
GCA_000007165	24_DOOR2_genome_manifest.csv
GCA_000007165.1	24_DOOR2_genome_manifest.csv
GCA_000007185	24_DOOR2_genome_manifest.csv
GCA_000007185.1	24_DOOR2_genome_manifest.csv
GCA_000007205	24_DOOR2_genome_manifest.csv
GCA_000007205.1	24_DOOR2_genome_manifest.csv
GCA_000007225	24_DOOR2_genome_manifest.csv
GCA_000007225.1	24_DOOR2_genome_manifest.csv
GCA_000007245	24_DOOR2_genome_manifest.csv
GCA_000007245.1	24_DOOR2_genome_manifest.csv
GCA_000007265	24_DOOR2_genome_manifest.csv
GCA_000007265.1	24_DOOR2_genome_manifest.csv
GCA_000007285	24_DOOR2_genome_manifest.csv
GCA_000007285.1	24_DOOR2_genome_manifest.csv
GCA_000007305	24_DOOR2_genome_manifest.csv
GCA_000007305.1	24_DOOR2_genome_manifest.csv
GCA_000007325	24_DOOR2_genome_manifest.csv
GCA_000007325.1	24_DOOR2_genome_manifest.csv
GCA_000007345	24_DOOR2_genome_manifest.csv
GCA_000007345.1	24_DOOR2_genome_manifest.csv
GCA_000007365	24_DOOR2_genome_manifest.csv
GCA_000007365.1	24_DOOR2_genome_manifest.csv
GCA_000007385	24_DOOR2_genome_manifest.csv
GCA_000007385.1	24_DOOR2_genome_manifest.csv
GCA_000007405	24_DOOR2_genome_manifest.csv
GCA_000007405.1	24_DOOR2_genome_manifest.csv
GCA_000007425	24_DOOR2_genome_manifest.csv
GCA_000007425.1	24_DOOR2_genome_manifest.csv
GCA_000007445	24_DOOR2_genome_manifest.csv
GCA_000007445.1	24_DOOR2_genome_manifest.csv
GCA_000007465	24_DOOR2_genome_manifest.csv
GCA_000007465.2	24_DOOR2_genome_manifest.csv
GCA_000007485	24_DOOR2_genome_manifest.csv
GCA_000007485.1	24_DOOR2_genome_manifest.csv
GCA_000007525	02_registry_all_accession_candidates.csv;03_genome_path_accession_index.csv;12_STRICT_GenoGrammar_assembly_bridge.csv;24_DOOR2_genome_manifest.csv
GCA_000007525.1	01_registry_accession_column_audit.csv;02_registry_all_accession_candidates.csv;03_genome_path_accession_index.csv;04_registry_genome_identity_resolved.csv;12_STRICT_GenoGrammar_assembly_bridge.csv;24_DOOR2_genome_manifest.csv
GCA_000007545	24_DOOR2_genome_manifest.csv
GCA_000007545.1	24_DOOR2_genome_manifest.csv
GCA_000007565	24_DOOR2_genome_manifest.csv
GCA_000007565.2	24_DOOR2_genome_manifest.csv
GCA_000007585	24_DOOR2_genome_manifest.csv
GCA_000007585.1	24_DOOR2_genome_manifest.csv
GCA_000007605	24_DOOR2_genome_manifest.csv
GCA_000007605.1	24_DOOR2_genome_manifest.csv
GCA_000007625	24_DOOR2_genome_manifest.csv
GCA_000007625.1	24_DOOR2_genome_manifest.csv
GCA_000007645	24_DOOR2_genome_manifest.csv
GCA_000007645.1	24_DOOR2_genome_manifest.csv
GCA_000007665	24_DOOR2_genome_manifest.csv
GCA_000007665.1	24_DOOR2_genome_manifest.csv
GCA_000007685	24_DOOR2_genome_manifest.csv
GCA_000007685.1	24_DOOR2_genome_manifest.csv
GCA_000007705	24_DOOR2_genome_manifest.csv
GCA_000007705.1	24_DOOR2_genome_manifest.csv
GCA_000007725	24_DOOR2_genome_manifest.csv
GCA_000007725.1	24_DOOR2_genome_manifest.csv
GCA_000007745	24_DOOR2_genome_manifest.csv
GCA_000007745.1	24_DOOR2_genome_manifest.csv
GCA_000007765	24_DOOR2_genome_manifest.csv
GCA_000007765.2	24_DOOR2_genome_manifest.csv
GCA_000007785	24_DOOR2_genome_manifest.csv
GCA_000007785.1	24_DOOR2_genome_manifest.csv
GCA_000007805	24_DOOR2_genome_manifest.csv
GCA_000007805.1	24_DOOR2_genome_manifest.csv
GCA_000007825	24_DOOR2_genome_manifest.csv
GCA_000007825.1	24_DOOR2_genome_manifest.csv
GCA_000007845	24_DOOR2_genome_manifest.csv
GCA_000007845.1	24_DOOR2_genome_manifest.csv
GCA_000007865	24_DOOR2_genome_manifest.csv
GCA_000007865.1	24_DOOR2_genome_manifest.csv
GCA_000007885	24_DOOR2_genome_manifest.csv
GCA_000007885.1	24_DOOR2_genome_manifest.csv
GCA_000007905	24_DOOR2_genome_manifest.csv
GCA_000007905.1	24_DOOR2_genome_manifest.csv
GCA_000007925	24_DOOR2_genome_manifest.csv
GCA_000007925.1	24_DOOR2_genome_manifest.csv
GCA_000007945	24_DOOR2_genome_manifest.csv
GCA_000007945.1	24_DOOR2_genome_manifest.csv
GCA_000007985	24_DOOR2_genome_manifest.csv
GCA_000007985.2	24_DOOR2_genome_manifest.csv
GCA_000008005	24_DOOR2_genome_manifest.csv
GCA_000008005.1	24_DOOR2_genome_manifest.csv
GCA_000008025	24_DOOR2_genome_manifest.csv
GCA_000008025.1	24_DOOR2_genome_manifest.csv
GCA_000008045	24_DOOR2_genome_manifest.csv
GCA_000008045.1	24_DOOR2_genome_manifest.csv
GCA_000008065	02_registry_all_accession_candidates.csv;03_genome_path_accession_index.csv;12_STRICT_GenoGrammar_assembly_bridge.csv;24_DOOR2_genome_manifest.csv
GCA_000008065.1	01_registry_accession_column_audit.csv;02_registry_all_accession_candidates.csv;03_genome_path_accession_index.csv;04_registry_genome_identity_resolved.csv;12_STRICT_GenoGrammar_assembly_bridge.csv;24_DOOR2_genome_manifest.csv
GCA_000008085	24_DOOR2_genome_manifest.csv
GCA_000008085.1	24_DOOR2_genome_manifest.csv
GCA_000008105	24_DOOR2_genome_manifest.csv
GCA_000008105.1	24_DOOR2_genome_manifest.csv
GCA_000008125	24_DOOR2_genome_manifest.csv
GCA_000008125.1	24_DOOR2_genome_manifest.csv
GCA_000008145	24_DOOR2_genome_manifest.csv
GCA_000008145.1	24_DOOR2_genome_manifest.csv
GCA_000008165	24_DOOR2_genome_manifest.csv
GCA_000008165.1	24_DOOR2_genome_manifest.csv
GCA_000008185	24_DOOR2_genome_manifest.csv
GCA_000008185.1	24_DOOR2_genome_manifest.csv
GCA_000008205	24_DOOR2_genome_manifest.csv
GCA_000008205.1	24_DOOR2_genome_manifest.csv
GCA_000008225	24_DOOR2_genome_manifest.csv
GCA_000008225.1	24_DOOR2_genome_manifest.csv
GCA_000008245	24_DOOR2_genome_manifest.csv
GCA_000008245.1	24_DOOR2_genome_manifest.csv
GCA_000008265	24_DOOR2_genome_manifest.csv
GCA_000008265.1	24_DOOR2_genome_manifest.csv
GCA_000008285	24_DOOR2_genome_manifest.csv
GCA_000008285.1	24_DOOR2_genome_manifest.csv
GCA_000008305	24_DOOR2_genome_manifest.csv
GCA_000008305.1	24_DOOR2_genome_manifest.csv
GCA_000008325	24_DOOR2_genome_manifest.csv
GCA_000008325.1	24_DOOR2_genome_manifest.csv
GCA_000008345	24_DOOR2_genome_manifest.csv
GCA_000008345.1	24_DOOR2_genome_manifest.csv
GCA_000008365	24_DOOR2_genome_manifest.csv
GCA_000008365.1	24_DOOR2_genome_manifest.csv
GCA_000008385	24_DOOR2_genome_manifest.csv
GCA_000008385.1	24_DOOR2_genome_manifest.csv
GCA_000008405	24_DOOR2_genome_manifest.csv
GCA_000008405.1	24_DOOR2_genome_manifest.csv
GCA_000008425	24_DOOR2_genome_manifest.csv
GCA_000008425.1	24_DOOR2_genome_manifest.csv
GCA_000008445	24_DOOR2_genome_manifest.csv
GCA_000008445.1	24_DOOR2_genome_manifest.csv
GCA_000008465	24_DOOR2_genome_manifest.csv
GCA_000008465.1	24_DOOR2_genome_manifest.csv
GCA_000008485	24_DOOR2_genome_manifest.csv
GCA_000008485.1	24_DOOR2_genome_manifest.csv
GCA_000008505	24_DOOR2_genome_manifest.csv
GCA_000008505.1	24_DOOR2_genome_manifest.csv
GCA_000008525	24_DOOR2_genome_manifest.csv
GCA_000008525.1	24_DOOR2_genome_manifest.csv
GCA_000008545	24_DOOR2_genome_manifest.csv
GCA_000008545.1	24_DOOR2_genome_manifest.csv
GCA_000008565	24_DOOR2_genome_manifest.csv
GCA_000008565.1	24_DOOR2_genome_manifest.csv
GCA_000008585	24_DOOR2_genome_manifest.csv
GCA_000008585.1	24_DOOR2_genome_manifest.csv
GCA_000008605	24_DOOR2_genome_manifest.csv
GCA_000008605.1	24_DOOR2_genome_manifest.csv
GCA_000008625	24_DOOR2_genome_manifest.csv
GCA_000008625.1	24_DOOR2_genome_manifest.csv
GCA_000008645	24_DOOR2_genome_manifest.csv
GCA_000008645.1	24_DOOR2_genome_manifest.csv
GCA_000008665	24_DOOR2_genome_manifest.csv
GCA_000008665.1	24_DOOR2_genome_manifest.csv
GCA_000008725	24_DOOR2_genome_manifest.csv
GCA_000008725.1	24_DOOR2_genome_manifest.csv
GCA_000008745	24_DOOR2_genome_manifest.csv
GCA_000008745.1	24_DOOR2_genome_manifest.csv
GCA_000008765	24_DOOR2_genome_manifest.csv
GCA_000008765.1	24_DOOR2_genome_manifest.csv
GCA_000008785	24_DOOR2_genome_manifest.csv
GCA_000008785.1	24_DOOR2_genome_manifest.csv
GCA_000008805	24_DOOR2_genome_manifest.csv
GCA_000008805.1	24_DOOR2_genome_manifest.csv
GCA_000008865	24_DOOR2_genome_manifest.csv
GCA_000008865.2	24_DOOR2_genome_manifest.csv
GCA_000008885	24_DOOR2_genome_manifest.csv
GCA_000008885.1	24_DOOR2_genome_manifest.csv
GCA_000008925	02_registry_all_accession_candidates.csv;03_genome_path_accession_index.csv;12_STRICT_GenoGrammar_assembly_bridge.csv;24_DOOR2_genome_manifest.csv
GCA_000008925.1	01_registry_accession_column_audit.csv;02_registry_all_accession_candidates.csv;03_genome_path_accession_index.csv;04_registry_genome_identity_resolved.csv;12_STRICT_GenoGrammar_assembly_bridge.csv;24_DOOR2_genome_manifest.csv
GCA_000008945	02_registry_all_accession_candidates.csv;03_genome_path_accession_index.csv;12_STRICT_GenoGrammar_assembly_bridge.csv;24_DOOR2_genome_manifest.csv
GCA_000008945.1	02_registry_all_accession_candidates.csv;03_genome_path_accession_index.csv;04_registry_genome_identity_resolved.csv;12_STRICT_GenoGrammar_assembly_bridge.csv;24_DOOR2_genome_manifest.csv
GCA_000008985	24_DOOR2_genome_manifest.csv
GCA_000008985.1	24_DOOR2_genome_manifest.csv
GCA_000009005	24_DOOR2_genome_manifest.csv
GCA_000009005.1	24_DOOR2_genome_manifest.csv
GCA_000009025	24_DOOR2_genome_manifest.csv
GCA_000009025.1	24_DOOR2_genome_manifest.csv
GCA_000009045	02_registry_all_accession_candidates.csv;03_genome_path_accession_index.csv;12_STRICT_GenoGrammar_assembly_bridge.csv;24_DOOR2_genome_manifest.csv
GCA_000009045.1	02_registry_all_accession_candidates.csv;03_genome_path_accession_index.csv;04_registry_genome_identity_resolved.csv;12_STRICT_GenoGrammar_assembly_bridge.csv;24_DOOR2_genome_manifest.csv
GCA_000009065	24_DOOR2_genome_manifest.csv
GCA_000009065.1	24_DOOR2_genome_manifest.csv
GCA_000009085	24_DOOR2_genome_manifest.csv
GCA_000009085.1	24_DOOR2_genome_manifest.csv
GCA_000009105	24_DOOR2_genome_manifest.csv
GCA_000009105.1	24_DOOR2_genome_manifest.csv
GCA_000009125	24_DOOR2_genome_manifest.csv
GCA_000009125.1	24_DOOR2_genome_manifest.csv
GCA_000009145	24_DOOR2_genome_manifest.csv
GCA_000009145.1	24_DOOR2_genome_manifest.csv
GCA_000009165	24_DOOR2_genome_manifest.csv
GCA_000009165.1	24_DOOR2_genome_manifest.csv
GCA_000009185	24_DOOR2_genome_manifest.csv
GCA_000009185.1	24_DOOR2_genome_manifest.csv
GCA_000009225	24_DOOR2_genome_manifest.csv
GCA_000009225.1	24_DOOR2_genome_manifest.csv
GCA_000009245	24_DOOR2_genome_manifest.csv
GCA_000009245.1	24_DOOR2_genome_manifest.csv
GCA_000009265	24_DOOR2_genome_manifest.csv
GCA_000009265.1	24_DOOR2_genome_manifest.csv
GCA_000009285	24_DOOR2_genome_manifest.csv
GCA_000009285.2	24_DOOR2_genome_manifest.csv
GCA_000009305	24_DOOR2_genome_manifest.csv
GCA_000009305.1	24_DOOR2_genome_manifest.csv
GCA_000009325	24_DOOR2_genome_manifest.csv
GCA_000009325.1	24_DOOR2_genome_manifest.csv
GCA_000009345	24_DOOR2_genome_manifest.csv
GCA_000009345.1	24_DOOR2_genome_manifest.csv
GCA_000009365	24_DOOR2_genome_manifest.csv
GCA_000009365.1	24_DOOR2_genome_manifest.csv
GCA_000009385	24_DOOR2_genome_manifest.csv
GCA_000009385.1	24_DOOR2_genome_manifest.csv
GCA_000009405	24_DOOR2_genome_manifest.csv
GCA_000009405.1	24_DOOR2_genome_manifest.csv
GCA_000009425	02_registry_all_accession_candidates.csv;03_genome_path_accession_index.csv;12_STRICT_GenoGrammar_assembly_bridge.csv;24_DOOR2_genome_manifest.csv
GCA_000009425.1	02_registry_all_accession_candidates.csv;03_genome_path_accession_index.csv;04_registry_genome_identity_resolved.csv;12_STRICT_GenoGrammar_assembly_bridge.csv;24_DOOR2_genome_manifest.csv
GCA_000009445	24_DOOR2_genome_manifest.csv
GCA_000009445.1	24_DOOR2_genome_manifest.csv
GCA_000009465	24_DOOR2_genome_manifest.csv
GCA_000009465.1	24_DOOR2_genome_manifest.csv
GCA_000009485	24_DOOR2_genome_manifest.csv
GCA_000009485.1	24_DOOR2_genome_manifest.csv
GCA_000009505	24_DOOR2_genome_manifest.csv
GCA_000009505.1	24_DOOR2_genome_manifest.csv
GCA_000009525	24_DOOR2_genome_manifest.csv
GCA_000009525.1	24_DOOR2_genome_manifest.csv
GCA_000009545	24_DOOR2_genome_manifest.csv
GCA_000009545.1	24_DOOR2_genome_manifest.csv
GCA_000009585	24_DOOR2_genome_manifest.csv
GCA_000009585.1	24_DOOR2_genome_manifest.csv
GCA_000009605	24_DOOR2_genome_manifest.csv
GCA_000009605.1	24_DOOR2_genome_manifest.csv
GCA_000009625	24_DOOR2_genome_manifest.csv
GCA_000009625.1	24_DOOR2_genome_manifest.csv
GCA_000009645	24_DOOR2_genome_manifest.csv
GCA_000009645.1	24_DOOR2_genome_manifest.csv
GCA_000009665	24_DOOR2_genome_manifest.csv
GCA_000009665.1	24_DOOR2_genome_manifest.csv
GCA_000009685	24_DOOR2_genome_manifest.csv
GCA_000009685.1	24_DOOR2_genome_manifest.csv
GCA_000009705	24_DOOR2_genome_manifest.csv
GCA_000009705.1	24_DOOR2_genome_manifest.csv
GCA_000009725	24_DOOR2_genome_manifest.csv
GCA_000009725.1	24_DOOR2_genome_manifest.csv
GCA_000009745	24_DOOR2_genome_manifest.csv
GCA_000009745.1	24_DOOR2_genome_manifest.csv
GCA_000009765	24_DOOR2_genome_manifest.csv
GCA_000009765.2	24_DOOR2_genome_manifest.csv
GCA_000009785	24_DOOR2_genome_manifest.csv
GCA_000009785.1	24_DOOR2_genome_manifest.csv
GCA_000009805	24_DOOR2_genome_manifest.csv
GCA_000009805.1	24_DOOR2_genome_manifest.csv
GCA_000009825	02_registry_all_accession_candidates.csv;03_genome_path_accession_index.csv;12_STRICT_GenoGrammar_assembly_bridge.csv;24_DOOR2_genome_manifest.csv
GCA_000009825.1	02_registry_all_accession_candidates.csv;03_genome_path_accession_index.csv;04_registry_genome_identity_resolved.csv;12_STRICT_GenoGrammar_assembly_bridge.csv;24_DOOR2_genome_manifest.csv
GCA_000009845	24_DOOR2_genome_manifest.csv
GCA_000009845.1	24_DOOR2_genome_manifest.csv
GCA_000009865	24_DOOR2_genome_manifest.csv
GCA_000009865.1	24_DOOR2_genome_manifest.csv
GCA_000009885	24_DOOR2_genome_manifest.csv
GCA_000009885.1	24_DOOR2_genome_manifest.csv
GCA_000009905	24_DOOR2_genome_manifest.csv
GCA_000009905.1	24_DOOR2_genome_manifest.csv
GCA_000009925	24_DOOR2_genome_manifest.csv
GCA_000009925.1	24_DOOR2_genome_manifest.csv
GCA_000009945	24_DOOR2_genome_manifest.csv
GCA_000009945.1	24_DOOR2_genome_manifest.csv
GCA_000009965	24_DOOR2_genome_manifest.csv
GCA_000009965.1	24_DOOR2_genome_manifest.csv
GCA_000009985	24_DOOR2_genome_manifest.csv
GCA_000009985.1	24_DOOR2_genome_manifest.csv
GCA_000010005	02_registry_all_accession_candidates.csv;03_genome_path_accession_index.csv;12_STRICT_GenoGrammar_assembly_bridge.csv;24_DOOR2_genome_manifest.csv
GCA_000010005.1	02_registry_all_accession_candidates.csv;03_genome_path_accession_index.csv;04_registry_genome_identity_resolved.csv;12_STRICT_GenoGrammar_assembly_bridge.csv;24_DOOR2_genome_manifest.csv
GCA_000010025	24_DOOR2_genome_manifest.csv
GCA_000010025.1	24_DOOR2_genome_manifest.csv
GCA_000010045	24_DOOR2_genome_manifest.csv
GCA_000010045.1	24_DOOR2_genome_manifest.csv
GCA_000010065	24_DOOR2_genome_manifest.csv
GCA_000010065.1	24_DOOR2_genome_manifest.csv
GCA_000010085	24_DOOR2_genome_manifest.csv
GCA_000010085.1	24_DOOR2_genome_manifest.csv
GCA_000010105	24_DOOR2_genome_manifest.csv
GCA_000010105.1	24_DOOR2_genome_manifest.csv
GCA_000010125	24_DOOR2_genome_manifest.csv
GCA_000010125.1	24_DOOR2_genome_manifest.csv
GCA_000010145	02_registry_all_accession_candidates.csv;03_genome_path_accession_index.csv;12_STRICT_GenoGrammar_assembly_bridge.csv;24_DOOR2_genome_manifest.csv
GCA_000010145.1	02_registry_all_accession_candidates.csv;03_genome_path_accession_index.csv;04_registry_genome_identity_resolved.csv;12_STRICT_GenoGrammar_assembly_bridge.csv;24_DOOR2_genome_manifest.csv
GCA_000010165	24_DOOR2_genome_manifest.csv
GCA_000010165.1	24_DOOR2_genome_manifest.csv
GCA_000010185	24_DOOR2_genome_manifest.csv
GCA_000010185.1	24_DOOR2_genome_manifest.csv
GCA_000010205	24_DOOR2_genome_manifest.csv
GCA_000010205.1	24_DOOR2_genome_manifest.csv
GCA_000010225	24_DOOR2_genome_manifest.csv
GCA_000010225.1	24_DOOR2_genome_manifest.csv
GCA_000010245	24_DOOR2_genome_manifest.csv
GCA_000010245.1	24_DOOR2_genome_manifest.csv
GCA_000010265	24_DOOR2_genome_manifest.csv
GCA_000010265.1	24_DOOR2_genome_manifest.csv
GCA_000010285	24_DOOR2_genome_manifest.csv
GCA_000010285.1	24_DOOR2_genome_manifest.csv
GCA_000010305	24_DOOR2_genome_manifest.csv
GCA_000010305.1	24_DOOR2_genome_manifest.csv
GCA_000010325	24_DOOR2_genome_manifest.csv
GCA_000010325.1	24_DOOR2_genome_manifest.csv
GCA_000010345	24_DOOR2_genome_manifest.csv
GCA_000010345.1	24_DOOR2_genome_manifest.csv
GCA_000010365	24_DOOR2_genome_manifest.csv
GCA_000010365.1	24_DOOR2_genome_manifest.csv
GCA_000010385	24_DOOR2_genome_manifest.csv
GCA_000010385.1	24_DOOR2_genome_manifest.csv
GCA_000010405	24_DOOR2_genome_manifest.csv
GCA_000010405.1	24_DOOR2_genome_manifest.csv
GCA_000010425	02_registry_all_accession_candidates.csv;03_genome_path_accession_index.csv;12_STRICT_GenoGrammar_assembly_bridge.csv;24_DOOR2_genome_manifest.csv
GCA_000010425.1	02_registry_all_accession_candidates.csv;03_genome_path_accession_index.csv;04_registry_genome_identity_resolved.csv;12_STRICT_GenoGrammar_assembly_bridge.csv;24_DOOR2_genome_manifest.csv
GCA_000010445	24_DOOR2_genome_manifest.csv
GCA_000010445.1	24_DOOR2_genome_manifest.csv
GCA_000010465	24_DOOR2_genome_manifest.csv
GCA_000010465.1	24_DOOR2_genome_manifest.csv
GCA_000010485	24_DOOR2_genome_manifest.csv
GCA_000010485.1	24_DOOR2_genome_manifest.csv
GCA_000010505	24_DOOR2_genome_manifest.csv
GCA_000010505.1	24_DOOR2_genome_manifest.csv
GCA_000010525	02_registry_all_accession_candidates.csv;03_genome_path_accession_index.csv;12_STRICT_GenoGrammar_assembly_bridge.csv;24_DOOR2_genome_manifest.csv
GCA_000010525.1	02_registry_all_accession_candidates.csv;03_genome_path_accession_index.csv;04_registry_genome_identity_resolved.csv;12_STRICT_GenoGrammar_assembly_bridge.csv;24_DOOR2_genome_manifest.csv
GCA_000010545	24_DOOR2_genome_manifest.csv
GCA_000010545.1	24_DOOR2_genome_manifest.csv
GCA_000010565	24_DOOR2_genome_manifest.csv
GCA_000010565.1	24_DOOR2_genome_manifest.csv
GCA_000010585	24_DOOR2_genome_manifest.csv
GCA_000010585.1	24_DOOR2_genome_manifest.csv
GCA_000010605	24_DOOR2_genome_manifest.csv
GCA_000010605.1	24_DOOR2_genome_manifest.csv
GCA_000010625	24_DOOR2_genome_manifest.csv
GCA_000010625.1	24_DOOR2_genome_manifest.csv
GCA_000010645	24_DOOR2_genome_manifest.csv
GCA_000010645.1	24_DOOR2_genome_manifest.csv
GCA_000010665	24_DOOR2_genome_manifest.csv
GCA_000010665.1	24_DOOR2_genome_manifest.csv
GCA_000010685	24_DOOR2_genome_manifest.csv
GCA_000010685.1	24_DOOR2_genome_manifest.csv
GCA_000010705	24_DOOR2_genome_manifest.csv
GCA_000010705.1	24_DOOR2_genome_manifest.csv
GCA_000010725	02_registry_all_accession_candidates.csv;03_genome_path_accession_index.csv;12_STRICT_GenoGrammar_assembly_bridge.csv;24_DOOR2_genome_manifest.csv
GCA_000010725.1	02_registry_all_accession_candidates.csv;03_genome_path_accession_index.csv;04_registry_genome_identity_resolved.csv;12_STRICT_GenoGrammar_assembly_bridge.csv;24_DOOR2_genome_manifest.csv
GCA_000010745	24_DOOR2_genome_manifest.csv
GCA_000010745.1	24_DOOR2_genome_manifest.csv
GCA_000010765	24_DOOR2_genome_manifest.csv
GCA_000010765.1	24_DOOR2_genome_manifest.csv
GCA_000010805	24_DOOR2_genome_manifest.csv
GCA_000010805.1	24_DOOR2_genome_manifest.csv
GCA_000010825	24_DOOR2_genome_manifest.csv
GCA_000010825.1	24_DOOR2_genome_manifest.csv
GCA_000010845	24_DOOR2_genome_manifest.csv
GCA_000010845.1	24_DOOR2_genome_manifest.csv
GCA_000010865	24_DOOR2_genome_manifest.csv
GCA_000010865.1	24_DOOR2_genome_manifest.csv
GCA_000010885	24_DOOR2_genome_manifest.csv
GCA_000010885.1	24_DOOR2_genome_manifest.csv
GCA_000010905	24_DOOR2_genome_manifest.csv
GCA_000010905.1	24_DOOR2_genome_manifest.csv
GCA_000010925	24_DOOR2_genome_manifest.csv
GCA_000010925.1	24_DOOR2_genome_manifest.csv
GCA_000010945	24_DOOR2_genome_manifest.csv
GCA_000010945.1	24_DOOR2_genome_manifest.csv
GCA_000010965	24_DOOR2_genome_manifest.csv
GCA_000010965.1	24_DOOR2_genome_manifest.csv
GCA_000010985	24_DOOR2_genome_manifest.csv
GCA_000010985.1	24_DOOR2_genome_manifest.csv
GCA_000011005	24_DOOR2_genome_manifest.csv
GCA_000011005.1	24_DOOR2_genome_manifest.csv
GCA_000011025	24_DOOR2_genome_manifest.csv
GCA_000011025.1	24_DOOR2_genome_manifest.csv
GCA_000011045	02_registry_all_accession_candidates.csv;03_genome_path_accession_index.csv;12_STRICT_GenoGrammar_assembly_bridge.csv
GCA_000011045.1	02_registry_all_accession_candidates.csv;03_genome_path_accession_index.csv;04_registry_genome_identity_resolved.csv;12_STRICT_GenoGrammar_assembly_bridge.csv
GCA_000011065	24_DOOR2_genome_manifest.csv
GCA_000011065.1	24_DOOR2_genome_manifest.csv
GCA_000011085	24_DOOR2_genome_manifest.csv
GCA_000011085.1	24_DOOR2_genome_manifest.csv
GCA_000011105	24_DOOR2_genome_manifest.csv
GCA_000011105.1	24_DOOR2_genome_manifest.csv
GCA_000011125	24_DOOR2_genome_manifest.csv
GCA_000011125.1	24_DOOR2_genome_manifest.csv
GCA_000011145	24_DOOR2_genome_manifest.csv
GCA_000011145.1	24_DOOR2_genome_manifest.csv
GCA_000011165	24_DOOR2_genome_manifest.csv
GCA_000011165.1	24_DOOR2_genome_manifest.csv
GCA_000011185	24_DOOR2_genome_manifest.csv
GCA_000011185.1	24_DOOR2_genome_manifest.csv
GCA_000011205	24_DOOR2_genome_manifest.csv
GCA_000011205.1	24_DOOR2_genome_manifest.csv
GCA_000011225	24_DOOR2_genome_manifest.csv
GCA_000011225.1	24_DOOR2_genome_manifest.csv
GCA_000011245	24_DOOR2_genome_manifest.csv
GCA_000011245.1	24_DOOR2_genome_manifest.csv
GCA_000011265	24_DOOR2_genome_manifest.csv
GCA_000011265.1	24_DOOR2_genome_manifest.csv
GCA_000011285	24_DOOR2_genome_manifest.csv
GCA_000011285.1	24_DOOR2_genome_manifest.csv
GCA_000011305	24_DOOR2_genome_manifest.csv
GCA_000011305.1	24_DOOR2_genome_manifest.csv
GCA_000011325	24_DOOR2_genome_manifest.csv
GCA_000011325.1	24_DOOR2_genome_manifest.csv
GCA_000011345	24_DOOR2_genome_manifest.csv
GCA_000011345.1	24_DOOR2_genome_manifest.csv
GCA_000011365	02_registry_all_accession_candidates.csv;03_genome_path_accession_index.csv;12_STRICT_GenoGrammar_assembly_bridge.csv;24_DOOR2_genome_manifest.csv
GCA_000011365.1	02_registry_all_accession_candidates.csv;03_genome_path_accession_index.csv;04_registry_genome_identity_resolved.csv;12_STRICT_GenoGrammar_assembly_bridge.csv;24_DOOR2_genome_manifest.csv
GCA_000011385	24_DOOR2_genome_manifest.csv
GCA_000011385.1	24_DOOR2_genome_manifest.csv
GCA_000011445	24_DOOR2_genome_manifest.csv
GCA_000011445.1	24_DOOR2_genome_manifest.csv
GCA_000011465	24_DOOR2_genome_manifest.csv
GCA_000011465.1	24_DOOR2_genome_manifest.csv
GCA_000011485	24_DOOR2_genome_manifest.csv
GCA_000011485.1	24_DOOR2_genome_manifest.csv
GCA_000011505	24_DOOR2_genome_manifest.csv
GCA_000011505.1	24_DOOR2_genome_manifest.csv
GCA_000011525	24_DOOR2_genome_manifest.csv
GCA_000011525.1	24_DOOR2_genome_manifest.csv
GCA_000011545	24_DOOR2_genome_manifest.csv
GCA_000011545.1	24_DOOR2_genome_manifest.csv
GCA_000011565	24_DOOR2_genome_manifest.csv
GCA_000011565.1	24_DOOR2_genome_manifest.csv
GCA_000011585	24_DOOR2_genome_manifest.csv
GCA_000011585.1	24_DOOR2_genome_manifest.csv
GCA_000011605	24_DOOR2_genome_manifest.csv
GCA_000011605.1	24_DOOR2_genome_manifest.csv
GCA_000011625	24_DOOR2_genome_manifest.csv
GCA_000011625.1	24_DOOR2_genome_manifest.csv
GCA_000011645	24_DOOR2_genome_manifest.csv
GCA_000011645.1	24_DOOR2_genome_manifest.csv
GCA_000011665	24_DOOR2_genome_manifest.csv
GCA_000011665.1	24_DOOR2_genome_manifest.csv
GCA_000011685	24_DOOR2_genome_manifest.csv
GCA_000011685.1	24_DOOR2_genome_manifest.csv
GCA_000011705	24_DOOR2_genome_manifest.csv
GCA_000011705.1	24_DOOR2_genome_manifest.csv
GCA_000011725	24_DOOR2_genome_manifest.csv
GCA_000011725.1	24_DOOR2_genome_manifest.csv
GCA_000011745	24_DOOR2_genome_manifest.csv
GCA_000011745.1	24_DOOR2_genome_manifest.csv
GCA_000011765	24_DOOR2_genome_manifest.csv
GCA_000011765.2	24_DOOR2_genome_manifest.csv
GCA_000011785	24_DOOR2_genome_manifest.csv
GCA_000011785.1	24_DOOR2_genome_manifest.csv
GCA_000011805	24_DOOR2_genome_manifest.csv
GCA_000011805.1	24_DOOR2_genome_manifest.csv
GCA_000011825	02_registry_all_accession_candidates.csv;03_genome_path_accession_index.csv;12_STRICT_GenoGrammar_assembly_bridge.csv;24_DOOR2_genome_manifest.csv
GCA_000011825.1	02_registry_all_accession_candidates.csv;03_genome_path_accession_index.csv;04_registry_genome_identity_resolved.csv;12_STRICT_GenoGrammar_assembly_bridge.csv;24_DOOR2_genome_manifest.csv
GCA_000011845	02_registry_all_accession_candidates.csv;03_genome_path_accession_index.csv;12_STRICT_GenoGrammar_assembly_bridge.csv;24_DOOR2_genome_manifest.csv
GCA_000011845.1	02_registry_all_accession_candidates.csv;03_genome_path_accession_index.csv;04_registry_genome_identity_resolved.csv;12_STRICT_GenoGrammar_assembly_bridge.csv;24_DOOR2_genome_manifest.csv
GCA_000011865	24_DOOR2_genome_manifest.csv
GCA_000011865.1	24_DOOR2_genome_manifest.csv
GCA_000011885	24_DOOR2_genome_manifest.csv
GCA_000011885.1	24_DOOR2_genome_manifest.csv
GCA_000011905	24_DOOR2_genome_manifest.csv
GCA_000011905.1	24_DOOR2_genome_manifest.csv
GCA_000011925	24_DOOR2_genome_manifest.csv
GCA_000011925.1	24_DOOR2_genome_manifest.csv
GCA_000011945	24_DOOR2_genome_manifest.csv
GCA_000011945.1	24_DOOR2_genome_manifest.csv
GCA_000011965	24_DOOR2_genome_manifest.csv
GCA_000011965.2	24_DOOR2_genome_manifest.csv
GCA_000011985	24_DOOR2_genome_manifest.csv
GCA_000011985.1	24_DOOR2_genome_manifest.csv
GCA_000012005	24_DOOR2_genome_manifest.csv
GCA_000012005.1	24_DOOR2_genome_manifest.csv
GCA_000012025	24_DOOR2_genome_manifest.csv
GCA_000012025.1	24_DOOR2_genome_manifest.csv
GCA_000012045	24_DOOR2_genome_manifest.csv
GCA_000012045.1	24_DOOR2_genome_manifest.csv
GCA_000012105	24_DOOR2_genome_manifest.csv
GCA_000012105.1	24_DOOR2_genome_manifest.csv
GCA_000012125	24_DOOR2_genome_manifest.csv
GCA_000012125.1	24_DOOR2_genome_manifest.csv
GCA_000012145	24_DOOR2_genome_manifest.csv
GCA_000012145.1	24_DOOR2_genome_manifest.csv
GCA_000012165	24_DOOR2_genome_manifest.csv
GCA_000012165.2	24_DOOR2_genome_manifest.csv
GCA_000012185	24_DOOR2_genome_manifest.csv
GCA_000012185.1	24_DOOR2_genome_manifest.csv
GCA_000012205	24_DOOR2_genome_manifest.csv
GCA_000012205.1	24_DOOR2_genome_manifest.csv
GCA_000012225	24_DOOR2_genome_manifest.csv
GCA_000012225.1	24_DOOR2_genome_manifest.csv
GCA_000012245	24_DOOR2_genome_manifest.csv
GCA_000012245.1	24_DOOR2_genome_manifest.csv
GCA_000012265	24_DOOR2_genome_manifest.csv
GCA_000012265.1	24_DOOR2_genome_manifest.csv
GCA_000012285	24_DOOR2_genome_manifest.csv
GCA_000012285.1	24_DOOR2_genome_manifest.csv
GCA_000012305	24_DOOR2_genome_manifest.csv
GCA_000012305.1	24_DOOR2_genome_manifest.csv
GCA_000012325	24_DOOR2_genome_manifest.csv
GCA_000012325.1	24_DOOR2_genome_manifest.csv
GCA_000012345	24_DOOR2_genome_manifest.csv
GCA_000012345.1	24_DOOR2_genome_manifest.csv
GCA_000012365	24_DOOR2_genome_manifest.csv
GCA_000012365.1	24_DOOR2_genome_manifest.csv
GCA_000012385	24_DOOR2_genome_manifest.csv
GCA_000012385.1	24_DOOR2_genome_manifest.csv
GCA_000012405	24_DOOR2_genome_manifest.csv
GCA_000012405.1	24_DOOR2_genome_manifest.csv
GCA_000012425	24_DOOR2_genome_manifest.csv
GCA_000012425.1	24_DOOR2_genome_manifest.csv
GCA_000012445	24_DOOR2_genome_manifest.csv
GCA_000012445.1	24_DOOR2_genome_manifest.csv
GCA_000012465	24_DOOR2_genome_manifest.csv
GCA_000012465.1	24_DOOR2_genome_manifest.csv
GCA_000012485	24_DOOR2_genome_manifest.csv
GCA_000012485.1	24_DOOR2_genome_manifest.csv
GCA_000012505	24_DOOR2_genome_manifest.csv
GCA_000012505.1	24_DOOR2_genome_manifest.csv
GCA_000012525	24_DOOR2_genome_manifest.csv
GCA_000012525.1	24_DOOR2_genome_manifest.csv
GCA_000012545	24_DOOR2_genome_manifest.csv
GCA_000012545.1	24_DOOR2_genome_manifest.csv
GCA_000012565	24_DOOR2_genome_manifest.csv
GCA_000012565.1	24_DOOR2_genome_manifest.csv
GCA_000012585	24_DOOR2_genome_manifest.csv
GCA_000012585.1	24_DOOR2_genome_manifest.csv
GCA_000012605	24_DOOR2_genome_manifest.csv
GCA_000012605.1	24_DOOR2_genome_manifest.csv
GCA_000012625	24_DOOR2_genome_manifest.csv
GCA_000012625.1	24_DOOR2_genome_manifest.csv
GCA_000012645	24_DOOR2_genome_manifest.csv
GCA_000012645.1	24_DOOR2_genome_manifest.csv
GCA_000012665	24_DOOR2_genome_manifest.csv
GCA_000012665.1	24_DOOR2_genome_manifest.csv
GCA_000012685	24_DOOR2_genome_manifest.csv
GCA_000012685.1	24_DOOR2_genome_manifest.csv
GCA_000012705	24_DOOR2_genome_manifest.csv
GCA_000012705.1	24_DOOR2_genome_manifest.csv
GCA_000012725	24_DOOR2_genome_manifest.csv
GCA_000012725.1	24_DOOR2_genome_manifest.csv
GCA_000012745	24_DOOR2_genome_manifest.csv
GCA_000012745.1	24_DOOR2_genome_manifest.csv
GCA_000012765	24_DOOR2_genome_manifest.csv
GCA_000012765.1	24_DOOR2_genome_manifest.csv
GCA_000012785	24_DOOR2_genome_manifest.csv
GCA_000012785.1	24_DOOR2_genome_manifest.csv
GCA_000012805	24_DOOR2_genome_manifest.csv
GCA_000012805.1	24_DOOR2_genome_manifest.csv
GCA_000012825	24_DOOR2_genome_manifest.csv
GCA_000012825.1	24_DOOR2_genome_manifest.csv
GCA_000012845	24_DOOR2_genome_manifest.csv
GCA_000012845.1	24_DOOR2_genome_manifest.csv
GCA_000012865	24_DOOR2_genome_manifest.csv
GCA_000012865.1	24_DOOR2_genome_manifest.csv
GCA_000012885	24_DOOR2_genome_manifest.csv
GCA_000012885.1	24_DOOR2_genome_manifest.csv
GCA_000012905	02_registry_all_accession_candidates.csv;03_genome_path_accession_index.csv;12_STRICT_GenoGrammar_assembly_bridge.csv;24_DOOR2_genome_manifest.csv
GCA_000012905.2	02_registry_all_accession_candidates.csv;03_genome_path_accession_index.csv;04_registry_genome_identity_resolved.csv;12_STRICT_GenoGrammar_assembly_bridge.csv;24_DOOR2_genome_manifest.csv
GCA_000012925	24_DOOR2_genome_manifest.csv
GCA_000012925.1	24_DOOR2_genome_manifest.csv
GCA_000012945	24_DOOR2_genome_manifest.csv
GCA_000012945.1	24_DOOR2_genome_manifest.csv
GCA_000012965	24_DOOR2_genome_manifest.csv
GCA_000012965.1	24_DOOR2_genome_manifest.csv
GCA_000012985	24_DOOR2_genome_manifest.csv
GCA_000012985.1	24_DOOR2_genome_manifest.csv
GCA_000013005	24_DOOR2_genome_manifest.csv
GCA_000013005.1	24_DOOR2_genome_manifest.csv
GCA_000013025	24_DOOR2_genome_manifest.csv
GCA_000013025.1	24_DOOR2_genome_manifest.csv
GCA_000013045	24_DOOR2_genome_manifest.csv
GCA_000013045.1	24_DOOR2_genome_manifest.csv
GCA_000013065	24_DOOR2_genome_manifest.csv
GCA_000013065.1	24_DOOR2_genome_manifest.csv
GCA_000013085	24_DOOR2_genome_manifest.csv
GCA_000013085.1	24_DOOR2_genome_manifest.csv
GCA_000013105	24_DOOR2_genome_manifest.csv
GCA_000013105.1	24_DOOR2_genome_manifest.csv
GCA_000013125	24_DOOR2_genome_manifest.csv
GCA_000013125.1	24_DOOR2_genome_manifest.csv
GCA_000013145	24_DOOR2_genome_manifest.csv
GCA_000013145.1	24_DOOR2_genome_manifest.csv
GCA_000013165	24_DOOR2_genome_manifest.csv
GCA_000013165.1	24_DOOR2_genome_manifest.csv
GCA_000013185	24_DOOR2_genome_manifest.csv
GCA_000013185.1	24_DOOR2_genome_manifest.csv
GCA_000013205	24_DOOR2_genome_manifest.csv
GCA_000013205.1	24_DOOR2_genome_manifest.csv
GCA_000013225	24_DOOR2_genome_manifest.csv
GCA_000013225.1	24_DOOR2_genome_manifest.csv
GCA_000013245	24_DOOR2_genome_manifest.csv
GCA_000013245.1	24_DOOR2_genome_manifest.csv
GCA_000013265	24_DOOR2_genome_manifest.csv
GCA_000013265.1	24_DOOR2_genome_manifest.csv
GCA_000013285	24_DOOR2_genome_manifest.csv
GCA_000013285.1	24_DOOR2_genome_manifest.csv
GCA_000013305	24_DOOR2_genome_manifest.csv
GCA_000013305.1	24_DOOR2_genome_manifest.csv
GCA_000013325	24_DOOR2_genome_manifest.csv
GCA_000013325.1	24_DOOR2_genome_manifest.csv
GCA_000013345	02_registry_all_accession_candidates.csv;03_genome_path_accession_index.csv;12_STRICT_GenoGrammar_assembly_bridge.csv;24_DOOR2_genome_manifest.csv
GCA_000013345.1	02_registry_all_accession_candidates.csv;03_genome_path_accession_index.csv;04_registry_genome_identity_resolved.csv;12_STRICT_GenoGrammar_assembly_bridge.csv;24_DOOR2_genome_manifest.csv
GCA_000013365	24_DOOR2_genome_manifest.csv
GCA_000013365.1	24_DOOR2_genome_manifest.csv
GCA_000013385	24_DOOR2_genome_manifest.csv
GCA_000013385.1	24_DOOR2_genome_manifest.csv
GCA_000013405	24_DOOR2_genome_manifest.csv
GCA_000013405.1	24_DOOR2_genome_manifest.csv
GCA_000013425	24_DOOR2_genome_manifest.csv
GCA_000013425.1	24_DOOR2_genome_manifest.csv
GCA_000013445	24_DOOR2_genome_manifest.csv
GCA_000013445.1	24_DOOR2_genome_manifest.csv
GCA_000013465	24_DOOR2_genome_manifest.csv
GCA_000013465.1	24_DOOR2_genome_manifest.csv
GCA_000013485	24_DOOR2_genome_manifest.csv
GCA_000013485.1	24_DOOR2_genome_manifest.csv
GCA_000013505	24_DOOR2_genome_manifest.csv
GCA_000013505.1	24_DOOR2_genome_manifest.csv
GCA_000013525	24_DOOR2_genome_manifest.csv
GCA_000013525.1	24_DOOR2_genome_manifest.csv
GCA_000013545	24_DOOR2_genome_manifest.csv
GCA_000013545.1	24_DOOR2_genome_manifest.csv
GCA_000013565	24_DOOR2_genome_manifest.csv
GCA_000013565.1	24_DOOR2_genome_manifest.csv
GCA_000013585	24_DOOR2_genome_manifest.csv
GCA_000013585.1	24_DOOR2_genome_manifest.csv
GCA_000013605	24_DOOR2_genome_manifest.csv
GCA_000013605.1	24_DOOR2_genome_manifest.csv
GCA_000013625	24_DOOR2_genome_manifest.csv
GCA_000013625.1	24_DOOR2_genome_manifest.csv
GCA_000013645	24_DOOR2_genome_manifest.csv
GCA_000013645.1	24_DOOR2_genome_manifest.csv
GCA_000013665	24_DOOR2_genome_manifest.csv
GCA_000013665.1	24_DOOR2_genome_manifest.csv
GCA_000013685	24_DOOR2_genome_manifest.csv
GCA_000013685.1	24_DOOR2_genome_manifest.csv
GCA_000013705	24_DOOR2_genome_manifest.csv
GCA_000013705.1	24_DOOR2_genome_manifest.csv
GCA_000013725	24_DOOR2_genome_manifest.csv
GCA_000013725.1	24_DOOR2_genome_manifest.csv
GCA_000013745	24_DOOR2_genome_manifest.csv
GCA_000013745.1	24_DOOR2_genome_manifest.csv
GCA_000013765	24_DOOR2_genome_manifest.csv
GCA_000013765.1	24_DOOR2_genome_manifest.csv
GCA_000013785	24_DOOR2_genome_manifest.csv
GCA_000013785.1	24_DOOR2_genome_manifest.csv
GCA_000013805	24_DOOR2_genome_manifest.csv
GCA_000013805.1	24_DOOR2_genome_manifest.csv
GCA_000013825	24_DOOR2_genome_manifest.csv
GCA_000013825.1	24_DOOR2_genome_manifest.csv
GCA_000013865	24_DOOR2_genome_manifest.csv
GCA_000013865.1	24_DOOR2_genome_manifest.csv
GCA_000013885	24_DOOR2_genome_manifest.csv
GCA_000013885.1	24_DOOR2_genome_manifest.csv
GCA_000013905	24_DOOR2_genome_manifest.csv
GCA_000013905.1	24_DOOR2_genome_manifest.csv
GCA_000013925	24_DOOR2_genome_manifest.csv
GCA_000013925.2	24_DOOR2_genome_manifest.csv
GCA_000013945	24_DOOR2_genome_manifest.csv
GCA_000013945.1	24_DOOR2_genome_manifest.csv
GCA_000013965	24_DOOR2_genome_manifest.csv
GCA_000013965.1	24_DOOR2_genome_manifest.csv
GCA_000013985	24_DOOR2_genome_manifest.csv
GCA_000013985.1	24_DOOR2_genome_manifest.csv
GCA_000014005	24_DOOR2_genome_manifest.csv
GCA_000014005.1	24_DOOR2_genome_manifest.csv
GCA_000014025	24_DOOR2_genome_manifest.csv
GCA_000014025.1	24_DOOR2_genome_manifest.csv
GCA_000014045	24_DOOR2_genome_manifest.csv
GCA_000014045.1	24_DOOR2_genome_manifest.csv
GCA_000014065	24_DOOR2_genome_manifest.csv
GCA_000014065.1	24_DOOR2_genome_manifest.csv
GCA_000014085	24_DOOR2_genome_manifest.csv
GCA_000014085.1	24_DOOR2_genome_manifest.csv
GCA_000014105	24_DOOR2_genome_manifest.csv
GCA_000014105.1	24_DOOR2_genome_manifest.csv
GCA_000014125	24_DOOR2_genome_manifest.csv
GCA_000014125.1	24_DOOR2_genome_manifest.csv
GCA_000014145	24_DOOR2_genome_manifest.csv
GCA_000014145.1	24_DOOR2_genome_manifest.csv
GCA_000014165	24_DOOR2_genome_manifest.csv
GCA_000014165.1	24_DOOR2_genome_manifest.csv
GCA_000014185	24_DOOR2_genome_manifest.csv
GCA_000014185.1	24_DOOR2_genome_manifest.csv
GCA_000014205	24_DOOR2_genome_manifest.csv
GCA_000014205.1	24_DOOR2_genome_manifest.csv
GCA_000014225	24_DOOR2_genome_manifest.csv
GCA_000014225.1	24_DOOR2_genome_manifest.csv
GCA_000014245	24_DOOR2_genome_manifest.csv
GCA_000014245.1	24_DOOR2_genome_manifest.csv
GCA_000014265	24_DOOR2_genome_manifest.csv
GCA_000014265.1	24_DOOR2_genome_manifest.csv
GCA_000014285	24_DOOR2_genome_manifest.csv
GCA_000014285.2	24_DOOR2_genome_manifest.csv
GCA_000014305	24_DOOR2_genome_manifest.csv
GCA_000014305.1	24_DOOR2_genome_manifest.csv
GCA_000014325	24_DOOR2_genome_manifest.csv
GCA_000014325.1	24_DOOR2_genome_manifest.csv
GCA_000014345	24_DOOR2_genome_manifest.csv
GCA_000014345.1	24_DOOR2_genome_manifest.csv
GCA_000014365	24_DOOR2_genome_manifest.csv
GCA_000014365.2	24_DOOR2_genome_manifest.csv
GCA_000014385	02_registry_all_accession_candidates.csv;03_genome_path_accession_index.csv;12_STRICT_GenoGrammar_assembly_bridge.csv;24_DOOR2_genome_manifest.csv
GCA_000014385.1	02_registry_all_accession_candidates.csv;03_genome_path_accession_index.csv;04_registry_genome_identity_resolved.csv;12_STRICT_GenoGrammar_assembly_bridge.csv;24_DOOR2_genome_manifest.csv
GCA_000014405	02_registry_all_accession_candidates.csv;03_genome_path_accession_index.csv;12_STRICT_GenoGrammar_assembly_bridge.csv;24_DOOR2_genome_manifest.csv
GCA_000014405.1	02_registry_all_accession_candidates.csv;03_genome_path_accession_index.csv;04_registry_genome_identity_resolved.csv;12_STRICT_GenoGrammar_assembly_bridge.csv;24_DOOR2_genome_manifest.csv
GCA_000014425	02_registry_all_accession_candidates.csv;03_genome_path_accession_index.csv;12_STRICT_GenoGrammar_assembly_bridge.csv;24_DOOR2_genome_manifest.csv
GCA_000014425.1	02_registry_all_accession_candidates.csv;03_genome_path_accession_index.csv;04_registry_genome_identity_resolved.csv;12_STRICT_GenoGrammar_assembly_bridge.csv;24_DOOR2_genome_manifest.csv
GCA_000014445	02_registry_all_accession_candidates.csv;03_genome_path_accession_index.csv;12_STRICT_GenoGrammar_assembly_bridge.csv;24_DOOR2_genome_manifest.csv
GCA_000014445.1	02_registry_all_accession_candidates.csv;03_genome_path_accession_index.csv;04_registry_genome_identity_resolved.csv;12_STRICT_GenoGrammar_assembly_bridge.csv;24_DOOR2_genome_manifest.csv
GCA_000014465	02_registry_all_accession_candidates.csv;03_genome_path_accession_index.csv;12_STRICT_GenoGrammar_assembly_bridge.csv;24_DOOR2_genome_manifest.csv
GCA_000014465.1	02_registry_all_accession_candidates.csv;03_genome_path_accession_index.csv;04_registry_genome_identity_resolved.csv;12_STRICT_GenoGrammar_assembly_bridge.csv;24_DOOR2_genome_manifest.csv
GCA_000014485	02_registry_all_accession_candidates.csv;03_genome_path_accession_index.csv;12_STRICT_GenoGrammar_assembly_bridge.csv;24_DOOR2_genome_manifest.csv
GCA_000014485.1	02_registry_all_accession_candidates.csv;03_genome_path_accession_index.csv;04_registry_genome_identity_resolved.csv;12_STRICT_GenoGrammar_assembly_bridge.csv;24_DOOR2_genome_manifest.csv
GCA_000014505	02_registry_all_accession_candidates.csv;03_genome_path_accession_index.csv;12_STRICT_GenoGrammar_assembly_bridge.csv;24_DOOR2_genome_manifest.csv
GCA_000014505.1	02_registry_all_accession_candidates.csv;03_genome_path_accession_index.csv;04_registry_genome_identity_resolved.csv;12_STRICT_GenoGrammar_assembly_bridge.csv;24_DOOR2_genome_manifest.csv
GCA_000014525	02_registry_all_accession_candidates.csv;03_genome_path_accession_index.csv;12_STRICT_GenoGrammar_assembly_bridge.csv;24_DOOR2_genome_manifest.csv
GCA_000014525.1	02_registry_all_accession_candidates.csv;03_genome_path_accession_index.csv;04_registry_genome_identity_resolved.csv;12_STRICT_GenoGrammar_assembly_bridge.csv;24_DOOR2_genome_manifest.csv
GCA_000014545	02_registry_all_accession_candidates.csv;03_genome_path_accession_index.csv;12_STRICT_GenoGrammar_assembly_bridge.csv;24_DOOR2_genome_manifest.csv
GCA_000014545.1	02_registry_all_accession_candidates.csv;03_genome_path_accession_index.csv;04_registry_genome_identity_resolved.csv;12_STRICT_GenoGrammar_assembly_bridge.csv;24_DOOR2_genome_manifest.csv
GCA_000014565	24_DOOR2_genome_manifest.csv
GCA_000014565.1	24_DOOR2_genome_manifest.csv
GCA_000014585	24_DOOR2_genome_manifest.csv
GCA_000014585.1	24_DOOR2_genome_manifest.csv
GCA_000014605	24_DOOR2_genome_manifest.csv
GCA_000014605.1	24_DOOR2_genome_manifest.csv
GCA_000014625	24_DOOR2_genome_manifest.csv
GCA_000014625.1	24_DOOR2_genome_manifest.csv
GCA_000014645	24_DOOR2_genome_manifest.csv
GCA_000014645.1	24_DOOR2_genome_manifest.csv
GCA_000014665	24_DOOR2_genome_manifest.csv
GCA_000014665.1	24_DOOR2_genome_manifest.csv
GCA_000014685	24_DOOR2_genome_manifest.csv
GCA_000014685.1	24_DOOR2_genome_manifest.csv
GCA_000014705	24_DOOR2_genome_manifest.csv
GCA_000014705.1	24_DOOR2_genome_manifest.csv
GCA_000014725	24_DOOR2_genome_manifest.csv
GCA_000014725.1	24_DOOR2_genome_manifest.csv
GCA_000014745	24_DOOR2_genome_manifest.csv
GCA_000014745.1	24_DOOR2_genome_manifest.csv
GCA_000014765	24_DOOR2_genome_manifest.csv
GCA_000014765.1	24_DOOR2_genome_manifest.csv
GCA_000014785	24_DOOR2_genome_manifest.csv
GCA_000014785.1	24_DOOR2_genome_manifest.csv
GCA_000014805	24_DOOR2_genome_manifest.csv
GCA_000014805.1	24_DOOR2_genome_manifest.csv
GCA_000014825	24_DOOR2_genome_manifest.csv
GCA_000014825.1	24_DOOR2_genome_manifest.csv
GCA_000014845	24_DOOR2_genome_manifest.csv
GCA_000014845.1	24_DOOR2_genome_manifest.csv
GCA_000014865	24_DOOR2_genome_manifest.csv
GCA_000014865.1	24_DOOR2_genome_manifest.csv
GCA_000014885	24_DOOR2_genome_manifest.csv
GCA_000014885.1	24_DOOR2_genome_manifest.csv
GCA_000014905	24_DOOR2_genome_manifest.csv
GCA_000014905.1	24_DOOR2_genome_manifest.csv
GCA_000014925	24_DOOR2_genome_manifest.csv
GCA_000014925.1	24_DOOR2_genome_manifest.csv
GCA_000014945	24_DOOR2_genome_manifest.csv
GCA_000014945.1	24_DOOR2_genome_manifest.csv
GCA_000014965	24_DOOR2_genome_manifest.csv
GCA_000014965.1	24_DOOR2_genome_manifest.csv
GCA_000014985	24_DOOR2_genome_manifest.csv
GCA_000014985.1	24_DOOR2_genome_manifest.csv
GCA_000015025	24_DOOR2_genome_manifest.csv
GCA_000015025.1	24_DOOR2_genome_manifest.csv
GCA_000015045	24_DOOR2_genome_manifest.csv
GCA_000015045.1	24_DOOR2_genome_manifest.csv
GCA_000015065	24_DOOR2_genome_manifest.csv
GCA_000015065.1	24_DOOR2_genome_manifest.csv
GCA_000015085	24_DOOR2_genome_manifest.csv
GCA_000015085.1	24_DOOR2_genome_manifest.csv
GCA_000015105	24_DOOR2_genome_manifest.csv
GCA_000015105.1	24_DOOR2_genome_manifest.csv
GCA_000015125	24_DOOR2_genome_manifest.csv
GCA_000015125.1	24_DOOR2_genome_manifest.csv
GCA_000015145	24_DOOR2_genome_manifest.csv
GCA_000015145.1	24_DOOR2_genome_manifest.csv
GCA_000015165	24_DOOR2_genome_manifest.csv
GCA_000015165.1	24_DOOR2_genome_manifest.csv
GCA_000015185	24_DOOR2_genome_manifest.csv
GCA_000015185.1	24_DOOR2_genome_manifest.csv
GCA_000015205	24_DOOR2_genome_manifest.csv
GCA_000015205.1	24_DOOR2_genome_manifest.csv
GCA_000015225	24_DOOR2_genome_manifest.csv
GCA_000015225.1	24_DOOR2_genome_manifest.csv
GCA_000015245	24_DOOR2_genome_manifest.csv
GCA_000015245.1	24_DOOR2_genome_manifest.csv
GCA_000015265	24_DOOR2_genome_manifest.csv
GCA_000015265.1	24_DOOR2_genome_manifest.csv
GCA_000015285	24_DOOR2_genome_manifest.csv
GCA_000015285.1	24_DOOR2_genome_manifest.csv
GCA_000015305	24_DOOR2_genome_manifest.csv
GCA_000015305.1	24_DOOR2_genome_manifest.csv
GCA_000015325	24_DOOR2_genome_manifest.csv
GCA_000015325.1	24_DOOR2_genome_manifest.csv
GCA_000015345	24_DOOR2_genome_manifest.csv
GCA_000015345.1	24_DOOR2_genome_manifest.csv
GCA_000015365	24_DOOR2_genome_manifest.csv
GCA_000015365.1	24_DOOR2_genome_manifest.csv
GCA_000015385	02_registry_all_accession_candidates.csv;03_genome_path_accession_index.csv;12_STRICT_GenoGrammar_assembly_bridge.csv;24_DOOR2_genome_manifest.csv
GCA_000015385.1	02_registry_all_accession_candidates.csv;03_genome_path_accession_index.csv;04_registry_genome_identity_resolved.csv;12_STRICT_GenoGrammar_assembly_bridge.csv;24_DOOR2_genome_manifest.csv
GCA_000015405	24_DOOR2_genome_manifest.csv
GCA_000015405.1	24_DOOR2_genome_manifest.csv
GCA_000015425	24_DOOR2_genome_manifest.csv
GCA_000015425.1	24_DOOR2_genome_manifest.csv
GCA_000015445	24_DOOR2_genome_manifest.csv
GCA_000015445.1	24_DOOR2_genome_manifest.csv
GCA_000015465	24_DOOR2_genome_manifest.csv
GCA_000015465.1	24_DOOR2_genome_manifest.csv
GCA_000015485	24_DOOR2_genome_manifest.csv
GCA_000015485.1	24_DOOR2_genome_manifest.csv
GCA_000015505	24_DOOR2_genome_manifest.csv
GCA_000015505.1	24_DOOR2_genome_manifest.csv
GCA_000015525	24_DOOR2_genome_manifest.csv
GCA_000015525.1	24_DOOR2_genome_manifest.csv
GCA_000015545	24_DOOR2_genome_manifest.csv
GCA_000015545.1	24_DOOR2_genome_manifest.csv
GCA_000015565	24_DOOR2_genome_manifest.csv
GCA_000015565.1	24_DOOR2_genome_manifest.csv
GCA_000015585	24_DOOR2_genome_manifest.csv
GCA_000015585.1	24_DOOR2_genome_manifest.csv
GCA_000015605	24_DOOR2_genome_manifest.csv
GCA_000015605.1	24_DOOR2_genome_manifest.csv
GCA_000015625	24_DOOR2_genome_manifest.csv
GCA_000015625.1	24_DOOR2_genome_manifest.csv
GCA_000015645	24_DOOR2_genome_manifest.csv
GCA_000015645.1	24_DOOR2_genome_manifest.csv
GCA_000015665	24_DOOR2_genome_manifest.csv
GCA_000015665.1	24_DOOR2_genome_manifest.csv
GCA_000015685	24_DOOR2_genome_manifest.csv
GCA_000015685.1	24_DOOR2_genome_manifest.csv
GCA_000015705	24_DOOR2_genome_manifest.csv
GCA_000015705.1	24_DOOR2_genome_manifest.csv
GCA_000015725	24_DOOR2_genome_manifest.csv
GCA_000015725.1	24_DOOR2_genome_manifest.csv
GCA_000015745	24_DOOR2_genome_manifest.csv
GCA_000015745.1	24_DOOR2_genome_manifest.csv
GCA_000015765	24_DOOR2_genome_manifest.csv
GCA_000015765.1	24_DOOR2_genome_manifest.csv
GCA_000015785	24_DOOR2_genome_manifest.csv
GCA_000015785.2	24_DOOR2_genome_manifest.csv
GCA_000015805	24_DOOR2_genome_manifest.csv
GCA_000015805.1	24_DOOR2_genome_manifest.csv
GCA_000015825	24_DOOR2_genome_manifest.csv
GCA_000015825.1	24_DOOR2_genome_manifest.csv
GCA_000015845	24_DOOR2_genome_manifest.csv
GCA_000015845.1	24_DOOR2_genome_manifest.csv
GCA_000015865	24_DOOR2_genome_manifest.csv
GCA_000015865.1	24_DOOR2_genome_manifest.csv
GCA_000015885	24_DOOR2_genome_manifest.csv
GCA_000015885.1	24_DOOR2_genome_manifest.csv
GCA_000015905	24_DOOR2_genome_manifest.csv
GCA_000015905.1	24_DOOR2_genome_manifest.csv
GCA_000015925	24_DOOR2_genome_manifest.csv
GCA_000015925.1	24_DOOR2_genome_manifest.csv
GCA_000015945	24_DOOR2_genome_manifest.csv
GCA_000015945.1	24_DOOR2_genome_manifest.csv
GCA_000015965	24_DOOR2_genome_manifest.csv
GCA_000015965.1	24_DOOR2_genome_manifest.csv
GCA_000015985	24_DOOR2_genome_manifest.csv
GCA_000015985.1	24_DOOR2_genome_manifest.csv
GCA_000016005	24_DOOR2_genome_manifest.csv
GCA_000016005.1	24_DOOR2_genome_manifest.csv
GCA_000016045	24_DOOR2_genome_manifest.csv
GCA_000016045.1	24_DOOR2_genome_manifest.csv
GCA_000016065	24_DOOR2_genome_manifest.csv
GCA_000016065.1	24_DOOR2_genome_manifest.csv
GCA_000016085	24_DOOR2_genome_manifest.csv
GCA_000016085.1	24_DOOR2_genome_manifest.csv
GCA_000016105	24_DOOR2_genome_manifest.csv
GCA_000016105.1	24_DOOR2_genome_manifest.csv
GCA_000016125	24_DOOR2_genome_manifest.csv
GCA_000016125.1	24_DOOR2_genome_manifest.csv
GCA_000016145	24_DOOR2_genome_manifest.csv
GCA_000016145.1	24_DOOR2_genome_manifest.csv
GCA_000016165	24_DOOR2_genome_manifest.csv
GCA_000016165.1	24_DOOR2_genome_manifest.csv
GCA_000016185	24_DOOR2_genome_manifest.csv
GCA_000016185.1	24_DOOR2_genome_manifest.csv
GCA_000016205	24_DOOR2_genome_manifest.csv
GCA_000016205.1	24_DOOR2_genome_manifest.csv
GCA_000016265	24_DOOR2_genome_manifest.csv
GCA_000016265.1	24_DOOR2_genome_manifest.csv
GCA_000016285	24_DOOR2_genome_manifest.csv
GCA_000016285.1	24_DOOR2_genome_manifest.csv
GCA_000016305	24_DOOR2_genome_manifest.csv
GCA_000016305.1	24_DOOR2_genome_manifest.csv
GCA_000016325	02_registry_all_accession_candidates.csv;03_genome_path_accession_index.csv;12_STRICT_GenoGrammar_assembly_bridge.csv;24_DOOR2_genome_manifest.csv
GCA_000016325.1	02_registry_all_accession_candidates.csv;03_genome_path_accession_index.csv;04_registry_genome_identity_resolved.csv;12_STRICT_GenoGrammar_assembly_bridge.csv;24_DOOR2_genome_manifest.csv
GCA_000016345	24_DOOR2_genome_manifest.csv
GCA_000016345.1	24_DOOR2_genome_manifest.csv
GCA_000016365	24_DOOR2_genome_manifest.csv
GCA_000016365.1	24_DOOR2_genome_manifest.csv
GCA_000016385	24_DOOR2_genome_manifest.csv
GCA_000016385.1	24_DOOR2_genome_manifest.csv
GCA_000016405	24_DOOR2_genome_manifest.csv
GCA_000016405.1	24_DOOR2_genome_manifest.csv
GCA_000016425	24_DOOR2_genome_manifest.csv
GCA_000016425.1	24_DOOR2_genome_manifest.csv
GCA_000016445	24_DOOR2_genome_manifest.csv
GCA_000016445.1	24_DOOR2_genome_manifest.csv
GCA_000016465	24_DOOR2_genome_manifest.csv
GCA_000016465.1	24_DOOR2_genome_manifest.csv
GCA_000016485	24_DOOR2_genome_manifest.csv
GCA_000016485.1	24_DOOR2_genome_manifest.csv
GCA_000016505	24_DOOR2_genome_manifest.csv
GCA_000016505.1	24_DOOR2_genome_manifest.csv
GCA_000016525	24_DOOR2_genome_manifest.csv
GCA_000016525.1	24_DOOR2_genome_manifest.csv
GCA_000016545	24_DOOR2_genome_manifest.csv
GCA_000016545.1	24_DOOR2_genome_manifest.csv
GCA_000016565	24_DOOR2_genome_manifest.csv
GCA_000016565.1	24_DOOR2_genome_manifest.csv
GCA_000016585	24_DOOR2_genome_manifest.csv
GCA_000016585.1	24_DOOR2_genome_manifest.csv
GCA_000016605	24_DOOR2_genome_manifest.csv
GCA_000016605.1	24_DOOR2_genome_manifest.csv
GCA_000016625	24_DOOR2_genome_manifest.csv
GCA_000016625.1	24_DOOR2_genome_manifest.csv
GCA_000016645	24_DOOR2_genome_manifest.csv
GCA_000016645.1	24_DOOR2_genome_manifest.csv
GCA_000016665	24_DOOR2_genome_manifest.csv
GCA_000016665.1	24_DOOR2_genome_manifest.csv
GCA_000016685	24_DOOR2_genome_manifest.csv
GCA_000016685.1	24_DOOR2_genome_manifest.csv
GCA_000016705	24_DOOR2_genome_manifest.csv
GCA_000016705.1	24_DOOR2_genome_manifest.csv
GCA_000016725	24_DOOR2_genome_manifest.csv
GCA_000016725.1	24_DOOR2_genome_manifest.csv
GCA_000016745	24_DOOR2_genome_manifest.csv
GCA_000016745.1	24_DOOR2_genome_manifest.csv
GCA_000016765	24_DOOR2_genome_manifest.csv
GCA_000016765.1	24_DOOR2_genome_manifest.csv
GCA_000016785	24_DOOR2_genome_manifest.csv
GCA_000016785.1	24_DOOR2_genome_manifest.csv
GCA_000016805	24_DOOR2_genome_manifest.csv
GCA_000016805.1	24_DOOR2_genome_manifest.csv
GCA_000016825	02_registry_all_accession_candidates.csv;03_genome_path_accession_index.csv;12_STRICT_GenoGrammar_assembly_bridge.csv;24_DOOR2_genome_manifest.csv
GCA_000016825.1	02_registry_all_accession_candidates.csv;03_genome_path_accession_index.csv;04_registry_genome_identity_resolved.csv;12_STRICT_GenoGrammar_assembly_bridge.csv;24_DOOR2_genome_manifest.csv
GCA_000016845	24_DOOR2_genome_manifest.csv
GCA_000016845.1	24_DOOR2_genome_manifest.csv
GCA_000016865	24_DOOR2_genome_manifest.csv
GCA_000016865.1	24_DOOR2_genome_manifest.csv
GCA_000016885	24_DOOR2_genome_manifest.csv
GCA_000016885.1	24_DOOR2_genome_manifest.csv
GCA_000016905	24_DOOR2_genome_manifest.csv
GCA_000016905.1	24_DOOR2_genome_manifest.csv
GCA_000016925	24_DOOR2_genome_manifest.csv
GCA_000016925.1	24_DOOR2_genome_manifest.csv
GCA_000016945	24_DOOR2_genome_manifest.csv
GCA_000016945.1	24_DOOR2_genome_manifest.csv
GCA_000016965	24_DOOR2_genome_manifest.csv
GCA_000016965.1	24_DOOR2_genome_manifest.csv
GCA_000016985	24_DOOR2_genome_manifest.csv
GCA_000016985.1	24_DOOR2_genome_manifest.csv
GCA_000017005	24_DOOR2_genome_manifest.csv
GCA_000017005.1	24_DOOR2_genome_manifest.csv
GCA_000017025	24_DOOR2_genome_manifest.csv
GCA_000017025.1	24_DOOR2_genome_manifest.csv
GCA_000017045	24_DOOR2_genome_manifest.csv
GCA_000017045.1	24_DOOR2_genome_manifest.csv
GCA_000017065	24_DOOR2_genome_manifest.csv
GCA_000017065.1	24_DOOR2_genome_manifest.csv
GCA_000017085	24_DOOR2_genome_manifest.csv
GCA_000017085.1	24_DOOR2_genome_manifest.csv
GCA_000017105	24_DOOR2_genome_manifest.csv
GCA_000017105.1	24_DOOR2_genome_manifest.csv
GCA_000017125	24_DOOR2_genome_manifest.csv
GCA_000017125.1	24_DOOR2_genome_manifest.csv
GCA_000017145	24_DOOR2_genome_manifest.csv
GCA_000017145.1	24_DOOR2_genome_manifest.csv
GCA_000017165	24_DOOR2_genome_manifest.csv
GCA_000017165.1	24_DOOR2_genome_manifest.csv
GCA_000017185	24_DOOR2_genome_manifest.csv
GCA_000017185.1	24_DOOR2_genome_manifest.csv
GCA_000017205	24_DOOR2_genome_manifest.csv
GCA_000017205.1	24_DOOR2_genome_manifest.csv
GCA_000017225	24_DOOR2_genome_manifest.csv
GCA_000017225.1	24_DOOR2_genome_manifest.csv
GCA_000017245	24_DOOR2_genome_manifest.csv
GCA_000017245.1	24_DOOR2_genome_manifest.csv
GCA_000017265	24_DOOR2_genome_manifest.csv
GCA_000017265.1	24_DOOR2_genome_manifest.csv
GCA_000017285	24_DOOR2_genome_manifest.csv
GCA_000017285.1	24_DOOR2_genome_manifest.csv
GCA_000017305	24_DOOR2_genome_manifest.csv
GCA_000017305.1	24_DOOR2_genome_manifest.csv
GCA_000017325	24_DOOR2_genome_manifest.csv
GCA_000017325.1	24_DOOR2_genome_manifest.csv
GCA_000017405	24_DOOR2_genome_manifest.csv
GCA_000017405.1	24_DOOR2_genome_manifest.csv
GCA_000017425	24_DOOR2_genome_manifest.csv
GCA_000017425.1	24_DOOR2_genome_manifest.csv
GCA_000017445	24_DOOR2_genome_manifest.csv
GCA_000017445.3	24_DOOR2_genome_manifest.csv
GCA_000017465	24_DOOR2_genome_manifest.csv
GCA_000017465.2	24_DOOR2_genome_manifest.csv
GCA_000017485	24_DOOR2_genome_manifest.csv
GCA_000017485.1	24_DOOR2_genome_manifest.csv
GCA_000017505	24_DOOR2_genome_manifest.csv
GCA_000017505.1	24_DOOR2_genome_manifest.csv
GCA_000017525	24_DOOR2_genome_manifest.csv
GCA_000017525.1	24_DOOR2_genome_manifest.csv
GCA_000017545	24_DOOR2_genome_manifest.csv
GCA_000017545.1	24_DOOR2_genome_manifest.csv
GCA_000017565	24_DOOR2_genome_manifest.csv
GCA_000017565.1	24_DOOR2_genome_manifest.csv
GCA_000017585	24_DOOR2_genome_manifest.csv
GCA_000017585.1	24_DOOR2_genome_manifest.csv
GCA_000017605	24_DOOR2_genome_manifest.csv
GCA_000017605.1	24_DOOR2_genome_manifest.csv
GCA_000017625	24_DOOR2_genome_manifest.csv
GCA_000017625.1	24_DOOR2_genome_manifest.csv
GCA_000017645	24_DOOR2_genome_manifest.csv
GCA_000017645.1	24_DOOR2_genome_manifest.csv
GCA_000017665	24_DOOR2_genome_manifest.csv
GCA_000017665.1	24_DOOR2_genome_manifest.csv
GCA_000017685	24_DOOR2_genome_manifest.csv
GCA_000017685.1	24_DOOR2_genome_manifest.csv
GCA_000017705	24_DOOR2_genome_manifest.csv
GCA_000017705.1	24_DOOR2_genome_manifest.csv
GCA_000017725	24_DOOR2_genome_manifest.csv
GCA_000017725.2	24_DOOR2_genome_manifest.csv
GCA_000017745	24_DOOR2_genome_manifest.csv
GCA_000017745.1	24_DOOR2_genome_manifest.csv
GCA_000017765	24_DOOR2_genome_manifest.csv
GCA_000017765.1	24_DOOR2_genome_manifest.csv
GCA_000017785	24_DOOR2_genome_manifest.csv
GCA_000017785.1	24_DOOR2_genome_manifest.csv
GCA_000017805	24_DOOR2_genome_manifest.csv
GCA_000017805.1	24_DOOR2_genome_manifest.csv
GCA_000017825	24_DOOR2_genome_manifest.csv
GCA_000017825.1	24_DOOR2_genome_manifest.csv
GCA_000017845	24_DOOR2_genome_manifest.csv
GCA_000017845.1	24_DOOR2_genome_manifest.csv
GCA_000017865	24_DOOR2_genome_manifest.csv
GCA_000017865.1	24_DOOR2_genome_manifest.csv
GCA_000017885	24_DOOR2_genome_manifest.csv
GCA_000017885.4	24_DOOR2_genome_manifest.csv
GCA_000017905	24_DOOR2_genome_manifest.csv
GCA_000017905.1	24_DOOR2_genome_manifest.csv
GCA_000017945	24_DOOR2_genome_manifest.csv
GCA_000017945.1	24_DOOR2_genome_manifest.csv
GCA_000017965	02_registry_all_accession_candidates.csv;03_genome_path_accession_index.csv;12_STRICT_GenoGrammar_assembly_bridge.csv;24_DOOR2_genome_manifest.csv
GCA_000017965.1	02_registry_all_accession_candidates.csv;03_genome_path_accession_index.csv;04_registry_genome_identity_resolved.csv;12_STRICT_GenoGrammar_assembly_bridge.csv;24_DOOR2_genome_manifest.csv
GCA_000017985	24_DOOR2_genome_manifest.csv
GCA_000017985.1	24_DOOR2_genome_manifest.csv
GCA_000018005	24_DOOR2_genome_manifest.csv
GCA_000018005.1	24_DOOR2_genome_manifest.csv
GCA_000018025	24_DOOR2_genome_manifest.csv
GCA_000018025.1	24_DOOR2_genome_manifest.csv
GCA_000018045	24_DOOR2_genome_manifest.csv
GCA_000018045.1	24_DOOR2_genome_manifest.csv
GCA_000018065	24_DOOR2_genome_manifest.csv
GCA_000018065.1	24_DOOR2_genome_manifest.csv
GCA_000018085	24_DOOR2_genome_manifest.csv
GCA_000018085.1	24_DOOR2_genome_manifest.csv
GCA_000018105	24_DOOR2_genome_manifest.csv
GCA_000018105.1	24_DOOR2_genome_manifest.csv
GCA_000018125	24_DOOR2_genome_manifest.csv
GCA_000018125.1	24_DOOR2_genome_manifest.csv
GCA_000018145	24_DOOR2_genome_manifest.csv
GCA_000018145.1	24_DOOR2_genome_manifest.csv
GCA_000018185	24_DOOR2_genome_manifest.csv
GCA_000018185.1	24_DOOR2_genome_manifest.csv
GCA_000018205	24_DOOR2_genome_manifest.csv
GCA_000018205.1	24_DOOR2_genome_manifest.csv
GCA_000018225	24_DOOR2_genome_manifest.csv
GCA_000018225.1	24_DOOR2_genome_manifest.csv
GCA_000018245	24_DOOR2_genome_manifest.csv
GCA_000018245.1	24_DOOR2_genome_manifest.csv
GCA_000018265	24_DOOR2_genome_manifest.csv
GCA_000018265.1	24_DOOR2_genome_manifest.csv
GCA_000018285	24_DOOR2_genome_manifest.csv
GCA_000018285.1	24_DOOR2_genome_manifest.csv
GCA_000018305	24_DOOR2_genome_manifest.csv
GCA_000018305.1	24_DOOR2_genome_manifest.csv
GCA_000018325	24_DOOR2_genome_manifest.csv
GCA_000018325.1	24_DOOR2_genome_manifest.csv
GCA_000018345	24_DOOR2_genome_manifest.csv
GCA_000018345.1	24_DOOR2_genome_manifest.csv
GCA_000018365	24_DOOR2_genome_manifest.csv
GCA_000018365.1	24_DOOR2_genome_manifest.csv
GCA_000018385	24_DOOR2_genome_manifest.csv
GCA_000018385.1	24_DOOR2_genome_manifest.csv
GCA_000018405	24_DOOR2_genome_manifest.csv
GCA_000018405.1	24_DOOR2_genome_manifest.csv
GCA_000018425	24_DOOR2_genome_manifest.csv
GCA_000018425.1	24_DOOR2_genome_manifest.csv
GCA_000018445	24_DOOR2_genome_manifest.csv
GCA_000018445.1	24_DOOR2_genome_manifest.csv
GCA_000018465	24_DOOR2_genome_manifest.csv
GCA_000018465.1	24_DOOR2_genome_manifest.csv
GCA_000018485	24_DOOR2_genome_manifest.csv
GCA_000018485.1	24_DOOR2_genome_manifest.csv
GCA_000018525	24_DOOR2_genome_manifest.csv
GCA_000018525.1	24_DOOR2_genome_manifest.csv
GCA_000018545	24_DOOR2_genome_manifest.csv
GCA_000018545.1	24_DOOR2_genome_manifest.csv
GCA_000018565	24_DOOR2_genome_manifest.csv
GCA_000018565.1	24_DOOR2_genome_manifest.csv
GCA_000018585	24_DOOR2_genome_manifest.csv
GCA_000018585.1	24_DOOR2_genome_manifest.csv
GCA_000018605	24_DOOR2_genome_manifest.csv
GCA_000018605.1	24_DOOR2_genome_manifest.csv
GCA_000018625	24_DOOR2_genome_manifest.csv
GCA_000018625.1	24_DOOR2_genome_manifest.csv
GCA_000018665	24_DOOR2_genome_manifest.csv
GCA_000018665.1	24_DOOR2_genome_manifest.csv
GCA_000018685	24_DOOR2_genome_manifest.csv
GCA_000018685.1	24_DOOR2_genome_manifest.csv
GCA_000018705	24_DOOR2_genome_manifest.csv
GCA_000018705.1	24_DOOR2_genome_manifest.csv
GCA_000018725	24_DOOR2_genome_manifest.csv
GCA_000018725.1	24_DOOR2_genome_manifest.csv
GCA_000018745	24_DOOR2_genome_manifest.csv
GCA_000018745.1	24_DOOR2_genome_manifest.csv
GCA_000018765	24_DOOR2_genome_manifest.csv
GCA_000018765.1	24_DOOR2_genome_manifest.csv
GCA_000018785	24_DOOR2_genome_manifest.csv
GCA_000018785.1	24_DOOR2_genome_manifest.csv
GCA_000018805	24_DOOR2_genome_manifest.csv
GCA_000018805.1	24_DOOR2_genome_manifest.csv
GCA_000018825	24_DOOR2_genome_manifest.csv
GCA_000018825.1	24_DOOR2_genome_manifest.csv
GCA_000018845	24_DOOR2_genome_manifest.csv
GCA_000018845.1	24_DOOR2_genome_manifest.csv
GCA_000018865	24_DOOR2_genome_manifest.csv
GCA_000018865.1	24_DOOR2_genome_manifest.csv
GCA_000018885	24_DOOR2_genome_manifest.csv
GCA_000018885.1	24_DOOR2_genome_manifest.csv
GCA_000018905	24_DOOR2_genome_manifest.csv
GCA_000018905.1	24_DOOR2_genome_manifest.csv
GCA_000018925	24_DOOR2_genome_manifest.csv
GCA_000018925.1	24_DOOR2_genome_manifest.csv
GCA_000018945	24_DOOR2_genome_manifest.csv
GCA_000018945.1	24_DOOR2_genome_manifest.csv
GCA_000018965	24_DOOR2_genome_manifest.csv
GCA_000018965.1	24_DOOR2_genome_manifest.csv
GCA_000018985	24_DOOR2_genome_manifest.csv
GCA_000018985.1	24_DOOR2_genome_manifest.csv
GCA_000019005	24_DOOR2_genome_manifest.csv
GCA_000019005.1	24_DOOR2_genome_manifest.csv
GCA_000019025	24_DOOR2_genome_manifest.csv
GCA_000019025.1	24_DOOR2_genome_manifest.csv
GCA_000019045	02_registry_all_accession_candidates.csv;03_genome_path_accession_index.csv;12_STRICT_GenoGrammar_assembly_bridge.csv;24_DOOR2_genome_manifest.csv
GCA_000019045.1	02_registry_all_accession_candidates.csv;03_genome_path_accession_index.csv;04_registry_genome_identity_resolved.csv;12_STRICT_GenoGrammar_assembly_bridge.csv;24_DOOR2_genome_manifest.csv
GCA_000019065	24_DOOR2_genome_manifest.csv
GCA_000019065.1	24_DOOR2_genome_manifest.csv
GCA_000019085	24_DOOR2_genome_manifest.csv
GCA_000019085.1	24_DOOR2_genome_manifest.csv
GCA_000019125	24_DOOR2_genome_manifest.csv
GCA_000019125.1	24_DOOR2_genome_manifest.csv
GCA_000019145	24_DOOR2_genome_manifest.csv
GCA_000019145.1	24_DOOR2_genome_manifest.csv
GCA_000019165	24_DOOR2_genome_manifest.csv
GCA_000019165.1	24_DOOR2_genome_manifest.csv
GCA_000019185	24_DOOR2_genome_manifest.csv
GCA_000019185.1	24_DOOR2_genome_manifest.csv
GCA_000019205	24_DOOR2_genome_manifest.csv
GCA_000019205.1	24_DOOR2_genome_manifest.csv
GCA_000019225	24_DOOR2_genome_manifest.csv
GCA_000019225.1	24_DOOR2_genome_manifest.csv
GCA_000019245	02_registry_all_accession_candidates.csv;03_genome_path_accession_index.csv;12_STRICT_GenoGrammar_assembly_bridge.csv;24_DOOR2_genome_manifest.csv
GCA_000019245.3	02_registry_all_accession_candidates.csv;03_genome_path_accession_index.csv;04_registry_genome_identity_resolved.csv;12_STRICT_GenoGrammar_assembly_bridge.csv;24_DOOR2_genome_manifest.csv
GCA_000019265	24_DOOR2_genome_manifest.csv
GCA_000019265.1	24_DOOR2_genome_manifest.csv
GCA_000019285	24_DOOR2_genome_manifest.csv
GCA_000019285.1	24_DOOR2_genome_manifest.csv
GCA_000019305	24_DOOR2_genome_manifest.csv
GCA_000019305.1	24_DOOR2_genome_manifest.csv
GCA_000019325	24_DOOR2_genome_manifest.csv
GCA_000019325.1	24_DOOR2_genome_manifest.csv
GCA_000019345	24_DOOR2_genome_manifest.csv
GCA_000019345.1	24_DOOR2_genome_manifest.csv
GCA_000019365	24_DOOR2_genome_manifest.csv
GCA_000019365.1	24_DOOR2_genome_manifest.csv
GCA_000019385	24_DOOR2_genome_manifest.csv
GCA_000019385.1	24_DOOR2_genome_manifest.csv
GCA_000019405	24_DOOR2_genome_manifest.csv
GCA_000019405.1	24_DOOR2_genome_manifest.csv
GCA_000019425	24_DOOR2_genome_manifest.csv
GCA_000019425.1	24_DOOR2_genome_manifest.csv
GCA_000019445	24_DOOR2_genome_manifest.csv
GCA_000019445.1	24_DOOR2_genome_manifest.csv
GCA_000019465	24_DOOR2_genome_manifest.csv
GCA_000019465.1	24_DOOR2_genome_manifest.csv
GCA_000019485	24_DOOR2_genome_manifest.csv
GCA_000019485.1	24_DOOR2_genome_manifest.csv
GCA_000019505	24_DOOR2_genome_manifest.csv
GCA_000019505.1	24_DOOR2_genome_manifest.csv
GCA_000019525	24_DOOR2_genome_manifest.csv
GCA_000019525.1	24_DOOR2_genome_manifest.csv
GCA_000019545	24_DOOR2_genome_manifest.csv
GCA_000019545.1	24_DOOR2_genome_manifest.csv
GCA_000019565	24_DOOR2_genome_manifest.csv
GCA_000019565.1	24_DOOR2_genome_manifest.csv
GCA_000019585	24_DOOR2_genome_manifest.csv
GCA_000019585.2	24_DOOR2_genome_manifest.csv
GCA_000019605	24_DOOR2_genome_manifest.csv
GCA_000019605.1	24_DOOR2_genome_manifest.csv
GCA_000019625	24_DOOR2_genome_manifest.csv
GCA_000019625.1	24_DOOR2_genome_manifest.csv
GCA_000019645	24_DOOR2_genome_manifest.csv
GCA_000019645.1	24_DOOR2_genome_manifest.csv
GCA_000019665	24_DOOR2_genome_manifest.csv
GCA_000019665.1	24_DOOR2_genome_manifest.csv
GCA_000019685	24_DOOR2_genome_manifest.csv
GCA_000019685.1	24_DOOR2_genome_manifest.csv
GCA_000019705	24_DOOR2_genome_manifest.csv
GCA_000019705.1	24_DOOR2_genome_manifest.csv
GCA_000019725	24_DOOR2_genome_manifest.csv
GCA_000019725.1	24_DOOR2_genome_manifest.csv
GCA_000019745	24_DOOR2_genome_manifest.csv
GCA_000019745.1	24_DOOR2_genome_manifest.csv
GCA_000019765	24_DOOR2_genome_manifest.csv
GCA_000019765.1	24_DOOR2_genome_manifest.csv
GCA_000019785	24_DOOR2_genome_manifest.csv
GCA_000019785.1	24_DOOR2_genome_manifest.csv
GCA_000019805	24_DOOR2_genome_manifest.csv
GCA_000019805.1	24_DOOR2_genome_manifest.csv
GCA_000019825	24_DOOR2_genome_manifest.csv
GCA_000019825.1	24_DOOR2_genome_manifest.csv
GCA_000019845	24_DOOR2_genome_manifest.csv
GCA_000019845.1	24_DOOR2_genome_manifest.csv
GCA_000019865	24_DOOR2_genome_manifest.csv
GCA_000019865.1	24_DOOR2_genome_manifest.csv
GCA_000019885	24_DOOR2_genome_manifest.csv
GCA_000019885.1	24_DOOR2_genome_manifest.csv
GCA_000019905	24_DOOR2_genome_manifest.csv
GCA_000019905.1	24_DOOR2_genome_manifest.csv
GCA_000019925	24_DOOR2_genome_manifest.csv
GCA_000019925.1	24_DOOR2_genome_manifest.csv
GCA_000019945	24_DOOR2_genome_manifest.csv
GCA_000019945.1	24_DOOR2_genome_manifest.csv
GCA_000019965	02_registry_all_accession_candidates.csv;03_genome_path_accession_index.csv;12_STRICT_GenoGrammar_assembly_bridge.csv;24_DOOR2_genome_manifest.csv
GCA_000019965.1	02_registry_all_accession_candidates.csv;03_genome_path_accession_index.csv;04_registry_genome_identity_resolved.csv;12_STRICT_GenoGrammar_assembly_bridge.csv;24_DOOR2_genome_manifest.csv
GCA_000019985	24_DOOR2_genome_manifest.csv
GCA_000019985.1	24_DOOR2_genome_manifest.csv
GCA_000020005	24_DOOR2_genome_manifest.csv
GCA_000020005.1	24_DOOR2_genome_manifest.csv
GCA_000020025	24_DOOR2_genome_manifest.csv
GCA_000020025.1	24_DOOR2_genome_manifest.csv
GCA_000020045	24_DOOR2_genome_manifest.csv
GCA_000020045.1	24_DOOR2_genome_manifest.csv
GCA_000020065	24_DOOR2_genome_manifest.csv
GCA_000020065.1	24_DOOR2_genome_manifest.csv
GCA_000020085	24_DOOR2_genome_manifest.csv
GCA_000020085.1	24_DOOR2_genome_manifest.csv
GCA_000020105	24_DOOR2_genome_manifest.csv
GCA_000020105.1	24_DOOR2_genome_manifest.csv
GCA_000020125	24_DOOR2_genome_manifest.csv
GCA_000020125.1	24_DOOR2_genome_manifest.csv
GCA_000020145	24_DOOR2_genome_manifest.csv
GCA_000020145.1	24_DOOR2_genome_manifest.csv
GCA_000020165	24_DOOR2_genome_manifest.csv
GCA_000020165.1	24_DOOR2_genome_manifest.csv
GCA_000020185	24_DOOR2_genome_manifest.csv
GCA_000020185.1	24_DOOR2_genome_manifest.csv
GCA_000020205	24_DOOR2_genome_manifest.csv
GCA_000020205.1	24_DOOR2_genome_manifest.csv
GCA_000020225	02_registry_all_accession_candidates.csv;03_genome_path_accession_index.csv;12_STRICT_GenoGrammar_assembly_bridge.csv;24_DOOR2_genome_manifest.csv
GCA_000020225.1	02_registry_all_accession_candidates.csv;03_genome_path_accession_index.csv;04_registry_genome_identity_resolved.csv;12_STRICT_GenoGrammar_assembly_bridge.csv;24_DOOR2_genome_manifest.csv
GCA_000020245	24_DOOR2_genome_manifest.csv
GCA_000020245.1	24_DOOR2_genome_manifest.csv
GCA_000020265	24_DOOR2_genome_manifest.csv
GCA_000020265.1	24_DOOR2_genome_manifest.csv
GCA_000020285	24_DOOR2_genome_manifest.csv
GCA_000020285.1	24_DOOR2_genome_manifest.csv
GCA_000020305	24_DOOR2_genome_manifest.csv
GCA_000020305.1	24_DOOR2_genome_manifest.csv
GCA_000020325	24_DOOR2_genome_manifest.csv
GCA_000020325.1	24_DOOR2_genome_manifest.csv
GCA_000020345	24_DOOR2_genome_manifest.csv
GCA_000020345.1	24_DOOR2_genome_manifest.csv
GCA_000020365	24_DOOR2_genome_manifest.csv
GCA_000020365.1	24_DOOR2_genome_manifest.csv
GCA_000020385	24_DOOR2_genome_manifest.csv
GCA_000020385.1	24_DOOR2_genome_manifest.csv
GCA_000020405	24_DOOR2_genome_manifest.csv
GCA_000020405.1	24_DOOR2_genome_manifest.csv
GCA_000020425	02_registry_all_accession_candidates.csv;03_genome_path_accession_index.csv;12_STRICT_GenoGrammar_assembly_bridge.csv;24_DOOR2_genome_manifest.csv
GCA_000020425.1	02_registry_all_accession_candidates.csv;03_genome_path_accession_index.csv;04_registry_genome_identity_resolved.csv;12_STRICT_GenoGrammar_assembly_bridge.csv;24_DOOR2_genome_manifest.csv
GCA_000020445	24_DOOR2_genome_manifest.csv
GCA_000020445.1	24_DOOR2_genome_manifest.csv
GCA_000020465	24_DOOR2_genome_manifest.csv
GCA_000020465.1	24_DOOR2_genome_manifest.csv
GCA_000020485	24_DOOR2_genome_manifest.csv
GCA_000020485.1	24_DOOR2_genome_manifest.csv
GCA_000020505	24_DOOR2_genome_manifest.csv
GCA_000020505.1	24_DOOR2_genome_manifest.csv
GCA_000020525	24_DOOR2_genome_manifest.csv
GCA_000020525.1	24_DOOR2_genome_manifest.csv
GCA_000020545	24_DOOR2_genome_manifest.csv
GCA_000020545.1	24_DOOR2_genome_manifest.csv
GCA_000020565	24_DOOR2_genome_manifest.csv
GCA_000020565.1	24_DOOR2_genome_manifest.csv
GCA_000020585	24_DOOR2_genome_manifest.csv
GCA_000020585.3	24_DOOR2_genome_manifest.csv
GCA_000020605	24_DOOR2_genome_manifest.csv
GCA_000020605.1	24_DOOR2_genome_manifest.csv
GCA_000020625	24_DOOR2_genome_manifest.csv
GCA_000020625.1	24_DOOR2_genome_manifest.csv
GCA_000020645	24_DOOR2_genome_manifest.csv
GCA_000020645.1	24_DOOR2_genome_manifest.csv
GCA_000020665	24_DOOR2_genome_manifest.csv
GCA_000020665.1	24_DOOR2_genome_manifest.csv
GCA_000020685	24_DOOR2_genome_manifest.csv
GCA_000020685.1	24_DOOR2_genome_manifest.csv
GCA_000020705	24_DOOR2_genome_manifest.csv
GCA_000020705.1	24_DOOR2_genome_manifest.csv
GCA_000020725	24_DOOR2_genome_manifest.csv
GCA_000020725.1	24_DOOR2_genome_manifest.csv
GCA_000020745	24_DOOR2_genome_manifest.csv
GCA_000020745.1	24_DOOR2_genome_manifest.csv
GCA_000020765	24_DOOR2_genome_manifest.csv
GCA_000020765.1	24_DOOR2_genome_manifest.csv
GCA_000020785	24_DOOR2_genome_manifest.csv
GCA_000020785.1	24_DOOR2_genome_manifest.csv
GCA_000020805	24_DOOR2_genome_manifest.csv
GCA_000020805.1	24_DOOR2_genome_manifest.csv
GCA_000020825	24_DOOR2_genome_manifest.csv
GCA_000020825.1	24_DOOR2_genome_manifest.csv
GCA_000020845	24_DOOR2_genome_manifest.csv
GCA_000020845.1	24_DOOR2_genome_manifest.csv
GCA_000020865	24_DOOR2_genome_manifest.csv
GCA_000020865.1	24_DOOR2_genome_manifest.csv
GCA_000020885	24_DOOR2_genome_manifest.csv
GCA_000020885.1	24_DOOR2_genome_manifest.csv
GCA_000020905	24_DOOR2_genome_manifest.csv
GCA_000020905.1	24_DOOR2_genome_manifest.csv
GCA_000020925	24_DOOR2_genome_manifest.csv
GCA_000020925.1	24_DOOR2_genome_manifest.csv
GCA_000020945	24_DOOR2_genome_manifest.csv
GCA_000020945.1	24_DOOR2_genome_manifest.csv
GCA_000020965	24_DOOR2_genome_manifest.csv
GCA_000020965.1	24_DOOR2_genome_manifest.csv
GCA_000020985	24_DOOR2_genome_manifest.csv
GCA_000020985.1	24_DOOR2_genome_manifest.csv
GCA_000021005	24_DOOR2_genome_manifest.csv
GCA_000021005.1	24_DOOR2_genome_manifest.csv
GCA_000021025	24_DOOR2_genome_manifest.csv
GCA_000021025.1	24_DOOR2_genome_manifest.csv
GCA_000021045	24_DOOR2_genome_manifest.csv
GCA_000021045.1	24_DOOR2_genome_manifest.csv
GCA_000021065	24_DOOR2_genome_manifest.csv
GCA_000021065.1	24_DOOR2_genome_manifest.csv
GCA_000021085	24_DOOR2_genome_manifest.csv
GCA_000021085.1	24_DOOR2_genome_manifest.csv
GCA_000021125	24_DOOR2_genome_manifest.csv
GCA_000021125.1	24_DOOR2_genome_manifest.csv
GCA_000021165	24_DOOR2_genome_manifest.csv
GCA_000021165.1	24_DOOR2_genome_manifest.csv
GCA_000021185	24_DOOR2_genome_manifest.csv
GCA_000021185.1	24_DOOR2_genome_manifest.csv
GCA_000021205	24_DOOR2_genome_manifest.csv
GCA_000021205.1	24_DOOR2_genome_manifest.csv
GCA_000021225	24_DOOR2_genome_manifest.csv
GCA_000021225.1	24_DOOR2_genome_manifest.csv
GCA_000021245	24_DOOR2_genome_manifest.csv
GCA_000021245.2	24_DOOR2_genome_manifest.csv
GCA_000021265	24_DOOR2_genome_manifest.csv
GCA_000021265.1	24_DOOR2_genome_manifest.csv
GCA_000021285	24_DOOR2_genome_manifest.csv
GCA_000021285.1	24_DOOR2_genome_manifest.csv
GCA_000021305	24_DOOR2_genome_manifest.csv
GCA_000021305.1	24_DOOR2_genome_manifest.csv
GCA_000021325	02_registry_all_accession_candidates.csv;03_genome_path_accession_index.csv;12_STRICT_GenoGrammar_assembly_bridge.csv
GCA_000021325.1	02_registry_all_accession_candidates.csv;03_genome_path_accession_index.csv;04_registry_genome_identity_resolved.csv;12_STRICT_GenoGrammar_assembly_bridge.csv
GCA_000021345	24_DOOR2_genome_manifest.csv
GCA_000021345.1	24_DOOR2_genome_manifest.csv
GCA_000021385	24_DOOR2_genome_manifest.csv
GCA_000021385.1	24_DOOR2_genome_manifest.csv
GCA_000021405	24_DOOR2_genome_manifest.csv
GCA_000021405.1	24_DOOR2_genome_manifest.csv
GCA_000021425	02_registry_all_accession_candidates.csv;03_genome_path_accession_index.csv;12_STRICT_GenoGrammar_assembly_bridge.csv;24_DOOR2_genome_manifest.csv
GCA_000021425.1	02_registry_all_accession_candidates.csv;03_genome_path_accession_index.csv;04_registry_genome_identity_resolved.csv;12_STRICT_GenoGrammar_assembly_bridge.csv;24_DOOR2_genome_manifest.csv
GCA_000021445	24_DOOR2_genome_manifest.csv
GCA_000021445.1	24_DOOR2_genome_manifest.csv
GCA_000021465	24_DOOR2_genome_manifest.csv
GCA_000021465.1	24_DOOR2_genome_manifest.csv
GCA_000021485	24_DOOR2_genome_manifest.csv
GCA_000021485.1	24_DOOR2_genome_manifest.csv
GCA_000021505	24_DOOR2_genome_manifest.csv
GCA_000021505.1	24_DOOR2_genome_manifest.csv
GCA_000021525	24_DOOR2_genome_manifest.csv
GCA_000021525.1	24_DOOR2_genome_manifest.csv
GCA_000021545	24_DOOR2_genome_manifest.csv
GCA_000021545.1	24_DOOR2_genome_manifest.csv
GCA_000021565	24_DOOR2_genome_manifest.csv
GCA_000021565.1	24_DOOR2_genome_manifest.csv
GCA_000021605	24_DOOR2_genome_manifest.csv
GCA_000021605.1	24_DOOR2_genome_manifest.csv
GCA_000021625	24_DOOR2_genome_manifest.csv
GCA_000021625.1	24_DOOR2_genome_manifest.csv
GCA_000021645	24_DOOR2_genome_manifest.csv
GCA_000021645.1	24_DOOR2_genome_manifest.csv
GCA_000021665	24_DOOR2_genome_manifest.csv
GCA_000021665.1	24_DOOR2_genome_manifest.csv
GCA_000021685	24_DOOR2_genome_manifest.csv
GCA_000021685.1	24_DOOR2_genome_manifest.csv
GCA_000021705	24_DOOR2_genome_manifest.csv
GCA_000021705.1	24_DOOR2_genome_manifest.csv
GCA_000021725	24_DOOR2_genome_manifest.csv
GCA_000021725.1	24_DOOR2_genome_manifest.csv
GCA_000021745	24_DOOR2_genome_manifest.csv
GCA_000021745.1	24_DOOR2_genome_manifest.csv
GCA_000021765	24_DOOR2_genome_manifest.csv
GCA_000021765.1	24_DOOR2_genome_manifest.csv
GCA_000021785	24_DOOR2_genome_manifest.csv
GCA_000021785.1	24_DOOR2_genome_manifest.csv
GCA_000021805	24_DOOR2_genome_manifest.csv
GCA_000021805.1	24_DOOR2_genome_manifest.csv
GCA_000021825	24_DOOR2_genome_manifest.csv
GCA_000021825.1	24_DOOR2_genome_manifest.csv
GCA_000021845	24_DOOR2_genome_manifest.csv
GCA_000021845.1	24_DOOR2_genome_manifest.csv
GCA_000021865	24_DOOR2_genome_manifest.csv
GCA_000021865.1	24_DOOR2_genome_manifest.csv
GCA_000021885	24_DOOR2_genome_manifest.csv
GCA_000021885.1	24_DOOR2_genome_manifest.csv
GCA_000021905	24_DOOR2_genome_manifest.csv
GCA_000021905.1	24_DOOR2_genome_manifest.csv
GCA_000021925	24_DOOR2_genome_manifest.csv
GCA_000021925.1	24_DOOR2_genome_manifest.csv
GCA_000021945	24_DOOR2_genome_manifest.csv
GCA_000021945.1	24_DOOR2_genome_manifest.csv
GCA_000021965	24_DOOR2_genome_manifest.csv
GCA_000021965.1	24_DOOR2_genome_manifest.csv
GCA_000021985	24_DOOR2_genome_manifest.csv
GCA_000021985.1	24_DOOR2_genome_manifest.csv
GCA_000022005	24_DOOR2_genome_manifest.csv
GCA_000022005.1	24_DOOR2_genome_manifest.csv
GCA_000022025	24_DOOR2_genome_manifest.csv
GCA_000022025.1	24_DOOR2_genome_manifest.csv
GCA_000022045	24_DOOR2_genome_manifest.csv
GCA_000022045.1	24_DOOR2_genome_manifest.csv
GCA_000022065	24_DOOR2_genome_manifest.csv
GCA_000022065.1	24_DOOR2_genome_manifest.csv
GCA_000022085	24_DOOR2_genome_manifest.csv
GCA_000022085.1	24_DOOR2_genome_manifest.csv
GCA_000022105	24_DOOR2_genome_manifest.csv
GCA_000022105.1	24_DOOR2_genome_manifest.csv
GCA_000022125	24_DOOR2_genome_manifest.csv
GCA_000022125.1	24_DOOR2_genome_manifest.csv
GCA_000022145	24_DOOR2_genome_manifest.csv
GCA_000022145.1	24_DOOR2_genome_manifest.csv
GCA_000022165	24_DOOR2_genome_manifest.csv
GCA_000022165.1	24_DOOR2_genome_manifest.csv
GCA_000022185	24_DOOR2_genome_manifest.csv
GCA_000022185.1	24_DOOR2_genome_manifest.csv
GCA_000022205	24_DOOR2_genome_manifest.csv
GCA_000022205.1	24_DOOR2_genome_manifest.csv
GCA_000022225	24_DOOR2_genome_manifest.csv
GCA_000022225.1	24_DOOR2_genome_manifest.csv
GCA_000022245	24_DOOR2_genome_manifest.csv
GCA_000022245.1	24_DOOR2_genome_manifest.csv
GCA_000022265	24_DOOR2_genome_manifest.csv
GCA_000022265.1	24_DOOR2_genome_manifest.csv
GCA_000022285	24_DOOR2_genome_manifest.csv
GCA_000022285.1	24_DOOR2_genome_manifest.csv
GCA_000022305	24_DOOR2_genome_manifest.csv
GCA_000022305.1	24_DOOR2_genome_manifest.csv
GCA_000022325	24_DOOR2_genome_manifest.csv
GCA_000022325.1	24_DOOR2_genome_manifest.csv
GCA_000022345	24_DOOR2_genome_manifest.csv
GCA_000022345.1	24_DOOR2_genome_manifest.csv
GCA_000022365	24_DOOR2_genome_manifest.csv
GCA_000022365.1	24_DOOR2_genome_manifest.csv
GCA_000022385	24_DOOR2_genome_manifest.csv
GCA_000022385.1	24_DOOR2_genome_manifest.csv
GCA_000022405	24_DOOR2_genome_manifest.csv
GCA_000022405.1	24_DOOR2_genome_manifest.csv
GCA_000022425	24_DOOR2_genome_manifest.csv
GCA_000022425.1	24_DOOR2_genome_manifest.csv
GCA_000022445	24_DOOR2_genome_manifest.csv
GCA_000022445.1	24_DOOR2_genome_manifest.csv
GCA_000022465	24_DOOR2_genome_manifest.csv
GCA_000022465.1	24_DOOR2_genome_manifest.csv
GCA_000022485	24_DOOR2_genome_manifest.csv
GCA_000022485.1	24_DOOR2_genome_manifest.csv
GCA_000022505	24_DOOR2_genome_manifest.csv
GCA_000022505.1	24_DOOR2_genome_manifest.csv
GCA_000022525	24_DOOR2_genome_manifest.csv
GCA_000022525.1	24_DOOR2_genome_manifest.csv
GCA_000022545	24_DOOR2_genome_manifest.csv
GCA_000022545.1	24_DOOR2_genome_manifest.csv
GCA_000022565	24_DOOR2_genome_manifest.csv
GCA_000022565.1	24_DOOR2_genome_manifest.csv
GCA_000022585	24_DOOR2_genome_manifest.csv
GCA_000022585.1	24_DOOR2_genome_manifest.csv
GCA_000022625	24_DOOR2_genome_manifest.csv
GCA_000022625.1	24_DOOR2_genome_manifest.csv
GCA_000022645	24_DOOR2_genome_manifest.csv
GCA_000022645.2	24_DOOR2_genome_manifest.csv
GCA_000022665	24_DOOR2_genome_manifest.csv
GCA_000022665.2	24_DOOR2_genome_manifest.csv
GCA_000022685	24_DOOR2_genome_manifest.csv
GCA_000022685.1	24_DOOR2_genome_manifest.csv
GCA_000022705	02_registry_all_accession_candidates.csv;03_genome_path_accession_index.csv;12_STRICT_GenoGrammar_assembly_bridge.csv;24_DOOR2_genome_manifest.csv
GCA_000022705.1	02_registry_all_accession_candidates.csv;03_genome_path_accession_index.csv;04_registry_genome_identity_resolved.csv;12_STRICT_GenoGrammar_assembly_bridge.csv;24_DOOR2_genome_manifest.csv
GCA_000022725	24_DOOR2_genome_manifest.csv
GCA_000022725.1	24_DOOR2_genome_manifest.csv
GCA_000022745	24_DOOR2_genome_manifest.csv
GCA_000022745.1	24_DOOR2_genome_manifest.csv
GCA_000022765	24_DOOR2_genome_manifest.csv
GCA_000022765.1	24_DOOR2_genome_manifest.csv
GCA_000022785	24_DOOR2_genome_manifest.csv
GCA_000022785.1	24_DOOR2_genome_manifest.csv
GCA_000022805	24_DOOR2_genome_manifest.csv
GCA_000022805.1	24_DOOR2_genome_manifest.csv
GCA_000022825	24_DOOR2_genome_manifest.csv
GCA_000022825.1	24_DOOR2_genome_manifest.csv
GCA_000022845	24_DOOR2_genome_manifest.csv
GCA_000022845.1	24_DOOR2_genome_manifest.csv
GCA_000022865	24_DOOR2_genome_manifest.csv
GCA_000022865.1	24_DOOR2_genome_manifest.csv
GCA_000022885	24_DOOR2_genome_manifest.csv
GCA_000022885.2	24_DOOR2_genome_manifest.csv
GCA_000022905	24_DOOR2_genome_manifest.csv
GCA_000022905.1	24_DOOR2_genome_manifest.csv
GCA_000022925	24_DOOR2_genome_manifest.csv
GCA_000022925.1	24_DOOR2_genome_manifest.csv
GCA_000022945	24_DOOR2_genome_manifest.csv
GCA_000022945.1	24_DOOR2_genome_manifest.csv
GCA_000022965	02_registry_all_accession_candidates.csv;03_genome_path_accession_index.csv;12_STRICT_GenoGrammar_assembly_bridge.csv;24_DOOR2_genome_manifest.csv
GCA_000022965.1	02_registry_all_accession_candidates.csv;03_genome_path_accession_index.csv;04_registry_genome_identity_resolved.csv;12_STRICT_GenoGrammar_assembly_bridge.csv;24_DOOR2_genome_manifest.csv
GCA_000022985	24_DOOR2_genome_manifest.csv
GCA_000022985.1	24_DOOR2_genome_manifest.csv
GCA_000023005	24_DOOR2_genome_manifest.csv
GCA_000023005.1	24_DOOR2_genome_manifest.csv
GCA_000023025	24_DOOR2_genome_manifest.csv
GCA_000023025.1	24_DOOR2_genome_manifest.csv
GCA_000023045	24_DOOR2_genome_manifest.csv
GCA_000023045.1	24_DOOR2_genome_manifest.csv
GCA_000023065	24_DOOR2_genome_manifest.csv
GCA_000023065.1	24_DOOR2_genome_manifest.csv
GCA_000023085	02_registry_all_accession_candidates.csv;03_genome_path_accession_index.csv;12_STRICT_GenoGrammar_assembly_bridge.csv;24_DOOR2_genome_manifest.csv
GCA_000023085.1	02_registry_all_accession_candidates.csv;03_genome_path_accession_index.csv;04_registry_genome_identity_resolved.csv;12_STRICT_GenoGrammar_assembly_bridge.csv;24_DOOR2_genome_manifest.csv
GCA_000023105	24_DOOR2_genome_manifest.csv
GCA_000023105.1	24_DOOR2_genome_manifest.csv
GCA_000023125	24_DOOR2_genome_manifest.csv
GCA_000023125.1	24_DOOR2_genome_manifest.csv
GCA_000023145	24_DOOR2_genome_manifest.csv
GCA_000023145.1	24_DOOR2_genome_manifest.csv
GCA_000023185	24_DOOR2_genome_manifest.csv
GCA_000023185.1	24_DOOR2_genome_manifest.csv
GCA_000023205	02_registry_all_accession_candidates.csv;03_genome_path_accession_index.csv;12_STRICT_GenoGrammar_assembly_bridge.csv;24_DOOR2_genome_manifest.csv
GCA_000023205.1	02_registry_all_accession_candidates.csv;03_genome_path_accession_index.csv;04_registry_genome_identity_resolved.csv;12_STRICT_GenoGrammar_assembly_bridge.csv;24_DOOR2_genome_manifest.csv
GCA_000023225	24_DOOR2_genome_manifest.csv
GCA_000023225.1	24_DOOR2_genome_manifest.csv
GCA_000023245	24_DOOR2_genome_manifest.csv
GCA_000023245.1	24_DOOR2_genome_manifest.csv
GCA_000023265	24_DOOR2_genome_manifest.csv
GCA_000023265.1	24_DOOR2_genome_manifest.csv
GCA_000023285	24_DOOR2_genome_manifest.csv
GCA_000023285.1	24_DOOR2_genome_manifest.csv
GCA_000023305	24_DOOR2_genome_manifest.csv
GCA_000023305.1	24_DOOR2_genome_manifest.csv
GCA_000023325	24_DOOR2_genome_manifest.csv
GCA_000023325.1	24_DOOR2_genome_manifest.csv
GCA_000023345	24_DOOR2_genome_manifest.csv
GCA_000023345.1	24_DOOR2_genome_manifest.csv
GCA_000023365	24_DOOR2_genome_manifest.csv
GCA_000023365.1	24_DOOR2_genome_manifest.csv
GCA_000023385	24_DOOR2_genome_manifest.csv
GCA_000023385.1	24_DOOR2_genome_manifest.csv
GCA_000023405	24_DOOR2_genome_manifest.csv
GCA_000023405.1	24_DOOR2_genome_manifest.csv
GCA_000023425	24_DOOR2_genome_manifest.csv
GCA_000023425.1	24_DOOR2_genome_manifest.csv
GCA_000023445	24_DOOR2_genome_manifest.csv
GCA_000023445.1	24_DOOR2_genome_manifest.csv
GCA_000023465	24_DOOR2_genome_manifest.csv
GCA_000023465.1	24_DOOR2_genome_manifest.csv
GCA_000023545	24_DOOR2_genome_manifest.csv
GCA_000023545.1	24_DOOR2_genome_manifest.csv
GCA_000023565	24_DOOR2_genome_manifest.csv
GCA_000023565.1	24_DOOR2_genome_manifest.csv
GCA_000023585	02_registry_all_accession_candidates.csv;03_genome_path_accession_index.csv;12_STRICT_GenoGrammar_assembly_bridge.csv;24_DOOR2_genome_manifest.csv
GCA_000023585.1	02_registry_all_accession_candidates.csv;03_genome_path_accession_index.csv;04_registry_genome_identity_resolved.csv;12_STRICT_GenoGrammar_assembly_bridge.csv;24_DOOR2_genome_manifest.csv
GCA_000023605	24_DOOR2_genome_manifest.csv
GCA_000023605.1	24_DOOR2_genome_manifest.csv
GCA_000023625	24_DOOR2_genome_manifest.csv
GCA_000023625.1	24_DOOR2_genome_manifest.csv
GCA_000023645	24_DOOR2_genome_manifest.csv
GCA_000023645.1	24_DOOR2_genome_manifest.csv
GCA_000023665	24_DOOR2_genome_manifest.csv
GCA_000023665.1	24_DOOR2_genome_manifest.csv
GCA_000023705	24_DOOR2_genome_manifest.csv
GCA_000023705.1	24_DOOR2_genome_manifest.csv
GCA_000023725	24_DOOR2_genome_manifest.csv
GCA_000023725.1	24_DOOR2_genome_manifest.csv
GCA_000023745	24_DOOR2_genome_manifest.csv
GCA_000023745.1	24_DOOR2_genome_manifest.csv
GCA_000023765	24_DOOR2_genome_manifest.csv
GCA_000023765.2	24_DOOR2_genome_manifest.csv
GCA_000023785	24_DOOR2_genome_manifest.csv
GCA_000023785.1	24_DOOR2_genome_manifest.csv
GCA_000023805	24_DOOR2_genome_manifest.csv
GCA_000023805.1	24_DOOR2_genome_manifest.csv
GCA_000023825	24_DOOR2_genome_manifest.csv
GCA_000023825.1	24_DOOR2_genome_manifest.csv
GCA_000023845	24_DOOR2_genome_manifest.csv
GCA_000023845.1	24_DOOR2_genome_manifest.csv
GCA_000023865	24_DOOR2_genome_manifest.csv
GCA_000023865.1	24_DOOR2_genome_manifest.csv
GCA_000023885	24_DOOR2_genome_manifest.csv
GCA_000023885.1	24_DOOR2_genome_manifest.csv
GCA_000023905	24_DOOR2_genome_manifest.csv
GCA_000023905.1	24_DOOR2_genome_manifest.csv
GCA_000023925	24_DOOR2_genome_manifest.csv
GCA_000023925.1	24_DOOR2_genome_manifest.csv
GCA_000023945	24_DOOR2_genome_manifest.csv
GCA_000023945.1	24_DOOR2_genome_manifest.csv
GCA_000023965	24_DOOR2_genome_manifest.csv
GCA_000023965.1	24_DOOR2_genome_manifest.csv
GCA_000023985	24_DOOR2_genome_manifest.csv
GCA_000023985.1	24_DOOR2_genome_manifest.csv
GCA_000024005	24_DOOR2_genome_manifest.csv
GCA_000024005.1	24_DOOR2_genome_manifest.csv
GCA_000024025	24_DOOR2_genome_manifest.csv
GCA_000024025.1	24_DOOR2_genome_manifest.csv
GCA_000024045	24_DOOR2_genome_manifest.csv
GCA_000024045.1	24_DOOR2_genome_manifest.csv
GCA_000024065	24_DOOR2_genome_manifest.csv
GCA_000024065.1	24_DOOR2_genome_manifest.csv
GCA_000024085	24_DOOR2_genome_manifest.csv
GCA_000024085.1	24_DOOR2_genome_manifest.csv
GCA_000024105	24_DOOR2_genome_manifest.csv
GCA_000024105.1	24_DOOR2_genome_manifest.csv
GCA_000024125	24_DOOR2_genome_manifest.csv
GCA_000024125.1	24_DOOR2_genome_manifest.csv
GCA_000024145	24_DOOR2_genome_manifest.csv
GCA_000024145.1	24_DOOR2_genome_manifest.csv
GCA_000024165	24_DOOR2_genome_manifest.csv
GCA_000024165.1	24_DOOR2_genome_manifest.csv
GCA_000024185	24_DOOR2_genome_manifest.csv
GCA_000024185.1	24_DOOR2_genome_manifest.csv
GCA_000024205	24_DOOR2_genome_manifest.csv
GCA_000024205.1	24_DOOR2_genome_manifest.csv
GCA_000024225	24_DOOR2_genome_manifest.csv
GCA_000024225.1	24_DOOR2_genome_manifest.csv
GCA_000024245	24_DOOR2_genome_manifest.csv
GCA_000024245.1	24_DOOR2_genome_manifest.csv
GCA_000024265	24_DOOR2_genome_manifest.csv
GCA_000024265.1	24_DOOR2_genome_manifest.csv
GCA_000024285	24_DOOR2_genome_manifest.csv
GCA_000024285.1	24_DOOR2_genome_manifest.csv
GCA_000024305	24_DOOR2_genome_manifest.csv
GCA_000024305.1	24_DOOR2_genome_manifest.csv
GCA_000024325	24_DOOR2_genome_manifest.csv
GCA_000024325.1	24_DOOR2_genome_manifest.csv
GCA_000024345	24_DOOR2_genome_manifest.csv
GCA_000024345.1	24_DOOR2_genome_manifest.csv
GCA_000024365	24_DOOR2_genome_manifest.csv
GCA_000024365.1	24_DOOR2_genome_manifest.csv
GCA_000024385	24_DOOR2_genome_manifest.csv
GCA_000024385.1	24_DOOR2_genome_manifest.csv
GCA_000024405	24_DOOR2_genome_manifest.csv
GCA_000024405.1	24_DOOR2_genome_manifest.csv
GCA_000024425	24_DOOR2_genome_manifest.csv
GCA_000024425.1	24_DOOR2_genome_manifest.csv
GCA_000024445	02_registry_all_accession_candidates.csv;03_genome_path_accession_index.csv;12_STRICT_GenoGrammar_assembly_bridge.csv;24_DOOR2_genome_manifest.csv
GCA_000024445.1	02_registry_all_accession_candidates.csv;03_genome_path_accession_index.csv;04_registry_genome_identity_resolved.csv;12_STRICT_GenoGrammar_assembly_bridge.csv;24_DOOR2_genome_manifest.csv
GCA_000024465	24_DOOR2_genome_manifest.csv
GCA_000024465.1	24_DOOR2_genome_manifest.csv
GCA_000024505	24_DOOR2_genome_manifest.csv
GCA_000024505.1	24_DOOR2_genome_manifest.csv
GCA_000024525	24_DOOR2_genome_manifest.csv
GCA_000024525.1	24_DOOR2_genome_manifest.csv
GCA_000024545	24_DOOR2_genome_manifest.csv
GCA_000024545.1	24_DOOR2_genome_manifest.csv
GCA_000024565	24_DOOR2_genome_manifest.csv
GCA_000024565.1	24_DOOR2_genome_manifest.csv
GCA_000024585	24_DOOR2_genome_manifest.csv
GCA_000024585.1	24_DOOR2_genome_manifest.csv
GCA_000024605	24_DOOR2_genome_manifest.csv
GCA_000024605.1	24_DOOR2_genome_manifest.csv
GCA_000024625	24_DOOR2_genome_manifest.csv
GCA_000024625.1	24_DOOR2_genome_manifest.csv
GCA_000024645	24_DOOR2_genome_manifest.csv
GCA_000024645.1	24_DOOR2_genome_manifest.csv
GCA_000024685	24_DOOR2_genome_manifest.csv
GCA_000024685.1	24_DOOR2_genome_manifest.csv
GCA_000024705	24_DOOR2_genome_manifest.csv
GCA_000024705.1	24_DOOR2_genome_manifest.csv
GCA_000024725	24_DOOR2_genome_manifest.csv
GCA_000024725.1	24_DOOR2_genome_manifest.csv
GCA_000024745	24_DOOR2_genome_manifest.csv
GCA_000024745.1	24_DOOR2_genome_manifest.csv
GCA_000024765	24_DOOR2_genome_manifest.csv
GCA_000024765.1	24_DOOR2_genome_manifest.csv
GCA_000024785	24_DOOR2_genome_manifest.csv
GCA_000024785.1	24_DOOR2_genome_manifest.csv
GCA_000024805	24_DOOR2_genome_manifest.csv
GCA_000024805.1	24_DOOR2_genome_manifest.csv
GCA_000024825	24_DOOR2_genome_manifest.csv
GCA_000024825.1	24_DOOR2_genome_manifest.csv
GCA_000024845	24_DOOR2_genome_manifest.csv
GCA_000024845.1	24_DOOR2_genome_manifest.csv
GCA_000024865	24_DOOR2_genome_manifest.csv
GCA_000024865.1	24_DOOR2_genome_manifest.csv
GCA_000024885	24_DOOR2_genome_manifest.csv
GCA_000024885.1	24_DOOR2_genome_manifest.csv
GCA_000024905	24_DOOR2_genome_manifest.csv
GCA_000024905.1	24_DOOR2_genome_manifest.csv
GCA_000024925	24_DOOR2_genome_manifest.csv
GCA_000024925.1	24_DOOR2_genome_manifest.csv
GCA_000024945	24_DOOR2_genome_manifest.csv
GCA_000024945.1	24_DOOR2_genome_manifest.csv
GCA_000024965	24_DOOR2_genome_manifest.csv
GCA_000024965.1	24_DOOR2_genome_manifest.csv
GCA_000024985	24_DOOR2_genome_manifest.csv
GCA_000024985.1	24_DOOR2_genome_manifest.csv
GCA_000025005	24_DOOR2_genome_manifest.csv
GCA_000025005.1	24_DOOR2_genome_manifest.csv
GCA_000025025	24_DOOR2_genome_manifest.csv
GCA_000025025.1	24_DOOR2_genome_manifest.csv
GCA_000025045	02_registry_all_accession_candidates.csv;03_genome_path_accession_index.csv;12_STRICT_GenoGrammar_assembly_bridge.csv;24_DOOR2_genome_manifest.csv
GCA_000025045.1	02_registry_all_accession_candidates.csv;03_genome_path_accession_index.csv;04_registry_genome_identity_resolved.csv;12_STRICT_GenoGrammar_assembly_bridge.csv;24_DOOR2_genome_manifest.csv
GCA_000025065	24_DOOR2_genome_manifest.csv
GCA_000025065.1	24_DOOR2_genome_manifest.csv
GCA_000025085	24_DOOR2_genome_manifest.csv
GCA_000025085.1	24_DOOR2_genome_manifest.csv
GCA_000025105	24_DOOR2_genome_manifest.csv
GCA_000025105.1	24_DOOR2_genome_manifest.csv
GCA_000025125	24_DOOR2_genome_manifest.csv
GCA_000025125.1	24_DOOR2_genome_manifest.csv
GCA_000025145	24_DOOR2_genome_manifest.csv
GCA_000025145.2	24_DOOR2_genome_manifest.csv
GCA_000025165	24_DOOR2_genome_manifest.csv
GCA_000025165.1	24_DOOR2_genome_manifest.csv
GCA_000025185	24_DOOR2_genome_manifest.csv
GCA_000025185.1	24_DOOR2_genome_manifest.csv
GCA_000025205	24_DOOR2_genome_manifest.csv
GCA_000025205.1	24_DOOR2_genome_manifest.csv
GCA_000025225	24_DOOR2_genome_manifest.csv
GCA_000025225.2	24_DOOR2_genome_manifest.csv
GCA_000025245	02_registry_all_accession_candidates.csv;03_genome_path_accession_index.csv;12_STRICT_GenoGrammar_assembly_bridge.csv;24_DOOR2_genome_manifest.csv
GCA_000025245.1	24_DOOR2_genome_manifest.csv
GCA_000025245.2	02_registry_all_accession_candidates.csv;03_genome_path_accession_index.csv;04_registry_genome_identity_resolved.csv;05_manifest_PRIMARY_rescued.csv;06_manifest_STRICT_rescued.csv;12_STRICT_GenoGrammar_assembly_bridge.csv
GCA_000025265	24_DOOR2_genome_manifest.csv
GCA_000025265.1	24_DOOR2_genome_manifest.csv
GCA_000025285	24_DOOR2_genome_manifest.csv
GCA_000025285.1	24_DOOR2_genome_manifest.csv
GCA_000025305	24_DOOR2_genome_manifest.csv
GCA_000025305.1	24_DOOR2_genome_manifest.csv
GCA_000025325	24_DOOR2_genome_manifest.csv
GCA_000025325.1	24_DOOR2_genome_manifest.csv
GCA_000025345	24_DOOR2_genome_manifest.csv
GCA_000025345.1	24_DOOR2_genome_manifest.csv
GCA_000025405	24_DOOR2_genome_manifest.csv
GCA_000025405.2	24_DOOR2_genome_manifest.csv
GCA_000025425	24_DOOR2_genome_manifest.csv
GCA_000025425.1	24_DOOR2_genome_manifest.csv
GCA_000025465	24_DOOR2_genome_manifest.csv
GCA_000025465.1	24_DOOR2_genome_manifest.csv
GCA_000025485	24_DOOR2_genome_manifest.csv
GCA_000025485.1	24_DOOR2_genome_manifest.csv
GCA_000025505	24_DOOR2_genome_manifest.csv
GCA_000025505.1	24_DOOR2_genome_manifest.csv
GCA_000025525	24_DOOR2_genome_manifest.csv
GCA_000025525.1	24_DOOR2_genome_manifest.csv
GCA_000025545	24_DOOR2_genome_manifest.csv
GCA_000025545.1	24_DOOR2_genome_manifest.csv
GCA_000025565	24_DOOR2_genome_manifest.csv
GCA_000025565.1	24_DOOR2_genome_manifest.csv
GCA_000025585	24_DOOR2_genome_manifest.csv
GCA_000025585.1	24_DOOR2_genome_manifest.csv
GCA_000025605	24_DOOR2_genome_manifest.csv
GCA_000025605.1	24_DOOR2_genome_manifest.csv
GCA_000025625	24_DOOR2_genome_manifest.csv
GCA_000025625.1	24_DOOR2_genome_manifest.csv
GCA_000025645	24_DOOR2_genome_manifest.csv
GCA_000025645.1	24_DOOR2_genome_manifest.csv
GCA_000025665	24_DOOR2_genome_manifest.csv
GCA_000025665.1	24_DOOR2_genome_manifest.csv
GCA_000025685	24_DOOR2_genome_manifest.csv
GCA_000025685.1	24_DOOR2_genome_manifest.csv
GCA_000025705	24_DOOR2_genome_manifest.csv
GCA_000025705.1	24_DOOR2_genome_manifest.csv
GCA_000025725	24_DOOR2_genome_manifest.csv
GCA_000025725.1	24_DOOR2_genome_manifest.csv
GCA_000025745	24_DOOR2_genome_manifest.csv
GCA_000025745.1	24_DOOR2_genome_manifest.csv
GCA_000025765	24_DOOR2_genome_manifest.csv
GCA_000025765.1	24_DOOR2_genome_manifest.csv
GCA_000025785	24_DOOR2_genome_manifest.csv
GCA_000025785.1	24_DOOR2_genome_manifest.csv
GCA_000025805	24_DOOR2_genome_manifest.csv
GCA_000025805.1	24_DOOR2_genome_manifest.csv
GCA_000025825	24_DOOR2_genome_manifest.csv
GCA_000025825.1	24_DOOR2_genome_manifest.csv
GCA_000025845	24_DOOR2_genome_manifest.csv
GCA_000025845.1	24_DOOR2_genome_manifest.csv
GCA_000025865	24_DOOR2_genome_manifest.csv
GCA_000025865.1	24_DOOR2_genome_manifest.csv
GCA_000025885	24_DOOR2_genome_manifest.csv
GCA_000025885.1	24_DOOR2_genome_manifest.csv
GCA_000025905	24_DOOR2_genome_manifest.csv
GCA_000025905.1	24_DOOR2_genome_manifest.csv
GCA_000025925	24_DOOR2_genome_manifest.csv
GCA_000025925.1	24_DOOR2_genome_manifest.csv
GCA_000025945	24_DOOR2_genome_manifest.csv
GCA_000025945.1	24_DOOR2_genome_manifest.csv
GCA_000025965	02_registry_all_accession_candidates.csv;03_genome_path_accession_index.csv;12_STRICT_GenoGrammar_assembly_bridge.csv;24_DOOR2_genome_manifest.csv
GCA_000025965.1	02_registry_all_accession_candidates.csv;03_genome_path_accession_index.csv;04_registry_genome_identity_resolved.csv;12_STRICT_GenoGrammar_assembly_bridge.csv;24_DOOR2_genome_manifest.csv
GCA_000025985	02_registry_all_accession_candidates.csv;03_genome_path_accession_index.csv;12_STRICT_GenoGrammar_assembly_bridge.csv;24_DOOR2_genome_manifest.csv
GCA_000025985.1	02_registry_all_accession_candidates.csv;03_genome_path_accession_index.csv;04_registry_genome_identity_resolved.csv;12_STRICT_GenoGrammar_assembly_bridge.csv;24_DOOR2_genome_manifest.csv
GCA_000026005	24_DOOR2_genome_manifest.csv
GCA_000026005.1	24_DOOR2_genome_manifest.csv
GCA_000026025	24_DOOR2_genome_manifest.csv
GCA_000026025.1	24_DOOR2_genome_manifest.csv
GCA_000026045	24_DOOR2_genome_manifest.csv
GCA_000026045.1	24_DOOR2_genome_manifest.csv
GCA_000026065	24_DOOR2_genome_manifest.csv
GCA_000026065.1	24_DOOR2_genome_manifest.csv
GCA_000026085	24_DOOR2_genome_manifest.csv
GCA_000026085.1	24_DOOR2_genome_manifest.csv
GCA_000026105	24_DOOR2_genome_manifest.csv
GCA_000026105.1	24_DOOR2_genome_manifest.csv
GCA_000026125	24_DOOR2_genome_manifest.csv
GCA_000026125.1	24_DOOR2_genome_manifest.csv
GCA_000026145	24_DOOR2_genome_manifest.csv
GCA_000026145.1	24_DOOR2_genome_manifest.csv
GCA_000026185	02_registry_all_accession_candidates.csv;03_genome_path_accession_index.csv;12_STRICT_GenoGrammar_assembly_bridge.csv;24_DOOR2_genome_manifest.csv
GCA_000026185.1	02_registry_all_accession_candidates.csv;03_genome_path_accession_index.csv;04_registry_genome_identity_resolved.csv;12_STRICT_GenoGrammar_assembly_bridge.csv;24_DOOR2_genome_manifest.csv
GCA_000026205	24_DOOR2_genome_manifest.csv
GCA_000026205.1	24_DOOR2_genome_manifest.csv
GCA_000026225	24_DOOR2_genome_manifest.csv
GCA_000026225.1	24_DOOR2_genome_manifest.csv
GCA_000026245	24_DOOR2_genome_manifest.csv
GCA_000026245.1	24_DOOR2_genome_manifest.csv
GCA_000026265	24_DOOR2_genome_manifest.csv
GCA_000026265.1	24_DOOR2_genome_manifest.csv
GCA_000026285	24_DOOR2_genome_manifest.csv
GCA_000026285.2	24_DOOR2_genome_manifest.csv
GCA_000026305	24_DOOR2_genome_manifest.csv
GCA_000026305.1	24_DOOR2_genome_manifest.csv
GCA_000026325	24_DOOR2_genome_manifest.csv
GCA_000026325.2	24_DOOR2_genome_manifest.csv
GCA_000026345	24_DOOR2_genome_manifest.csv
GCA_000026345.1	24_DOOR2_genome_manifest.csv
GCA_000026405	24_DOOR2_genome_manifest.csv
GCA_000026405.1	24_DOOR2_genome_manifest.csv
GCA_000026485	02_registry_all_accession_candidates.csv;03_genome_path_accession_index.csv;12_STRICT_GenoGrammar_assembly_bridge.csv;24_DOOR2_genome_manifest.csv
GCA_000026485.1	02_registry_all_accession_candidates.csv;03_genome_path_accession_index.csv;04_registry_genome_identity_resolved.csv;12_STRICT_GenoGrammar_assembly_bridge.csv;24_DOOR2_genome_manifest.csv
GCA_000026505	02_registry_all_accession_candidates.csv;03_genome_path_accession_index.csv;12_STRICT_GenoGrammar_assembly_bridge.csv;24_DOOR2_genome_manifest.csv
GCA_000026505.1	02_registry_all_accession_candidates.csv;03_genome_path_accession_index.csv;04_registry_genome_identity_resolved.csv;12_STRICT_GenoGrammar_assembly_bridge.csv;24_DOOR2_genome_manifest.csv
GCA_000026525	02_registry_all_accession_candidates.csv;03_genome_path_accession_index.csv;12_STRICT_GenoGrammar_assembly_bridge.csv;24_DOOR2_genome_manifest.csv
GCA_000026525.1	02_registry_all_accession_candidates.csv;03_genome_path_accession_index.csv;04_registry_genome_identity_resolved.csv;12_STRICT_GenoGrammar_assembly_bridge.csv;24_DOOR2_genome_manifest.csv
GCA_000026545	24_DOOR2_genome_manifest.csv
GCA_000026545.1	24_DOOR2_genome_manifest.csv
GCA_000026565	24_DOOR2_genome_manifest.csv
GCA_000026565.1	24_DOOR2_genome_manifest.csv
GCA_000026585	24_DOOR2_genome_manifest.csv
GCA_000026585.1	24_DOOR2_genome_manifest.csv
GCA_000026605	24_DOOR2_genome_manifest.csv
GCA_000026605.1	24_DOOR2_genome_manifest.csv
GCA_000026645	24_DOOR2_genome_manifest.csv
GCA_000026645.1	24_DOOR2_genome_manifest.csv
GCA_000026665	24_DOOR2_genome_manifest.csv
GCA_000026665.1	24_DOOR2_genome_manifest.csv
GCA_000026685	24_DOOR2_genome_manifest.csv
GCA_000026685.1	24_DOOR2_genome_manifest.csv
GCA_000026705	24_DOOR2_genome_manifest.csv
GCA_000026705.1	24_DOOR2_genome_manifest.csv
GCA_000026725	24_DOOR2_genome_manifest.csv
GCA_000026725.1	24_DOOR2_genome_manifest.csv
GCA_000026745	24_DOOR2_genome_manifest.csv
GCA_000026745.1	24_DOOR2_genome_manifest.csv
GCA_000026765	24_DOOR2_genome_manifest.csv
GCA_000026765.1	24_DOOR2_genome_manifest.csv
GCA_000026905	24_DOOR2_genome_manifest.csv
GCA_000026905.1	24_DOOR2_genome_manifest.csv
GCA_000026925	24_DOOR2_genome_manifest.csv
GCA_000026925.1	24_DOOR2_genome_manifest.csv
GCA_000026965	24_DOOR2_genome_manifest.csv
GCA_000026965.1	24_DOOR2_genome_manifest.csv
GCA_000026985	24_DOOR2_genome_manifest.csv
GCA_000026985.1	24_DOOR2_genome_manifest.csv
GCA_000027025	24_DOOR2_genome_manifest.csv
GCA_000027025.1	24_DOOR2_genome_manifest.csv
GCA_000027065	24_DOOR2_genome_manifest.csv
GCA_000027065.2	24_DOOR2_genome_manifest.csv
GCA_000027085	24_DOOR2_genome_manifest.csv
GCA_000027085.1	24_DOOR2_genome_manifest.csv
GCA_000027105	24_DOOR2_genome_manifest.csv
GCA_000027105.1	24_DOOR2_genome_manifest.csv
GCA_000027125	24_DOOR2_genome_manifest.csv
GCA_000027125.1	24_DOOR2_genome_manifest.csv
GCA_000027145	24_DOOR2_genome_manifest.csv
GCA_000027145.1	24_DOOR2_genome_manifest.csv
GCA_000027165	24_DOOR2_genome_manifest.csv
GCA_000027165.1	24_DOOR2_genome_manifest.csv
GCA_000027185	24_DOOR2_genome_manifest.csv
GCA_000027185.1	24_DOOR2_genome_manifest.csv
GCA_000027205	24_DOOR2_genome_manifest.csv
GCA_000027205.1	24_DOOR2_genome_manifest.csv
GCA_000027225	24_DOOR2_genome_manifest.csv
GCA_000027225.1	24_DOOR2_genome_manifest.csv
GCA_000027265	24_DOOR2_genome_manifest.csv
GCA_000027265.1	24_DOOR2_genome_manifest.csv
GCA_000027305	24_DOOR2_genome_manifest.csv
GCA_000027305.1	24_DOOR2_genome_manifest.csv
GCA_000027325	24_DOOR2_genome_manifest.csv
GCA_000027325.1	24_DOOR2_genome_manifest.csv
GCA_000027345	24_DOOR2_genome_manifest.csv
GCA_000027345.1	24_DOOR2_genome_manifest.csv
GCA_000039765	24_DOOR2_genome_manifest.csv
GCA_000039765.1	24_DOOR2_genome_manifest.csv
GCA_000043285	24_DOOR2_genome_manifest.csv
GCA_000043285.1	24_DOOR2_genome_manifest.csv
GCA_000046685	24_DOOR2_genome_manifest.csv
GCA_000046685.1	24_DOOR2_genome_manifest.csv
GCA_000046705	24_DOOR2_genome_manifest.csv
GCA_000046705.1	24_DOOR2_genome_manifest.csv
GCA_000046845	02_registry_all_accession_candidates.csv;03_genome_path_accession_index.csv;12_STRICT_GenoGrammar_assembly_bridge.csv;24_DOOR2_genome_manifest.csv
GCA_000046845.1	02_registry_all_accession_candidates.csv;03_genome_path_accession_index.csv;04_registry_genome_identity_resolved.csv;12_STRICT_GenoGrammar_assembly_bridge.csv;24_DOOR2_genome_manifest.csv
GCA_000047365	24_DOOR2_genome_manifest.csv
GCA_000047365.1	24_DOOR2_genome_manifest.csv
GCA_000048645	24_DOOR2_genome_manifest.csv
GCA_000048645.1	24_DOOR2_genome_manifest.csv
GCA_000048665	24_DOOR2_genome_manifest.csv
GCA_000048665.1	24_DOOR2_genome_manifest.csv
GCA_000050405	24_DOOR2_genome_manifest.csv
GCA_000050405.1	24_DOOR2_genome_manifest.csv
GCA_000054005	24_DOOR2_genome_manifest.csv
GCA_000054005.1	24_DOOR2_genome_manifest.csv
GCA_000055785	24_DOOR2_genome_manifest.csv
GCA_000055785.1	24_DOOR2_genome_manifest.csv
GCA_000055945	24_DOOR2_genome_manifest.csv
GCA_000055945.1	24_DOOR2_genome_manifest.csv
GCA_000056065	02_registry_all_accession_candidates.csv;03_genome_path_accession_index.csv;12_STRICT_GenoGrammar_assembly_bridge.csv;24_DOOR2_genome_manifest.csv
GCA_000056065.1	02_registry_all_accession_candidates.csv;03_genome_path_accession_index.csv;04_registry_genome_identity_resolved.csv;12_STRICT_GenoGrammar_assembly_bridge.csv;24_DOOR2_genome_manifest.csv
GCA_000058485	24_DOOR2_genome_manifest.csv
GCA_000058485.1	24_DOOR2_genome_manifest.csv
GCA_000060285	24_DOOR2_genome_manifest.csv
GCA_000060285.1	24_DOOR2_genome_manifest.csv
GCA_000060345	24_DOOR2_genome_manifest.csv
GCA_000060345.1	24_DOOR2_genome_manifest.csv
GCA_000061505	24_DOOR2_genome_manifest.csv
GCA_000061505.1	24_DOOR2_genome_manifest.csv
GCA_000062885	24_DOOR2_genome_manifest.csv
GCA_000062885.1	24_DOOR2_genome_manifest.csv
GCA_000063445	24_DOOR2_genome_manifest.csv
GCA_000063445.1	24_DOOR2_genome_manifest.csv
GCA_000063485	24_DOOR2_genome_manifest.csv
GCA_000063485.1	24_DOOR2_genome_manifest.csv
GCA_000063505	24_DOOR2_genome_manifest.csv
GCA_000063505.1	24_DOOR2_genome_manifest.csv
GCA_000063525	24_DOOR2_genome_manifest.csv
GCA_000063525.1	24_DOOR2_genome_manifest.csv
GCA_000063545	24_DOOR2_genome_manifest.csv
GCA_000063545.1	24_DOOR2_genome_manifest.csv
GCA_000063585	24_DOOR2_genome_manifest.csv
GCA_000063585.1	24_DOOR2_genome_manifest.csv
GCA_000063605	24_DOOR2_genome_manifest.csv
GCA_000063605.1	24_DOOR2_genome_manifest.csv
GCA_000064305	24_DOOR2_genome_manifest.csv
GCA_000064305.2	24_DOOR2_genome_manifest.csv
GCA_000067045	24_DOOR2_genome_manifest.csv
GCA_000067045.1	24_DOOR2_genome_manifest.csv
GCA_000067165	24_DOOR2_genome_manifest.csv
GCA_000067165.1	24_DOOR2_genome_manifest.csv
GCA_000067205	24_DOOR2_genome_manifest.csv
GCA_000067205.1	24_DOOR2_genome_manifest.csv
GCA_000068525	24_DOOR2_genome_manifest.csv
GCA_000068525.2	24_DOOR2_genome_manifest.csv
GCA_000068585	24_DOOR2_genome_manifest.csv
GCA_000068585.1	24_DOOR2_genome_manifest.csv
GCA_000069025	24_DOOR2_genome_manifest.csv
GCA_000069025.1	24_DOOR2_genome_manifest.csv
GCA_000069185	24_DOOR2_genome_manifest.csv
GCA_000069185.1	24_DOOR2_genome_manifest.csv
GCA_000069205	24_DOOR2_genome_manifest.csv
GCA_000069205.1	24_DOOR2_genome_manifest.csv
GCA_000069225	24_DOOR2_genome_manifest.csv
GCA_000069225.1	24_DOOR2_genome_manifest.csv
GCA_000069245	24_DOOR2_genome_manifest.csv
GCA_000069245.1	24_DOOR2_genome_manifest.csv
GCA_000069785	24_DOOR2_genome_manifest.csv
GCA_000069785.1	24_DOOR2_genome_manifest.csv
GCA_000069925	24_DOOR2_genome_manifest.csv
GCA_000069925.1	24_DOOR2_genome_manifest.csv
GCA_000069945	24_DOOR2_genome_manifest.csv
GCA_000069945.1	24_DOOR2_genome_manifest.csv
GCA_000069965	24_DOOR2_genome_manifest.csv
GCA_000069965.1	24_DOOR2_genome_manifest.csv
GCA_000070465	24_DOOR2_genome_manifest.csv
GCA_000070465.1	24_DOOR2_genome_manifest.csv
GCA_000070605	24_DOOR2_genome_manifest.csv
GCA_000070605.1	24_DOOR2_genome_manifest.csv
GCA_000072485	24_DOOR2_genome_manifest.csv
GCA_000072485.1	24_DOOR2_genome_manifest.csv
GCA_000073005	24_DOOR2_genome_manifest.csv
GCA_000073005.1	24_DOOR2_genome_manifest.csv
GCA_000083545	24_DOOR2_genome_manifest.csv
GCA_000083545.1	24_DOOR2_genome_manifest.csv
GCA_000083565	24_DOOR2_genome_manifest.csv
GCA_000083565.1	24_DOOR2_genome_manifest.csv
GCA_000085225	24_DOOR2_genome_manifest.csv
GCA_000085225.1	24_DOOR2_genome_manifest.csv
GCA_000085865	24_DOOR2_genome_manifest.csv
GCA_000085865.1	24_DOOR2_genome_manifest.csv
GCA_000089865	24_DOOR2_genome_manifest.csv
GCA_000089865.1	24_DOOR2_genome_manifest.csv
GCA_000090405	24_DOOR2_genome_manifest.csv
GCA_000090405.1	24_DOOR2_genome_manifest.csv
GCA_000090965	24_DOOR2_genome_manifest.csv
GCA_000090965.1	24_DOOR2_genome_manifest.csv
GCA_000091005	24_DOOR2_genome_manifest.csv
GCA_000091005.1	24_DOOR2_genome_manifest.csv
GCA_000091125	24_DOOR2_genome_manifest.csv
GCA_000091125.1	24_DOOR2_genome_manifest.csv
GCA_000091165	24_DOOR2_genome_manifest.csv
GCA_000091165.1	24_DOOR2_genome_manifest.csv
GCA_000091305	24_DOOR2_genome_manifest.csv
GCA_000091305.1	24_DOOR2_genome_manifest.csv
GCA_000091325	24_DOOR2_genome_manifest.csv
GCA_000091325.1	24_DOOR2_genome_manifest.csv
GCA_000091345	24_DOOR2_genome_manifest.csv
GCA_000091345.1	24_DOOR2_genome_manifest.csv
GCA_000091405	24_DOOR2_genome_manifest.csv
GCA_000091405.1	24_DOOR2_genome_manifest.csv
GCA_000091465	24_DOOR2_genome_manifest.csv
GCA_000091465.1	24_DOOR2_genome_manifest.csv
GCA_000091545	24_DOOR2_genome_manifest.csv
GCA_000091545.1	24_DOOR2_genome_manifest.csv
GCA_000091565	24_DOOR2_genome_manifest.csv
GCA_000091565.1	24_DOOR2_genome_manifest.csv
GCA_000091645	24_DOOR2_genome_manifest.csv
GCA_000091645.1	24_DOOR2_genome_manifest.csv
GCA_000091665	24_DOOR2_genome_manifest.csv
GCA_000091665.1	24_DOOR2_genome_manifest.csv
GCA_000091725	02_registry_all_accession_candidates.csv;03_genome_path_accession_index.csv;12_STRICT_GenoGrammar_assembly_bridge.csv;24_DOOR2_genome_manifest.csv
GCA_000091725.1	02_registry_all_accession_candidates.csv;03_genome_path_accession_index.csv;04_registry_genome_identity_resolved.csv;12_STRICT_GenoGrammar_assembly_bridge.csv;24_DOOR2_genome_manifest.csv
GCA_000091765	24_DOOR2_genome_manifest.csv
GCA_000091765.1	24_DOOR2_genome_manifest.csv
GCA_000091785	24_DOOR2_genome_manifest.csv
GCA_000091785.1	24_DOOR2_genome_manifest.csv
GCA_000091905	24_DOOR2_genome_manifest.csv
GCA_000091905.1	24_DOOR2_genome_manifest.csv
GCA_000091985	24_DOOR2_genome_manifest.csv
GCA_000091985.1	24_DOOR2_genome_manifest.csv
GCA_000092025	24_DOOR2_genome_manifest.csv
GCA_000092025.1	24_DOOR2_genome_manifest.csv
GCA_000092045	24_DOOR2_genome_manifest.csv
GCA_000092045.1	24_DOOR2_genome_manifest.csv
GCA_000092105	24_DOOR2_genome_manifest.csv
GCA_000092105.1	24_DOOR2_genome_manifest.csv
GCA_000092125	24_DOOR2_genome_manifest.csv
GCA_000092125.1	24_DOOR2_genome_manifest.csv
GCA_000092165	24_DOOR2_genome_manifest.csv
GCA_000092165.1	24_DOOR2_genome_manifest.csv
GCA_000092185	24_DOOR2_genome_manifest.csv
GCA_000092185.1	24_DOOR2_genome_manifest.csv
GCA_000092205	24_DOOR2_genome_manifest.csv
GCA_000092205.1	24_DOOR2_genome_manifest.csv
GCA_000092225	24_DOOR2_genome_manifest.csv
GCA_000092225.1	24_DOOR2_genome_manifest.csv
GCA_000092245	24_DOOR2_genome_manifest.csv
GCA_000092245.1	24_DOOR2_genome_manifest.csv
GCA_000092265	24_DOOR2_genome_manifest.csv
GCA_000092265.1	24_DOOR2_genome_manifest.csv
GCA_000092285	24_DOOR2_genome_manifest.csv
GCA_000092285.1	24_DOOR2_genome_manifest.csv
GCA_000092305	24_DOOR2_genome_manifest.csv
GCA_000092305.1	24_DOOR2_genome_manifest.csv
GCA_000092325	02_registry_all_accession_candidates.csv;03_genome_path_accession_index.csv;12_STRICT_GenoGrammar_assembly_bridge.csv;24_DOOR2_genome_manifest.csv
GCA_000092325.1	02_registry_all_accession_candidates.csv;03_genome_path_accession_index.csv;04_registry_genome_identity_resolved.csv;12_STRICT_GenoGrammar_assembly_bridge.csv;24_DOOR2_genome_manifest.csv
GCA_000092345	24_DOOR2_genome_manifest.csv
GCA_000092345.1	24_DOOR2_genome_manifest.csv
GCA_000092365	24_DOOR2_genome_manifest.csv
GCA_000092365.1	24_DOOR2_genome_manifest.csv
GCA_000092385	24_DOOR2_genome_manifest.csv
GCA_000092385.1	24_DOOR2_genome_manifest.csv
GCA_000092405	24_DOOR2_genome_manifest.csv
GCA_000092405.1	24_DOOR2_genome_manifest.csv
GCA_000092425	24_DOOR2_genome_manifest.csv
GCA_000092425.1	24_DOOR2_genome_manifest.csv
GCA_000092445	24_DOOR2_genome_manifest.csv
GCA_000092445.1	24_DOOR2_genome_manifest.csv
GCA_000092465	24_DOOR2_genome_manifest.csv
GCA_000092465.1	24_DOOR2_genome_manifest.csv
GCA_000092485	24_DOOR2_genome_manifest.csv
GCA_000092485.1	24_DOOR2_genome_manifest.csv
GCA_000092505	24_DOOR2_genome_manifest.csv
GCA_000092505.1	24_DOOR2_genome_manifest.csv
GCA_000092525	24_DOOR2_genome_manifest.csv
GCA_000092525.1	24_DOOR2_genome_manifest.csv
GCA_000092545	24_DOOR2_genome_manifest.csv
GCA_000092545.1	24_DOOR2_genome_manifest.csv
GCA_000092565	24_DOOR2_genome_manifest.csv
GCA_000092565.1	24_DOOR2_genome_manifest.csv
GCA_000092585	24_DOOR2_genome_manifest.csv
GCA_000092585.1	24_DOOR2_genome_manifest.csv
GCA_000092605	24_DOOR2_genome_manifest.csv
GCA_000092605.1	24_DOOR2_genome_manifest.csv
GCA_000092625	24_DOOR2_genome_manifest.csv
GCA_000092625.1	24_DOOR2_genome_manifest.csv
GCA_000092645	24_DOOR2_genome_manifest.csv
GCA_000092645.1	24_DOOR2_genome_manifest.csv
GCA_000092665	24_DOOR2_genome_manifest.csv
GCA_000092665.1	24_DOOR2_genome_manifest.csv
GCA_000092685	24_DOOR2_genome_manifest.csv
GCA_000092685.1	24_DOOR2_genome_manifest.csv
GCA_000092705	24_DOOR2_genome_manifest.csv
GCA_000092705.1	24_DOOR2_genome_manifest.csv
GCA_000092725	24_DOOR2_genome_manifest.csv
GCA_000092725.1	24_DOOR2_genome_manifest.csv
GCA_000092745	24_DOOR2_genome_manifest.csv
GCA_000092745.1	24_DOOR2_genome_manifest.csv
GCA_000092765	02_registry_all_accession_candidates.csv;03_genome_path_accession_index.csv;12_STRICT_GenoGrammar_assembly_bridge.csv;24_DOOR2_genome_manifest.csv
GCA_000092765.1	02_registry_all_accession_candidates.csv;03_genome_path_accession_index.csv;04_registry_genome_identity_resolved.csv;12_STRICT_GenoGrammar_assembly_bridge.csv;24_DOOR2_genome_manifest.csv
GCA_000092785	24_DOOR2_genome_manifest.csv
GCA_000092785.1	24_DOOR2_genome_manifest.csv
GCA_000092805	24_DOOR2_genome_manifest.csv
GCA_000092805.1	24_DOOR2_genome_manifest.csv
GCA_000092825	24_DOOR2_genome_manifest.csv
GCA_000092825.1	24_DOOR2_genome_manifest.csv
GCA_000092845	24_DOOR2_genome_manifest.csv
GCA_000092845.1	24_DOOR2_genome_manifest.csv
GCA_000092865	24_DOOR2_genome_manifest.csv
GCA_000092865.1	24_DOOR2_genome_manifest.csv
GCA_000092885	24_DOOR2_genome_manifest.csv
GCA_000092885.1	24_DOOR2_genome_manifest.csv
GCA_000092905	24_DOOR2_genome_manifest.csv
GCA_000092905.1	24_DOOR2_genome_manifest.csv
GCA_000092925	24_DOOR2_genome_manifest.csv
GCA_000092925.1	24_DOOR2_genome_manifest.csv
GCA_000092945	24_DOOR2_genome_manifest.csv
GCA_000092945.1	24_DOOR2_genome_manifest.csv
GCA_000092965	24_DOOR2_genome_manifest.csv
GCA_000092965.1	24_DOOR2_genome_manifest.csv
GCA_000092985	24_DOOR2_genome_manifest.csv
GCA_000092985.1	24_DOOR2_genome_manifest.csv
GCA_000093005	24_DOOR2_genome_manifest.csv
GCA_000093005.1	24_DOOR2_genome_manifest.csv
GCA_000093025	24_DOOR2_genome_manifest.csv
GCA_000093025.1	24_DOOR2_genome_manifest.csv
GCA_000093065	24_DOOR2_genome_manifest.csv
GCA_000093065.1	24_DOOR2_genome_manifest.csv
GCA_000093085	24_DOOR2_genome_manifest.csv
GCA_000093085.1	24_DOOR2_genome_manifest.csv
GCA_000093125	24_DOOR2_genome_manifest.csv
GCA_000093125.2	24_DOOR2_genome_manifest.csv
GCA_000093165	24_DOOR2_genome_manifest.csv
GCA_000093165.1	24_DOOR2_genome_manifest.csv
GCA_000093185	24_DOOR2_genome_manifest.csv
GCA_000093185.1	24_DOOR2_genome_manifest.csv
GCA_000143085	24_DOOR2_genome_manifest.csv
GCA_000143085.1	24_DOOR2_genome_manifest.csv
GCA_000143145	24_DOOR2_genome_manifest.csv
GCA_000143145.1	24_DOOR2_genome_manifest.csv
GCA_000143165	24_DOOR2_genome_manifest.csv
GCA_000143165.1	24_DOOR2_genome_manifest.csv
GCA_000143205	02_registry_all_accession_candidates.csv;03_genome_path_accession_index.csv;12_STRICT_GenoGrammar_assembly_bridge.csv;24_DOOR2_genome_manifest.csv
GCA_000143205.1	02_registry_all_accession_candidates.csv;03_genome_path_accession_index.csv;04_registry_genome_identity_resolved.csv;12_STRICT_GenoGrammar_assembly_bridge.csv;24_DOOR2_genome_manifest.csv
GCA_000143225	24_DOOR2_genome_manifest.csv
GCA_000143225.1	24_DOOR2_genome_manifest.csv
GCA_000143435	02_registry_all_accession_candidates.csv;03_genome_path_accession_index.csv;12_STRICT_GenoGrammar_assembly_bridge.csv;24_DOOR2_genome_manifest.csv
GCA_000143435.1	02_registry_all_accession_candidates.csv;03_genome_path_accession_index.csv;04_registry_genome_identity_resolved.csv;12_STRICT_GenoGrammar_assembly_bridge.csv;24_DOOR2_genome_manifest.csv
GCA_000143605	24_DOOR2_genome_manifest.csv
GCA_000143605.1	24_DOOR2_genome_manifest.csv
GCA_000143685	24_DOOR2_genome_manifest.csv
GCA_000143685.1	24_DOOR2_genome_manifest.csv
GCA_000143705	24_DOOR2_genome_manifest.csv
GCA_000143705.2	24_DOOR2_genome_manifest.csv
GCA_000143725	24_DOOR2_genome_manifest.csv
GCA_000143725.1	24_DOOR2_genome_manifest.csv
GCA_000143745	02_registry_all_accession_candidates.csv;03_genome_path_accession_index.csv;12_STRICT_GenoGrammar_assembly_bridge.csv
GCA_000143745.1	02_registry_all_accession_candidates.csv;03_genome_path_accession_index.csv;04_registry_genome_identity_resolved.csv;12_STRICT_GenoGrammar_assembly_bridge.csv
GCA_000143845	24_DOOR2_genome_manifest.csv
GCA_000143845.1	24_DOOR2_genome_manifest.csv
GCA_000143885	24_DOOR2_genome_manifest.csv
GCA_000143885.2	24_DOOR2_genome_manifest.csv
GCA_000143945	24_DOOR2_genome_manifest.csv
GCA_000143945.1	24_DOOR2_genome_manifest.csv
GCA_000143965	24_DOOR2_genome_manifest.csv
GCA_000143965.1	24_DOOR2_genome_manifest.csv
GCA_000143985	24_DOOR2_genome_manifest.csv
GCA_000143985.1	24_DOOR2_genome_manifest.csv
GCA_000144405	24_DOOR2_genome_manifest.csv
GCA_000144405.1	24_DOOR2_genome_manifest.csv
GCA_000144605	24_DOOR2_genome_manifest.csv
GCA_000144605.1	24_DOOR2_genome_manifest.csv
GCA_000144625	24_DOOR2_genome_manifest.csv
GCA_000144625.1	24_DOOR2_genome_manifest.csv
GCA_000144645	24_DOOR2_genome_manifest.csv
GCA_000144645.1	24_DOOR2_genome_manifest.csv
GCA_000144675	24_DOOR2_genome_manifest.csv
GCA_000144675.2	24_DOOR2_genome_manifest.csv
GCA_000144915	24_DOOR2_genome_manifest.csv
GCA_000144915.1	24_DOOR2_genome_manifest.csv
GCA_000144935	24_DOOR2_genome_manifest.csv
GCA_000144935.3	24_DOOR2_genome_manifest.csv
GCA_000144955	24_DOOR2_genome_manifest.csv
GCA_000144955.1	24_DOOR2_genome_manifest.csv
GCA_000145035	24_DOOR2_genome_manifest.csv
GCA_000145035.1	24_DOOR2_genome_manifest.csv
GCA_000145215	24_DOOR2_genome_manifest.csv
GCA_000145215.1	24_DOOR2_genome_manifest.csv
GCA_000145235	02_registry_all_accession_candidates.csv;03_genome_path_accession_index.csv;12_STRICT_GenoGrammar_assembly_bridge.csv;24_DOOR2_genome_manifest.csv
GCA_000145235.1	02_registry_all_accession_candidates.csv;03_genome_path_accession_index.csv;04_registry_genome_identity_resolved.csv;12_STRICT_GenoGrammar_assembly_bridge.csv;24_DOOR2_genome_manifest.csv
GCA_000145255	24_DOOR2_genome_manifest.csv
GCA_000145255.1	24_DOOR2_genome_manifest.csv
GCA_000145275	24_DOOR2_genome_manifest.csv
GCA_000145275.1	24_DOOR2_genome_manifest.csv
GCA_000145295	24_DOOR2_genome_manifest.csv
GCA_000145295.1	24_DOOR2_genome_manifest.csv
GCA_000145595	24_DOOR2_genome_manifest.csv
GCA_000145595.1	24_DOOR2_genome_manifest.csv
GCA_000145615	24_DOOR2_genome_manifest.csv
GCA_000145615.1	24_DOOR2_genome_manifest.csv
GCA_000145705	24_DOOR2_genome_manifest.csv
GCA_000145705.1	24_DOOR2_genome_manifest.csv
GCA_000145985	24_DOOR2_genome_manifest.csv
GCA_000145985.1	24_DOOR2_genome_manifest.csv
GCA_000146165	24_DOOR2_genome_manifest.csv
GCA_000146165.2	24_DOOR2_genome_manifest.csv
GCA_000146185	24_DOOR2_genome_manifest.csv
GCA_000146185.1	24_DOOR2_genome_manifest.csv
GCA_000146305	24_DOOR2_genome_manifest.csv
GCA_000146305.1	24_DOOR2_genome_manifest.csv
GCA_000146505	24_DOOR2_genome_manifest.csv
GCA_000146505.1	24_DOOR2_genome_manifest.csv
GCA_000146565	24_DOOR2_genome_manifest.csv
GCA_000146565.1	24_DOOR2_genome_manifest.csv
GCA_000146775	02_registry_all_accession_candidates.csv;03_genome_path_accession_index.csv;12_STRICT_GenoGrammar_assembly_bridge.csv
GCA_000146775.1	02_registry_all_accession_candidates.csv;03_genome_path_accession_index.csv;04_registry_genome_identity_resolved.csv;12_STRICT_GenoGrammar_assembly_bridge.csv
GCA_000146875	24_DOOR2_genome_manifest.csv
GCA_000146875.2	24_DOOR2_genome_manifest.csv
GCA_000146975	24_DOOR2_genome_manifest.csv
GCA_000146975.1	24_DOOR2_genome_manifest.csv
GCA_000147015	24_DOOR2_genome_manifest.csv
GCA_000147015.1	24_DOOR2_genome_manifest.csv
GCA_000147035	24_DOOR2_genome_manifest.csv
GCA_000147035.1	24_DOOR2_genome_manifest.csv
GCA_000147055	24_DOOR2_genome_manifest.csv
GCA_000147055.1	24_DOOR2_genome_manifest.csv
GCA_000147075	24_DOOR2_genome_manifest.csv
GCA_000147075.1	24_DOOR2_genome_manifest.csv
GCA_000147095	24_DOOR2_genome_manifest.csv
GCA_000147095.1	24_DOOR2_genome_manifest.csv
GCA_000147335	24_DOOR2_genome_manifest.csv
GCA_000147335.1	24_DOOR2_genome_manifest.csv
GCA_000147355	24_DOOR2_genome_manifest.csv
GCA_000147355.1	24_DOOR2_genome_manifest.csv
GCA_000147695	24_DOOR2_genome_manifest.csv
GCA_000147695.3	24_DOOR2_genome_manifest.csv
GCA_000147715	24_DOOR2_genome_manifest.csv
GCA_000147715.3	24_DOOR2_genome_manifest.csv
GCA_000147735	24_DOOR2_genome_manifest.csv
GCA_000147735.3	24_DOOR2_genome_manifest.csv
GCA_000147775	24_DOOR2_genome_manifest.csv
GCA_000147775.3	24_DOOR2_genome_manifest.csv
GCA_000147795	24_DOOR2_genome_manifest.csv
GCA_000147795.3	24_DOOR2_genome_manifest.csv
GCA_000147815	24_DOOR2_genome_manifest.csv
GCA_000147815.3	24_DOOR2_genome_manifest.csv
GCA_000147835	24_DOOR2_genome_manifest.csv
GCA_000147835.3	24_DOOR2_genome_manifest.csv
GCA_000147855	24_DOOR2_genome_manifest.csv
GCA_000147855.3	24_DOOR2_genome_manifest.csv
GCA_000147875	24_DOOR2_genome_manifest.csv
GCA_000147875.1	24_DOOR2_genome_manifest.csv
GCA_000148365	24_DOOR2_genome_manifest.csv
GCA_000148365.1	24_DOOR2_genome_manifest.csv
GCA_000148385	24_DOOR2_genome_manifest.csv
GCA_000148385.1	24_DOOR2_genome_manifest.csv
GCA_000148405	24_DOOR2_genome_manifest.csv
GCA_000148405.1	24_DOOR2_genome_manifest.csv
GCA_000148425	24_DOOR2_genome_manifest.csv
GCA_000148425.1	24_DOOR2_genome_manifest.csv
GCA_000148605	24_DOOR2_genome_manifest.csv
GCA_000148605.1	24_DOOR2_genome_manifest.csv
GCA_000148625	24_DOOR2_genome_manifest.csv
GCA_000148625.1	24_DOOR2_genome_manifest.csv
GCA_000148645	24_DOOR2_genome_manifest.csv
GCA_000148645.1	24_DOOR2_genome_manifest.csv
GCA_000148665	24_DOOR2_genome_manifest.csv
GCA_000148665.1	24_DOOR2_genome_manifest.csv
GCA_000148685	24_DOOR2_genome_manifest.csv
GCA_000148685.1	24_DOOR2_genome_manifest.csv
GCA_000148705	24_DOOR2_genome_manifest.csv
GCA_000148705.1	24_DOOR2_genome_manifest.csv
GCA_000148815	02_registry_all_accession_candidates.csv;03_genome_path_accession_index.csv;12_STRICT_GenoGrammar_assembly_bridge.csv
GCA_000148815.2	02_registry_all_accession_candidates.csv;03_genome_path_accession_index.csv;04_registry_genome_identity_resolved.csv;12_STRICT_GenoGrammar_assembly_bridge.csv
GCA_000148855	24_DOOR2_genome_manifest.csv
GCA_000148855.1	24_DOOR2_genome_manifest.csv
GCA_000148875	24_DOOR2_genome_manifest.csv
GCA_000148875.1	24_DOOR2_genome_manifest.csv
GCA_000148895	24_DOOR2_genome_manifest.csv
GCA_000148895.1	24_DOOR2_genome_manifest.csv
GCA_000148915	24_DOOR2_genome_manifest.csv
GCA_000148915.1	24_DOOR2_genome_manifest.csv
GCA_000148935	24_DOOR2_genome_manifest.csv
GCA_000148935.1	24_DOOR2_genome_manifest.csv
GCA_000151105	24_DOOR2_genome_manifest.csv
GCA_000151105.2	24_DOOR2_genome_manifest.csv
GCA_000151205	24_DOOR2_genome_manifest.csv
GCA_000151205.2	24_DOOR2_genome_manifest.csv
GCA_000152065	24_DOOR2_genome_manifest.csv
GCA_000152065.3	24_DOOR2_genome_manifest.csv
GCA_000152165	24_DOOR2_genome_manifest.csv
GCA_000152165.1	24_DOOR2_genome_manifest.csv
GCA_000152245	24_DOOR2_genome_manifest.csv
GCA_000152245.2	24_DOOR2_genome_manifest.csv
GCA_000152825	24_DOOR2_genome_manifest.csv
GCA_000152825.2	24_DOOR2_genome_manifest.csv
GCA_000153165	24_DOOR2_genome_manifest.csv
GCA_000153165.2	24_DOOR2_genome_manifest.csv
GCA_000154085	02_registry_all_accession_candidates.csv;03_genome_path_accession_index.csv;12_STRICT_GenoGrammar_assembly_bridge.csv
GCA_000154085.1	02_registry_all_accession_candidates.csv;03_genome_path_accession_index.csv;04_registry_genome_identity_resolved.csv;12_STRICT_GenoGrammar_assembly_bridge.csv
GCA_000154585	24_DOOR2_genome_manifest.csv
GCA_000154585.2	24_DOOR2_genome_manifest.csv
GCA_000154605	24_DOOR2_genome_manifest.csv
GCA_000154605.2	24_DOOR2_genome_manifest.csv
GCA_000154765	02_registry_all_accession_candidates.csv;03_genome_path_accession_index.csv;12_STRICT_GenoGrammar_assembly_bridge.csv
GCA_000154765.2	02_registry_all_accession_candidates.csv;03_genome_path_accession_index.csv;04_registry_genome_identity_resolved.csv;12_STRICT_GenoGrammar_assembly_bridge.csv
GCA_000154785	24_DOOR2_genome_manifest.csv
GCA_000154785.2	24_DOOR2_genome_manifest.csv
GCA_000155355	02_registry_all_accession_candidates.csv;03_genome_path_accession_index.csv;12_STRICT_GenoGrammar_assembly_bridge.csv
GCA_000155355.1	02_registry_all_accession_candidates.csv;03_genome_path_accession_index.csv;04_registry_genome_identity_resolved.csv;12_STRICT_GenoGrammar_assembly_bridge.csv
GCA_000155375	02_registry_all_accession_candidates.csv;03_genome_path_accession_index.csv;12_STRICT_GenoGrammar_assembly_bridge.csv
GCA_000155375.1	02_registry_all_accession_candidates.csv;03_genome_path_accession_index.csv;04_registry_genome_identity_resolved.csv;12_STRICT_GenoGrammar_assembly_bridge.csv
GCA_000155395	02_registry_all_accession_candidates.csv;03_genome_path_accession_index.csv;12_STRICT_GenoGrammar_assembly_bridge.csv
GCA_000155395.1	02_registry_all_accession_candidates.csv;03_genome_path_accession_index.csv;04_registry_genome_identity_resolved.csv;12_STRICT_GenoGrammar_assembly_bridge.csv
GCA_000155515	02_registry_all_accession_candidates.csv;03_genome_path_accession_index.csv;12_STRICT_GenoGrammar_assembly_bridge.csv
GCA_000155515.2	02_registry_all_accession_candidates.csv;03_genome_path_accession_index.csv;04_registry_genome_identity_resolved.csv;12_STRICT_GenoGrammar_assembly_bridge.csv
GCA_000158015	02_registry_all_accession_candidates.csv;03_genome_path_accession_index.csv;12_STRICT_GenoGrammar_assembly_bridge.csv
GCA_000158015.1	02_registry_all_accession_candidates.csv;03_genome_path_accession_index.csv;04_registry_genome_identity_resolved.csv;12_STRICT_GenoGrammar_assembly_bridge.csv
GCA_000159155	24_DOOR2_genome_manifest.csv
GCA_000159155.2	24_DOOR2_genome_manifest.csv
GCA_000159215	02_registry_all_accession_candidates.csv;03_genome_path_accession_index.csv;12_STRICT_GenoGrammar_assembly_bridge.csv
GCA_000159215.1	02_registry_all_accession_candidates.csv;03_genome_path_accession_index.csv;04_registry_genome_identity_resolved.csv;12_STRICT_GenoGrammar_assembly_bridge.csv
GCA_000159395	02_registry_all_accession_candidates.csv;03_genome_path_accession_index.csv;12_STRICT_GenoGrammar_assembly_bridge.csv
GCA_000159395.1	02_registry_all_accession_candidates.csv;03_genome_path_accession_index.csv;04_registry_genome_identity_resolved.csv;12_STRICT_GenoGrammar_assembly_bridge.csv
GCA_000159455	02_registry_all_accession_candidates.csv;03_genome_path_accession_index.csv;12_STRICT_GenoGrammar_assembly_bridge.csv;24_DOOR2_genome_manifest.csv
GCA_000159455.2	02_registry_all_accession_candidates.csv;03_genome_path_accession_index.csv;04_registry_genome_identity_resolved.csv;12_STRICT_GenoGrammar_assembly_bridge.csv;24_DOOR2_genome_manifest.csv
GCA_000159535	24_DOOR2_genome_manifest.csv
GCA_000159535.2	24_DOOR2_genome_manifest.csv
GCA_000159715	02_registry_all_accession_candidates.csv;03_genome_path_accession_index.csv;12_STRICT_GenoGrammar_assembly_bridge.csv
GCA_000159715.1	02_registry_all_accession_candidates.csv;03_genome_path_accession_index.csv;04_registry_genome_identity_resolved.csv;12_STRICT_GenoGrammar_assembly_bridge.csv
GCA_000160715	02_registry_all_accession_candidates.csv;03_genome_path_accession_index.csv;12_STRICT_GenoGrammar_assembly_bridge.csv
GCA_000160715.1	02_registry_all_accession_candidates.csv;03_genome_path_accession_index.csv;04_registry_genome_identity_resolved.csv;12_STRICT_GenoGrammar_assembly_bridge.csv
GCA_000163615	24_DOOR2_genome_manifest.csv
GCA_000163615.3	24_DOOR2_genome_manifest.csv
GCA_000163895	24_DOOR2_genome_manifest.csv
GCA_000163895.2	24_DOOR2_genome_manifest.csv
GCA_000164675	24_DOOR2_genome_manifest.csv
GCA_000164675.2	24_DOOR2_genome_manifest.csv
GCA_000164695	24_DOOR2_genome_manifest.csv
GCA_000164695.2	24_DOOR2_genome_manifest.csv
GCA_000164865	24_DOOR2_genome_manifest.csv
GCA_000164865.1	24_DOOR2_genome_manifest.csv
GCA_000164885	24_DOOR2_genome_manifest.csv
GCA_000164885.1	24_DOOR2_genome_manifest.csv
GCA_000164905	24_DOOR2_genome_manifest.csv
GCA_000164905.1	24_DOOR2_genome_manifest.csv
GCA_000164965	02_registry_all_accession_candidates.csv;03_genome_path_accession_index.csv;12_STRICT_GenoGrammar_assembly_bridge.csv;24_DOOR2_genome_manifest.csv
GCA_000164965.1	02_registry_all_accession_candidates.csv;03_genome_path_accession_index.csv;04_registry_genome_identity_resolved.csv;12_STRICT_GenoGrammar_assembly_bridge.csv;24_DOOR2_genome_manifest.csv
GCA_000164985	24_DOOR2_genome_manifest.csv
GCA_000164985.2	24_DOOR2_genome_manifest.csv
GCA_000165465	24_DOOR2_genome_manifest.csv
GCA_000165465.1	24_DOOR2_genome_manifest.csv
GCA_000165485	24_DOOR2_genome_manifest.csv
GCA_000165485.1	24_DOOR2_genome_manifest.csv
GCA_000165505	24_DOOR2_genome_manifest.csv
GCA_000165505.1	24_DOOR2_genome_manifest.csv
GCA_000165525	24_DOOR2_genome_manifest.csv
GCA_000165525.1	24_DOOR2_genome_manifest.csv
GCA_000165575	24_DOOR2_genome_manifest.csv
GCA_000165575.1	24_DOOR2_genome_manifest.csv
GCA_000165715	24_DOOR2_genome_manifest.csv
GCA_000165715.3	24_DOOR2_genome_manifest.csv
GCA_000165775	02_registry_all_accession_candidates.csv;03_genome_path_accession_index.csv;12_STRICT_GenoGrammar_assembly_bridge.csv;24_DOOR2_genome_manifest.csv
GCA_000165775.3	02_registry_all_accession_candidates.csv;03_genome_path_accession_index.csv;04_registry_genome_identity_resolved.csv;12_STRICT_GenoGrammar_assembly_bridge.csv;24_DOOR2_genome_manifest.csv
GCA_000165815	24_DOOR2_genome_manifest.csv
GCA_000165815.1	24_DOOR2_genome_manifest.csv
GCA_000165835	24_DOOR2_genome_manifest.csv
GCA_000165835.1	24_DOOR2_genome_manifest.csv
GCA_000165885	02_registry_all_accession_candidates.csv;03_genome_path_accession_index.csv;12_STRICT_GenoGrammar_assembly_bridge.csv
GCA_000165885.1	02_registry_all_accession_candidates.csv;03_genome_path_accession_index.csv;04_registry_genome_identity_resolved.csv;12_STRICT_GenoGrammar_assembly_bridge.csv
GCA_000165905	02_registry_all_accession_candidates.csv;03_genome_path_accession_index.csv;12_STRICT_GenoGrammar_assembly_bridge.csv;24_DOOR2_genome_manifest.csv
GCA_000165905.1	02_registry_all_accession_candidates.csv;03_genome_path_accession_index.csv;04_registry_genome_identity_resolved.csv;12_STRICT_GenoGrammar_assembly_bridge.csv;24_DOOR2_genome_manifest.csv
GCA_000165925	24_DOOR2_genome_manifest.csv
GCA_000165925.1	24_DOOR2_genome_manifest.csv
GCA_000166055	24_DOOR2_genome_manifest.csv
GCA_000166055.1	24_DOOR2_genome_manifest.csv
GCA_000166075	24_DOOR2_genome_manifest.csv
GCA_000166075.1	24_DOOR2_genome_manifest.csv
GCA_000166095	24_DOOR2_genome_manifest.csv
GCA_000166095.1	24_DOOR2_genome_manifest.csv
GCA_000166115	24_DOOR2_genome_manifest.csv
GCA_000166115.1	24_DOOR2_genome_manifest.csv
GCA_000166135	24_DOOR2_genome_manifest.csv
GCA_000166135.1	24_DOOR2_genome_manifest.csv
GCA_000166295	24_DOOR2_genome_manifest.csv
GCA_000166295.1	24_DOOR2_genome_manifest.csv
GCA_000166315	02_registry_all_accession_candidates.csv;03_genome_path_accession_index.csv;12_STRICT_GenoGrammar_assembly_bridge.csv;24_DOOR2_genome_manifest.csv
GCA_000166315.1	02_registry_all_accession_candidates.csv;03_genome_path_accession_index.csv;04_registry_genome_identity_resolved.csv;12_STRICT_GenoGrammar_assembly_bridge.csv;24_DOOR2_genome_manifest.csv
GCA_000166335	24_DOOR2_genome_manifest.csv
GCA_000166335.1	24_DOOR2_genome_manifest.csv
GCA_000166355	24_DOOR2_genome_manifest.csv
GCA_000166355.1	24_DOOR2_genome_manifest.csv
GCA_000166395	24_DOOR2_genome_manifest.csv
GCA_000166395.1	24_DOOR2_genome_manifest.csv
GCA_000166415	24_DOOR2_genome_manifest.csv
GCA_000166415.1	24_DOOR2_genome_manifest.csv
GCA_000166455	24_DOOR2_genome_manifest.csv
GCA_000166455.2	24_DOOR2_genome_manifest.csv
GCA_000166635	24_DOOR2_genome_manifest.csv
GCA_000166635.2	24_DOOR2_genome_manifest.csv
GCA_000166655	24_DOOR2_genome_manifest.csv
GCA_000166655.2	24_DOOR2_genome_manifest.csv
GCA_000166695	24_DOOR2_genome_manifest.csv
GCA_000166695.1	24_DOOR2_genome_manifest.csv
GCA_000166775	24_DOOR2_genome_manifest.csv
GCA_000166775.1	24_DOOR2_genome_manifest.csv
GCA_000168255	02_registry_all_accession_candidates.csv;03_genome_path_accession_index.csv;12_STRICT_GenoGrammar_assembly_bridge.csv
GCA_000168255.1	02_registry_all_accession_candidates.csv;03_genome_path_accession_index.csv;04_registry_genome_identity_resolved.csv;12_STRICT_GenoGrammar_assembly_bridge.csv
GCA_000168315	24_DOOR2_genome_manifest.csv
GCA_000168315.3	24_DOOR2_genome_manifest.csv
GCA_000168575	24_DOOR2_genome_manifest.csv
GCA_000168575.2	24_DOOR2_genome_manifest.csv
GCA_000168595	24_DOOR2_genome_manifest.csv
GCA_000168595.2	24_DOOR2_genome_manifest.csv
GCA_000168635	24_DOOR2_genome_manifest.csv
GCA_000168635.2	24_DOOR2_genome_manifest.csv
GCA_000168695	24_DOOR2_genome_manifest.csv
GCA_000168695.2	24_DOOR2_genome_manifest.csv
GCA_000169195	24_DOOR2_genome_manifest.csv
GCA_000169195.2	24_DOOR2_genome_manifest.csv
GCA_000169215	24_DOOR2_genome_manifest.csv
GCA_000169215.2	24_DOOR2_genome_manifest.csv
GCA_000172575	24_DOOR2_genome_manifest.csv
GCA_000172575.2	24_DOOR2_genome_manifest.csv
GCA_000172635	24_DOOR2_genome_manifest.csv
GCA_000172635.2	24_DOOR2_genome_manifest.csv
GCA_000172995	24_DOOR2_genome_manifest.csv
GCA_000172995.2	24_DOOR2_genome_manifest.csv
GCA_000173255	02_registry_all_accession_candidates.csv;03_genome_path_accession_index.csv;12_STRICT_GenoGrammar_assembly_bridge.csv
GCA_000173255.3	02_registry_all_accession_candidates.csv;03_genome_path_accession_index.csv;04_registry_genome_identity_resolved.csv;05_manifest_PRIMARY_rescued.csv;06_manifest_STRICT_rescued.csv;12_STRICT_GenoGrammar_assembly_bridge.csv
GCA_000174395	24_DOOR2_genome_manifest.csv
GCA_000174395.2	24_DOOR2_genome_manifest.csv
GCA_000174795	24_DOOR2_genome_manifest.csv
GCA_000174795.2	24_DOOR2_genome_manifest.csv
GCA_000175095	24_DOOR2_genome_manifest.csv
GCA_000175095.2	24_DOOR2_genome_manifest.csv
GCA_000175115	24_DOOR2_genome_manifest.csv
GCA_000175115.2	24_DOOR2_genome_manifest.csv
GCA_000175215	24_DOOR2_genome_manifest.csv
GCA_000175215.2	24_DOOR2_genome_manifest.csv
GCA_000175255	24_DOOR2_genome_manifest.csv
GCA_000175255.2	24_DOOR2_genome_manifest.csv
GCA_000175295	24_DOOR2_genome_manifest.csv
GCA_000175295.2	24_DOOR2_genome_manifest.csv
GCA_000175935	02_registry_all_accession_candidates.csv;03_genome_path_accession_index.csv;12_STRICT_GenoGrammar_assembly_bridge.csv;24_DOOR2_genome_manifest.csv
GCA_000175935.2	02_registry_all_accession_candidates.csv;03_genome_path_accession_index.csv;04_registry_genome_identity_resolved.csv;12_STRICT_GenoGrammar_assembly_bridge.csv;24_DOOR2_genome_manifest.csv
GCA_000176035	24_DOOR2_genome_manifest.csv
GCA_000176035.2	24_DOOR2_genome_manifest.csv
GCA_000176115	24_DOOR2_genome_manifest.csv
GCA_000176115.2	24_DOOR2_genome_manifest.csv
GCA_000176855	24_DOOR2_genome_manifest.csv
GCA_000176855.2	24_DOOR2_genome_manifest.csv
GCA_000176915	24_DOOR2_genome_manifest.csv
GCA_000176915.2	24_DOOR2_genome_manifest.csv
GCA_000177195	24_DOOR2_genome_manifest.csv
GCA_000177195.2	24_DOOR2_genome_manifest.csv
GCA_000177235	24_DOOR2_genome_manifest.csv
GCA_000177235.2	24_DOOR2_genome_manifest.csv
GCA_000177255	24_DOOR2_genome_manifest.csv
GCA_000177255.2	24_DOOR2_genome_manifest.csv
GCA_000177535	24_DOOR2_genome_manifest.csv
GCA_000177535.2	24_DOOR2_genome_manifest.csv
GCA_000177615	24_DOOR2_genome_manifest.csv
GCA_000177615.2	24_DOOR2_genome_manifest.csv
GCA_000177635	24_DOOR2_genome_manifest.csv
GCA_000177635.2	24_DOOR2_genome_manifest.csv
GCA_000177655	24_DOOR2_genome_manifest.csv
GCA_000177655.2	24_DOOR2_genome_manifest.csv
GCA_000178115	24_DOOR2_genome_manifest.csv
GCA_000178115.2	24_DOOR2_genome_manifest.csv
GCA_000178395	24_DOOR2_genome_manifest.csv
GCA_000178395.2	24_DOOR2_genome_manifest.csv
GCA_000178835	24_DOOR2_genome_manifest.csv
GCA_000178835.2	24_DOOR2_genome_manifest.csv
GCA_000178875	24_DOOR2_genome_manifest.csv
GCA_000178875.2	24_DOOR2_genome_manifest.csv
GCA_000178935	24_DOOR2_genome_manifest.csv
GCA_000178935.2	24_DOOR2_genome_manifest.csv
GCA_000178975	24_DOOR2_genome_manifest.csv
GCA_000178975.2	24_DOOR2_genome_manifest.csv
GCA_000179015	24_DOOR2_genome_manifest.csv
GCA_000179015.2	24_DOOR2_genome_manifest.csv
GCA_000179035	24_DOOR2_genome_manifest.csv
GCA_000179035.2	24_DOOR2_genome_manifest.csv
GCA_000179395	24_DOOR2_genome_manifest.csv
GCA_000179395.2	24_DOOR2_genome_manifest.csv
GCA_000179575	24_DOOR2_genome_manifest.csv
GCA_000179575.2	24_DOOR2_genome_manifest.csv
GCA_000179635	24_DOOR2_genome_manifest.csv
GCA_000179635.2	24_DOOR2_genome_manifest.csv
GCA_000179915	24_DOOR2_genome_manifest.csv
GCA_000179915.2	24_DOOR2_genome_manifest.csv
GCA_000180515	24_DOOR2_genome_manifest.csv
GCA_000180515.2	24_DOOR2_genome_manifest.csv
GCA_000182585	24_DOOR2_genome_manifest.csv
GCA_000182585.2	24_DOOR2_genome_manifest.csv
GCA_000182745	24_DOOR2_genome_manifest.csv
GCA_000182745.1	24_DOOR2_genome_manifest.csv
GCA_000182835	02_registry_all_accession_candidates.csv;03_genome_path_accession_index.csv;12_STRICT_GenoGrammar_assembly_bridge.csv;24_DOOR2_genome_manifest.csv
GCA_000182835.1	02_registry_all_accession_candidates.csv;03_genome_path_accession_index.csv;04_registry_genome_identity_resolved.csv;12_STRICT_GenoGrammar_assembly_bridge.csv;24_DOOR2_genome_manifest.csv
GCA_000182875	02_registry_all_accession_candidates.csv;03_genome_path_accession_index.csv;12_STRICT_GenoGrammar_assembly_bridge.csv;24_DOOR2_genome_manifest.csv
GCA_000182875.1	02_registry_all_accession_candidates.csv;03_genome_path_accession_index.csv;04_registry_genome_identity_resolved.csv;12_STRICT_GenoGrammar_assembly_bridge.csv;24_DOOR2_genome_manifest.csv
GCA_000183115	24_DOOR2_genome_manifest.csv
GCA_000183115.1	24_DOOR2_genome_manifest.csv
GCA_000183135	24_DOOR2_genome_manifest.csv
GCA_000183135.1	24_DOOR2_genome_manifest.csv
GCA_000183155	24_DOOR2_genome_manifest.csv
GCA_000183155.1	24_DOOR2_genome_manifest.csv
GCA_000183185	24_DOOR2_genome_manifest.csv
GCA_000183185.1	24_DOOR2_genome_manifest.csv
GCA_000183225	24_DOOR2_genome_manifest.csv
GCA_000183225.1	24_DOOR2_genome_manifest.csv
GCA_000183245	24_DOOR2_genome_manifest.csv
GCA_000183245.1	24_DOOR2_genome_manifest.csv
GCA_000183305	24_DOOR2_genome_manifest.csv
GCA_000183305.1	24_DOOR2_genome_manifest.csv
GCA_000183345	24_DOOR2_genome_manifest.csv
GCA_000183345.1	24_DOOR2_genome_manifest.csv
GCA_000183365	24_DOOR2_genome_manifest.csv
GCA_000183365.1	24_DOOR2_genome_manifest.csv
GCA_000183385	24_DOOR2_genome_manifest.csv
GCA_000183385.1	24_DOOR2_genome_manifest.csv
GCA_000183405	24_DOOR2_genome_manifest.csv
GCA_000183405.1	24_DOOR2_genome_manifest.csv
GCA_000183425	24_DOOR2_genome_manifest.csv
GCA_000183425.1	24_DOOR2_genome_manifest.csv
GCA_000183645	24_DOOR2_genome_manifest.csv
GCA_000183645.1	24_DOOR2_genome_manifest.csv
GCA_000183665	24_DOOR2_genome_manifest.csv
GCA_000183665.1	24_DOOR2_genome_manifest.csv
GCA_000183725	24_DOOR2_genome_manifest.csv
GCA_000183725.1	24_DOOR2_genome_manifest.csv
GCA_000183745	24_DOOR2_genome_manifest.csv
GCA_000183745.1	24_DOOR2_genome_manifest.csv
GCA_000184065	24_DOOR2_genome_manifest.csv
GCA_000184065.1	24_DOOR2_genome_manifest.csv
GCA_000184085	24_DOOR2_genome_manifest.csv
GCA_000184085.1	24_DOOR2_genome_manifest.csv
GCA_000184185	24_DOOR2_genome_manifest.csv
GCA_000184185.1	24_DOOR2_genome_manifest.csv
GCA_000184205	24_DOOR2_genome_manifest.csv
GCA_000184205.1	24_DOOR2_genome_manifest.csv
GCA_000184325	24_DOOR2_genome_manifest.csv
GCA_000184325.1	24_DOOR2_genome_manifest.csv
GCA_000184345	24_DOOR2_genome_manifest.csv
GCA_000184345.2	24_DOOR2_genome_manifest.csv
GCA_000184435	24_DOOR2_genome_manifest.csv
GCA_000184435.1	24_DOOR2_genome_manifest.csv
GCA_000184685	24_DOOR2_genome_manifest.csv
GCA_000184685.1	24_DOOR2_genome_manifest.csv
GCA_000184705	24_DOOR2_genome_manifest.csv
GCA_000184705.1	24_DOOR2_genome_manifest.csv
GCA_000184745	24_DOOR2_genome_manifest.csv
GCA_000184745.1	24_DOOR2_genome_manifest.csv
GCA_000184925	24_DOOR2_genome_manifest.csv
GCA_000184925.1	24_DOOR2_genome_manifest.csv
GCA_000185185	24_DOOR2_genome_manifest.csv
GCA_000185185.1	24_DOOR2_genome_manifest.csv
GCA_000185205	24_DOOR2_genome_manifest.csv
GCA_000185205.1	24_DOOR2_genome_manifest.csv
GCA_000185225	24_DOOR2_genome_manifest.csv
GCA_000185225.1	24_DOOR2_genome_manifest.csv
GCA_000185245	24_DOOR2_genome_manifest.csv
GCA_000185245.1	24_DOOR2_genome_manifest.csv
GCA_000185745	24_DOOR2_genome_manifest.csv
GCA_000185745.1	24_DOOR2_genome_manifest.csv
GCA_000185805	24_DOOR2_genome_manifest.csv
GCA_000185805.1	24_DOOR2_genome_manifest.csv
GCA_000185885	24_DOOR2_genome_manifest.csv
GCA_000185885.1	24_DOOR2_genome_manifest.csv
GCA_000185905	24_DOOR2_genome_manifest.csv
GCA_000185905.1	24_DOOR2_genome_manifest.csv
GCA_000185965	24_DOOR2_genome_manifest.csv
GCA_000185965.1	24_DOOR2_genome_manifest.csv
GCA_000185985	24_DOOR2_genome_manifest.csv
GCA_000185985.2	24_DOOR2_genome_manifest.csv
GCA_000186005	24_DOOR2_genome_manifest.csv
GCA_000186005.1	24_DOOR2_genome_manifest.csv
GCA_000186085	02_registry_all_accession_candidates.csv;03_genome_path_accession_index.csv;12_STRICT_GenoGrammar_assembly_bridge.csv
GCA_000186085.1	02_registry_all_accession_candidates.csv;03_genome_path_accession_index.csv;04_registry_genome_identity_resolved.csv;12_STRICT_GenoGrammar_assembly_bridge.csv
GCA_000186225	24_DOOR2_genome_manifest.csv
GCA_000186225.1	24_DOOR2_genome_manifest.csv
GCA_000186245	24_DOOR2_genome_manifest.csv
GCA_000186245.1	24_DOOR2_genome_manifest.csv
GCA_000186265	24_DOOR2_genome_manifest.csv
GCA_000186265.1	24_DOOR2_genome_manifest.csv
GCA_000186345	24_DOOR2_genome_manifest.csv
GCA_000186345.1	24_DOOR2_genome_manifest.csv
GCA_000186365	24_DOOR2_genome_manifest.csv
GCA_000186365.1	24_DOOR2_genome_manifest.csv
GCA_000186385	24_DOOR2_genome_manifest.csv
GCA_000186385.1	24_DOOR2_genome_manifest.csv
GCA_000186405	24_DOOR2_genome_manifest.csv
GCA_000186405.1	24_DOOR2_genome_manifest.csv
GCA_000186585	24_DOOR2_genome_manifest.csv
GCA_000186585.1	24_DOOR2_genome_manifest.csv
GCA_000186725	24_DOOR2_genome_manifest.csv
GCA_000186725.1	24_DOOR2_genome_manifest.csv
GCA_000186745	24_DOOR2_genome_manifest.csv
GCA_000186745.1	24_DOOR2_genome_manifest.csv
GCA_000186885	24_DOOR2_genome_manifest.csv
GCA_000186885.1	24_DOOR2_genome_manifest.csv
GCA_000186985	24_DOOR2_genome_manifest.csv
GCA_000186985.3	24_DOOR2_genome_manifest.csv
GCA_000187005	24_DOOR2_genome_manifest.csv
GCA_000187005.1	24_DOOR2_genome_manifest.csv
GCA_000187705	02_registry_all_accession_candidates.csv;03_genome_path_accession_index.csv;12_STRICT_GenoGrammar_assembly_bridge.csv;24_DOOR2_genome_manifest.csv
GCA_000187705.1	02_registry_all_accession_candidates.csv;03_genome_path_accession_index.csv;04_registry_genome_identity_resolved.csv;12_STRICT_GenoGrammar_assembly_bridge.csv;24_DOOR2_genome_manifest.csv
GCA_000188215	24_DOOR2_genome_manifest.csv
GCA_000188215.1	24_DOOR2_genome_manifest.csv
GCA_000188715	24_DOOR2_genome_manifest.csv
GCA_000188715.1	24_DOOR2_genome_manifest.csv
GCA_000188735	24_DOOR2_genome_manifest.csv
GCA_000188735.1	24_DOOR2_genome_manifest.csv
GCA_000189295	24_DOOR2_genome_manifest.csv
GCA_000189295.2	24_DOOR2_genome_manifest.csv
GCA_000189415	24_DOOR2_genome_manifest.csv
GCA_000189415.1	24_DOOR2_genome_manifest.csv
GCA_000189495	24_DOOR2_genome_manifest.csv
GCA_000189495.1	24_DOOR2_genome_manifest.csv
GCA_000189515	02_registry_all_accession_candidates.csv;03_genome_path_accession_index.csv;12_STRICT_GenoGrammar_assembly_bridge.csv;24_DOOR2_genome_manifest.csv
GCA_000189515.1	02_registry_all_accession_candidates.csv;03_genome_path_accession_index.csv;04_registry_genome_identity_resolved.csv;12_STRICT_GenoGrammar_assembly_bridge.csv;24_DOOR2_genome_manifest.csv
GCA_000189535	24_DOOR2_genome_manifest.csv
GCA_000189535.1	24_DOOR2_genome_manifest.csv
GCA_000189555	24_DOOR2_genome_manifest.csv
GCA_000189555.1	24_DOOR2_genome_manifest.csv
GCA_000189575	24_DOOR2_genome_manifest.csv
GCA_000189575.1	24_DOOR2_genome_manifest.csv
GCA_000189735	24_DOOR2_genome_manifest.csv
GCA_000189735.2	24_DOOR2_genome_manifest.csv
GCA_000189775	24_DOOR2_genome_manifest.csv
GCA_000189775.3	24_DOOR2_genome_manifest.csv
GCA_000190315	24_DOOR2_genome_manifest.csv
GCA_000190315.1	24_DOOR2_genome_manifest.csv
GCA_000190435	24_DOOR2_genome_manifest.csv
GCA_000190435.1	24_DOOR2_genome_manifest.csv
GCA_000190515	24_DOOR2_genome_manifest.csv
GCA_000190515.1	24_DOOR2_genome_manifest.csv
GCA_000190535	24_DOOR2_genome_manifest.csv
GCA_000190535.1	24_DOOR2_genome_manifest.csv
GCA_000190555	24_DOOR2_genome_manifest.csv
GCA_000190555.1	24_DOOR2_genome_manifest.csv
GCA_000190575	24_DOOR2_genome_manifest.csv
GCA_000190575.1	24_DOOR2_genome_manifest.csv
GCA_000190595	24_DOOR2_genome_manifest.csv
GCA_000190595.1	24_DOOR2_genome_manifest.csv
GCA_000190635	24_DOOR2_genome_manifest.csv
GCA_000190635.1	24_DOOR2_genome_manifest.csv
GCA_000190735	24_DOOR2_genome_manifest.csv
GCA_000190735.2	24_DOOR2_genome_manifest.csv
GCA_000191045	24_DOOR2_genome_manifest.csv
GCA_000191045.1	24_DOOR2_genome_manifest.csv
GCA_000191145	24_DOOR2_genome_manifest.csv
GCA_000191145.1	24_DOOR2_genome_manifest.csv
GCA_000191165	02_registry_all_accession_candidates.csv;03_genome_path_accession_index.csv;12_STRICT_GenoGrammar_assembly_bridge.csv;24_DOOR2_genome_manifest.csv
GCA_000191165.1	02_registry_all_accession_candidates.csv;03_genome_path_accession_index.csv;04_registry_genome_identity_resolved.csv;12_STRICT_GenoGrammar_assembly_bridge.csv;24_DOOR2_genome_manifest.csv
GCA_000191425	24_DOOR2_genome_manifest.csv
GCA_000191425.1	24_DOOR2_genome_manifest.csv
GCA_000191445	24_DOOR2_genome_manifest.csv
GCA_000191445.1	24_DOOR2_genome_manifest.csv
GCA_000191465	24_DOOR2_genome_manifest.csv
GCA_000191465.1	24_DOOR2_genome_manifest.csv
GCA_000191485	24_DOOR2_genome_manifest.csv
GCA_000191485.1	24_DOOR2_genome_manifest.csv
GCA_000191505	24_DOOR2_genome_manifest.csv
GCA_000191505.1	24_DOOR2_genome_manifest.csv
GCA_000191525	24_DOOR2_genome_manifest.csv
GCA_000191525.1	24_DOOR2_genome_manifest.csv
GCA_000191545	24_DOOR2_genome_manifest.csv
GCA_000191545.1	24_DOOR2_genome_manifest.csv
GCA_000191565	24_DOOR2_genome_manifest.csv
GCA_000191565.1	24_DOOR2_genome_manifest.csv
GCA_000191585	24_DOOR2_genome_manifest.csv
GCA_000191585.1	24_DOOR2_genome_manifest.csv
GCA_000191905	24_DOOR2_genome_manifest.csv
GCA_000191905.1	24_DOOR2_genome_manifest.csv
GCA_000191925	24_DOOR2_genome_manifest.csv
GCA_000191925.1	24_DOOR2_genome_manifest.csv
GCA_000192105	24_DOOR2_genome_manifest.csv
GCA_000192105.1	24_DOOR2_genome_manifest.csv
GCA_000192315	24_DOOR2_genome_manifest.csv
GCA_000192315.1	24_DOOR2_genome_manifest.csv
GCA_000192335	24_DOOR2_genome_manifest.csv
GCA_000192335.1	24_DOOR2_genome_manifest.csv
GCA_000192635	24_DOOR2_genome_manifest.csv
GCA_000192635.1	24_DOOR2_genome_manifest.csv
GCA_000192705	02_registry_all_accession_candidates.csv;03_genome_path_accession_index.csv;12_STRICT_GenoGrammar_assembly_bridge.csv;24_DOOR2_genome_manifest.csv
GCA_000192705.1	02_registry_all_accession_candidates.csv;03_genome_path_accession_index.csv;04_registry_genome_identity_resolved.csv;12_STRICT_GenoGrammar_assembly_bridge.csv;24_DOOR2_genome_manifest.csv
GCA_000192725	24_DOOR2_genome_manifest.csv
GCA_000192725.1	24_DOOR2_genome_manifest.csv
GCA_000192745	24_DOOR2_genome_manifest.csv
GCA_000192745.1	24_DOOR2_genome_manifest.csv
GCA_000192845	24_DOOR2_genome_manifest.csv
GCA_000192845.1	24_DOOR2_genome_manifest.csv
GCA_000192865	24_DOOR2_genome_manifest.csv
GCA_000192865.1	24_DOOR2_genome_manifest.csv
GCA_000192885	24_DOOR2_genome_manifest.csv
GCA_000192885.1	24_DOOR2_genome_manifest.csv
GCA_000193205	24_DOOR2_genome_manifest.csv
GCA_000193205.1	24_DOOR2_genome_manifest.csv
GCA_000193355	24_DOOR2_genome_manifest.csv
GCA_000193355.1	24_DOOR2_genome_manifest.csv
GCA_000193375	24_DOOR2_genome_manifest.csv
GCA_000193375.1	24_DOOR2_genome_manifest.csv
GCA_000193395	24_DOOR2_genome_manifest.csv
GCA_000193395.1	24_DOOR2_genome_manifest.csv
GCA_000193435	24_DOOR2_genome_manifest.csv
GCA_000193435.3	24_DOOR2_genome_manifest.csv
GCA_000194115	24_DOOR2_genome_manifest.csv
GCA_000194115.1	24_DOOR2_genome_manifest.csv
GCA_000194135	24_DOOR2_genome_manifest.csv
GCA_000194135.1	24_DOOR2_genome_manifest.csv
GCA_000194605	24_DOOR2_genome_manifest.csv
GCA_000194605.1	24_DOOR2_genome_manifest.csv
GCA_000194625	24_DOOR2_genome_manifest.csv
GCA_000194625.1	24_DOOR2_genome_manifest.csv
GCA_000194745	24_DOOR2_genome_manifest.csv
GCA_000194745.1	24_DOOR2_genome_manifest.csv
GCA_000194765	02_registry_all_accession_candidates.csv;03_genome_path_accession_index.csv;12_STRICT_GenoGrammar_assembly_bridge.csv;24_DOOR2_genome_manifest.csv
GCA_000194765.1	02_registry_all_accession_candidates.csv;03_genome_path_accession_index.csv;04_registry_genome_identity_resolved.csv;12_STRICT_GenoGrammar_assembly_bridge.csv;24_DOOR2_genome_manifest.csv
GCA_000194785	02_registry_all_accession_candidates.csv;03_genome_path_accession_index.csv;12_STRICT_GenoGrammar_assembly_bridge.csv;24_DOOR2_genome_manifest.csv
GCA_000194785.1	02_registry_all_accession_candidates.csv;03_genome_path_accession_index.csv;04_registry_genome_identity_resolved.csv;12_STRICT_GenoGrammar_assembly_bridge.csv;24_DOOR2_genome_manifest.csv
GCA_000194805	24_DOOR2_genome_manifest.csv
GCA_000194805.1	24_DOOR2_genome_manifest.csv
GCA_000195065	24_DOOR2_genome_manifest.csv
GCA_000195065.1	24_DOOR2_genome_manifest.csv
GCA_000195085	24_DOOR2_genome_manifest.csv
GCA_000195085.1	24_DOOR2_genome_manifest.csv
GCA_000195105	24_DOOR2_genome_manifest.csv
GCA_000195105.1	24_DOOR2_genome_manifest.csv
GCA_000195275	24_DOOR2_genome_manifest.csv
GCA_000195275.1	24_DOOR2_genome_manifest.csv
GCA_000195295	24_DOOR2_genome_manifest.csv
GCA_000195295.1	24_DOOR2_genome_manifest.csv
GCA_000195315	24_DOOR2_genome_manifest.csv
GCA_000195315.1	24_DOOR2_genome_manifest.csv
GCA_000195335	24_DOOR2_genome_manifest.csv
GCA_000195335.1	24_DOOR2_genome_manifest.csv
GCA_000195375	02_registry_all_accession_candidates.csv;03_genome_path_accession_index.csv
GCA_000195375.2	02_registry_all_accession_candidates.csv;03_genome_path_accession_index.csv;04_registry_genome_identity_resolved.csv
GCA_000195515	24_DOOR2_genome_manifest.csv
GCA_000195515.1	24_DOOR2_genome_manifest.csv
GCA_000195535	24_DOOR2_genome_manifest.csv
GCA_000195535.1	24_DOOR2_genome_manifest.csv
GCA_000195555	24_DOOR2_genome_manifest.csv
GCA_000195555.1	24_DOOR2_genome_manifest.csv
GCA_000195575	02_registry_all_accession_candidates.csv;03_genome_path_accession_index.csv;12_STRICT_GenoGrammar_assembly_bridge.csv;24_DOOR2_genome_manifest.csv
GCA_000195575.1	02_registry_all_accession_candidates.csv;03_genome_path_accession_index.csv;04_registry_genome_identity_resolved.csv;12_STRICT_GenoGrammar_assembly_bridge.csv;24_DOOR2_genome_manifest.csv
GCA_000195675	24_DOOR2_genome_manifest.csv
GCA_000195675.1	24_DOOR2_genome_manifest.csv
GCA_000195695	24_DOOR2_genome_manifest.csv
GCA_000195695.1	24_DOOR2_genome_manifest.csv
GCA_000195715	24_DOOR2_genome_manifest.csv
GCA_000195715.1	24_DOOR2_genome_manifest.csv
GCA_000195735	24_DOOR2_genome_manifest.csv
GCA_000195735.1	24_DOOR2_genome_manifest.csv
GCA_000195755	24_DOOR2_genome_manifest.csv
GCA_000195755.1	24_DOOR2_genome_manifest.csv
GCA_000195775	02_registry_all_accession_candidates.csv;03_genome_path_accession_index.csv;12_STRICT_GenoGrammar_assembly_bridge.csv;24_DOOR2_genome_manifest.csv
GCA_000195775.1	24_DOOR2_genome_manifest.csv
GCA_000195775.2	02_registry_all_accession_candidates.csv;03_genome_path_accession_index.csv;04_registry_genome_identity_resolved.csv;12_STRICT_GenoGrammar_assembly_bridge.csv
GCA_000195795	24_DOOR2_genome_manifest.csv
GCA_000195795.1	24_DOOR2_genome_manifest.csv
GCA_000195815	24_DOOR2_genome_manifest.csv
GCA_000195815.1	24_DOOR2_genome_manifest.csv
GCA_000195835	24_DOOR2_genome_manifest.csv
GCA_000195835.2	24_DOOR2_genome_manifest.csv
GCA_000195855	24_DOOR2_genome_manifest.csv
GCA_000195855.1	24_DOOR2_genome_manifest.csv
GCA_000195875	24_DOOR2_genome_manifest.csv
GCA_000195875.1	24_DOOR2_genome_manifest.csv
GCA_000195895	24_DOOR2_genome_manifest.csv
GCA_000195895.1	24_DOOR2_genome_manifest.csv
GCA_000195915	24_DOOR2_genome_manifest.csv
GCA_000195915.1	24_DOOR2_genome_manifest.csv
GCA_000195975	24_DOOR2_genome_manifest.csv
GCA_000195975.1	24_DOOR2_genome_manifest.csv
GCA_000195995	24_DOOR2_genome_manifest.csv
GCA_000195995.1	24_DOOR2_genome_manifest.csv
GCA_000196015	24_DOOR2_genome_manifest.csv
GCA_000196015.1	24_DOOR2_genome_manifest.csv
GCA_000196035	24_DOOR2_genome_manifest.csv
GCA_000196035.1	24_DOOR2_genome_manifest.csv
GCA_000196055	24_DOOR2_genome_manifest.csv
GCA_000196055.1	24_DOOR2_genome_manifest.csv
GCA_000196075	24_DOOR2_genome_manifest.csv
GCA_000196075.1	24_DOOR2_genome_manifest.csv
GCA_000196095	24_DOOR2_genome_manifest.csv
GCA_000196095.1	24_DOOR2_genome_manifest.csv
GCA_000196115	24_DOOR2_genome_manifest.csv
GCA_000196115.1	24_DOOR2_genome_manifest.csv
GCA_000196135	24_DOOR2_genome_manifest.csv
GCA_000196135.1	24_DOOR2_genome_manifest.csv
GCA_000196155	24_DOOR2_genome_manifest.csv
GCA_000196155.1	24_DOOR2_genome_manifest.csv
GCA_000196175	02_registry_all_accession_candidates.csv;03_genome_path_accession_index.csv;12_STRICT_GenoGrammar_assembly_bridge.csv;24_DOOR2_genome_manifest.csv
GCA_000196175.1	02_registry_all_accession_candidates.csv;03_genome_path_accession_index.csv;04_registry_genome_identity_resolved.csv;12_STRICT_GenoGrammar_assembly_bridge.csv;24_DOOR2_genome_manifest.csv
GCA_000196215	24_DOOR2_genome_manifest.csv
GCA_000196215.1	24_DOOR2_genome_manifest.csv
GCA_000196235	24_DOOR2_genome_manifest.csv
GCA_000196235.1	24_DOOR2_genome_manifest.csv
GCA_000196255	24_DOOR2_genome_manifest.csv
GCA_000196255.1	24_DOOR2_genome_manifest.csv
GCA_000196275	24_DOOR2_genome_manifest.csv
GCA_000196275.1	24_DOOR2_genome_manifest.csv
GCA_000196295	24_DOOR2_genome_manifest.csv
GCA_000196295.1	24_DOOR2_genome_manifest.csv
GCA_000196315	24_DOOR2_genome_manifest.csv
GCA_000196315.1	24_DOOR2_genome_manifest.csv
GCA_000196355	24_DOOR2_genome_manifest.csv
GCA_000196355.1	24_DOOR2_genome_manifest.csv
GCA_000196395	24_DOOR2_genome_manifest.csv
GCA_000196395.1	24_DOOR2_genome_manifest.csv
GCA_000196435	24_DOOR2_genome_manifest.csv
GCA_000196435.1	24_DOOR2_genome_manifest.csv
GCA_000196455	24_DOOR2_genome_manifest.csv
GCA_000196455.1	24_DOOR2_genome_manifest.csv
GCA_000196475	24_DOOR2_genome_manifest.csv
GCA_000196475.1	24_DOOR2_genome_manifest.csv
GCA_000196495	24_DOOR2_genome_manifest.csv
GCA_000196495.1	24_DOOR2_genome_manifest.csv
GCA_000196515	24_DOOR2_genome_manifest.csv
GCA_000196515.1	24_DOOR2_genome_manifest.csv
GCA_000196535	24_DOOR2_genome_manifest.csv
GCA_000196535.1	24_DOOR2_genome_manifest.csv
GCA_000196555	02_registry_all_accession_candidates.csv;03_genome_path_accession_index.csv;12_STRICT_GenoGrammar_assembly_bridge.csv;24_DOOR2_genome_manifest.csv
GCA_000196555.1	02_registry_all_accession_candidates.csv;03_genome_path_accession_index.csv;04_registry_genome_identity_resolved.csv;12_STRICT_GenoGrammar_assembly_bridge.csv;24_DOOR2_genome_manifest.csv
GCA_000196575	02_registry_all_accession_candidates.csv;03_genome_path_accession_index.csv;12_STRICT_GenoGrammar_assembly_bridge.csv;24_DOOR2_genome_manifest.csv
GCA_000196575.1	02_registry_all_accession_candidates.csv;03_genome_path_accession_index.csv;04_registry_genome_identity_resolved.csv;12_STRICT_GenoGrammar_assembly_bridge.csv;24_DOOR2_genome_manifest.csv
GCA_000196595	24_DOOR2_genome_manifest.csv
GCA_000196595.1	24_DOOR2_genome_manifest.csv
GCA_000196615	24_DOOR2_genome_manifest.csv
GCA_000196615.1	24_DOOR2_genome_manifest.csv
GCA_000196655	24_DOOR2_genome_manifest.csv
GCA_000196655.1	24_DOOR2_genome_manifest.csv
GCA_000196675	24_DOOR2_genome_manifest.csv
GCA_000196675.1	24_DOOR2_genome_manifest.csv
GCA_000196695	24_DOOR2_genome_manifest.csv
GCA_000196695.1	24_DOOR2_genome_manifest.csv
GCA_000196735	02_registry_all_accession_candidates.csv;03_genome_path_accession_index.csv;12_STRICT_GenoGrammar_assembly_bridge.csv;24_DOOR2_genome_manifest.csv
GCA_000196735.1	02_registry_all_accession_candidates.csv;03_genome_path_accession_index.csv;04_registry_genome_identity_resolved.csv;12_STRICT_GenoGrammar_assembly_bridge.csv;24_DOOR2_genome_manifest.csv
GCA_000196755	24_DOOR2_genome_manifest.csv
GCA_000196755.1	24_DOOR2_genome_manifest.csv
GCA_000196795	24_DOOR2_genome_manifest.csv
GCA_000196795.1	24_DOOR2_genome_manifest.csv
GCA_000196815	24_DOOR2_genome_manifest.csv
GCA_000196815.1	24_DOOR2_genome_manifest.csv
GCA_000196835	24_DOOR2_genome_manifest.csv
GCA_000196835.1	24_DOOR2_genome_manifest.csv
GCA_000196855	24_DOOR2_genome_manifest.csv
GCA_000196855.1	24_DOOR2_genome_manifest.csv
GCA_000196875	24_DOOR2_genome_manifest.csv
GCA_000196875.2	24_DOOR2_genome_manifest.csv
GCA_000196895	24_DOOR2_genome_manifest.csv
GCA_000196895.1	24_DOOR2_genome_manifest.csv
GCA_000197735	24_DOOR2_genome_manifest.csv
GCA_000197735.1	24_DOOR2_genome_manifest.csv
GCA_000197855	24_DOOR2_genome_manifest.csv
GCA_000197855.1	24_DOOR2_genome_manifest.csv
GCA_000197875	24_DOOR2_genome_manifest.csv
GCA_000197875.1	24_DOOR2_genome_manifest.csv
GCA_000198515	24_DOOR2_genome_manifest.csv
GCA_000198515.1	24_DOOR2_genome_manifest.csv
GCA_000198775	24_DOOR2_genome_manifest.csv
GCA_000198775.1	24_DOOR2_genome_manifest.csv
GCA_000199675	24_DOOR2_genome_manifest.csv
GCA_000199675.1	24_DOOR2_genome_manifest.csv
GCA_000200475	24_DOOR2_genome_manifest.csv
GCA_000200475.1	24_DOOR2_genome_manifest.csv
GCA_000200595	24_DOOR2_genome_manifest.csv
GCA_000200595.1	24_DOOR2_genome_manifest.csv
GCA_000200715	24_DOOR2_genome_manifest.csv
GCA_000200715.1	24_DOOR2_genome_manifest.csv
GCA_000200735	24_DOOR2_genome_manifest.csv
GCA_000200735.1	24_DOOR2_genome_manifest.csv
GCA_000202635	24_DOOR2_genome_manifest.csv
GCA_000202635.1	24_DOOR2_genome_manifest.csv
GCA_000202835	24_DOOR2_genome_manifest.csv
GCA_000202835.1	24_DOOR2_genome_manifest.csv
GCA_000203195	24_DOOR2_genome_manifest.csv
GCA_000203195.1	24_DOOR2_genome_manifest.csv
GCA_000203215	24_DOOR2_genome_manifest.csv
GCA_000203215.1	24_DOOR2_genome_manifest.csv
GCA_000203835	24_DOOR2_genome_manifest.csv
GCA_000203835.1	24_DOOR2_genome_manifest.csv
GCA_000203855	02_registry_all_accession_candidates.csv;03_genome_path_accession_index.csv;12_STRICT_GenoGrammar_assembly_bridge.csv;24_DOOR2_genome_manifest.csv
GCA_000203855.3	02_registry_all_accession_candidates.csv;03_genome_path_accession_index.csv;04_registry_genome_identity_resolved.csv;12_STRICT_GenoGrammar_assembly_bridge.csv;24_DOOR2_genome_manifest.csv
GCA_000203875	24_DOOR2_genome_manifest.csv
GCA_000203875.1	24_DOOR2_genome_manifest.csv
GCA_000203895	24_DOOR2_genome_manifest.csv
GCA_000203895.1	24_DOOR2_genome_manifest.csv
GCA_000203915	24_DOOR2_genome_manifest.csv
GCA_000203915.1	24_DOOR2_genome_manifest.csv
GCA_000203935	24_DOOR2_genome_manifest.csv
GCA_000203935.1	24_DOOR2_genome_manifest.csv
GCA_000203955	24_DOOR2_genome_manifest.csv
GCA_000203955.1	24_DOOR2_genome_manifest.csv
GCA_000204075	24_DOOR2_genome_manifest.csv
GCA_000204075.1	24_DOOR2_genome_manifest.csv
GCA_000204115	24_DOOR2_genome_manifest.csv
GCA_000204115.1	24_DOOR2_genome_manifest.csv
GCA_000204135	24_DOOR2_genome_manifest.csv
GCA_000204135.1	24_DOOR2_genome_manifest.csv
GCA_000204155	24_DOOR2_genome_manifest.csv
GCA_000204155.1	24_DOOR2_genome_manifest.csv
GCA_000204275	24_DOOR2_genome_manifest.csv
GCA_000204275.1	24_DOOR2_genome_manifest.csv
GCA_000204295	24_DOOR2_genome_manifest.csv
GCA_000204295.1	24_DOOR2_genome_manifest.csv
GCA_000204415	24_DOOR2_genome_manifest.csv
GCA_000204415.1	24_DOOR2_genome_manifest.csv
GCA_000204565	24_DOOR2_genome_manifest.csv
GCA_000204565.1	24_DOOR2_genome_manifest.csv
GCA_000204625	24_DOOR2_genome_manifest.csv
GCA_000204625.1	24_DOOR2_genome_manifest.csv
GCA_000204645	24_DOOR2_genome_manifest.csv
GCA_000204645.1	24_DOOR2_genome_manifest.csv
GCA_000204665	24_DOOR2_genome_manifest.csv
GCA_000204665.1	24_DOOR2_genome_manifest.csv
GCA_000204925	24_DOOR2_genome_manifest.csv
GCA_000204925.1	24_DOOR2_genome_manifest.csv
GCA_000204985	24_DOOR2_genome_manifest.csv
GCA_000204985.1	24_DOOR2_genome_manifest.csv
GCA_000208385	24_DOOR2_genome_manifest.csv
GCA_000208385.1	24_DOOR2_genome_manifest.csv
GCA_000208405	24_DOOR2_genome_manifest.csv
GCA_000208405.1	24_DOOR2_genome_manifest.csv
GCA_000209655	24_DOOR2_genome_manifest.csv
GCA_000209655.1	24_DOOR2_genome_manifest.csv
GCA_000209675	24_DOOR2_genome_manifest.csv
GCA_000209675.1	24_DOOR2_genome_manifest.csv
GCA_000209755	24_DOOR2_genome_manifest.csv
GCA_000209755.1	24_DOOR2_genome_manifest.csv
GCA_000210155	24_DOOR2_genome_manifest.csv
GCA_000210155.1	24_DOOR2_genome_manifest.csv
GCA_000210315	24_DOOR2_genome_manifest.csv
GCA_000210315.1	24_DOOR2_genome_manifest.csv
GCA_000210475	24_DOOR2_genome_manifest.csv
GCA_000210475.1	24_DOOR2_genome_manifest.csv
GCA_000210495	24_DOOR2_genome_manifest.csv
GCA_000210495.1	24_DOOR2_genome_manifest.csv
GCA_000210515	24_DOOR2_genome_manifest.csv
GCA_000210515.1	24_DOOR2_genome_manifest.csv
GCA_000210755	02_registry_all_accession_candidates.csv;03_genome_path_accession_index.csv;12_STRICT_GenoGrammar_assembly_bridge.csv
GCA_000210755.1	02_registry_all_accession_candidates.csv;03_genome_path_accession_index.csv;04_registry_genome_identity_resolved.csv;12_STRICT_GenoGrammar_assembly_bridge.csv
GCA_000210795	24_DOOR2_genome_manifest.csv
GCA_000210795.2	24_DOOR2_genome_manifest.csv
GCA_000210835	24_DOOR2_genome_manifest.csv
GCA_000210835.1	24_DOOR2_genome_manifest.csv
GCA_000210875	24_DOOR2_genome_manifest.csv
GCA_000210875.1	24_DOOR2_genome_manifest.csv
GCA_000210895	24_DOOR2_genome_manifest.csv
GCA_000210895.1	24_DOOR2_genome_manifest.csv
GCA_000210935	24_DOOR2_genome_manifest.csv
GCA_000210935.1	24_DOOR2_genome_manifest.csv
GCA_000210955	24_DOOR2_genome_manifest.csv
GCA_000210955.1	24_DOOR2_genome_manifest.csv
GCA_000210975	24_DOOR2_genome_manifest.csv
GCA_000210975.1	24_DOOR2_genome_manifest.csv
GCA_000211155	24_DOOR2_genome_manifest.csv
GCA_000211155.1	24_DOOR2_genome_manifest.csv
GCA_000211295	24_DOOR2_genome_manifest.csv
GCA_000211295.1	24_DOOR2_genome_manifest.csv
GCA_000211375	24_DOOR2_genome_manifest.csv
GCA_000211375.1	24_DOOR2_genome_manifest.csv
GCA_000211475	24_DOOR2_genome_manifest.csv
GCA_000211475.1	24_DOOR2_genome_manifest.csv
GCA_000211855	24_DOOR2_genome_manifest.csv
GCA_000211855.3	24_DOOR2_genome_manifest.csv
GCA_000212335	24_DOOR2_genome_manifest.csv
GCA_000212335.1	24_DOOR2_genome_manifest.csv
GCA_000212355	24_DOOR2_genome_manifest.csv
GCA_000212355.1	24_DOOR2_genome_manifest.csv
GCA_000212375	24_DOOR2_genome_manifest.csv
GCA_000212375.1	24_DOOR2_genome_manifest.csv
GCA_000212395	24_DOOR2_genome_manifest.csv
GCA_000212395.1	24_DOOR2_genome_manifest.csv
GCA_000212415	24_DOOR2_genome_manifest.csv
GCA_000212415.1	24_DOOR2_genome_manifest.csv
GCA_000212675	24_DOOR2_genome_manifest.csv
GCA_000212675.2	24_DOOR2_genome_manifest.csv
GCA_000212695	24_DOOR2_genome_manifest.csv
GCA_000212695.1	24_DOOR2_genome_manifest.csv
GCA_000212735	24_DOOR2_genome_manifest.csv
GCA_000212735.1	24_DOOR2_genome_manifest.csv
GCA_000212975	24_DOOR2_genome_manifest.csv
GCA_000212975.1	24_DOOR2_genome_manifest.csv
GCA_000213135	24_DOOR2_genome_manifest.csv
GCA_000213135.1	24_DOOR2_genome_manifest.csv
GCA_000213155	24_DOOR2_genome_manifest.csv
GCA_000213155.1	24_DOOR2_genome_manifest.csv
GCA_000213215	24_DOOR2_genome_manifest.csv
GCA_000213215.1	24_DOOR2_genome_manifest.csv
GCA_000213235	24_DOOR2_genome_manifest.csv
GCA_000213235.1	24_DOOR2_genome_manifest.csv
GCA_000213255	24_DOOR2_genome_manifest.csv
GCA_000213255.1	24_DOOR2_genome_manifest.csv
GCA_000213635	24_DOOR2_genome_manifest.csv
GCA_000213635.1	24_DOOR2_genome_manifest.csv
GCA_000213655	24_DOOR2_genome_manifest.csv
GCA_000213655.1	24_DOOR2_genome_manifest.csv
GCA_000213805	24_DOOR2_genome_manifest.csv
GCA_000213805.1	24_DOOR2_genome_manifest.csv
GCA_000213825	24_DOOR2_genome_manifest.csv
GCA_000213825.1	24_DOOR2_genome_manifest.csv
GCA_000213865	24_DOOR2_genome_manifest.csv
GCA_000213865.1	24_DOOR2_genome_manifest.csv
GCA_000213955	24_DOOR2_genome_manifest.csv
GCA_000213955.1	24_DOOR2_genome_manifest.csv
GCA_000214095	24_DOOR2_genome_manifest.csv
GCA_000214095.3	24_DOOR2_genome_manifest.csv
GCA_000214155	24_DOOR2_genome_manifest.csv
GCA_000214155.1	24_DOOR2_genome_manifest.csv
GCA_000214175	24_DOOR2_genome_manifest.csv
GCA_000214175.1	24_DOOR2_genome_manifest.csv
GCA_000214195	24_DOOR2_genome_manifest.csv
GCA_000214195.1	24_DOOR2_genome_manifest.csv
GCA_000214215	24_DOOR2_genome_manifest.csv
GCA_000214215.1	24_DOOR2_genome_manifest.csv
GCA_000214235	24_DOOR2_genome_manifest.csv
GCA_000214235.1	24_DOOR2_genome_manifest.csv
GCA_000214355	24_DOOR2_genome_manifest.csv
GCA_000214355.1	24_DOOR2_genome_manifest.csv
GCA_000214375	24_DOOR2_genome_manifest.csv
GCA_000214375.1	24_DOOR2_genome_manifest.csv
GCA_000214395	24_DOOR2_genome_manifest.csv
GCA_000214395.1	24_DOOR2_genome_manifest.csv
GCA_000214415	24_DOOR2_genome_manifest.csv
GCA_000214415.1	24_DOOR2_genome_manifest.csv
GCA_000214435	24_DOOR2_genome_manifest.csv
GCA_000214435.1	24_DOOR2_genome_manifest.csv
GCA_000214665	24_DOOR2_genome_manifest.csv
GCA_000214665.1	24_DOOR2_genome_manifest.csv
GCA_000214705	24_DOOR2_genome_manifest.csv
GCA_000214705.1	24_DOOR2_genome_manifest.csv
GCA_000214725	24_DOOR2_genome_manifest.csv
GCA_000214725.1	24_DOOR2_genome_manifest.csv
GCA_000214785	02_registry_all_accession_candidates.csv;03_genome_path_accession_index.csv;12_STRICT_GenoGrammar_assembly_bridge.csv;24_DOOR2_genome_manifest.csv
GCA_000214785.1	02_registry_all_accession_candidates.csv;03_genome_path_accession_index.csv;04_registry_genome_identity_resolved.csv;12_STRICT_GenoGrammar_assembly_bridge.csv;24_DOOR2_genome_manifest.csv
GCA_000214805	24_DOOR2_genome_manifest.csv
GCA_000214805.1	24_DOOR2_genome_manifest.csv
GCA_000214825	24_DOOR2_genome_manifest.csv
GCA_000214825.1	24_DOOR2_genome_manifest.csv
GCA_000214845	24_DOOR2_genome_manifest.csv
GCA_000214845.1	24_DOOR2_genome_manifest.csv
GCA_000215085	24_DOOR2_genome_manifest.csv
GCA_000215085.1	24_DOOR2_genome_manifest.csv
GCA_000215105	24_DOOR2_genome_manifest.csv
GCA_000215105.1	24_DOOR2_genome_manifest.csv
GCA_000215325	24_DOOR2_genome_manifest.csv
GCA_000215325.1	24_DOOR2_genome_manifest.csv
GCA_000215645	24_DOOR2_genome_manifest.csv
GCA_000215645.1	24_DOOR2_genome_manifest.csv
GCA_000215665	24_DOOR2_genome_manifest.csv
GCA_000215665.1	24_DOOR2_genome_manifest.csv
GCA_000215705	24_DOOR2_genome_manifest.csv
GCA_000215705.1	24_DOOR2_genome_manifest.csv
GCA_000215745	24_DOOR2_genome_manifest.csv
GCA_000215745.1	24_DOOR2_genome_manifest.csv
GCA_000215895	24_DOOR2_genome_manifest.csv
GCA_000215895.1	24_DOOR2_genome_manifest.csv
GCA_000215975	24_DOOR2_genome_manifest.csv
GCA_000215975.1	24_DOOR2_genome_manifest.csv
GCA_000215995	24_DOOR2_genome_manifest.csv
GCA_000215995.1	24_DOOR2_genome_manifest.csv
GCA_000217615	24_DOOR2_genome_manifest.csv
GCA_000217615.1	24_DOOR2_genome_manifest.csv
GCA_000217635	24_DOOR2_genome_manifest.csv
GCA_000217635.1	24_DOOR2_genome_manifest.csv
GCA_000217655	24_DOOR2_genome_manifest.csv
GCA_000217655.1	24_DOOR2_genome_manifest.csv
GCA_000217675	24_DOOR2_genome_manifest.csv
GCA_000217675.1	24_DOOR2_genome_manifest.csv
GCA_000217715	24_DOOR2_genome_manifest.csv
GCA_000217715.1	24_DOOR2_genome_manifest.csv
GCA_000217795	24_DOOR2_genome_manifest.csv
GCA_000217795.1	24_DOOR2_genome_manifest.csv
GCA_000217815	24_DOOR2_genome_manifest.csv
GCA_000217815.1	24_DOOR2_genome_manifest.csv
GCA_000217835	24_DOOR2_genome_manifest.csv
GCA_000217835.1	24_DOOR2_genome_manifest.csv
GCA_000217995	24_DOOR2_genome_manifest.csv
GCA_000217995.1	24_DOOR2_genome_manifest.csv
GCA_000218265	24_DOOR2_genome_manifest.csv
GCA_000218265.1	24_DOOR2_genome_manifest.csv
GCA_000218305	24_DOOR2_genome_manifest.csv
GCA_000218305.1	24_DOOR2_genome_manifest.csv
GCA_000218565	24_DOOR2_genome_manifest.csv
GCA_000218565.1	24_DOOR2_genome_manifest.csv
GCA_000218585	24_DOOR2_genome_manifest.csv
GCA_000218585.1	24_DOOR2_genome_manifest.csv
GCA_000218625	24_DOOR2_genome_manifest.csv
GCA_000218625.1	24_DOOR2_genome_manifest.csv
GCA_000218855	24_DOOR2_genome_manifest.csv
GCA_000218855.1	24_DOOR2_genome_manifest.csv
GCA_000218875	24_DOOR2_genome_manifest.csv
GCA_000218875.1	24_DOOR2_genome_manifest.csv
GCA_000218895	24_DOOR2_genome_manifest.csv
GCA_000218895.1	24_DOOR2_genome_manifest.csv
GCA_000218915	24_DOOR2_genome_manifest.csv
GCA_000218915.1	24_DOOR2_genome_manifest.csv
GCA_000219045	24_DOOR2_genome_manifest.csv
GCA_000219045.1	24_DOOR2_genome_manifest.csv
GCA_000219105	24_DOOR2_genome_manifest.csv
GCA_000219105.1	24_DOOR2_genome_manifest.csv
GCA_000219175	24_DOOR2_genome_manifest.csv
GCA_000219175.1	24_DOOR2_genome_manifest.csv
GCA_000219195	24_DOOR2_genome_manifest.csv
GCA_000219195.1	24_DOOR2_genome_manifest.csv
GCA_000219215	24_DOOR2_genome_manifest.csv
GCA_000219215.1	24_DOOR2_genome_manifest.csv
GCA_000219355	24_DOOR2_genome_manifest.csv
GCA_000219355.1	24_DOOR2_genome_manifest.csv
GCA_000219375	24_DOOR2_genome_manifest.csv
GCA_000219375.1	24_DOOR2_genome_manifest.csv
GCA_000219455	02_registry_all_accession_candidates.csv;03_genome_path_accession_index.csv;12_STRICT_GenoGrammar_assembly_bridge.csv;24_DOOR2_genome_manifest.csv
GCA_000219455.1	02_registry_all_accession_candidates.csv;03_genome_path_accession_index.csv;04_registry_genome_identity_resolved.csv;12_STRICT_GenoGrammar_assembly_bridge.csv;24_DOOR2_genome_manifest.csv
GCA_000219585	24_DOOR2_genome_manifest.csv
GCA_000219585.1	24_DOOR2_genome_manifest.csv
GCA_000219605	24_DOOR2_genome_manifest.csv
GCA_000219605.1	24_DOOR2_genome_manifest.csv
GCA_000219705	24_DOOR2_genome_manifest.csv
GCA_000219705.1	24_DOOR2_genome_manifest.csv
GCA_000219725	24_DOOR2_genome_manifest.csv
GCA_000219725.1	24_DOOR2_genome_manifest.csv
GCA_000219785	24_DOOR2_genome_manifest.csv
GCA_000219785.1	24_DOOR2_genome_manifest.csv
GCA_000219805	02_registry_all_accession_candidates.csv;03_genome_path_accession_index.csv;12_STRICT_GenoGrammar_assembly_bridge.csv;24_DOOR2_genome_manifest.csv
GCA_000219805.1	02_registry_all_accession_candidates.csv;03_genome_path_accession_index.csv;04_registry_genome_identity_resolved.csv;12_STRICT_GenoGrammar_assembly_bridge.csv;24_DOOR2_genome_manifest.csv
GCA_000219855	24_DOOR2_genome_manifest.csv
GCA_000219855.1	24_DOOR2_genome_manifest.csv
GCA_000219875	24_DOOR2_genome_manifest.csv
GCA_000219875.1	24_DOOR2_genome_manifest.csv
GCA_000219915	24_DOOR2_genome_manifest.csv
GCA_000219915.3	24_DOOR2_genome_manifest.csv
GCA_000220105	24_DOOR2_genome_manifest.csv
GCA_000220105.1	24_DOOR2_genome_manifest.csv
GCA_000220135	02_registry_all_accession_candidates.csv;03_genome_path_accession_index.csv;12_STRICT_GenoGrammar_assembly_bridge.csv
GCA_000220135.1	02_registry_all_accession_candidates.csv;03_genome_path_accession_index.csv;04_registry_genome_identity_resolved.csv;12_STRICT_GenoGrammar_assembly_bridge.csv
GCA_000220485	24_DOOR2_genome_manifest.csv
GCA_000220485.1	24_DOOR2_genome_manifest.csv
GCA_000220625	24_DOOR2_genome_manifest.csv
GCA_000220625.1	24_DOOR2_genome_manifest.csv
GCA_000220645	24_DOOR2_genome_manifest.csv
GCA_000220645.1	24_DOOR2_genome_manifest.csv
GCA_000220885	02_registry_all_accession_candidates.csv;03_genome_path_accession_index.csv;12_STRICT_GenoGrammar_assembly_bridge.csv;24_DOOR2_genome_manifest.csv
GCA_000220885.1	02_registry_all_accession_candidates.csv;03_genome_path_accession_index.csv;04_registry_genome_identity_resolved.csv;12_STRICT_GenoGrammar_assembly_bridge.csv;24_DOOR2_genome_manifest.csv
GCA_000220945	24_DOOR2_genome_manifest.csv
GCA_000220945.1	24_DOOR2_genome_manifest.csv
GCA_000221005	24_DOOR2_genome_manifest.csv
GCA_000221005.1	24_DOOR2_genome_manifest.csv
GCA_000221025	24_DOOR2_genome_manifest.csv
GCA_000221025.1	24_DOOR2_genome_manifest.csv
GCA_000221045	24_DOOR2_genome_manifest.csv
GCA_000221045.1	24_DOOR2_genome_manifest.csv
GCA_000221185	24_DOOR2_genome_manifest.csv
GCA_000221185.1	24_DOOR2_genome_manifest.csv
GCA_000221205	24_DOOR2_genome_manifest.csv
GCA_000221205.1	24_DOOR2_genome_manifest.csv
GCA_000221625	24_DOOR2_genome_manifest.csv
GCA_000221625.1	24_DOOR2_genome_manifest.csv
GCA_000221645	24_DOOR2_genome_manifest.csv
GCA_000221645.1	24_DOOR2_genome_manifest.csv
GCA_000221965	24_DOOR2_genome_manifest.csv
GCA_000221965.1	24_DOOR2_genome_manifest.csv
GCA_000221985	24_DOOR2_genome_manifest.csv
GCA_000221985.1	24_DOOR2_genome_manifest.csv
GCA_000222305	24_DOOR2_genome_manifest.csv
GCA_000222305.1	24_DOOR2_genome_manifest.csv
GCA_000222485	24_DOOR2_genome_manifest.csv
GCA_000222485.1	24_DOOR2_genome_manifest.csv
GCA_000222975	24_DOOR2_genome_manifest.csv
GCA_000222975.1	24_DOOR2_genome_manifest.csv
GCA_000223195	24_DOOR2_genome_manifest.csv
GCA_000223195.1	24_DOOR2_genome_manifest.csv
GCA_000223215	24_DOOR2_genome_manifest.csv
GCA_000223215.1	24_DOOR2_genome_manifest.csv
GCA_000223375	24_DOOR2_genome_manifest.csv
GCA_000223375.1	24_DOOR2_genome_manifest.csv
GCA_000223395	24_DOOR2_genome_manifest.csv
GCA_000223395.1	24_DOOR2_genome_manifest.csv
GCA_000223885	24_DOOR2_genome_manifest.csv
GCA_000223885.1	24_DOOR2_genome_manifest.csv
GCA_000223905	24_DOOR2_genome_manifest.csv
GCA_000223905.1	24_DOOR2_genome_manifest.csv
GCA_000224085	24_DOOR2_genome_manifest.csv
GCA_000224085.1	24_DOOR2_genome_manifest.csv
GCA_000224105	24_DOOR2_genome_manifest.csv
GCA_000224105.1	24_DOOR2_genome_manifest.csv
GCA_000224435	24_DOOR2_genome_manifest.csv
GCA_000224435.1	24_DOOR2_genome_manifest.csv
GCA_000224475	24_DOOR2_genome_manifest.csv
GCA_000224475.1	24_DOOR2_genome_manifest.csv
GCA_000224535	24_DOOR2_genome_manifest.csv
GCA_000224535.1	24_DOOR2_genome_manifest.csv
GCA_000224555	24_DOOR2_genome_manifest.csv
GCA_000224555.1	24_DOOR2_genome_manifest.csv
GCA_000224575	24_DOOR2_genome_manifest.csv
GCA_000224575.1	24_DOOR2_genome_manifest.csv
GCA_000224675	24_DOOR2_genome_manifest.csv
GCA_000224675.1	24_DOOR2_genome_manifest.csv
GCA_000224745	24_DOOR2_genome_manifest.csv
GCA_000224745.1	24_DOOR2_genome_manifest.csv
GCA_000224965	02_registry_all_accession_candidates.csv;03_genome_path_accession_index.csv;12_STRICT_GenoGrammar_assembly_bridge.csv;24_DOOR2_genome_manifest.csv
GCA_000224965.2	02_registry_all_accession_candidates.csv;03_genome_path_accession_index.csv;04_registry_genome_identity_resolved.csv;12_STRICT_GenoGrammar_assembly_bridge.csv;24_DOOR2_genome_manifest.csv
GCA_000224985	24_DOOR2_genome_manifest.csv
GCA_000224985.1	24_DOOR2_genome_manifest.csv
GCA_000225265	24_DOOR2_genome_manifest.csv
GCA_000225265.1	24_DOOR2_genome_manifest.csv
GCA_000225325	24_DOOR2_genome_manifest.csv
GCA_000225325.1	24_DOOR2_genome_manifest.csv
GCA_000225345	24_DOOR2_genome_manifest.csv
GCA_000225345.1	24_DOOR2_genome_manifest.csv
GCA_000225385	02_registry_all_accession_candidates.csv;03_genome_path_accession_index.csv;12_STRICT_GenoGrammar_assembly_bridge.csv
GCA_000225385.2	02_registry_all_accession_candidates.csv;03_genome_path_accession_index.csv;04_registry_genome_identity_resolved.csv;12_STRICT_GenoGrammar_assembly_bridge.csv
GCA_000225445	24_DOOR2_genome_manifest.csv
GCA_000225445.1	24_DOOR2_genome_manifest.csv
GCA_000225465	24_DOOR2_genome_manifest.csv
GCA_000225465.1	24_DOOR2_genome_manifest.csv
GCA_000225915	24_DOOR2_genome_manifest.csv
GCA_000225915.1	24_DOOR2_genome_manifest.csv
GCA_000225955	24_DOOR2_genome_manifest.csv
GCA_000225955.1	24_DOOR2_genome_manifest.csv
GCA_000226155	24_DOOR2_genome_manifest.csv
GCA_000226155.1	24_DOOR2_genome_manifest.csv
GCA_000226175	02_registry_all_accession_candidates.csv;03_genome_path_accession_index.csv;12_STRICT_GenoGrammar_assembly_bridge.csv
GCA_000226175.2	02_registry_all_accession_candidates.csv;03_genome_path_accession_index.csv;04_registry_genome_identity_resolved.csv;12_STRICT_GenoGrammar_assembly_bridge.csv
GCA_000226235	02_registry_all_accession_candidates.csv;03_genome_path_accession_index.csv;12_STRICT_GenoGrammar_assembly_bridge.csv
GCA_000226235.1	02_registry_all_accession_candidates.csv;03_genome_path_accession_index.csv;04_registry_genome_identity_resolved.csv;12_STRICT_GenoGrammar_assembly_bridge.csv
GCA_000226275	24_DOOR2_genome_manifest.csv
GCA_000226275.2	24_DOOR2_genome_manifest.csv
GCA_000226295	24_DOOR2_genome_manifest.csv
GCA_000226295.1	24_DOOR2_genome_manifest.csv
GCA_000226315	24_DOOR2_genome_manifest.csv
GCA_000226315.1	24_DOOR2_genome_manifest.csv
GCA_000226565	24_DOOR2_genome_manifest.csv
GCA_000226565.1	24_DOOR2_genome_manifest.csv
GCA_000226605	24_DOOR2_genome_manifest.csv
GCA_000226605.1	24_DOOR2_genome_manifest.csv
GCA_000226625	24_DOOR2_genome_manifest.csv
GCA_000226625.1	24_DOOR2_genome_manifest.csv
GCA_000227175	24_DOOR2_genome_manifest.csv
GCA_000227175.1	24_DOOR2_genome_manifest.csv
GCA_000227465	24_DOOR2_genome_manifest.csv
GCA_000227465.1	24_DOOR2_genome_manifest.csv
GCA_000227485	02_registry_all_accession_candidates.csv;03_genome_path_accession_index.csv;12_STRICT_GenoGrammar_assembly_bridge.csv;24_DOOR2_genome_manifest.csv
GCA_000227485.1	02_registry_all_accession_candidates.csv;03_genome_path_accession_index.csv;04_registry_genome_identity_resolved.csv;12_STRICT_GenoGrammar_assembly_bridge.csv;24_DOOR2_genome_manifest.csv
GCA_000227605	24_DOOR2_genome_manifest.csv
GCA_000227605.3	24_DOOR2_genome_manifest.csv
GCA_000227625	24_DOOR2_genome_manifest.csv
GCA_000227625.1	24_DOOR2_genome_manifest.csv
GCA_000227645	24_DOOR2_genome_manifest.csv
GCA_000227645.1	24_DOOR2_genome_manifest.csv
GCA_000227745	24_DOOR2_genome_manifest.csv
GCA_000227745.3	24_DOOR2_genome_manifest.csv
GCA_000230275	24_DOOR2_genome_manifest.csv
GCA_000230275.1	24_DOOR2_genome_manifest.csv
GCA_000230295	24_DOOR2_genome_manifest.csv
GCA_000230295.1	24_DOOR2_genome_manifest.csv
GCA_000230555	24_DOOR2_genome_manifest.csv
GCA_000230555.1	24_DOOR2_genome_manifest.csv
GCA_000230895	24_DOOR2_genome_manifest.csv
GCA_000230895.3	24_DOOR2_genome_manifest.csv
GCA_000231015	24_DOOR2_genome_manifest.csv
GCA_000231015.3	24_DOOR2_genome_manifest.csv
GCA_000231175	24_DOOR2_genome_manifest.csv
GCA_000231175.1	24_DOOR2_genome_manifest.csv
GCA_000231215	24_DOOR2_genome_manifest.csv
GCA_000231215.1	24_DOOR2_genome_manifest.csv
GCA_000231385	24_DOOR2_genome_manifest.csv
GCA_000231385.3	24_DOOR2_genome_manifest.csv
GCA_000231865	24_DOOR2_genome_manifest.csv
GCA_000231865.1	24_DOOR2_genome_manifest.csv
GCA_000231885	24_DOOR2_genome_manifest.csv
GCA_000231885.1	24_DOOR2_genome_manifest.csv
GCA_000231905	24_DOOR2_genome_manifest.csv
GCA_000231905.1	24_DOOR2_genome_manifest.csv
GCA_000231925	24_DOOR2_genome_manifest.csv
GCA_000231925.1	24_DOOR2_genome_manifest.csv
GCA_000233435	24_DOOR2_genome_manifest.csv
GCA_000233435.1	24_DOOR2_genome_manifest.csv
GCA_000233575	24_DOOR2_genome_manifest.csv
GCA_000233575.1	24_DOOR2_genome_manifest.csv
GCA_000233595	24_DOOR2_genome_manifest.csv
GCA_000233595.1	24_DOOR2_genome_manifest.csv
GCA_000233735	24_DOOR2_genome_manifest.csv
GCA_000233735.1	24_DOOR2_genome_manifest.csv
GCA_000233755	24_DOOR2_genome_manifest.csv
GCA_000233755.1	24_DOOR2_genome_manifest.csv
GCA_000233775	24_DOOR2_genome_manifest.csv
GCA_000233775.1	24_DOOR2_genome_manifest.csv
GCA_000233875	24_DOOR2_genome_manifest.csv
GCA_000233875.1	24_DOOR2_genome_manifest.csv
GCA_000233895	24_DOOR2_genome_manifest.csv
GCA_000233895.1	24_DOOR2_genome_manifest.csv
GCA_000233915	24_DOOR2_genome_manifest.csv
GCA_000233915.4	24_DOOR2_genome_manifest.csv
GCA_000234725	24_DOOR2_genome_manifest.csv
GCA_000234725.1	24_DOOR2_genome_manifest.csv
GCA_000234745	24_DOOR2_genome_manifest.csv
GCA_000234745.1	24_DOOR2_genome_manifest.csv
GCA_000234805	24_DOOR2_genome_manifest.csv
GCA_000234805.1	24_DOOR2_genome_manifest.csv
GCA_000234825	24_DOOR2_genome_manifest.csv
GCA_000234825.3	24_DOOR2_genome_manifest.csv
GCA_000235405	24_DOOR2_genome_manifest.csv
GCA_000235405.3	24_DOOR2_genome_manifest.csv
GCA_000235565	24_DOOR2_genome_manifest.csv
GCA_000235565.1	24_DOOR2_genome_manifest.csv
GCA_000235585	24_DOOR2_genome_manifest.csv
GCA_000235585.1	24_DOOR2_genome_manifest.csv
GCA_000235605	24_DOOR2_genome_manifest.csv
GCA_000235605.1	24_DOOR2_genome_manifest.csv
GCA_000235765	24_DOOR2_genome_manifest.csv
GCA_000235765.3	24_DOOR2_genome_manifest.csv
GCA_000235785	02_registry_all_accession_candidates.csv;03_genome_path_accession_index.csv;12_STRICT_GenoGrammar_assembly_bridge.csv
GCA_000235785.2	02_registry_all_accession_candidates.csv;03_genome_path_accession_index.csv;04_registry_genome_identity_resolved.csv;12_STRICT_GenoGrammar_assembly_bridge.csv
GCA_000236065	24_DOOR2_genome_manifest.csv
GCA_000236065.1	24_DOOR2_genome_manifest.csv
GCA_000236255	24_DOOR2_genome_manifest.csv
GCA_000236255.1	24_DOOR2_genome_manifest.csv
GCA_000236405	24_DOOR2_genome_manifest.csv
GCA_000236405.1	24_DOOR2_genome_manifest.csv
GCA_000236455	02_registry_all_accession_candidates.csv;03_genome_path_accession_index.csv;12_STRICT_GenoGrammar_assembly_bridge.csv
GCA_000236455.2	02_registry_all_accession_candidates.csv;03_genome_path_accession_index.csv;04_registry_genome_identity_resolved.csv;12_STRICT_GenoGrammar_assembly_bridge.csv
GCA_000236475	02_registry_all_accession_candidates.csv;03_genome_path_accession_index.csv;12_STRICT_GenoGrammar_assembly_bridge.csv;24_DOOR2_genome_manifest.csv
GCA_000236475.1	02_registry_all_accession_candidates.csv;03_genome_path_accession_index.csv;04_registry_genome_identity_resolved.csv;12_STRICT_GenoGrammar_assembly_bridge.csv;24_DOOR2_genome_manifest.csv
GCA_000236585	24_DOOR2_genome_manifest.csv
GCA_000236585.1	24_DOOR2_genome_manifest.csv
GCA_000236605	24_DOOR2_genome_manifest.csv
GCA_000236605.1	24_DOOR2_genome_manifest.csv
GCA_000236645	24_DOOR2_genome_manifest.csv
GCA_000236645.1	24_DOOR2_genome_manifest.csv
GCA_000236665	24_DOOR2_genome_manifest.csv
GCA_000236665.1	24_DOOR2_genome_manifest.csv
GCA_000236685	24_DOOR2_genome_manifest.csv
GCA_000236685.1	24_DOOR2_genome_manifest.csv
GCA_000236705	24_DOOR2_genome_manifest.csv
GCA_000236705.1	24_DOOR2_genome_manifest.csv
GCA_000236925	24_DOOR2_genome_manifest.csv
GCA_000236925.1	24_DOOR2_genome_manifest.csv
GCA_000237065	24_DOOR2_genome_manifest.csv
GCA_000237065.1	24_DOOR2_genome_manifest.csv
GCA_000237085	24_DOOR2_genome_manifest.csv
GCA_000237085.1	24_DOOR2_genome_manifest.csv
GCA_000237125	24_DOOR2_genome_manifest.csv
GCA_000237125.3	24_DOOR2_genome_manifest.csv
GCA_000237145	24_DOOR2_genome_manifest.csv
GCA_000237145.1	24_DOOR2_genome_manifest.csv
GCA_000237205	24_DOOR2_genome_manifest.csv
GCA_000237205.1	24_DOOR2_genome_manifest.csv
GCA_000237265	24_DOOR2_genome_manifest.csv
GCA_000237265.1	24_DOOR2_genome_manifest.csv
GCA_000237285	24_DOOR2_genome_manifest.csv
GCA_000237285.1	24_DOOR2_genome_manifest.csv
GCA_000237305	24_DOOR2_genome_manifest.csv
GCA_000237305.1	24_DOOR2_genome_manifest.csv
GCA_000237325	24_DOOR2_genome_manifest.csv
GCA_000237325.1	24_DOOR2_genome_manifest.csv
GCA_000237365	24_DOOR2_genome_manifest.csv
GCA_000237365.1	24_DOOR2_genome_manifest.csv
GCA_000237845	24_DOOR2_genome_manifest.csv
GCA_000237845.1	24_DOOR2_genome_manifest.csv
GCA_000237865	24_DOOR2_genome_manifest.csv
GCA_000237865.1	24_DOOR2_genome_manifest.csv
GCA_000237975	24_DOOR2_genome_manifest.csv
GCA_000237975.1	24_DOOR2_genome_manifest.csv
GCA_000237995	24_DOOR2_genome_manifest.csv
GCA_000237995.2	24_DOOR2_genome_manifest.csv
GCA_000238175	24_DOOR2_genome_manifest.csv
GCA_000238175.1	24_DOOR2_genome_manifest.csv
GCA_000238195	24_DOOR2_genome_manifest.csv
GCA_000238195.1	24_DOOR2_genome_manifest.csv
GCA_000238215	24_DOOR2_genome_manifest.csv
GCA_000238215.1	24_DOOR2_genome_manifest.csv
GCA_000238975	24_DOOR2_genome_manifest.csv
GCA_000238975.1	24_DOOR2_genome_manifest.csv
GCA_000238995	24_DOOR2_genome_manifest.csv
GCA_000238995.1	24_DOOR2_genome_manifest.csv
GCA_000239175	24_DOOR2_genome_manifest.csv
GCA_000239175.1	24_DOOR2_genome_manifest.csv
GCA_000239195	24_DOOR2_genome_manifest.csv
GCA_000239195.1	24_DOOR2_genome_manifest.csv
GCA_000239235	24_DOOR2_genome_manifest.csv
GCA_000239235.1	24_DOOR2_genome_manifest.csv
GCA_000239475	24_DOOR2_genome_manifest.csv
GCA_000239475.1	24_DOOR2_genome_manifest.csv
GCA_000239975	24_DOOR2_genome_manifest.csv
GCA_000239975.1	24_DOOR2_genome_manifest.csv
GCA_000240015	24_DOOR2_genome_manifest.csv
GCA_000240015.1	24_DOOR2_genome_manifest.csv
GCA_000240035	24_DOOR2_genome_manifest.csv
GCA_000240035.1	24_DOOR2_genome_manifest.csv
GCA_000240055	24_DOOR2_genome_manifest.csv
GCA_000240055.1	24_DOOR2_genome_manifest.csv
GCA_000240075	24_DOOR2_genome_manifest.csv
GCA_000240075.2	24_DOOR2_genome_manifest.csv
GCA_000240165	24_DOOR2_genome_manifest.csv
GCA_000240165.1	24_DOOR2_genome_manifest.csv
GCA_000240185	24_DOOR2_genome_manifest.csv
GCA_000240185.2	24_DOOR2_genome_manifest.csv
GCA_000240325	24_DOOR2_genome_manifest.csv
GCA_000240325.1	24_DOOR2_genome_manifest.csv
GCA_000241025	24_DOOR2_genome_manifest.csv
GCA_000241025.2	24_DOOR2_genome_manifest.csv
GCA_000241125	24_DOOR2_genome_manifest.csv
GCA_000241125.1	24_DOOR2_genome_manifest.csv
GCA_000241385	24_DOOR2_genome_manifest.csv
GCA_000241385.1	24_DOOR2_genome_manifest.csv
GCA_000241855	24_DOOR2_genome_manifest.csv
GCA_000241855.1	24_DOOR2_genome_manifest.csv
GCA_000241875	24_DOOR2_genome_manifest.csv
GCA_000241875.1	24_DOOR2_genome_manifest.csv
GCA_000241895	24_DOOR2_genome_manifest.csv
GCA_000241895.1	24_DOOR2_genome_manifest.csv
GCA_000241915	24_DOOR2_genome_manifest.csv
GCA_000241915.1	24_DOOR2_genome_manifest.csv
GCA_000241935	24_DOOR2_genome_manifest.csv
GCA_000241935.1	24_DOOR2_genome_manifest.csv
GCA_000241955	24_DOOR2_genome_manifest.csv
GCA_000241955.1	24_DOOR2_genome_manifest.csv
GCA_000242255	24_DOOR2_genome_manifest.csv
GCA_000242255.3	24_DOOR2_genome_manifest.csv
GCA_000242595	24_DOOR2_genome_manifest.csv
GCA_000242595.3	24_DOOR2_genome_manifest.csv
GCA_000242635	24_DOOR2_genome_manifest.csv
GCA_000242635.3	24_DOOR2_genome_manifest.csv
GCA_000242775	24_DOOR2_genome_manifest.csv
GCA_000242775.1	24_DOOR2_genome_manifest.csv
GCA_000243075	24_DOOR2_genome_manifest.csv
GCA_000243075.1	24_DOOR2_genome_manifest.csv
GCA_000243155	24_DOOR2_genome_manifest.csv
GCA_000243155.3	24_DOOR2_genome_manifest.csv
GCA_000244875	24_DOOR2_genome_manifest.csv
GCA_000244875.1	24_DOOR2_genome_manifest.csv
GCA_000245355	24_DOOR2_genome_manifest.csv
GCA_000245355.1	24_DOOR2_genome_manifest.csv
GCA_000245495	24_DOOR2_genome_manifest.csv
GCA_000245495.1	24_DOOR2_genome_manifest.csv
GCA_000245515	24_DOOR2_genome_manifest.csv
GCA_000245515.1	24_DOOR2_genome_manifest.csv
GCA_000245535	24_DOOR2_genome_manifest.csv
GCA_000245535.1	24_DOOR2_genome_manifest.csv
GCA_000246835	24_DOOR2_genome_manifest.csv
GCA_000246835.1	24_DOOR2_genome_manifest.csv
GCA_000246855	24_DOOR2_genome_manifest.csv
GCA_000246855.1	24_DOOR2_genome_manifest.csv
GCA_000247545	24_DOOR2_genome_manifest.csv
GCA_000247545.1	24_DOOR2_genome_manifest.csv
GCA_000247565	24_DOOR2_genome_manifest.csv
GCA_000247565.1	24_DOOR2_genome_manifest.csv
GCA_000247715	24_DOOR2_genome_manifest.csv
GCA_000247715.1	24_DOOR2_genome_manifest.csv
GCA_000247735	02_registry_all_accession_candidates.csv;03_genome_path_accession_index.csv;12_STRICT_GenoGrammar_assembly_bridge.csv
GCA_000247735.2	02_registry_all_accession_candidates.csv;03_genome_path_accession_index.csv;04_registry_genome_identity_resolved.csv;12_STRICT_GenoGrammar_assembly_bridge.csv
GCA_000248095	02_registry_all_accession_candidates.csv;03_genome_path_accession_index.csv;12_STRICT_GenoGrammar_assembly_bridge.csv
GCA_000248095.3	02_registry_all_accession_candidates.csv;03_genome_path_accession_index.csv;04_registry_genome_identity_resolved.csv;12_STRICT_GenoGrammar_assembly_bridge.csv
GCA_000248375	24_DOOR2_genome_manifest.csv
GCA_000248375.2	24_DOOR2_genome_manifest.csv
GCA_000248415	24_DOOR2_genome_manifest.csv
GCA_000248415.2	24_DOOR2_genome_manifest.csv
GCA_000248435	24_DOOR2_genome_manifest.csv
GCA_000248435.2	24_DOOR2_genome_manifest.csv
GCA_000250635	24_DOOR2_genome_manifest.csv
GCA_000250635.1	24_DOOR2_genome_manifest.csv
GCA_000250655	24_DOOR2_genome_manifest.csv
GCA_000250655.1	24_DOOR2_genome_manifest.csv
GCA_000250675	24_DOOR2_genome_manifest.csv
GCA_000250675.3	24_DOOR2_genome_manifest.csv
GCA_000250855	24_DOOR2_genome_manifest.csv
GCA_000250855.1	24_DOOR2_genome_manifest.csv
GCA_000250905	24_DOOR2_genome_manifest.csv
GCA_000250905.1	24_DOOR2_genome_manifest.csv
GCA_000250925	24_DOOR2_genome_manifest.csv
GCA_000250925.1	24_DOOR2_genome_manifest.csv
GCA_000250945	24_DOOR2_genome_manifest.csv
GCA_000250945.1	24_DOOR2_genome_manifest.csv
GCA_000251085	24_DOOR2_genome_manifest.csv
GCA_000251085.2	24_DOOR2_genome_manifest.csv
GCA_000251105	24_DOOR2_genome_manifest.csv
GCA_000251105.1	24_DOOR2_genome_manifest.csv
GCA_000252365	24_DOOR2_genome_manifest.csv
GCA_000252365.1	24_DOOR2_genome_manifest.csv
GCA_000252445	24_DOOR2_genome_manifest.csv
GCA_000252445.1	24_DOOR2_genome_manifest.csv
GCA_000252875	24_DOOR2_genome_manifest.csv
GCA_000252875.1	24_DOOR2_genome_manifest.csv
GCA_000252955	24_DOOR2_genome_manifest.csv
GCA_000252955.1	24_DOOR2_genome_manifest.csv
GCA_000252975	24_DOOR2_genome_manifest.csv
GCA_000252975.1	24_DOOR2_genome_manifest.csv
GCA_000252995	24_DOOR2_genome_manifest.csv
GCA_000252995.1	24_DOOR2_genome_manifest.csv
GCA_000253015	24_DOOR2_genome_manifest.csv
GCA_000253015.1	24_DOOR2_genome_manifest.csv
GCA_000253035	24_DOOR2_genome_manifest.csv
GCA_000253035.1	24_DOOR2_genome_manifest.csv
GCA_000253055	24_DOOR2_genome_manifest.csv
GCA_000253055.1	24_DOOR2_genome_manifest.csv
GCA_000253075	24_DOOR2_genome_manifest.csv
GCA_000253075.1	24_DOOR2_genome_manifest.csv
GCA_000253095	24_DOOR2_genome_manifest.csv
GCA_000253095.1	24_DOOR2_genome_manifest.csv
GCA_000253135	24_DOOR2_genome_manifest.csv
GCA_000253135.1	24_DOOR2_genome_manifest.csv
GCA_000253155	24_DOOR2_genome_manifest.csv
GCA_000253155.1	24_DOOR2_genome_manifest.csv
GCA_000253175	24_DOOR2_genome_manifest.csv
GCA_000253175.1	24_DOOR2_genome_manifest.csv
GCA_000253195	24_DOOR2_genome_manifest.csv
GCA_000253195.1	24_DOOR2_genome_manifest.csv
GCA_000253215	24_DOOR2_genome_manifest.csv
GCA_000253215.1	24_DOOR2_genome_manifest.csv
GCA_000253235	24_DOOR2_genome_manifest.csv
GCA_000253235.1	24_DOOR2_genome_manifest.csv
GCA_000253255	24_DOOR2_genome_manifest.csv
GCA_000253255.1	24_DOOR2_genome_manifest.csv
GCA_000253275	24_DOOR2_genome_manifest.csv
GCA_000253275.1	24_DOOR2_genome_manifest.csv
GCA_000253295	24_DOOR2_genome_manifest.csv
GCA_000253295.1	24_DOOR2_genome_manifest.csv
GCA_000253315	24_DOOR2_genome_manifest.csv
GCA_000253315.1	24_DOOR2_genome_manifest.csv
GCA_000253335	24_DOOR2_genome_manifest.csv
GCA_000253335.1	24_DOOR2_genome_manifest.csv
GCA_000253355	24_DOOR2_genome_manifest.csv
GCA_000253355.1	24_DOOR2_genome_manifest.csv
GCA_000253375	24_DOOR2_genome_manifest.csv
GCA_000253375.1	24_DOOR2_genome_manifest.csv
GCA_000253395	02_registry_all_accession_candidates.csv;03_genome_path_accession_index.csv;12_STRICT_GenoGrammar_assembly_bridge.csv;24_DOOR2_genome_manifest.csv
GCA_000253395.1	02_registry_all_accession_candidates.csv;03_genome_path_accession_index.csv;04_registry_genome_identity_resolved.csv;12_STRICT_GenoGrammar_assembly_bridge.csv;24_DOOR2_genome_manifest.csv
GCA_000255115	24_DOOR2_genome_manifest.csv
GCA_000255115.3	24_DOOR2_genome_manifest.csv
GCA_000255135	24_DOOR2_genome_manifest.csv
GCA_000255135.1	24_DOOR2_genome_manifest.csv
GCA_000255155	24_DOOR2_genome_manifest.csv
GCA_000255155.1	24_DOOR2_genome_manifest.csv
GCA_000255175	24_DOOR2_genome_manifest.csv
GCA_000255175.1	24_DOOR2_genome_manifest.csv
GCA_000255195	24_DOOR2_genome_manifest.csv
GCA_000255195.1	24_DOOR2_genome_manifest.csv
GCA_000255215	24_DOOR2_genome_manifest.csv
GCA_000255215.1	24_DOOR2_genome_manifest.csv
GCA_000255235	24_DOOR2_genome_manifest.csv
GCA_000255235.1	24_DOOR2_genome_manifest.csv
GCA_000255255	24_DOOR2_genome_manifest.csv
GCA_000255255.1	24_DOOR2_genome_manifest.csv
GCA_000255275	24_DOOR2_genome_manifest.csv
GCA_000255275.1	24_DOOR2_genome_manifest.csv
GCA_000255535	24_DOOR2_genome_manifest.csv
GCA_000255535.1	24_DOOR2_genome_manifest.csv
GCA_000255915	24_DOOR2_genome_manifest.csv
GCA_000255915.1	24_DOOR2_genome_manifest.csv
GCA_000255935	24_DOOR2_genome_manifest.csv
GCA_000255935.1	24_DOOR2_genome_manifest.csv
GCA_000255955	24_DOOR2_genome_manifest.csv
GCA_000255955.1	24_DOOR2_genome_manifest.csv
GCA_000257275	24_DOOR2_genome_manifest.csv
GCA_000257275.1	24_DOOR2_genome_manifest.csv
GCA_000258245	24_DOOR2_genome_manifest.csv
GCA_000258245.1	24_DOOR2_genome_manifest.csv
GCA_000258365	24_DOOR2_genome_manifest.csv
GCA_000258365.1	24_DOOR2_genome_manifest.csv
GCA_000258385	24_DOOR2_genome_manifest.csv
GCA_000258385.1	24_DOOR2_genome_manifest.csv
GCA_000258405	24_DOOR2_genome_manifest.csv
GCA_000258405.1	24_DOOR2_genome_manifest.csv
GCA_000258425	24_DOOR2_genome_manifest.csv
GCA_000258425.1	24_DOOR2_genome_manifest.csv
GCA_000258535	24_DOOR2_genome_manifest.csv
GCA_000258535.2	24_DOOR2_genome_manifest.csv
GCA_000258685	24_DOOR2_genome_manifest.csv
GCA_000258685.1	24_DOOR2_genome_manifest.csv
GCA_000258885	24_DOOR2_genome_manifest.csv
GCA_000258885.1	24_DOOR2_genome_manifest.csv
GCA_000258905	24_DOOR2_genome_manifest.csv
GCA_000258905.1	24_DOOR2_genome_manifest.csv
GCA_000259155	24_DOOR2_genome_manifest.csv
GCA_000259155.4	24_DOOR2_genome_manifest.csv
GCA_000259175	24_DOOR2_genome_manifest.csv
GCA_000259175.1	24_DOOR2_genome_manifest.csv
GCA_000259235	24_DOOR2_genome_manifest.csv
GCA_000259235.1	24_DOOR2_genome_manifest.csv
GCA_000259255	24_DOOR2_genome_manifest.csv
GCA_000259255.1	24_DOOR2_genome_manifest.csv
GCA_000259275	24_DOOR2_genome_manifest.csv
GCA_000259275.1	24_DOOR2_genome_manifest.csv
GCA_000259345	24_DOOR2_genome_manifest.csv
GCA_000259345.1	24_DOOR2_genome_manifest.csv
GCA_000259365	24_DOOR2_genome_manifest.csv
GCA_000259365.1	24_DOOR2_genome_manifest.csv
GCA_000259545	24_DOOR2_genome_manifest.csv
GCA_000259545.1	24_DOOR2_genome_manifest.csv
GCA_000260715	02_registry_all_accession_candidates.csv;03_genome_path_accession_index.csv;12_STRICT_GenoGrammar_assembly_bridge.csv;24_DOOR2_genome_manifest.csv
GCA_000260715.1	02_registry_all_accession_candidates.csv;03_genome_path_accession_index.csv;04_registry_genome_identity_resolved.csv;12_STRICT_GenoGrammar_assembly_bridge.csv;24_DOOR2_genome_manifest.csv
GCA_000260965	24_DOOR2_genome_manifest.csv
GCA_000260965.1	24_DOOR2_genome_manifest.csv
GCA_000260985	24_DOOR2_genome_manifest.csv
GCA_000260985.3	24_DOOR2_genome_manifest.csv
GCA_000261025	24_DOOR2_genome_manifest.csv
GCA_000261025.1	24_DOOR2_genome_manifest.csv
GCA_000262125	24_DOOR2_genome_manifest.csv
GCA_000262125.1	24_DOOR2_genome_manifest.csv
GCA_000262145	24_DOOR2_genome_manifest.csv
GCA_000262145.1	24_DOOR2_genome_manifest.csv
GCA_000262165	24_DOOR2_genome_manifest.csv
GCA_000262165.1	24_DOOR2_genome_manifest.csv
GCA_000262205	24_DOOR2_genome_manifest.csv
GCA_000262205.1	24_DOOR2_genome_manifest.csv
GCA_000262305	24_DOOR2_genome_manifest.csv
GCA_000262305.1	24_DOOR2_genome_manifest.csv
GCA_000262325	02_registry_all_accession_candidates.csv;03_genome_path_accession_index.csv;12_STRICT_GenoGrammar_assembly_bridge.csv
GCA_000262325.2	02_registry_all_accession_candidates.csv;03_genome_path_accession_index.csv;04_registry_genome_identity_resolved.csv;12_STRICT_GenoGrammar_assembly_bridge.csv
GCA_000262385	24_DOOR2_genome_manifest.csv
GCA_000262385.1	24_DOOR2_genome_manifest.csv
GCA_000262655	24_DOOR2_genome_manifest.csv
GCA_000262655.1	24_DOOR2_genome_manifest.csv
GCA_000262675	02_registry_all_accession_candidates.csv;03_genome_path_accession_index.csv;12_STRICT_GenoGrammar_assembly_bridge.csv;24_DOOR2_genome_manifest.csv
GCA_000262675.1	02_registry_all_accession_candidates.csv;03_genome_path_accession_index.csv;04_registry_genome_identity_resolved.csv;12_STRICT_GenoGrammar_assembly_bridge.csv;24_DOOR2_genome_manifest.csv
GCA_000262695	24_DOOR2_genome_manifest.csv
GCA_000262695.1	24_DOOR2_genome_manifest.csv
GCA_000262715	24_DOOR2_genome_manifest.csv
GCA_000262715.1	24_DOOR2_genome_manifest.csv
GCA_000263195	24_DOOR2_genome_manifest.csv
GCA_000263195.1	24_DOOR2_genome_manifest.csv
GCA_000263215	24_DOOR2_genome_manifest.csv
GCA_000263215.1	24_DOOR2_genome_manifest.csv
GCA_000263735	24_DOOR2_genome_manifest.csv
GCA_000263735.1	24_DOOR2_genome_manifest.csv
GCA_000263755	24_DOOR2_genome_manifest.csv
GCA_000263755.3	24_DOOR2_genome_manifest.csv
GCA_000264495	24_DOOR2_genome_manifest.csv
GCA_000264495.1	24_DOOR2_genome_manifest.csv
GCA_000265095	02_registry_all_accession_candidates.csv;03_genome_path_accession_index.csv;12_STRICT_GenoGrammar_assembly_bridge.csv;24_DOOR2_genome_manifest.csv
GCA_000265095.1	02_registry_all_accession_candidates.csv;03_genome_path_accession_index.csv;04_registry_genome_identity_resolved.csv;12_STRICT_GenoGrammar_assembly_bridge.csv;24_DOOR2_genome_manifest.csv
GCA_000265205	24_DOOR2_genome_manifest.csv
GCA_000265205.2	24_DOOR2_genome_manifest.csv
GCA_000265295	24_DOOR2_genome_manifest.csv
GCA_000265295.1	24_DOOR2_genome_manifest.csv
GCA_000265365	24_DOOR2_genome_manifest.csv
GCA_000265365.1	24_DOOR2_genome_manifest.csv
GCA_000265385	24_DOOR2_genome_manifest.csv
GCA_000265385.1	24_DOOR2_genome_manifest.csv
GCA_000265405	24_DOOR2_genome_manifest.csv
GCA_000265405.1	24_DOOR2_genome_manifest.csv
GCA_000265425	24_DOOR2_genome_manifest.csv
GCA_000265425.1	24_DOOR2_genome_manifest.csv
GCA_000265465	24_DOOR2_genome_manifest.csv
GCA_000265465.1	24_DOOR2_genome_manifest.csv
GCA_000265505	24_DOOR2_genome_manifest.csv
GCA_000265505.1	24_DOOR2_genome_manifest.csv
GCA_000265525	24_DOOR2_genome_manifest.csv
GCA_000265525.1	24_DOOR2_genome_manifest.csv
GCA_000265545	24_DOOR2_genome_manifest.csv
GCA_000265545.3	24_DOOR2_genome_manifest.csv
GCA_000266885	24_DOOR2_genome_manifest.csv
GCA_000266885.1	24_DOOR2_genome_manifest.csv
GCA_000266905	24_DOOR2_genome_manifest.csv
GCA_000266905.1	24_DOOR2_genome_manifest.csv
GCA_000266925	24_DOOR2_genome_manifest.csv
GCA_000266925.1	24_DOOR2_genome_manifest.csv
GCA_000266945	24_DOOR2_genome_manifest.csv
GCA_000266945.1	24_DOOR2_genome_manifest.csv
GCA_000267545	24_DOOR2_genome_manifest.csv
GCA_000267545.1	24_DOOR2_genome_manifest.csv
GCA_000269925	24_DOOR2_genome_manifest.csv
GCA_000269925.1	24_DOOR2_genome_manifest.csv
GCA_000269945	24_DOOR2_genome_manifest.csv
GCA_000269945.1	24_DOOR2_genome_manifest.csv
GCA_000269965	02_registry_all_accession_candidates.csv;03_genome_path_accession_index.csv;12_STRICT_GenoGrammar_assembly_bridge.csv
GCA_000269965.1	02_registry_all_accession_candidates.csv;03_genome_path_accession_index.csv;04_registry_genome_identity_resolved.csv;12_STRICT_GenoGrammar_assembly_bridge.csv
GCA_000269985	24_DOOR2_genome_manifest.csv
GCA_000269985.1	24_DOOR2_genome_manifest.csv
GCA_000270005	24_DOOR2_genome_manifest.csv
GCA_000270005.1	24_DOOR2_genome_manifest.csv
GCA_000270025	24_DOOR2_genome_manifest.csv
GCA_000270025.1	24_DOOR2_genome_manifest.csv
GCA_000270045	24_DOOR2_genome_manifest.csv
GCA_000270045.1	24_DOOR2_genome_manifest.csv
GCA_000270065	24_DOOR2_genome_manifest.csv
GCA_000270065.1	24_DOOR2_genome_manifest.csv
GCA_000270085	24_DOOR2_genome_manifest.csv
GCA_000270085.1	24_DOOR2_genome_manifest.csv
GCA_000270125	24_DOOR2_genome_manifest.csv
GCA_000270125.2	24_DOOR2_genome_manifest.csv
GCA_000270165	24_DOOR2_genome_manifest.csv
GCA_000270165.1	24_DOOR2_genome_manifest.csv
GCA_000270185	24_DOOR2_genome_manifest.csv
GCA_000270185.1	24_DOOR2_genome_manifest.csv
GCA_000270205	24_DOOR2_genome_manifest.csv
GCA_000270205.1	24_DOOR2_genome_manifest.csv
GCA_000270225	24_DOOR2_genome_manifest.csv
GCA_000270225.1	24_DOOR2_genome_manifest.csv
GCA_000270245	24_DOOR2_genome_manifest.csv
GCA_000270245.1	24_DOOR2_genome_manifest.csv
GCA_000270285	24_DOOR2_genome_manifest.csv
GCA_000270285.1	24_DOOR2_genome_manifest.csv
GCA_000270305	24_DOOR2_genome_manifest.csv
GCA_000270305.1	24_DOOR2_genome_manifest.csv
GCA_000270345	24_DOOR2_genome_manifest.csv
GCA_000270345.1	24_DOOR2_genome_manifest.csv
GCA_000270365	24_DOOR2_genome_manifest.csv
GCA_000270365.1	24_DOOR2_genome_manifest.csv
GCA_000270385	24_DOOR2_genome_manifest.csv
GCA_000270385.1	24_DOOR2_genome_manifest.csv
GCA_000270405	24_DOOR2_genome_manifest.csv
GCA_000270405.1	24_DOOR2_genome_manifest.csv
GCA_000270425	24_DOOR2_genome_manifest.csv
GCA_000270425.1	24_DOOR2_genome_manifest.csv
GCA_000270445	24_DOOR2_genome_manifest.csv
GCA_000270445.1	24_DOOR2_genome_manifest.csv
GCA_000270465	24_DOOR2_genome_manifest.csv
GCA_000270465.1	24_DOOR2_genome_manifest.csv
GCA_000270525	24_DOOR2_genome_manifest.csv
GCA_000270525.1	24_DOOR2_genome_manifest.csv
GCA_000271325	24_DOOR2_genome_manifest.csv
GCA_000271325.1	24_DOOR2_genome_manifest.csv
GCA_000271365	24_DOOR2_genome_manifest.csv
GCA_000271365.1	24_DOOR2_genome_manifest.csv
GCA_000271865	24_DOOR2_genome_manifest.csv
GCA_000271865.1	24_DOOR2_genome_manifest.csv
GCA_000275605	24_DOOR2_genome_manifest.csv
GCA_000275605.1	24_DOOR2_genome_manifest.csv
GCA_000276685	24_DOOR2_genome_manifest.csv
GCA_000276685.1	24_DOOR2_genome_manifest.csv
GCA_000276825	24_DOOR2_genome_manifest.csv
GCA_000276825.1	24_DOOR2_genome_manifest.csv
GCA_000277085	24_DOOR2_genome_manifest.csv
GCA_000277085.1	24_DOOR2_genome_manifest.csv
GCA_000277105	24_DOOR2_genome_manifest.csv
GCA_000277105.1	24_DOOR2_genome_manifest.csv
GCA_000277125	24_DOOR2_genome_manifest.csv
GCA_000277125.1	24_DOOR2_genome_manifest.csv
GCA_000277145	24_DOOR2_genome_manifest.csv
GCA_000277145.1	24_DOOR2_genome_manifest.csv
GCA_000277165	24_DOOR2_genome_manifest.csv
GCA_000277165.1	24_DOOR2_genome_manifest.csv
GCA_000277185	24_DOOR2_genome_manifest.csv
GCA_000277185.1	24_DOOR2_genome_manifest.csv
GCA_000277205	24_DOOR2_genome_manifest.csv
GCA_000277205.1	24_DOOR2_genome_manifest.csv
GCA_000277225	24_DOOR2_genome_manifest.csv
GCA_000277225.1	24_DOOR2_genome_manifest.csv
GCA_000277245	24_DOOR2_genome_manifest.csv
GCA_000277245.1	24_DOOR2_genome_manifest.csv
GCA_000277265	24_DOOR2_genome_manifest.csv
GCA_000277265.1	24_DOOR2_genome_manifest.csv
GCA_000277285	24_DOOR2_genome_manifest.csv
GCA_000277285.1	24_DOOR2_genome_manifest.csv
GCA_000277305	24_DOOR2_genome_manifest.csv
GCA_000277305.1	24_DOOR2_genome_manifest.csv
GCA_000277325	02_registry_all_accession_candidates.csv;03_genome_path_accession_index.csv;12_STRICT_GenoGrammar_assembly_bridge.csv;24_DOOR2_genome_manifest.csv
GCA_000277325.1	02_registry_all_accession_candidates.csv;03_genome_path_accession_index.csv;04_registry_genome_identity_resolved.csv;12_STRICT_GenoGrammar_assembly_bridge.csv;24_DOOR2_genome_manifest.csv
GCA_000277345	02_registry_all_accession_candidates.csv;03_genome_path_accession_index.csv;12_STRICT_GenoGrammar_assembly_bridge.csv;24_DOOR2_genome_manifest.csv
GCA_000277345.1	02_registry_all_accession_candidates.csv;03_genome_path_accession_index.csv;04_registry_genome_identity_resolved.csv;12_STRICT_GenoGrammar_assembly_bridge.csv;24_DOOR2_genome_manifest.csv
GCA_000277365	24_DOOR2_genome_manifest.csv
GCA_000277365.1	24_DOOR2_genome_manifest.csv
GCA_000277385	24_DOOR2_genome_manifest.csv
GCA_000277385.1	24_DOOR2_genome_manifest.csv
GCA_000277405	24_DOOR2_genome_manifest.csv
GCA_000277405.1	24_DOOR2_genome_manifest.csv
GCA_000277425	24_DOOR2_genome_manifest.csv
GCA_000277425.1	24_DOOR2_genome_manifest.csv
GCA_000277715	24_DOOR2_genome_manifest.csv
GCA_000277715.1	24_DOOR2_genome_manifest.csv
GCA_000277735	24_DOOR2_genome_manifest.csv
GCA_000277735.2	24_DOOR2_genome_manifest.csv
GCA_000277755	24_DOOR2_genome_manifest.csv
GCA_000277755.1	24_DOOR2_genome_manifest.csv
GCA_000277775	24_DOOR2_genome_manifest.csv
GCA_000277775.2	24_DOOR2_genome_manifest.csv
GCA_000277795	24_DOOR2_genome_manifest.csv
GCA_000277795.1	24_DOOR2_genome_manifest.csv
GCA_000279145	24_DOOR2_genome_manifest.csv
GCA_000279145.1	24_DOOR2_genome_manifest.csv
GCA_000279165	24_DOOR2_genome_manifest.csv
GCA_000279165.1	24_DOOR2_genome_manifest.csv
GCA_000281175	24_DOOR2_genome_manifest.csv
GCA_000281175.1	24_DOOR2_genome_manifest.csv
GCA_000281195	24_DOOR2_genome_manifest.csv
GCA_000281195.1	24_DOOR2_genome_manifest.csv
GCA_000281215	24_DOOR2_genome_manifest.csv
GCA_000281215.1	24_DOOR2_genome_manifest.csv
GCA_000281695	24_DOOR2_genome_manifest.csv
GCA_000281695.1	24_DOOR2_genome_manifest.csv
GCA_000283295	24_DOOR2_genome_manifest.csv
GCA_000283295.1	24_DOOR2_genome_manifest.csv
GCA_000283475	24_DOOR2_genome_manifest.csv
GCA_000283475.1	24_DOOR2_genome_manifest.csv
GCA_000283495	02_registry_all_accession_candidates.csv;03_genome_path_accession_index.csv;12_STRICT_GenoGrammar_assembly_bridge.csv;24_DOOR2_genome_manifest.csv
GCA_000283495.2	02_registry_all_accession_candidates.csv;03_genome_path_accession_index.csv;04_registry_genome_identity_resolved.csv;12_STRICT_GenoGrammar_assembly_bridge.csv;24_DOOR2_genome_manifest.csv
GCA_000283515	24_DOOR2_genome_manifest.csv
GCA_000283515.1	24_DOOR2_genome_manifest.csv
GCA_000283535	24_DOOR2_genome_manifest.csv
GCA_000283535.1	24_DOOR2_genome_manifest.csv
GCA_000283555	24_DOOR2_genome_manifest.csv
GCA_000283555.1	24_DOOR2_genome_manifest.csv
GCA_000283575	24_DOOR2_genome_manifest.csv
GCA_000283575.1	24_DOOR2_genome_manifest.csv
GCA_000283595	24_DOOR2_genome_manifest.csv
GCA_000283595.1	24_DOOR2_genome_manifest.csv
GCA_000283615	02_registry_all_accession_candidates.csv;03_genome_path_accession_index.csv;12_STRICT_GenoGrammar_assembly_bridge.csv;24_DOOR2_genome_manifest.csv
GCA_000283615.1	02_registry_all_accession_candidates.csv;03_genome_path_accession_index.csv;04_registry_genome_identity_resolved.csv;12_STRICT_GenoGrammar_assembly_bridge.csv;24_DOOR2_genome_manifest.csv
GCA_000283635	24_DOOR2_genome_manifest.csv
GCA_000283635.1	24_DOOR2_genome_manifest.csv
GCA_000283655	24_DOOR2_genome_manifest.csv
GCA_000283655.1	24_DOOR2_genome_manifest.csv
GCA_000283675	24_DOOR2_genome_manifest.csv
GCA_000283675.1	24_DOOR2_genome_manifest.csv
GCA_000283695	24_DOOR2_genome_manifest.csv
GCA_000283695.1	24_DOOR2_genome_manifest.csv
GCA_000283735	24_DOOR2_genome_manifest.csv
GCA_000283735.1	24_DOOR2_genome_manifest.csv
GCA_000283755	24_DOOR2_genome_manifest.csv
GCA_000283755.1	24_DOOR2_genome_manifest.csv
GCA_000283775	24_DOOR2_genome_manifest.csv
GCA_000283775.1	24_DOOR2_genome_manifest.csv
GCA_000283795	24_DOOR2_genome_manifest.csv
GCA_000283795.1	24_DOOR2_genome_manifest.csv
GCA_000283815	24_DOOR2_genome_manifest.csv
GCA_000283815.1	24_DOOR2_genome_manifest.csv
GCA_000283835	24_DOOR2_genome_manifest.csv
GCA_000283835.1	24_DOOR2_genome_manifest.csv
GCA_000283855	24_DOOR2_genome_manifest.csv
GCA_000283855.1	24_DOOR2_genome_manifest.csv
GCA_000283875	24_DOOR2_genome_manifest.csv
GCA_000283875.1	24_DOOR2_genome_manifest.csv
GCA_000283895	24_DOOR2_genome_manifest.csv
GCA_000283895.1	24_DOOR2_genome_manifest.csv
GCA_000283915	24_DOOR2_genome_manifest.csv
GCA_000283915.1	24_DOOR2_genome_manifest.csv
GCA_000283935	24_DOOR2_genome_manifest.csv
GCA_000283935.1	24_DOOR2_genome_manifest.csv
GCA_000283955	24_DOOR2_genome_manifest.csv
GCA_000283955.1	24_DOOR2_genome_manifest.csv
GCA_000283975	24_DOOR2_genome_manifest.csv
GCA_000283975.1	24_DOOR2_genome_manifest.csv
GCA_000283995	24_DOOR2_genome_manifest.csv
GCA_000283995.1	24_DOOR2_genome_manifest.csv
GCA_000284015	24_DOOR2_genome_manifest.csv
GCA_000284015.1	24_DOOR2_genome_manifest.csv
GCA_000284035	24_DOOR2_genome_manifest.csv
GCA_000284035.1	24_DOOR2_genome_manifest.csv
GCA_000284055	24_DOOR2_genome_manifest.csv
GCA_000284055.1	24_DOOR2_genome_manifest.csv
GCA_000284075	24_DOOR2_genome_manifest.csv
GCA_000284075.1	24_DOOR2_genome_manifest.csv
GCA_000284095	24_DOOR2_genome_manifest.csv
GCA_000284095.1	24_DOOR2_genome_manifest.csv
GCA_000284115	24_DOOR2_genome_manifest.csv
GCA_000284115.1	24_DOOR2_genome_manifest.csv
GCA_000284135	24_DOOR2_genome_manifest.csv
GCA_000284135.1	24_DOOR2_genome_manifest.csv
GCA_000284155	24_DOOR2_genome_manifest.csv
GCA_000284155.1	24_DOOR2_genome_manifest.csv
GCA_000284175	24_DOOR2_genome_manifest.csv
GCA_000284175.1	24_DOOR2_genome_manifest.csv
GCA_000284195	24_DOOR2_genome_manifest.csv
GCA_000284195.1	24_DOOR2_genome_manifest.csv
GCA_000284215	24_DOOR2_genome_manifest.csv
GCA_000284215.1	24_DOOR2_genome_manifest.csv
GCA_000284235	24_DOOR2_genome_manifest.csv
GCA_000284235.1	24_DOOR2_genome_manifest.csv
GCA_000284255	24_DOOR2_genome_manifest.csv
GCA_000284255.1	24_DOOR2_genome_manifest.csv
GCA_000284275	24_DOOR2_genome_manifest.csv
GCA_000284275.1	24_DOOR2_genome_manifest.csv
GCA_000284295	24_DOOR2_genome_manifest.csv
GCA_000284295.1	24_DOOR2_genome_manifest.csv
GCA_000284315	24_DOOR2_genome_manifest.csv
GCA_000284315.1	24_DOOR2_genome_manifest.csv
GCA_000284335	24_DOOR2_genome_manifest.csv
GCA_000284335.1	24_DOOR2_genome_manifest.csv
GCA_000284355	24_DOOR2_genome_manifest.csv
GCA_000284355.1	24_DOOR2_genome_manifest.csv
GCA_000284375	24_DOOR2_genome_manifest.csv
GCA_000284375.1	24_DOOR2_genome_manifest.csv
GCA_000284395	24_DOOR2_genome_manifest.csv
GCA_000284395.1	24_DOOR2_genome_manifest.csv
GCA_000284415	24_DOOR2_genome_manifest.csv
GCA_000284415.2	24_DOOR2_genome_manifest.csv
GCA_000284435	24_DOOR2_genome_manifest.csv
GCA_000284435.1	24_DOOR2_genome_manifest.csv
GCA_000284455	24_DOOR2_genome_manifest.csv
GCA_000284455.1	24_DOOR2_genome_manifest.csv
GCA_000284495	24_DOOR2_genome_manifest.csv
GCA_000284495.1	24_DOOR2_genome_manifest.csv
GCA_000284515	24_DOOR2_genome_manifest.csv
GCA_000284515.1	24_DOOR2_genome_manifest.csv
GCA_000284535	24_DOOR2_genome_manifest.csv
GCA_000284535.1	24_DOOR2_genome_manifest.csv
GCA_000284555	24_DOOR2_genome_manifest.csv
GCA_000284555.1	24_DOOR2_genome_manifest.csv
GCA_000284575	24_DOOR2_genome_manifest.csv
GCA_000284575.1	24_DOOR2_genome_manifest.csv
GCA_000284595	24_DOOR2_genome_manifest.csv
GCA_000284595.1	24_DOOR2_genome_manifest.csv
GCA_000284615	24_DOOR2_genome_manifest.csv
GCA_000284615.1	24_DOOR2_genome_manifest.csv
GCA_000284635	24_DOOR2_genome_manifest.csv
GCA_000284635.1	24_DOOR2_genome_manifest.csv
GCA_000286295	02_registry_all_accession_candidates.csv;03_genome_path_accession_index.csv;12_STRICT_GenoGrammar_assembly_bridge.csv
GCA_000286295.1	02_registry_all_accession_candidates.csv;03_genome_path_accession_index.csv;04_registry_genome_identity_resolved.csv;12_STRICT_GenoGrammar_assembly_bridge.csv
GCA_000287235	24_DOOR2_genome_manifest.csv
GCA_000287235.1	24_DOOR2_genome_manifest.csv
GCA_000287255	24_DOOR2_genome_manifest.csv
GCA_000287255.1	24_DOOR2_genome_manifest.csv
GCA_000287275	24_DOOR2_genome_manifest.csv
GCA_000287275.1	24_DOOR2_genome_manifest.csv
GCA_000287295	24_DOOR2_genome_manifest.csv
GCA_000287295.1	24_DOOR2_genome_manifest.csv
GCA_000287315	24_DOOR2_genome_manifest.csv
GCA_000287315.1	24_DOOR2_genome_manifest.csv
GCA_000292405	24_DOOR2_genome_manifest.csv
GCA_000292405.1	24_DOOR2_genome_manifest.csv
GCA_000292445	24_DOOR2_genome_manifest.csv
GCA_000292445.1	24_DOOR2_genome_manifest.csv
GCA_000292485	24_DOOR2_genome_manifest.csv
GCA_000292485.1	24_DOOR2_genome_manifest.csv
GCA_000292505	24_DOOR2_genome_manifest.csv
GCA_000292505.1	24_DOOR2_genome_manifest.csv
GCA_000292685	24_DOOR2_genome_manifest.csv
GCA_000292685.1	24_DOOR2_genome_manifest.csv
GCA_000292915	24_DOOR2_genome_manifest.csv
GCA_000292915.1	24_DOOR2_genome_manifest.csv
GCA_000294365	24_DOOR2_genome_manifest.csv
GCA_000294365.1	24_DOOR2_genome_manifest.csv
GCA_000294495	24_DOOR2_genome_manifest.csv
GCA_000294495.1	24_DOOR2_genome_manifest.csv
GCA_000294515	24_DOOR2_genome_manifest.csv
GCA_000294515.1	24_DOOR2_genome_manifest.csv
GCA_000296575	24_DOOR2_genome_manifest.csv
GCA_000296575.1	24_DOOR2_genome_manifest.csv
GCA_000299135	24_DOOR2_genome_manifest.csv
GCA_000299135.1	24_DOOR2_genome_manifest.csv
GCA_000299355	24_DOOR2_genome_manifest.csv
GCA_000299355.1	24_DOOR2_genome_manifest.csv
GCA_000299435	24_DOOR2_genome_manifest.csv
GCA_000299435.1	24_DOOR2_genome_manifest.csv
GCA_000299455	24_DOOR2_genome_manifest.csv
GCA_000299455.1	24_DOOR2_genome_manifest.csv
GCA_000299475	24_DOOR2_genome_manifest.csv
GCA_000299475.1	24_DOOR2_genome_manifest.csv
GCA_000299955	24_DOOR2_genome_manifest.csv
GCA_000299955.1	24_DOOR2_genome_manifest.csv
GCA_000299965	24_DOOR2_genome_manifest.csv
GCA_000299965.1	24_DOOR2_genome_manifest.csv
GCA_000299995	24_DOOR2_genome_manifest.csv
GCA_000299995.1	24_DOOR2_genome_manifest.csv
GCA_000300005	24_DOOR2_genome_manifest.csv
GCA_000300005.1	24_DOOR2_genome_manifest.csv
GCA_000300075	24_DOOR2_genome_manifest.csv
GCA_000300075.1	24_DOOR2_genome_manifest.csv
GCA_000300175	24_DOOR2_genome_manifest.csv
GCA_000300175.1	24_DOOR2_genome_manifest.csv
GCA_000300475	24_DOOR2_genome_manifest.csv
GCA_000300475.1	24_DOOR2_genome_manifest.csv
GCA_000302555	24_DOOR2_genome_manifest.csv
GCA_000302555.4	24_DOOR2_genome_manifest.csv
GCA_000302575	24_DOOR2_genome_manifest.csv
GCA_000302575.1	24_DOOR2_genome_manifest.csv
GCA_000304215	02_registry_all_accession_candidates.csv;03_genome_path_accession_index.csv;12_STRICT_GenoGrammar_assembly_bridge.csv;24_DOOR2_genome_manifest.csv
GCA_000304215.1	02_registry_all_accession_candidates.csv;03_genome_path_accession_index.csv;04_registry_genome_identity_resolved.csv;12_STRICT_GenoGrammar_assembly_bridge.csv;24_DOOR2_genome_manifest.csv
GCA_000304355	24_DOOR2_genome_manifest.csv
GCA_000304355.2	24_DOOR2_genome_manifest.csv
GCA_000304455	24_DOOR2_genome_manifest.csv
GCA_000304455.1	24_DOOR2_genome_manifest.csv
GCA_000304495	24_DOOR2_genome_manifest.csv
GCA_000304495.1	24_DOOR2_genome_manifest.csv
GCA_000304515	24_DOOR2_genome_manifest.csv
GCA_000304515.1	24_DOOR2_genome_manifest.csv
GCA_000304535	24_DOOR2_genome_manifest.csv
GCA_000304535.1	24_DOOR2_genome_manifest.csv
GCA_000304555	24_DOOR2_genome_manifest.csv
GCA_000304555.1	24_DOOR2_genome_manifest.csv
GCA_000306765	24_DOOR2_genome_manifest.csv
GCA_000306765.2	24_DOOR2_genome_manifest.csv
GCA_000306785	24_DOOR2_genome_manifest.csv
GCA_000306785.1	24_DOOR2_genome_manifest.csv
GCA_000306805	24_DOOR2_genome_manifest.csv
GCA_000306805.1	24_DOOR2_genome_manifest.csv
GCA_000306825	24_DOOR2_genome_manifest.csv
GCA_000306825.1	24_DOOR2_genome_manifest.csv
GCA_000306845	24_DOOR2_genome_manifest.csv
GCA_000306845.1	24_DOOR2_genome_manifest.csv
GCA_000306885	24_DOOR2_genome_manifest.csv
GCA_000306885.1	24_DOOR2_genome_manifest.csv
GCA_000306905	24_DOOR2_genome_manifest.csv
GCA_000306905.1	24_DOOR2_genome_manifest.csv
GCA_000306985	24_DOOR2_genome_manifest.csv
GCA_000306985.1	24_DOOR2_genome_manifest.csv
GCA_000307005	24_DOOR2_genome_manifest.csv
GCA_000307005.1	24_DOOR2_genome_manifest.csv
GCA_000307025	24_DOOR2_genome_manifest.csv
GCA_000307025.1	24_DOOR2_genome_manifest.csv
GCA_000307045	24_DOOR2_genome_manifest.csv
GCA_000307045.1	24_DOOR2_genome_manifest.csv
GCA_000307065	24_DOOR2_genome_manifest.csv
GCA_000307065.1	24_DOOR2_genome_manifest.csv
GCA_000307085	24_DOOR2_genome_manifest.csv
GCA_000307085.1	24_DOOR2_genome_manifest.csv
GCA_000307105	24_DOOR2_genome_manifest.csv
GCA_000307105.1	24_DOOR2_genome_manifest.csv
GCA_000307125	24_DOOR2_genome_manifest.csv
GCA_000307125.1	24_DOOR2_genome_manifest.csv
GCA_000307145	24_DOOR2_genome_manifest.csv
GCA_000307145.1	24_DOOR2_genome_manifest.csv
GCA_000307165	24_DOOR2_genome_manifest.csv
GCA_000307165.1	24_DOOR2_genome_manifest.csv
GCA_000307185	24_DOOR2_genome_manifest.csv
GCA_000307185.1	24_DOOR2_genome_manifest.csv
GCA_000307615	24_DOOR2_genome_manifest.csv
GCA_000307615.1	24_DOOR2_genome_manifest.csv
GCA_000309565	02_registry_all_accession_candidates.csv;03_genome_path_accession_index.csv;12_STRICT_GenoGrammar_assembly_bridge.csv
GCA_000309565.2	02_registry_all_accession_candidates.csv;03_genome_path_accession_index.csv;04_registry_genome_identity_resolved.csv;12_STRICT_GenoGrammar_assembly_bridge.csv
GCA_000312685	02_registry_all_accession_candidates.csv;03_genome_path_accession_index.csv;12_STRICT_GenoGrammar_assembly_bridge.csv
GCA_000312685.1	02_registry_all_accession_candidates.csv;03_genome_path_accession_index.csv;04_registry_genome_identity_resolved.csv;12_STRICT_GenoGrammar_assembly_bridge.csv
GCA_000318035	02_registry_all_accession_candidates.csv;03_genome_path_accession_index.csv;12_STRICT_GenoGrammar_assembly_bridge.csv
GCA_000318035.1	02_registry_all_accession_candidates.csv;03_genome_path_accession_index.csv;04_registry_genome_identity_resolved.csv;12_STRICT_GenoGrammar_assembly_bridge.csv
GCA_000321395	02_registry_all_accession_candidates.csv;03_genome_path_accession_index.csv;12_STRICT_GenoGrammar_assembly_bridge.csv
GCA_000321395.1	02_registry_all_accession_candidates.csv;03_genome_path_accession_index.csv;04_registry_genome_identity_resolved.csv;12_STRICT_GenoGrammar_assembly_bridge.csv
GCA_000335515	02_registry_all_accession_candidates.csv;03_genome_path_accession_index.csv;12_STRICT_GenoGrammar_assembly_bridge.csv
GCA_000335515.1	02_registry_all_accession_candidates.csv;03_genome_path_accession_index.csv;04_registry_genome_identity_resolved.csv;12_STRICT_GenoGrammar_assembly_bridge.csv
GCA_000338115	02_registry_all_accession_candidates.csv;03_genome_path_accession_index.csv;12_STRICT_GenoGrammar_assembly_bridge.csv
GCA_000338115.2	02_registry_all_accession_candidates.csv;03_genome_path_accession_index.csv;04_registry_genome_identity_resolved.csv;12_STRICT_GenoGrammar_assembly_bridge.csv
GCA_000344575	02_registry_all_accession_candidates.csv;03_genome_path_accession_index.csv;12_STRICT_GenoGrammar_assembly_bridge.csv
GCA_000344575.1	02_registry_all_accession_candidates.csv;03_genome_path_accession_index.csv;04_registry_genome_identity_resolved.csv;12_STRICT_GenoGrammar_assembly_bridge.csv
GCA_000344745	02_registry_all_accession_candidates.csv;03_genome_path_accession_index.csv;12_STRICT_GenoGrammar_assembly_bridge.csv
GCA_000344745.1	02_registry_all_accession_candidates.csv;03_genome_path_accession_index.csv;04_registry_genome_identity_resolved.csv;12_STRICT_GenoGrammar_assembly_bridge.csv
GCA_000347695	02_registry_all_accession_candidates.csv;03_genome_path_accession_index.csv;12_STRICT_GenoGrammar_assembly_bridge.csv
GCA_000347695.1	02_registry_all_accession_candidates.csv;03_genome_path_accession_index.csv;04_registry_genome_identity_resolved.csv;12_STRICT_GenoGrammar_assembly_bridge.csv
GCA_000349795	02_registry_all_accession_candidates.csv;03_genome_path_accession_index.csv;12_STRICT_GenoGrammar_assembly_bridge.csv
GCA_000349795.1	02_registry_all_accession_candidates.csv;03_genome_path_accession_index.csv;04_registry_genome_identity_resolved.csv;12_STRICT_GenoGrammar_assembly_bridge.csv
GCA_000359625	02_registry_all_accession_candidates.csv;03_genome_path_accession_index.csv;12_STRICT_GenoGrammar_assembly_bridge.csv
GCA_000359625.1	02_registry_all_accession_candidates.csv;03_genome_path_accession_index.csv;04_registry_genome_identity_resolved.csv;12_STRICT_GenoGrammar_assembly_bridge.csv
GCA_000388095	02_registry_all_accession_candidates.csv;03_genome_path_accession_index.csv;12_STRICT_GenoGrammar_assembly_bridge.csv
GCA_000388095.2	02_registry_all_accession_candidates.csv;03_genome_path_accession_index.csv;04_registry_genome_identity_resolved.csv;12_STRICT_GenoGrammar_assembly_bridge.csv
GCA_000389675	02_registry_all_accession_candidates.csv;03_genome_path_accession_index.csv;12_STRICT_GenoGrammar_assembly_bridge.csv
GCA_000389675.2	02_registry_all_accession_candidates.csv;03_genome_path_accession_index.csv;04_registry_genome_identity_resolved.csv;12_STRICT_GenoGrammar_assembly_bridge.csv
GCA_000392485	02_registry_all_accession_candidates.csv;03_genome_path_accession_index.csv;12_STRICT_GenoGrammar_assembly_bridge.csv
GCA_000392485.2	02_registry_all_accession_candidates.csv;03_genome_path_accession_index.csv;04_registry_genome_identity_resolved.csv;12_STRICT_GenoGrammar_assembly_bridge.csv
GCA_000397165	02_registry_all_accession_candidates.csv;03_genome_path_accession_index.csv;12_STRICT_GenoGrammar_assembly_bridge.csv
GCA_000397165.1	02_registry_all_accession_candidates.csv;03_genome_path_accession_index.csv;04_registry_genome_identity_resolved.csv;12_STRICT_GenoGrammar_assembly_bridge.csv
GCA_000400585	02_registry_all_accession_candidates.csv;03_genome_path_accession_index.csv;12_STRICT_GenoGrammar_assembly_bridge.csv
GCA_000400585.1	02_registry_all_accession_candidates.csv;03_genome_path_accession_index.csv;04_registry_genome_identity_resolved.csv;12_STRICT_GenoGrammar_assembly_bridge.csv
GCA_000410995	02_registry_all_accession_candidates.csv;03_genome_path_accession_index.csv;12_STRICT_GenoGrammar_assembly_bridge.csv
GCA_000410995.1	02_registry_all_accession_candidates.csv;03_genome_path_accession_index.csv;04_registry_genome_identity_resolved.csv;12_STRICT_GenoGrammar_assembly_bridge.csv
GCA_000412205	02_registry_all_accession_candidates.csv;03_genome_path_accession_index.csv;12_STRICT_GenoGrammar_assembly_bridge.csv
GCA_000412205.1	02_registry_all_accession_candidates.csv;03_genome_path_accession_index.csv;04_registry_genome_identity_resolved.csv;12_STRICT_GenoGrammar_assembly_bridge.csv
GCA_000414215	02_registry_all_accession_candidates.csv;03_genome_path_accession_index.csv;12_STRICT_GenoGrammar_assembly_bridge.csv
GCA_000414215.2	02_registry_all_accession_candidates.csv;03_genome_path_accession_index.csv;04_registry_genome_identity_resolved.csv;12_STRICT_GenoGrammar_assembly_bridge.csv
GCA_000414365	02_registry_all_accession_candidates.csv;03_genome_path_accession_index.csv;12_STRICT_GenoGrammar_assembly_bridge.csv
GCA_000414365.1	02_registry_all_accession_candidates.csv;03_genome_path_accession_index.csv;04_registry_genome_identity_resolved.csv;12_STRICT_GenoGrammar_assembly_bridge.csv
GCA_000418475	02_registry_all_accession_candidates.csv;03_genome_path_accession_index.csv;12_STRICT_GenoGrammar_assembly_bridge.csv
GCA_000418475.1	02_registry_all_accession_candidates.csv;03_genome_path_accession_index.csv;04_registry_genome_identity_resolved.csv;12_STRICT_GenoGrammar_assembly_bridge.csv
GCA_000418515	02_registry_all_accession_candidates.csv;03_genome_path_accession_index.csv;12_STRICT_GenoGrammar_assembly_bridge.csv
GCA_000418515.1	02_registry_all_accession_candidates.csv;03_genome_path_accession_index.csv;04_registry_genome_identity_resolved.csv;12_STRICT_GenoGrammar_assembly_bridge.csv
GCA_000422165	02_registry_all_accession_candidates.csv;03_genome_path_accession_index.csv;12_STRICT_GenoGrammar_assembly_bridge.csv
GCA_000422165.1	02_registry_all_accession_candidates.csv;03_genome_path_accession_index.csv;04_registry_genome_identity_resolved.csv;12_STRICT_GenoGrammar_assembly_bridge.csv
GCA_000439275	02_registry_all_accession_candidates.csv;03_genome_path_accession_index.csv;12_STRICT_GenoGrammar_assembly_bridge.csv
GCA_000439275.1	02_registry_all_accession_candidates.csv;03_genome_path_accession_index.csv;04_registry_genome_identity_resolved.csv;12_STRICT_GenoGrammar_assembly_bridge.csv
GCA_000455605	24_DOOR2_genome_manifest.csv
GCA_000455605.1	24_DOOR2_genome_manifest.csv
GCA_000466525	02_registry_all_accession_candidates.csv;03_genome_path_accession_index.csv;12_STRICT_GenoGrammar_assembly_bridge.csv
GCA_000466525.1	02_registry_all_accession_candidates.csv;03_genome_path_accession_index.csv;04_registry_genome_identity_resolved.csv;12_STRICT_GenoGrammar_assembly_bridge.csv
GCA_000466785	02_registry_all_accession_candidates.csv;03_genome_path_accession_index.csv;12_STRICT_GenoGrammar_assembly_bridge.csv
GCA_000466785.3	02_registry_all_accession_candidates.csv;03_genome_path_accession_index.csv;04_registry_genome_identity_resolved.csv;12_STRICT_GenoGrammar_assembly_bridge.csv
GCA_000466905	02_registry_all_accession_candidates.csv;03_genome_path_accession_index.csv
GCA_000466905.1	02_registry_all_accession_candidates.csv;03_genome_path_accession_index.csv;04_registry_genome_identity_resolved.csv
GCA_000468955	02_registry_all_accession_candidates.csv;03_genome_path_accession_index.csv;12_STRICT_GenoGrammar_assembly_bridge.csv
GCA_000468955.1	02_registry_all_accession_candidates.csv;03_genome_path_accession_index.csv;04_registry_genome_identity_resolved.csv;12_STRICT_GenoGrammar_assembly_bridge.csv
GCA_000469365	02_registry_all_accession_candidates.csv;03_genome_path_accession_index.csv;12_STRICT_GenoGrammar_assembly_bridge.csv
GCA_000469365.1	02_registry_all_accession_candidates.csv;03_genome_path_accession_index.csv;04_registry_genome_identity_resolved.csv;12_STRICT_GenoGrammar_assembly_bridge.csv
GCA_000469745	02_registry_all_accession_candidates.csv;03_genome_path_accession_index.csv;12_STRICT_GenoGrammar_assembly_bridge.csv
GCA_000469745.1	02_registry_all_accession_candidates.csv;03_genome_path_accession_index.csv;04_registry_genome_identity_resolved.csv;12_STRICT_GenoGrammar_assembly_bridge.csv
GCA_000471945	02_registry_all_accession_candidates.csv;03_genome_path_accession_index.csv;12_STRICT_GenoGrammar_assembly_bridge.csv
GCA_000471945.1	02_registry_all_accession_candidates.csv;03_genome_path_accession_index.csv;04_registry_genome_identity_resolved.csv;12_STRICT_GenoGrammar_assembly_bridge.csv
GCA_000472265	02_registry_all_accession_candidates.csv;03_genome_path_accession_index.csv
GCA_000472265.1	02_registry_all_accession_candidates.csv;03_genome_path_accession_index.csv;04_registry_genome_identity_resolved.csv
GCA_000473935	02_registry_all_accession_candidates.csv;03_genome_path_accession_index.csv
GCA_000473935.1	02_registry_all_accession_candidates.csv;03_genome_path_accession_index.csv;04_registry_genome_identity_resolved.csv
GCA_000477515	02_registry_all_accession_candidates.csv;03_genome_path_accession_index.csv;12_STRICT_GenoGrammar_assembly_bridge.csv
GCA_000477515.1	02_registry_all_accession_candidates.csv;03_genome_path_accession_index.csv;04_registry_genome_identity_resolved.csv;12_STRICT_GenoGrammar_assembly_bridge.csv
GCA_000478255	02_registry_all_accession_candidates.csv;03_genome_path_accession_index.csv;12_STRICT_GenoGrammar_assembly_bridge.csv
GCA_000478255.2	02_registry_all_accession_candidates.csv;03_genome_path_accession_index.csv;04_registry_genome_identity_resolved.csv;12_STRICT_GenoGrammar_assembly_bridge.csv
GCA_000478525	02_registry_all_accession_candidates.csv;03_genome_path_accession_index.csv;12_STRICT_GenoGrammar_assembly_bridge.csv
GCA_000478525.1	01_registry_accession_column_audit.csv;02_registry_all_accession_candidates.csv;03_genome_path_accession_index.csv;04_registry_genome_identity_resolved.csv;12_STRICT_GenoGrammar_assembly_bridge.csv
GCA_000479375	02_registry_all_accession_candidates.csv;03_genome_path_accession_index.csv;12_STRICT_GenoGrammar_assembly_bridge.csv
GCA_000479375.3	02_registry_all_accession_candidates.csv;03_genome_path_accession_index.csv;04_registry_genome_identity_resolved.csv;12_STRICT_GenoGrammar_assembly_bridge.csv
GCA_000496265	02_registry_all_accession_candidates.csv;03_genome_path_accession_index.csv;12_STRICT_GenoGrammar_assembly_bridge.csv
GCA_000496265.1	02_registry_all_accession_candidates.csv;03_genome_path_accession_index.csv;04_registry_genome_identity_resolved.csv;12_STRICT_GenoGrammar_assembly_bridge.csv
GCA_000497735	02_registry_all_accession_candidates.csv;03_genome_path_accession_index.csv;12_STRICT_GenoGrammar_assembly_bridge.csv
GCA_000497735.1	02_registry_all_accession_candidates.csv;03_genome_path_accession_index.csv;04_registry_genome_identity_resolved.csv;12_STRICT_GenoGrammar_assembly_bridge.csv
GCA_000497795	02_registry_all_accession_candidates.csv;03_genome_path_accession_index.csv;12_STRICT_GenoGrammar_assembly_bridge.csv
GCA_000497795.1	02_registry_all_accession_candidates.csv;03_genome_path_accession_index.csv;04_registry_genome_identity_resolved.csv;12_STRICT_GenoGrammar_assembly_bridge.csv
GCA_000508405	02_registry_all_accession_candidates.csv;03_genome_path_accession_index.csv
GCA_000508405.1	02_registry_all_accession_candidates.csv;03_genome_path_accession_index.csv;04_registry_genome_identity_resolved.csv
GCA_000510825	02_registry_all_accession_candidates.csv;03_genome_path_accession_index.csv;12_STRICT_GenoGrammar_assembly_bridge.csv
GCA_000510825.1	02_registry_all_accession_candidates.csv;03_genome_path_accession_index.csv;04_registry_genome_identity_resolved.csv;12_STRICT_GenoGrammar_assembly_bridge.csv
GCA_000521285	02_registry_all_accession_candidates.csv;03_genome_path_accession_index.csv;12_STRICT_GenoGrammar_assembly_bridge.csv
GCA_000521285.1	02_registry_all_accession_candidates.csv;03_genome_path_accession_index.csv;04_registry_genome_identity_resolved.csv;12_STRICT_GenoGrammar_assembly_bridge.csv
GCA_000521305	02_registry_all_accession_candidates.csv;03_genome_path_accession_index.csv;12_STRICT_GenoGrammar_assembly_bridge.csv
GCA_000521305.1	02_registry_all_accession_candidates.csv;03_genome_path_accession_index.csv;04_registry_genome_identity_resolved.csv;12_STRICT_GenoGrammar_assembly_bridge.csv
GCA_000521325	02_registry_all_accession_candidates.csv;03_genome_path_accession_index.csv;12_STRICT_GenoGrammar_assembly_bridge.csv
GCA_000521325.1	02_registry_all_accession_candidates.csv;03_genome_path_accession_index.csv;04_registry_genome_identity_resolved.csv;12_STRICT_GenoGrammar_assembly_bridge.csv
GCA_000525715	02_registry_all_accession_candidates.csv;03_genome_path_accession_index.csv;12_STRICT_GenoGrammar_assembly_bridge.csv
GCA_000525715.1	02_registry_all_accession_candidates.csv;03_genome_path_accession_index.csv;04_registry_genome_identity_resolved.csv;12_STRICT_GenoGrammar_assembly_bridge.csv
GCA_000568895	02_registry_all_accession_candidates.csv;03_genome_path_accession_index.csv;12_STRICT_GenoGrammar_assembly_bridge.csv
GCA_000568895.1	02_registry_all_accession_candidates.csv;03_genome_path_accession_index.csv;04_registry_genome_identity_resolved.csv;12_STRICT_GenoGrammar_assembly_bridge.csv
GCA_000568975	02_registry_all_accession_candidates.csv;03_genome_path_accession_index.csv;12_STRICT_GenoGrammar_assembly_bridge.csv
GCA_000568975.1	02_registry_all_accession_candidates.csv;03_genome_path_accession_index.csv;04_registry_genome_identity_resolved.csv;12_STRICT_GenoGrammar_assembly_bridge.csv
GCA_000569035	02_registry_all_accession_candidates.csv;03_genome_path_accession_index.csv;12_STRICT_GenoGrammar_assembly_bridge.csv
GCA_000569035.1	02_registry_all_accession_candidates.csv;03_genome_path_accession_index.csv;04_registry_genome_identity_resolved.csv;12_STRICT_GenoGrammar_assembly_bridge.csv
GCA_000572065	02_registry_all_accession_candidates.csv;03_genome_path_accession_index.csv;12_STRICT_GenoGrammar_assembly_bridge.csv
GCA_000572065.1	02_registry_all_accession_candidates.csv;03_genome_path_accession_index.csv;04_registry_genome_identity_resolved.csv;12_STRICT_GenoGrammar_assembly_bridge.csv
GCA_000572095	02_registry_all_accession_candidates.csv;03_genome_path_accession_index.csv;12_STRICT_GenoGrammar_assembly_bridge.csv
GCA_000572095.1	02_registry_all_accession_candidates.csv;03_genome_path_accession_index.csv;04_registry_genome_identity_resolved.csv;12_STRICT_GenoGrammar_assembly_bridge.csv
GCA_000582665	02_registry_all_accession_candidates.csv;03_genome_path_accession_index.csv;12_STRICT_GenoGrammar_assembly_bridge.csv
GCA_000582665.1	02_registry_all_accession_candidates.csv;03_genome_path_accession_index.csv;04_registry_genome_identity_resolved.csv;12_STRICT_GenoGrammar_assembly_bridge.csv
GCA_000604145	02_registry_all_accession_candidates.csv;03_genome_path_accession_index.csv
GCA_000604145.1	01_registry_accession_column_audit.csv;02_registry_all_accession_candidates.csv;03_genome_path_accession_index.csv;04_registry_genome_identity_resolved.csv
GCA_000612705	02_registry_all_accession_candidates.csv;03_genome_path_accession_index.csv;12_STRICT_GenoGrammar_assembly_bridge.csv
GCA_000612705.1	02_registry_all_accession_candidates.csv;03_genome_path_accession_index.csv;04_registry_genome_identity_resolved.csv;12_STRICT_GenoGrammar_assembly_bridge.csv
GCA_000615205	02_registry_all_accession_candidates.csv;03_genome_path_accession_index.csv;12_STRICT_GenoGrammar_assembly_bridge.csv
GCA_000615205.1	02_registry_all_accession_candidates.csv;03_genome_path_accession_index.csv;04_registry_genome_identity_resolved.csv;12_STRICT_GenoGrammar_assembly_bridge.csv
GCA_000615245	02_registry_all_accession_candidates.csv;03_genome_path_accession_index.csv;12_STRICT_GenoGrammar_assembly_bridge.csv
GCA_000615245.1	02_registry_all_accession_candidates.csv;03_genome_path_accession_index.csv;04_registry_genome_identity_resolved.csv;12_STRICT_GenoGrammar_assembly_bridge.csv
GCA_000695895	02_registry_all_accession_candidates.csv;03_genome_path_accession_index.csv;12_STRICT_GenoGrammar_assembly_bridge.csv
GCA_000695895.1	02_registry_all_accession_candidates.csv;03_genome_path_accession_index.csv;04_registry_genome_identity_resolved.csv;12_STRICT_GenoGrammar_assembly_bridge.csv
GCA_000698885	02_registry_all_accession_candidates.csv;03_genome_path_accession_index.csv;12_STRICT_GenoGrammar_assembly_bridge.csv
GCA_000698885.1	02_registry_all_accession_candidates.csv;03_genome_path_accession_index.csv;04_registry_genome_identity_resolved.csv;12_STRICT_GenoGrammar_assembly_bridge.csv
GCA_000699465	02_registry_all_accession_candidates.csv;03_genome_path_accession_index.csv;12_STRICT_GenoGrammar_assembly_bridge.csv
GCA_000699465.1	02_registry_all_accession_candidates.csv;03_genome_path_accession_index.csv;04_registry_genome_identity_resolved.csv;12_STRICT_GenoGrammar_assembly_bridge.csv
GCA_000699525	02_registry_all_accession_candidates.csv;03_genome_path_accession_index.csv;12_STRICT_GenoGrammar_assembly_bridge.csv
GCA_000699525.1	02_registry_all_accession_candidates.csv;03_genome_path_accession_index.csv;04_registry_genome_identity_resolved.csv;12_STRICT_GenoGrammar_assembly_bridge.csv
GCA_000702865	02_registry_all_accession_candidates.csv;03_genome_path_accession_index.csv;12_STRICT_GenoGrammar_assembly_bridge.csv
GCA_000702865.1	02_registry_all_accession_candidates.csv;03_genome_path_accession_index.csv;04_registry_genome_identity_resolved.csv;12_STRICT_GenoGrammar_assembly_bridge.csv
GCA_000706705	02_registry_all_accession_candidates.csv;03_genome_path_accession_index.csv;12_STRICT_GenoGrammar_assembly_bridge.csv
GCA_000706705.1	02_registry_all_accession_candidates.csv;03_genome_path_accession_index.csv;04_registry_genome_identity_resolved.csv;12_STRICT_GenoGrammar_assembly_bridge.csv
GCA_000708005	02_registry_all_accession_candidates.csv;03_genome_path_accession_index.csv;12_STRICT_GenoGrammar_assembly_bridge.csv
GCA_000708005.1	02_registry_all_accession_candidates.csv;03_genome_path_accession_index.csv;04_registry_genome_identity_resolved.csv;12_STRICT_GenoGrammar_assembly_bridge.csv
GCA_000708735	02_registry_all_accession_candidates.csv;03_genome_path_accession_index.csv
GCA_000708735.1	01_registry_accession_column_audit.csv;02_registry_all_accession_candidates.csv;03_genome_path_accession_index.csv;04_registry_genome_identity_resolved.csv
GCA_000712495	02_registry_all_accession_candidates.csv;03_genome_path_accession_index.csv;12_STRICT_GenoGrammar_assembly_bridge.csv
GCA_000712495.1	02_registry_all_accession_candidates.csv;03_genome_path_accession_index.csv;04_registry_genome_identity_resolved.csv;12_STRICT_GenoGrammar_assembly_bridge.csv
GCA_000712555	02_registry_all_accession_candidates.csv;03_genome_path_accession_index.csv;12_STRICT_GenoGrammar_assembly_bridge.csv
GCA_000712555.1	02_registry_all_accession_candidates.csv;03_genome_path_accession_index.csv;04_registry_genome_identity_resolved.csv;12_STRICT_GenoGrammar_assembly_bridge.csv
GCA_000730125	02_registry_all_accession_candidates.csv;03_genome_path_accession_index.csv;12_STRICT_GenoGrammar_assembly_bridge.csv
GCA_000730125.1	02_registry_all_accession_candidates.csv;03_genome_path_accession_index.csv;04_registry_genome_identity_resolved.csv;12_STRICT_GenoGrammar_assembly_bridge.csv
GCA_000731855	02_registry_all_accession_candidates.csv;03_genome_path_accession_index.csv;12_STRICT_GenoGrammar_assembly_bridge.csv
GCA_000731855.1	02_registry_all_accession_candidates.csv;03_genome_path_accession_index.csv;04_registry_genome_identity_resolved.csv;12_STRICT_GenoGrammar_assembly_bridge.csv
GCA_000736295	02_registry_all_accession_candidates.csv;03_genome_path_accession_index.csv;12_STRICT_GenoGrammar_assembly_bridge.csv
GCA_000736295.2	01_registry_accession_column_audit.csv;02_registry_all_accession_candidates.csv;03_genome_path_accession_index.csv;04_registry_genome_identity_resolved.csv;12_STRICT_GenoGrammar_assembly_bridge.csv
GCA_000736295.3	01_registry_accession_column_audit.csv;02_registry_all_accession_candidates.csv;03_genome_path_accession_index.csv;04_registry_genome_identity_resolved.csv;12_STRICT_GenoGrammar_assembly_bridge.csv
GCA_000736295.4	01_registry_accession_column_audit.csv;02_registry_all_accession_candidates.csv;03_genome_path_accession_index.csv;04_registry_genome_identity_resolved.csv;12_STRICT_GenoGrammar_assembly_bridge.csv
GCA_000736295.5	02_registry_all_accession_candidates.csv;03_genome_path_accession_index.csv;04_registry_genome_identity_resolved.csv
GCA_000737885	02_registry_all_accession_candidates.csv;03_genome_path_accession_index.csv;12_STRICT_GenoGrammar_assembly_bridge.csv
GCA_000737885.1	02_registry_all_accession_candidates.csv;03_genome_path_accession_index.csv;04_registry_genome_identity_resolved.csv;12_STRICT_GenoGrammar_assembly_bridge.csv
GCA_000741085	02_registry_all_accession_candidates.csv;03_genome_path_accession_index.csv;12_STRICT_GenoGrammar_assembly_bridge.csv
GCA_000741085.1	02_registry_all_accession_candidates.csv;03_genome_path_accession_index.csv;04_registry_genome_identity_resolved.csv;12_STRICT_GenoGrammar_assembly_bridge.csv
GCA_000741245	02_registry_all_accession_candidates.csv;03_genome_path_accession_index.csv;12_STRICT_GenoGrammar_assembly_bridge.csv
GCA_000741245.1	02_registry_all_accession_candidates.csv;03_genome_path_accession_index.csv;04_registry_genome_identity_resolved.csv;12_STRICT_GenoGrammar_assembly_bridge.csv
GCA_000741415	02_registry_all_accession_candidates.csv;03_genome_path_accession_index.csv;12_STRICT_GenoGrammar_assembly_bridge.csv
GCA_000741415.1	02_registry_all_accession_candidates.csv;03_genome_path_accession_index.csv;04_registry_genome_identity_resolved.csv;12_STRICT_GenoGrammar_assembly_bridge.csv
GCA_000741495	02_registry_all_accession_candidates.csv;03_genome_path_accession_index.csv;12_STRICT_GenoGrammar_assembly_bridge.csv
GCA_000741495.1	02_registry_all_accession_candidates.csv;03_genome_path_accession_index.csv;04_registry_genome_identity_resolved.csv;12_STRICT_GenoGrammar_assembly_bridge.csv
GCA_000743075	02_registry_all_accession_candidates.csv;03_genome_path_accession_index.csv;12_STRICT_GenoGrammar_assembly_bridge.csv
GCA_000743075.1	02_registry_all_accession_candidates.csv;03_genome_path_accession_index.csv;04_registry_genome_identity_resolved.csv;12_STRICT_GenoGrammar_assembly_bridge.csv
GCA_000758185	02_registry_all_accession_candidates.csv;03_genome_path_accession_index.csv;12_STRICT_GenoGrammar_assembly_bridge.csv
GCA_000758185.1	02_registry_all_accession_candidates.csv;03_genome_path_accession_index.csv;04_registry_genome_identity_resolved.csv;12_STRICT_GenoGrammar_assembly_bridge.csv
GCA_000762955	02_registry_all_accession_candidates.csv;03_genome_path_accession_index.csv;12_STRICT_GenoGrammar_assembly_bridge.csv
GCA_000762955.1	02_registry_all_accession_candidates.csv;03_genome_path_accession_index.csv;04_registry_genome_identity_resolved.csv;12_STRICT_GenoGrammar_assembly_bridge.csv
GCA_000764285	02_registry_all_accession_candidates.csv;03_genome_path_accession_index.csv;12_STRICT_GenoGrammar_assembly_bridge.csv
GCA_000764285.1	02_registry_all_accession_candidates.csv;03_genome_path_accession_index.csv;04_registry_genome_identity_resolved.csv;12_STRICT_GenoGrammar_assembly_bridge.csv
GCA_000771445	02_registry_all_accession_candidates.csv;03_genome_path_accession_index.csv;12_STRICT_GenoGrammar_assembly_bridge.csv
GCA_000771445.1	02_registry_all_accession_candidates.csv;03_genome_path_accession_index.csv;04_registry_genome_identity_resolved.csv;12_STRICT_GenoGrammar_assembly_bridge.csv
GCA_000771485	02_registry_all_accession_candidates.csv;03_genome_path_accession_index.csv;12_STRICT_GenoGrammar_assembly_bridge.csv
GCA_000771485.1	02_registry_all_accession_candidates.csv;03_genome_path_accession_index.csv;04_registry_genome_identity_resolved.csv;12_STRICT_GenoGrammar_assembly_bridge.csv
GCA_000772485	02_registry_all_accession_candidates.csv;03_genome_path_accession_index.csv;12_STRICT_GenoGrammar_assembly_bridge.csv
GCA_000772485.1	02_registry_all_accession_candidates.csv;03_genome_path_accession_index.csv;04_registry_genome_identity_resolved.csv;12_STRICT_GenoGrammar_assembly_bridge.csv
GCA_000800475	02_registry_all_accession_candidates.csv;03_genome_path_accession_index.csv;12_STRICT_GenoGrammar_assembly_bridge.csv
GCA_000800475.2	02_registry_all_accession_candidates.csv;03_genome_path_accession_index.csv;04_registry_genome_identity_resolved.csv;12_STRICT_GenoGrammar_assembly_bridge.csv
GCA_000807375	02_registry_all_accession_candidates.csv;03_genome_path_accession_index.csv;12_STRICT_GenoGrammar_assembly_bridge.csv
GCA_000807375.1	02_registry_all_accession_candidates.csv;03_genome_path_accession_index.csv;04_registry_genome_identity_resolved.csv;12_STRICT_GenoGrammar_assembly_bridge.csv
GCA_000807975	02_registry_all_accession_candidates.csv;03_genome_path_accession_index.csv;12_STRICT_GenoGrammar_assembly_bridge.csv
GCA_000807975.1	02_registry_all_accession_candidates.csv;03_genome_path_accession_index.csv;04_registry_genome_identity_resolved.csv;12_STRICT_GenoGrammar_assembly_bridge.csv
GCA_000816205	02_registry_all_accession_candidates.csv;03_genome_path_accession_index.csv;12_STRICT_GenoGrammar_assembly_bridge.csv
GCA_000816205.1	02_registry_all_accession_candidates.csv;03_genome_path_accession_index.csv;04_registry_genome_identity_resolved.csv;12_STRICT_GenoGrammar_assembly_bridge.csv
GCA_000817045	02_registry_all_accession_candidates.csv;03_genome_path_accession_index.csv;12_STRICT_GenoGrammar_assembly_bridge.csv
GCA_000817045.1	02_registry_all_accession_candidates.csv;03_genome_path_accession_index.csv;04_registry_genome_identity_resolved.csv;12_STRICT_GenoGrammar_assembly_bridge.csv
GCA_000817975	02_registry_all_accession_candidates.csv;03_genome_path_accession_index.csv;12_STRICT_GenoGrammar_assembly_bridge.csv
GCA_000817975.1	02_registry_all_accession_candidates.csv;03_genome_path_accession_index.csv;04_registry_genome_identity_resolved.csv;12_STRICT_GenoGrammar_assembly_bridge.csv
GCA_000817995	02_registry_all_accession_candidates.csv;03_genome_path_accession_index.csv;12_STRICT_GenoGrammar_assembly_bridge.csv
GCA_000817995.1	02_registry_all_accession_candidates.csv;03_genome_path_accession_index.csv;04_registry_genome_identity_resolved.csv;12_STRICT_GenoGrammar_assembly_bridge.csv
GCA_000818055	02_registry_all_accession_candidates.csv;03_genome_path_accession_index.csv;12_STRICT_GenoGrammar_assembly_bridge.csv
GCA_000818055.1	02_registry_all_accession_candidates.csv;03_genome_path_accession_index.csv;04_registry_genome_identity_resolved.csv;12_STRICT_GenoGrammar_assembly_bridge.csv
GCA_000825065	02_registry_all_accession_candidates.csv;03_genome_path_accession_index.csv;12_STRICT_GenoGrammar_assembly_bridge.csv
GCA_000825065.1	01_registry_accession_column_audit.csv;02_registry_all_accession_candidates.csv;03_genome_path_accession_index.csv;04_registry_genome_identity_resolved.csv;12_STRICT_GenoGrammar_assembly_bridge.csv
GCA_000825085	02_registry_all_accession_candidates.csv;03_genome_path_accession_index.csv;12_STRICT_GenoGrammar_assembly_bridge.csv
GCA_000825085.1	01_registry_accession_column_audit.csv;02_registry_all_accession_candidates.csv;03_genome_path_accession_index.csv;04_registry_genome_identity_resolved.csv;12_STRICT_GenoGrammar_assembly_bridge.csv
GCA_000825105	02_registry_all_accession_candidates.csv;03_genome_path_accession_index.csv;12_STRICT_GenoGrammar_assembly_bridge.csv
GCA_000825105.1	02_registry_all_accession_candidates.csv;03_genome_path_accession_index.csv;04_registry_genome_identity_resolved.csv;12_STRICT_GenoGrammar_assembly_bridge.csv
GCA_000825125	02_registry_all_accession_candidates.csv;03_genome_path_accession_index.csv;12_STRICT_GenoGrammar_assembly_bridge.csv
GCA_000825125.1	02_registry_all_accession_candidates.csv;03_genome_path_accession_index.csv;04_registry_genome_identity_resolved.csv;12_STRICT_GenoGrammar_assembly_bridge.csv
GCA_000825145	02_registry_all_accession_candidates.csv;03_genome_path_accession_index.csv;12_STRICT_GenoGrammar_assembly_bridge.csv
GCA_000825145.1	02_registry_all_accession_candidates.csv;03_genome_path_accession_index.csv;04_registry_genome_identity_resolved.csv;12_STRICT_GenoGrammar_assembly_bridge.csv
GCA_000827065	02_registry_all_accession_candidates.csv;03_genome_path_accession_index.csv;12_STRICT_GenoGrammar_assembly_bridge.csv
GCA_000827065.1	02_registry_all_accession_candidates.csv;03_genome_path_accession_index.csv;04_registry_genome_identity_resolved.csv;12_STRICT_GenoGrammar_assembly_bridge.csv
GCA_000829035	02_registry_all_accession_candidates.csv;03_genome_path_accession_index.csv;12_STRICT_GenoGrammar_assembly_bridge.csv
GCA_000829035.1	02_registry_all_accession_candidates.csv;03_genome_path_accession_index.csv;04_registry_genome_identity_resolved.csv;12_STRICT_GenoGrammar_assembly_bridge.csv
GCA_000829055	02_registry_all_accession_candidates.csv;03_genome_path_accession_index.csv;12_STRICT_GenoGrammar_assembly_bridge.csv
GCA_000829055.1	02_registry_all_accession_candidates.csv;03_genome_path_accession_index.csv;04_registry_genome_identity_resolved.csv;12_STRICT_GenoGrammar_assembly_bridge.csv
GCA_000829295	02_registry_all_accession_candidates.csv;03_genome_path_accession_index.csv;12_STRICT_GenoGrammar_assembly_bridge.csv
GCA_000829295.1	02_registry_all_accession_candidates.csv;03_genome_path_accession_index.csv;04_registry_genome_identity_resolved.csv;12_STRICT_GenoGrammar_assembly_bridge.csv
GCA_000830535	02_registry_all_accession_candidates.csv;03_genome_path_accession_index.csv;12_STRICT_GenoGrammar_assembly_bridge.csv
GCA_000830535.1	02_registry_all_accession_candidates.csv;03_genome_path_accession_index.csv;04_registry_genome_identity_resolved.csv;12_STRICT_GenoGrammar_assembly_bridge.csv
GCA_000832905	02_registry_all_accession_candidates.csv;03_genome_path_accession_index.csv;12_STRICT_GenoGrammar_assembly_bridge.csv
GCA_000832905.1	02_registry_all_accession_candidates.csv;03_genome_path_accession_index.csv;04_registry_genome_identity_resolved.csv;12_STRICT_GenoGrammar_assembly_bridge.csv
GCA_000835975	02_registry_all_accession_candidates.csv;03_genome_path_accession_index.csv;12_STRICT_GenoGrammar_assembly_bridge.csv
GCA_000835975.1	02_registry_all_accession_candidates.csv;03_genome_path_accession_index.csv;04_registry_genome_identity_resolved.csv;12_STRICT_GenoGrammar_assembly_bridge.csv
GCA_000836595	02_registry_all_accession_candidates.csv;03_genome_path_accession_index.csv;12_STRICT_GenoGrammar_assembly_bridge.csv
GCA_000836595.1	02_registry_all_accession_candidates.csv;03_genome_path_accession_index.csv;04_registry_genome_identity_resolved.csv;12_STRICT_GenoGrammar_assembly_bridge.csv
GCA_000836675	02_registry_all_accession_candidates.csv;03_genome_path_accession_index.csv;12_STRICT_GenoGrammar_assembly_bridge.csv
GCA_000836675.1	02_registry_all_accession_candidates.csv;03_genome_path_accession_index.csv;04_registry_genome_identity_resolved.csv;12_STRICT_GenoGrammar_assembly_bridge.csv
GCA_000875905	02_registry_all_accession_candidates.csv;03_genome_path_accession_index.csv;12_STRICT_GenoGrammar_assembly_bridge.csv
GCA_000875905.1	02_registry_all_accession_candidates.csv;03_genome_path_accession_index.csv;04_registry_genome_identity_resolved.csv;12_STRICT_GenoGrammar_assembly_bridge.csv
GCA_000876545	02_registry_all_accession_candidates.csv;03_genome_path_accession_index.csv;12_STRICT_GenoGrammar_assembly_bridge.csv
GCA_000876545.1	02_registry_all_accession_candidates.csv;03_genome_path_accession_index.csv;04_registry_genome_identity_resolved.csv;12_STRICT_GenoGrammar_assembly_bridge.csv
GCA_000931425	02_registry_all_accession_candidates.csv;03_genome_path_accession_index.csv;12_STRICT_GenoGrammar_assembly_bridge.csv
GCA_000931425.2	02_registry_all_accession_candidates.csv;03_genome_path_accession_index.csv;04_registry_genome_identity_resolved.csv;12_STRICT_GenoGrammar_assembly_bridge.csv
GCA_000932035	02_registry_all_accession_candidates.csv;03_genome_path_accession_index.csv;12_STRICT_GenoGrammar_assembly_bridge.csv
GCA_000932035.1	02_registry_all_accession_candidates.csv;03_genome_path_accession_index.csv;04_registry_genome_identity_resolved.csv;12_STRICT_GenoGrammar_assembly_bridge.csv
GCA_000934625	02_registry_all_accession_candidates.csv;03_genome_path_accession_index.csv;12_STRICT_GenoGrammar_assembly_bridge.csv
GCA_000934625.1	02_registry_all_accession_candidates.csv;03_genome_path_accession_index.csv;04_registry_genome_identity_resolved.csv;12_STRICT_GenoGrammar_assembly_bridge.csv
GCA_000940535	02_registry_all_accession_candidates.csv;03_genome_path_accession_index.csv;12_STRICT_GenoGrammar_assembly_bridge.csv
GCA_000940535.1	02_registry_all_accession_candidates.csv;03_genome_path_accession_index.csv;04_registry_genome_identity_resolved.csv;12_STRICT_GenoGrammar_assembly_bridge.csv
GCA_000949485	02_registry_all_accession_candidates.csv;03_genome_path_accession_index.csv;12_STRICT_GenoGrammar_assembly_bridge.csv
GCA_000949485.1	02_registry_all_accession_candidates.csv;03_genome_path_accession_index.csv;04_registry_genome_identity_resolved.csv;12_STRICT_GenoGrammar_assembly_bridge.csv
GCA_000956195	02_registry_all_accession_candidates.csv;03_genome_path_accession_index.csv
GCA_000956195.1	02_registry_all_accession_candidates.csv;03_genome_path_accession_index.csv;04_registry_genome_identity_resolved.csv
GCA_000958525	02_registry_all_accession_candidates.csv;03_genome_path_accession_index.csv
GCA_000958525.1	02_registry_all_accession_candidates.csv;03_genome_path_accession_index.csv;04_registry_genome_identity_resolved.csv
GCA_000961015	02_registry_all_accession_candidates.csv;03_genome_path_accession_index.csv;12_STRICT_GenoGrammar_assembly_bridge.csv
GCA_000961015.1	02_registry_all_accession_candidates.csv;03_genome_path_accession_index.csv;04_registry_genome_identity_resolved.csv;12_STRICT_GenoGrammar_assembly_bridge.csv
GCA_000966835	02_registry_all_accession_candidates.csv;03_genome_path_accession_index.csv;12_STRICT_GenoGrammar_assembly_bridge.csv
GCA_000966835.2	02_registry_all_accession_candidates.csv;03_genome_path_accession_index.csv;04_registry_genome_identity_resolved.csv;12_STRICT_GenoGrammar_assembly_bridge.csv
GCA_000968535	24_DOOR2_genome_manifest.csv
GCA_000968535.1	24_DOOR2_genome_manifest.csv
GCA_000971665	02_registry_all_accession_candidates.csv;03_genome_path_accession_index.csv;12_STRICT_GenoGrammar_assembly_bridge.csv
GCA_000971665.1	02_registry_all_accession_candidates.csv;03_genome_path_accession_index.csv;04_registry_genome_identity_resolved.csv;12_STRICT_GenoGrammar_assembly_bridge.csv
GCA_000973105	24_DOOR2_genome_manifest.csv
GCA_000973105.1	24_DOOR2_genome_manifest.csv
GCA_001005625	02_registry_all_accession_candidates.csv;03_genome_path_accession_index.csv;12_STRICT_GenoGrammar_assembly_bridge.csv
GCA_001005625.1	02_registry_all_accession_candidates.csv;03_genome_path_accession_index.csv;04_registry_genome_identity_resolved.csv;12_STRICT_GenoGrammar_assembly_bridge.csv
GCA_001005695	02_registry_all_accession_candidates.csv;03_genome_path_accession_index.csv;12_STRICT_GenoGrammar_assembly_bridge.csv
GCA_001005695.1	02_registry_all_accession_candidates.csv;03_genome_path_accession_index.csv;04_registry_genome_identity_resolved.csv;12_STRICT_GenoGrammar_assembly_bridge.csv
GCA_001005805	02_registry_all_accession_candidates.csv;03_genome_path_accession_index.csv;12_STRICT_GenoGrammar_assembly_bridge.csv
GCA_001005805.1	02_registry_all_accession_candidates.csv;03_genome_path_accession_index.csv;04_registry_genome_identity_resolved.csv;12_STRICT_GenoGrammar_assembly_bridge.csv
GCA_001006025	02_registry_all_accession_candidates.csv;03_genome_path_accession_index.csv;12_STRICT_GenoGrammar_assembly_bridge.csv
GCA_001006025.1	02_registry_all_accession_candidates.csv;03_genome_path_accession_index.csv;04_registry_genome_identity_resolved.csv;12_STRICT_GenoGrammar_assembly_bridge.csv
GCA_001008015	02_registry_all_accession_candidates.csv;03_genome_path_accession_index.csv;12_STRICT_GenoGrammar_assembly_bridge.csv
GCA_001008015.1	02_registry_all_accession_candidates.csv;03_genome_path_accession_index.csv;04_registry_genome_identity_resolved.csv;12_STRICT_GenoGrammar_assembly_bridge.csv
GCA_001010175	02_registry_all_accession_candidates.csv;03_genome_path_accession_index.csv;12_STRICT_GenoGrammar_assembly_bridge.csv
GCA_001010175.1	02_registry_all_accession_candidates.csv;03_genome_path_accession_index.csv;04_registry_genome_identity_resolved.csv;12_STRICT_GenoGrammar_assembly_bridge.csv
GCA_001010185	02_registry_all_accession_candidates.csv;03_genome_path_accession_index.csv;12_STRICT_GenoGrammar_assembly_bridge.csv
GCA_001010185.1	02_registry_all_accession_candidates.csv;03_genome_path_accession_index.csv;04_registry_genome_identity_resolved.csv;12_STRICT_GenoGrammar_assembly_bridge.csv
GCA_001010245	02_registry_all_accession_candidates.csv;03_genome_path_accession_index.csv;12_STRICT_GenoGrammar_assembly_bridge.csv
GCA_001010245.1	02_registry_all_accession_candidates.csv;03_genome_path_accession_index.csv;04_registry_genome_identity_resolved.csv;12_STRICT_GenoGrammar_assembly_bridge.csv
GCA_001010915	02_registry_all_accession_candidates.csv;03_genome_path_accession_index.csv;12_STRICT_GenoGrammar_assembly_bridge.csv
GCA_001010915.1	02_registry_all_accession_candidates.csv;03_genome_path_accession_index.csv;04_registry_genome_identity_resolved.csv;12_STRICT_GenoGrammar_assembly_bridge.csv
GCA_001010995	02_registry_all_accession_candidates.csv;03_genome_path_accession_index.csv;12_STRICT_GenoGrammar_assembly_bridge.csv
GCA_001010995.2	02_registry_all_accession_candidates.csv;03_genome_path_accession_index.csv;04_registry_genome_identity_resolved.csv;12_STRICT_GenoGrammar_assembly_bridge.csv
GCA_001013375	02_registry_all_accession_candidates.csv;03_genome_path_accession_index.csv;12_STRICT_GenoGrammar_assembly_bridge.csv
GCA_001013375.1	02_registry_all_accession_candidates.csv;03_genome_path_accession_index.csv;04_registry_genome_identity_resolved.csv;12_STRICT_GenoGrammar_assembly_bridge.csv
GCA_001020245	02_registry_all_accession_candidates.csv;03_genome_path_accession_index.csv;12_STRICT_GenoGrammar_assembly_bridge.csv
GCA_001020245.1	02_registry_all_accession_candidates.csv;03_genome_path_accession_index.csv;04_registry_genome_identity_resolved.csv;12_STRICT_GenoGrammar_assembly_bridge.csv
GCA_001020355	02_registry_all_accession_candidates.csv;03_genome_path_accession_index.csv;12_STRICT_GenoGrammar_assembly_bridge.csv
GCA_001020355.1	02_registry_all_accession_candidates.csv;03_genome_path_accession_index.csv;04_registry_genome_identity_resolved.csv;12_STRICT_GenoGrammar_assembly_bridge.csv
GCA_001020415	02_registry_all_accession_candidates.csv;03_genome_path_accession_index.csv;12_STRICT_GenoGrammar_assembly_bridge.csv
GCA_001020415.1	02_registry_all_accession_candidates.csv;03_genome_path_accession_index.csv;04_registry_genome_identity_resolved.csv;12_STRICT_GenoGrammar_assembly_bridge.csv
GCA_001025135	02_registry_all_accession_candidates.csv;03_genome_path_accession_index.csv;12_STRICT_GenoGrammar_assembly_bridge.csv
GCA_001025135.1	02_registry_all_accession_candidates.csv;03_genome_path_accession_index.csv;04_registry_genome_identity_resolved.csv;12_STRICT_GenoGrammar_assembly_bridge.csv
GCA_001025175	02_registry_all_accession_candidates.csv;03_genome_path_accession_index.csv;12_STRICT_GenoGrammar_assembly_bridge.csv
GCA_001025175.1	02_registry_all_accession_candidates.csv;03_genome_path_accession_index.csv;04_registry_genome_identity_resolved.csv;12_STRICT_GenoGrammar_assembly_bridge.csv
GCA_001025195	02_registry_all_accession_candidates.csv;03_genome_path_accession_index.csv;12_STRICT_GenoGrammar_assembly_bridge.csv
GCA_001025195.1	02_registry_all_accession_candidates.csv;03_genome_path_accession_index.csv;04_registry_genome_identity_resolved.csv;12_STRICT_GenoGrammar_assembly_bridge.csv
GCA_001025215	02_registry_all_accession_candidates.csv;03_genome_path_accession_index.csv;12_STRICT_GenoGrammar_assembly_bridge.csv
GCA_001025215.1	02_registry_all_accession_candidates.csv;03_genome_path_accession_index.csv;04_registry_genome_identity_resolved.csv;12_STRICT_GenoGrammar_assembly_bridge.csv
GCA_001039495	02_registry_all_accession_candidates.csv;03_genome_path_accession_index.csv;12_STRICT_GenoGrammar_assembly_bridge.csv
GCA_001039495.1	02_registry_all_accession_candidates.csv;03_genome_path_accession_index.csv;04_registry_genome_identity_resolved.csv;12_STRICT_GenoGrammar_assembly_bridge.csv
GCA_001042595	02_registry_all_accession_candidates.csv;03_genome_path_accession_index.csv;12_STRICT_GenoGrammar_assembly_bridge.csv
GCA_001042595.1	02_registry_all_accession_candidates.csv;03_genome_path_accession_index.csv;04_registry_genome_identity_resolved.csv;12_STRICT_GenoGrammar_assembly_bridge.csv
GCA_001044085	02_registry_all_accession_candidates.csv;03_genome_path_accession_index.csv
GCA_001044085.1	02_registry_all_accession_candidates.csv;03_genome_path_accession_index.csv;04_registry_genome_identity_resolved.csv
GCA_001050555	02_registry_all_accession_candidates.csv;03_genome_path_accession_index.csv;12_STRICT_GenoGrammar_assembly_bridge.csv
GCA_001050555.1	02_registry_all_accession_candidates.csv;03_genome_path_accession_index.csv;04_registry_genome_identity_resolved.csv;12_STRICT_GenoGrammar_assembly_bridge.csv
GCA_001051015	02_registry_all_accession_candidates.csv;03_genome_path_accession_index.csv;12_STRICT_GenoGrammar_assembly_bridge.csv
GCA_001051015.2	02_registry_all_accession_candidates.csv;03_genome_path_accession_index.csv;04_registry_genome_identity_resolved.csv;12_STRICT_GenoGrammar_assembly_bridge.csv
GCA_001067215	02_registry_all_accession_candidates.csv;03_genome_path_accession_index.csv;12_STRICT_GenoGrammar_assembly_bridge.csv
GCA_001067215.1	02_registry_all_accession_candidates.csv;03_genome_path_accession_index.csv;04_registry_genome_identity_resolved.csv;12_STRICT_GenoGrammar_assembly_bridge.csv
GCA_001191565	02_registry_all_accession_candidates.csv;03_genome_path_accession_index.csv;12_STRICT_GenoGrammar_assembly_bridge.csv
GCA_001191565.1	02_registry_all_accession_candidates.csv;03_genome_path_accession_index.csv;04_registry_genome_identity_resolved.csv;12_STRICT_GenoGrammar_assembly_bridge.csv
GCA_001244395	02_registry_all_accession_candidates.csv;03_genome_path_accession_index.csv;12_STRICT_GenoGrammar_assembly_bridge.csv
GCA_001244395.1	02_registry_all_accession_candidates.csv;03_genome_path_accession_index.csv;04_registry_genome_identity_resolved.csv;12_STRICT_GenoGrammar_assembly_bridge.csv
GCA_001263975	02_registry_all_accession_candidates.csv;03_genome_path_accession_index.csv;12_STRICT_GenoGrammar_assembly_bridge.csv
GCA_001263975.1	02_registry_all_accession_candidates.csv;03_genome_path_accession_index.csv;04_registry_genome_identity_resolved.csv;12_STRICT_GenoGrammar_assembly_bridge.csv
GCA_001263985	02_registry_all_accession_candidates.csv;03_genome_path_accession_index.csv;12_STRICT_GenoGrammar_assembly_bridge.csv
GCA_001263985.1	02_registry_all_accession_candidates.csv;03_genome_path_accession_index.csv;04_registry_genome_identity_resolved.csv;12_STRICT_GenoGrammar_assembly_bridge.csv
GCA_001272315	02_registry_all_accession_candidates.csv;03_genome_path_accession_index.csv;12_STRICT_GenoGrammar_assembly_bridge.csv
GCA_001272315.2	02_registry_all_accession_candidates.csv;03_genome_path_accession_index.csv;04_registry_genome_identity_resolved.csv;12_STRICT_GenoGrammar_assembly_bridge.csv
GCA_001278015	02_registry_all_accession_candidates.csv;03_genome_path_accession_index.csv;12_STRICT_GenoGrammar_assembly_bridge.csv
GCA_001278015.1	02_registry_all_accession_candidates.csv;03_genome_path_accession_index.csv;04_registry_genome_identity_resolved.csv;12_STRICT_GenoGrammar_assembly_bridge.csv
GCA_001280285	02_registry_all_accession_candidates.csv;03_genome_path_accession_index.csv;12_STRICT_GenoGrammar_assembly_bridge.csv
GCA_001280285.1	02_registry_all_accession_candidates.csv;03_genome_path_accession_index.csv;04_registry_genome_identity_resolved.csv;12_STRICT_GenoGrammar_assembly_bridge.csv
GCA_001281305	02_registry_all_accession_candidates.csv;03_genome_path_accession_index.csv;12_STRICT_GenoGrammar_assembly_bridge.csv
GCA_001281305.1	02_registry_all_accession_candidates.csv;03_genome_path_accession_index.csv;04_registry_genome_identity_resolved.csv;12_STRICT_GenoGrammar_assembly_bridge.csv
GCA_001281345	02_registry_all_accession_candidates.csv;03_genome_path_accession_index.csv;12_STRICT_GenoGrammar_assembly_bridge.csv
GCA_001281345.1	02_registry_all_accession_candidates.csv;03_genome_path_accession_index.csv;04_registry_genome_identity_resolved.csv;12_STRICT_GenoGrammar_assembly_bridge.csv
GCA_001281425	02_registry_all_accession_candidates.csv;03_genome_path_accession_index.csv;12_STRICT_GenoGrammar_assembly_bridge.csv
GCA_001281425.1	02_registry_all_accession_candidates.csv;03_genome_path_accession_index.csv;04_registry_genome_identity_resolved.csv;12_STRICT_GenoGrammar_assembly_bridge.csv
GCA_001293145	02_registry_all_accession_candidates.csv;03_genome_path_accession_index.csv;12_STRICT_GenoGrammar_assembly_bridge.csv
GCA_001293145.1	02_registry_all_accession_candidates.csv;03_genome_path_accession_index.csv;04_registry_genome_identity_resolved.csv;12_STRICT_GenoGrammar_assembly_bridge.csv
GCA_001296095	02_registry_all_accession_candidates.csv;03_genome_path_accession_index.csv;12_STRICT_GenoGrammar_assembly_bridge.csv
GCA_001296095.1	02_registry_all_accession_candidates.csv;03_genome_path_accession_index.csv;04_registry_genome_identity_resolved.csv;12_STRICT_GenoGrammar_assembly_bridge.csv
GCA_001297905	02_registry_all_accession_candidates.csv;03_genome_path_accession_index.csv;12_STRICT_GenoGrammar_assembly_bridge.csv
GCA_001297905.1	02_registry_all_accession_candidates.csv;03_genome_path_accession_index.csv;04_registry_genome_identity_resolved.csv;12_STRICT_GenoGrammar_assembly_bridge.csv
GCA_001306395	02_registry_all_accession_candidates.csv;03_genome_path_accession_index.csv;12_STRICT_GenoGrammar_assembly_bridge.csv
GCA_001306395.1	02_registry_all_accession_candidates.csv;03_genome_path_accession_index.csv;04_registry_genome_identity_resolved.csv;12_STRICT_GenoGrammar_assembly_bridge.csv
GCA_001307325	02_registry_all_accession_candidates.csv;03_genome_path_accession_index.csv;12_STRICT_GenoGrammar_assembly_bridge.csv
GCA_001307325.1	02_registry_all_accession_candidates.csv;03_genome_path_accession_index.csv;04_registry_genome_identity_resolved.csv;12_STRICT_GenoGrammar_assembly_bridge.csv
GCA_001308285	02_registry_all_accession_candidates.csv;03_genome_path_accession_index.csv;12_STRICT_GenoGrammar_assembly_bridge.csv
GCA_001308285.1	02_registry_all_accession_candidates.csv;03_genome_path_accession_index.csv;04_registry_genome_identity_resolved.csv;12_STRICT_GenoGrammar_assembly_bridge.csv
GCA_001308305	02_registry_all_accession_candidates.csv;03_genome_path_accession_index.csv;12_STRICT_GenoGrammar_assembly_bridge.csv
GCA_001308305.1	02_registry_all_accession_candidates.csv;03_genome_path_accession_index.csv;04_registry_genome_identity_resolved.csv;12_STRICT_GenoGrammar_assembly_bridge.csv
GCA_001311315	02_registry_all_accession_candidates.csv;03_genome_path_accession_index.csv;12_STRICT_GenoGrammar_assembly_bridge.csv
GCA_001311315.1	02_registry_all_accession_candidates.csv;03_genome_path_accession_index.csv;04_registry_genome_identity_resolved.csv;12_STRICT_GenoGrammar_assembly_bridge.csv
GCA_001331925	02_registry_all_accession_candidates.csv;03_genome_path_accession_index.csv;12_STRICT_GenoGrammar_assembly_bridge.csv
GCA_001331925.2	02_registry_all_accession_candidates.csv;03_genome_path_accession_index.csv;04_registry_genome_identity_resolved.csv;12_STRICT_GenoGrammar_assembly_bridge.csv
GCA_001368755	02_registry_all_accession_candidates.csv;03_genome_path_accession_index.csv;12_STRICT_GenoGrammar_assembly_bridge.csv
GCA_001368755.1	02_registry_all_accession_candidates.csv;03_genome_path_accession_index.csv;04_registry_genome_identity_resolved.csv;12_STRICT_GenoGrammar_assembly_bridge.csv
GCA_001368775	02_registry_all_accession_candidates.csv;03_genome_path_accession_index.csv;12_STRICT_GenoGrammar_assembly_bridge.csv
GCA_001368775.1	02_registry_all_accession_candidates.csv;03_genome_path_accession_index.csv;04_registry_genome_identity_resolved.csv;12_STRICT_GenoGrammar_assembly_bridge.csv
GCA_001433735	02_registry_all_accession_candidates.csv;03_genome_path_accession_index.csv;12_STRICT_GenoGrammar_assembly_bridge.csv
GCA_001433735.1	02_registry_all_accession_candidates.csv;03_genome_path_accession_index.csv;04_registry_genome_identity_resolved.csv;12_STRICT_GenoGrammar_assembly_bridge.csv
GCA_001433855	02_registry_all_accession_candidates.csv;03_genome_path_accession_index.csv;12_STRICT_GenoGrammar_assembly_bridge.csv
GCA_001433855.1	02_registry_all_accession_candidates.csv;03_genome_path_accession_index.csv;04_registry_genome_identity_resolved.csv;12_STRICT_GenoGrammar_assembly_bridge.csv
GCA_001433895	02_registry_all_accession_candidates.csv;03_genome_path_accession_index.csv;12_STRICT_GenoGrammar_assembly_bridge.csv
GCA_001433895.1	02_registry_all_accession_candidates.csv;03_genome_path_accession_index.csv;04_registry_genome_identity_resolved.csv;12_STRICT_GenoGrammar_assembly_bridge.csv
GCA_001434005	02_registry_all_accession_candidates.csv;03_genome_path_accession_index.csv;12_STRICT_GenoGrammar_assembly_bridge.csv
GCA_001434005.1	02_registry_all_accession_candidates.csv;03_genome_path_accession_index.csv;04_registry_genome_identity_resolved.csv;12_STRICT_GenoGrammar_assembly_bridge.csv
GCA_001435405	02_registry_all_accession_candidates.csv;03_genome_path_accession_index.csv;12_STRICT_GenoGrammar_assembly_bridge.csv
GCA_001435405.1	02_registry_all_accession_candidates.csv;03_genome_path_accession_index.csv;04_registry_genome_identity_resolved.csv;12_STRICT_GenoGrammar_assembly_bridge.csv
GCA_001436485	02_registry_all_accession_candidates.csv;03_genome_path_accession_index.csv
GCA_001436485.1	02_registry_all_accession_candidates.csv;03_genome_path_accession_index.csv;04_registry_genome_identity_resolved.csv
GCA_001444495	02_registry_all_accession_candidates.csv;03_genome_path_accession_index.csv;12_STRICT_GenoGrammar_assembly_bridge.csv
GCA_001444495.1	02_registry_all_accession_candidates.csv;03_genome_path_accession_index.csv;04_registry_genome_identity_resolved.csv;12_STRICT_GenoGrammar_assembly_bridge.csv
GCA_001446255	02_registry_all_accession_candidates.csv;03_genome_path_accession_index.csv;12_STRICT_GenoGrammar_assembly_bridge.csv
GCA_001446255.1	02_registry_all_accession_candidates.csv;03_genome_path_accession_index.csv;04_registry_genome_identity_resolved.csv;12_STRICT_GenoGrammar_assembly_bridge.csv
GCA_001446275	02_registry_all_accession_candidates.csv;03_genome_path_accession_index.csv;12_STRICT_GenoGrammar_assembly_bridge.csv
GCA_001446275.1	02_registry_all_accession_candidates.csv;03_genome_path_accession_index.csv;04_registry_genome_identity_resolved.csv;12_STRICT_GenoGrammar_assembly_bridge.csv
GCA_001447955	02_registry_all_accession_candidates.csv;03_genome_path_accession_index.csv;12_STRICT_GenoGrammar_assembly_bridge.csv
GCA_001447955.1	02_registry_all_accession_candidates.csv;03_genome_path_accession_index.csv;04_registry_genome_identity_resolved.csv;12_STRICT_GenoGrammar_assembly_bridge.csv
GCA_001447975	02_registry_all_accession_candidates.csv;03_genome_path_accession_index.csv;12_STRICT_GenoGrammar_assembly_bridge.csv
GCA_001447975.1	02_registry_all_accession_candidates.csv;03_genome_path_accession_index.csv;04_registry_genome_identity_resolved.csv;12_STRICT_GenoGrammar_assembly_bridge.csv
GCA_001465815	02_registry_all_accession_candidates.csv;03_genome_path_accession_index.csv;12_STRICT_GenoGrammar_assembly_bridge.csv
GCA_001465815.1	02_registry_all_accession_candidates.csv;03_genome_path_accession_index.csv;04_registry_genome_identity_resolved.csv;12_STRICT_GenoGrammar_assembly_bridge.csv
GCA_001469775	02_registry_all_accession_candidates.csv;03_genome_path_accession_index.csv;12_STRICT_GenoGrammar_assembly_bridge.csv
GCA_001469775.1	02_registry_all_accession_candidates.csv;03_genome_path_accession_index.csv;04_registry_genome_identity_resolved.csv;12_STRICT_GenoGrammar_assembly_bridge.csv
GCA_001484005	02_registry_all_accession_candidates.csv;03_genome_path_accession_index.csv;12_STRICT_GenoGrammar_assembly_bridge.csv
GCA_001484005.1	02_registry_all_accession_candidates.csv;03_genome_path_accession_index.csv;04_registry_genome_identity_resolved.csv;12_STRICT_GenoGrammar_assembly_bridge.csv
GCA_001514415	02_registry_all_accession_candidates.csv;03_genome_path_accession_index.csv;12_STRICT_GenoGrammar_assembly_bridge.csv
GCA_001514415.1	02_registry_all_accession_candidates.csv;03_genome_path_accession_index.csv;04_registry_genome_identity_resolved.csv;12_STRICT_GenoGrammar_assembly_bridge.csv
GCA_001514435	02_registry_all_accession_candidates.csv;03_genome_path_accession_index.csv;12_STRICT_GenoGrammar_assembly_bridge.csv
GCA_001514435.1	02_registry_all_accession_candidates.csv;03_genome_path_accession_index.csv;04_registry_genome_identity_resolved.csv;12_STRICT_GenoGrammar_assembly_bridge.csv
GCA_001540905	02_registry_all_accession_candidates.csv;03_genome_path_accession_index.csv;12_STRICT_GenoGrammar_assembly_bridge.csv
GCA_001540905.1	02_registry_all_accession_candidates.csv;03_genome_path_accession_index.csv;04_registry_genome_identity_resolved.csv;12_STRICT_GenoGrammar_assembly_bridge.csv
GCA_001541605	02_registry_all_accession_candidates.csv;03_genome_path_accession_index.csv;12_STRICT_GenoGrammar_assembly_bridge.csv
GCA_001541605.1	02_registry_all_accession_candidates.csv;03_genome_path_accession_index.csv;04_registry_genome_identity_resolved.csv;12_STRICT_GenoGrammar_assembly_bridge.csv
GCA_001541905	02_registry_all_accession_candidates.csv;03_genome_path_accession_index.csv;12_STRICT_GenoGrammar_assembly_bridge.csv
GCA_001541905.1	02_registry_all_accession_candidates.csv;03_genome_path_accession_index.csv;04_registry_genome_identity_resolved.csv;12_STRICT_GenoGrammar_assembly_bridge.csv
GCA_001581895	02_registry_all_accession_candidates.csv;03_genome_path_accession_index.csv;12_STRICT_GenoGrammar_assembly_bridge.csv
GCA_001581895.1	02_registry_all_accession_candidates.csv;03_genome_path_accession_index.csv;04_registry_genome_identity_resolved.csv;12_STRICT_GenoGrammar_assembly_bridge.csv
GCA_001617525	02_registry_all_accession_candidates.csv;03_genome_path_accession_index.csv;12_STRICT_GenoGrammar_assembly_bridge.csv
GCA_001617525.2	02_registry_all_accession_candidates.csv;03_genome_path_accession_index.csv;04_registry_genome_identity_resolved.csv;12_STRICT_GenoGrammar_assembly_bridge.csv
GCA_001618905	02_registry_all_accession_candidates.csv;03_genome_path_accession_index.csv;12_STRICT_GenoGrammar_assembly_bridge.csv
GCA_001618905.1	02_registry_all_accession_candidates.csv;03_genome_path_accession_index.csv;04_registry_genome_identity_resolved.csv;12_STRICT_GenoGrammar_assembly_bridge.csv
GCA_001619265	02_registry_all_accession_candidates.csv;03_genome_path_accession_index.csv;12_STRICT_GenoGrammar_assembly_bridge.csv
GCA_001619265.1	02_registry_all_accession_candidates.csv;03_genome_path_accession_index.csv;04_registry_genome_identity_resolved.csv;12_STRICT_GenoGrammar_assembly_bridge.csv
GCA_001633745	02_registry_all_accession_candidates.csv;03_genome_path_accession_index.csv;12_STRICT_GenoGrammar_assembly_bridge.csv
GCA_001633745.1	02_registry_all_accession_candidates.csv;03_genome_path_accession_index.csv;04_registry_genome_identity_resolved.csv;12_STRICT_GenoGrammar_assembly_bridge.csv
GCA_001645365	02_registry_all_accession_candidates.csv;03_genome_path_accession_index.csv;12_STRICT_GenoGrammar_assembly_bridge.csv
GCA_001645365.1	02_registry_all_accession_candidates.csv;03_genome_path_accession_index.csv;04_registry_genome_identity_resolved.csv;12_STRICT_GenoGrammar_assembly_bridge.csv
GCA_001646605	02_registry_all_accession_candidates.csv;03_genome_path_accession_index.csv;12_STRICT_GenoGrammar_assembly_bridge.csv
GCA_001646605.1	02_registry_all_accession_candidates.csv;03_genome_path_accession_index.csv;04_registry_genome_identity_resolved.csv;12_STRICT_GenoGrammar_assembly_bridge.csv
GCA_001657495	02_registry_all_accession_candidates.csv;03_genome_path_accession_index.csv;12_STRICT_GenoGrammar_assembly_bridge.csv
GCA_001657495.1	02_registry_all_accession_candidates.csv;03_genome_path_accession_index.csv;04_registry_genome_identity_resolved.csv;12_STRICT_GenoGrammar_assembly_bridge.csv
GCA_001659745	02_registry_all_accession_candidates.csv;03_genome_path_accession_index.csv;12_STRICT_GenoGrammar_assembly_bridge.csv
GCA_001659745.1	02_registry_all_accession_candidates.csv;03_genome_path_accession_index.csv;04_registry_genome_identity_resolved.csv;12_STRICT_GenoGrammar_assembly_bridge.csv
GCA_001660025	02_registry_all_accession_candidates.csv;03_genome_path_accession_index.csv;12_STRICT_GenoGrammar_assembly_bridge.csv
GCA_001660025.1	02_registry_all_accession_candidates.csv;03_genome_path_accession_index.csv;04_registry_genome_identity_resolved.csv;12_STRICT_GenoGrammar_assembly_bridge.csv
GCA_001660525	02_registry_all_accession_candidates.csv;03_genome_path_accession_index.csv;12_STRICT_GenoGrammar_assembly_bridge.csv
GCA_001660525.1	02_registry_all_accession_candidates.csv;03_genome_path_accession_index.csv;04_registry_genome_identity_resolved.csv;12_STRICT_GenoGrammar_assembly_bridge.csv
GCA_001660645	02_registry_all_accession_candidates.csv;03_genome_path_accession_index.csv;12_STRICT_GenoGrammar_assembly_bridge.csv
GCA_001660645.1	02_registry_all_accession_candidates.csv;03_genome_path_accession_index.csv;04_registry_genome_identity_resolved.csv;12_STRICT_GenoGrammar_assembly_bridge.csv
GCA_001663795	02_registry_all_accession_candidates.csv;03_genome_path_accession_index.csv;12_STRICT_GenoGrammar_assembly_bridge.csv
GCA_001663795.1	02_registry_all_accession_candidates.csv;03_genome_path_accession_index.csv;04_registry_genome_identity_resolved.csv;12_STRICT_GenoGrammar_assembly_bridge.csv
GCA_001672035	02_registry_all_accession_candidates.csv;03_genome_path_accession_index.csv;12_STRICT_GenoGrammar_assembly_bridge.csv
GCA_001672035.1	02_registry_all_accession_candidates.csv;03_genome_path_accession_index.csv;04_registry_genome_identity_resolved.csv;12_STRICT_GenoGrammar_assembly_bridge.csv
GCA_001676805	02_registry_all_accession_candidates.csv;03_genome_path_accession_index.csv;12_STRICT_GenoGrammar_assembly_bridge.csv
GCA_001676805.1	02_registry_all_accession_candidates.csv;03_genome_path_accession_index.csv;04_registry_genome_identity_resolved.csv;12_STRICT_GenoGrammar_assembly_bridge.csv
GCA_001685375	02_registry_all_accession_candidates.csv;03_genome_path_accession_index.csv;12_STRICT_GenoGrammar_assembly_bridge.csv
GCA_001685375.1	02_registry_all_accession_candidates.csv;03_genome_path_accession_index.csv;04_registry_genome_identity_resolved.csv;12_STRICT_GenoGrammar_assembly_bridge.csv
GCA_001697265	02_registry_all_accession_candidates.csv;03_genome_path_accession_index.csv;12_STRICT_GenoGrammar_assembly_bridge.csv
GCA_001697265.1	02_registry_all_accession_candidates.csv;03_genome_path_accession_index.csv;04_registry_genome_identity_resolved.csv;12_STRICT_GenoGrammar_assembly_bridge.csv
GCA_001702095	02_registry_all_accession_candidates.csv;03_genome_path_accession_index.csv;12_STRICT_GenoGrammar_assembly_bridge.csv
GCA_001702095.1	02_registry_all_accession_candidates.csv;03_genome_path_accession_index.csv;04_registry_genome_identity_resolved.csv;12_STRICT_GenoGrammar_assembly_bridge.csv
GCA_001703495	02_registry_all_accession_candidates.csv;03_genome_path_accession_index.csv;12_STRICT_GenoGrammar_assembly_bridge.csv
GCA_001703495.1	02_registry_all_accession_candidates.csv;03_genome_path_accession_index.csv;04_registry_genome_identity_resolved.csv;12_STRICT_GenoGrammar_assembly_bridge.csv
GCA_001705585	02_registry_all_accession_candidates.csv;03_genome_path_accession_index.csv;12_STRICT_GenoGrammar_assembly_bridge.csv
GCA_001705585.1	02_registry_all_accession_candidates.csv;03_genome_path_accession_index.csv;04_registry_genome_identity_resolved.csv;12_STRICT_GenoGrammar_assembly_bridge.csv
GCA_001715615	02_registry_all_accession_candidates.csv;03_genome_path_accession_index.csv;12_STRICT_GenoGrammar_assembly_bridge.csv
GCA_001715615.1	02_registry_all_accession_candidates.csv;03_genome_path_accession_index.csv;04_registry_genome_identity_resolved.csv;12_STRICT_GenoGrammar_assembly_bridge.csv
GCA_001719085	02_registry_all_accession_candidates.csv;03_genome_path_accession_index.csv;12_STRICT_GenoGrammar_assembly_bridge.csv
GCA_001719085.1	02_registry_all_accession_candidates.csv;03_genome_path_accession_index.csv;04_registry_genome_identity_resolved.csv;12_STRICT_GenoGrammar_assembly_bridge.csv
GCA_001720285	02_registry_all_accession_candidates.csv;03_genome_path_accession_index.csv;12_STRICT_GenoGrammar_assembly_bridge.csv
GCA_001720285.1	02_registry_all_accession_candidates.csv;03_genome_path_accession_index.csv;04_registry_genome_identity_resolved.csv;12_STRICT_GenoGrammar_assembly_bridge.csv
GCA_001721925	02_registry_all_accession_candidates.csv;03_genome_path_accession_index.csv;12_STRICT_GenoGrammar_assembly_bridge.csv
GCA_001721925.1	02_registry_all_accession_candidates.csv;03_genome_path_accession_index.csv;04_registry_genome_identity_resolved.csv;12_STRICT_GenoGrammar_assembly_bridge.csv
GCA_001722065	02_registry_all_accession_candidates.csv;03_genome_path_accession_index.csv;12_STRICT_GenoGrammar_assembly_bridge.csv
GCA_001722065.1	02_registry_all_accession_candidates.csv;03_genome_path_accession_index.csv;04_registry_genome_identity_resolved.csv;12_STRICT_GenoGrammar_assembly_bridge.csv
GCA_001723545	02_registry_all_accession_candidates.csv;03_genome_path_accession_index.csv;12_STRICT_GenoGrammar_assembly_bridge.csv
GCA_001723545.1	02_registry_all_accession_candidates.csv;03_genome_path_accession_index.csv;04_registry_genome_identity_resolved.csv;12_STRICT_GenoGrammar_assembly_bridge.csv
GCA_001725985	02_registry_all_accession_candidates.csv;03_genome_path_accession_index.csv;12_STRICT_GenoGrammar_assembly_bridge.csv
GCA_001725985.1	02_registry_all_accession_candidates.csv;03_genome_path_accession_index.csv;04_registry_genome_identity_resolved.csv;12_STRICT_GenoGrammar_assembly_bridge.csv
GCA_001742205	02_registry_all_accession_candidates.csv;03_genome_path_accession_index.csv;12_STRICT_GenoGrammar_assembly_bridge.csv
GCA_001742205.1	02_registry_all_accession_candidates.csv;03_genome_path_accession_index.csv;04_registry_genome_identity_resolved.csv;12_STRICT_GenoGrammar_assembly_bridge.csv
GCA_001742965	02_registry_all_accession_candidates.csv;03_genome_path_accession_index.csv;12_STRICT_GenoGrammar_assembly_bridge.csv
GCA_001742965.1	02_registry_all_accession_candidates.csv;03_genome_path_accession_index.csv;04_registry_genome_identity_resolved.csv;12_STRICT_GenoGrammar_assembly_bridge.csv
GCA_001746265	02_registry_all_accession_candidates.csv;03_genome_path_accession_index.csv;12_STRICT_GenoGrammar_assembly_bridge.csv
GCA_001746265.2	02_registry_all_accession_candidates.csv;03_genome_path_accession_index.csv;04_registry_genome_identity_resolved.csv;12_STRICT_GenoGrammar_assembly_bridge.csv
GCA_001750745	02_registry_all_accession_candidates.csv;03_genome_path_accession_index.csv;12_STRICT_GenoGrammar_assembly_bridge.csv
GCA_001750745.1	02_registry_all_accession_candidates.csv;03_genome_path_accession_index.csv;04_registry_genome_identity_resolved.csv;12_STRICT_GenoGrammar_assembly_bridge.csv
GCA_001754005	02_registry_all_accession_candidates.csv;03_genome_path_accession_index.csv;12_STRICT_GenoGrammar_assembly_bridge.csv
GCA_001754005.1	02_registry_all_accession_candidates.csv;03_genome_path_accession_index.csv;04_registry_genome_identity_resolved.csv;12_STRICT_GenoGrammar_assembly_bridge.csv
GCA_001831235	02_registry_all_accession_candidates.csv;03_genome_path_accession_index.csv;12_STRICT_GenoGrammar_assembly_bridge.csv
GCA_001831235.1	02_registry_all_accession_candidates.csv;03_genome_path_accession_index.csv;04_registry_genome_identity_resolved.csv;12_STRICT_GenoGrammar_assembly_bridge.csv
GCA_001854105	02_registry_all_accession_candidates.csv;03_genome_path_accession_index.csv;12_STRICT_GenoGrammar_assembly_bridge.csv
GCA_001854105.1	02_registry_all_accession_candidates.csv;03_genome_path_accession_index.csv;04_registry_genome_identity_resolved.csv;12_STRICT_GenoGrammar_assembly_bridge.csv
GCA_001855705	02_registry_all_accession_candidates.csv;03_genome_path_accession_index.csv;12_STRICT_GenoGrammar_assembly_bridge.csv
GCA_001855705.1	02_registry_all_accession_candidates.csv;03_genome_path_accession_index.csv;04_registry_genome_identity_resolved.csv;12_STRICT_GenoGrammar_assembly_bridge.csv
GCA_001856165	02_registry_all_accession_candidates.csv;03_genome_path_accession_index.csv;12_STRICT_GenoGrammar_assembly_bridge.csv
GCA_001856165.1	02_registry_all_accession_candidates.csv;03_genome_path_accession_index.csv;04_registry_genome_identity_resolved.csv;12_STRICT_GenoGrammar_assembly_bridge.csv
GCA_001880185	02_registry_all_accession_candidates.csv;03_genome_path_accession_index.csv;12_STRICT_GenoGrammar_assembly_bridge.csv
GCA_001880185.2	02_registry_all_accession_candidates.csv;03_genome_path_accession_index.csv;04_registry_genome_identity_resolved.csv;12_STRICT_GenoGrammar_assembly_bridge.csv
GCA_001885295	02_registry_all_accession_candidates.csv;03_genome_path_accession_index.csv;12_STRICT_GenoGrammar_assembly_bridge.csv
GCA_001885295.1	02_registry_all_accession_candidates.csv;03_genome_path_accession_index.csv;04_registry_genome_identity_resolved.csv;12_STRICT_GenoGrammar_assembly_bridge.csv
GCA_001888275	02_registry_all_accession_candidates.csv;03_genome_path_accession_index.csv;12_STRICT_GenoGrammar_assembly_bridge.csv
GCA_001888275.1	02_registry_all_accession_candidates.csv;03_genome_path_accession_index.csv;04_registry_genome_identity_resolved.csv;12_STRICT_GenoGrammar_assembly_bridge.csv
GCA_001888525	02_registry_all_accession_candidates.csv;03_genome_path_accession_index.csv;12_STRICT_GenoGrammar_assembly_bridge.csv
GCA_001888525.1	02_registry_all_accession_candidates.csv;03_genome_path_accession_index.csv;04_registry_genome_identity_resolved.csv;12_STRICT_GenoGrammar_assembly_bridge.csv
GCA_001888645	02_registry_all_accession_candidates.csv;03_genome_path_accession_index.csv;12_STRICT_GenoGrammar_assembly_bridge.csv
GCA_001888645.1	02_registry_all_accession_candidates.csv;03_genome_path_accession_index.csv;04_registry_genome_identity_resolved.csv;12_STRICT_GenoGrammar_assembly_bridge.csv
GCA_001888655	02_registry_all_accession_candidates.csv;03_genome_path_accession_index.csv;12_STRICT_GenoGrammar_assembly_bridge.csv
GCA_001888655.1	02_registry_all_accession_candidates.csv;03_genome_path_accession_index.csv;04_registry_genome_identity_resolved.csv;12_STRICT_GenoGrammar_assembly_bridge.csv
GCA_001888735	02_registry_all_accession_candidates.csv;03_genome_path_accession_index.csv;12_STRICT_GenoGrammar_assembly_bridge.csv
GCA_001888735.1	02_registry_all_accession_candidates.csv;03_genome_path_accession_index.csv;04_registry_genome_identity_resolved.csv;12_STRICT_GenoGrammar_assembly_bridge.csv
GCA_001889975	02_registry_all_accession_candidates.csv;03_genome_path_accession_index.csv;12_STRICT_GenoGrammar_assembly_bridge.csv
GCA_001889975.1	02_registry_all_accession_candidates.csv;03_genome_path_accession_index.csv;04_registry_genome_identity_resolved.csv;12_STRICT_GenoGrammar_assembly_bridge.csv
GCA_001908455	02_registry_all_accession_candidates.csv;03_genome_path_accession_index.csv;12_STRICT_GenoGrammar_assembly_bridge.csv
GCA_001908455.1	02_registry_all_accession_candidates.csv;03_genome_path_accession_index.csv;04_registry_genome_identity_resolved.csv;12_STRICT_GenoGrammar_assembly_bridge.csv
GCA_001940535	02_registry_all_accession_candidates.csv;03_genome_path_accession_index.csv;12_STRICT_GenoGrammar_assembly_bridge.csv
GCA_001940535.1	02_registry_all_accession_candidates.csv;03_genome_path_accession_index.csv;04_registry_genome_identity_resolved.csv;12_STRICT_GenoGrammar_assembly_bridge.csv
GCA_001940585	02_registry_all_accession_candidates.csv;03_genome_path_accession_index.csv
GCA_001940585.1	02_registry_all_accession_candidates.csv;03_genome_path_accession_index.csv;04_registry_genome_identity_resolved.csv
GCA_001941785	02_registry_all_accession_candidates.csv;03_genome_path_accession_index.csv;12_STRICT_GenoGrammar_assembly_bridge.csv
GCA_001941785.1	02_registry_all_accession_candidates.csv;03_genome_path_accession_index.csv;04_registry_genome_identity_resolved.csv;12_STRICT_GenoGrammar_assembly_bridge.csv
GCA_001950045	02_registry_all_accession_candidates.csv;03_genome_path_accession_index.csv;12_STRICT_GenoGrammar_assembly_bridge.csv
GCA_001950045.1	02_registry_all_accession_candidates.csv;03_genome_path_accession_index.csv;04_registry_genome_identity_resolved.csv;12_STRICT_GenoGrammar_assembly_bridge.csv
GCA_001953135	02_registry_all_accession_candidates.csv;03_genome_path_accession_index.csv;12_STRICT_GenoGrammar_assembly_bridge.csv
GCA_001953135.1	02_registry_all_accession_candidates.csv;03_genome_path_accession_index.csv;04_registry_genome_identity_resolved.csv;12_STRICT_GenoGrammar_assembly_bridge.csv
GCA_001982425	02_registry_all_accession_candidates.csv;03_genome_path_accession_index.csv;12_STRICT_GenoGrammar_assembly_bridge.csv
GCA_001982425.1	02_registry_all_accession_candidates.csv;03_genome_path_accession_index.csv;04_registry_genome_identity_resolved.csv;12_STRICT_GenoGrammar_assembly_bridge.csv
GCA_001988935	02_registry_all_accession_candidates.csv;03_genome_path_accession_index.csv;12_STRICT_GenoGrammar_assembly_bridge.csv
GCA_001988935.1	02_registry_all_accession_candidates.csv;03_genome_path_accession_index.csv;04_registry_genome_identity_resolved.csv;12_STRICT_GenoGrammar_assembly_bridge.csv
GCA_001990145	02_registry_all_accession_candidates.csv;03_genome_path_accession_index.csv;12_STRICT_GenoGrammar_assembly_bridge.csv
GCA_001990145.1	02_registry_all_accession_candidates.csv;03_genome_path_accession_index.csv;04_registry_genome_identity_resolved.csv;12_STRICT_GenoGrammar_assembly_bridge.csv
GCA_001990225	02_registry_all_accession_candidates.csv;03_genome_path_accession_index.csv;12_STRICT_GenoGrammar_assembly_bridge.csv
GCA_001990225.1	02_registry_all_accession_candidates.csv;03_genome_path_accession_index.csv;04_registry_genome_identity_resolved.csv;12_STRICT_GenoGrammar_assembly_bridge.csv
GCA_002000885	02_registry_all_accession_candidates.csv;03_genome_path_accession_index.csv;12_STRICT_GenoGrammar_assembly_bridge.csv
GCA_002000885.1	02_registry_all_accession_candidates.csv;03_genome_path_accession_index.csv;04_registry_genome_identity_resolved.csv;12_STRICT_GenoGrammar_assembly_bridge.csv
GCA_002005385	02_registry_all_accession_candidates.csv;03_genome_path_accession_index.csv;12_STRICT_GenoGrammar_assembly_bridge.csv
GCA_002005385.2	02_registry_all_accession_candidates.csv;03_genome_path_accession_index.csv;04_registry_genome_identity_resolved.csv;12_STRICT_GenoGrammar_assembly_bridge.csv
GCA_002012365	02_registry_all_accession_candidates.csv;03_genome_path_accession_index.csv;12_STRICT_GenoGrammar_assembly_bridge.csv
GCA_002012365.1	02_registry_all_accession_candidates.csv;03_genome_path_accession_index.csv;04_registry_genome_identity_resolved.csv;12_STRICT_GenoGrammar_assembly_bridge.csv
GCA_002017995	02_registry_all_accession_candidates.csv;03_genome_path_accession_index.csv;12_STRICT_GenoGrammar_assembly_bridge.csv
GCA_002017995.1	02_registry_all_accession_candidates.csv;03_genome_path_accession_index.csv;04_registry_genome_identity_resolved.csv;12_STRICT_GenoGrammar_assembly_bridge.csv
GCA_002024845	02_registry_all_accession_candidates.csv;03_genome_path_accession_index.csv;12_STRICT_GenoGrammar_assembly_bridge.csv
GCA_002024845.1	02_registry_all_accession_candidates.csv;03_genome_path_accession_index.csv;04_registry_genome_identity_resolved.csv;12_STRICT_GenoGrammar_assembly_bridge.csv
GCA_002027265	02_registry_all_accession_candidates.csv;03_genome_path_accession_index.csv;12_STRICT_GenoGrammar_assembly_bridge.csv
GCA_002027265.1	02_registry_all_accession_candidates.csv;03_genome_path_accession_index.csv;04_registry_genome_identity_resolved.csv;12_STRICT_GenoGrammar_assembly_bridge.csv
GCA_002072085	02_registry_all_accession_candidates.csv;03_genome_path_accession_index.csv;12_STRICT_GenoGrammar_assembly_bridge.csv
GCA_002072085.1	02_registry_all_accession_candidates.csv;03_genome_path_accession_index.csv;04_registry_genome_identity_resolved.csv;12_STRICT_GenoGrammar_assembly_bridge.csv
GCA_002075105	02_registry_all_accession_candidates.csv;03_genome_path_accession_index.csv;12_STRICT_GenoGrammar_assembly_bridge.csv
GCA_002075105.1	02_registry_all_accession_candidates.csv;03_genome_path_accession_index.csv;04_registry_genome_identity_resolved.csv;12_STRICT_GenoGrammar_assembly_bridge.csv
GCA_002076955	02_registry_all_accession_candidates.csv;03_genome_path_accession_index.csv;12_STRICT_GenoGrammar_assembly_bridge.csv
GCA_002076955.1	02_registry_all_accession_candidates.csv;03_genome_path_accession_index.csv;04_registry_genome_identity_resolved.csv;12_STRICT_GenoGrammar_assembly_bridge.csv
GCA_002078375	02_registry_all_accession_candidates.csv;03_genome_path_accession_index.csv;12_STRICT_GenoGrammar_assembly_bridge.csv
GCA_002078375.4	02_registry_all_accession_candidates.csv;03_genome_path_accession_index.csv;04_registry_genome_identity_resolved.csv;12_STRICT_GenoGrammar_assembly_bridge.csv
GCA_002078435	02_registry_all_accession_candidates.csv;03_genome_path_accession_index.csv;12_STRICT_GenoGrammar_assembly_bridge.csv
GCA_002078435.1	02_registry_all_accession_candidates.csv;03_genome_path_accession_index.csv;04_registry_genome_identity_resolved.csv;12_STRICT_GenoGrammar_assembly_bridge.csv
GCA_002078475	02_registry_all_accession_candidates.csv;03_genome_path_accession_index.csv;12_STRICT_GenoGrammar_assembly_bridge.csv
GCA_002078475.4	02_registry_all_accession_candidates.csv;03_genome_path_accession_index.csv;04_registry_genome_identity_resolved.csv;12_STRICT_GenoGrammar_assembly_bridge.csv
GCA_002078495	02_registry_all_accession_candidates.csv;03_genome_path_accession_index.csv;12_STRICT_GenoGrammar_assembly_bridge.csv
GCA_002078495.2	02_registry_all_accession_candidates.csv;03_genome_path_accession_index.csv;04_registry_genome_identity_resolved.csv;12_STRICT_GenoGrammar_assembly_bridge.csv
GCA_002078615	02_registry_all_accession_candidates.csv;03_genome_path_accession_index.csv;12_STRICT_GenoGrammar_assembly_bridge.csv
GCA_002078615.4	02_registry_all_accession_candidates.csv;03_genome_path_accession_index.csv;04_registry_genome_identity_resolved.csv;12_STRICT_GenoGrammar_assembly_bridge.csv
GCA_002078765	02_registry_all_accession_candidates.csv;03_genome_path_accession_index.csv;12_STRICT_GenoGrammar_assembly_bridge.csv
GCA_002078765.3	02_registry_all_accession_candidates.csv;03_genome_path_accession_index.csv;04_registry_genome_identity_resolved.csv;12_STRICT_GenoGrammar_assembly_bridge.csv
GCA_002078855	02_registry_all_accession_candidates.csv;03_genome_path_accession_index.csv;12_STRICT_GenoGrammar_assembly_bridge.csv
GCA_002078855.1	02_registry_all_accession_candidates.csv;03_genome_path_accession_index.csv;04_registry_genome_identity_resolved.csv;12_STRICT_GenoGrammar_assembly_bridge.csv
GCA_002078895	02_registry_all_accession_candidates.csv;03_genome_path_accession_index.csv;12_STRICT_GenoGrammar_assembly_bridge.csv
GCA_002078895.2	02_registry_all_accession_candidates.csv;03_genome_path_accession_index.csv;04_registry_genome_identity_resolved.csv;12_STRICT_GenoGrammar_assembly_bridge.csv
GCA_002078935	02_registry_all_accession_candidates.csv;03_genome_path_accession_index.csv;12_STRICT_GenoGrammar_assembly_bridge.csv
GCA_002078935.2	02_registry_all_accession_candidates.csv;03_genome_path_accession_index.csv;04_registry_genome_identity_resolved.csv;12_STRICT_GenoGrammar_assembly_bridge.csv
GCA_002078955	02_registry_all_accession_candidates.csv;03_genome_path_accession_index.csv;12_STRICT_GenoGrammar_assembly_bridge.csv
GCA_002078955.3	02_registry_all_accession_candidates.csv;03_genome_path_accession_index.csv;04_registry_genome_identity_resolved.csv;12_STRICT_GenoGrammar_assembly_bridge.csv
GCA_002078975	02_registry_all_accession_candidates.csv;03_genome_path_accession_index.csv;12_STRICT_GenoGrammar_assembly_bridge.csv
GCA_002078975.5	02_registry_all_accession_candidates.csv;03_genome_path_accession_index.csv;04_registry_genome_identity_resolved.csv;12_STRICT_GenoGrammar_assembly_bridge.csv
GCA_002078995	02_registry_all_accession_candidates.csv;03_genome_path_accession_index.csv;12_STRICT_GenoGrammar_assembly_bridge.csv
GCA_002078995.4	02_registry_all_accession_candidates.csv;03_genome_path_accession_index.csv;04_registry_genome_identity_resolved.csv;12_STRICT_GenoGrammar_assembly_bridge.csv
GCA_002079285	02_registry_all_accession_candidates.csv;03_genome_path_accession_index.csv;12_STRICT_GenoGrammar_assembly_bridge.csv
GCA_002079285.1	02_registry_all_accession_candidates.csv;03_genome_path_accession_index.csv;04_registry_genome_identity_resolved.csv;12_STRICT_GenoGrammar_assembly_bridge.csv
GCA_002091995	02_registry_all_accession_candidates.csv;03_genome_path_accession_index.csv;12_STRICT_GenoGrammar_assembly_bridge.csv
GCA_002091995.1	02_registry_all_accession_candidates.csv;03_genome_path_accession_index.csv;04_registry_genome_identity_resolved.csv;12_STRICT_GenoGrammar_assembly_bridge.csv
GCA_002093065	02_registry_all_accession_candidates.csv;03_genome_path_accession_index.csv;12_STRICT_GenoGrammar_assembly_bridge.csv
GCA_002093065.1	02_registry_all_accession_candidates.csv;03_genome_path_accession_index.csv;04_registry_genome_identity_resolved.csv;12_STRICT_GenoGrammar_assembly_bridge.csv
GCA_002105575	02_registry_all_accession_candidates.csv;03_genome_path_accession_index.csv;12_STRICT_GenoGrammar_assembly_bridge.csv
GCA_002105575.1	02_registry_all_accession_candidates.csv;03_genome_path_accession_index.csv;04_registry_genome_identity_resolved.csv;12_STRICT_GenoGrammar_assembly_bridge.csv
GCA_002107995	02_registry_all_accession_candidates.csv;03_genome_path_accession_index.csv;12_STRICT_GenoGrammar_assembly_bridge.csv
GCA_002107995.1	02_registry_all_accession_candidates.csv;03_genome_path_accession_index.csv;04_registry_genome_identity_resolved.csv;12_STRICT_GenoGrammar_assembly_bridge.csv
GCA_002112225	02_registry_all_accession_candidates.csv;03_genome_path_accession_index.csv;12_STRICT_GenoGrammar_assembly_bridge.csv
GCA_002112225.1	02_registry_all_accession_candidates.csv;03_genome_path_accession_index.csv;04_registry_genome_identity_resolved.csv;12_STRICT_GenoGrammar_assembly_bridge.csv
GCA_002119645	02_registry_all_accession_candidates.csv;03_genome_path_accession_index.csv;12_STRICT_GenoGrammar_assembly_bridge.csv
GCA_002119645.1	02_registry_all_accession_candidates.csv;03_genome_path_accession_index.csv;04_registry_genome_identity_resolved.csv;12_STRICT_GenoGrammar_assembly_bridge.csv
GCA_002148215	02_registry_all_accession_candidates.csv;03_genome_path_accession_index.csv;12_STRICT_GenoGrammar_assembly_bridge.csv
GCA_002148215.1	02_registry_all_accession_candidates.csv;03_genome_path_accession_index.csv;04_registry_genome_identity_resolved.csv;12_STRICT_GenoGrammar_assembly_bridge.csv
GCA_002158925	02_registry_all_accession_candidates.csv;03_genome_path_accession_index.csv;12_STRICT_GenoGrammar_assembly_bridge.csv
GCA_002158925.1	02_registry_all_accession_candidates.csv;03_genome_path_accession_index.csv;04_registry_genome_identity_resolved.csv;12_STRICT_GenoGrammar_assembly_bridge.csv
GCA_002165655	02_registry_all_accession_candidates.csv;03_genome_path_accession_index.csv;12_STRICT_GenoGrammar_assembly_bridge.csv
GCA_002165655.1	02_registry_all_accession_candidates.csv;03_genome_path_accession_index.csv;04_registry_genome_identity_resolved.csv;12_STRICT_GenoGrammar_assembly_bridge.csv
GCA_002165715	02_registry_all_accession_candidates.csv;03_genome_path_accession_index.csv;12_STRICT_GenoGrammar_assembly_bridge.csv
GCA_002165715.1	02_registry_all_accession_candidates.csv;03_genome_path_accession_index.csv;04_registry_genome_identity_resolved.csv;12_STRICT_GenoGrammar_assembly_bridge.csv
GCA_002173695	02_registry_all_accession_candidates.csv;03_genome_path_accession_index.csv;12_STRICT_GenoGrammar_assembly_bridge.csv
GCA_002173695.1	02_registry_all_accession_candidates.csv;03_genome_path_accession_index.csv;04_registry_genome_identity_resolved.csv;12_STRICT_GenoGrammar_assembly_bridge.csv
GCA_002173715	02_registry_all_accession_candidates.csv;03_genome_path_accession_index.csv;12_STRICT_GenoGrammar_assembly_bridge.csv
GCA_002173715.1	02_registry_all_accession_candidates.csv;03_genome_path_accession_index.csv;04_registry_genome_identity_resolved.csv;12_STRICT_GenoGrammar_assembly_bridge.csv
GCA_002179515	02_registry_all_accession_candidates.csv;03_genome_path_accession_index.csv;12_STRICT_GenoGrammar_assembly_bridge.csv
GCA_002179515.1	02_registry_all_accession_candidates.csv;03_genome_path_accession_index.csv;04_registry_genome_identity_resolved.csv;12_STRICT_GenoGrammar_assembly_bridge.csv
GCA_002192215	02_registry_all_accession_candidates.csv;03_genome_path_accession_index.csv;12_STRICT_GenoGrammar_assembly_bridge.csv
GCA_002192215.1	02_registry_all_accession_candidates.csv;03_genome_path_accession_index.csv;04_registry_genome_identity_resolved.csv;12_STRICT_GenoGrammar_assembly_bridge.csv
GCA_002192435	02_registry_all_accession_candidates.csv;03_genome_path_accession_index.csv;12_STRICT_GenoGrammar_assembly_bridge.csv
GCA_002192435.1	02_registry_all_accession_candidates.csv;03_genome_path_accession_index.csv;04_registry_genome_identity_resolved.csv;12_STRICT_GenoGrammar_assembly_bridge.csv
GCA_002201955	02_registry_all_accession_candidates.csv;03_genome_path_accession_index.csv;12_STRICT_GenoGrammar_assembly_bridge.csv
GCA_002201955.1	02_registry_all_accession_candidates.csv;03_genome_path_accession_index.csv;04_registry_genome_identity_resolved.csv;12_STRICT_GenoGrammar_assembly_bridge.csv
GCA_002201995	02_registry_all_accession_candidates.csv;03_genome_path_accession_index.csv;12_STRICT_GenoGrammar_assembly_bridge.csv
GCA_002201995.1	02_registry_all_accession_candidates.csv;03_genome_path_accession_index.csv;04_registry_genome_identity_resolved.csv;12_STRICT_GenoGrammar_assembly_bridge.csv
GCA_002202035	02_registry_all_accession_candidates.csv;03_genome_path_accession_index.csv;12_STRICT_GenoGrammar_assembly_bridge.csv
GCA_002202035.1	02_registry_all_accession_candidates.csv;03_genome_path_accession_index.csv;04_registry_genome_identity_resolved.csv;12_STRICT_GenoGrammar_assembly_bridge.csv
GCA_002204495	02_registry_all_accession_candidates.csv;03_genome_path_accession_index.csv;12_STRICT_GenoGrammar_assembly_bridge.csv
GCA_002204495.1	02_registry_all_accession_candidates.csv;03_genome_path_accession_index.csv;04_registry_genome_identity_resolved.csv;12_STRICT_GenoGrammar_assembly_bridge.csv
GCA_002205775	02_registry_all_accession_candidates.csv;03_genome_path_accession_index.csv;12_STRICT_GenoGrammar_assembly_bridge.csv
GCA_002205775.2	02_registry_all_accession_candidates.csv;03_genome_path_accession_index.csv;04_registry_genome_identity_resolved.csv;12_STRICT_GenoGrammar_assembly_bridge.csv
GCA_002220485	02_registry_all_accession_candidates.csv;03_genome_path_accession_index.csv;12_STRICT_GenoGrammar_assembly_bridge.csv
GCA_002220485.1	02_registry_all_accession_candidates.csv;03_genome_path_accession_index.csv;04_registry_genome_identity_resolved.csv;12_STRICT_GenoGrammar_assembly_bridge.csv
GCA_002220815	02_registry_all_accession_candidates.csv;03_genome_path_accession_index.csv;12_STRICT_GenoGrammar_assembly_bridge.csv
GCA_002220815.1	02_registry_all_accession_candidates.csv;03_genome_path_accession_index.csv;04_registry_genome_identity_resolved.csv;12_STRICT_GenoGrammar_assembly_bridge.csv
GCA_002224305	02_registry_all_accession_candidates.csv;03_genome_path_accession_index.csv;12_STRICT_GenoGrammar_assembly_bridge.csv
GCA_002224305.1	02_registry_all_accession_candidates.csv;03_genome_path_accession_index.csv;04_registry_genome_identity_resolved.csv;12_STRICT_GenoGrammar_assembly_bridge.csv
GCA_002238035	02_registry_all_accession_candidates.csv;03_genome_path_accession_index.csv;12_STRICT_GenoGrammar_assembly_bridge.csv
GCA_002238035.1	02_registry_all_accession_candidates.csv;03_genome_path_accession_index.csv;04_registry_genome_identity_resolved.csv;12_STRICT_GenoGrammar_assembly_bridge.csv
GCA_002242615	02_registry_all_accession_candidates.csv;03_genome_path_accession_index.csv;12_STRICT_GenoGrammar_assembly_bridge.csv
GCA_002242615.1	02_registry_all_accession_candidates.csv;03_genome_path_accession_index.csv;04_registry_genome_identity_resolved.csv;12_STRICT_GenoGrammar_assembly_bridge.csv
GCA_002249825	02_registry_all_accession_candidates.csv;03_genome_path_accession_index.csv;12_STRICT_GenoGrammar_assembly_bridge.csv
GCA_002249825.1	02_registry_all_accession_candidates.csv;03_genome_path_accession_index.csv;04_registry_genome_identity_resolved.csv;12_STRICT_GenoGrammar_assembly_bridge.csv
GCA_002257625	02_registry_all_accession_candidates.csv;03_genome_path_accession_index.csv;12_STRICT_GenoGrammar_assembly_bridge.csv
GCA_002257625.1	02_registry_all_accession_candidates.csv;03_genome_path_accession_index.csv;04_registry_genome_identity_resolved.csv;12_STRICT_GenoGrammar_assembly_bridge.csv
GCA_002282915	02_registry_all_accession_candidates.csv;03_genome_path_accession_index.csv;12_STRICT_GenoGrammar_assembly_bridge.csv
GCA_002282915.1	02_registry_all_accession_candidates.csv;03_genome_path_accession_index.csv;04_registry_genome_identity_resolved.csv;12_STRICT_GenoGrammar_assembly_bridge.csv
GCA_002286215	02_registry_all_accession_candidates.csv;03_genome_path_accession_index.csv;12_STRICT_GenoGrammar_assembly_bridge.csv
GCA_002286215.1	02_registry_all_accession_candidates.csv;03_genome_path_accession_index.csv;04_registry_genome_identity_resolved.csv;12_STRICT_GenoGrammar_assembly_bridge.csv
GCA_002286255	02_registry_all_accession_candidates.csv;03_genome_path_accession_index.csv;12_STRICT_GenoGrammar_assembly_bridge.csv
GCA_002286255.1	02_registry_all_accession_candidates.csv;03_genome_path_accession_index.csv;04_registry_genome_identity_resolved.csv;12_STRICT_GenoGrammar_assembly_bridge.csv
GCA_002286275	02_registry_all_accession_candidates.csv;03_genome_path_accession_index.csv;12_STRICT_GenoGrammar_assembly_bridge.csv
GCA_002286275.1	02_registry_all_accession_candidates.csv;03_genome_path_accession_index.csv;04_registry_genome_identity_resolved.csv;05_manifest_PRIMARY_rescued.csv;06_manifest_STRICT_rescued.csv;12_STRICT_GenoGrammar_assembly_bridge.csv
GCA_002287905	02_registry_all_accession_candidates.csv;03_genome_path_accession_index.csv;12_STRICT_GenoGrammar_assembly_bridge.csv
GCA_002287905.1	02_registry_all_accession_candidates.csv;03_genome_path_accession_index.csv;04_registry_genome_identity_resolved.csv;12_STRICT_GenoGrammar_assembly_bridge.csv
GCA_002287945	02_registry_all_accession_candidates.csv;03_genome_path_accession_index.csv;12_STRICT_GenoGrammar_assembly_bridge.csv
GCA_002287945.1	02_registry_all_accession_candidates.csv;03_genome_path_accession_index.csv;04_registry_genome_identity_resolved.csv;12_STRICT_GenoGrammar_assembly_bridge.csv
GCA_002318935	02_registry_all_accession_candidates.csv;03_genome_path_accession_index.csv;12_STRICT_GenoGrammar_assembly_bridge.csv
GCA_002318935.1	02_registry_all_accession_candidates.csv;03_genome_path_accession_index.csv;04_registry_genome_identity_resolved.csv;12_STRICT_GenoGrammar_assembly_bridge.csv
GCA_002356135	02_registry_all_accession_candidates.csv;03_genome_path_accession_index.csv;12_STRICT_GenoGrammar_assembly_bridge.csv
GCA_002356135.1	02_registry_all_accession_candidates.csv;03_genome_path_accession_index.csv;04_registry_genome_identity_resolved.csv;12_STRICT_GenoGrammar_assembly_bridge.csv
GCA_002406705	02_registry_all_accession_candidates.csv;03_genome_path_accession_index.csv;12_STRICT_GenoGrammar_assembly_bridge.csv
GCA_002406705.1	02_registry_all_accession_candidates.csv;03_genome_path_accession_index.csv;04_registry_genome_identity_resolved.csv;12_STRICT_GenoGrammar_assembly_bridge.csv
GCA_002406785	02_registry_all_accession_candidates.csv;03_genome_path_accession_index.csv;12_STRICT_GenoGrammar_assembly_bridge.csv
GCA_002406785.1	02_registry_all_accession_candidates.csv;03_genome_path_accession_index.csv;04_registry_genome_identity_resolved.csv;12_STRICT_GenoGrammar_assembly_bridge.csv
GCA_002406795	02_registry_all_accession_candidates.csv;03_genome_path_accession_index.csv;12_STRICT_GenoGrammar_assembly_bridge.csv
GCA_002406795.1	02_registry_all_accession_candidates.csv;03_genome_path_accession_index.csv;04_registry_genome_identity_resolved.csv;12_STRICT_GenoGrammar_assembly_bridge.csv
GCA_002407395	02_registry_all_accession_candidates.csv;03_genome_path_accession_index.csv;12_STRICT_GenoGrammar_assembly_bridge.csv
GCA_002407395.1	02_registry_all_accession_candidates.csv;03_genome_path_accession_index.csv;04_registry_genome_identity_resolved.csv;12_STRICT_GenoGrammar_assembly_bridge.csv
GCA_002442835	02_registry_all_accession_candidates.csv;03_genome_path_accession_index.csv;12_STRICT_GenoGrammar_assembly_bridge.csv
GCA_002442835.1	02_registry_all_accession_candidates.csv;03_genome_path_accession_index.csv;04_registry_genome_identity_resolved.csv;12_STRICT_GenoGrammar_assembly_bridge.csv
GCA_002443035	02_registry_all_accession_candidates.csv;03_genome_path_accession_index.csv;12_STRICT_GenoGrammar_assembly_bridge.csv
GCA_002443035.1	02_registry_all_accession_candidates.csv;03_genome_path_accession_index.csv;04_registry_genome_identity_resolved.csv;12_STRICT_GenoGrammar_assembly_bridge.csv
GCA_002532115	02_registry_all_accession_candidates.csv;03_genome_path_accession_index.csv;12_STRICT_GenoGrammar_assembly_bridge.csv
GCA_002532115.1	02_registry_all_accession_candidates.csv;03_genome_path_accession_index.csv;04_registry_genome_identity_resolved.csv;12_STRICT_GenoGrammar_assembly_bridge.csv
GCA_002532185	02_registry_all_accession_candidates.csv;03_genome_path_accession_index.csv;12_STRICT_GenoGrammar_assembly_bridge.csv
GCA_002532185.1	02_registry_all_accession_candidates.csv;03_genome_path_accession_index.csv;04_registry_genome_identity_resolved.csv;12_STRICT_GenoGrammar_assembly_bridge.csv
GCA_002532245	02_registry_all_accession_candidates.csv;03_genome_path_accession_index.csv;12_STRICT_GenoGrammar_assembly_bridge.csv
GCA_002532245.1	02_registry_all_accession_candidates.csv;03_genome_path_accession_index.csv;04_registry_genome_identity_resolved.csv;12_STRICT_GenoGrammar_assembly_bridge.csv
GCA_002749655	02_registry_all_accession_candidates.csv;03_genome_path_accession_index.csv;12_STRICT_GenoGrammar_assembly_bridge.csv
GCA_002749655.1	02_registry_all_accession_candidates.csv;03_genome_path_accession_index.csv;04_registry_genome_identity_resolved.csv;12_STRICT_GenoGrammar_assembly_bridge.csv
GCA_002762415	02_registry_all_accession_candidates.csv;03_genome_path_accession_index.csv;12_STRICT_GenoGrammar_assembly_bridge.csv
GCA_002762415.1	02_registry_all_accession_candidates.csv;03_genome_path_accession_index.csv;04_registry_genome_identity_resolved.csv;12_STRICT_GenoGrammar_assembly_bridge.csv
GCA_002786555	02_registry_all_accession_candidates.csv;03_genome_path_accession_index.csv;12_STRICT_GenoGrammar_assembly_bridge.csv
GCA_002786555.1	02_registry_all_accession_candidates.csv;03_genome_path_accession_index.csv;04_registry_genome_identity_resolved.csv;12_STRICT_GenoGrammar_assembly_bridge.csv
GCA_002794275	02_registry_all_accession_candidates.csv;03_genome_path_accession_index.csv;12_STRICT_GenoGrammar_assembly_bridge.csv
GCA_002794275.1	02_registry_all_accession_candidates.csv;03_genome_path_accession_index.csv;04_registry_genome_identity_resolved.csv;05_manifest_PRIMARY_rescued.csv;12_STRICT_GenoGrammar_assembly_bridge.csv
GCA_002794315	02_registry_all_accession_candidates.csv;03_genome_path_accession_index.csv;12_STRICT_GenoGrammar_assembly_bridge.csv
GCA_002794315.1	02_registry_all_accession_candidates.csv;03_genome_path_accession_index.csv;04_registry_genome_identity_resolved.csv;12_STRICT_GenoGrammar_assembly_bridge.csv
GCA_002798075	02_registry_all_accession_candidates.csv;03_genome_path_accession_index.csv;12_STRICT_GenoGrammar_assembly_bridge.csv
GCA_002798075.1	02_registry_all_accession_candidates.csv;03_genome_path_accession_index.csv;04_registry_genome_identity_resolved.csv;12_STRICT_GenoGrammar_assembly_bridge.csv
GCA_002804185	02_registry_all_accession_candidates.csv;03_genome_path_accession_index.csv;12_STRICT_GenoGrammar_assembly_bridge.csv
GCA_002804185.1	02_registry_all_accession_candidates.csv;03_genome_path_accession_index.csv;04_registry_genome_identity_resolved.csv;12_STRICT_GenoGrammar_assembly_bridge.csv
GCA_002804285	02_registry_all_accession_candidates.csv;03_genome_path_accession_index.csv;12_STRICT_GenoGrammar_assembly_bridge.csv
GCA_002804285.1	02_registry_all_accession_candidates.csv;03_genome_path_accession_index.csv;04_registry_genome_identity_resolved.csv;12_STRICT_GenoGrammar_assembly_bridge.csv
GCA_002813615	02_registry_all_accession_candidates.csv;03_genome_path_accession_index.csv;12_STRICT_GenoGrammar_assembly_bridge.csv
GCA_002813615.1	02_registry_all_accession_candidates.csv;03_genome_path_accession_index.csv;04_registry_genome_identity_resolved.csv;12_STRICT_GenoGrammar_assembly_bridge.csv
GCA_002833115	02_registry_all_accession_candidates.csv;03_genome_path_accession_index.csv;12_STRICT_GenoGrammar_assembly_bridge.csv
GCA_002833115.1	02_registry_all_accession_candidates.csv;03_genome_path_accession_index.csv;04_registry_genome_identity_resolved.csv;12_STRICT_GenoGrammar_assembly_bridge.csv
GCA_002838345	02_registry_all_accession_candidates.csv;03_genome_path_accession_index.csv;12_STRICT_GenoGrammar_assembly_bridge.csv
GCA_002838345.1	02_registry_all_accession_candidates.csv;03_genome_path_accession_index.csv;04_registry_genome_identity_resolved.csv;12_STRICT_GenoGrammar_assembly_bridge.csv
GCA_002843115	02_registry_all_accession_candidates.csv;03_genome_path_accession_index.csv;12_STRICT_GenoGrammar_assembly_bridge.csv
GCA_002843115.1	02_registry_all_accession_candidates.csv;03_genome_path_accession_index.csv;04_registry_genome_identity_resolved.csv;12_STRICT_GenoGrammar_assembly_bridge.csv
GCA_002845845	02_registry_all_accession_candidates.csv;03_genome_path_accession_index.csv;12_STRICT_GenoGrammar_assembly_bridge.csv
GCA_002845845.1	02_registry_all_accession_candidates.csv;03_genome_path_accession_index.csv;04_registry_genome_identity_resolved.csv;12_STRICT_GenoGrammar_assembly_bridge.csv
GCA_002846075	02_registry_all_accession_candidates.csv;03_genome_path_accession_index.csv;12_STRICT_GenoGrammar_assembly_bridge.csv
GCA_002846075.1	02_registry_all_accession_candidates.csv;03_genome_path_accession_index.csv;04_registry_genome_identity_resolved.csv;12_STRICT_GenoGrammar_assembly_bridge.csv
GCA_002846155	02_registry_all_accession_candidates.csv;03_genome_path_accession_index.csv;12_STRICT_GenoGrammar_assembly_bridge.csv
GCA_002846155.1	02_registry_all_accession_candidates.csv;03_genome_path_accession_index.csv;04_registry_genome_identity_resolved.csv;12_STRICT_GenoGrammar_assembly_bridge.csv
GCA_002849515	02_registry_all_accession_candidates.csv;03_genome_path_accession_index.csv;12_STRICT_GenoGrammar_assembly_bridge.csv
GCA_002849515.1	02_registry_all_accession_candidates.csv;03_genome_path_accession_index.csv;04_registry_genome_identity_resolved.csv;12_STRICT_GenoGrammar_assembly_bridge.csv
GCA_002849575	02_registry_all_accession_candidates.csv;03_genome_path_accession_index.csv;12_STRICT_GenoGrammar_assembly_bridge.csv
GCA_002849575.1	02_registry_all_accession_candidates.csv;03_genome_path_accession_index.csv;04_registry_genome_identity_resolved.csv;12_STRICT_GenoGrammar_assembly_bridge.csv
GCA_002849915	02_registry_all_accession_candidates.csv;03_genome_path_accession_index.csv;12_STRICT_GenoGrammar_assembly_bridge.csv
GCA_002849915.1	02_registry_all_accession_candidates.csv;03_genome_path_accession_index.csv;04_registry_genome_identity_resolved.csv;12_STRICT_GenoGrammar_assembly_bridge.csv
GCA_002849935	02_registry_all_accession_candidates.csv;03_genome_path_accession_index.csv;12_STRICT_GenoGrammar_assembly_bridge.csv
GCA_002849935.1	02_registry_all_accession_candidates.csv;03_genome_path_accession_index.csv;04_registry_genome_identity_resolved.csv;12_STRICT_GenoGrammar_assembly_bridge.csv
GCA_002849955	02_registry_all_accession_candidates.csv;03_genome_path_accession_index.csv;12_STRICT_GenoGrammar_assembly_bridge.csv
GCA_002849955.1	02_registry_all_accession_candidates.csv;03_genome_path_accession_index.csv;04_registry_genome_identity_resolved.csv;12_STRICT_GenoGrammar_assembly_bridge.csv
GCA_002865565	02_registry_all_accession_candidates.csv;03_genome_path_accession_index.csv;12_STRICT_GenoGrammar_assembly_bridge.csv
GCA_002865565.1	02_registry_all_accession_candidates.csv;03_genome_path_accession_index.csv;04_registry_genome_identity_resolved.csv;12_STRICT_GenoGrammar_assembly_bridge.csv
GCA_002868755	02_registry_all_accession_candidates.csv;03_genome_path_accession_index.csv;12_STRICT_GenoGrammar_assembly_bridge.csv
GCA_002868755.1	02_registry_all_accession_candidates.csv;03_genome_path_accession_index.csv;04_registry_genome_identity_resolved.csv;12_STRICT_GenoGrammar_assembly_bridge.csv
GCA_002895225	02_registry_all_accession_candidates.csv;03_genome_path_accession_index.csv;12_STRICT_GenoGrammar_assembly_bridge.csv
GCA_002895225.1	02_registry_all_accession_candidates.csv;03_genome_path_accession_index.csv;04_registry_genome_identity_resolved.csv;12_STRICT_GenoGrammar_assembly_bridge.csv
GCA_002895245	02_registry_all_accession_candidates.csv;03_genome_path_accession_index.csv;12_STRICT_GenoGrammar_assembly_bridge.csv
GCA_002895245.1	02_registry_all_accession_candidates.csv;03_genome_path_accession_index.csv;04_registry_genome_identity_resolved.csv;12_STRICT_GenoGrammar_assembly_bridge.csv
GCA_002899655	02_registry_all_accession_candidates.csv;03_genome_path_accession_index.csv;12_STRICT_GenoGrammar_assembly_bridge.csv
GCA_002899655.1	02_registry_all_accession_candidates.csv;03_genome_path_accession_index.csv;04_registry_genome_identity_resolved.csv;12_STRICT_GenoGrammar_assembly_bridge.csv
GCA_002901165	02_registry_all_accession_candidates.csv;03_genome_path_accession_index.csv;12_STRICT_GenoGrammar_assembly_bridge.csv
GCA_002901165.3	02_registry_all_accession_candidates.csv;03_genome_path_accession_index.csv;04_registry_genome_identity_resolved.csv;12_STRICT_GenoGrammar_assembly_bridge.csv
GCA_002902825	02_registry_all_accession_candidates.csv;03_genome_path_accession_index.csv;12_STRICT_GenoGrammar_assembly_bridge.csv
GCA_002902825.1	02_registry_all_accession_candidates.csv;03_genome_path_accession_index.csv;04_registry_genome_identity_resolved.csv;12_STRICT_GenoGrammar_assembly_bridge.csv
GCA_002906875	02_registry_all_accession_candidates.csv;03_genome_path_accession_index.csv;12_STRICT_GenoGrammar_assembly_bridge.csv
GCA_002906875.1	02_registry_all_accession_candidates.csv;03_genome_path_accession_index.csv;04_registry_genome_identity_resolved.csv;12_STRICT_GenoGrammar_assembly_bridge.csv
GCA_002914865	02_registry_all_accession_candidates.csv;03_genome_path_accession_index.csv;12_STRICT_GenoGrammar_assembly_bridge.csv
GCA_002914865.1	02_registry_all_accession_candidates.csv;03_genome_path_accession_index.csv;04_registry_genome_identity_resolved.csv;12_STRICT_GenoGrammar_assembly_bridge.csv
GCA_002946455	02_registry_all_accession_candidates.csv;03_genome_path_accession_index.csv;12_STRICT_GenoGrammar_assembly_bridge.csv
GCA_002946455.1	02_registry_all_accession_candidates.csv;03_genome_path_accession_index.csv;04_registry_genome_identity_resolved.csv;12_STRICT_GenoGrammar_assembly_bridge.csv
GCA_002948215	02_registry_all_accession_candidates.csv;03_genome_path_accession_index.csv;12_STRICT_GenoGrammar_assembly_bridge.csv
GCA_002948215.1	02_registry_all_accession_candidates.csv;03_genome_path_accession_index.csv;04_registry_genome_identity_resolved.csv;12_STRICT_GenoGrammar_assembly_bridge.csv
GCA_002960215	02_registry_all_accession_candidates.csv;03_genome_path_accession_index.csv;12_STRICT_GenoGrammar_assembly_bridge.csv
GCA_002960215.1	02_registry_all_accession_candidates.csv;03_genome_path_accession_index.csv;04_registry_genome_identity_resolved.csv;12_STRICT_GenoGrammar_assembly_bridge.csv
GCA_002994725	02_registry_all_accession_candidates.csv;03_genome_path_accession_index.csv;12_STRICT_GenoGrammar_assembly_bridge.csv
GCA_002994725.1	02_registry_all_accession_candidates.csv;03_genome_path_accession_index.csv;04_registry_genome_identity_resolved.csv;12_STRICT_GenoGrammar_assembly_bridge.csv
GCA_003020005	02_registry_all_accession_candidates.csv;03_genome_path_accession_index.csv;12_STRICT_GenoGrammar_assembly_bridge.csv
GCA_003020005.1	02_registry_all_accession_candidates.csv;03_genome_path_accession_index.csv;04_registry_genome_identity_resolved.csv;12_STRICT_GenoGrammar_assembly_bridge.csv
GCA_003023825	02_registry_all_accession_candidates.csv;03_genome_path_accession_index.csv;12_STRICT_GenoGrammar_assembly_bridge.csv
GCA_003023825.1	02_registry_all_accession_candidates.csv;03_genome_path_accession_index.csv;04_registry_genome_identity_resolved.csv;12_STRICT_GenoGrammar_assembly_bridge.csv
GCA_003046055	02_registry_all_accession_candidates.csv;03_genome_path_accession_index.csv;12_STRICT_GenoGrammar_assembly_bridge.csv
GCA_003046055.1	02_registry_all_accession_candidates.csv;03_genome_path_accession_index.csv;04_registry_genome_identity_resolved.csv;12_STRICT_GenoGrammar_assembly_bridge.csv
GCA_003046075	02_registry_all_accession_candidates.csv;03_genome_path_accession_index.csv;12_STRICT_GenoGrammar_assembly_bridge.csv
GCA_003046075.1	02_registry_all_accession_candidates.csv;03_genome_path_accession_index.csv;04_registry_genome_identity_resolved.csv;12_STRICT_GenoGrammar_assembly_bridge.csv
GCA_003046115	02_registry_all_accession_candidates.csv;03_genome_path_accession_index.csv;12_STRICT_GenoGrammar_assembly_bridge.csv
GCA_003046115.1	02_registry_all_accession_candidates.csv;03_genome_path_accession_index.csv;04_registry_genome_identity_resolved.csv;12_STRICT_GenoGrammar_assembly_bridge.csv
GCA_003046135	02_registry_all_accession_candidates.csv;03_genome_path_accession_index.csv;12_STRICT_GenoGrammar_assembly_bridge.csv
GCA_003046135.1	02_registry_all_accession_candidates.csv;03_genome_path_accession_index.csv;04_registry_genome_identity_resolved.csv;12_STRICT_GenoGrammar_assembly_bridge.csv
GCA_003047065	02_registry_all_accession_candidates.csv;03_genome_path_accession_index.csv;12_STRICT_GenoGrammar_assembly_bridge.csv
GCA_003047065.1	02_registry_all_accession_candidates.csv;03_genome_path_accession_index.csv;04_registry_genome_identity_resolved.csv;12_STRICT_GenoGrammar_assembly_bridge.csv
GCA_003052855	02_registry_all_accession_candidates.csv;03_genome_path_accession_index.csv;12_STRICT_GenoGrammar_assembly_bridge.csv
GCA_003052855.1	02_registry_all_accession_candidates.csv;03_genome_path_accession_index.csv;04_registry_genome_identity_resolved.csv;12_STRICT_GenoGrammar_assembly_bridge.csv
GCA_003052925	02_registry_all_accession_candidates.csv;03_genome_path_accession_index.csv;12_STRICT_GenoGrammar_assembly_bridge.csv
GCA_003052925.1	02_registry_all_accession_candidates.csv;03_genome_path_accession_index.csv;04_registry_genome_identity_resolved.csv;12_STRICT_GenoGrammar_assembly_bridge.csv
GCA_003060705	02_registry_all_accession_candidates.csv;03_genome_path_accession_index.csv;12_STRICT_GenoGrammar_assembly_bridge.csv
GCA_003060705.1	02_registry_all_accession_candidates.csv;03_genome_path_accession_index.csv;04_registry_genome_identity_resolved.csv;12_STRICT_GenoGrammar_assembly_bridge.csv
GCA_003062045	02_registry_all_accession_candidates.csv;03_genome_path_accession_index.csv;12_STRICT_GenoGrammar_assembly_bridge.csv
GCA_003062045.1	02_registry_all_accession_candidates.csv;03_genome_path_accession_index.csv;04_registry_genome_identity_resolved.csv;12_STRICT_GenoGrammar_assembly_bridge.csv
GCA_003072625	02_registry_all_accession_candidates.csv;03_genome_path_accession_index.csv;12_STRICT_GenoGrammar_assembly_bridge.csv
GCA_003072625.1	02_registry_all_accession_candidates.csv;03_genome_path_accession_index.csv;04_registry_genome_identity_resolved.csv;12_STRICT_GenoGrammar_assembly_bridge.csv
GCA_003094635	02_registry_all_accession_candidates.csv;03_genome_path_accession_index.csv;12_STRICT_GenoGrammar_assembly_bridge.csv
GCA_003094635.1	02_registry_all_accession_candidates.csv;03_genome_path_accession_index.csv;04_registry_genome_identity_resolved.csv;12_STRICT_GenoGrammar_assembly_bridge.csv
GCA_003094855	02_registry_all_accession_candidates.csv;03_genome_path_accession_index.csv;12_STRICT_GenoGrammar_assembly_bridge.csv
GCA_003094855.1	02_registry_all_accession_candidates.csv;03_genome_path_accession_index.csv;04_registry_genome_identity_resolved.csv;12_STRICT_GenoGrammar_assembly_bridge.csv
GCA_003094935	02_registry_all_accession_candidates.csv;03_genome_path_accession_index.csv;12_STRICT_GenoGrammar_assembly_bridge.csv
GCA_003094935.1	02_registry_all_accession_candidates.csv;03_genome_path_accession_index.csv;04_registry_genome_identity_resolved.csv;12_STRICT_GenoGrammar_assembly_bridge.csv
GCA_003094955	02_registry_all_accession_candidates.csv;03_genome_path_accession_index.csv;12_STRICT_GenoGrammar_assembly_bridge.csv
GCA_003094955.1	02_registry_all_accession_candidates.csv;03_genome_path_accession_index.csv;04_registry_genome_identity_resolved.csv;12_STRICT_GenoGrammar_assembly_bridge.csv
GCA_003094975	02_registry_all_accession_candidates.csv;03_genome_path_accession_index.csv;12_STRICT_GenoGrammar_assembly_bridge.csv
GCA_003094975.1	02_registry_all_accession_candidates.csv;03_genome_path_accession_index.csv;04_registry_genome_identity_resolved.csv;12_STRICT_GenoGrammar_assembly_bridge.csv
GCA_003094995	02_registry_all_accession_candidates.csv;03_genome_path_accession_index.csv;12_STRICT_GenoGrammar_assembly_bridge.csv
GCA_003094995.1	02_registry_all_accession_candidates.csv;03_genome_path_accession_index.csv;04_registry_genome_identity_resolved.csv;12_STRICT_GenoGrammar_assembly_bridge.csv
GCA_003097595	02_registry_all_accession_candidates.csv;03_genome_path_accession_index.csv;12_STRICT_GenoGrammar_assembly_bridge.csv
GCA_003097595.1	02_registry_all_accession_candidates.csv;03_genome_path_accession_index.csv;04_registry_genome_identity_resolved.csv;12_STRICT_GenoGrammar_assembly_bridge.csv
GCA_003129615	02_registry_all_accession_candidates.csv;03_genome_path_accession_index.csv;12_STRICT_GenoGrammar_assembly_bridge.csv
GCA_003129615.1	02_registry_all_accession_candidates.csv;03_genome_path_accession_index.csv;04_registry_genome_identity_resolved.csv;12_STRICT_GenoGrammar_assembly_bridge.csv
GCA_003129645	02_registry_all_accession_candidates.csv;03_genome_path_accession_index.csv;12_STRICT_GenoGrammar_assembly_bridge.csv
GCA_003129645.1	02_registry_all_accession_candidates.csv;03_genome_path_accession_index.csv;04_registry_genome_identity_resolved.csv;12_STRICT_GenoGrammar_assembly_bridge.csv
GCA_003130445	02_registry_all_accession_candidates.csv;03_genome_path_accession_index.csv;12_STRICT_GenoGrammar_assembly_bridge.csv
GCA_003130445.1	02_registry_all_accession_candidates.csv;03_genome_path_accession_index.csv;04_registry_genome_identity_resolved.csv;12_STRICT_GenoGrammar_assembly_bridge.csv
GCA_003143915	02_registry_all_accession_candidates.csv;03_genome_path_accession_index.csv;12_STRICT_GenoGrammar_assembly_bridge.csv
GCA_003143915.1	02_registry_all_accession_candidates.csv;03_genome_path_accession_index.csv;04_registry_genome_identity_resolved.csv;12_STRICT_GenoGrammar_assembly_bridge.csv
GCA_003174815	02_registry_all_accession_candidates.csv;03_genome_path_accession_index.csv;12_STRICT_GenoGrammar_assembly_bridge.csv
GCA_003174815.1	02_registry_all_accession_candidates.csv;03_genome_path_accession_index.csv;04_registry_genome_identity_resolved.csv;12_STRICT_GenoGrammar_assembly_bridge.csv
GCA_003175015	02_registry_all_accession_candidates.csv;03_genome_path_accession_index.csv;12_STRICT_GenoGrammar_assembly_bridge.csv
GCA_003175015.1	02_registry_all_accession_candidates.csv;03_genome_path_accession_index.csv;04_registry_genome_identity_resolved.csv;12_STRICT_GenoGrammar_assembly_bridge.csv
GCA_003175115	02_registry_all_accession_candidates.csv;03_genome_path_accession_index.csv
GCA_003175115.1	02_registry_all_accession_candidates.csv;03_genome_path_accession_index.csv;04_registry_genome_identity_resolved.csv;05_manifest_PRIMARY_rescued.csv;06_manifest_STRICT_rescued.csv
GCA_003175125	02_registry_all_accession_candidates.csv;03_genome_path_accession_index.csv;12_STRICT_GenoGrammar_assembly_bridge.csv
GCA_003175125.1	02_registry_all_accession_candidates.csv;03_genome_path_accession_index.csv;04_registry_genome_identity_resolved.csv;12_STRICT_GenoGrammar_assembly_bridge.csv
GCA_003261135	02_registry_all_accession_candidates.csv;03_genome_path_accession_index.csv;12_STRICT_GenoGrammar_assembly_bridge.csv
GCA_003261135.1	02_registry_all_accession_candidates.csv;03_genome_path_accession_index.csv;04_registry_genome_identity_resolved.csv;12_STRICT_GenoGrammar_assembly_bridge.csv
GCA_003269405	02_registry_all_accession_candidates.csv;03_genome_path_accession_index.csv;12_STRICT_GenoGrammar_assembly_bridge.csv
GCA_003269405.1	02_registry_all_accession_candidates.csv;03_genome_path_accession_index.csv;04_registry_genome_identity_resolved.csv;12_STRICT_GenoGrammar_assembly_bridge.csv
GCA_003316895	02_registry_all_accession_candidates.csv;03_genome_path_accession_index.csv;12_STRICT_GenoGrammar_assembly_bridge.csv
GCA_003316895.1	02_registry_all_accession_candidates.csv;03_genome_path_accession_index.csv;04_registry_genome_identity_resolved.csv;12_STRICT_GenoGrammar_assembly_bridge.csv
GCA_003325395	02_registry_all_accession_candidates.csv;03_genome_path_accession_index.csv;12_STRICT_GenoGrammar_assembly_bridge.csv
GCA_003325395.1	02_registry_all_accession_candidates.csv;03_genome_path_accession_index.csv;04_registry_genome_identity_resolved.csv;12_STRICT_GenoGrammar_assembly_bridge.csv
GCA_003325775	02_registry_all_accession_candidates.csv;03_genome_path_accession_index.csv;12_STRICT_GenoGrammar_assembly_bridge.csv
GCA_003325775.1	02_registry_all_accession_candidates.csv;03_genome_path_accession_index.csv;04_registry_genome_identity_resolved.csv;12_STRICT_GenoGrammar_assembly_bridge.csv
GCA_003342655	02_registry_all_accession_candidates.csv;03_genome_path_accession_index.csv;12_STRICT_GenoGrammar_assembly_bridge.csv
GCA_003342655.1	02_registry_all_accession_candidates.csv;03_genome_path_accession_index.csv;04_registry_genome_identity_resolved.csv;12_STRICT_GenoGrammar_assembly_bridge.csv
GCA_003344825	02_registry_all_accession_candidates.csv;03_genome_path_accession_index.csv;12_STRICT_GenoGrammar_assembly_bridge.csv
GCA_003344825.1	02_registry_all_accession_candidates.csv;03_genome_path_accession_index.csv;04_registry_genome_identity_resolved.csv;12_STRICT_GenoGrammar_assembly_bridge.csv
GCA_003344845	02_registry_all_accession_candidates.csv;03_genome_path_accession_index.csv;12_STRICT_GenoGrammar_assembly_bridge.csv
GCA_003344845.1	02_registry_all_accession_candidates.csv;03_genome_path_accession_index.csv;04_registry_genome_identity_resolved.csv;12_STRICT_GenoGrammar_assembly_bridge.csv
GCA_003345725	02_registry_all_accession_candidates.csv;03_genome_path_accession_index.csv;12_STRICT_GenoGrammar_assembly_bridge.csv
GCA_003345725.1	02_registry_all_accession_candidates.csv;03_genome_path_accession_index.csv;04_registry_genome_identity_resolved.csv;12_STRICT_GenoGrammar_assembly_bridge.csv
GCA_003346315	02_registry_all_accession_candidates.csv;03_genome_path_accession_index.csv;12_STRICT_GenoGrammar_assembly_bridge.csv
GCA_003346315.1	02_registry_all_accession_candidates.csv;03_genome_path_accession_index.csv;04_registry_genome_identity_resolved.csv;12_STRICT_GenoGrammar_assembly_bridge.csv
GCA_003347445	02_registry_all_accession_candidates.csv;03_genome_path_accession_index.csv;12_STRICT_GenoGrammar_assembly_bridge.csv
GCA_003347445.1	02_registry_all_accession_candidates.csv;03_genome_path_accession_index.csv;04_registry_genome_identity_resolved.csv;12_STRICT_GenoGrammar_assembly_bridge.csv
GCA_003347455	02_registry_all_accession_candidates.csv;03_genome_path_accession_index.csv;12_STRICT_GenoGrammar_assembly_bridge.csv
GCA_003347455.1	02_registry_all_accession_candidates.csv;03_genome_path_accession_index.csv;04_registry_genome_identity_resolved.csv;12_STRICT_GenoGrammar_assembly_bridge.csv
GCA_003352125	02_registry_all_accession_candidates.csv;03_genome_path_accession_index.csv;12_STRICT_GenoGrammar_assembly_bridge.csv
GCA_003352125.1	02_registry_all_accession_candidates.csv;03_genome_path_accession_index.csv;04_registry_genome_identity_resolved.csv;12_STRICT_GenoGrammar_assembly_bridge.csv
GCA_003433395	02_registry_all_accession_candidates.csv;03_genome_path_accession_index.csv;12_STRICT_GenoGrammar_assembly_bridge.csv
GCA_003433395.1	02_registry_all_accession_candidates.csv;03_genome_path_accession_index.csv;04_registry_genome_identity_resolved.csv;12_STRICT_GenoGrammar_assembly_bridge.csv
GCA_003573895	02_registry_all_accession_candidates.csv;03_genome_path_accession_index.csv;12_STRICT_GenoGrammar_assembly_bridge.csv
GCA_003573895.1	02_registry_all_accession_candidates.csv;03_genome_path_accession_index.csv;04_registry_genome_identity_resolved.csv;12_STRICT_GenoGrammar_assembly_bridge.csv
GCA_003573955	02_registry_all_accession_candidates.csv;03_genome_path_accession_index.csv;12_STRICT_GenoGrammar_assembly_bridge.csv
GCA_003573955.1	02_registry_all_accession_candidates.csv;03_genome_path_accession_index.csv;04_registry_genome_identity_resolved.csv;12_STRICT_GenoGrammar_assembly_bridge.csv
GCA_003577505	02_registry_all_accession_candidates.csv;03_genome_path_accession_index.csv;12_STRICT_GenoGrammar_assembly_bridge.csv
GCA_003577505.1	02_registry_all_accession_candidates.csv;03_genome_path_accession_index.csv;04_registry_genome_identity_resolved.csv;12_STRICT_GenoGrammar_assembly_bridge.csv
GCA_003586485	02_registry_all_accession_candidates.csv;03_genome_path_accession_index.csv;12_STRICT_GenoGrammar_assembly_bridge.csv
GCA_003586485.1	02_registry_all_accession_candidates.csv;03_genome_path_accession_index.csv;04_registry_genome_identity_resolved.csv;12_STRICT_GenoGrammar_assembly_bridge.csv
GCA_003597635	02_registry_all_accession_candidates.csv;03_genome_path_accession_index.csv;12_STRICT_GenoGrammar_assembly_bridge.csv
GCA_003597635.1	02_registry_all_accession_candidates.csv;03_genome_path_accession_index.csv;04_registry_genome_identity_resolved.csv;12_STRICT_GenoGrammar_assembly_bridge.csv
GCA_003606305	02_registry_all_accession_candidates.csv;03_genome_path_accession_index.csv;12_STRICT_GenoGrammar_assembly_bridge.csv
GCA_003606305.1	02_registry_all_accession_candidates.csv;03_genome_path_accession_index.csv;04_registry_genome_identity_resolved.csv;12_STRICT_GenoGrammar_assembly_bridge.csv
GCA_003611015	02_registry_all_accession_candidates.csv;03_genome_path_accession_index.csv;12_STRICT_GenoGrammar_assembly_bridge.csv
GCA_003611015.1	02_registry_all_accession_candidates.csv;03_genome_path_accession_index.csv;04_registry_genome_identity_resolved.csv;12_STRICT_GenoGrammar_assembly_bridge.csv
GCA_003627255	02_registry_all_accession_candidates.csv;03_genome_path_accession_index.csv;12_STRICT_GenoGrammar_assembly_bridge.csv
GCA_003627255.1	02_registry_all_accession_candidates.csv;03_genome_path_accession_index.csv;04_registry_genome_identity_resolved.csv;12_STRICT_GenoGrammar_assembly_bridge.csv
GCA_003627355	02_registry_all_accession_candidates.csv;03_genome_path_accession_index.csv;12_STRICT_GenoGrammar_assembly_bridge.csv
GCA_003627355.1	02_registry_all_accession_candidates.csv;03_genome_path_accession_index.csv;04_registry_genome_identity_resolved.csv;12_STRICT_GenoGrammar_assembly_bridge.csv
GCA_003641085	02_registry_all_accession_candidates.csv;03_genome_path_accession_index.csv;12_STRICT_GenoGrammar_assembly_bridge.csv
GCA_003641085.1	02_registry_all_accession_candidates.csv;03_genome_path_accession_index.csv;04_registry_genome_identity_resolved.csv;12_STRICT_GenoGrammar_assembly_bridge.csv
GCA_003666485	02_registry_all_accession_candidates.csv;03_genome_path_accession_index.csv;12_STRICT_GenoGrammar_assembly_bridge.csv
GCA_003666485.1	02_registry_all_accession_candidates.csv;03_genome_path_accession_index.csv;04_registry_genome_identity_resolved.csv;12_STRICT_GenoGrammar_assembly_bridge.csv
GCA_003692725	02_registry_all_accession_candidates.csv;03_genome_path_accession_index.csv;12_STRICT_GenoGrammar_assembly_bridge.csv
GCA_003692725.1	02_registry_all_accession_candidates.csv;03_genome_path_accession_index.csv;04_registry_genome_identity_resolved.csv;12_STRICT_GenoGrammar_assembly_bridge.csv
GCA_003703875	02_registry_all_accession_candidates.csv;03_genome_path_accession_index.csv;12_STRICT_GenoGrammar_assembly_bridge.csv
GCA_003703875.1	02_registry_all_accession_candidates.csv;03_genome_path_accession_index.csv;04_registry_genome_identity_resolved.csv;12_STRICT_GenoGrammar_assembly_bridge.csv
GCA_003703885	02_registry_all_accession_candidates.csv;03_genome_path_accession_index.csv;12_STRICT_GenoGrammar_assembly_bridge.csv
GCA_003703885.1	02_registry_all_accession_candidates.csv;03_genome_path_accession_index.csv;04_registry_genome_identity_resolved.csv;12_STRICT_GenoGrammar_assembly_bridge.csv
GCA_003709415	02_registry_all_accession_candidates.csv;03_genome_path_accession_index.csv;12_STRICT_GenoGrammar_assembly_bridge.csv
GCA_003709415.1	02_registry_all_accession_candidates.csv;03_genome_path_accession_index.csv;04_registry_genome_identity_resolved.csv;12_STRICT_GenoGrammar_assembly_bridge.csv
GCA_003710225	02_registry_all_accession_candidates.csv;03_genome_path_accession_index.csv;12_STRICT_GenoGrammar_assembly_bridge.csv
GCA_003710225.1	02_registry_all_accession_candidates.csv;03_genome_path_accession_index.csv;04_registry_genome_identity_resolved.csv;12_STRICT_GenoGrammar_assembly_bridge.csv
GCA_003790365	02_registry_all_accession_candidates.csv;03_genome_path_accession_index.csv;12_STRICT_GenoGrammar_assembly_bridge.csv
GCA_003790365.1	02_registry_all_accession_candidates.csv;03_genome_path_accession_index.csv;04_registry_genome_identity_resolved.csv;12_STRICT_GenoGrammar_assembly_bridge.csv
GCA_003795255	02_registry_all_accession_candidates.csv;03_genome_path_accession_index.csv;12_STRICT_GenoGrammar_assembly_bridge.csv
GCA_003795255.1	02_registry_all_accession_candidates.csv;03_genome_path_accession_index.csv;04_registry_genome_identity_resolved.csv;12_STRICT_GenoGrammar_assembly_bridge.csv
GCA_003813125	02_registry_all_accession_candidates.csv;03_genome_path_accession_index.csv;12_STRICT_GenoGrammar_assembly_bridge.csv
GCA_003813125.1	02_registry_all_accession_candidates.csv;03_genome_path_accession_index.csv;04_registry_genome_identity_resolved.csv;12_STRICT_GenoGrammar_assembly_bridge.csv
GCA_003841395	02_registry_all_accession_candidates.csv;03_genome_path_accession_index.csv
GCA_003841395.1	02_registry_all_accession_candidates.csv;03_genome_path_accession_index.csv;04_registry_genome_identity_resolved.csv
GCA_003856735	02_registry_all_accession_candidates.csv;03_genome_path_accession_index.csv;12_STRICT_GenoGrammar_assembly_bridge.csv
GCA_003856735.1	02_registry_all_accession_candidates.csv;03_genome_path_accession_index.csv;04_registry_genome_identity_resolved.csv;12_STRICT_GenoGrammar_assembly_bridge.csv
GCA_003860425	02_registry_all_accession_candidates.csv;03_genome_path_accession_index.csv;12_STRICT_GenoGrammar_assembly_bridge.csv
GCA_003860425.1	02_registry_all_accession_candidates.csv;03_genome_path_accession_index.csv;04_registry_genome_identity_resolved.csv;12_STRICT_GenoGrammar_assembly_bridge.csv
GCA_003966835	02_registry_all_accession_candidates.csv;03_genome_path_accession_index.csv;12_STRICT_GenoGrammar_assembly_bridge.csv
GCA_003966835.1	02_registry_all_accession_candidates.csv;03_genome_path_accession_index.csv;04_registry_genome_identity_resolved.csv;12_STRICT_GenoGrammar_assembly_bridge.csv
GCA_003966855	02_registry_all_accession_candidates.csv;03_genome_path_accession_index.csv;12_STRICT_GenoGrammar_assembly_bridge.csv
GCA_003966855.1	02_registry_all_accession_candidates.csv;03_genome_path_accession_index.csv;04_registry_genome_identity_resolved.csv;12_STRICT_GenoGrammar_assembly_bridge.csv
GCA_003970855	02_registry_all_accession_candidates.csv;03_genome_path_accession_index.csv;12_STRICT_GenoGrammar_assembly_bridge.csv
GCA_003970855.1	02_registry_all_accession_candidates.csv;03_genome_path_accession_index.csv;04_registry_genome_identity_resolved.csv;12_STRICT_GenoGrammar_assembly_bridge.csv
GCA_003999275	02_registry_all_accession_candidates.csv;03_genome_path_accession_index.csv;12_STRICT_GenoGrammar_assembly_bridge.csv
GCA_003999275.1	02_registry_all_accession_candidates.csv;03_genome_path_accession_index.csv;04_registry_genome_identity_resolved.csv;12_STRICT_GenoGrammar_assembly_bridge.csv
GCA_003999605	02_registry_all_accession_candidates.csv;03_genome_path_accession_index.csv;12_STRICT_GenoGrammar_assembly_bridge.csv
GCA_003999605.1	02_registry_all_accession_candidates.csv;03_genome_path_accession_index.csv;04_registry_genome_identity_resolved.csv;12_STRICT_GenoGrammar_assembly_bridge.csv
GCA_004028295	02_registry_all_accession_candidates.csv;03_genome_path_accession_index.csv;12_STRICT_GenoGrammar_assembly_bridge.csv
GCA_004028295.1	02_registry_all_accession_candidates.csv;03_genome_path_accession_index.csv;04_registry_genome_identity_resolved.csv;12_STRICT_GenoGrammar_assembly_bridge.csv
GCA_004028315	02_registry_all_accession_candidates.csv;03_genome_path_accession_index.csv;12_STRICT_GenoGrammar_assembly_bridge.csv
GCA_004028315.1	02_registry_all_accession_candidates.csv;03_genome_path_accession_index.csv;04_registry_genome_identity_resolved.csv;12_STRICT_GenoGrammar_assembly_bridge.csv
GCA_004028335	02_registry_all_accession_candidates.csv;03_genome_path_accession_index.csv;12_STRICT_GenoGrammar_assembly_bridge.csv
GCA_004028335.1	02_registry_all_accession_candidates.csv;03_genome_path_accession_index.csv;04_registry_genome_identity_resolved.csv;12_STRICT_GenoGrammar_assembly_bridge.csv
GCA_004114715	02_registry_all_accession_candidates.csv;03_genome_path_accession_index.csv;12_STRICT_GenoGrammar_assembly_bridge.csv
GCA_004114715.1	02_registry_all_accession_candidates.csv;03_genome_path_accession_index.csv;04_registry_genome_identity_resolved.csv;12_STRICT_GenoGrammar_assembly_bridge.csv
GCA_004118615	02_registry_all_accession_candidates.csv;03_genome_path_accession_index.csv;12_STRICT_GenoGrammar_assembly_bridge.csv
GCA_004118615.1	02_registry_all_accession_candidates.csv;03_genome_path_accession_index.csv;04_registry_genome_identity_resolved.csv;12_STRICT_GenoGrammar_assembly_bridge.csv
GCA_004122965	02_registry_all_accession_candidates.csv;03_genome_path_accession_index.csv;12_STRICT_GenoGrammar_assembly_bridge.csv
GCA_004122965.1	02_registry_all_accession_candidates.csv;03_genome_path_accession_index.csv;04_registry_genome_identity_resolved.csv;12_STRICT_GenoGrammar_assembly_bridge.csv
GCA_004123035	02_registry_all_accession_candidates.csv;03_genome_path_accession_index.csv;12_STRICT_GenoGrammar_assembly_bridge.csv
GCA_004123035.1	02_registry_all_accession_candidates.csv;03_genome_path_accession_index.csv;04_registry_genome_identity_resolved.csv;12_STRICT_GenoGrammar_assembly_bridge.csv
GCA_004125375	02_registry_all_accession_candidates.csv;03_genome_path_accession_index.csv;12_STRICT_GenoGrammar_assembly_bridge.csv
GCA_004125375.1	02_registry_all_accession_candidates.csv;03_genome_path_accession_index.csv;04_registry_genome_identity_resolved.csv;12_STRICT_GenoGrammar_assembly_bridge.csv
GCA_004135895	02_registry_all_accession_candidates.csv;03_genome_path_accession_index.csv;12_STRICT_GenoGrammar_assembly_bridge.csv
GCA_004135895.1	02_registry_all_accession_candidates.csv;03_genome_path_accession_index.csv;04_registry_genome_identity_resolved.csv;12_STRICT_GenoGrammar_assembly_bridge.csv
GCA_004208815	02_registry_all_accession_candidates.csv;03_genome_path_accession_index.csv;12_STRICT_GenoGrammar_assembly_bridge.csv
GCA_004208815.1	02_registry_all_accession_candidates.csv;03_genome_path_accession_index.csv;04_registry_genome_identity_resolved.csv;12_STRICT_GenoGrammar_assembly_bridge.csv
GCA_004301305	02_registry_all_accession_candidates.csv;03_genome_path_accession_index.csv;12_STRICT_GenoGrammar_assembly_bridge.csv
GCA_004301305.1	02_registry_all_accession_candidates.csv;03_genome_path_accession_index.csv;04_registry_genome_identity_resolved.csv;12_STRICT_GenoGrammar_assembly_bridge.csv
GCA_004301335	02_registry_all_accession_candidates.csv;03_genome_path_accession_index.csv;12_STRICT_GenoGrammar_assembly_bridge.csv
GCA_004301335.1	02_registry_all_accession_candidates.csv;03_genome_path_accession_index.csv;04_registry_genome_identity_resolved.csv;12_STRICT_GenoGrammar_assembly_bridge.csv
GCA_004301645	02_registry_all_accession_candidates.csv;03_genome_path_accession_index.csv;12_STRICT_GenoGrammar_assembly_bridge.csv
GCA_004301645.1	02_registry_all_accession_candidates.csv;03_genome_path_accession_index.csv;04_registry_genome_identity_resolved.csv;12_STRICT_GenoGrammar_assembly_bridge.csv
GCA_004301685	02_registry_all_accession_candidates.csv;03_genome_path_accession_index.csv
GCA_004301685.1	02_registry_all_accession_candidates.csv;03_genome_path_accession_index.csv;04_registry_genome_identity_resolved.csv
GCA_004301915	02_registry_all_accession_candidates.csv;03_genome_path_accession_index.csv;12_STRICT_GenoGrammar_assembly_bridge.csv
GCA_004301915.1	02_registry_all_accession_candidates.csv;03_genome_path_accession_index.csv;04_registry_genome_identity_resolved.csv;12_STRICT_GenoGrammar_assembly_bridge.csv
GCA_004319685	02_registry_all_accession_candidates.csv;03_genome_path_accession_index.csv;12_STRICT_GenoGrammar_assembly_bridge.csv
GCA_004319685.1	02_registry_all_accession_candidates.csv;03_genome_path_accession_index.csv;04_registry_genome_identity_resolved.csv;12_STRICT_GenoGrammar_assembly_bridge.csv
GCA_004337615	02_registry_all_accession_candidates.csv;03_genome_path_accession_index.csv;12_STRICT_GenoGrammar_assembly_bridge.csv
GCA_004337615.1	02_registry_all_accession_candidates.csv;03_genome_path_accession_index.csv;04_registry_genome_identity_resolved.csv;12_STRICT_GenoGrammar_assembly_bridge.csv
GCA_004348805	02_registry_all_accession_candidates.csv;03_genome_path_accession_index.csv;12_STRICT_GenoGrammar_assembly_bridge.csv
GCA_004348805.1	02_registry_all_accession_candidates.csv;03_genome_path_accession_index.csv;04_registry_genome_identity_resolved.csv;12_STRICT_GenoGrammar_assembly_bridge.csv
GCA_004349685	02_registry_all_accession_candidates.csv;03_genome_path_accession_index.csv;12_STRICT_GenoGrammar_assembly_bridge.csv
GCA_004349685.1	02_registry_all_accession_candidates.csv;03_genome_path_accession_index.csv;04_registry_genome_identity_resolved.csv;12_STRICT_GenoGrammar_assembly_bridge.csv
GCA_004354485	02_registry_all_accession_candidates.csv;03_genome_path_accession_index.csv;12_STRICT_GenoGrammar_assembly_bridge.csv
GCA_004354485.1	02_registry_all_accession_candidates.csv;03_genome_path_accession_index.csv;04_registry_genome_identity_resolved.csv;12_STRICT_GenoGrammar_assembly_bridge.csv
GCA_004354655	02_registry_all_accession_candidates.csv;03_genome_path_accession_index.csv;12_STRICT_GenoGrammar_assembly_bridge.csv
GCA_004354655.1	02_registry_all_accession_candidates.csv;03_genome_path_accession_index.csv;04_registry_genome_identity_resolved.csv;12_STRICT_GenoGrammar_assembly_bridge.csv
GCA_004355265	02_registry_all_accession_candidates.csv;03_genome_path_accession_index.csv;12_STRICT_GenoGrammar_assembly_bridge.csv
GCA_004355265.1	02_registry_all_accession_candidates.csv;03_genome_path_accession_index.csv;04_registry_genome_identity_resolved.csv;12_STRICT_GenoGrammar_assembly_bridge.csv
GCA_004368425	02_registry_all_accession_candidates.csv;03_genome_path_accession_index.csv;12_STRICT_GenoGrammar_assembly_bridge.csv
GCA_004368425.1	02_registry_all_accession_candidates.csv;03_genome_path_accession_index.csv;04_registry_genome_identity_resolved.csv;12_STRICT_GenoGrammar_assembly_bridge.csv
GCA_004683785	02_registry_all_accession_candidates.csv;03_genome_path_accession_index.csv
GCA_004683785.1	02_registry_all_accession_candidates.csv;03_genome_path_accession_index.csv;04_registry_genome_identity_resolved.csv
GCA_004683835	02_registry_all_accession_candidates.csv;03_genome_path_accession_index.csv;12_STRICT_GenoGrammar_assembly_bridge.csv
GCA_004683835.1	02_registry_all_accession_candidates.csv;03_genome_path_accession_index.csv;04_registry_genome_identity_resolved.csv;12_STRICT_GenoGrammar_assembly_bridge.csv
GCA_004730965	02_registry_all_accession_candidates.csv;03_genome_path_accession_index.csv;12_STRICT_GenoGrammar_assembly_bridge.csv
GCA_004730965.1	02_registry_all_accession_candidates.csv;03_genome_path_accession_index.csv;04_registry_genome_identity_resolved.csv;12_STRICT_GenoGrammar_assembly_bridge.csv
GCA_004771035	02_registry_all_accession_candidates.csv;03_genome_path_accession_index.csv;12_STRICT_GenoGrammar_assembly_bridge.csv
GCA_004771035.1	02_registry_all_accession_candidates.csv;03_genome_path_accession_index.csv;04_registry_genome_identity_resolved.csv;12_STRICT_GenoGrammar_assembly_bridge.csv
GCA_004795205	02_registry_all_accession_candidates.csv;03_genome_path_accession_index.csv;12_STRICT_GenoGrammar_assembly_bridge.csv
GCA_004795205.1	02_registry_all_accession_candidates.csv;03_genome_path_accession_index.csv;04_registry_genome_identity_resolved.csv;12_STRICT_GenoGrammar_assembly_bridge.csv
GCA_004799295	02_registry_all_accession_candidates.csv;03_genome_path_accession_index.csv;12_STRICT_GenoGrammar_assembly_bridge.csv
GCA_004799295.1	02_registry_all_accession_candidates.csv;03_genome_path_accession_index.csv;04_registry_genome_identity_resolved.csv;12_STRICT_GenoGrammar_assembly_bridge.csv
GCA_004802595	02_registry_all_accession_candidates.csv;03_genome_path_accession_index.csv;12_STRICT_GenoGrammar_assembly_bridge.csv
GCA_004802595.1	02_registry_all_accession_candidates.csv;03_genome_path_accession_index.csv;04_registry_genome_identity_resolved.csv;12_STRICT_GenoGrammar_assembly_bridge.csv
GCA_004803425	02_registry_all_accession_candidates.csv;03_genome_path_accession_index.csv;12_STRICT_GenoGrammar_assembly_bridge.csv
GCA_004803425.1	02_registry_all_accession_candidates.csv;03_genome_path_accession_index.csv;04_registry_genome_identity_resolved.csv;12_STRICT_GenoGrammar_assembly_bridge.csv
GCA_004919065	02_registry_all_accession_candidates.csv;03_genome_path_accession_index.csv;12_STRICT_GenoGrammar_assembly_bridge.csv
GCA_004919065.2	02_registry_all_accession_candidates.csv;03_genome_path_accession_index.csv;04_registry_genome_identity_resolved.csv;12_STRICT_GenoGrammar_assembly_bridge.csv
GCA_004936435	02_registry_all_accession_candidates.csv;03_genome_path_accession_index.csv;12_STRICT_GenoGrammar_assembly_bridge.csv
GCA_004936435.1	02_registry_all_accession_candidates.csv;03_genome_path_accession_index.csv;04_registry_genome_identity_resolved.csv;12_STRICT_GenoGrammar_assembly_bridge.csv
GCA_006151905	02_registry_all_accession_candidates.csv;03_genome_path_accession_index.csv;12_STRICT_GenoGrammar_assembly_bridge.csv
GCA_006151905.1	02_registry_all_accession_candidates.csv;03_genome_path_accession_index.csv;04_registry_genome_identity_resolved.csv;12_STRICT_GenoGrammar_assembly_bridge.csv
GCA_006228265	02_registry_all_accession_candidates.csv;03_genome_path_accession_index.csv;12_STRICT_GenoGrammar_assembly_bridge.csv
GCA_006228265.1	02_registry_all_accession_candidates.csv;03_genome_path_accession_index.csv;04_registry_genome_identity_resolved.csv;12_STRICT_GenoGrammar_assembly_bridge.csv
GCA_006228305	02_registry_all_accession_candidates.csv;03_genome_path_accession_index.csv;12_STRICT_GenoGrammar_assembly_bridge.csv
GCA_006228305.1	02_registry_all_accession_candidates.csv;03_genome_path_accession_index.csv;04_registry_genome_identity_resolved.csv;12_STRICT_GenoGrammar_assembly_bridge.csv
GCA_006381935	02_registry_all_accession_candidates.csv;03_genome_path_accession_index.csv;12_STRICT_GenoGrammar_assembly_bridge.csv
GCA_006381935.1	02_registry_all_accession_candidates.csv;03_genome_path_accession_index.csv;04_registry_genome_identity_resolved.csv;12_STRICT_GenoGrammar_assembly_bridge.csv
GCA_006382065	02_registry_all_accession_candidates.csv;03_genome_path_accession_index.csv;12_STRICT_GenoGrammar_assembly_bridge.csv
GCA_006382065.1	02_registry_all_accession_candidates.csv;03_genome_path_accession_index.csv;04_registry_genome_identity_resolved.csv;12_STRICT_GenoGrammar_assembly_bridge.csv
GCA_006770505	02_registry_all_accession_candidates.csv;03_genome_path_accession_index.csv;12_STRICT_GenoGrammar_assembly_bridge.csv
GCA_006770505.1	02_registry_all_accession_candidates.csv;03_genome_path_accession_index.csv;04_registry_genome_identity_resolved.csv;12_STRICT_GenoGrammar_assembly_bridge.csv
GCA_006874665	02_registry_all_accession_candidates.csv;03_genome_path_accession_index.csv;12_STRICT_GenoGrammar_assembly_bridge.csv
GCA_006874665.1	02_registry_all_accession_candidates.csv;03_genome_path_accession_index.csv;04_registry_genome_identity_resolved.csv;12_STRICT_GenoGrammar_assembly_bridge.csv
GCA_007833595	02_registry_all_accession_candidates.csv;03_genome_path_accession_index.csv;12_STRICT_GenoGrammar_assembly_bridge.csv
GCA_007833595.1	02_registry_all_accession_candidates.csv;03_genome_path_accession_index.csv;04_registry_genome_identity_resolved.csv;12_STRICT_GenoGrammar_assembly_bridge.csv
GCA_007989125	02_registry_all_accession_candidates.csv;03_genome_path_accession_index.csv;12_STRICT_GenoGrammar_assembly_bridge.csv
GCA_007989125.1	02_registry_all_accession_candidates.csv;03_genome_path_accession_index.csv;04_registry_genome_identity_resolved.csv;12_STRICT_GenoGrammar_assembly_bridge.csv
GCA_007989185	02_registry_all_accession_candidates.csv;03_genome_path_accession_index.csv
GCA_007989185.1	02_registry_all_accession_candidates.csv;03_genome_path_accession_index.csv;04_registry_genome_identity_resolved.csv
GCA_007989685	02_registry_all_accession_candidates.csv;03_genome_path_accession_index.csv;12_STRICT_GenoGrammar_assembly_bridge.csv
GCA_007989685.1	02_registry_all_accession_candidates.csv;03_genome_path_accession_index.csv;04_registry_genome_identity_resolved.csv;12_STRICT_GenoGrammar_assembly_bridge.csv
GCA_007990855	02_registry_all_accession_candidates.csv;03_genome_path_accession_index.csv
GCA_007990855.1	02_registry_all_accession_candidates.csv;03_genome_path_accession_index.csv;04_registry_genome_identity_resolved.csv
GCA_008017355	02_registry_all_accession_candidates.csv;03_genome_path_accession_index.csv;12_STRICT_GenoGrammar_assembly_bridge.csv
GCA_008017355.1	02_registry_all_accession_candidates.csv;03_genome_path_accession_index.csv;04_registry_genome_identity_resolved.csv;12_STRICT_GenoGrammar_assembly_bridge.csv
GCA_008180075	02_registry_all_accession_candidates.csv;03_genome_path_accession_index.csv;12_STRICT_GenoGrammar_assembly_bridge.csv
GCA_008180075.1	02_registry_all_accession_candidates.csv;03_genome_path_accession_index.csv;04_registry_genome_identity_resolved.csv;12_STRICT_GenoGrammar_assembly_bridge.csv
GCA_008369945	02_registry_all_accession_candidates.csv;03_genome_path_accession_index.csv;12_STRICT_GenoGrammar_assembly_bridge.csv
GCA_008369945.1	02_registry_all_accession_candidates.csv;03_genome_path_accession_index.csv;04_registry_genome_identity_resolved.csv;12_STRICT_GenoGrammar_assembly_bridge.csv
GCA_008727835	02_registry_all_accession_candidates.csv;03_genome_path_accession_index.csv;12_STRICT_GenoGrammar_assembly_bridge.csv
GCA_008727835.1	02_registry_all_accession_candidates.csv;03_genome_path_accession_index.csv;04_registry_genome_identity_resolved.csv;12_STRICT_GenoGrammar_assembly_bridge.csv
GCA_008868445	02_registry_all_accession_candidates.csv;03_genome_path_accession_index.csv;12_STRICT_GenoGrammar_assembly_bridge.csv
GCA_008868445.1	02_registry_all_accession_candidates.csv;03_genome_path_accession_index.csv;04_registry_genome_identity_resolved.csv;12_STRICT_GenoGrammar_assembly_bridge.csv
GCA_009295755	02_registry_all_accession_candidates.csv;03_genome_path_accession_index.csv;12_STRICT_GenoGrammar_assembly_bridge.csv
GCA_009295755.1	02_registry_all_accession_candidates.csv;03_genome_path_accession_index.csv;04_registry_genome_identity_resolved.csv;12_STRICT_GenoGrammar_assembly_bridge.csv
GCA_009295775	02_registry_all_accession_candidates.csv;03_genome_path_accession_index.csv;12_STRICT_GenoGrammar_assembly_bridge.csv
GCA_009295775.1	02_registry_all_accession_candidates.csv;03_genome_path_accession_index.csv;04_registry_genome_identity_resolved.csv;12_STRICT_GenoGrammar_assembly_bridge.csv
GCA_009429065	02_registry_all_accession_candidates.csv;03_genome_path_accession_index.csv;12_STRICT_GenoGrammar_assembly_bridge.csv
GCA_009429065.1	02_registry_all_accession_candidates.csv;03_genome_path_accession_index.csv;04_registry_genome_identity_resolved.csv;12_STRICT_GenoGrammar_assembly_bridge.csv
GCA_009429085	02_registry_all_accession_candidates.csv;03_genome_path_accession_index.csv;12_STRICT_GenoGrammar_assembly_bridge.csv
GCA_009429085.1	02_registry_all_accession_candidates.csv;03_genome_path_accession_index.csv;04_registry_genome_identity_resolved.csv;12_STRICT_GenoGrammar_assembly_bridge.csv
GCA_009649105	02_registry_all_accession_candidates.csv;03_genome_path_accession_index.csv;12_STRICT_GenoGrammar_assembly_bridge.csv
GCA_009649105.1	02_registry_all_accession_candidates.csv;03_genome_path_accession_index.csv;04_registry_genome_identity_resolved.csv;12_STRICT_GenoGrammar_assembly_bridge.csv
GCA_009676625	02_registry_all_accession_candidates.csv;03_genome_path_accession_index.csv;12_STRICT_GenoGrammar_assembly_bridge.csv
GCA_009676625.1	02_registry_all_accession_candidates.csv;03_genome_path_accession_index.csv;04_registry_genome_identity_resolved.csv;12_STRICT_GenoGrammar_assembly_bridge.csv
GCA_009720585	02_registry_all_accession_candidates.csv;03_genome_path_accession_index.csv;12_STRICT_GenoGrammar_assembly_bridge.csv
GCA_009720585.1	02_registry_all_accession_candidates.csv;03_genome_path_accession_index.csv;04_registry_genome_identity_resolved.csv;12_STRICT_GenoGrammar_assembly_bridge.csv
GCA_009728915	02_registry_all_accession_candidates.csv;03_genome_path_accession_index.csv;12_STRICT_GenoGrammar_assembly_bridge.csv
GCA_009728915.1	02_registry_all_accession_candidates.csv;03_genome_path_accession_index.csv;04_registry_genome_identity_resolved.csv;12_STRICT_GenoGrammar_assembly_bridge.csv
GCA_009739485	02_registry_all_accession_candidates.csv;03_genome_path_accession_index.csv;12_STRICT_GenoGrammar_assembly_bridge.csv
GCA_009739485.1	02_registry_all_accession_candidates.csv;03_genome_path_accession_index.csv;04_registry_genome_identity_resolved.csv;12_STRICT_GenoGrammar_assembly_bridge.csv
GCA_009762745	02_registry_all_accession_candidates.csv;03_genome_path_accession_index.csv;12_STRICT_GenoGrammar_assembly_bridge.csv
GCA_009762745.1	02_registry_all_accession_candidates.csv;03_genome_path_accession_index.csv;04_registry_genome_identity_resolved.csv;12_STRICT_GenoGrammar_assembly_bridge.csv
GCA_009823605	02_registry_all_accession_candidates.csv;03_genome_path_accession_index.csv;12_STRICT_GenoGrammar_assembly_bridge.csv
GCA_009823605.1	02_registry_all_accession_candidates.csv;03_genome_path_accession_index.csv;04_registry_genome_identity_resolved.csv;12_STRICT_GenoGrammar_assembly_bridge.csv
GCA_009834405	02_registry_all_accession_candidates.csv;03_genome_path_accession_index.csv;12_STRICT_GenoGrammar_assembly_bridge.csv
GCA_009834405.1	02_registry_all_accession_candidates.csv;03_genome_path_accession_index.csv;04_registry_genome_identity_resolved.csv;12_STRICT_GenoGrammar_assembly_bridge.csv
GCA_009864015	02_registry_all_accession_candidates.csv;03_genome_path_accession_index.csv;12_STRICT_GenoGrammar_assembly_bridge.csv
GCA_009864015.1	02_registry_all_accession_candidates.csv;03_genome_path_accession_index.csv;04_registry_genome_identity_resolved.csv;12_STRICT_GenoGrammar_assembly_bridge.csv
GCA_009885055	02_registry_all_accession_candidates.csv;03_genome_path_accession_index.csv;12_STRICT_GenoGrammar_assembly_bridge.csv
GCA_009885055.1	02_registry_all_accession_candidates.csv;03_genome_path_accession_index.csv;04_registry_genome_identity_resolved.csv;12_STRICT_GenoGrammar_assembly_bridge.csv
GCA_009914805	02_registry_all_accession_candidates.csv;03_genome_path_accession_index.csv;12_STRICT_GenoGrammar_assembly_bridge.csv
GCA_009914805.1	02_registry_all_accession_candidates.csv;03_genome_path_accession_index.csv;04_registry_genome_identity_resolved.csv;12_STRICT_GenoGrammar_assembly_bridge.csv
GCA_009914845	02_registry_all_accession_candidates.csv;03_genome_path_accession_index.csv;12_STRICT_GenoGrammar_assembly_bridge.csv
GCA_009914845.1	02_registry_all_accession_candidates.csv;03_genome_path_accession_index.csv;04_registry_genome_identity_resolved.csv;12_STRICT_GenoGrammar_assembly_bridge.csv
GCA_009996805	02_registry_all_accession_candidates.csv;03_genome_path_accession_index.csv;12_STRICT_GenoGrammar_assembly_bridge.csv
GCA_009996805.1	02_registry_all_accession_candidates.csv;03_genome_path_accession_index.csv;04_registry_genome_identity_resolved.csv;12_STRICT_GenoGrammar_assembly_bridge.csv
GCA_010120595	02_registry_all_accession_candidates.csv;03_genome_path_accession_index.csv;12_STRICT_GenoGrammar_assembly_bridge.csv
GCA_010120595.1	02_registry_all_accession_candidates.csv;03_genome_path_accession_index.csv;04_registry_genome_identity_resolved.csv;12_STRICT_GenoGrammar_assembly_bridge.csv
GCA_011008535	02_registry_all_accession_candidates.csv;03_genome_path_accession_index.csv;12_STRICT_GenoGrammar_assembly_bridge.csv
GCA_011008535.1	02_registry_all_accession_candidates.csv;03_genome_path_accession_index.csv;04_registry_genome_identity_resolved.csv;12_STRICT_GenoGrammar_assembly_bridge.csv
GCA_011009755	02_registry_all_accession_candidates.csv;03_genome_path_accession_index.csv;12_STRICT_GenoGrammar_assembly_bridge.csv
GCA_011009755.1	02_registry_all_accession_candidates.csv;03_genome_path_accession_index.csv;04_registry_genome_identity_resolved.csv;12_STRICT_GenoGrammar_assembly_bridge.csv
GCA_011022295	02_registry_all_accession_candidates.csv;03_genome_path_accession_index.csv;12_STRICT_GenoGrammar_assembly_bridge.csv
GCA_011022295.1	02_registry_all_accession_candidates.csv;03_genome_path_accession_index.csv;04_registry_genome_identity_resolved.csv;12_STRICT_GenoGrammar_assembly_bridge.csv
GCA_011029205	02_registry_all_accession_candidates.csv;03_genome_path_accession_index.csv;12_STRICT_GenoGrammar_assembly_bridge.csv
GCA_011029205.1	02_registry_all_accession_candidates.csv;03_genome_path_accession_index.csv;04_registry_genome_identity_resolved.csv;12_STRICT_GenoGrammar_assembly_bridge.csv
GCA_011032745	02_registry_all_accession_candidates.csv;03_genome_path_accession_index.csv;12_STRICT_GenoGrammar_assembly_bridge.csv
GCA_011032745.1	02_registry_all_accession_candidates.csv;03_genome_path_accession_index.csv;04_registry_genome_identity_resolved.csv;12_STRICT_GenoGrammar_assembly_bridge.csv
GCA_011032765	02_registry_all_accession_candidates.csv;03_genome_path_accession_index.csv;12_STRICT_GenoGrammar_assembly_bridge.csv
GCA_011032765.1	02_registry_all_accession_candidates.csv;03_genome_path_accession_index.csv;04_registry_genome_identity_resolved.csv;12_STRICT_GenoGrammar_assembly_bridge.csv
GCA_011065435	02_registry_all_accession_candidates.csv;03_genome_path_accession_index.csv;12_STRICT_GenoGrammar_assembly_bridge.csv
GCA_011065435.1	02_registry_all_accession_candidates.csv;03_genome_path_accession_index.csv;04_registry_genome_identity_resolved.csv;12_STRICT_GenoGrammar_assembly_bridge.csv
GCA_011290755	02_registry_all_accession_candidates.csv;03_genome_path_accession_index.csv;12_STRICT_GenoGrammar_assembly_bridge.csv
GCA_011290755.1	02_registry_all_accession_candidates.csv;03_genome_path_accession_index.csv;04_registry_genome_identity_resolved.csv;12_STRICT_GenoGrammar_assembly_bridge.csv
GCA_011770105	02_registry_all_accession_candidates.csv;03_genome_path_accession_index.csv;12_STRICT_GenoGrammar_assembly_bridge.csv
GCA_011770105.1	02_registry_all_accession_candidates.csv;03_genome_path_accession_index.csv;04_registry_genome_identity_resolved.csv;12_STRICT_GenoGrammar_assembly_bridge.csv
GCA_012070635	02_registry_all_accession_candidates.csv;03_genome_path_accession_index.csv;12_STRICT_GenoGrammar_assembly_bridge.csv
GCA_012070635.1	02_registry_all_accession_candidates.csv;03_genome_path_accession_index.csv;04_registry_genome_identity_resolved.csv;12_STRICT_GenoGrammar_assembly_bridge.csv
GCA_012109355	02_registry_all_accession_candidates.csv;03_genome_path_accession_index.csv;12_STRICT_GenoGrammar_assembly_bridge.csv
GCA_012109355.1	02_registry_all_accession_candidates.csv;03_genome_path_accession_index.csv;04_registry_genome_identity_resolved.csv;12_STRICT_GenoGrammar_assembly_bridge.csv
GCA_012241605	02_registry_all_accession_candidates.csv;03_genome_path_accession_index.csv;12_STRICT_GenoGrammar_assembly_bridge.csv
GCA_012241605.1	02_registry_all_accession_candidates.csv;03_genome_path_accession_index.csv;04_registry_genome_identity_resolved.csv;12_STRICT_GenoGrammar_assembly_bridge.csv
GCA_012272935	02_registry_all_accession_candidates.csv;03_genome_path_accession_index.csv;12_STRICT_GenoGrammar_assembly_bridge.csv
GCA_012272935.1	02_registry_all_accession_candidates.csv;03_genome_path_accession_index.csv;04_registry_genome_identity_resolved.csv;12_STRICT_GenoGrammar_assembly_bridge.csv
GCA_012273035	02_registry_all_accession_candidates.csv;03_genome_path_accession_index.csv;12_STRICT_GenoGrammar_assembly_bridge.csv
GCA_012273035.1	02_registry_all_accession_candidates.csv;03_genome_path_accession_index.csv;04_registry_genome_identity_resolved.csv;12_STRICT_GenoGrammar_assembly_bridge.csv
GCA_012689205	02_registry_all_accession_candidates.csv;03_genome_path_accession_index.csv;12_STRICT_GenoGrammar_assembly_bridge.csv
GCA_012689205.1	02_registry_all_accession_candidates.csv;03_genome_path_accession_index.csv;04_registry_genome_identity_resolved.csv;12_STRICT_GenoGrammar_assembly_bridge.csv
GCA_012931965	02_registry_all_accession_candidates.csv;03_genome_path_accession_index.csv;12_STRICT_GenoGrammar_assembly_bridge.csv
GCA_012931965.1	02_registry_all_accession_candidates.csv;03_genome_path_accession_index.csv;04_registry_genome_identity_resolved.csv;12_STRICT_GenoGrammar_assembly_bridge.csv
GCA_013167115	02_registry_all_accession_candidates.csv;03_genome_path_accession_index.csv;12_STRICT_GenoGrammar_assembly_bridge.csv
GCA_013167115.1	02_registry_all_accession_candidates.csv;03_genome_path_accession_index.csv;04_registry_genome_identity_resolved.csv;12_STRICT_GenoGrammar_assembly_bridge.csv
GCA_013204895	02_registry_all_accession_candidates.csv;03_genome_path_accession_index.csv;12_STRICT_GenoGrammar_assembly_bridge.csv
GCA_013204895.1	02_registry_all_accession_candidates.csv;03_genome_path_accession_index.csv;04_registry_genome_identity_resolved.csv;12_STRICT_GenoGrammar_assembly_bridge.csv
GCA_013256965	02_registry_all_accession_candidates.csv;03_genome_path_accession_index.csv;12_STRICT_GenoGrammar_assembly_bridge.csv
GCA_013256965.1	02_registry_all_accession_candidates.csv;03_genome_path_accession_index.csv;04_registry_genome_identity_resolved.csv;12_STRICT_GenoGrammar_assembly_bridge.csv
GCA_013305265	02_registry_all_accession_candidates.csv;03_genome_path_accession_index.csv;12_STRICT_GenoGrammar_assembly_bridge.csv
GCA_013305265.1	02_registry_all_accession_candidates.csv;03_genome_path_accession_index.csv;04_registry_genome_identity_resolved.csv;12_STRICT_GenoGrammar_assembly_bridge.csv
GCA_013342125	02_registry_all_accession_candidates.csv;03_genome_path_accession_index.csv;12_STRICT_GenoGrammar_assembly_bridge.csv
GCA_013342125.1	02_registry_all_accession_candidates.csv;03_genome_path_accession_index.csv;04_registry_genome_identity_resolved.csv;12_STRICT_GenoGrammar_assembly_bridge.csv
GCA_013348825	02_registry_all_accession_candidates.csv;03_genome_path_accession_index.csv;12_STRICT_GenoGrammar_assembly_bridge.csv
GCA_013348825.1	02_registry_all_accession_candidates.csv;03_genome_path_accession_index.csv;04_registry_genome_identity_resolved.csv;12_STRICT_GenoGrammar_assembly_bridge.csv
GCA_013367715	02_registry_all_accession_candidates.csv;03_genome_path_accession_index.csv;12_STRICT_GenoGrammar_assembly_bridge.csv
GCA_013367715.1	02_registry_all_accession_candidates.csv;03_genome_path_accession_index.csv;04_registry_genome_identity_resolved.csv;12_STRICT_GenoGrammar_assembly_bridge.csv
GCA_013394085	02_registry_all_accession_candidates.csv;03_genome_path_accession_index.csv;12_STRICT_GenoGrammar_assembly_bridge.csv
GCA_013394085.1	02_registry_all_accession_candidates.csv;03_genome_path_accession_index.csv;04_registry_genome_identity_resolved.csv;12_STRICT_GenoGrammar_assembly_bridge.csv
GCA_013394345	02_registry_all_accession_candidates.csv;03_genome_path_accession_index.csv;12_STRICT_GenoGrammar_assembly_bridge.csv
GCA_013394345.1	02_registry_all_accession_candidates.csv;03_genome_path_accession_index.csv;04_registry_genome_identity_resolved.csv;12_STRICT_GenoGrammar_assembly_bridge.csv
GCA_013395015	02_registry_all_accession_candidates.csv;03_genome_path_accession_index.csv;12_STRICT_GenoGrammar_assembly_bridge.csv
GCA_013395015.3	02_registry_all_accession_candidates.csv;03_genome_path_accession_index.csv;04_registry_genome_identity_resolved.csv;12_STRICT_GenoGrammar_assembly_bridge.csv
GCA_013425565	02_registry_all_accession_candidates.csv;03_genome_path_accession_index.csv;12_STRICT_GenoGrammar_assembly_bridge.csv
GCA_013425565.1	02_registry_all_accession_candidates.csv;03_genome_path_accession_index.csv;04_registry_genome_identity_resolved.csv;12_STRICT_GenoGrammar_assembly_bridge.csv
GCA_013425655	02_registry_all_accession_candidates.csv;03_genome_path_accession_index.csv;12_STRICT_GenoGrammar_assembly_bridge.csv
GCA_013425655.1	02_registry_all_accession_candidates.csv;03_genome_path_accession_index.csv;04_registry_genome_identity_resolved.csv;12_STRICT_GenoGrammar_assembly_bridge.csv
GCA_013425665	02_registry_all_accession_candidates.csv;03_genome_path_accession_index.csv;12_STRICT_GenoGrammar_assembly_bridge.csv
GCA_013425665.1	02_registry_all_accession_candidates.csv;03_genome_path_accession_index.csv;04_registry_genome_identity_resolved.csv;12_STRICT_GenoGrammar_assembly_bridge.csv
GCA_013425735	02_registry_all_accession_candidates.csv;03_genome_path_accession_index.csv;12_STRICT_GenoGrammar_assembly_bridge.csv
GCA_013425735.1	02_registry_all_accession_candidates.csv;03_genome_path_accession_index.csv;04_registry_genome_identity_resolved.csv;12_STRICT_GenoGrammar_assembly_bridge.csv
GCA_013458335	02_registry_all_accession_candidates.csv;03_genome_path_accession_index.csv;12_STRICT_GenoGrammar_assembly_bridge.csv
GCA_013458335.1	02_registry_all_accession_candidates.csv;03_genome_path_accession_index.csv;04_registry_genome_identity_resolved.csv;12_STRICT_GenoGrammar_assembly_bridge.csv
GCA_013867595	02_registry_all_accession_candidates.csv;03_genome_path_accession_index.csv;12_STRICT_GenoGrammar_assembly_bridge.csv
GCA_013867595.1	02_registry_all_accession_candidates.csv;03_genome_path_accession_index.csv;04_registry_genome_identity_resolved.csv;12_STRICT_GenoGrammar_assembly_bridge.csv
GCA_014084065	02_registry_all_accession_candidates.csv;03_genome_path_accession_index.csv;12_STRICT_GenoGrammar_assembly_bridge.csv
GCA_014084065.1	02_registry_all_accession_candidates.csv;03_genome_path_accession_index.csv;04_registry_genome_identity_resolved.csv;12_STRICT_GenoGrammar_assembly_bridge.csv
GCA_014131735	02_registry_all_accession_candidates.csv;03_genome_path_accession_index.csv;12_STRICT_GenoGrammar_assembly_bridge.csv
GCA_014131735.1	02_registry_all_accession_candidates.csv;03_genome_path_accession_index.csv;04_registry_genome_identity_resolved.csv;12_STRICT_GenoGrammar_assembly_bridge.csv
GCA_014212185	02_registry_all_accession_candidates.csv;03_genome_path_accession_index.csv;12_STRICT_GenoGrammar_assembly_bridge.csv
GCA_014212185.1	02_registry_all_accession_candidates.csv;03_genome_path_accession_index.csv;04_registry_genome_identity_resolved.csv;12_STRICT_GenoGrammar_assembly_bridge.csv
GCA_014334375	02_registry_all_accession_candidates.csv;03_genome_path_accession_index.csv;12_STRICT_GenoGrammar_assembly_bridge.csv
GCA_014334375.1	02_registry_all_accession_candidates.csv;03_genome_path_accession_index.csv;04_registry_genome_identity_resolved.csv;12_STRICT_GenoGrammar_assembly_bridge.csv
GCA_014488995	02_registry_all_accession_candidates.csv;03_genome_path_accession_index.csv;12_STRICT_GenoGrammar_assembly_bridge.csv
GCA_014488995.1	02_registry_all_accession_candidates.csv;03_genome_path_accession_index.csv;04_registry_genome_identity_resolved.csv;12_STRICT_GenoGrammar_assembly_bridge.csv
GCA_014524935	02_registry_all_accession_candidates.csv;03_genome_path_accession_index.csv;12_STRICT_GenoGrammar_assembly_bridge.csv
GCA_014524935.1	02_registry_all_accession_candidates.csv;03_genome_path_accession_index.csv;04_registry_genome_identity_resolved.csv;12_STRICT_GenoGrammar_assembly_bridge.csv
GCA_014639015	02_registry_all_accession_candidates.csv;03_genome_path_accession_index.csv;12_STRICT_GenoGrammar_assembly_bridge.csv
GCA_014639015.1	02_registry_all_accession_candidates.csv;03_genome_path_accession_index.csv;04_registry_genome_identity_resolved.csv;12_STRICT_GenoGrammar_assembly_bridge.csv
GCA_014840995	02_registry_all_accession_candidates.csv;03_genome_path_accession_index.csv;12_STRICT_GenoGrammar_assembly_bridge.csv
GCA_014840995.1	02_registry_all_accession_candidates.csv;03_genome_path_accession_index.csv;04_registry_genome_identity_resolved.csv;12_STRICT_GenoGrammar_assembly_bridge.csv
GCA_015238575	02_registry_all_accession_candidates.csv;03_genome_path_accession_index.csv;12_STRICT_GenoGrammar_assembly_bridge.csv
GCA_015238575.1	02_registry_all_accession_candidates.csv;03_genome_path_accession_index.csv;04_registry_genome_identity_resolved.csv;12_STRICT_GenoGrammar_assembly_bridge.csv
GCA_015693925	02_registry_all_accession_candidates.csv;03_genome_path_accession_index.csv;12_STRICT_GenoGrammar_assembly_bridge.csv
GCA_015693925.1	02_registry_all_accession_candidates.csv;03_genome_path_accession_index.csv;04_registry_genome_identity_resolved.csv;12_STRICT_GenoGrammar_assembly_bridge.csv
GCA_015714775	02_registry_all_accession_candidates.csv;03_genome_path_accession_index.csv;12_STRICT_GenoGrammar_assembly_bridge.csv
GCA_015714775.1	02_registry_all_accession_candidates.csv;03_genome_path_accession_index.csv;04_registry_genome_identity_resolved.csv;12_STRICT_GenoGrammar_assembly_bridge.csv
GCA_015714805	02_registry_all_accession_candidates.csv;03_genome_path_accession_index.csv;12_STRICT_GenoGrammar_assembly_bridge.csv
GCA_015714805.1	02_registry_all_accession_candidates.csv;03_genome_path_accession_index.csv;04_registry_genome_identity_resolved.csv;12_STRICT_GenoGrammar_assembly_bridge.csv
GCA_015714835	02_registry_all_accession_candidates.csv;03_genome_path_accession_index.csv;12_STRICT_GenoGrammar_assembly_bridge.csv
GCA_015714835.1	02_registry_all_accession_candidates.csv;03_genome_path_accession_index.csv;04_registry_genome_identity_resolved.csv;12_STRICT_GenoGrammar_assembly_bridge.csv
GCA_016029535	02_registry_all_accession_candidates.csv;03_genome_path_accession_index.csv;12_STRICT_GenoGrammar_assembly_bridge.csv
GCA_016029535.1	02_registry_all_accession_candidates.csv;03_genome_path_accession_index.csv;04_registry_genome_identity_resolved.csv;12_STRICT_GenoGrammar_assembly_bridge.csv
GCA_016307165	02_registry_all_accession_candidates.csv;03_genome_path_accession_index.csv;12_STRICT_GenoGrammar_assembly_bridge.csv
GCA_016307165.1	02_registry_all_accession_candidates.csv;03_genome_path_accession_index.csv;04_registry_genome_identity_resolved.csv;12_STRICT_GenoGrammar_assembly_bridge.csv
GCA_016598735	02_registry_all_accession_candidates.csv;03_genome_path_accession_index.csv;12_STRICT_GenoGrammar_assembly_bridge.csv
GCA_016598735.1	02_registry_all_accession_candidates.csv;03_genome_path_accession_index.csv;04_registry_genome_identity_resolved.csv;12_STRICT_GenoGrammar_assembly_bridge.csv
GCA_016634435	02_registry_all_accession_candidates.csv;03_genome_path_accession_index.csv;12_STRICT_GenoGrammar_assembly_bridge.csv
GCA_016634435.1	02_registry_all_accession_candidates.csv;03_genome_path_accession_index.csv;04_registry_genome_identity_resolved.csv;12_STRICT_GenoGrammar_assembly_bridge.csv
GCA_016648955	02_registry_all_accession_candidates.csv;03_genome_path_accession_index.csv;12_STRICT_GenoGrammar_assembly_bridge.csv
GCA_016648955.1	02_registry_all_accession_candidates.csv;03_genome_path_accession_index.csv;04_registry_genome_identity_resolved.csv;12_STRICT_GenoGrammar_assembly_bridge.csv
GCA_016757655	02_registry_all_accession_candidates.csv;03_genome_path_accession_index.csv;12_STRICT_GenoGrammar_assembly_bridge.csv
GCA_016757655.1	02_registry_all_accession_candidates.csv;03_genome_path_accession_index.csv;04_registry_genome_identity_resolved.csv;12_STRICT_GenoGrammar_assembly_bridge.csv
GCA_016775685	02_registry_all_accession_candidates.csv;03_genome_path_accession_index.csv;12_STRICT_GenoGrammar_assembly_bridge.csv
GCA_016775685.1	02_registry_all_accession_candidates.csv;03_genome_path_accession_index.csv;04_registry_genome_identity_resolved.csv;12_STRICT_GenoGrammar_assembly_bridge.csv
GCA_016887825	02_registry_all_accession_candidates.csv;03_genome_path_accession_index.csv;12_STRICT_GenoGrammar_assembly_bridge.csv
GCA_016887825.1	02_registry_all_accession_candidates.csv;03_genome_path_accession_index.csv;04_registry_genome_identity_resolved.csv;12_STRICT_GenoGrammar_assembly_bridge.csv
GCA_016918895	02_registry_all_accession_candidates.csv;03_genome_path_accession_index.csv;12_STRICT_GenoGrammar_assembly_bridge.csv
GCA_016918895.1	02_registry_all_accession_candidates.csv;03_genome_path_accession_index.csv;04_registry_genome_identity_resolved.csv;12_STRICT_GenoGrammar_assembly_bridge.csv
GCA_017009475	02_registry_all_accession_candidates.csv;03_genome_path_accession_index.csv;12_STRICT_GenoGrammar_assembly_bridge.csv
GCA_017009475.1	02_registry_all_accession_candidates.csv;03_genome_path_accession_index.csv;04_registry_genome_identity_resolved.csv;12_STRICT_GenoGrammar_assembly_bridge.csv
GCA_017009715	02_registry_all_accession_candidates.csv;03_genome_path_accession_index.csv;12_STRICT_GenoGrammar_assembly_bridge.csv
GCA_017009715.1	02_registry_all_accession_candidates.csv;03_genome_path_accession_index.csv;04_registry_genome_identity_resolved.csv;12_STRICT_GenoGrammar_assembly_bridge.csv
GCA_017132775	02_registry_all_accession_candidates.csv;03_genome_path_accession_index.csv;12_STRICT_GenoGrammar_assembly_bridge.csv
GCA_017132775.1	02_registry_all_accession_candidates.csv;03_genome_path_accession_index.csv;04_registry_genome_identity_resolved.csv;12_STRICT_GenoGrammar_assembly_bridge.csv
GCA_017301935	02_registry_all_accession_candidates.csv;03_genome_path_accession_index.csv;12_STRICT_GenoGrammar_assembly_bridge.csv
GCA_017301935.1	02_registry_all_accession_candidates.csv;03_genome_path_accession_index.csv;04_registry_genome_identity_resolved.csv;12_STRICT_GenoGrammar_assembly_bridge.csv
GCA_017498335	02_registry_all_accession_candidates.csv;03_genome_path_accession_index.csv;12_STRICT_GenoGrammar_assembly_bridge.csv
GCA_017498335.1	02_registry_all_accession_candidates.csv;03_genome_path_accession_index.csv;04_registry_genome_identity_resolved.csv;12_STRICT_GenoGrammar_assembly_bridge.csv
GCA_017573685	02_registry_all_accession_candidates.csv;03_genome_path_accession_index.csv;12_STRICT_GenoGrammar_assembly_bridge.csv
GCA_017573685.1	02_registry_all_accession_candidates.csv;03_genome_path_accession_index.csv;04_registry_genome_identity_resolved.csv;12_STRICT_GenoGrammar_assembly_bridge.csv
GCA_017742875	02_registry_all_accession_candidates.csv;03_genome_path_accession_index.csv;12_STRICT_GenoGrammar_assembly_bridge.csv
GCA_017742875.1	02_registry_all_accession_candidates.csv;03_genome_path_accession_index.csv;04_registry_genome_identity_resolved.csv;12_STRICT_GenoGrammar_assembly_bridge.csv
GCA_017743155	02_registry_all_accession_candidates.csv;03_genome_path_accession_index.csv;12_STRICT_GenoGrammar_assembly_bridge.csv
GCA_017743155.1	02_registry_all_accession_candidates.csv;03_genome_path_accession_index.csv;04_registry_genome_identity_resolved.csv;12_STRICT_GenoGrammar_assembly_bridge.csv
GCA_017743195	02_registry_all_accession_candidates.csv;03_genome_path_accession_index.csv;12_STRICT_GenoGrammar_assembly_bridge.csv
GCA_017743195.1	02_registry_all_accession_candidates.csv;03_genome_path_accession_index.csv;04_registry_genome_identity_resolved.csv;12_STRICT_GenoGrammar_assembly_bridge.csv
GCA_017795605	02_registry_all_accession_candidates.csv;03_genome_path_accession_index.csv;12_STRICT_GenoGrammar_assembly_bridge.csv
GCA_017795605.1	02_registry_all_accession_candidates.csv;03_genome_path_accession_index.csv;04_registry_genome_identity_resolved.csv;12_STRICT_GenoGrammar_assembly_bridge.csv
GCA_017798305	02_registry_all_accession_candidates.csv;03_genome_path_accession_index.csv;12_STRICT_GenoGrammar_assembly_bridge.csv
GCA_017798305.1	02_registry_all_accession_candidates.csv;03_genome_path_accession_index.csv;04_registry_genome_identity_resolved.csv;12_STRICT_GenoGrammar_assembly_bridge.csv
GCA_017815835	02_registry_all_accession_candidates.csv;03_genome_path_accession_index.csv;12_STRICT_GenoGrammar_assembly_bridge.csv
GCA_017815835.1	02_registry_all_accession_candidates.csv;03_genome_path_accession_index.csv;04_registry_genome_identity_resolved.csv;12_STRICT_GenoGrammar_assembly_bridge.csv
GCA_017894325	02_registry_all_accession_candidates.csv;03_genome_path_accession_index.csv;12_STRICT_GenoGrammar_assembly_bridge.csv
GCA_017894325.1	02_registry_all_accession_candidates.csv;03_genome_path_accession_index.csv;04_registry_genome_identity_resolved.csv;12_STRICT_GenoGrammar_assembly_bridge.csv
GCA_017963615	02_registry_all_accession_candidates.csv;03_genome_path_accession_index.csv;12_STRICT_GenoGrammar_assembly_bridge.csv
GCA_017963615.1	02_registry_all_accession_candidates.csv;03_genome_path_accession_index.csv;04_registry_genome_identity_resolved.csv;12_STRICT_GenoGrammar_assembly_bridge.csv
GCA_018064185	02_registry_all_accession_candidates.csv;03_genome_path_accession_index.csv;12_STRICT_GenoGrammar_assembly_bridge.csv
GCA_018064185.1	02_registry_all_accession_candidates.csv;03_genome_path_accession_index.csv;04_registry_genome_identity_resolved.csv;12_STRICT_GenoGrammar_assembly_bridge.csv
GCA_018140675	02_registry_all_accession_candidates.csv;03_genome_path_accession_index.csv;12_STRICT_GenoGrammar_assembly_bridge.csv
GCA_018140675.1	02_registry_all_accession_candidates.csv;03_genome_path_accession_index.csv;04_registry_genome_identity_resolved.csv;12_STRICT_GenoGrammar_assembly_bridge.csv
GCA_018141205	02_registry_all_accession_candidates.csv;03_genome_path_accession_index.csv;12_STRICT_GenoGrammar_assembly_bridge.csv
GCA_018141205.1	02_registry_all_accession_candidates.csv;03_genome_path_accession_index.csv;04_registry_genome_identity_resolved.csv;12_STRICT_GenoGrammar_assembly_bridge.csv
GCA_018228745	02_registry_all_accession_candidates.csv;03_genome_path_accession_index.csv;12_STRICT_GenoGrammar_assembly_bridge.csv
GCA_018228745.1	02_registry_all_accession_candidates.csv;03_genome_path_accession_index.csv;04_registry_genome_identity_resolved.csv;12_STRICT_GenoGrammar_assembly_bridge.csv
GCA_018351295	02_registry_all_accession_candidates.csv;03_genome_path_accession_index.csv;12_STRICT_GenoGrammar_assembly_bridge.csv
GCA_018351295.1	02_registry_all_accession_candidates.csv;03_genome_path_accession_index.csv;04_registry_genome_identity_resolved.csv;12_STRICT_GenoGrammar_assembly_bridge.csv
GCA_018408965	02_registry_all_accession_candidates.csv;03_genome_path_accession_index.csv;12_STRICT_GenoGrammar_assembly_bridge.csv
GCA_018408965.1	02_registry_all_accession_candidates.csv;03_genome_path_accession_index.csv;04_registry_genome_identity_resolved.csv;12_STRICT_GenoGrammar_assembly_bridge.csv
GCA_018408975	02_registry_all_accession_candidates.csv;03_genome_path_accession_index.csv;12_STRICT_GenoGrammar_assembly_bridge.csv
GCA_018408975.1	02_registry_all_accession_candidates.csv;03_genome_path_accession_index.csv;04_registry_genome_identity_resolved.csv;12_STRICT_GenoGrammar_assembly_bridge.csv
GCA_018408985	02_registry_all_accession_candidates.csv;03_genome_path_accession_index.csv;12_STRICT_GenoGrammar_assembly_bridge.csv
GCA_018408985.1	02_registry_all_accession_candidates.csv;03_genome_path_accession_index.csv;04_registry_genome_identity_resolved.csv;12_STRICT_GenoGrammar_assembly_bridge.csv
GCA_018409015	02_registry_all_accession_candidates.csv;03_genome_path_accession_index.csv;12_STRICT_GenoGrammar_assembly_bridge.csv
GCA_018409015.1	02_registry_all_accession_candidates.csv;03_genome_path_accession_index.csv;04_registry_genome_identity_resolved.csv;12_STRICT_GenoGrammar_assembly_bridge.csv
GCA_018409165	02_registry_all_accession_candidates.csv;03_genome_path_accession_index.csv;12_STRICT_GenoGrammar_assembly_bridge.csv
GCA_018409165.1	02_registry_all_accession_candidates.csv;03_genome_path_accession_index.csv;04_registry_genome_identity_resolved.csv;12_STRICT_GenoGrammar_assembly_bridge.csv
GCA_018409185	02_registry_all_accession_candidates.csv;03_genome_path_accession_index.csv;12_STRICT_GenoGrammar_assembly_bridge.csv
GCA_018409185.1	02_registry_all_accession_candidates.csv;03_genome_path_accession_index.csv;04_registry_genome_identity_resolved.csv;12_STRICT_GenoGrammar_assembly_bridge.csv
GCA_018798865	02_registry_all_accession_candidates.csv;03_genome_path_accession_index.csv;12_STRICT_GenoGrammar_assembly_bridge.csv
GCA_018798865.1	02_registry_all_accession_candidates.csv;03_genome_path_accession_index.csv;04_registry_genome_identity_resolved.csv;12_STRICT_GenoGrammar_assembly_bridge.csv
GCA_018884205	02_registry_all_accession_candidates.csv;03_genome_path_accession_index.csv;12_STRICT_GenoGrammar_assembly_bridge.csv
GCA_018884205.1	02_registry_all_accession_candidates.csv;03_genome_path_accession_index.csv;04_registry_genome_identity_resolved.csv;12_STRICT_GenoGrammar_assembly_bridge.csv
GCA_018966895	02_registry_all_accession_candidates.csv;03_genome_path_accession_index.csv;12_STRICT_GenoGrammar_assembly_bridge.csv
GCA_018966895.1	02_registry_all_accession_candidates.csv;03_genome_path_accession_index.csv;04_registry_genome_identity_resolved.csv;12_STRICT_GenoGrammar_assembly_bridge.csv
GCA_019061135	02_registry_all_accession_candidates.csv;03_genome_path_accession_index.csv;12_STRICT_GenoGrammar_assembly_bridge.csv
GCA_019061135.1	02_registry_all_accession_candidates.csv;03_genome_path_accession_index.csv;04_registry_genome_identity_resolved.csv;12_STRICT_GenoGrammar_assembly_bridge.csv
GCA_019192945	02_registry_all_accession_candidates.csv;03_genome_path_accession_index.csv;12_STRICT_GenoGrammar_assembly_bridge.csv
GCA_019192945.1	02_registry_all_accession_candidates.csv;03_genome_path_accession_index.csv;04_registry_genome_identity_resolved.csv;12_STRICT_GenoGrammar_assembly_bridge.csv
GCA_019390095	02_registry_all_accession_candidates.csv;03_genome_path_accession_index.csv;12_STRICT_GenoGrammar_assembly_bridge.csv
GCA_019390095.1	02_registry_all_accession_candidates.csv;03_genome_path_accession_index.csv;04_registry_genome_identity_resolved.csv;12_STRICT_GenoGrammar_assembly_bridge.csv
GCA_019660445	02_registry_all_accession_candidates.csv;03_genome_path_accession_index.csv;12_STRICT_GenoGrammar_assembly_bridge.csv
GCA_019660445.1	02_registry_all_accession_candidates.csv;03_genome_path_accession_index.csv;04_registry_genome_identity_resolved.csv;12_STRICT_GenoGrammar_assembly_bridge.csv
GCA_019879165	02_registry_all_accession_candidates.csv;03_genome_path_accession_index.csv;12_STRICT_GenoGrammar_assembly_bridge.csv
GCA_019879165.1	02_registry_all_accession_candidates.csv;03_genome_path_accession_index.csv;04_registry_genome_identity_resolved.csv;12_STRICT_GenoGrammar_assembly_bridge.csv
GCA_019890875	02_registry_all_accession_candidates.csv;03_genome_path_accession_index.csv;12_STRICT_GenoGrammar_assembly_bridge.csv
GCA_019890875.1	02_registry_all_accession_candidates.csv;03_genome_path_accession_index.csv;04_registry_genome_identity_resolved.csv;12_STRICT_GenoGrammar_assembly_bridge.csv
GCA_019972965	02_registry_all_accession_candidates.csv;03_genome_path_accession_index.csv;12_STRICT_GenoGrammar_assembly_bridge.csv
GCA_019972965.1	02_registry_all_accession_candidates.csv;03_genome_path_accession_index.csv;04_registry_genome_identity_resolved.csv;12_STRICT_GenoGrammar_assembly_bridge.csv
GCA_020008065	02_registry_all_accession_candidates.csv;03_genome_path_accession_index.csv;12_STRICT_GenoGrammar_assembly_bridge.csv
GCA_020008065.1	02_registry_all_accession_candidates.csv;03_genome_path_accession_index.csv;04_registry_genome_identity_resolved.csv;12_STRICT_GenoGrammar_assembly_bridge.csv
GCA_020072545	02_registry_all_accession_candidates.csv;03_genome_path_accession_index.csv;12_STRICT_GenoGrammar_assembly_bridge.csv
GCA_020072545.1	02_registry_all_accession_candidates.csv;03_genome_path_accession_index.csv;04_registry_genome_identity_resolved.csv;12_STRICT_GenoGrammar_assembly_bridge.csv
GCA_020131335	02_registry_all_accession_candidates.csv;03_genome_path_accession_index.csv;12_STRICT_GenoGrammar_assembly_bridge.csv
GCA_020131335.1	02_registry_all_accession_candidates.csv;03_genome_path_accession_index.csv;04_registry_genome_identity_resolved.csv;12_STRICT_GenoGrammar_assembly_bridge.csv
GCA_020404265	02_registry_all_accession_candidates.csv;03_genome_path_accession_index.csv;12_STRICT_GenoGrammar_assembly_bridge.csv
GCA_020404265.1	02_registry_all_accession_candidates.csv;03_genome_path_accession_index.csv;04_registry_genome_identity_resolved.csv;12_STRICT_GenoGrammar_assembly_bridge.csv
GCA_020404275	02_registry_all_accession_candidates.csv;03_genome_path_accession_index.csv;12_STRICT_GenoGrammar_assembly_bridge.csv
GCA_020404275.1	02_registry_all_accession_candidates.csv;03_genome_path_accession_index.csv;04_registry_genome_identity_resolved.csv;12_STRICT_GenoGrammar_assembly_bridge.csv
GCA_020741515	02_registry_all_accession_candidates.csv;03_genome_path_accession_index.csv;12_STRICT_GenoGrammar_assembly_bridge.csv
GCA_020741515.1	02_registry_all_accession_candidates.csv;03_genome_path_accession_index.csv;04_registry_genome_identity_resolved.csv;12_STRICT_GenoGrammar_assembly_bridge.csv
GCA_020741545	02_registry_all_accession_candidates.csv;03_genome_path_accession_index.csv
GCA_020741545.1	02_registry_all_accession_candidates.csv;03_genome_path_accession_index.csv;04_registry_genome_identity_resolved.csv
GCA_020785395	02_registry_all_accession_candidates.csv;03_genome_path_accession_index.csv
GCA_020785395.1	02_registry_all_accession_candidates.csv;03_genome_path_accession_index.csv;04_registry_genome_identity_resolved.csv
GCA_020892075	02_registry_all_accession_candidates.csv;03_genome_path_accession_index.csv;12_STRICT_GenoGrammar_assembly_bridge.csv
GCA_020892075.1	02_registry_all_accession_candidates.csv;03_genome_path_accession_index.csv;04_registry_genome_identity_resolved.csv;12_STRICT_GenoGrammar_assembly_bridge.csv
GCA_020978225	02_registry_all_accession_candidates.csv;03_genome_path_accession_index.csv;12_STRICT_GenoGrammar_assembly_bridge.csv
GCA_020978225.1	02_registry_all_accession_candidates.csv;03_genome_path_accession_index.csv;04_registry_genome_identity_resolved.csv;12_STRICT_GenoGrammar_assembly_bridge.csv
GCA_020978285	02_registry_all_accession_candidates.csv;03_genome_path_accession_index.csv;12_STRICT_GenoGrammar_assembly_bridge.csv
GCA_020978285.1	02_registry_all_accession_candidates.csv;03_genome_path_accession_index.csv;04_registry_genome_identity_resolved.csv;12_STRICT_GenoGrammar_assembly_bridge.csv
GCA_021134215	02_registry_all_accession_candidates.csv;03_genome_path_accession_index.csv;12_STRICT_GenoGrammar_assembly_bridge.csv
GCA_021134215.1	02_registry_all_accession_candidates.csv;03_genome_path_accession_index.csv;04_registry_genome_identity_resolved.csv;12_STRICT_GenoGrammar_assembly_bridge.csv
GCA_021184065	02_registry_all_accession_candidates.csv;03_genome_path_accession_index.csv;12_STRICT_GenoGrammar_assembly_bridge.csv
GCA_021184065.1	02_registry_all_accession_candidates.csv;03_genome_path_accession_index.csv;04_registry_genome_identity_resolved.csv;12_STRICT_GenoGrammar_assembly_bridge.csv
GCA_021199095	02_registry_all_accession_candidates.csv;03_genome_path_accession_index.csv;12_STRICT_GenoGrammar_assembly_bridge.csv
GCA_021199095.1	02_registry_all_accession_candidates.csv;03_genome_path_accession_index.csv;04_registry_genome_identity_resolved.csv;12_STRICT_GenoGrammar_assembly_bridge.csv
GCA_021228035	02_registry_all_accession_candidates.csv;03_genome_path_accession_index.csv;12_STRICT_GenoGrammar_assembly_bridge.csv
GCA_021228035.1	02_registry_all_accession_candidates.csv;03_genome_path_accession_index.csv;04_registry_genome_identity_resolved.csv;12_STRICT_GenoGrammar_assembly_bridge.csv
GCA_021292855	02_registry_all_accession_candidates.csv;03_genome_path_accession_index.csv;12_STRICT_GenoGrammar_assembly_bridge.csv
GCA_021292855.1	02_registry_all_accession_candidates.csv;03_genome_path_accession_index.csv;04_registry_genome_identity_resolved.csv;12_STRICT_GenoGrammar_assembly_bridge.csv
GCA_021294255	02_registry_all_accession_candidates.csv;03_genome_path_accession_index.csv;12_STRICT_GenoGrammar_assembly_bridge.csv
GCA_021294255.1	02_registry_all_accession_candidates.csv;03_genome_path_accession_index.csv;04_registry_genome_identity_resolved.csv;12_STRICT_GenoGrammar_assembly_bridge.csv
GCA_021294375	02_registry_all_accession_candidates.csv;03_genome_path_accession_index.csv;12_STRICT_GenoGrammar_assembly_bridge.csv
GCA_021294375.1	02_registry_all_accession_candidates.csv;03_genome_path_accession_index.csv;04_registry_genome_identity_resolved.csv;12_STRICT_GenoGrammar_assembly_bridge.csv
GCA_021294665	02_registry_all_accession_candidates.csv;03_genome_path_accession_index.csv;12_STRICT_GenoGrammar_assembly_bridge.csv
GCA_021294665.1	02_registry_all_accession_candidates.csv;03_genome_path_accession_index.csv;04_registry_genome_identity_resolved.csv;12_STRICT_GenoGrammar_assembly_bridge.csv
GCA_021296595	02_registry_all_accession_candidates.csv;03_genome_path_accession_index.csv;12_STRICT_GenoGrammar_assembly_bridge.csv
GCA_021296595.1	02_registry_all_accession_candidates.csv;03_genome_path_accession_index.csv;04_registry_genome_identity_resolved.csv;12_STRICT_GenoGrammar_assembly_bridge.csv
GCA_021297355	02_registry_all_accession_candidates.csv;03_genome_path_accession_index.csv;12_STRICT_GenoGrammar_assembly_bridge.csv
GCA_021297355.1	02_registry_all_accession_candidates.csv;03_genome_path_accession_index.csv;04_registry_genome_identity_resolved.csv;12_STRICT_GenoGrammar_assembly_bridge.csv
GCA_021297595	02_registry_all_accession_candidates.csv;03_genome_path_accession_index.csv;12_STRICT_GenoGrammar_assembly_bridge.csv
GCA_021297595.1	02_registry_all_accession_candidates.csv;03_genome_path_accession_index.csv;04_registry_genome_identity_resolved.csv;12_STRICT_GenoGrammar_assembly_bridge.csv
GCA_021297695	02_registry_all_accession_candidates.csv;03_genome_path_accession_index.csv;12_STRICT_GenoGrammar_assembly_bridge.csv
GCA_021297695.1	02_registry_all_accession_candidates.csv;03_genome_path_accession_index.csv;04_registry_genome_identity_resolved.csv;12_STRICT_GenoGrammar_assembly_bridge.csv
GCA_021300595	02_registry_all_accession_candidates.csv;03_genome_path_accession_index.csv;12_STRICT_GenoGrammar_assembly_bridge.csv
GCA_021300595.1	02_registry_all_accession_candidates.csv;03_genome_path_accession_index.csv;04_registry_genome_identity_resolved.csv;12_STRICT_GenoGrammar_assembly_bridge.csv
GCA_021384495	02_registry_all_accession_candidates.csv;03_genome_path_accession_index.csv;12_STRICT_GenoGrammar_assembly_bridge.csv
GCA_021384495.1	02_registry_all_accession_candidates.csv;03_genome_path_accession_index.csv;04_registry_genome_identity_resolved.csv;12_STRICT_GenoGrammar_assembly_bridge.csv
GCA_021384615	02_registry_all_accession_candidates.csv;03_genome_path_accession_index.csv;12_STRICT_GenoGrammar_assembly_bridge.csv
GCA_021384615.1	02_registry_all_accession_candidates.csv;03_genome_path_accession_index.csv;04_registry_genome_identity_resolved.csv;12_STRICT_GenoGrammar_assembly_bridge.csv
GCA_021484885	02_registry_all_accession_candidates.csv;03_genome_path_accession_index.csv;12_STRICT_GenoGrammar_assembly_bridge.csv
GCA_021484885.1	02_registry_all_accession_candidates.csv;03_genome_path_accession_index.csv;04_registry_genome_identity_resolved.csv;12_STRICT_GenoGrammar_assembly_bridge.csv
GCA_021559835	02_registry_all_accession_candidates.csv;03_genome_path_accession_index.csv;12_STRICT_GenoGrammar_assembly_bridge.csv
GCA_021559835.1	02_registry_all_accession_candidates.csv;03_genome_path_accession_index.csv;04_registry_genome_identity_resolved.csv;12_STRICT_GenoGrammar_assembly_bridge.csv
GCA_021560135	02_registry_all_accession_candidates.csv;03_genome_path_accession_index.csv;12_STRICT_GenoGrammar_assembly_bridge.csv
GCA_021560135.1	02_registry_all_accession_candidates.csv;03_genome_path_accession_index.csv;04_registry_genome_identity_resolved.csv;12_STRICT_GenoGrammar_assembly_bridge.csv
GCA_021892455	02_registry_all_accession_candidates.csv;03_genome_path_accession_index.csv;12_STRICT_GenoGrammar_assembly_bridge.csv
GCA_021892455.1	02_registry_all_accession_candidates.csv;03_genome_path_accession_index.csv;04_registry_genome_identity_resolved.csv;12_STRICT_GenoGrammar_assembly_bridge.csv
GCA_021892795	02_registry_all_accession_candidates.csv;03_genome_path_accession_index.csv;12_STRICT_GenoGrammar_assembly_bridge.csv
GCA_021892795.1	02_registry_all_accession_candidates.csv;03_genome_path_accession_index.csv;04_registry_genome_identity_resolved.csv;12_STRICT_GenoGrammar_assembly_bridge.csv
GCA_021892995	02_registry_all_accession_candidates.csv;03_genome_path_accession_index.csv;12_STRICT_GenoGrammar_assembly_bridge.csv
GCA_021892995.1	02_registry_all_accession_candidates.csv;03_genome_path_accession_index.csv;04_registry_genome_identity_resolved.csv;12_STRICT_GenoGrammar_assembly_bridge.csv
GCA_021893075	02_registry_all_accession_candidates.csv;03_genome_path_accession_index.csv;12_STRICT_GenoGrammar_assembly_bridge.csv
GCA_021893075.1	02_registry_all_accession_candidates.csv;03_genome_path_accession_index.csv;04_registry_genome_identity_resolved.csv;12_STRICT_GenoGrammar_assembly_bridge.csv
GCA_021894075	02_registry_all_accession_candidates.csv;03_genome_path_accession_index.csv;12_STRICT_GenoGrammar_assembly_bridge.csv
GCA_021894075.1	02_registry_all_accession_candidates.csv;03_genome_path_accession_index.csv;04_registry_genome_identity_resolved.csv;12_STRICT_GenoGrammar_assembly_bridge.csv
GCA_021894155	02_registry_all_accession_candidates.csv;03_genome_path_accession_index.csv;12_STRICT_GenoGrammar_assembly_bridge.csv
GCA_021894155.1	02_registry_all_accession_candidates.csv;03_genome_path_accession_index.csv;04_registry_genome_identity_resolved.csv;12_STRICT_GenoGrammar_assembly_bridge.csv
GCA_021894595	02_registry_all_accession_candidates.csv;03_genome_path_accession_index.csv;12_STRICT_GenoGrammar_assembly_bridge.csv
GCA_021894595.1	02_registry_all_accession_candidates.csv;03_genome_path_accession_index.csv;04_registry_genome_identity_resolved.csv;12_STRICT_GenoGrammar_assembly_bridge.csv
GCA_021894615	02_registry_all_accession_candidates.csv;03_genome_path_accession_index.csv;12_STRICT_GenoGrammar_assembly_bridge.csv
GCA_021894615.1	02_registry_all_accession_candidates.csv;03_genome_path_accession_index.csv;04_registry_genome_identity_resolved.csv;12_STRICT_GenoGrammar_assembly_bridge.csv
GCA_022014355	02_registry_all_accession_candidates.csv;03_genome_path_accession_index.csv;12_STRICT_GenoGrammar_assembly_bridge.csv
GCA_022014355.1	02_registry_all_accession_candidates.csv;03_genome_path_accession_index.csv;04_registry_genome_identity_resolved.csv;12_STRICT_GenoGrammar_assembly_bridge.csv
GCA_022509735	02_registry_all_accession_candidates.csv;03_genome_path_accession_index.csv;12_STRICT_GenoGrammar_assembly_bridge.csv
GCA_022509735.1	02_registry_all_accession_candidates.csv;03_genome_path_accession_index.csv;04_registry_genome_identity_resolved.csv;12_STRICT_GenoGrammar_assembly_bridge.csv
GCA_022558425	02_registry_all_accession_candidates.csv;03_genome_path_accession_index.csv;12_STRICT_GenoGrammar_assembly_bridge.csv
GCA_022558425.1	02_registry_all_accession_candidates.csv;03_genome_path_accession_index.csv;04_registry_genome_identity_resolved.csv;12_STRICT_GenoGrammar_assembly_bridge.csv
GCA_022643845	02_registry_all_accession_candidates.csv;03_genome_path_accession_index.csv;12_STRICT_GenoGrammar_assembly_bridge.csv
GCA_022643845.1	02_registry_all_accession_candidates.csv;03_genome_path_accession_index.csv;04_registry_genome_identity_resolved.csv;12_STRICT_GenoGrammar_assembly_bridge.csv
GCA_022670815	02_registry_all_accession_candidates.csv;03_genome_path_accession_index.csv;12_STRICT_GenoGrammar_assembly_bridge.csv
GCA_022670815.1	02_registry_all_accession_candidates.csv;03_genome_path_accession_index.csv;04_registry_genome_identity_resolved.csv;12_STRICT_GenoGrammar_assembly_bridge.csv
GCA_022691205	02_registry_all_accession_candidates.csv;03_genome_path_accession_index.csv;12_STRICT_GenoGrammar_assembly_bridge.csv
GCA_022691205.1	02_registry_all_accession_candidates.csv;03_genome_path_accession_index.csv;04_registry_genome_identity_resolved.csv;12_STRICT_GenoGrammar_assembly_bridge.csv
GCA_022738455	02_registry_all_accession_candidates.csv;03_genome_path_accession_index.csv
GCA_022738455.1	02_registry_all_accession_candidates.csv;03_genome_path_accession_index.csv;04_registry_genome_identity_resolved.csv
GCA_022757425	02_registry_all_accession_candidates.csv;03_genome_path_accession_index.csv;12_STRICT_GenoGrammar_assembly_bridge.csv
GCA_022757425.1	02_registry_all_accession_candidates.csv;03_genome_path_accession_index.csv;04_registry_genome_identity_resolved.csv;12_STRICT_GenoGrammar_assembly_bridge.csv
GCA_022815785	02_registry_all_accession_candidates.csv;03_genome_path_accession_index.csv;12_STRICT_GenoGrammar_assembly_bridge.csv
GCA_022815785.1	02_registry_all_accession_candidates.csv;03_genome_path_accession_index.csv;04_registry_genome_identity_resolved.csv;12_STRICT_GenoGrammar_assembly_bridge.csv
GCA_022844655	02_registry_all_accession_candidates.csv;03_genome_path_accession_index.csv;12_STRICT_GenoGrammar_assembly_bridge.csv
GCA_022844655.1	02_registry_all_accession_candidates.csv;03_genome_path_accession_index.csv;04_registry_genome_identity_resolved.csv;12_STRICT_GenoGrammar_assembly_bridge.csv
GCA_023111055	02_registry_all_accession_candidates.csv;03_genome_path_accession_index.csv;12_STRICT_GenoGrammar_assembly_bridge.csv
GCA_023111055.1	02_registry_all_accession_candidates.csv;03_genome_path_accession_index.csv;04_registry_genome_identity_resolved.csv;12_STRICT_GenoGrammar_assembly_bridge.csv
GCA_023111075	02_registry_all_accession_candidates.csv;03_genome_path_accession_index.csv;12_STRICT_GenoGrammar_assembly_bridge.csv
GCA_023111075.1	02_registry_all_accession_candidates.csv;03_genome_path_accession_index.csv;04_registry_genome_identity_resolved.csv;12_STRICT_GenoGrammar_assembly_bridge.csv
GCA_023168025	02_registry_all_accession_candidates.csv;03_genome_path_accession_index.csv;12_STRICT_GenoGrammar_assembly_bridge.csv
GCA_023168025.1	02_registry_all_accession_candidates.csv;03_genome_path_accession_index.csv;04_registry_genome_identity_resolved.csv;12_STRICT_GenoGrammar_assembly_bridge.csv
GCA_023205795	02_registry_all_accession_candidates.csv;03_genome_path_accession_index.csv;12_STRICT_GenoGrammar_assembly_bridge.csv
GCA_023205795.1	02_registry_all_accession_candidates.csv;03_genome_path_accession_index.csv;04_registry_genome_identity_resolved.csv;12_STRICT_GenoGrammar_assembly_bridge.csv
GCA_023205815	02_registry_all_accession_candidates.csv;03_genome_path_accession_index.csv;12_STRICT_GenoGrammar_assembly_bridge.csv
GCA_023205815.1	02_registry_all_accession_candidates.csv;03_genome_path_accession_index.csv;04_registry_genome_identity_resolved.csv;12_STRICT_GenoGrammar_assembly_bridge.csv
GCA_023205835	02_registry_all_accession_candidates.csv;03_genome_path_accession_index.csv;12_STRICT_GenoGrammar_assembly_bridge.csv
GCA_023205835.1	02_registry_all_accession_candidates.csv;03_genome_path_accession_index.csv;04_registry_genome_identity_resolved.csv;12_STRICT_GenoGrammar_assembly_bridge.csv
GCA_023205855	02_registry_all_accession_candidates.csv;03_genome_path_accession_index.csv;12_STRICT_GenoGrammar_assembly_bridge.csv
GCA_023205855.1	02_registry_all_accession_candidates.csv;03_genome_path_accession_index.csv;04_registry_genome_identity_resolved.csv;12_STRICT_GenoGrammar_assembly_bridge.csv
GCA_023206755	02_registry_all_accession_candidates.csv;03_genome_path_accession_index.csv;12_STRICT_GenoGrammar_assembly_bridge.csv
GCA_023206755.1	02_registry_all_accession_candidates.csv;03_genome_path_accession_index.csv;04_registry_genome_identity_resolved.csv;12_STRICT_GenoGrammar_assembly_bridge.csv
GCA_023208035	02_registry_all_accession_candidates.csv;03_genome_path_accession_index.csv;12_STRICT_GenoGrammar_assembly_bridge.csv
GCA_023208035.1	02_registry_all_accession_candidates.csv;03_genome_path_accession_index.csv;04_registry_genome_identity_resolved.csv;12_STRICT_GenoGrammar_assembly_bridge.csv
GCA_023208055	02_registry_all_accession_candidates.csv;03_genome_path_accession_index.csv;12_STRICT_GenoGrammar_assembly_bridge.csv
GCA_023208055.1	02_registry_all_accession_candidates.csv;03_genome_path_accession_index.csv;04_registry_genome_identity_resolved.csv;12_STRICT_GenoGrammar_assembly_bridge.csv
GCA_023208075	02_registry_all_accession_candidates.csv;03_genome_path_accession_index.csv;12_STRICT_GenoGrammar_assembly_bridge.csv
GCA_023208075.1	02_registry_all_accession_candidates.csv;03_genome_path_accession_index.csv;04_registry_genome_identity_resolved.csv;12_STRICT_GenoGrammar_assembly_bridge.csv
GCA_023208095	02_registry_all_accession_candidates.csv;03_genome_path_accession_index.csv;12_STRICT_GenoGrammar_assembly_bridge.csv
GCA_023208095.1	02_registry_all_accession_candidates.csv;03_genome_path_accession_index.csv;04_registry_genome_identity_resolved.csv;12_STRICT_GenoGrammar_assembly_bridge.csv
GCA_023208115	02_registry_all_accession_candidates.csv;03_genome_path_accession_index.csv;12_STRICT_GenoGrammar_assembly_bridge.csv
GCA_023208115.1	02_registry_all_accession_candidates.csv;03_genome_path_accession_index.csv;04_registry_genome_identity_resolved.csv;12_STRICT_GenoGrammar_assembly_bridge.csv
GCA_023208135	02_registry_all_accession_candidates.csv;03_genome_path_accession_index.csv;12_STRICT_GenoGrammar_assembly_bridge.csv
GCA_023208135.1	02_registry_all_accession_candidates.csv;03_genome_path_accession_index.csv;04_registry_genome_identity_resolved.csv;12_STRICT_GenoGrammar_assembly_bridge.csv
GCA_023208155	02_registry_all_accession_candidates.csv;03_genome_path_accession_index.csv;12_STRICT_GenoGrammar_assembly_bridge.csv
GCA_023208155.1	02_registry_all_accession_candidates.csv;03_genome_path_accession_index.csv;04_registry_genome_identity_resolved.csv;12_STRICT_GenoGrammar_assembly_bridge.csv
GCA_023375875	02_registry_all_accession_candidates.csv;03_genome_path_accession_index.csv;12_STRICT_GenoGrammar_assembly_bridge.csv
GCA_023375875.1	02_registry_all_accession_candidates.csv;03_genome_path_accession_index.csv;04_registry_genome_identity_resolved.csv;12_STRICT_GenoGrammar_assembly_bridge.csv
GCA_023507555	02_registry_all_accession_candidates.csv;03_genome_path_accession_index.csv;12_STRICT_GenoGrammar_assembly_bridge.csv
GCA_023507555.1	02_registry_all_accession_candidates.csv;03_genome_path_accession_index.csv;04_registry_genome_identity_resolved.csv;12_STRICT_GenoGrammar_assembly_bridge.csv
GCA_023547165	02_registry_all_accession_candidates.csv;03_genome_path_accession_index.csv;12_STRICT_GenoGrammar_assembly_bridge.csv
GCA_023547165.1	02_registry_all_accession_candidates.csv;03_genome_path_accession_index.csv;04_registry_genome_identity_resolved.csv;12_STRICT_GenoGrammar_assembly_bridge.csv
GCA_023612195	02_registry_all_accession_candidates.csv;03_genome_path_accession_index.csv;12_STRICT_GenoGrammar_assembly_bridge.csv
GCA_023612195.1	02_registry_all_accession_candidates.csv;03_genome_path_accession_index.csv;04_registry_genome_identity_resolved.csv;12_STRICT_GenoGrammar_assembly_bridge.csv
GCA_023656965	02_registry_all_accession_candidates.csv;03_genome_path_accession_index.csv;12_STRICT_GenoGrammar_assembly_bridge.csv
GCA_023656965.1	02_registry_all_accession_candidates.csv;03_genome_path_accession_index.csv;04_registry_genome_identity_resolved.csv;12_STRICT_GenoGrammar_assembly_bridge.csv
GCA_023913535	02_registry_all_accession_candidates.csv;03_genome_path_accession_index.csv;12_STRICT_GenoGrammar_assembly_bridge.csv
GCA_023913535.1	02_registry_all_accession_candidates.csv;03_genome_path_accession_index.csv;04_registry_genome_identity_resolved.csv;12_STRICT_GenoGrammar_assembly_bridge.csv
GCA_024138855	02_registry_all_accession_candidates.csv;03_genome_path_accession_index.csv;12_STRICT_GenoGrammar_assembly_bridge.csv
GCA_024138855.1	02_registry_all_accession_candidates.csv;03_genome_path_accession_index.csv;04_registry_genome_identity_resolved.csv;12_STRICT_GenoGrammar_assembly_bridge.csv
GCA_024181685	02_registry_all_accession_candidates.csv;03_genome_path_accession_index.csv;12_STRICT_GenoGrammar_assembly_bridge.csv
GCA_024181685.1	02_registry_all_accession_candidates.csv;03_genome_path_accession_index.csv;04_registry_genome_identity_resolved.csv;12_STRICT_GenoGrammar_assembly_bridge.csv
GCA_024181705	02_registry_all_accession_candidates.csv;03_genome_path_accession_index.csv;12_STRICT_GenoGrammar_assembly_bridge.csv
GCA_024181705.1	02_registry_all_accession_candidates.csv;03_genome_path_accession_index.csv;04_registry_genome_identity_resolved.csv;12_STRICT_GenoGrammar_assembly_bridge.csv
GCA_024329325	02_registry_all_accession_candidates.csv;03_genome_path_accession_index.csv;12_STRICT_GenoGrammar_assembly_bridge.csv
GCA_024329325.1	02_registry_all_accession_candidates.csv;03_genome_path_accession_index.csv;04_registry_genome_identity_resolved.csv;12_STRICT_GenoGrammar_assembly_bridge.csv
GCA_024334065	02_registry_all_accession_candidates.csv;03_genome_path_accession_index.csv;12_STRICT_GenoGrammar_assembly_bridge.csv
GCA_024334065.1	02_registry_all_accession_candidates.csv;03_genome_path_accession_index.csv;04_registry_genome_identity_resolved.csv;12_STRICT_GenoGrammar_assembly_bridge.csv
GCA_024349265	02_registry_all_accession_candidates.csv;03_genome_path_accession_index.csv;12_STRICT_GenoGrammar_assembly_bridge.csv
GCA_024349265.1	02_registry_all_accession_candidates.csv;03_genome_path_accession_index.csv;04_registry_genome_identity_resolved.csv;12_STRICT_GenoGrammar_assembly_bridge.csv
GCA_024498315	02_registry_all_accession_candidates.csv;03_genome_path_accession_index.csv;12_STRICT_GenoGrammar_assembly_bridge.csv
GCA_024498315.1	02_registry_all_accession_candidates.csv;03_genome_path_accession_index.csv;04_registry_genome_identity_resolved.csv;12_STRICT_GenoGrammar_assembly_bridge.csv
GCA_024652885	02_registry_all_accession_candidates.csv;03_genome_path_accession_index.csv;12_STRICT_GenoGrammar_assembly_bridge.csv
GCA_024652885.1	02_registry_all_accession_candidates.csv;03_genome_path_accession_index.csv;04_registry_genome_identity_resolved.csv;12_STRICT_GenoGrammar_assembly_bridge.csv
GCA_024665075	02_registry_all_accession_candidates.csv;03_genome_path_accession_index.csv;12_STRICT_GenoGrammar_assembly_bridge.csv
GCA_024665075.1	02_registry_all_accession_candidates.csv;03_genome_path_accession_index.csv;04_registry_genome_identity_resolved.csv;12_STRICT_GenoGrammar_assembly_bridge.csv
GCA_024665195	02_registry_all_accession_candidates.csv;03_genome_path_accession_index.csv;12_STRICT_GenoGrammar_assembly_bridge.csv
GCA_024665195.1	02_registry_all_accession_candidates.csv;03_genome_path_accession_index.csv;04_registry_genome_identity_resolved.csv;12_STRICT_GenoGrammar_assembly_bridge.csv
GCA_024665315	02_registry_all_accession_candidates.csv;03_genome_path_accession_index.csv;12_STRICT_GenoGrammar_assembly_bridge.csv
GCA_024665315.1	02_registry_all_accession_candidates.csv;03_genome_path_accession_index.csv;04_registry_genome_identity_resolved.csv;12_STRICT_GenoGrammar_assembly_bridge.csv
GCA_024665435	02_registry_all_accession_candidates.csv;03_genome_path_accession_index.csv;12_STRICT_GenoGrammar_assembly_bridge.csv
GCA_024665435.1	02_registry_all_accession_candidates.csv;03_genome_path_accession_index.csv;04_registry_genome_identity_resolved.csv;12_STRICT_GenoGrammar_assembly_bridge.csv
GCA_024665555	02_registry_all_accession_candidates.csv;03_genome_path_accession_index.csv;12_STRICT_GenoGrammar_assembly_bridge.csv
GCA_024665555.1	02_registry_all_accession_candidates.csv;03_genome_path_accession_index.csv;04_registry_genome_identity_resolved.csv;12_STRICT_GenoGrammar_assembly_bridge.csv
GCA_024665595	02_registry_all_accession_candidates.csv;03_genome_path_accession_index.csv;12_STRICT_GenoGrammar_assembly_bridge.csv
GCA_024665595.1	02_registry_all_accession_candidates.csv;03_genome_path_accession_index.csv;04_registry_genome_identity_resolved.csv;12_STRICT_GenoGrammar_assembly_bridge.csv
GCA_024665655	02_registry_all_accession_candidates.csv;03_genome_path_accession_index.csv;12_STRICT_GenoGrammar_assembly_bridge.csv
GCA_024665655.1	02_registry_all_accession_candidates.csv;03_genome_path_accession_index.csv;04_registry_genome_identity_resolved.csv;12_STRICT_GenoGrammar_assembly_bridge.csv
GCA_024665815	02_registry_all_accession_candidates.csv;03_genome_path_accession_index.csv;12_STRICT_GenoGrammar_assembly_bridge.csv
GCA_024665815.1	02_registry_all_accession_candidates.csv;03_genome_path_accession_index.csv;04_registry_genome_identity_resolved.csv;12_STRICT_GenoGrammar_assembly_bridge.csv
GCA_024732385	02_registry_all_accession_candidates.csv;03_genome_path_accession_index.csv;12_STRICT_GenoGrammar_assembly_bridge.csv
GCA_024732385.1	02_registry_all_accession_candidates.csv;03_genome_path_accession_index.csv;04_registry_genome_identity_resolved.csv;12_STRICT_GenoGrammar_assembly_bridge.csv
GCA_024999925	02_registry_all_accession_candidates.csv;03_genome_path_accession_index.csv
GCA_024999925.1	02_registry_all_accession_candidates.csv;03_genome_path_accession_index.csv;04_registry_genome_identity_resolved.csv
GCA_025127245	02_registry_all_accession_candidates.csv;03_genome_path_accession_index.csv;12_STRICT_GenoGrammar_assembly_bridge.csv
GCA_025127245.1	02_registry_all_accession_candidates.csv;03_genome_path_accession_index.csv;04_registry_genome_identity_resolved.csv;12_STRICT_GenoGrammar_assembly_bridge.csv
GCA_025128755	02_registry_all_accession_candidates.csv;03_genome_path_accession_index.csv;12_STRICT_GenoGrammar_assembly_bridge.csv
GCA_025128755.1	02_registry_all_accession_candidates.csv;03_genome_path_accession_index.csv;04_registry_genome_identity_resolved.csv;12_STRICT_GenoGrammar_assembly_bridge.csv
GCA_025137495	02_registry_all_accession_candidates.csv;03_genome_path_accession_index.csv;12_STRICT_GenoGrammar_assembly_bridge.csv
GCA_025137495.1	02_registry_all_accession_candidates.csv;03_genome_path_accession_index.csv;04_registry_genome_identity_resolved.csv;12_STRICT_GenoGrammar_assembly_bridge.csv
GCA_025185985	02_registry_all_accession_candidates.csv;03_genome_path_accession_index.csv;12_STRICT_GenoGrammar_assembly_bridge.csv
GCA_025185985.1	02_registry_all_accession_candidates.csv;03_genome_path_accession_index.csv;04_registry_genome_identity_resolved.csv;12_STRICT_GenoGrammar_assembly_bridge.csv
GCA_025186885	02_registry_all_accession_candidates.csv;03_genome_path_accession_index.csv;12_STRICT_GenoGrammar_assembly_bridge.csv
GCA_025186885.1	02_registry_all_accession_candidates.csv;03_genome_path_accession_index.csv;04_registry_genome_identity_resolved.csv;12_STRICT_GenoGrammar_assembly_bridge.csv
GCA_025187145	02_registry_all_accession_candidates.csv;03_genome_path_accession_index.csv;12_STRICT_GenoGrammar_assembly_bridge.csv
GCA_025187145.1	02_registry_all_accession_candidates.csv;03_genome_path_accession_index.csv;04_registry_genome_identity_resolved.csv;12_STRICT_GenoGrammar_assembly_bridge.csv
GCA_025189405	02_registry_all_accession_candidates.csv;03_genome_path_accession_index.csv;12_STRICT_GenoGrammar_assembly_bridge.csv
GCA_025189405.1	02_registry_all_accession_candidates.csv;03_genome_path_accession_index.csv;04_registry_genome_identity_resolved.csv;12_STRICT_GenoGrammar_assembly_bridge.csv
GCA_025189525	02_registry_all_accession_candidates.csv;03_genome_path_accession_index.csv;12_STRICT_GenoGrammar_assembly_bridge.csv
GCA_025189525.1	02_registry_all_accession_candidates.csv;03_genome_path_accession_index.csv;04_registry_genome_identity_resolved.csv;12_STRICT_GenoGrammar_assembly_bridge.csv
GCA_025189605	02_registry_all_accession_candidates.csv;03_genome_path_accession_index.csv;12_STRICT_GenoGrammar_assembly_bridge.csv
GCA_025189605.1	02_registry_all_accession_candidates.csv;03_genome_path_accession_index.csv;04_registry_genome_identity_resolved.csv;12_STRICT_GenoGrammar_assembly_bridge.csv
GCA_025189845	02_registry_all_accession_candidates.csv;03_genome_path_accession_index.csv;12_STRICT_GenoGrammar_assembly_bridge.csv
GCA_025189845.1	02_registry_all_accession_candidates.csv;03_genome_path_accession_index.csv;04_registry_genome_identity_resolved.csv;12_STRICT_GenoGrammar_assembly_bridge.csv
GCA_025190015	02_registry_all_accession_candidates.csv;03_genome_path_accession_index.csv;12_STRICT_GenoGrammar_assembly_bridge.csv
GCA_025190015.1	02_registry_all_accession_candidates.csv;03_genome_path_accession_index.csv;04_registry_genome_identity_resolved.csv;12_STRICT_GenoGrammar_assembly_bridge.csv
GCA_025190105	02_registry_all_accession_candidates.csv;03_genome_path_accession_index.csv;12_STRICT_GenoGrammar_assembly_bridge.csv
GCA_025190105.1	02_registry_all_accession_candidates.csv;03_genome_path_accession_index.csv;04_registry_genome_identity_resolved.csv;12_STRICT_GenoGrammar_assembly_bridge.csv
GCA_025190725	02_registry_all_accession_candidates.csv;03_genome_path_accession_index.csv;12_STRICT_GenoGrammar_assembly_bridge.csv
GCA_025190725.1	02_registry_all_accession_candidates.csv;03_genome_path_accession_index.csv;04_registry_genome_identity_resolved.csv;12_STRICT_GenoGrammar_assembly_bridge.csv
GCA_025190745	02_registry_all_accession_candidates.csv;03_genome_path_accession_index.csv
GCA_025190745.1	02_registry_all_accession_candidates.csv;03_genome_path_accession_index.csv;04_registry_genome_identity_resolved.csv
GCA_025191785	02_registry_all_accession_candidates.csv;03_genome_path_accession_index.csv
GCA_025191785.1	02_registry_all_accession_candidates.csv;03_genome_path_accession_index.csv;04_registry_genome_identity_resolved.csv
GCA_025194385	02_registry_all_accession_candidates.csv;03_genome_path_accession_index.csv;12_STRICT_GenoGrammar_assembly_bridge.csv
GCA_025194385.1	02_registry_all_accession_candidates.csv;03_genome_path_accession_index.csv;04_registry_genome_identity_resolved.csv;12_STRICT_GenoGrammar_assembly_bridge.csv
GCA_025194725	02_registry_all_accession_candidates.csv;03_genome_path_accession_index.csv;12_STRICT_GenoGrammar_assembly_bridge.csv
GCA_025194725.1	02_registry_all_accession_candidates.csv;03_genome_path_accession_index.csv;04_registry_genome_identity_resolved.csv;12_STRICT_GenoGrammar_assembly_bridge.csv
GCA_025194865	02_registry_all_accession_candidates.csv;03_genome_path_accession_index.csv
GCA_025194865.1	02_registry_all_accession_candidates.csv;03_genome_path_accession_index.csv;04_registry_genome_identity_resolved.csv
GCA_025194925	02_registry_all_accession_candidates.csv;03_genome_path_accession_index.csv;12_STRICT_GenoGrammar_assembly_bridge.csv
GCA_025194925.1	02_registry_all_accession_candidates.csv;03_genome_path_accession_index.csv;04_registry_genome_identity_resolved.csv;12_STRICT_GenoGrammar_assembly_bridge.csv
GCA_025631195	02_registry_all_accession_candidates.csv;03_genome_path_accession_index.csv;12_STRICT_GenoGrammar_assembly_bridge.csv
GCA_025631195.1	02_registry_all_accession_candidates.csv;03_genome_path_accession_index.csv;04_registry_genome_identity_resolved.csv;12_STRICT_GenoGrammar_assembly_bridge.csv
GCA_025946725	02_registry_all_accession_candidates.csv;03_genome_path_accession_index.csv;12_STRICT_GenoGrammar_assembly_bridge.csv
GCA_025946725.1	02_registry_all_accession_candidates.csv;03_genome_path_accession_index.csv;04_registry_genome_identity_resolved.csv;12_STRICT_GenoGrammar_assembly_bridge.csv
GCA_025948295	02_registry_all_accession_candidates.csv;03_genome_path_accession_index.csv;12_STRICT_GenoGrammar_assembly_bridge.csv
GCA_025948295.1	02_registry_all_accession_candidates.csv;03_genome_path_accession_index.csv;04_registry_genome_identity_resolved.csv;12_STRICT_GenoGrammar_assembly_bridge.csv
GCA_026013765	02_registry_all_accession_candidates.csv;03_genome_path_accession_index.csv;12_STRICT_GenoGrammar_assembly_bridge.csv
GCA_026013765.1	02_registry_all_accession_candidates.csv;03_genome_path_accession_index.csv;04_registry_genome_identity_resolved.csv;12_STRICT_GenoGrammar_assembly_bridge.csv
GCA_026127565	02_registry_all_accession_candidates.csv;03_genome_path_accession_index.csv
GCA_026127565.1	02_registry_all_accession_candidates.csv;03_genome_path_accession_index.csv;04_registry_genome_identity_resolved.csv
GCA_026127605	02_registry_all_accession_candidates.csv;03_genome_path_accession_index.csv
GCA_026127605.1	02_registry_all_accession_candidates.csv;03_genome_path_accession_index.csv;04_registry_genome_identity_resolved.csv
GCA_026127635	02_registry_all_accession_candidates.csv;03_genome_path_accession_index.csv;12_STRICT_GenoGrammar_assembly_bridge.csv
GCA_026127635.1	02_registry_all_accession_candidates.csv;03_genome_path_accession_index.csv;04_registry_genome_identity_resolved.csv;12_STRICT_GenoGrammar_assembly_bridge.csv
GCA_026162505	02_registry_all_accession_candidates.csv;03_genome_path_accession_index.csv;12_STRICT_GenoGrammar_assembly_bridge.csv
GCA_026162505.1	02_registry_all_accession_candidates.csv;03_genome_path_accession_index.csv;04_registry_genome_identity_resolved.csv;12_STRICT_GenoGrammar_assembly_bridge.csv
GCA_026240755	02_registry_all_accession_candidates.csv;03_genome_path_accession_index.csv;12_STRICT_GenoGrammar_assembly_bridge.csv
GCA_026240755.1	02_registry_all_accession_candidates.csv;03_genome_path_accession_index.csv;04_registry_genome_identity_resolved.csv;12_STRICT_GenoGrammar_assembly_bridge.csv
GCA_026967245	02_registry_all_accession_candidates.csv;03_genome_path_accession_index.csv;12_STRICT_GenoGrammar_assembly_bridge.csv
GCA_026967245.1	02_registry_all_accession_candidates.csv;03_genome_path_accession_index.csv;04_registry_genome_identity_resolved.csv;12_STRICT_GenoGrammar_assembly_bridge.csv
GCA_027474465	02_registry_all_accession_candidates.csv;03_genome_path_accession_index.csv;12_STRICT_GenoGrammar_assembly_bridge.csv
GCA_027474465.1	02_registry_all_accession_candidates.csv;03_genome_path_accession_index.csv;04_registry_genome_identity_resolved.csv;12_STRICT_GenoGrammar_assembly_bridge.csv
GCA_027557615	02_registry_all_accession_candidates.csv;03_genome_path_accession_index.csv;12_STRICT_GenoGrammar_assembly_bridge.csv
GCA_027557615.1	02_registry_all_accession_candidates.csv;03_genome_path_accession_index.csv;04_registry_genome_identity_resolved.csv;12_STRICT_GenoGrammar_assembly_bridge.csv
GCA_027568335	02_registry_all_accession_candidates.csv;03_genome_path_accession_index.csv;12_STRICT_GenoGrammar_assembly_bridge.csv
GCA_027568335.1	02_registry_all_accession_candidates.csv;03_genome_path_accession_index.csv;04_registry_genome_identity_resolved.csv;12_STRICT_GenoGrammar_assembly_bridge.csv
GCA_027664925	02_registry_all_accession_candidates.csv;03_genome_path_accession_index.csv;12_STRICT_GenoGrammar_assembly_bridge.csv
GCA_027664925.1	02_registry_all_accession_candidates.csv;03_genome_path_accession_index.csv;04_registry_genome_identity_resolved.csv;12_STRICT_GenoGrammar_assembly_bridge.csv
GCA_027672405	02_registry_all_accession_candidates.csv;03_genome_path_accession_index.csv;12_STRICT_GenoGrammar_assembly_bridge.csv
GCA_027672405.1	02_registry_all_accession_candidates.csv;03_genome_path_accession_index.csv;04_registry_genome_identity_resolved.csv;12_STRICT_GenoGrammar_assembly_bridge.csv
GCA_027693445	02_registry_all_accession_candidates.csv;03_genome_path_accession_index.csv;12_STRICT_GenoGrammar_assembly_bridge.csv
GCA_027693445.1	02_registry_all_accession_candidates.csv;03_genome_path_accession_index.csv;04_registry_genome_identity_resolved.csv;12_STRICT_GenoGrammar_assembly_bridge.csv
GCA_027854125	02_registry_all_accession_candidates.csv;03_genome_path_accession_index.csv;12_STRICT_GenoGrammar_assembly_bridge.csv
GCA_027854125.1	02_registry_all_accession_candidates.csv;03_genome_path_accession_index.csv;04_registry_genome_identity_resolved.csv;12_STRICT_GenoGrammar_assembly_bridge.csv
GCA_027857655	02_registry_all_accession_candidates.csv;03_genome_path_accession_index.csv;12_STRICT_GenoGrammar_assembly_bridge.csv
GCA_027857655.1	02_registry_all_accession_candidates.csv;03_genome_path_accession_index.csv;04_registry_genome_identity_resolved.csv;12_STRICT_GenoGrammar_assembly_bridge.csv
GCA_028369155	02_registry_all_accession_candidates.csv;03_genome_path_accession_index.csv;12_STRICT_GenoGrammar_assembly_bridge.csv
GCA_028369155.1	02_registry_all_accession_candidates.csv;03_genome_path_accession_index.csv;04_registry_genome_identity_resolved.csv;12_STRICT_GenoGrammar_assembly_bridge.csv
GCA_028446625	02_registry_all_accession_candidates.csv;03_genome_path_accession_index.csv;12_STRICT_GenoGrammar_assembly_bridge.csv
GCA_028446625.1	02_registry_all_accession_candidates.csv;03_genome_path_accession_index.csv;04_registry_genome_identity_resolved.csv;12_STRICT_GenoGrammar_assembly_bridge.csv
GCA_028475085	02_registry_all_accession_candidates.csv;03_genome_path_accession_index.csv;12_STRICT_GenoGrammar_assembly_bridge.csv
GCA_028475085.1	02_registry_all_accession_candidates.csv;03_genome_path_accession_index.csv;04_registry_genome_identity_resolved.csv;05_manifest_PRIMARY_rescued.csv;06_manifest_STRICT_rescued.csv;12_STRICT_GenoGrammar_assembly_bridge.csv
GCA_028656165	02_registry_all_accession_candidates.csv;03_genome_path_accession_index.csv;12_STRICT_GenoGrammar_assembly_bridge.csv
GCA_028656165.1	02_registry_all_accession_candidates.csv;03_genome_path_accession_index.csv;04_registry_genome_identity_resolved.csv;12_STRICT_GenoGrammar_assembly_bridge.csv
GCA_028898865	02_registry_all_accession_candidates.csv;03_genome_path_accession_index.csv;12_STRICT_GenoGrammar_assembly_bridge.csv
GCA_028898865.1	02_registry_all_accession_candidates.csv;03_genome_path_accession_index.csv;04_registry_genome_identity_resolved.csv;12_STRICT_GenoGrammar_assembly_bridge.csv
GCA_029541965	02_registry_all_accession_candidates.csv;03_genome_path_accession_index.csv;12_STRICT_GenoGrammar_assembly_bridge.csv
GCA_029541965.1	02_registry_all_accession_candidates.csv;03_genome_path_accession_index.csv;04_registry_genome_identity_resolved.csv;12_STRICT_GenoGrammar_assembly_bridge.csv
GCA_029814785	02_registry_all_accession_candidates.csv;03_genome_path_accession_index.csv;12_STRICT_GenoGrammar_assembly_bridge.csv
GCA_029814785.1	02_registry_all_accession_candidates.csv;03_genome_path_accession_index.csv;04_registry_genome_identity_resolved.csv;12_STRICT_GenoGrammar_assembly_bridge.csv
GCA_029823225	02_registry_all_accession_candidates.csv;03_genome_path_accession_index.csv;12_STRICT_GenoGrammar_assembly_bridge.csv
GCA_029823225.1	02_registry_all_accession_candidates.csv;03_genome_path_accession_index.csv;04_registry_genome_identity_resolved.csv;12_STRICT_GenoGrammar_assembly_bridge.csv
GCA_029834415	02_registry_all_accession_candidates.csv;03_genome_path_accession_index.csv;12_STRICT_GenoGrammar_assembly_bridge.csv
GCA_029834415.1	02_registry_all_accession_candidates.csv;03_genome_path_accession_index.csv;04_registry_genome_identity_resolved.csv;12_STRICT_GenoGrammar_assembly_bridge.csv
GCA_029854235	02_registry_all_accession_candidates.csv;03_genome_path_accession_index.csv;12_STRICT_GenoGrammar_assembly_bridge.csv
GCA_029854235.1	02_registry_all_accession_candidates.csv;03_genome_path_accession_index.csv;04_registry_genome_identity_resolved.csv;12_STRICT_GenoGrammar_assembly_bridge.csv
GCA_029855065	02_registry_all_accession_candidates.csv;03_genome_path_accession_index.csv;12_STRICT_GenoGrammar_assembly_bridge.csv
GCA_029855065.1	02_registry_all_accession_candidates.csv;03_genome_path_accession_index.csv;04_registry_genome_identity_resolved.csv;12_STRICT_GenoGrammar_assembly_bridge.csv
GCA_030061895	02_registry_all_accession_candidates.csv;03_genome_path_accession_index.csv;12_STRICT_GenoGrammar_assembly_bridge.csv
GCA_030061895.1	02_registry_all_accession_candidates.csv;03_genome_path_accession_index.csv;04_registry_genome_identity_resolved.csv;12_STRICT_GenoGrammar_assembly_bridge.csv
GCA_030063125	02_registry_all_accession_candidates.csv;03_genome_path_accession_index.csv;12_STRICT_GenoGrammar_assembly_bridge.csv
GCA_030063125.1	02_registry_all_accession_candidates.csv;03_genome_path_accession_index.csv;04_registry_genome_identity_resolved.csv;12_STRICT_GenoGrammar_assembly_bridge.csv
GCA_030224725	02_registry_all_accession_candidates.csv;03_genome_path_accession_index.csv;12_STRICT_GenoGrammar_assembly_bridge.csv
GCA_030224725.1	02_registry_all_accession_candidates.csv;03_genome_path_accession_index.csv;04_registry_genome_identity_resolved.csv;12_STRICT_GenoGrammar_assembly_bridge.csv
GCA_030262475	02_registry_all_accession_candidates.csv;03_genome_path_accession_index.csv;12_STRICT_GenoGrammar_assembly_bridge.csv
GCA_030262475.1	02_registry_all_accession_candidates.csv;03_genome_path_accession_index.csv;04_registry_genome_identity_resolved.csv;12_STRICT_GenoGrammar_assembly_bridge.csv
GCA_030291755	02_registry_all_accession_candidates.csv;03_genome_path_accession_index.csv;12_STRICT_GenoGrammar_assembly_bridge.csv
GCA_030291755.1	02_registry_all_accession_candidates.csv;03_genome_path_accession_index.csv;04_registry_genome_identity_resolved.csv;12_STRICT_GenoGrammar_assembly_bridge.csv
GCA_030334805	02_registry_all_accession_candidates.csv;03_genome_path_accession_index.csv;12_STRICT_GenoGrammar_assembly_bridge.csv
GCA_030334805.1	02_registry_all_accession_candidates.csv;03_genome_path_accession_index.csv;04_registry_genome_identity_resolved.csv;12_STRICT_GenoGrammar_assembly_bridge.csv
GCA_030339395	02_registry_all_accession_candidates.csv;03_genome_path_accession_index.csv;12_STRICT_GenoGrammar_assembly_bridge.csv
GCA_030339395.1	02_registry_all_accession_candidates.csv;03_genome_path_accession_index.csv;04_registry_genome_identity_resolved.csv;12_STRICT_GenoGrammar_assembly_bridge.csv
GCA_030361185	02_registry_all_accession_candidates.csv;03_genome_path_accession_index.csv;12_STRICT_GenoGrammar_assembly_bridge.csv
GCA_030361185.1	02_registry_all_accession_candidates.csv;03_genome_path_accession_index.csv;04_registry_genome_identity_resolved.csv;12_STRICT_GenoGrammar_assembly_bridge.csv
GCA_030414125	02_registry_all_accession_candidates.csv;03_genome_path_accession_index.csv;12_STRICT_GenoGrammar_assembly_bridge.csv
GCA_030414125.1	02_registry_all_accession_candidates.csv;03_genome_path_accession_index.csv;04_registry_genome_identity_resolved.csv;12_STRICT_GenoGrammar_assembly_bridge.csv
GCA_030418275	02_registry_all_accession_candidates.csv;03_genome_path_accession_index.csv;12_STRICT_GenoGrammar_assembly_bridge.csv
GCA_030418275.1	02_registry_all_accession_candidates.csv;03_genome_path_accession_index.csv;04_registry_genome_identity_resolved.csv;12_STRICT_GenoGrammar_assembly_bridge.csv
GCA_030437975	02_registry_all_accession_candidates.csv;03_genome_path_accession_index.csv;12_STRICT_GenoGrammar_assembly_bridge.csv
GCA_030437975.1	02_registry_all_accession_candidates.csv;03_genome_path_accession_index.csv;04_registry_genome_identity_resolved.csv;12_STRICT_GenoGrammar_assembly_bridge.csv
GCA_030441965	02_registry_all_accession_candidates.csv;03_genome_path_accession_index.csv;12_STRICT_GenoGrammar_assembly_bridge.csv
GCA_030441965.1	02_registry_all_accession_candidates.csv;03_genome_path_accession_index.csv;04_registry_genome_identity_resolved.csv;12_STRICT_GenoGrammar_assembly_bridge.csv
GCA_030451345	02_registry_all_accession_candidates.csv;03_genome_path_accession_index.csv
GCA_030451345.1	02_registry_all_accession_candidates.csv;03_genome_path_accession_index.csv;04_registry_genome_identity_resolved.csv
GCA_030457435	02_registry_all_accession_candidates.csv;03_genome_path_accession_index.csv
GCA_030457435.1	02_registry_all_accession_candidates.csv;03_genome_path_accession_index.csv;04_registry_genome_identity_resolved.csv
GCA_030463605	02_registry_all_accession_candidates.csv;03_genome_path_accession_index.csv;12_STRICT_GenoGrammar_assembly_bridge.csv
GCA_030463605.1	02_registry_all_accession_candidates.csv;03_genome_path_accession_index.csv;04_registry_genome_identity_resolved.csv;12_STRICT_GenoGrammar_assembly_bridge.csv
GCA_030480425	02_registry_all_accession_candidates.csv;03_genome_path_accession_index.csv;12_STRICT_GenoGrammar_assembly_bridge.csv
GCA_030480425.1	02_registry_all_accession_candidates.csv;03_genome_path_accession_index.csv;04_registry_genome_identity_resolved.csv;12_STRICT_GenoGrammar_assembly_bridge.csv
GCA_030490305	02_registry_all_accession_candidates.csv;03_genome_path_accession_index.csv;12_STRICT_GenoGrammar_assembly_bridge.csv
GCA_030490305.1	02_registry_all_accession_candidates.csv;03_genome_path_accession_index.csv;04_registry_genome_identity_resolved.csv;12_STRICT_GenoGrammar_assembly_bridge.csv
GCA_030520065	02_registry_all_accession_candidates.csv;03_genome_path_accession_index.csv;12_STRICT_GenoGrammar_assembly_bridge.csv
GCA_030520065.1	02_registry_all_accession_candidates.csv;03_genome_path_accession_index.csv;04_registry_genome_identity_resolved.csv;12_STRICT_GenoGrammar_assembly_bridge.csv
GCA_030721705	02_registry_all_accession_candidates.csv;03_genome_path_accession_index.csv;12_STRICT_GenoGrammar_assembly_bridge.csv
GCA_030721705.1	02_registry_all_accession_candidates.csv;03_genome_path_accession_index.csv;04_registry_genome_identity_resolved.csv;12_STRICT_GenoGrammar_assembly_bridge.csv
GCA_030758995	02_registry_all_accession_candidates.csv;03_genome_path_accession_index.csv;12_STRICT_GenoGrammar_assembly_bridge.csv
GCA_030758995.1	02_registry_all_accession_candidates.csv;03_genome_path_accession_index.csv;04_registry_genome_identity_resolved.csv;12_STRICT_GenoGrammar_assembly_bridge.csv
GCA_031032805	02_registry_all_accession_candidates.csv;03_genome_path_accession_index.csv;12_STRICT_GenoGrammar_assembly_bridge.csv
GCA_031032805.1	02_registry_all_accession_candidates.csv;03_genome_path_accession_index.csv;04_registry_genome_identity_resolved.csv;12_STRICT_GenoGrammar_assembly_bridge.csv
GCA_031085385	02_registry_all_accession_candidates.csv;03_genome_path_accession_index.csv;12_STRICT_GenoGrammar_assembly_bridge.csv
GCA_031085385.1	02_registry_all_accession_candidates.csv;03_genome_path_accession_index.csv;04_registry_genome_identity_resolved.csv;12_STRICT_GenoGrammar_assembly_bridge.csv
GCA_032144055	02_registry_all_accession_candidates.csv;03_genome_path_accession_index.csv;12_STRICT_GenoGrammar_assembly_bridge.csv
GCA_032144055.1	02_registry_all_accession_candidates.csv;03_genome_path_accession_index.csv;04_registry_genome_identity_resolved.csv;12_STRICT_GenoGrammar_assembly_bridge.csv
GCA_032463485	02_registry_all_accession_candidates.csv;03_genome_path_accession_index.csv;12_STRICT_GenoGrammar_assembly_bridge.csv
GCA_032463485.1	02_registry_all_accession_candidates.csv;03_genome_path_accession_index.csv;04_registry_genome_identity_resolved.csv;12_STRICT_GenoGrammar_assembly_bridge.csv
GCA_032466055	02_registry_all_accession_candidates.csv;03_genome_path_accession_index.csv;12_STRICT_GenoGrammar_assembly_bridge.csv
GCA_032466055.1	02_registry_all_accession_candidates.csv;03_genome_path_accession_index.csv;04_registry_genome_identity_resolved.csv;12_STRICT_GenoGrammar_assembly_bridge.csv
GCA_032477535	02_registry_all_accession_candidates.csv;03_genome_path_accession_index.csv
GCA_032477535.1	02_registry_all_accession_candidates.csv;03_genome_path_accession_index.csv;04_registry_genome_identity_resolved.csv
GCA_032602185	02_registry_all_accession_candidates.csv;03_genome_path_accession_index.csv;12_STRICT_GenoGrammar_assembly_bridge.csv
GCA_032602185.1	02_registry_all_accession_candidates.csv;03_genome_path_accession_index.csv;04_registry_genome_identity_resolved.csv;12_STRICT_GenoGrammar_assembly_bridge.csv
GCA_032818175	02_registry_all_accession_candidates.csv;03_genome_path_accession_index.csv;12_STRICT_GenoGrammar_assembly_bridge.csv
GCA_032818175.1	02_registry_all_accession_candidates.csv;03_genome_path_accession_index.csv;04_registry_genome_identity_resolved.csv;12_STRICT_GenoGrammar_assembly_bridge.csv
GCA_033487235	02_registry_all_accession_candidates.csv;03_genome_path_accession_index.csv;12_STRICT_GenoGrammar_assembly_bridge.csv
GCA_033487235.1	02_registry_all_accession_candidates.csv;03_genome_path_accession_index.csv;04_registry_genome_identity_resolved.csv;12_STRICT_GenoGrammar_assembly_bridge.csv
GCA_033567675	02_registry_all_accession_candidates.csv;03_genome_path_accession_index.csv;12_STRICT_GenoGrammar_assembly_bridge.csv
GCA_033567675.1	02_registry_all_accession_candidates.csv;03_genome_path_accession_index.csv;04_registry_genome_identity_resolved.csv;12_STRICT_GenoGrammar_assembly_bridge.csv
GCA_033569435	02_registry_all_accession_candidates.csv;03_genome_path_accession_index.csv;12_STRICT_GenoGrammar_assembly_bridge.csv
GCA_033569435.1	02_registry_all_accession_candidates.csv;03_genome_path_accession_index.csv;04_registry_genome_identity_resolved.csv;12_STRICT_GenoGrammar_assembly_bridge.csv
GCA_033570435	02_registry_all_accession_candidates.csv;03_genome_path_accession_index.csv;12_STRICT_GenoGrammar_assembly_bridge.csv
GCA_033570435.1	02_registry_all_accession_candidates.csv;03_genome_path_accession_index.csv;04_registry_genome_identity_resolved.csv;12_STRICT_GenoGrammar_assembly_bridge.csv
GCA_033803995	02_registry_all_accession_candidates.csv;03_genome_path_accession_index.csv;12_STRICT_GenoGrammar_assembly_bridge.csv
GCA_033803995.1	02_registry_all_accession_candidates.csv;03_genome_path_accession_index.csv;04_registry_genome_identity_resolved.csv;12_STRICT_GenoGrammar_assembly_bridge.csv
GCA_033879915	02_registry_all_accession_candidates.csv;03_genome_path_accession_index.csv;12_STRICT_GenoGrammar_assembly_bridge.csv
GCA_033879915.1	02_registry_all_accession_candidates.csv;03_genome_path_accession_index.csv;04_registry_genome_identity_resolved.csv;12_STRICT_GenoGrammar_assembly_bridge.csv
GCA_033959405	02_registry_all_accession_candidates.csv;03_genome_path_accession_index.csv;12_STRICT_GenoGrammar_assembly_bridge.csv
GCA_033959405.1	02_registry_all_accession_candidates.csv;03_genome_path_accession_index.csv;04_registry_genome_identity_resolved.csv;12_STRICT_GenoGrammar_assembly_bridge.csv
GCA_034259105	02_registry_all_accession_candidates.csv;03_genome_path_accession_index.csv;12_STRICT_GenoGrammar_assembly_bridge.csv
GCA_034259105.1	02_registry_all_accession_candidates.csv;03_genome_path_accession_index.csv;04_registry_genome_identity_resolved.csv;12_STRICT_GenoGrammar_assembly_bridge.csv
GCA_034298135	02_registry_all_accession_candidates.csv;03_genome_path_accession_index.csv;12_STRICT_GenoGrammar_assembly_bridge.csv
GCA_034298135.1	02_registry_all_accession_candidates.csv;03_genome_path_accession_index.csv;04_registry_genome_identity_resolved.csv;12_STRICT_GenoGrammar_assembly_bridge.csv
GCA_034321885	02_registry_all_accession_candidates.csv;03_genome_path_accession_index.csv;12_STRICT_GenoGrammar_assembly_bridge.csv
GCA_034321885.1	02_registry_all_accession_candidates.csv;03_genome_path_accession_index.csv;04_registry_genome_identity_resolved.csv;12_STRICT_GenoGrammar_assembly_bridge.csv
GCA_034333585	02_registry_all_accession_candidates.csv;03_genome_path_accession_index.csv;12_STRICT_GenoGrammar_assembly_bridge.csv
GCA_034333585.1	02_registry_all_accession_candidates.csv;03_genome_path_accession_index.csv;04_registry_genome_identity_resolved.csv;12_STRICT_GenoGrammar_assembly_bridge.csv
GCA_035588615	02_registry_all_accession_candidates.csv;03_genome_path_accession_index.csv;12_STRICT_GenoGrammar_assembly_bridge.csv
GCA_035588615.1	02_registry_all_accession_candidates.csv;03_genome_path_accession_index.csv;04_registry_genome_identity_resolved.csv;12_STRICT_GenoGrammar_assembly_bridge.csv
GCA_036227545	02_registry_all_accession_candidates.csv;03_genome_path_accession_index.csv;12_STRICT_GenoGrammar_assembly_bridge.csv
GCA_036227545.1	02_registry_all_accession_candidates.csv;03_genome_path_accession_index.csv;04_registry_genome_identity_resolved.csv;12_STRICT_GenoGrammar_assembly_bridge.csv
GCA_036281335	02_registry_all_accession_candidates.csv;03_genome_path_accession_index.csv;12_STRICT_GenoGrammar_assembly_bridge.csv
GCA_036281335.1	02_registry_all_accession_candidates.csv;03_genome_path_accession_index.csv;04_registry_genome_identity_resolved.csv;12_STRICT_GenoGrammar_assembly_bridge.csv
GCA_036281515	02_registry_all_accession_candidates.csv;03_genome_path_accession_index.csv;12_STRICT_GenoGrammar_assembly_bridge.csv
GCA_036281515.1	02_registry_all_accession_candidates.csv;03_genome_path_accession_index.csv;04_registry_genome_identity_resolved.csv;12_STRICT_GenoGrammar_assembly_bridge.csv
GCA_036430845	02_registry_all_accession_candidates.csv;03_genome_path_accession_index.csv;12_STRICT_GenoGrammar_assembly_bridge.csv
GCA_036430845.1	02_registry_all_accession_candidates.csv;03_genome_path_accession_index.csv;04_registry_genome_identity_resolved.csv;12_STRICT_GenoGrammar_assembly_bridge.csv
GCA_036452655	02_registry_all_accession_candidates.csv;03_genome_path_accession_index.csv;12_STRICT_GenoGrammar_assembly_bridge.csv
GCA_036452655.1	02_registry_all_accession_candidates.csv;03_genome_path_accession_index.csv;04_registry_genome_identity_resolved.csv;12_STRICT_GenoGrammar_assembly_bridge.csv
GCA_036595825	02_registry_all_accession_candidates.csv;03_genome_path_accession_index.csv;12_STRICT_GenoGrammar_assembly_bridge.csv
GCA_036595825.1	02_registry_all_accession_candidates.csv;03_genome_path_accession_index.csv;04_registry_genome_identity_resolved.csv;12_STRICT_GenoGrammar_assembly_bridge.csv
GCA_036595865	02_registry_all_accession_candidates.csv;03_genome_path_accession_index.csv;12_STRICT_GenoGrammar_assembly_bridge.csv
GCA_036595865.1	02_registry_all_accession_candidates.csv;03_genome_path_accession_index.csv;04_registry_genome_identity_resolved.csv;12_STRICT_GenoGrammar_assembly_bridge.csv
GCA_036728855	02_registry_all_accession_candidates.csv;03_genome_path_accession_index.csv
GCA_036728855.1	02_registry_all_accession_candidates.csv;03_genome_path_accession_index.csv;04_registry_genome_identity_resolved.csv
GCA_036784755	02_registry_all_accession_candidates.csv;03_genome_path_accession_index.csv;12_STRICT_GenoGrammar_assembly_bridge.csv
GCA_036784755.1	02_registry_all_accession_candidates.csv;03_genome_path_accession_index.csv;04_registry_genome_identity_resolved.csv;12_STRICT_GenoGrammar_assembly_bridge.csv
GCA_036880975	02_registry_all_accession_candidates.csv;03_genome_path_accession_index.csv;12_STRICT_GenoGrammar_assembly_bridge.csv
GCA_036880975.1	02_registry_all_accession_candidates.csv;03_genome_path_accession_index.csv;04_registry_genome_identity_resolved.csv;12_STRICT_GenoGrammar_assembly_bridge.csv
GCA_036903235	02_registry_all_accession_candidates.csv;03_genome_path_accession_index.csv;12_STRICT_GenoGrammar_assembly_bridge.csv
GCA_036903235.1	02_registry_all_accession_candidates.csv;03_genome_path_accession_index.csv;04_registry_genome_identity_resolved.csv;12_STRICT_GenoGrammar_assembly_bridge.csv
GCA_036942465	02_registry_all_accession_candidates.csv;03_genome_path_accession_index.csv;12_STRICT_GenoGrammar_assembly_bridge.csv
GCA_036942465.1	02_registry_all_accession_candidates.csv;03_genome_path_accession_index.csv;04_registry_genome_identity_resolved.csv;12_STRICT_GenoGrammar_assembly_bridge.csv
GCA_037113575	02_registry_all_accession_candidates.csv;03_genome_path_accession_index.csv;12_STRICT_GenoGrammar_assembly_bridge.csv
GCA_037113575.1	02_registry_all_accession_candidates.csv;03_genome_path_accession_index.csv;04_registry_genome_identity_resolved.csv;12_STRICT_GenoGrammar_assembly_bridge.csv
GCA_037966675	02_registry_all_accession_candidates.csv;03_genome_path_accession_index.csv;12_STRICT_GenoGrammar_assembly_bridge.csv
GCA_037966675.1	02_registry_all_accession_candidates.csv;03_genome_path_accession_index.csv;04_registry_genome_identity_resolved.csv;12_STRICT_GenoGrammar_assembly_bridge.csv
GCA_037996565	02_registry_all_accession_candidates.csv;03_genome_path_accession_index.csv;12_STRICT_GenoGrammar_assembly_bridge.csv
GCA_037996565.1	02_registry_all_accession_candidates.csv;03_genome_path_accession_index.csv;04_registry_genome_identity_resolved.csv;12_STRICT_GenoGrammar_assembly_bridge.csv
GCA_037996585	02_registry_all_accession_candidates.csv;03_genome_path_accession_index.csv;12_STRICT_GenoGrammar_assembly_bridge.csv
GCA_037996585.1	02_registry_all_accession_candidates.csv;03_genome_path_accession_index.csv;04_registry_genome_identity_resolved.csv;12_STRICT_GenoGrammar_assembly_bridge.csv
GCA_038096155	02_registry_all_accession_candidates.csv;03_genome_path_accession_index.csv;12_STRICT_GenoGrammar_assembly_bridge.csv
GCA_038096155.1	02_registry_all_accession_candidates.csv;03_genome_path_accession_index.csv;04_registry_genome_identity_resolved.csv;12_STRICT_GenoGrammar_assembly_bridge.csv
GCA_038149605	02_registry_all_accession_candidates.csv;03_genome_path_accession_index.csv;12_STRICT_GenoGrammar_assembly_bridge.csv
GCA_038149605.1	02_registry_all_accession_candidates.csv;03_genome_path_accession_index.csv;04_registry_genome_identity_resolved.csv;12_STRICT_GenoGrammar_assembly_bridge.csv
GCA_038419715	02_registry_all_accession_candidates.csv;03_genome_path_accession_index.csv;12_STRICT_GenoGrammar_assembly_bridge.csv
GCA_038419715.1	02_registry_all_accession_candidates.csv;03_genome_path_accession_index.csv;04_registry_genome_identity_resolved.csv;12_STRICT_GenoGrammar_assembly_bridge.csv
GCA_039566335	02_registry_all_accession_candidates.csv;03_genome_path_accession_index.csv;12_STRICT_GenoGrammar_assembly_bridge.csv
GCA_039566335.1	02_registry_all_accession_candidates.csv;03_genome_path_accession_index.csv;04_registry_genome_identity_resolved.csv;12_STRICT_GenoGrammar_assembly_bridge.csv
GCA_039612675	02_registry_all_accession_candidates.csv;03_genome_path_accession_index.csv;12_STRICT_GenoGrammar_assembly_bridge.csv
GCA_039612675.1	02_registry_all_accession_candidates.csv;03_genome_path_accession_index.csv;04_registry_genome_identity_resolved.csv;12_STRICT_GenoGrammar_assembly_bridge.csv
GCA_039631215	02_registry_all_accession_candidates.csv;03_genome_path_accession_index.csv;12_STRICT_GenoGrammar_assembly_bridge.csv
GCA_039631215.1	02_registry_all_accession_candidates.csv;03_genome_path_accession_index.csv;04_registry_genome_identity_resolved.csv;12_STRICT_GenoGrammar_assembly_bridge.csv
GCA_039654845	02_registry_all_accession_candidates.csv;03_genome_path_accession_index.csv;12_STRICT_GenoGrammar_assembly_bridge.csv
GCA_039654845.1	02_registry_all_accession_candidates.csv;03_genome_path_accession_index.csv;04_registry_genome_identity_resolved.csv;12_STRICT_GenoGrammar_assembly_bridge.csv
GCA_039725565	02_registry_all_accession_candidates.csv;03_genome_path_accession_index.csv;12_STRICT_GenoGrammar_assembly_bridge.csv
GCA_039725565.1	02_registry_all_accession_candidates.csv;03_genome_path_accession_index.csv;04_registry_genome_identity_resolved.csv;12_STRICT_GenoGrammar_assembly_bridge.csv
GCA_039783625	02_registry_all_accession_candidates.csv;03_genome_path_accession_index.csv;12_STRICT_GenoGrammar_assembly_bridge.csv
GCA_039783625.1	02_registry_all_accession_candidates.csv;03_genome_path_accession_index.csv;04_registry_genome_identity_resolved.csv;12_STRICT_GenoGrammar_assembly_bridge.csv
GCA_039880475	02_registry_all_accession_candidates.csv;03_genome_path_accession_index.csv;12_STRICT_GenoGrammar_assembly_bridge.csv
GCA_039880475.1	02_registry_all_accession_candidates.csv;03_genome_path_accession_index.csv;04_registry_genome_identity_resolved.csv;12_STRICT_GenoGrammar_assembly_bridge.csv
GCA_040267755	02_registry_all_accession_candidates.csv;03_genome_path_accession_index.csv;12_STRICT_GenoGrammar_assembly_bridge.csv
GCA_040267755.1	02_registry_all_accession_candidates.csv;03_genome_path_accession_index.csv;04_registry_genome_identity_resolved.csv;12_STRICT_GenoGrammar_assembly_bridge.csv
GCA_040435965	02_registry_all_accession_candidates.csv;03_genome_path_accession_index.csv;12_STRICT_GenoGrammar_assembly_bridge.csv
GCA_040435965.1	02_registry_all_accession_candidates.csv;03_genome_path_accession_index.csv;04_registry_genome_identity_resolved.csv;12_STRICT_GenoGrammar_assembly_bridge.csv
GCA_040446565	02_registry_all_accession_candidates.csv;03_genome_path_accession_index.csv;12_STRICT_GenoGrammar_assembly_bridge.csv
GCA_040446565.1	02_registry_all_accession_candidates.csv;03_genome_path_accession_index.csv;04_registry_genome_identity_resolved.csv;12_STRICT_GenoGrammar_assembly_bridge.csv
GCA_040567705	02_registry_all_accession_candidates.csv;03_genome_path_accession_index.csv;12_STRICT_GenoGrammar_assembly_bridge.csv
GCA_040567705.1	02_registry_all_accession_candidates.csv;03_genome_path_accession_index.csv;04_registry_genome_identity_resolved.csv;12_STRICT_GenoGrammar_assembly_bridge.csv
GCA_040705195	02_registry_all_accession_candidates.csv;03_genome_path_accession_index.csv;12_STRICT_GenoGrammar_assembly_bridge.csv
GCA_040705195.1	02_registry_all_accession_candidates.csv;03_genome_path_accession_index.csv;04_registry_genome_identity_resolved.csv;12_STRICT_GenoGrammar_assembly_bridge.csv
GCA_040719475	02_registry_all_accession_candidates.csv;03_genome_path_accession_index.csv;12_STRICT_GenoGrammar_assembly_bridge.csv
GCA_040719475.1	02_registry_all_accession_candidates.csv;03_genome_path_accession_index.csv;04_registry_genome_identity_resolved.csv;12_STRICT_GenoGrammar_assembly_bridge.csv
GCA_040822565	02_registry_all_accession_candidates.csv;03_genome_path_accession_index.csv;12_STRICT_GenoGrammar_assembly_bridge.csv
GCA_040822565.1	02_registry_all_accession_candidates.csv;03_genome_path_accession_index.csv;04_registry_genome_identity_resolved.csv;12_STRICT_GenoGrammar_assembly_bridge.csv
GCA_040924945	02_registry_all_accession_candidates.csv;03_genome_path_accession_index.csv;12_STRICT_GenoGrammar_assembly_bridge.csv
GCA_040924945.1	02_registry_all_accession_candidates.csv;03_genome_path_accession_index.csv;04_registry_genome_identity_resolved.csv;12_STRICT_GenoGrammar_assembly_bridge.csv
GCA_040962025	02_registry_all_accession_candidates.csv;03_genome_path_accession_index.csv;12_STRICT_GenoGrammar_assembly_bridge.csv
GCA_040962025.1	02_registry_all_accession_candidates.csv;03_genome_path_accession_index.csv;04_registry_genome_identity_resolved.csv;12_STRICT_GenoGrammar_assembly_bridge.csv
GCA_041080595	02_registry_all_accession_candidates.csv;03_genome_path_accession_index.csv;12_STRICT_GenoGrammar_assembly_bridge.csv
GCA_041080595.1	02_registry_all_accession_candidates.csv;03_genome_path_accession_index.csv;04_registry_genome_identity_resolved.csv;12_STRICT_GenoGrammar_assembly_bridge.csv
GCA_041357755	02_registry_all_accession_candidates.csv;03_genome_path_accession_index.csv;12_STRICT_GenoGrammar_assembly_bridge.csv
GCA_041357755.1	02_registry_all_accession_candidates.csv;03_genome_path_accession_index.csv;04_registry_genome_identity_resolved.csv;12_STRICT_GenoGrammar_assembly_bridge.csv
GCA_041413225	02_registry_all_accession_candidates.csv;03_genome_path_accession_index.csv
GCA_041413225.1	02_registry_all_accession_candidates.csv;03_genome_path_accession_index.csv;04_registry_genome_identity_resolved.csv
GCA_041725645	02_registry_all_accession_candidates.csv;03_genome_path_accession_index.csv;12_STRICT_GenoGrammar_assembly_bridge.csv
GCA_041725645.1	02_registry_all_accession_candidates.csv;03_genome_path_accession_index.csv;04_registry_genome_identity_resolved.csv;12_STRICT_GenoGrammar_assembly_bridge.csv
GCA_041888795	02_registry_all_accession_candidates.csv;03_genome_path_accession_index.csv;12_STRICT_GenoGrammar_assembly_bridge.csv
GCA_041888795.1	02_registry_all_accession_candidates.csv;03_genome_path_accession_index.csv;04_registry_genome_identity_resolved.csv;12_STRICT_GenoGrammar_assembly_bridge.csv
GCA_041888805	02_registry_all_accession_candidates.csv;03_genome_path_accession_index.csv;12_STRICT_GenoGrammar_assembly_bridge.csv
GCA_041888805.1	02_registry_all_accession_candidates.csv;03_genome_path_accession_index.csv;04_registry_genome_identity_resolved.csv;12_STRICT_GenoGrammar_assembly_bridge.csv
GCA_042160085	02_registry_all_accession_candidates.csv;03_genome_path_accession_index.csv;12_STRICT_GenoGrammar_assembly_bridge.csv
GCA_042160085.1	02_registry_all_accession_candidates.csv;03_genome_path_accession_index.csv;04_registry_genome_identity_resolved.csv;12_STRICT_GenoGrammar_assembly_bridge.csv
GCA_042645985	02_registry_all_accession_candidates.csv;03_genome_path_accession_index.csv
GCA_042645985.1	02_registry_all_accession_candidates.csv;03_genome_path_accession_index.csv;04_registry_genome_identity_resolved.csv
GCA_042691645	02_registry_all_accession_candidates.csv;03_genome_path_accession_index.csv;12_STRICT_GenoGrammar_assembly_bridge.csv
GCA_042691645.1	02_registry_all_accession_candidates.csv;03_genome_path_accession_index.csv;04_registry_genome_identity_resolved.csv;12_STRICT_GenoGrammar_assembly_bridge.csv
GCA_043951895	02_registry_all_accession_candidates.csv;03_genome_path_accession_index.csv;12_STRICT_GenoGrammar_assembly_bridge.csv
GCA_043951895.1	02_registry_all_accession_candidates.csv;03_genome_path_accession_index.csv;04_registry_genome_identity_resolved.csv;12_STRICT_GenoGrammar_assembly_bridge.csv
GCA_044283575	02_registry_all_accession_candidates.csv;03_genome_path_accession_index.csv;12_STRICT_GenoGrammar_assembly_bridge.csv
GCA_044283575.1	02_registry_all_accession_candidates.csv;03_genome_path_accession_index.csv;04_registry_genome_identity_resolved.csv;12_STRICT_GenoGrammar_assembly_bridge.csv
GCA_044383485	02_registry_all_accession_candidates.csv;03_genome_path_accession_index.csv;12_STRICT_GenoGrammar_assembly_bridge.csv
GCA_044383485.1	02_registry_all_accession_candidates.csv;03_genome_path_accession_index.csv;04_registry_genome_identity_resolved.csv;12_STRICT_GenoGrammar_assembly_bridge.csv
GCA_044758965	02_registry_all_accession_candidates.csv;03_genome_path_accession_index.csv;12_STRICT_GenoGrammar_assembly_bridge.csv
GCA_044758965.1	02_registry_all_accession_candidates.csv;03_genome_path_accession_index.csv;04_registry_genome_identity_resolved.csv;12_STRICT_GenoGrammar_assembly_bridge.csv
GCA_044760245	02_registry_all_accession_candidates.csv;03_genome_path_accession_index.csv
GCA_044760245.1	02_registry_all_accession_candidates.csv;03_genome_path_accession_index.csv;04_registry_genome_identity_resolved.csv
GCA_045256955	02_registry_all_accession_candidates.csv;03_genome_path_accession_index.csv;12_STRICT_GenoGrammar_assembly_bridge.csv
GCA_045256955.1	02_registry_all_accession_candidates.csv;03_genome_path_accession_index.csv;04_registry_genome_identity_resolved.csv;12_STRICT_GenoGrammar_assembly_bridge.csv
GCA_045689685	02_registry_all_accession_candidates.csv;03_genome_path_accession_index.csv;12_STRICT_GenoGrammar_assembly_bridge.csv
GCA_045689685.1	02_registry_all_accession_candidates.csv;03_genome_path_accession_index.csv;04_registry_genome_identity_resolved.csv;12_STRICT_GenoGrammar_assembly_bridge.csv
GCA_045866315	02_registry_all_accession_candidates.csv;03_genome_path_accession_index.csv;12_STRICT_GenoGrammar_assembly_bridge.csv
GCA_045866315.1	02_registry_all_accession_candidates.csv;03_genome_path_accession_index.csv;04_registry_genome_identity_resolved.csv;12_STRICT_GenoGrammar_assembly_bridge.csv
GCA_046097075	02_registry_all_accession_candidates.csv;03_genome_path_accession_index.csv;12_STRICT_GenoGrammar_assembly_bridge.csv
GCA_046097075.1	02_registry_all_accession_candidates.csv;03_genome_path_accession_index.csv;04_registry_genome_identity_resolved.csv;12_STRICT_GenoGrammar_assembly_bridge.csv
GCA_046237615	02_registry_all_accession_candidates.csv;03_genome_path_accession_index.csv;12_STRICT_GenoGrammar_assembly_bridge.csv
GCA_046237615.1	02_registry_all_accession_candidates.csv;03_genome_path_accession_index.csv;04_registry_genome_identity_resolved.csv;12_STRICT_GenoGrammar_assembly_bridge.csv
GCA_046938175	02_registry_all_accession_candidates.csv;03_genome_path_accession_index.csv;12_STRICT_GenoGrammar_assembly_bridge.csv
GCA_046938175.1	02_registry_all_accession_candidates.csv;03_genome_path_accession_index.csv;04_registry_genome_identity_resolved.csv;12_STRICT_GenoGrammar_assembly_bridge.csv
GCA_046958455	02_registry_all_accession_candidates.csv;03_genome_path_accession_index.csv
GCA_046958455.1	02_registry_all_accession_candidates.csv;03_genome_path_accession_index.csv;04_registry_genome_identity_resolved.csv
GCA_047223445	02_registry_all_accession_candidates.csv;03_genome_path_accession_index.csv;12_STRICT_GenoGrammar_assembly_bridge.csv
GCA_047223445.1	02_registry_all_accession_candidates.csv;03_genome_path_accession_index.csv;04_registry_genome_identity_resolved.csv;12_STRICT_GenoGrammar_assembly_bridge.csv
GCA_047301025	02_registry_all_accession_candidates.csv;03_genome_path_accession_index.csv;12_STRICT_GenoGrammar_assembly_bridge.csv
GCA_047301025.1	02_registry_all_accession_candidates.csv;03_genome_path_accession_index.csv;04_registry_genome_identity_resolved.csv;12_STRICT_GenoGrammar_assembly_bridge.csv
GCA_047445175	02_registry_all_accession_candidates.csv;03_genome_path_accession_index.csv;12_STRICT_GenoGrammar_assembly_bridge.csv
GCA_047445175.1	02_registry_all_accession_candidates.csv;03_genome_path_accession_index.csv;04_registry_genome_identity_resolved.csv;12_STRICT_GenoGrammar_assembly_bridge.csv
GCA_047445195	02_registry_all_accession_candidates.csv;03_genome_path_accession_index.csv;12_STRICT_GenoGrammar_assembly_bridge.csv
GCA_047445195.1	02_registry_all_accession_candidates.csv;03_genome_path_accession_index.csv;04_registry_genome_identity_resolved.csv;12_STRICT_GenoGrammar_assembly_bridge.csv
GCA_047456375	02_registry_all_accession_candidates.csv;03_genome_path_accession_index.csv;12_STRICT_GenoGrammar_assembly_bridge.csv
GCA_047456375.1	02_registry_all_accession_candidates.csv;03_genome_path_accession_index.csv;04_registry_genome_identity_resolved.csv;12_STRICT_GenoGrammar_assembly_bridge.csv
GCA_047947225	02_registry_all_accession_candidates.csv;03_genome_path_accession_index.csv;12_STRICT_GenoGrammar_assembly_bridge.csv
GCA_047947225.1	02_registry_all_accession_candidates.csv;03_genome_path_accession_index.csv;04_registry_genome_identity_resolved.csv;12_STRICT_GenoGrammar_assembly_bridge.csv
GCA_048009075	02_registry_all_accession_candidates.csv;03_genome_path_accession_index.csv
GCA_048009075.1	02_registry_all_accession_candidates.csv;03_genome_path_accession_index.csv;04_registry_genome_identity_resolved.csv
GCA_048145425	02_registry_all_accession_candidates.csv;03_genome_path_accession_index.csv;12_STRICT_GenoGrammar_assembly_bridge.csv
GCA_048145425.1	02_registry_all_accession_candidates.csv;03_genome_path_accession_index.csv;04_registry_genome_identity_resolved.csv;12_STRICT_GenoGrammar_assembly_bridge.csv
GCA_049180515	02_registry_all_accession_candidates.csv;03_genome_path_accession_index.csv;12_STRICT_GenoGrammar_assembly_bridge.csv
GCA_049180515.1	02_registry_all_accession_candidates.csv;03_genome_path_accession_index.csv;04_registry_genome_identity_resolved.csv;12_STRICT_GenoGrammar_assembly_bridge.csv
GCA_049524615	02_registry_all_accession_candidates.csv;03_genome_path_accession_index.csv;12_STRICT_GenoGrammar_assembly_bridge.csv
GCA_049524615.1	02_registry_all_accession_candidates.csv;03_genome_path_accession_index.csv;04_registry_genome_identity_resolved.csv;12_STRICT_GenoGrammar_assembly_bridge.csv
GCA_049524655	02_registry_all_accession_candidates.csv;03_genome_path_accession_index.csv;12_STRICT_GenoGrammar_assembly_bridge.csv
GCA_049524655.1	02_registry_all_accession_candidates.csv;03_genome_path_accession_index.csv;04_registry_genome_identity_resolved.csv;12_STRICT_GenoGrammar_assembly_bridge.csv
GCA_049524795	02_registry_all_accession_candidates.csv;03_genome_path_accession_index.csv;12_STRICT_GenoGrammar_assembly_bridge.csv
GCA_049524795.1	02_registry_all_accession_candidates.csv;03_genome_path_accession_index.csv;04_registry_genome_identity_resolved.csv;12_STRICT_GenoGrammar_assembly_bridge.csv
GCA_049942745	02_registry_all_accession_candidates.csv;03_genome_path_accession_index.csv
GCA_049942745.1	02_registry_all_accession_candidates.csv;03_genome_path_accession_index.csv;04_registry_genome_identity_resolved.csv
GCA_050017215	02_registry_all_accession_candidates.csv;03_genome_path_accession_index.csv
GCA_050017215.1	02_registry_all_accession_candidates.csv;03_genome_path_accession_index.csv;04_registry_genome_identity_resolved.csv
GCA_050565525	02_registry_all_accession_candidates.csv;03_genome_path_accession_index.csv
GCA_050565525.1	02_registry_all_accession_candidates.csv;03_genome_path_accession_index.csv;04_registry_genome_identity_resolved.csv
GCA_050846705	02_registry_all_accession_candidates.csv;03_genome_path_accession_index.csv
GCA_050846705.1	02_registry_all_accession_candidates.csv;03_genome_path_accession_index.csv;04_registry_genome_identity_resolved.csv
GCA_050896535	02_registry_all_accession_candidates.csv;03_genome_path_accession_index.csv;12_STRICT_GenoGrammar_assembly_bridge.csv
GCA_050896535.1	03_genome_path_accession_index.csv
GCA_050896535.2	02_registry_all_accession_candidates.csv;03_genome_path_accession_index.csv;04_registry_genome_identity_resolved.csv;12_STRICT_GenoGrammar_assembly_bridge.csv
GCA_051048205	02_registry_all_accession_candidates.csv;03_genome_path_accession_index.csv
GCA_051048205.1	02_registry_all_accession_candidates.csv;03_genome_path_accession_index.csv;04_registry_genome_identity_resolved.csv
GCA_051123815	02_registry_all_accession_candidates.csv;03_genome_path_accession_index.csv
GCA_051123815.1	02_registry_all_accession_candidates.csv;03_genome_path_accession_index.csv;04_registry_genome_identity_resolved.csv
GCA_051153655	02_registry_all_accession_candidates.csv;03_genome_path_accession_index.csv;12_STRICT_GenoGrammar_assembly_bridge.csv
GCA_051153655.1	02_registry_all_accession_candidates.csv;03_genome_path_accession_index.csv;04_registry_genome_identity_resolved.csv;12_STRICT_GenoGrammar_assembly_bridge.csv
GCA_051217015	02_registry_all_accession_candidates.csv;03_genome_path_accession_index.csv
GCA_051217015.1	02_registry_all_accession_candidates.csv;03_genome_path_accession_index.csv;04_registry_genome_identity_resolved.csv
GCA_051388095	02_registry_all_accession_candidates.csv;03_genome_path_accession_index.csv;12_STRICT_GenoGrammar_assembly_bridge.csv
GCA_051388095.1	02_registry_all_accession_candidates.csv;03_genome_path_accession_index.csv;04_registry_genome_identity_resolved.csv;12_STRICT_GenoGrammar_assembly_bridge.csv
GCA_051388175	02_registry_all_accession_candidates.csv;03_genome_path_accession_index.csv;12_STRICT_GenoGrammar_assembly_bridge.csv
GCA_051388175.1	02_registry_all_accession_candidates.csv;03_genome_path_accession_index.csv;04_registry_genome_identity_resolved.csv;12_STRICT_GenoGrammar_assembly_bridge.csv
GCA_051388555	02_registry_all_accession_candidates.csv;03_genome_path_accession_index.csv
GCA_051388555.1	02_registry_all_accession_candidates.csv;03_genome_path_accession_index.csv;04_registry_genome_identity_resolved.csv
GCA_051388695	02_registry_all_accession_candidates.csv;03_genome_path_accession_index.csv
GCA_051388695.1	02_registry_all_accession_candidates.csv;03_genome_path_accession_index.csv;04_registry_genome_identity_resolved.csv
GCA_051388735	02_registry_all_accession_candidates.csv;03_genome_path_accession_index.csv;12_STRICT_GenoGrammar_assembly_bridge.csv
GCA_051388735.1	02_registry_all_accession_candidates.csv;03_genome_path_accession_index.csv;04_registry_genome_identity_resolved.csv;12_STRICT_GenoGrammar_assembly_bridge.csv
GCA_051388815	02_registry_all_accession_candidates.csv;03_genome_path_accession_index.csv;12_STRICT_GenoGrammar_assembly_bridge.csv
GCA_051388815.1	02_registry_all_accession_candidates.csv;03_genome_path_accession_index.csv;04_registry_genome_identity_resolved.csv;12_STRICT_GenoGrammar_assembly_bridge.csv
GCA_051388835	02_registry_all_accession_candidates.csv;03_genome_path_accession_index.csv
GCA_051388835.1	02_registry_all_accession_candidates.csv;03_genome_path_accession_index.csv;04_registry_genome_identity_resolved.csv
GCA_051391195	02_registry_all_accession_candidates.csv;03_genome_path_accession_index.csv
GCA_051391195.1	02_registry_all_accession_candidates.csv;03_genome_path_accession_index.csv;04_registry_genome_identity_resolved.csv
GCA_051488545	02_registry_all_accession_candidates.csv;03_genome_path_accession_index.csv
GCA_051488545.1	02_registry_all_accession_candidates.csv;03_genome_path_accession_index.csv;04_registry_genome_identity_resolved.csv
GCA_051550615	02_registry_all_accession_candidates.csv;03_genome_path_accession_index.csv;12_STRICT_GenoGrammar_assembly_bridge.csv
GCA_051550615.1	02_registry_all_accession_candidates.csv;03_genome_path_accession_index.csv;04_registry_genome_identity_resolved.csv;12_STRICT_GenoGrammar_assembly_bridge.csv
GCA_051557165	02_registry_all_accession_candidates.csv;03_genome_path_accession_index.csv;12_STRICT_GenoGrammar_assembly_bridge.csv
GCA_051557165.1	02_registry_all_accession_candidates.csv;03_genome_path_accession_index.csv;04_registry_genome_identity_resolved.csv;12_STRICT_GenoGrammar_assembly_bridge.csv
GCA_051712885	02_registry_all_accession_candidates.csv;03_genome_path_accession_index.csv
GCA_051712885.1	02_registry_all_accession_candidates.csv;03_genome_path_accession_index.csv;04_registry_genome_identity_resolved.csv
GCA_051949185	02_registry_all_accession_candidates.csv;03_genome_path_accession_index.csv;12_STRICT_GenoGrammar_assembly_bridge.csv
GCA_051949185.1	02_registry_all_accession_candidates.csv;03_genome_path_accession_index.csv;04_registry_genome_identity_resolved.csv;12_STRICT_GenoGrammar_assembly_bridge.csv
GCA_051990715	02_registry_all_accession_candidates.csv;03_genome_path_accession_index.csv;12_STRICT_GenoGrammar_assembly_bridge.csv
GCA_051990715.1	02_registry_all_accession_candidates.csv;03_genome_path_accession_index.csv;04_registry_genome_identity_resolved.csv;12_STRICT_GenoGrammar_assembly_bridge.csv
GCA_052064905	02_registry_all_accession_candidates.csv;03_genome_path_accession_index.csv
GCA_052064905.1	02_registry_all_accession_candidates.csv;03_genome_path_accession_index.csv;04_registry_genome_identity_resolved.csv
GCA_052064955	02_registry_all_accession_candidates.csv;03_genome_path_accession_index.csv
GCA_052064955.1	02_registry_all_accession_candidates.csv;03_genome_path_accession_index.csv;04_registry_genome_identity_resolved.csv
GCA_052109995	02_registry_all_accession_candidates.csv;03_genome_path_accession_index.csv;12_STRICT_GenoGrammar_assembly_bridge.csv
GCA_052109995.1	02_registry_all_accession_candidates.csv;03_genome_path_accession_index.csv;04_registry_genome_identity_resolved.csv;12_STRICT_GenoGrammar_assembly_bridge.csv
GCA_052284685	02_registry_all_accession_candidates.csv;03_genome_path_accession_index.csv
GCA_052284685.1	02_registry_all_accession_candidates.csv;03_genome_path_accession_index.csv;04_registry_genome_identity_resolved.csv
GCA_052747875	02_registry_all_accession_candidates.csv;03_genome_path_accession_index.csv
GCA_052747875.1	02_registry_all_accession_candidates.csv;03_genome_path_accession_index.csv;04_registry_genome_identity_resolved.csv
GCA_052907325	02_registry_all_accession_candidates.csv;03_genome_path_accession_index.csv
GCA_052907325.1	02_registry_all_accession_candidates.csv;03_genome_path_accession_index.csv;04_registry_genome_identity_resolved.csv
GCA_052907405	02_registry_all_accession_candidates.csv;03_genome_path_accession_index.csv;12_STRICT_GenoGrammar_assembly_bridge.csv
GCA_052907405.1	02_registry_all_accession_candidates.csv;03_genome_path_accession_index.csv;04_registry_genome_identity_resolved.csv;12_STRICT_GenoGrammar_assembly_bridge.csv
GCA_053471085	02_registry_all_accession_candidates.csv;03_genome_path_accession_index.csv
GCA_053471085.1	02_registry_all_accession_candidates.csv;03_genome_path_accession_index.csv;04_registry_genome_identity_resolved.csv
GCA_053471705	02_registry_all_accession_candidates.csv;03_genome_path_accession_index.csv
GCA_053471705.1	02_registry_all_accession_candidates.csv;03_genome_path_accession_index.csv;04_registry_genome_identity_resolved.csv
GCA_053642955	02_registry_all_accession_candidates.csv;03_genome_path_accession_index.csv;12_STRICT_GenoGrammar_assembly_bridge.csv
GCA_053642955.1	02_registry_all_accession_candidates.csv;03_genome_path_accession_index.csv;04_registry_genome_identity_resolved.csv;12_STRICT_GenoGrammar_assembly_bridge.csv
GCA_053748695	02_registry_all_accession_candidates.csv;03_genome_path_accession_index.csv;12_STRICT_GenoGrammar_assembly_bridge.csv
GCA_053748695.1	02_registry_all_accession_candidates.csv;03_genome_path_accession_index.csv;04_registry_genome_identity_resolved.csv;12_STRICT_GenoGrammar_assembly_bridge.csv
GCA_053749075	02_registry_all_accession_candidates.csv;03_genome_path_accession_index.csv;12_STRICT_GenoGrammar_assembly_bridge.csv
GCA_053749075.1	02_registry_all_accession_candidates.csv;03_genome_path_accession_index.csv;04_registry_genome_identity_resolved.csv;12_STRICT_GenoGrammar_assembly_bridge.csv
GCA_053901865	02_registry_all_accession_candidates.csv;03_genome_path_accession_index.csv
GCA_053901865.1	02_registry_all_accession_candidates.csv;03_genome_path_accession_index.csv;04_registry_genome_identity_resolved.csv
GCA_054106205	02_registry_all_accession_candidates.csv;03_genome_path_accession_index.csv;12_STRICT_GenoGrammar_assembly_bridge.csv
GCA_054106205.1	02_registry_all_accession_candidates.csv;03_genome_path_accession_index.csv;04_registry_genome_identity_resolved.csv;12_STRICT_GenoGrammar_assembly_bridge.csv
GCA_054131685	02_registry_all_accession_candidates.csv;03_genome_path_accession_index.csv
GCA_054131685.1	02_registry_all_accession_candidates.csv;03_genome_path_accession_index.csv;04_registry_genome_identity_resolved.csv
GCA_054189165	02_registry_all_accession_candidates.csv;12_STRICT_GenoGrammar_assembly_bridge.csv
GCA_054189165.1	02_registry_all_accession_candidates.csv;04_registry_genome_identity_resolved.csv;12_STRICT_GenoGrammar_assembly_bridge.csv
GCA_054457255	02_registry_all_accession_candidates.csv;03_genome_path_accession_index.csv;12_STRICT_GenoGrammar_assembly_bridge.csv
GCA_054457255.1	02_registry_all_accession_candidates.csv;03_genome_path_accession_index.csv;04_registry_genome_identity_resolved.csv;12_STRICT_GenoGrammar_assembly_bridge.csv
GCA_054604265	02_registry_all_accession_candidates.csv;12_STRICT_GenoGrammar_assembly_bridge.csv
GCA_054604265.1	02_registry_all_accession_candidates.csv;04_registry_genome_identity_resolved.csv;12_STRICT_GenoGrammar_assembly_bridge.csv
GCA_054720645	02_registry_all_accession_candidates.csv;03_genome_path_accession_index.csv
GCA_054720645.1	02_registry_all_accession_candidates.csv;03_genome_path_accession_index.csv;04_registry_genome_identity_resolved.csv
GCA_054729175	02_registry_all_accession_candidates.csv;03_genome_path_accession_index.csv
GCA_054729175.1	02_registry_all_accession_candidates.csv;03_genome_path_accession_index.csv;04_registry_genome_identity_resolved.csv
GCA_054852885	02_registry_all_accession_candidates.csv;03_genome_path_accession_index.csv
GCA_054852885.1	02_registry_all_accession_candidates.csv;03_genome_path_accession_index.csv;04_registry_genome_identity_resolved.csv
GCA_054879955	02_registry_all_accession_candidates.csv;03_genome_path_accession_index.csv;12_STRICT_GenoGrammar_assembly_bridge.csv
GCA_054879955.1	02_registry_all_accession_candidates.csv;03_genome_path_accession_index.csv;04_registry_genome_identity_resolved.csv;12_STRICT_GenoGrammar_assembly_bridge.csv
GCA_054901215	02_registry_all_accession_candidates.csv;03_genome_path_accession_index.csv
GCA_054901215.1	02_registry_all_accession_candidates.csv;03_genome_path_accession_index.csv;04_registry_genome_identity_resolved.csv
GCA_054962495	02_registry_all_accession_candidates.csv;03_genome_path_accession_index.csv
GCA_054962495.1	02_registry_all_accession_candidates.csv;03_genome_path_accession_index.csv;04_registry_genome_identity_resolved.csv
GCA_055383495	02_registry_all_accession_candidates.csv;03_genome_path_accession_index.csv
GCA_055383495.1	02_registry_all_accession_candidates.csv;03_genome_path_accession_index.csv;04_registry_genome_identity_resolved.csv
GCA_055386965	02_registry_all_accession_candidates.csv;03_genome_path_accession_index.csv
GCA_055386965.1	02_registry_all_accession_candidates.csv;03_genome_path_accession_index.csv;04_registry_genome_identity_resolved.csv
GCA_055484615	02_registry_all_accession_candidates.csv;03_genome_path_accession_index.csv
GCA_055484615.1	02_registry_all_accession_candidates.csv;03_genome_path_accession_index.csv;04_registry_genome_identity_resolved.csv
GCA_055809795	02_registry_all_accession_candidates.csv;03_genome_path_accession_index.csv
GCA_055809795.1	02_registry_all_accession_candidates.csv;03_genome_path_accession_index.csv;04_registry_genome_identity_resolved.csv
GCA_056172775	02_registry_all_accession_candidates.csv;03_genome_path_accession_index.csv;12_STRICT_GenoGrammar_assembly_bridge.csv
GCA_056172775.1	02_registry_all_accession_candidates.csv;03_genome_path_accession_index.csv;04_registry_genome_identity_resolved.csv;12_STRICT_GenoGrammar_assembly_bridge.csv
GCA_900078525	02_registry_all_accession_candidates.csv;03_genome_path_accession_index.csv;12_STRICT_GenoGrammar_assembly_bridge.csv
GCA_900078525.1	02_registry_all_accession_candidates.csv;03_genome_path_accession_index.csv;04_registry_genome_identity_resolved.csv;12_STRICT_GenoGrammar_assembly_bridge.csv
GCA_900080205	02_registry_all_accession_candidates.csv;03_genome_path_accession_index.csv;12_STRICT_GenoGrammar_assembly_bridge.csv
GCA_900080205.1	02_registry_all_accession_candidates.csv;03_genome_path_accession_index.csv;04_registry_genome_identity_resolved.csv;12_STRICT_GenoGrammar_assembly_bridge.csv
GCA_900088425	02_registry_all_accession_candidates.csv;03_genome_path_accession_index.csv;12_STRICT_GenoGrammar_assembly_bridge.csv
GCA_900088425.1	02_registry_all_accession_candidates.csv;03_genome_path_accession_index.csv;04_registry_genome_identity_resolved.csv;12_STRICT_GenoGrammar_assembly_bridge.csv
GCA_900094135	02_registry_all_accession_candidates.csv;03_genome_path_accession_index.csv;12_STRICT_GenoGrammar_assembly_bridge.csv
GCA_900094135.1	02_registry_all_accession_candidates.csv;03_genome_path_accession_index.csv;04_registry_genome_identity_resolved.csv;12_STRICT_GenoGrammar_assembly_bridge.csv
GCA_900104835	02_registry_all_accession_candidates.csv;03_genome_path_accession_index.csv;12_STRICT_GenoGrammar_assembly_bridge.csv
GCA_900104835.1	02_registry_all_accession_candidates.csv;03_genome_path_accession_index.csv;04_registry_genome_identity_resolved.csv;12_STRICT_GenoGrammar_assembly_bridge.csv
GCA_900163585	02_registry_all_accession_candidates.csv;03_genome_path_accession_index.csv;12_STRICT_GenoGrammar_assembly_bridge.csv
GCA_900163585.1	02_registry_all_accession_candidates.csv;03_genome_path_accession_index.csv;04_registry_genome_identity_resolved.csv;12_STRICT_GenoGrammar_assembly_bridge.csv
GCA_900205745	02_registry_all_accession_candidates.csv;03_genome_path_accession_index.csv;12_STRICT_GenoGrammar_assembly_bridge.csv
GCA_900205745.1	02_registry_all_accession_candidates.csv;03_genome_path_accession_index.csv;04_registry_genome_identity_resolved.csv;12_STRICT_GenoGrammar_assembly_bridge.csv
GCA_900452495	02_registry_all_accession_candidates.csv;03_genome_path_accession_index.csv;12_STRICT_GenoGrammar_assembly_bridge.csv
GCA_900452495.1	02_registry_all_accession_candidates.csv;03_genome_path_accession_index.csv;04_registry_genome_identity_resolved.csv;12_STRICT_GenoGrammar_assembly_bridge.csv
GCA_900519135	02_registry_all_accession_candidates.csv;03_genome_path_accession_index.csv;12_STRICT_GenoGrammar_assembly_bridge.csv
GCA_900519135.1	02_registry_all_accession_candidates.csv;03_genome_path_accession_index.csv;04_registry_genome_identity_resolved.csv;12_STRICT_GenoGrammar_assembly_bridge.csv
GCA_900695425	02_registry_all_accession_candidates.csv;03_genome_path_accession_index.csv;12_STRICT_GenoGrammar_assembly_bridge.csv
GCA_900695425.1	02_registry_all_accession_candidates.csv;03_genome_path_accession_index.csv;04_registry_genome_identity_resolved.csv;12_STRICT_GenoGrammar_assembly_bridge.csv
GCA_901971765	02_registry_all_accession_candidates.csv;03_genome_path_accession_index.csv;12_STRICT_GenoGrammar_assembly_bridge.csv
GCA_901971765.1	02_registry_all_accession_candidates.csv;03_genome_path_accession_index.csv;04_registry_genome_identity_resolved.csv;12_STRICT_GenoGrammar_assembly_bridge.csv
GCA_901980275	02_registry_all_accession_candidates.csv;03_genome_path_accession_index.csv;12_STRICT_GenoGrammar_assembly_bridge.csv
GCA_901980275.1	02_registry_all_accession_candidates.csv;03_genome_path_accession_index.csv;04_registry_genome_identity_resolved.csv;12_STRICT_GenoGrammar_assembly_bridge.csv
GCA_902167885	02_registry_all_accession_candidates.csv;03_genome_path_accession_index.csv;12_STRICT_GenoGrammar_assembly_bridge.csv
GCA_902167885.1	02_registry_all_accession_candidates.csv;03_genome_path_accession_index.csv;04_registry_genome_identity_resolved.csv;12_STRICT_GenoGrammar_assembly_bridge.csv
GCA_925297675	02_registry_all_accession_candidates.csv;03_genome_path_accession_index.csv;12_STRICT_GenoGrammar_assembly_bridge.csv
GCA_925297675.1	02_registry_all_accession_candidates.csv;03_genome_path_accession_index.csv;04_registry_genome_identity_resolved.csv;12_STRICT_GenoGrammar_assembly_bridge.csv
GCA_925297865	02_registry_all_accession_candidates.csv;03_genome_path_accession_index.csv;12_STRICT_GenoGrammar_assembly_bridge.csv
GCA_925297865.1	02_registry_all_accession_candidates.csv;03_genome_path_accession_index.csv;04_registry_genome_identity_resolved.csv;12_STRICT_GenoGrammar_assembly_bridge.csv
GCA_947072755	02_registry_all_accession_candidates.csv;03_genome_path_accession_index.csv;12_STRICT_GenoGrammar_assembly_bridge.csv
GCA_947072755.1	02_registry_all_accession_candidates.csv;03_genome_path_accession_index.csv;04_registry_genome_identity_resolved.csv;12_STRICT_GenoGrammar_assembly_bridge.csv
GCA_948482305	02_registry_all_accession_candidates.csv;03_genome_path_accession_index.csv;12_STRICT_GenoGrammar_assembly_bridge.csv
GCA_948482305.1	02_registry_all_accession_candidates.csv;03_genome_path_accession_index.csv;04_registry_genome_identity_resolved.csv;12_STRICT_GenoGrammar_assembly_bridge.csv
GCA_948490115	02_registry_all_accession_candidates.csv;03_genome_path_accession_index.csv
GCA_948490115.1	02_registry_all_accession_candidates.csv;03_genome_path_accession_index.csv;04_registry_genome_identity_resolved.csv
GCA_948583985	02_registry_all_accession_candidates.csv;03_genome_path_accession_index.csv
GCA_948583985.1	02_registry_all_accession_candidates.csv;03_genome_path_accession_index.csv;04_registry_genome_identity_resolved.csv
GCA_948609125	02_registry_all_accession_candidates.csv;03_genome_path_accession_index.csv
GCA_948609125.1	02_registry_all_accession_candidates.csv;03_genome_path_accession_index.csv;04_registry_genome_identity_resolved.csv
GCA_948896075	02_registry_all_accession_candidates.csv;03_genome_path_accession_index.csv
GCA_948896075.1	02_registry_all_accession_candidates.csv;03_genome_path_accession_index.csv;04_registry_genome_identity_resolved.csv
GCA_948918825	02_registry_all_accession_candidates.csv;03_genome_path_accession_index.csv;12_STRICT_GenoGrammar_assembly_bridge.csv
GCA_948918825.1	02_registry_all_accession_candidates.csv;03_genome_path_accession_index.csv;04_registry_genome_identity_resolved.csv;12_STRICT_GenoGrammar_assembly_bridge.csv
GCA_949007965	02_registry_all_accession_candidates.csv;03_genome_path_accession_index.csv
GCA_949007965.1	02_registry_all_accession_candidates.csv;03_genome_path_accession_index.csv;04_registry_genome_identity_resolved.csv
GCA_949084435	02_registry_all_accession_candidates.csv;03_genome_path_accession_index.csv
GCA_949084435.1	02_registry_all_accession_candidates.csv;03_genome_path_accession_index.csv;04_registry_genome_identity_resolved.csv
GCA_949105495	02_registry_all_accession_candidates.csv;03_genome_path_accession_index.csv
GCA_949105495.1	02_registry_all_accession_candidates.csv;03_genome_path_accession_index.csv;04_registry_genome_identity_resolved.csv
GCA_949493175	02_registry_all_accession_candidates.csv;03_genome_path_accession_index.csv;12_STRICT_GenoGrammar_assembly_bridge.csv
GCA_949493175.1	02_registry_all_accession_candidates.csv;03_genome_path_accession_index.csv;04_registry_genome_identity_resolved.csv;12_STRICT_GenoGrammar_assembly_bridge.csv
GCA_959028405	02_registry_all_accession_candidates.csv;03_genome_path_accession_index.csv;12_STRICT_GenoGrammar_assembly_bridge.csv
GCA_959028405.1	02_registry_all_accession_candidates.csv;03_genome_path_accession_index.csv;04_registry_genome_identity_resolved.csv;12_STRICT_GenoGrammar_assembly_bridge.csv
GCA_964186795	02_registry_all_accession_candidates.csv;03_genome_path_accession_index.csv;12_STRICT_GenoGrammar_assembly_bridge.csv
GCA_964186795.1	02_registry_all_accession_candidates.csv;03_genome_path_accession_index.csv;04_registry_genome_identity_resolved.csv;12_STRICT_GenoGrammar_assembly_bridge.csv
GCA_965136155	02_registry_all_accession_candidates.csv;03_genome_path_accession_index.csv;12_STRICT_GenoGrammar_assembly_bridge.csv
GCA_965136155.1	02_registry_all_accession_candidates.csv;03_genome_path_accession_index.csv;04_registry_genome_identity_resolved.csv;12_STRICT_GenoGrammar_assembly_bridge.csv
GCA_965286015	02_registry_all_accession_candidates.csv;03_genome_path_accession_index.csv
GCA_965286015.1	02_registry_all_accession_candidates.csv;03_genome_path_accession_index.csv;04_registry_genome_identity_resolved.csv
GCA_965286555	02_registry_all_accession_candidates.csv;03_genome_path_accession_index.csv;12_STRICT_GenoGrammar_assembly_bridge.csv
GCA_965286555.1	02_registry_all_accession_candidates.csv;03_genome_path_accession_index.csv;04_registry_genome_identity_resolved.csv;12_STRICT_GenoGrammar_assembly_bridge.csv
GCA_978042475	02_registry_all_accession_candidates.csv;03_genome_path_accession_index.csv;12_STRICT_GenoGrammar_assembly_bridge.csv
GCA_978042475.1	02_registry_all_accession_candidates.csv;03_genome_path_accession_index.csv;04_registry_genome_identity_resolved.csv;12_STRICT_GenoGrammar_assembly_bridge.csv
GCA_978043405	02_registry_all_accession_candidates.csv;03_genome_path_accession_index.csv;12_STRICT_GenoGrammar_assembly_bridge.csv
GCA_978043405.1	02_registry_all_accession_candidates.csv;03_genome_path_accession_index.csv;04_registry_genome_identity_resolved.csv;12_STRICT_GenoGrammar_assembly_bridge.csv
GCA_978044305	02_registry_all_accession_candidates.csv;03_genome_path_accession_index.csv;12_STRICT_GenoGrammar_assembly_bridge.csv
GCA_978044305.1	02_registry_all_accession_candidates.csv;03_genome_path_accession_index.csv;04_registry_genome_identity_resolved.csv;12_STRICT_GenoGrammar_assembly_bridge.csv
GCA_980648745	02_registry_all_accession_candidates.csv;03_genome_path_accession_index.csv;12_STRICT_GenoGrammar_assembly_bridge.csv
GCA_980648745.1	02_registry_all_accession_candidates.csv;03_genome_path_accession_index.csv;04_registry_genome_identity_resolved.csv;12_STRICT_GenoGrammar_assembly_bridge.csv
GCA_982235515	02_registry_all_accession_candidates.csv;03_genome_path_accession_index.csv;12_STRICT_GenoGrammar_assembly_bridge.csv
GCA_982235515.1	02_registry_all_accession_candidates.csv;03_genome_path_accession_index.csv;04_registry_genome_identity_resolved.csv;12_STRICT_GenoGrammar_assembly_bridge.csv
GCA_982332205	02_registry_all_accession_candidates.csv;03_genome_path_accession_index.csv
GCA_982332205.1	02_registry_all_accession_candidates.csv;03_genome_path_accession_index.csv;04_registry_genome_identity_resolved.csv
GCA_982400935	02_registry_all_accession_candidates.csv;03_genome_path_accession_index.csv
GCA_982400935.1	02_registry_all_accession_candidates.csv;03_genome_path_accession_index.csv;04_registry_genome_identity_resolved.csv
GCF_000003135	02_registry_all_accession_candidates.csv;12_STRICT_GenoGrammar_assembly_bridge.csv
GCF_000003135.1	01_registry_accession_column_audit.csv;02_registry_all_accession_candidates.csv;04_registry_genome_identity_resolved.csv;12_STRICT_GenoGrammar_assembly_bridge.csv
GCF_000005845	02_registry_all_accession_candidates.csv;12_STRICT_GenoGrammar_assembly_bridge.csv
GCF_000005845.2	01_registry_accession_column_audit.csv;02_registry_all_accession_candidates.csv;04_registry_genome_identity_resolved.csv;12_STRICT_GenoGrammar_assembly_bridge.csv
GCF_000006765	02_registry_all_accession_candidates.csv;12_STRICT_GenoGrammar_assembly_bridge.csv
GCF_000006765.1	01_registry_accession_column_audit.csv;02_registry_all_accession_candidates.csv;04_registry_genome_identity_resolved.csv;12_STRICT_GenoGrammar_assembly_bridge.csv
GCF_000006865	02_registry_all_accession_candidates.csv;12_STRICT_GenoGrammar_assembly_bridge.csv
GCF_000006865.1	01_registry_accession_column_audit.csv;02_registry_all_accession_candidates.csv;04_registry_genome_identity_resolved.csv;12_STRICT_GenoGrammar_assembly_bridge.csv
GCF_000006965	02_registry_all_accession_candidates.csv;12_STRICT_GenoGrammar_assembly_bridge.csv
GCF_000006965.1	01_registry_accession_column_audit.csv;02_registry_all_accession_candidates.csv;04_registry_genome_identity_resolved.csv;12_STRICT_GenoGrammar_assembly_bridge.csv
GCF_000007525	02_registry_all_accession_candidates.csv;12_STRICT_GenoGrammar_assembly_bridge.csv
GCF_000007525.1	01_registry_accession_column_audit.csv;02_registry_all_accession_candidates.csv;04_registry_genome_identity_resolved.csv;12_STRICT_GenoGrammar_assembly_bridge.csv
GCF_000008065	02_registry_all_accession_candidates.csv;12_STRICT_GenoGrammar_assembly_bridge.csv
GCF_000008065.1	01_registry_accession_column_audit.csv;02_registry_all_accession_candidates.csv;04_registry_genome_identity_resolved.csv;12_STRICT_GenoGrammar_assembly_bridge.csv
GCF_000008925	02_registry_all_accession_candidates.csv;12_STRICT_GenoGrammar_assembly_bridge.csv
GCF_000008925.1	01_registry_accession_column_audit.csv;02_registry_all_accession_candidates.csv;04_registry_genome_identity_resolved.csv;12_STRICT_GenoGrammar_assembly_bridge.csv
GCF_000008945	02_registry_all_accession_candidates.csv;12_STRICT_GenoGrammar_assembly_bridge.csv
GCF_000008945.1	02_registry_all_accession_candidates.csv;04_registry_genome_identity_resolved.csv;12_STRICT_GenoGrammar_assembly_bridge.csv
GCF_000009045	02_registry_all_accession_candidates.csv;12_STRICT_GenoGrammar_assembly_bridge.csv
GCF_000009045.1	02_registry_all_accession_candidates.csv;04_registry_genome_identity_resolved.csv;12_STRICT_GenoGrammar_assembly_bridge.csv
GCF_000009425	02_registry_all_accession_candidates.csv;12_STRICT_GenoGrammar_assembly_bridge.csv
GCF_000009425.1	02_registry_all_accession_candidates.csv;04_registry_genome_identity_resolved.csv;12_STRICT_GenoGrammar_assembly_bridge.csv
GCF_000009825	02_registry_all_accession_candidates.csv;12_STRICT_GenoGrammar_assembly_bridge.csv
GCF_000009825.1	02_registry_all_accession_candidates.csv;04_registry_genome_identity_resolved.csv;12_STRICT_GenoGrammar_assembly_bridge.csv
GCF_000010005	02_registry_all_accession_candidates.csv;12_STRICT_GenoGrammar_assembly_bridge.csv
GCF_000010005.1	02_registry_all_accession_candidates.csv;04_registry_genome_identity_resolved.csv;12_STRICT_GenoGrammar_assembly_bridge.csv
GCF_000010145	02_registry_all_accession_candidates.csv;12_STRICT_GenoGrammar_assembly_bridge.csv
GCF_000010145.1	02_registry_all_accession_candidates.csv;04_registry_genome_identity_resolved.csv;12_STRICT_GenoGrammar_assembly_bridge.csv
GCF_000010425	02_registry_all_accession_candidates.csv;12_STRICT_GenoGrammar_assembly_bridge.csv
GCF_000010425.1	02_registry_all_accession_candidates.csv;04_registry_genome_identity_resolved.csv;12_STRICT_GenoGrammar_assembly_bridge.csv
GCF_000010525	02_registry_all_accession_candidates.csv;12_STRICT_GenoGrammar_assembly_bridge.csv
GCF_000010525.1	02_registry_all_accession_candidates.csv;04_registry_genome_identity_resolved.csv;12_STRICT_GenoGrammar_assembly_bridge.csv
GCF_000010725	02_registry_all_accession_candidates.csv;12_STRICT_GenoGrammar_assembly_bridge.csv
GCF_000010725.1	02_registry_all_accession_candidates.csv;04_registry_genome_identity_resolved.csv;12_STRICT_GenoGrammar_assembly_bridge.csv
GCF_000011045	02_registry_all_accession_candidates.csv;12_STRICT_GenoGrammar_assembly_bridge.csv
GCF_000011045.1	02_registry_all_accession_candidates.csv;04_registry_genome_identity_resolved.csv;12_STRICT_GenoGrammar_assembly_bridge.csv
GCF_000011365	02_registry_all_accession_candidates.csv;12_STRICT_GenoGrammar_assembly_bridge.csv
GCF_000011365.1	02_registry_all_accession_candidates.csv;04_registry_genome_identity_resolved.csv;12_STRICT_GenoGrammar_assembly_bridge.csv
GCF_000011825	02_registry_all_accession_candidates.csv;12_STRICT_GenoGrammar_assembly_bridge.csv
GCF_000011825.1	02_registry_all_accession_candidates.csv;04_registry_genome_identity_resolved.csv;12_STRICT_GenoGrammar_assembly_bridge.csv
GCF_000011845	02_registry_all_accession_candidates.csv;12_STRICT_GenoGrammar_assembly_bridge.csv
GCF_000011845.1	02_registry_all_accession_candidates.csv;04_registry_genome_identity_resolved.csv;12_STRICT_GenoGrammar_assembly_bridge.csv
GCF_000012905	02_registry_all_accession_candidates.csv;12_STRICT_GenoGrammar_assembly_bridge.csv
GCF_000012905.2	02_registry_all_accession_candidates.csv;04_registry_genome_identity_resolved.csv;12_STRICT_GenoGrammar_assembly_bridge.csv
GCF_000013345	02_registry_all_accession_candidates.csv;12_STRICT_GenoGrammar_assembly_bridge.csv
GCF_000013345.1	02_registry_all_accession_candidates.csv;04_registry_genome_identity_resolved.csv;12_STRICT_GenoGrammar_assembly_bridge.csv
GCF_000014385	02_registry_all_accession_candidates.csv;12_STRICT_GenoGrammar_assembly_bridge.csv
GCF_000014385.1	02_registry_all_accession_candidates.csv;04_registry_genome_identity_resolved.csv;12_STRICT_GenoGrammar_assembly_bridge.csv
GCF_000014405	02_registry_all_accession_candidates.csv;12_STRICT_GenoGrammar_assembly_bridge.csv
GCF_000014405.1	02_registry_all_accession_candidates.csv;04_registry_genome_identity_resolved.csv;12_STRICT_GenoGrammar_assembly_bridge.csv
GCF_000014425	02_registry_all_accession_candidates.csv;12_STRICT_GenoGrammar_assembly_bridge.csv
GCF_000014425.1	02_registry_all_accession_candidates.csv;04_registry_genome_identity_resolved.csv;12_STRICT_GenoGrammar_assembly_bridge.csv
GCF_000014445	02_registry_all_accession_candidates.csv;12_STRICT_GenoGrammar_assembly_bridge.csv
GCF_000014445.1	02_registry_all_accession_candidates.csv;04_registry_genome_identity_resolved.csv;12_STRICT_GenoGrammar_assembly_bridge.csv
GCF_000014465	02_registry_all_accession_candidates.csv;12_STRICT_GenoGrammar_assembly_bridge.csv
GCF_000014465.1	02_registry_all_accession_candidates.csv;04_registry_genome_identity_resolved.csv;12_STRICT_GenoGrammar_assembly_bridge.csv
GCF_000014485	02_registry_all_accession_candidates.csv;12_STRICT_GenoGrammar_assembly_bridge.csv
GCF_000014485.1	02_registry_all_accession_candidates.csv;04_registry_genome_identity_resolved.csv;12_STRICT_GenoGrammar_assembly_bridge.csv
GCF_000014505	02_registry_all_accession_candidates.csv;12_STRICT_GenoGrammar_assembly_bridge.csv
GCF_000014505.1	02_registry_all_accession_candidates.csv;04_registry_genome_identity_resolved.csv;12_STRICT_GenoGrammar_assembly_bridge.csv
GCF_000014525	02_registry_all_accession_candidates.csv;12_STRICT_GenoGrammar_assembly_bridge.csv
GCF_000014525.1	02_registry_all_accession_candidates.csv;04_registry_genome_identity_resolved.csv;12_STRICT_GenoGrammar_assembly_bridge.csv
GCF_000014545	02_registry_all_accession_candidates.csv;12_STRICT_GenoGrammar_assembly_bridge.csv
GCF_000014545.1	02_registry_all_accession_candidates.csv;04_registry_genome_identity_resolved.csv;12_STRICT_GenoGrammar_assembly_bridge.csv
GCF_000015385	02_registry_all_accession_candidates.csv;12_STRICT_GenoGrammar_assembly_bridge.csv
GCF_000015385.1	02_registry_all_accession_candidates.csv;04_registry_genome_identity_resolved.csv;12_STRICT_GenoGrammar_assembly_bridge.csv
GCF_000016325	02_registry_all_accession_candidates.csv;12_STRICT_GenoGrammar_assembly_bridge.csv
GCF_000016325.1	02_registry_all_accession_candidates.csv;04_registry_genome_identity_resolved.csv;12_STRICT_GenoGrammar_assembly_bridge.csv
GCF_000016825	02_registry_all_accession_candidates.csv;12_STRICT_GenoGrammar_assembly_bridge.csv
GCF_000016825.1	02_registry_all_accession_candidates.csv;04_registry_genome_identity_resolved.csv;12_STRICT_GenoGrammar_assembly_bridge.csv
GCF_000017965	02_registry_all_accession_candidates.csv;12_STRICT_GenoGrammar_assembly_bridge.csv
GCF_000017965.1	02_registry_all_accession_candidates.csv;04_registry_genome_identity_resolved.csv;12_STRICT_GenoGrammar_assembly_bridge.csv
GCF_000019045	02_registry_all_accession_candidates.csv;12_STRICT_GenoGrammar_assembly_bridge.csv
GCF_000019045.1	02_registry_all_accession_candidates.csv;04_registry_genome_identity_resolved.csv;12_STRICT_GenoGrammar_assembly_bridge.csv
GCF_000019245	02_registry_all_accession_candidates.csv;12_STRICT_GenoGrammar_assembly_bridge.csv
GCF_000019245.4	02_registry_all_accession_candidates.csv;04_registry_genome_identity_resolved.csv;12_STRICT_GenoGrammar_assembly_bridge.csv
GCF_000019965	02_registry_all_accession_candidates.csv;12_STRICT_GenoGrammar_assembly_bridge.csv
GCF_000019965.1	02_registry_all_accession_candidates.csv;04_registry_genome_identity_resolved.csv;12_STRICT_GenoGrammar_assembly_bridge.csv
GCF_000020225	02_registry_all_accession_candidates.csv;12_STRICT_GenoGrammar_assembly_bridge.csv
GCF_000020225.1	02_registry_all_accession_candidates.csv;04_registry_genome_identity_resolved.csv;12_STRICT_GenoGrammar_assembly_bridge.csv
GCF_000020425	02_registry_all_accession_candidates.csv;12_STRICT_GenoGrammar_assembly_bridge.csv
GCF_000020425.1	02_registry_all_accession_candidates.csv;04_registry_genome_identity_resolved.csv;12_STRICT_GenoGrammar_assembly_bridge.csv
GCF_000021325	02_registry_all_accession_candidates.csv;12_STRICT_GenoGrammar_assembly_bridge.csv
GCF_000021325.1	02_registry_all_accession_candidates.csv;04_registry_genome_identity_resolved.csv;12_STRICT_GenoGrammar_assembly_bridge.csv
GCF_000021425	02_registry_all_accession_candidates.csv;12_STRICT_GenoGrammar_assembly_bridge.csv
GCF_000021425.1	02_registry_all_accession_candidates.csv;04_registry_genome_identity_resolved.csv;12_STRICT_GenoGrammar_assembly_bridge.csv
GCF_000022705	02_registry_all_accession_candidates.csv;12_STRICT_GenoGrammar_assembly_bridge.csv
GCF_000022705.1	02_registry_all_accession_candidates.csv;04_registry_genome_identity_resolved.csv;12_STRICT_GenoGrammar_assembly_bridge.csv
GCF_000022965	02_registry_all_accession_candidates.csv;12_STRICT_GenoGrammar_assembly_bridge.csv
GCF_000022965.1	02_registry_all_accession_candidates.csv;04_registry_genome_identity_resolved.csv;12_STRICT_GenoGrammar_assembly_bridge.csv
GCF_000023085	02_registry_all_accession_candidates.csv;12_STRICT_GenoGrammar_assembly_bridge.csv
GCF_000023085.1	02_registry_all_accession_candidates.csv;04_registry_genome_identity_resolved.csv;12_STRICT_GenoGrammar_assembly_bridge.csv
GCF_000023205	02_registry_all_accession_candidates.csv;12_STRICT_GenoGrammar_assembly_bridge.csv
GCF_000023205.1	02_registry_all_accession_candidates.csv;04_registry_genome_identity_resolved.csv;12_STRICT_GenoGrammar_assembly_bridge.csv
GCF_000023585	02_registry_all_accession_candidates.csv;12_STRICT_GenoGrammar_assembly_bridge.csv
GCF_000023585.1	02_registry_all_accession_candidates.csv;04_registry_genome_identity_resolved.csv;12_STRICT_GenoGrammar_assembly_bridge.csv
GCF_000024445	02_registry_all_accession_candidates.csv;12_STRICT_GenoGrammar_assembly_bridge.csv
GCF_000024445.1	02_registry_all_accession_candidates.csv;04_registry_genome_identity_resolved.csv;12_STRICT_GenoGrammar_assembly_bridge.csv
GCF_000025045	02_registry_all_accession_candidates.csv;12_STRICT_GenoGrammar_assembly_bridge.csv
GCF_000025045.1	02_registry_all_accession_candidates.csv;04_registry_genome_identity_resolved.csv;12_STRICT_GenoGrammar_assembly_bridge.csv
GCF_000025245	02_registry_all_accession_candidates.csv;12_STRICT_GenoGrammar_assembly_bridge.csv;12_manifest_PRIMARY.csv;13_manifest_STRICT.csv
GCF_000025245.2	02_registry_all_accession_candidates.csv;04_registry_genome_identity_resolved.csv;05_manifest_PRIMARY_rescued.csv;06_manifest_STRICT_rescued.csv;12_STRICT_GenoGrammar_assembly_bridge.csv;12_manifest_PRIMARY.csv;13_manifest_STRICT.csv
GCF_000025965	02_registry_all_accession_candidates.csv;12_STRICT_GenoGrammar_assembly_bridge.csv
GCF_000025965.1	02_registry_all_accession_candidates.csv;04_registry_genome_identity_resolved.csv;12_STRICT_GenoGrammar_assembly_bridge.csv
GCF_000025985	02_registry_all_accession_candidates.csv;12_STRICT_GenoGrammar_assembly_bridge.csv
GCF_000025985.1	02_registry_all_accession_candidates.csv;04_registry_genome_identity_resolved.csv;12_STRICT_GenoGrammar_assembly_bridge.csv
GCF_000026185	02_registry_all_accession_candidates.csv;12_STRICT_GenoGrammar_assembly_bridge.csv
GCF_000026185.1	02_registry_all_accession_candidates.csv;04_registry_genome_identity_resolved.csv;12_STRICT_GenoGrammar_assembly_bridge.csv
GCF_000026485	02_registry_all_accession_candidates.csv;12_STRICT_GenoGrammar_assembly_bridge.csv
GCF_000026485.1	02_registry_all_accession_candidates.csv;04_registry_genome_identity_resolved.csv;12_STRICT_GenoGrammar_assembly_bridge.csv
GCF_000026505	02_registry_all_accession_candidates.csv;12_STRICT_GenoGrammar_assembly_bridge.csv
GCF_000026505.1	02_registry_all_accession_candidates.csv;04_registry_genome_identity_resolved.csv;12_STRICT_GenoGrammar_assembly_bridge.csv
GCF_000026525	02_registry_all_accession_candidates.csv;12_STRICT_GenoGrammar_assembly_bridge.csv
GCF_000026525.1	02_registry_all_accession_candidates.csv;04_registry_genome_identity_resolved.csv;12_STRICT_GenoGrammar_assembly_bridge.csv
GCF_000046845	02_registry_all_accession_candidates.csv;12_STRICT_GenoGrammar_assembly_bridge.csv
GCF_000046845.1	02_registry_all_accession_candidates.csv;04_registry_genome_identity_resolved.csv;12_STRICT_GenoGrammar_assembly_bridge.csv
GCF_000056065	02_registry_all_accession_candidates.csv;12_STRICT_GenoGrammar_assembly_bridge.csv
GCF_000056065.1	02_registry_all_accession_candidates.csv;04_registry_genome_identity_resolved.csv;12_STRICT_GenoGrammar_assembly_bridge.csv
GCF_000091725	02_registry_all_accession_candidates.csv;12_STRICT_GenoGrammar_assembly_bridge.csv
GCF_000091725.1	02_registry_all_accession_candidates.csv;04_registry_genome_identity_resolved.csv;12_STRICT_GenoGrammar_assembly_bridge.csv
GCF_000092325	02_registry_all_accession_candidates.csv;12_STRICT_GenoGrammar_assembly_bridge.csv
GCF_000092325.1	02_registry_all_accession_candidates.csv;04_registry_genome_identity_resolved.csv;12_STRICT_GenoGrammar_assembly_bridge.csv
GCF_000092765	02_registry_all_accession_candidates.csv;12_STRICT_GenoGrammar_assembly_bridge.csv
GCF_000092765.1	02_registry_all_accession_candidates.csv;04_registry_genome_identity_resolved.csv;12_STRICT_GenoGrammar_assembly_bridge.csv
GCF_000143205	02_registry_all_accession_candidates.csv;12_STRICT_GenoGrammar_assembly_bridge.csv
GCF_000143205.1	02_registry_all_accession_candidates.csv;04_registry_genome_identity_resolved.csv;12_STRICT_GenoGrammar_assembly_bridge.csv
GCF_000143435	02_registry_all_accession_candidates.csv;12_STRICT_GenoGrammar_assembly_bridge.csv
GCF_000143435.1	02_registry_all_accession_candidates.csv;04_registry_genome_identity_resolved.csv;12_STRICT_GenoGrammar_assembly_bridge.csv
GCF_000143745	02_registry_all_accession_candidates.csv;12_STRICT_GenoGrammar_assembly_bridge.csv
GCF_000143745.1	02_registry_all_accession_candidates.csv;04_registry_genome_identity_resolved.csv;12_STRICT_GenoGrammar_assembly_bridge.csv
GCF_000145235	02_registry_all_accession_candidates.csv;12_STRICT_GenoGrammar_assembly_bridge.csv
GCF_000145235.1	02_registry_all_accession_candidates.csv;04_registry_genome_identity_resolved.csv;12_STRICT_GenoGrammar_assembly_bridge.csv
GCF_000146775	02_registry_all_accession_candidates.csv;12_STRICT_GenoGrammar_assembly_bridge.csv
GCF_000146775.1	02_registry_all_accession_candidates.csv;04_registry_genome_identity_resolved.csv;12_STRICT_GenoGrammar_assembly_bridge.csv
GCF_000148815	02_registry_all_accession_candidates.csv;12_STRICT_GenoGrammar_assembly_bridge.csv
GCF_000148815.2	02_registry_all_accession_candidates.csv;04_registry_genome_identity_resolved.csv;12_STRICT_GenoGrammar_assembly_bridge.csv
GCF_000154085	02_registry_all_accession_candidates.csv;12_STRICT_GenoGrammar_assembly_bridge.csv
GCF_000154085.1	02_registry_all_accession_candidates.csv;04_registry_genome_identity_resolved.csv;12_STRICT_GenoGrammar_assembly_bridge.csv
GCF_000154765	02_registry_all_accession_candidates.csv;12_STRICT_GenoGrammar_assembly_bridge.csv
GCF_000154765.2	02_registry_all_accession_candidates.csv;04_registry_genome_identity_resolved.csv;12_STRICT_GenoGrammar_assembly_bridge.csv
GCF_000155355	02_registry_all_accession_candidates.csv;12_STRICT_GenoGrammar_assembly_bridge.csv
GCF_000155355.1	02_registry_all_accession_candidates.csv;04_registry_genome_identity_resolved.csv;12_STRICT_GenoGrammar_assembly_bridge.csv
GCF_000155375	02_registry_all_accession_candidates.csv;12_STRICT_GenoGrammar_assembly_bridge.csv
GCF_000155375.1	02_registry_all_accession_candidates.csv;04_registry_genome_identity_resolved.csv;12_STRICT_GenoGrammar_assembly_bridge.csv
GCF_000155395	02_registry_all_accession_candidates.csv;12_STRICT_GenoGrammar_assembly_bridge.csv
GCF_000155395.1	02_registry_all_accession_candidates.csv;04_registry_genome_identity_resolved.csv;12_STRICT_GenoGrammar_assembly_bridge.csv
GCF_000155515	02_registry_all_accession_candidates.csv;12_STRICT_GenoGrammar_assembly_bridge.csv
GCF_000155515.2	02_registry_all_accession_candidates.csv;04_registry_genome_identity_resolved.csv;12_STRICT_GenoGrammar_assembly_bridge.csv
GCF_000158015	02_registry_all_accession_candidates.csv;12_STRICT_GenoGrammar_assembly_bridge.csv
GCF_000158015.1	02_registry_all_accession_candidates.csv;04_registry_genome_identity_resolved.csv;12_STRICT_GenoGrammar_assembly_bridge.csv
GCF_000159215	02_registry_all_accession_candidates.csv;12_STRICT_GenoGrammar_assembly_bridge.csv
GCF_000159215.1	02_registry_all_accession_candidates.csv;04_registry_genome_identity_resolved.csv;12_STRICT_GenoGrammar_assembly_bridge.csv
GCF_000159395	02_registry_all_accession_candidates.csv;12_STRICT_GenoGrammar_assembly_bridge.csv
GCF_000159395.1	02_registry_all_accession_candidates.csv;04_registry_genome_identity_resolved.csv;12_STRICT_GenoGrammar_assembly_bridge.csv
GCF_000159455	02_registry_all_accession_candidates.csv;12_STRICT_GenoGrammar_assembly_bridge.csv
GCF_000159455.2	02_registry_all_accession_candidates.csv;04_registry_genome_identity_resolved.csv;12_STRICT_GenoGrammar_assembly_bridge.csv
GCF_000159715	02_registry_all_accession_candidates.csv;12_STRICT_GenoGrammar_assembly_bridge.csv
GCF_000159715.1	02_registry_all_accession_candidates.csv;04_registry_genome_identity_resolved.csv;12_STRICT_GenoGrammar_assembly_bridge.csv
GCF_000160715	02_registry_all_accession_candidates.csv;12_STRICT_GenoGrammar_assembly_bridge.csv
GCF_000160715.1	02_registry_all_accession_candidates.csv;04_registry_genome_identity_resolved.csv;12_STRICT_GenoGrammar_assembly_bridge.csv
GCF_000164965	02_registry_all_accession_candidates.csv;12_STRICT_GenoGrammar_assembly_bridge.csv
GCF_000164965.1	02_registry_all_accession_candidates.csv;04_registry_genome_identity_resolved.csv;12_STRICT_GenoGrammar_assembly_bridge.csv
GCF_000165775	02_registry_all_accession_candidates.csv;12_STRICT_GenoGrammar_assembly_bridge.csv
GCF_000165775.1	02_registry_all_accession_candidates.csv;04_registry_genome_identity_resolved.csv;12_STRICT_GenoGrammar_assembly_bridge.csv
GCF_000165885	02_registry_all_accession_candidates.csv;12_STRICT_GenoGrammar_assembly_bridge.csv
GCF_000165885.1	02_registry_all_accession_candidates.csv;04_registry_genome_identity_resolved.csv;12_STRICT_GenoGrammar_assembly_bridge.csv
GCF_000165905	02_registry_all_accession_candidates.csv;12_STRICT_GenoGrammar_assembly_bridge.csv
GCF_000165905.1	02_registry_all_accession_candidates.csv;04_registry_genome_identity_resolved.csv;12_STRICT_GenoGrammar_assembly_bridge.csv
GCF_000166315	02_registry_all_accession_candidates.csv;12_STRICT_GenoGrammar_assembly_bridge.csv
GCF_000166315.1	02_registry_all_accession_candidates.csv;04_registry_genome_identity_resolved.csv;12_STRICT_GenoGrammar_assembly_bridge.csv
GCF_000168255	02_registry_all_accession_candidates.csv;12_STRICT_GenoGrammar_assembly_bridge.csv
GCF_000168255.1	02_registry_all_accession_candidates.csv;04_registry_genome_identity_resolved.csv;12_STRICT_GenoGrammar_assembly_bridge.csv
GCF_000173255	02_registry_all_accession_candidates.csv;12_STRICT_GenoGrammar_assembly_bridge.csv;12_manifest_PRIMARY.csv;13_manifest_STRICT.csv
GCF_000173255.5	02_registry_all_accession_candidates.csv;04_registry_genome_identity_resolved.csv;05_manifest_PRIMARY_rescued.csv;06_manifest_STRICT_rescued.csv;12_STRICT_GenoGrammar_assembly_bridge.csv;12_manifest_PRIMARY.csv;13_manifest_STRICT.csv
GCF_000175935	02_registry_all_accession_candidates.csv;12_STRICT_GenoGrammar_assembly_bridge.csv
GCF_000175935.2	02_registry_all_accession_candidates.csv;04_registry_genome_identity_resolved.csv;12_STRICT_GenoGrammar_assembly_bridge.csv
GCF_000182835	02_registry_all_accession_candidates.csv;12_STRICT_GenoGrammar_assembly_bridge.csv
GCF_000182835.1	02_registry_all_accession_candidates.csv;04_registry_genome_identity_resolved.csv;12_STRICT_GenoGrammar_assembly_bridge.csv
GCF_000182875	02_registry_all_accession_candidates.csv;12_STRICT_GenoGrammar_assembly_bridge.csv
GCF_000182875.1	02_registry_all_accession_candidates.csv;04_registry_genome_identity_resolved.csv;12_STRICT_GenoGrammar_assembly_bridge.csv
GCF_000186085	02_registry_all_accession_candidates.csv;12_STRICT_GenoGrammar_assembly_bridge.csv
GCF_000186085.1	02_registry_all_accession_candidates.csv;04_registry_genome_identity_resolved.csv;12_STRICT_GenoGrammar_assembly_bridge.csv
GCF_000187705	02_registry_all_accession_candidates.csv;12_STRICT_GenoGrammar_assembly_bridge.csv
GCF_000187705.1	02_registry_all_accession_candidates.csv;04_registry_genome_identity_resolved.csv;12_STRICT_GenoGrammar_assembly_bridge.csv
GCF_000189515	02_registry_all_accession_candidates.csv;12_STRICT_GenoGrammar_assembly_bridge.csv
GCF_000189515.1	02_registry_all_accession_candidates.csv;04_registry_genome_identity_resolved.csv;12_STRICT_GenoGrammar_assembly_bridge.csv
GCF_000191165	02_registry_all_accession_candidates.csv;12_STRICT_GenoGrammar_assembly_bridge.csv
GCF_000191165.1	02_registry_all_accession_candidates.csv;04_registry_genome_identity_resolved.csv;12_STRICT_GenoGrammar_assembly_bridge.csv
GCF_000192705	02_registry_all_accession_candidates.csv;12_STRICT_GenoGrammar_assembly_bridge.csv
GCF_000192705.1	02_registry_all_accession_candidates.csv;04_registry_genome_identity_resolved.csv;12_STRICT_GenoGrammar_assembly_bridge.csv
GCF_000194765	02_registry_all_accession_candidates.csv;12_STRICT_GenoGrammar_assembly_bridge.csv
GCF_000194765.1	02_registry_all_accession_candidates.csv;04_registry_genome_identity_resolved.csv;12_STRICT_GenoGrammar_assembly_bridge.csv
GCF_000194785	02_registry_all_accession_candidates.csv;12_STRICT_GenoGrammar_assembly_bridge.csv
GCF_000194785.1	02_registry_all_accession_candidates.csv;04_registry_genome_identity_resolved.csv;12_STRICT_GenoGrammar_assembly_bridge.csv
GCF_000195375	02_registry_all_accession_candidates.csv
GCF_000195375.1	02_registry_all_accession_candidates.csv;04_registry_genome_identity_resolved.csv
GCF_000195575	02_registry_all_accession_candidates.csv;12_STRICT_GenoGrammar_assembly_bridge.csv
GCF_000195575.1	02_registry_all_accession_candidates.csv;04_registry_genome_identity_resolved.csv;12_STRICT_GenoGrammar_assembly_bridge.csv
GCF_000195775	02_registry_all_accession_candidates.csv;12_STRICT_GenoGrammar_assembly_bridge.csv
GCF_000195775.2	02_registry_all_accession_candidates.csv;04_registry_genome_identity_resolved.csv;12_STRICT_GenoGrammar_assembly_bridge.csv
GCF_000196175	02_registry_all_accession_candidates.csv;12_STRICT_GenoGrammar_assembly_bridge.csv
GCF_000196175.1	02_registry_all_accession_candidates.csv;04_registry_genome_identity_resolved.csv;12_STRICT_GenoGrammar_assembly_bridge.csv
GCF_000196555	02_registry_all_accession_candidates.csv;12_STRICT_GenoGrammar_assembly_bridge.csv
GCF_000196555.1	02_registry_all_accession_candidates.csv;04_registry_genome_identity_resolved.csv;12_STRICT_GenoGrammar_assembly_bridge.csv
GCF_000196575	02_registry_all_accession_candidates.csv;12_STRICT_GenoGrammar_assembly_bridge.csv
GCF_000196575.1	02_registry_all_accession_candidates.csv;04_registry_genome_identity_resolved.csv;12_STRICT_GenoGrammar_assembly_bridge.csv
GCF_000196735	02_registry_all_accession_candidates.csv;12_STRICT_GenoGrammar_assembly_bridge.csv
GCF_000196735.1	02_registry_all_accession_candidates.csv;04_registry_genome_identity_resolved.csv;12_STRICT_GenoGrammar_assembly_bridge.csv
GCF_000203855	02_registry_all_accession_candidates.csv;12_STRICT_GenoGrammar_assembly_bridge.csv
GCF_000203855.3	02_registry_all_accession_candidates.csv;04_registry_genome_identity_resolved.csv;12_STRICT_GenoGrammar_assembly_bridge.csv
GCF_000210755	02_registry_all_accession_candidates.csv;12_STRICT_GenoGrammar_assembly_bridge.csv
GCF_000210755.1	02_registry_all_accession_candidates.csv;04_registry_genome_identity_resolved.csv;12_STRICT_GenoGrammar_assembly_bridge.csv
GCF_000214785	02_registry_all_accession_candidates.csv;12_STRICT_GenoGrammar_assembly_bridge.csv
GCF_000214785.1	02_registry_all_accession_candidates.csv;04_registry_genome_identity_resolved.csv;12_STRICT_GenoGrammar_assembly_bridge.csv
GCF_000219455	02_registry_all_accession_candidates.csv;12_STRICT_GenoGrammar_assembly_bridge.csv
GCF_000219455.1	02_registry_all_accession_candidates.csv;04_registry_genome_identity_resolved.csv;12_STRICT_GenoGrammar_assembly_bridge.csv
GCF_000219805	02_registry_all_accession_candidates.csv;12_STRICT_GenoGrammar_assembly_bridge.csv
GCF_000219805.1	02_registry_all_accession_candidates.csv;04_registry_genome_identity_resolved.csv;12_STRICT_GenoGrammar_assembly_bridge.csv
GCF_000220135	02_registry_all_accession_candidates.csv;12_STRICT_GenoGrammar_assembly_bridge.csv
GCF_000220135.1	02_registry_all_accession_candidates.csv;04_registry_genome_identity_resolved.csv;12_STRICT_GenoGrammar_assembly_bridge.csv
GCF_000220885	02_registry_all_accession_candidates.csv;12_STRICT_GenoGrammar_assembly_bridge.csv
GCF_000220885.1	02_registry_all_accession_candidates.csv;04_registry_genome_identity_resolved.csv;12_STRICT_GenoGrammar_assembly_bridge.csv
GCF_000224965	02_registry_all_accession_candidates.csv;12_STRICT_GenoGrammar_assembly_bridge.csv
GCF_000224965.2	02_registry_all_accession_candidates.csv;04_registry_genome_identity_resolved.csv;12_STRICT_GenoGrammar_assembly_bridge.csv
GCF_000225385	02_registry_all_accession_candidates.csv;12_STRICT_GenoGrammar_assembly_bridge.csv
GCF_000225385.1	02_registry_all_accession_candidates.csv;04_registry_genome_identity_resolved.csv;12_STRICT_GenoGrammar_assembly_bridge.csv
GCF_000226175	02_registry_all_accession_candidates.csv;12_STRICT_GenoGrammar_assembly_bridge.csv
GCF_000226175.1	02_registry_all_accession_candidates.csv;04_registry_genome_identity_resolved.csv;12_STRICT_GenoGrammar_assembly_bridge.csv
GCF_000226235	02_registry_all_accession_candidates.csv;12_STRICT_GenoGrammar_assembly_bridge.csv
GCF_000226235.1	02_registry_all_accession_candidates.csv;04_registry_genome_identity_resolved.csv;12_STRICT_GenoGrammar_assembly_bridge.csv
GCF_000227485	02_registry_all_accession_candidates.csv;12_STRICT_GenoGrammar_assembly_bridge.csv
GCF_000227485.1	02_registry_all_accession_candidates.csv;04_registry_genome_identity_resolved.csv;12_STRICT_GenoGrammar_assembly_bridge.csv
GCF_000235785	02_registry_all_accession_candidates.csv;12_STRICT_GenoGrammar_assembly_bridge.csv
GCF_000235785.1	02_registry_all_accession_candidates.csv;04_registry_genome_identity_resolved.csv;12_STRICT_GenoGrammar_assembly_bridge.csv
GCF_000236455	02_registry_all_accession_candidates.csv;12_STRICT_GenoGrammar_assembly_bridge.csv
GCF_000236455.2	02_registry_all_accession_candidates.csv;04_registry_genome_identity_resolved.csv;12_STRICT_GenoGrammar_assembly_bridge.csv
GCF_000236475	02_registry_all_accession_candidates.csv;12_STRICT_GenoGrammar_assembly_bridge.csv
GCF_000236475.1	02_registry_all_accession_candidates.csv;04_registry_genome_identity_resolved.csv;12_STRICT_GenoGrammar_assembly_bridge.csv
GCF_000247735	02_registry_all_accession_candidates.csv;12_STRICT_GenoGrammar_assembly_bridge.csv
GCF_000247735.1	02_registry_all_accession_candidates.csv;04_registry_genome_identity_resolved.csv;12_STRICT_GenoGrammar_assembly_bridge.csv
GCF_000248095	02_registry_all_accession_candidates.csv;12_STRICT_GenoGrammar_assembly_bridge.csv
GCF_000248095.2	02_registry_all_accession_candidates.csv;04_registry_genome_identity_resolved.csv;12_STRICT_GenoGrammar_assembly_bridge.csv
GCF_000253395	02_registry_all_accession_candidates.csv;12_STRICT_GenoGrammar_assembly_bridge.csv
GCF_000253395.1	02_registry_all_accession_candidates.csv;04_registry_genome_identity_resolved.csv;12_STRICT_GenoGrammar_assembly_bridge.csv
GCF_000260715	02_registry_all_accession_candidates.csv;12_STRICT_GenoGrammar_assembly_bridge.csv
GCF_000260715.1	02_registry_all_accession_candidates.csv;04_registry_genome_identity_resolved.csv;12_STRICT_GenoGrammar_assembly_bridge.csv
GCF_000262325	02_registry_all_accession_candidates.csv;12_STRICT_GenoGrammar_assembly_bridge.csv
GCF_000262325.2	02_registry_all_accession_candidates.csv;04_registry_genome_identity_resolved.csv;12_STRICT_GenoGrammar_assembly_bridge.csv
GCF_000262675	02_registry_all_accession_candidates.csv;12_STRICT_GenoGrammar_assembly_bridge.csv
GCF_000262675.1	02_registry_all_accession_candidates.csv;04_registry_genome_identity_resolved.csv;12_STRICT_GenoGrammar_assembly_bridge.csv
GCF_000265095	02_registry_all_accession_candidates.csv;12_STRICT_GenoGrammar_assembly_bridge.csv
GCF_000265095.1	02_registry_all_accession_candidates.csv;04_registry_genome_identity_resolved.csv;12_STRICT_GenoGrammar_assembly_bridge.csv
GCF_000269965	02_registry_all_accession_candidates.csv;12_STRICT_GenoGrammar_assembly_bridge.csv
GCF_000269965.1	02_registry_all_accession_candidates.csv;04_registry_genome_identity_resolved.csv;12_STRICT_GenoGrammar_assembly_bridge.csv
GCF_000277325	02_registry_all_accession_candidates.csv;12_STRICT_GenoGrammar_assembly_bridge.csv
GCF_000277325.1	02_registry_all_accession_candidates.csv;04_registry_genome_identity_resolved.csv;12_STRICT_GenoGrammar_assembly_bridge.csv
GCF_000277345	02_registry_all_accession_candidates.csv;12_STRICT_GenoGrammar_assembly_bridge.csv
GCF_000277345.1	02_registry_all_accession_candidates.csv;04_registry_genome_identity_resolved.csv;12_STRICT_GenoGrammar_assembly_bridge.csv
GCF_000283495	02_registry_all_accession_candidates.csv;12_STRICT_GenoGrammar_assembly_bridge.csv
GCF_000283495.2	02_registry_all_accession_candidates.csv;04_registry_genome_identity_resolved.csv;12_STRICT_GenoGrammar_assembly_bridge.csv
GCF_000283615	02_registry_all_accession_candidates.csv;12_STRICT_GenoGrammar_assembly_bridge.csv
GCF_000283615.1	02_registry_all_accession_candidates.csv;04_registry_genome_identity_resolved.csv;12_STRICT_GenoGrammar_assembly_bridge.csv
GCF_000286295	02_registry_all_accession_candidates.csv;12_STRICT_GenoGrammar_assembly_bridge.csv
GCF_000286295.1	02_registry_all_accession_candidates.csv;04_registry_genome_identity_resolved.csv;12_STRICT_GenoGrammar_assembly_bridge.csv
GCF_000304215	02_registry_all_accession_candidates.csv;12_STRICT_GenoGrammar_assembly_bridge.csv
GCF_000304215.1	02_registry_all_accession_candidates.csv;04_registry_genome_identity_resolved.csv;12_STRICT_GenoGrammar_assembly_bridge.csv
GCF_000309565	02_registry_all_accession_candidates.csv;12_STRICT_GenoGrammar_assembly_bridge.csv
GCF_000309565.2	02_registry_all_accession_candidates.csv;04_registry_genome_identity_resolved.csv;12_STRICT_GenoGrammar_assembly_bridge.csv
GCF_000312685	02_registry_all_accession_candidates.csv;12_STRICT_GenoGrammar_assembly_bridge.csv
GCF_000312685.1	02_registry_all_accession_candidates.csv;04_registry_genome_identity_resolved.csv;12_STRICT_GenoGrammar_assembly_bridge.csv
GCF_000318035	02_registry_all_accession_candidates.csv;12_STRICT_GenoGrammar_assembly_bridge.csv
GCF_000318035.1	02_registry_all_accession_candidates.csv;04_registry_genome_identity_resolved.csv;12_STRICT_GenoGrammar_assembly_bridge.csv
GCF_000321395	02_registry_all_accession_candidates.csv;12_STRICT_GenoGrammar_assembly_bridge.csv
GCF_000321395.1	02_registry_all_accession_candidates.csv;04_registry_genome_identity_resolved.csv;12_STRICT_GenoGrammar_assembly_bridge.csv
GCF_000335515	02_registry_all_accession_candidates.csv;12_STRICT_GenoGrammar_assembly_bridge.csv
GCF_000335515.1	02_registry_all_accession_candidates.csv;04_registry_genome_identity_resolved.csv;12_STRICT_GenoGrammar_assembly_bridge.csv
GCF_000338115	02_registry_all_accession_candidates.csv;12_STRICT_GenoGrammar_assembly_bridge.csv
GCF_000338115.2	02_registry_all_accession_candidates.csv;04_registry_genome_identity_resolved.csv;12_STRICT_GenoGrammar_assembly_bridge.csv
GCF_000344575	02_registry_all_accession_candidates.csv;12_STRICT_GenoGrammar_assembly_bridge.csv
GCF_000344575.1	02_registry_all_accession_candidates.csv;04_registry_genome_identity_resolved.csv;12_STRICT_GenoGrammar_assembly_bridge.csv
GCF_000344745	02_registry_all_accession_candidates.csv;12_STRICT_GenoGrammar_assembly_bridge.csv
GCF_000344745.1	02_registry_all_accession_candidates.csv;04_registry_genome_identity_resolved.csv;12_STRICT_GenoGrammar_assembly_bridge.csv
GCF_000347695	02_registry_all_accession_candidates.csv;12_STRICT_GenoGrammar_assembly_bridge.csv
GCF_000347695.1	02_registry_all_accession_candidates.csv;04_registry_genome_identity_resolved.csv;12_STRICT_GenoGrammar_assembly_bridge.csv
GCF_000349795	02_registry_all_accession_candidates.csv;12_STRICT_GenoGrammar_assembly_bridge.csv
GCF_000349795.1	02_registry_all_accession_candidates.csv;04_registry_genome_identity_resolved.csv;12_STRICT_GenoGrammar_assembly_bridge.csv
GCF_000359625	02_registry_all_accession_candidates.csv;12_STRICT_GenoGrammar_assembly_bridge.csv
GCF_000359625.1	02_registry_all_accession_candidates.csv;04_registry_genome_identity_resolved.csv;12_STRICT_GenoGrammar_assembly_bridge.csv
GCF_000388095	02_registry_all_accession_candidates.csv;12_STRICT_GenoGrammar_assembly_bridge.csv
GCF_000388095.2	02_registry_all_accession_candidates.csv;04_registry_genome_identity_resolved.csv;12_STRICT_GenoGrammar_assembly_bridge.csv
GCF_000389675	02_registry_all_accession_candidates.csv;12_STRICT_GenoGrammar_assembly_bridge.csv
GCF_000389675.2	02_registry_all_accession_candidates.csv;04_registry_genome_identity_resolved.csv;12_STRICT_GenoGrammar_assembly_bridge.csv
GCF_000392485	02_registry_all_accession_candidates.csv;12_STRICT_GenoGrammar_assembly_bridge.csv
GCF_000392485.3	02_registry_all_accession_candidates.csv;04_registry_genome_identity_resolved.csv;12_STRICT_GenoGrammar_assembly_bridge.csv
GCF_000397165	02_registry_all_accession_candidates.csv;12_STRICT_GenoGrammar_assembly_bridge.csv
GCF_000397165.1	02_registry_all_accession_candidates.csv;04_registry_genome_identity_resolved.csv;12_STRICT_GenoGrammar_assembly_bridge.csv
GCF_000400585	02_registry_all_accession_candidates.csv;12_STRICT_GenoGrammar_assembly_bridge.csv
GCF_000400585.1	02_registry_all_accession_candidates.csv;04_registry_genome_identity_resolved.csv;12_STRICT_GenoGrammar_assembly_bridge.csv
GCF_000410995	02_registry_all_accession_candidates.csv;12_STRICT_GenoGrammar_assembly_bridge.csv
GCF_000410995.1	02_registry_all_accession_candidates.csv;04_registry_genome_identity_resolved.csv;12_STRICT_GenoGrammar_assembly_bridge.csv
GCF_000412205	02_registry_all_accession_candidates.csv;12_STRICT_GenoGrammar_assembly_bridge.csv
GCF_000412205.1	02_registry_all_accession_candidates.csv;04_registry_genome_identity_resolved.csv;12_STRICT_GenoGrammar_assembly_bridge.csv
GCF_000414215	02_registry_all_accession_candidates.csv;12_STRICT_GenoGrammar_assembly_bridge.csv
GCF_000414215.2	02_registry_all_accession_candidates.csv;04_registry_genome_identity_resolved.csv;12_STRICT_GenoGrammar_assembly_bridge.csv
GCF_000414365	02_registry_all_accession_candidates.csv;12_STRICT_GenoGrammar_assembly_bridge.csv
GCF_000414365.1	02_registry_all_accession_candidates.csv;04_registry_genome_identity_resolved.csv;12_STRICT_GenoGrammar_assembly_bridge.csv
GCF_000418475	02_registry_all_accession_candidates.csv;12_STRICT_GenoGrammar_assembly_bridge.csv
GCF_000418475.1	02_registry_all_accession_candidates.csv;04_registry_genome_identity_resolved.csv;12_STRICT_GenoGrammar_assembly_bridge.csv
GCF_000418515	02_registry_all_accession_candidates.csv;12_STRICT_GenoGrammar_assembly_bridge.csv
GCF_000418515.1	02_registry_all_accession_candidates.csv;04_registry_genome_identity_resolved.csv;12_STRICT_GenoGrammar_assembly_bridge.csv
GCF_000422165	02_registry_all_accession_candidates.csv;12_STRICT_GenoGrammar_assembly_bridge.csv
GCF_000422165.1	02_registry_all_accession_candidates.csv;04_registry_genome_identity_resolved.csv;12_STRICT_GenoGrammar_assembly_bridge.csv
GCF_000439275	02_registry_all_accession_candidates.csv;12_STRICT_GenoGrammar_assembly_bridge.csv
GCF_000439275.1	02_registry_all_accession_candidates.csv;04_registry_genome_identity_resolved.csv;12_STRICT_GenoGrammar_assembly_bridge.csv
GCF_000466525	02_registry_all_accession_candidates.csv;12_STRICT_GenoGrammar_assembly_bridge.csv
GCF_000466525.1	02_registry_all_accession_candidates.csv;04_registry_genome_identity_resolved.csv;12_STRICT_GenoGrammar_assembly_bridge.csv
GCF_000466785	02_registry_all_accession_candidates.csv;12_STRICT_GenoGrammar_assembly_bridge.csv
GCF_000466785.3	02_registry_all_accession_candidates.csv;04_registry_genome_identity_resolved.csv;12_STRICT_GenoGrammar_assembly_bridge.csv
GCF_000466905	02_registry_all_accession_candidates.csv
GCF_000466905.1	02_registry_all_accession_candidates.csv;04_registry_genome_identity_resolved.csv
GCF_000468955	02_registry_all_accession_candidates.csv;12_STRICT_GenoGrammar_assembly_bridge.csv
GCF_000468955.1	02_registry_all_accession_candidates.csv;04_registry_genome_identity_resolved.csv;12_STRICT_GenoGrammar_assembly_bridge.csv
GCF_000469365	02_registry_all_accession_candidates.csv;12_STRICT_GenoGrammar_assembly_bridge.csv
GCF_000469365.1	02_registry_all_accession_candidates.csv;04_registry_genome_identity_resolved.csv;12_STRICT_GenoGrammar_assembly_bridge.csv
GCF_000469745	02_registry_all_accession_candidates.csv;12_STRICT_GenoGrammar_assembly_bridge.csv
GCF_000469745.1	02_registry_all_accession_candidates.csv;04_registry_genome_identity_resolved.csv;12_STRICT_GenoGrammar_assembly_bridge.csv
GCF_000471945	02_registry_all_accession_candidates.csv;12_STRICT_GenoGrammar_assembly_bridge.csv
GCF_000471945.1	02_registry_all_accession_candidates.csv;04_registry_genome_identity_resolved.csv;12_STRICT_GenoGrammar_assembly_bridge.csv
GCF_000472265	02_registry_all_accession_candidates.csv
GCF_000472265.1	02_registry_all_accession_candidates.csv;04_registry_genome_identity_resolved.csv
GCF_000473935	02_registry_all_accession_candidates.csv
GCF_000473935.1	02_registry_all_accession_candidates.csv;04_registry_genome_identity_resolved.csv
GCF_000477515	02_registry_all_accession_candidates.csv;12_STRICT_GenoGrammar_assembly_bridge.csv
GCF_000477515.1	02_registry_all_accession_candidates.csv;04_registry_genome_identity_resolved.csv;12_STRICT_GenoGrammar_assembly_bridge.csv
GCF_000478255	02_registry_all_accession_candidates.csv;12_STRICT_GenoGrammar_assembly_bridge.csv
GCF_000478255.1	02_registry_all_accession_candidates.csv;04_registry_genome_identity_resolved.csv;12_STRICT_GenoGrammar_assembly_bridge.csv
GCF_000479375	02_registry_all_accession_candidates.csv;12_STRICT_GenoGrammar_assembly_bridge.csv
GCF_000479375.3	02_registry_all_accession_candidates.csv;04_registry_genome_identity_resolved.csv;12_STRICT_GenoGrammar_assembly_bridge.csv
GCF_000496265	02_registry_all_accession_candidates.csv;12_STRICT_GenoGrammar_assembly_bridge.csv
GCF_000496265.1	02_registry_all_accession_candidates.csv;04_registry_genome_identity_resolved.csv;12_STRICT_GenoGrammar_assembly_bridge.csv
GCF_000497735	02_registry_all_accession_candidates.csv;12_STRICT_GenoGrammar_assembly_bridge.csv
GCF_000497735.1	02_registry_all_accession_candidates.csv;04_registry_genome_identity_resolved.csv;12_STRICT_GenoGrammar_assembly_bridge.csv
GCF_000497795	02_registry_all_accession_candidates.csv;12_STRICT_GenoGrammar_assembly_bridge.csv
GCF_000497795.1	02_registry_all_accession_candidates.csv;04_registry_genome_identity_resolved.csv;12_STRICT_GenoGrammar_assembly_bridge.csv
GCF_000508405	02_registry_all_accession_candidates.csv
GCF_000508405.1	02_registry_all_accession_candidates.csv;04_registry_genome_identity_resolved.csv
GCF_000510825	02_registry_all_accession_candidates.csv;12_STRICT_GenoGrammar_assembly_bridge.csv
GCF_000510825.1	02_registry_all_accession_candidates.csv;04_registry_genome_identity_resolved.csv;12_STRICT_GenoGrammar_assembly_bridge.csv
GCF_000521285	02_registry_all_accession_candidates.csv;12_STRICT_GenoGrammar_assembly_bridge.csv
GCF_000521285.1	02_registry_all_accession_candidates.csv;04_registry_genome_identity_resolved.csv;12_STRICT_GenoGrammar_assembly_bridge.csv
GCF_000521305	02_registry_all_accession_candidates.csv;12_STRICT_GenoGrammar_assembly_bridge.csv
GCF_000521305.1	02_registry_all_accession_candidates.csv;04_registry_genome_identity_resolved.csv;12_STRICT_GenoGrammar_assembly_bridge.csv
GCF_000521325	02_registry_all_accession_candidates.csv;12_STRICT_GenoGrammar_assembly_bridge.csv
GCF_000521325.1	02_registry_all_accession_candidates.csv;04_registry_genome_identity_resolved.csv;12_STRICT_GenoGrammar_assembly_bridge.csv
GCF_000525715	02_registry_all_accession_candidates.csv;12_STRICT_GenoGrammar_assembly_bridge.csv
GCF_000525715.1	02_registry_all_accession_candidates.csv;04_registry_genome_identity_resolved.csv;12_STRICT_GenoGrammar_assembly_bridge.csv
GCF_000568895	02_registry_all_accession_candidates.csv;12_STRICT_GenoGrammar_assembly_bridge.csv
GCF_000568895.1	02_registry_all_accession_candidates.csv;04_registry_genome_identity_resolved.csv;12_STRICT_GenoGrammar_assembly_bridge.csv
GCF_000568975	02_registry_all_accession_candidates.csv;12_STRICT_GenoGrammar_assembly_bridge.csv
GCF_000568975.1	02_registry_all_accession_candidates.csv;04_registry_genome_identity_resolved.csv;12_STRICT_GenoGrammar_assembly_bridge.csv
GCF_000569035	02_registry_all_accession_candidates.csv;12_STRICT_GenoGrammar_assembly_bridge.csv
GCF_000569035.1	02_registry_all_accession_candidates.csv;04_registry_genome_identity_resolved.csv;12_STRICT_GenoGrammar_assembly_bridge.csv
GCF_000572065	02_registry_all_accession_candidates.csv;12_STRICT_GenoGrammar_assembly_bridge.csv
GCF_000572065.1	02_registry_all_accession_candidates.csv;04_registry_genome_identity_resolved.csv;12_STRICT_GenoGrammar_assembly_bridge.csv
GCF_000572095	02_registry_all_accession_candidates.csv;12_STRICT_GenoGrammar_assembly_bridge.csv
GCF_000572095.1	02_registry_all_accession_candidates.csv;04_registry_genome_identity_resolved.csv;12_STRICT_GenoGrammar_assembly_bridge.csv
GCF_000582665	02_registry_all_accession_candidates.csv;12_STRICT_GenoGrammar_assembly_bridge.csv
GCF_000582665.1	02_registry_all_accession_candidates.csv;04_registry_genome_identity_resolved.csv;12_STRICT_GenoGrammar_assembly_bridge.csv
GCF_000612705	02_registry_all_accession_candidates.csv;12_STRICT_GenoGrammar_assembly_bridge.csv
GCF_000612705.1	02_registry_all_accession_candidates.csv;04_registry_genome_identity_resolved.csv;12_STRICT_GenoGrammar_assembly_bridge.csv
GCF_000615205	02_registry_all_accession_candidates.csv;12_STRICT_GenoGrammar_assembly_bridge.csv
GCF_000615205.1	02_registry_all_accession_candidates.csv;04_registry_genome_identity_resolved.csv;12_STRICT_GenoGrammar_assembly_bridge.csv
GCF_000615245	02_registry_all_accession_candidates.csv;12_STRICT_GenoGrammar_assembly_bridge.csv
GCF_000615245.1	02_registry_all_accession_candidates.csv;04_registry_genome_identity_resolved.csv;12_STRICT_GenoGrammar_assembly_bridge.csv
GCF_000695895	02_registry_all_accession_candidates.csv;12_STRICT_GenoGrammar_assembly_bridge.csv
GCF_000695895.1	02_registry_all_accession_candidates.csv;04_registry_genome_identity_resolved.csv;12_STRICT_GenoGrammar_assembly_bridge.csv
GCF_000698885	02_registry_all_accession_candidates.csv;12_STRICT_GenoGrammar_assembly_bridge.csv
GCF_000698885.1	02_registry_all_accession_candidates.csv;04_registry_genome_identity_resolved.csv;12_STRICT_GenoGrammar_assembly_bridge.csv
GCF_000699465	02_registry_all_accession_candidates.csv;12_STRICT_GenoGrammar_assembly_bridge.csv
GCF_000699465.1	02_registry_all_accession_candidates.csv;04_registry_genome_identity_resolved.csv;12_STRICT_GenoGrammar_assembly_bridge.csv
GCF_000699525	02_registry_all_accession_candidates.csv;12_STRICT_GenoGrammar_assembly_bridge.csv
GCF_000699525.1	02_registry_all_accession_candidates.csv;04_registry_genome_identity_resolved.csv;12_STRICT_GenoGrammar_assembly_bridge.csv
GCF_000702865	02_registry_all_accession_candidates.csv;12_STRICT_GenoGrammar_assembly_bridge.csv
GCF_000702865.1	02_registry_all_accession_candidates.csv;04_registry_genome_identity_resolved.csv;12_STRICT_GenoGrammar_assembly_bridge.csv
GCF_000706705	02_registry_all_accession_candidates.csv;12_STRICT_GenoGrammar_assembly_bridge.csv
GCF_000706705.1	02_registry_all_accession_candidates.csv;04_registry_genome_identity_resolved.csv;12_STRICT_GenoGrammar_assembly_bridge.csv
GCF_000708005	02_registry_all_accession_candidates.csv;12_STRICT_GenoGrammar_assembly_bridge.csv
GCF_000708005.1	02_registry_all_accession_candidates.csv;04_registry_genome_identity_resolved.csv;12_STRICT_GenoGrammar_assembly_bridge.csv
GCF_000712495	02_registry_all_accession_candidates.csv;12_STRICT_GenoGrammar_assembly_bridge.csv
GCF_000712495.1	02_registry_all_accession_candidates.csv;04_registry_genome_identity_resolved.csv;12_STRICT_GenoGrammar_assembly_bridge.csv
GCF_000712555	02_registry_all_accession_candidates.csv;12_STRICT_GenoGrammar_assembly_bridge.csv
GCF_000712555.1	02_registry_all_accession_candidates.csv;04_registry_genome_identity_resolved.csv;12_STRICT_GenoGrammar_assembly_bridge.csv
GCF_000730125	02_registry_all_accession_candidates.csv;12_STRICT_GenoGrammar_assembly_bridge.csv
GCF_000730125.1	02_registry_all_accession_candidates.csv;04_registry_genome_identity_resolved.csv;12_STRICT_GenoGrammar_assembly_bridge.csv
GCF_000731855	02_registry_all_accession_candidates.csv;12_STRICT_GenoGrammar_assembly_bridge.csv
GCF_000731855.1	02_registry_all_accession_candidates.csv;04_registry_genome_identity_resolved.csv;12_STRICT_GenoGrammar_assembly_bridge.csv
GCF_000736295	02_registry_all_accession_candidates.csv
GCF_000736295.1	02_registry_all_accession_candidates.csv;04_registry_genome_identity_resolved.csv
GCF_000737885	02_registry_all_accession_candidates.csv;12_STRICT_GenoGrammar_assembly_bridge.csv
GCF_000737885.1	02_registry_all_accession_candidates.csv;04_registry_genome_identity_resolved.csv;12_STRICT_GenoGrammar_assembly_bridge.csv
GCF_000741085	02_registry_all_accession_candidates.csv;12_STRICT_GenoGrammar_assembly_bridge.csv
GCF_000741085.1	02_registry_all_accession_candidates.csv;04_registry_genome_identity_resolved.csv;12_STRICT_GenoGrammar_assembly_bridge.csv
GCF_000741245	02_registry_all_accession_candidates.csv;12_STRICT_GenoGrammar_assembly_bridge.csv
GCF_000741245.1	02_registry_all_accession_candidates.csv;04_registry_genome_identity_resolved.csv;12_STRICT_GenoGrammar_assembly_bridge.csv
GCF_000741415	02_registry_all_accession_candidates.csv;12_STRICT_GenoGrammar_assembly_bridge.csv
GCF_000741415.1	02_registry_all_accession_candidates.csv;04_registry_genome_identity_resolved.csv;12_STRICT_GenoGrammar_assembly_bridge.csv
GCF_000741495	02_registry_all_accession_candidates.csv;12_STRICT_GenoGrammar_assembly_bridge.csv
GCF_000741495.1	02_registry_all_accession_candidates.csv;04_registry_genome_identity_resolved.csv;12_STRICT_GenoGrammar_assembly_bridge.csv
GCF_000743075	02_registry_all_accession_candidates.csv;12_STRICT_GenoGrammar_assembly_bridge.csv
GCF_000743075.1	02_registry_all_accession_candidates.csv;04_registry_genome_identity_resolved.csv;12_STRICT_GenoGrammar_assembly_bridge.csv
GCF_000758185	02_registry_all_accession_candidates.csv;12_STRICT_GenoGrammar_assembly_bridge.csv
GCF_000758185.1	02_registry_all_accession_candidates.csv;04_registry_genome_identity_resolved.csv;12_STRICT_GenoGrammar_assembly_bridge.csv
GCF_000762955	02_registry_all_accession_candidates.csv;12_STRICT_GenoGrammar_assembly_bridge.csv
GCF_000762955.1	02_registry_all_accession_candidates.csv;04_registry_genome_identity_resolved.csv;12_STRICT_GenoGrammar_assembly_bridge.csv
GCF_000764285	02_registry_all_accession_candidates.csv;12_STRICT_GenoGrammar_assembly_bridge.csv
GCF_000764285.1	02_registry_all_accession_candidates.csv;04_registry_genome_identity_resolved.csv;12_STRICT_GenoGrammar_assembly_bridge.csv
GCF_000771445	02_registry_all_accession_candidates.csv;12_STRICT_GenoGrammar_assembly_bridge.csv
GCF_000771445.1	02_registry_all_accession_candidates.csv;04_registry_genome_identity_resolved.csv;12_STRICT_GenoGrammar_assembly_bridge.csv
GCF_000771485	02_registry_all_accession_candidates.csv;12_STRICT_GenoGrammar_assembly_bridge.csv
GCF_000771485.1	02_registry_all_accession_candidates.csv;04_registry_genome_identity_resolved.csv;12_STRICT_GenoGrammar_assembly_bridge.csv
GCF_000772485	02_registry_all_accession_candidates.csv;12_STRICT_GenoGrammar_assembly_bridge.csv
GCF_000772485.1	02_registry_all_accession_candidates.csv;04_registry_genome_identity_resolved.csv;12_STRICT_GenoGrammar_assembly_bridge.csv
GCF_000800475	02_registry_all_accession_candidates.csv;12_STRICT_GenoGrammar_assembly_bridge.csv
GCF_000800475.2	02_registry_all_accession_candidates.csv;04_registry_genome_identity_resolved.csv;12_STRICT_GenoGrammar_assembly_bridge.csv
GCF_000807375	02_registry_all_accession_candidates.csv;12_STRICT_GenoGrammar_assembly_bridge.csv
GCF_000807375.1	02_registry_all_accession_candidates.csv;04_registry_genome_identity_resolved.csv;12_STRICT_GenoGrammar_assembly_bridge.csv
GCF_000807975	02_registry_all_accession_candidates.csv;12_STRICT_GenoGrammar_assembly_bridge.csv
GCF_000807975.1	02_registry_all_accession_candidates.csv;04_registry_genome_identity_resolved.csv;12_STRICT_GenoGrammar_assembly_bridge.csv
GCF_000816205	02_registry_all_accession_candidates.csv;12_STRICT_GenoGrammar_assembly_bridge.csv
GCF_000816205.1	02_registry_all_accession_candidates.csv;04_registry_genome_identity_resolved.csv;12_STRICT_GenoGrammar_assembly_bridge.csv
GCF_000817045	02_registry_all_accession_candidates.csv;12_STRICT_GenoGrammar_assembly_bridge.csv
GCF_000817045.1	02_registry_all_accession_candidates.csv;04_registry_genome_identity_resolved.csv;12_STRICT_GenoGrammar_assembly_bridge.csv
GCF_000817975	02_registry_all_accession_candidates.csv;12_STRICT_GenoGrammar_assembly_bridge.csv
GCF_000817975.1	02_registry_all_accession_candidates.csv;04_registry_genome_identity_resolved.csv;12_STRICT_GenoGrammar_assembly_bridge.csv
GCF_000817995	02_registry_all_accession_candidates.csv;12_STRICT_GenoGrammar_assembly_bridge.csv
GCF_000817995.1	02_registry_all_accession_candidates.csv;04_registry_genome_identity_resolved.csv;12_STRICT_GenoGrammar_assembly_bridge.csv
GCF_000818055	02_registry_all_accession_candidates.csv;12_STRICT_GenoGrammar_assembly_bridge.csv
GCF_000818055.1	02_registry_all_accession_candidates.csv;04_registry_genome_identity_resolved.csv;12_STRICT_GenoGrammar_assembly_bridge.csv
GCF_000827065	02_registry_all_accession_candidates.csv;12_STRICT_GenoGrammar_assembly_bridge.csv
GCF_000827065.1	02_registry_all_accession_candidates.csv;04_registry_genome_identity_resolved.csv;12_STRICT_GenoGrammar_assembly_bridge.csv
GCF_000829035	02_registry_all_accession_candidates.csv;12_STRICT_GenoGrammar_assembly_bridge.csv
GCF_000829035.1	02_registry_all_accession_candidates.csv;04_registry_genome_identity_resolved.csv;12_STRICT_GenoGrammar_assembly_bridge.csv
GCF_000829055	02_registry_all_accession_candidates.csv;12_STRICT_GenoGrammar_assembly_bridge.csv
GCF_000829055.1	02_registry_all_accession_candidates.csv;04_registry_genome_identity_resolved.csv;12_STRICT_GenoGrammar_assembly_bridge.csv
GCF_000829295	02_registry_all_accession_candidates.csv;12_STRICT_GenoGrammar_assembly_bridge.csv
GCF_000829295.1	02_registry_all_accession_candidates.csv;04_registry_genome_identity_resolved.csv;12_STRICT_GenoGrammar_assembly_bridge.csv
GCF_000830535	02_registry_all_accession_candidates.csv;12_STRICT_GenoGrammar_assembly_bridge.csv
GCF_000830535.1	02_registry_all_accession_candidates.csv;04_registry_genome_identity_resolved.csv;12_STRICT_GenoGrammar_assembly_bridge.csv
GCF_000832905	02_registry_all_accession_candidates.csv;12_STRICT_GenoGrammar_assembly_bridge.csv
GCF_000832905.1	02_registry_all_accession_candidates.csv;04_registry_genome_identity_resolved.csv;12_STRICT_GenoGrammar_assembly_bridge.csv
GCF_000835975	02_registry_all_accession_candidates.csv;12_STRICT_GenoGrammar_assembly_bridge.csv
GCF_000835975.1	02_registry_all_accession_candidates.csv;04_registry_genome_identity_resolved.csv;12_STRICT_GenoGrammar_assembly_bridge.csv
GCF_000836595	02_registry_all_accession_candidates.csv;12_STRICT_GenoGrammar_assembly_bridge.csv
GCF_000836595.1	02_registry_all_accession_candidates.csv;04_registry_genome_identity_resolved.csv;12_STRICT_GenoGrammar_assembly_bridge.csv
GCF_000836675	02_registry_all_accession_candidates.csv;12_STRICT_GenoGrammar_assembly_bridge.csv
GCF_000836675.1	02_registry_all_accession_candidates.csv;04_registry_genome_identity_resolved.csv;12_STRICT_GenoGrammar_assembly_bridge.csv
GCF_000875905	02_registry_all_accession_candidates.csv;12_STRICT_GenoGrammar_assembly_bridge.csv
GCF_000875905.1	02_registry_all_accession_candidates.csv;04_registry_genome_identity_resolved.csv;12_STRICT_GenoGrammar_assembly_bridge.csv
GCF_000876545	02_registry_all_accession_candidates.csv;12_STRICT_GenoGrammar_assembly_bridge.csv
GCF_000876545.1	02_registry_all_accession_candidates.csv;04_registry_genome_identity_resolved.csv;12_STRICT_GenoGrammar_assembly_bridge.csv
GCF_000931425	02_registry_all_accession_candidates.csv;12_STRICT_GenoGrammar_assembly_bridge.csv
GCF_000931425.2	02_registry_all_accession_candidates.csv;04_registry_genome_identity_resolved.csv;12_STRICT_GenoGrammar_assembly_bridge.csv
GCF_000932035	02_registry_all_accession_candidates.csv;12_STRICT_GenoGrammar_assembly_bridge.csv
GCF_000932035.1	02_registry_all_accession_candidates.csv;04_registry_genome_identity_resolved.csv;12_STRICT_GenoGrammar_assembly_bridge.csv
GCF_000934625	02_registry_all_accession_candidates.csv;12_STRICT_GenoGrammar_assembly_bridge.csv
GCF_000934625.1	02_registry_all_accession_candidates.csv;04_registry_genome_identity_resolved.csv;12_STRICT_GenoGrammar_assembly_bridge.csv
GCF_000940535	02_registry_all_accession_candidates.csv;12_STRICT_GenoGrammar_assembly_bridge.csv
GCF_000940535.1	02_registry_all_accession_candidates.csv;04_registry_genome_identity_resolved.csv;12_STRICT_GenoGrammar_assembly_bridge.csv
GCF_000949485	02_registry_all_accession_candidates.csv;12_STRICT_GenoGrammar_assembly_bridge.csv
GCF_000949485.1	02_registry_all_accession_candidates.csv;04_registry_genome_identity_resolved.csv;12_STRICT_GenoGrammar_assembly_bridge.csv
GCF_000956195	02_registry_all_accession_candidates.csv
GCF_000956195.1	02_registry_all_accession_candidates.csv;04_registry_genome_identity_resolved.csv
GCF_000958525	02_registry_all_accession_candidates.csv
GCF_000958525.1	02_registry_all_accession_candidates.csv;04_registry_genome_identity_resolved.csv
GCF_000961015	02_registry_all_accession_candidates.csv;12_STRICT_GenoGrammar_assembly_bridge.csv
GCF_000961015.1	02_registry_all_accession_candidates.csv;04_registry_genome_identity_resolved.csv;12_STRICT_GenoGrammar_assembly_bridge.csv
GCF_000966835	02_registry_all_accession_candidates.csv;12_STRICT_GenoGrammar_assembly_bridge.csv
GCF_000966835.2	02_registry_all_accession_candidates.csv;04_registry_genome_identity_resolved.csv;12_STRICT_GenoGrammar_assembly_bridge.csv
GCF_000971665	02_registry_all_accession_candidates.csv;12_STRICT_GenoGrammar_assembly_bridge.csv
GCF_000971665.1	02_registry_all_accession_candidates.csv;04_registry_genome_identity_resolved.csv;12_STRICT_GenoGrammar_assembly_bridge.csv
GCF_001005625	02_registry_all_accession_candidates.csv;12_STRICT_GenoGrammar_assembly_bridge.csv
GCF_001005625.1	02_registry_all_accession_candidates.csv;04_registry_genome_identity_resolved.csv;12_STRICT_GenoGrammar_assembly_bridge.csv
GCF_001005695	02_registry_all_accession_candidates.csv;12_STRICT_GenoGrammar_assembly_bridge.csv
GCF_001005695.1	02_registry_all_accession_candidates.csv;04_registry_genome_identity_resolved.csv;12_STRICT_GenoGrammar_assembly_bridge.csv
GCF_001005805	02_registry_all_accession_candidates.csv;12_STRICT_GenoGrammar_assembly_bridge.csv
GCF_001005805.1	02_registry_all_accession_candidates.csv;04_registry_genome_identity_resolved.csv;12_STRICT_GenoGrammar_assembly_bridge.csv
GCF_001006025	02_registry_all_accession_candidates.csv;12_STRICT_GenoGrammar_assembly_bridge.csv
GCF_001006025.1	02_registry_all_accession_candidates.csv;04_registry_genome_identity_resolved.csv;12_STRICT_GenoGrammar_assembly_bridge.csv
GCF_001008015	02_registry_all_accession_candidates.csv;12_STRICT_GenoGrammar_assembly_bridge.csv
GCF_001008015.1	02_registry_all_accession_candidates.csv;04_registry_genome_identity_resolved.csv;12_STRICT_GenoGrammar_assembly_bridge.csv
GCF_001010175	02_registry_all_accession_candidates.csv;12_STRICT_GenoGrammar_assembly_bridge.csv
GCF_001010175.1	02_registry_all_accession_candidates.csv;04_registry_genome_identity_resolved.csv;12_STRICT_GenoGrammar_assembly_bridge.csv
GCF_001010185	02_registry_all_accession_candidates.csv;12_STRICT_GenoGrammar_assembly_bridge.csv
GCF_001010185.1	02_registry_all_accession_candidates.csv;04_registry_genome_identity_resolved.csv;12_STRICT_GenoGrammar_assembly_bridge.csv
GCF_001010245	02_registry_all_accession_candidates.csv;12_STRICT_GenoGrammar_assembly_bridge.csv
GCF_001010245.1	02_registry_all_accession_candidates.csv;04_registry_genome_identity_resolved.csv;12_STRICT_GenoGrammar_assembly_bridge.csv
GCF_001010915	02_registry_all_accession_candidates.csv;12_STRICT_GenoGrammar_assembly_bridge.csv
GCF_001010915.1	02_registry_all_accession_candidates.csv;04_registry_genome_identity_resolved.csv;12_STRICT_GenoGrammar_assembly_bridge.csv
GCF_001010995	02_registry_all_accession_candidates.csv;12_STRICT_GenoGrammar_assembly_bridge.csv
GCF_001010995.2	02_registry_all_accession_candidates.csv;04_registry_genome_identity_resolved.csv;12_STRICT_GenoGrammar_assembly_bridge.csv
GCF_001013375	02_registry_all_accession_candidates.csv;12_STRICT_GenoGrammar_assembly_bridge.csv
GCF_001013375.1	02_registry_all_accession_candidates.csv;04_registry_genome_identity_resolved.csv;12_STRICT_GenoGrammar_assembly_bridge.csv
GCF_001020245	02_registry_all_accession_candidates.csv;12_STRICT_GenoGrammar_assembly_bridge.csv
GCF_001020245.1	02_registry_all_accession_candidates.csv;04_registry_genome_identity_resolved.csv;12_STRICT_GenoGrammar_assembly_bridge.csv
GCF_001020355	02_registry_all_accession_candidates.csv;12_STRICT_GenoGrammar_assembly_bridge.csv
GCF_001020355.1	02_registry_all_accession_candidates.csv;04_registry_genome_identity_resolved.csv;12_STRICT_GenoGrammar_assembly_bridge.csv
GCF_001020415	02_registry_all_accession_candidates.csv;12_STRICT_GenoGrammar_assembly_bridge.csv
GCF_001020415.1	02_registry_all_accession_candidates.csv;04_registry_genome_identity_resolved.csv;12_STRICT_GenoGrammar_assembly_bridge.csv
GCF_001025135	02_registry_all_accession_candidates.csv;12_STRICT_GenoGrammar_assembly_bridge.csv
GCF_001025135.1	02_registry_all_accession_candidates.csv;04_registry_genome_identity_resolved.csv;12_STRICT_GenoGrammar_assembly_bridge.csv
GCF_001025175	02_registry_all_accession_candidates.csv;12_STRICT_GenoGrammar_assembly_bridge.csv
GCF_001025175.1	02_registry_all_accession_candidates.csv;04_registry_genome_identity_resolved.csv;12_STRICT_GenoGrammar_assembly_bridge.csv
GCF_001025195	02_registry_all_accession_candidates.csv;12_STRICT_GenoGrammar_assembly_bridge.csv
GCF_001025195.1	02_registry_all_accession_candidates.csv;04_registry_genome_identity_resolved.csv;12_STRICT_GenoGrammar_assembly_bridge.csv
GCF_001025215	02_registry_all_accession_candidates.csv;12_STRICT_GenoGrammar_assembly_bridge.csv
GCF_001025215.1	02_registry_all_accession_candidates.csv;04_registry_genome_identity_resolved.csv;12_STRICT_GenoGrammar_assembly_bridge.csv
GCF_001039495	02_registry_all_accession_candidates.csv;12_STRICT_GenoGrammar_assembly_bridge.csv
GCF_001039495.1	02_registry_all_accession_candidates.csv;04_registry_genome_identity_resolved.csv;12_STRICT_GenoGrammar_assembly_bridge.csv
GCF_001042595	02_registry_all_accession_candidates.csv;12_STRICT_GenoGrammar_assembly_bridge.csv
GCF_001042595.1	02_registry_all_accession_candidates.csv;04_registry_genome_identity_resolved.csv;12_STRICT_GenoGrammar_assembly_bridge.csv
GCF_001050555	02_registry_all_accession_candidates.csv;12_STRICT_GenoGrammar_assembly_bridge.csv
GCF_001050555.1	02_registry_all_accession_candidates.csv;04_registry_genome_identity_resolved.csv;12_STRICT_GenoGrammar_assembly_bridge.csv
GCF_001051015	02_registry_all_accession_candidates.csv;12_STRICT_GenoGrammar_assembly_bridge.csv
GCF_001051015.2	02_registry_all_accession_candidates.csv;04_registry_genome_identity_resolved.csv;12_STRICT_GenoGrammar_assembly_bridge.csv
GCF_001067215	02_registry_all_accession_candidates.csv;12_STRICT_GenoGrammar_assembly_bridge.csv
GCF_001067215.1	02_registry_all_accession_candidates.csv;04_registry_genome_identity_resolved.csv;12_STRICT_GenoGrammar_assembly_bridge.csv
GCF_001191565	02_registry_all_accession_candidates.csv;12_STRICT_GenoGrammar_assembly_bridge.csv
GCF_001191565.1	02_registry_all_accession_candidates.csv;04_registry_genome_identity_resolved.csv;12_STRICT_GenoGrammar_assembly_bridge.csv
GCF_001244395	02_registry_all_accession_candidates.csv;12_STRICT_GenoGrammar_assembly_bridge.csv
GCF_001244395.1	02_registry_all_accession_candidates.csv;04_registry_genome_identity_resolved.csv;12_STRICT_GenoGrammar_assembly_bridge.csv
GCF_001263975	02_registry_all_accession_candidates.csv;12_STRICT_GenoGrammar_assembly_bridge.csv
GCF_001263975.1	02_registry_all_accession_candidates.csv;04_registry_genome_identity_resolved.csv;12_STRICT_GenoGrammar_assembly_bridge.csv
GCF_001263985	02_registry_all_accession_candidates.csv;12_STRICT_GenoGrammar_assembly_bridge.csv
GCF_001263985.1	02_registry_all_accession_candidates.csv;04_registry_genome_identity_resolved.csv;12_STRICT_GenoGrammar_assembly_bridge.csv
GCF_001272315	02_registry_all_accession_candidates.csv;12_STRICT_GenoGrammar_assembly_bridge.csv
GCF_001272315.2	02_registry_all_accession_candidates.csv;04_registry_genome_identity_resolved.csv;12_STRICT_GenoGrammar_assembly_bridge.csv
GCF_001278015	02_registry_all_accession_candidates.csv;12_STRICT_GenoGrammar_assembly_bridge.csv
GCF_001278015.1	02_registry_all_accession_candidates.csv;04_registry_genome_identity_resolved.csv;12_STRICT_GenoGrammar_assembly_bridge.csv
GCF_001280285	02_registry_all_accession_candidates.csv;12_STRICT_GenoGrammar_assembly_bridge.csv
GCF_001280285.1	02_registry_all_accession_candidates.csv;04_registry_genome_identity_resolved.csv;12_STRICT_GenoGrammar_assembly_bridge.csv
GCF_001281305	02_registry_all_accession_candidates.csv;12_STRICT_GenoGrammar_assembly_bridge.csv
GCF_001281305.1	02_registry_all_accession_candidates.csv;04_registry_genome_identity_resolved.csv;12_STRICT_GenoGrammar_assembly_bridge.csv
GCF_001281345	02_registry_all_accession_candidates.csv;12_STRICT_GenoGrammar_assembly_bridge.csv
GCF_001281345.1	02_registry_all_accession_candidates.csv;04_registry_genome_identity_resolved.csv;12_STRICT_GenoGrammar_assembly_bridge.csv
GCF_001281425	02_registry_all_accession_candidates.csv;12_STRICT_GenoGrammar_assembly_bridge.csv
GCF_001281425.1	02_registry_all_accession_candidates.csv;04_registry_genome_identity_resolved.csv;12_STRICT_GenoGrammar_assembly_bridge.csv
GCF_001293145	02_registry_all_accession_candidates.csv;12_STRICT_GenoGrammar_assembly_bridge.csv
GCF_001293145.1	02_registry_all_accession_candidates.csv;04_registry_genome_identity_resolved.csv;12_STRICT_GenoGrammar_assembly_bridge.csv
GCF_001296095	02_registry_all_accession_candidates.csv;12_STRICT_GenoGrammar_assembly_bridge.csv
GCF_001296095.1	02_registry_all_accession_candidates.csv;04_registry_genome_identity_resolved.csv;12_STRICT_GenoGrammar_assembly_bridge.csv
GCF_001297905	02_registry_all_accession_candidates.csv;12_STRICT_GenoGrammar_assembly_bridge.csv
GCF_001297905.1	02_registry_all_accession_candidates.csv;04_registry_genome_identity_resolved.csv;12_STRICT_GenoGrammar_assembly_bridge.csv
GCF_001306395	02_registry_all_accession_candidates.csv;12_STRICT_GenoGrammar_assembly_bridge.csv
GCF_001306395.1	02_registry_all_accession_candidates.csv;04_registry_genome_identity_resolved.csv;12_STRICT_GenoGrammar_assembly_bridge.csv
GCF_001307325	02_registry_all_accession_candidates.csv;12_STRICT_GenoGrammar_assembly_bridge.csv
GCF_001307325.1	02_registry_all_accession_candidates.csv;04_registry_genome_identity_resolved.csv;12_STRICT_GenoGrammar_assembly_bridge.csv
GCF_001308285	02_registry_all_accession_candidates.csv;12_STRICT_GenoGrammar_assembly_bridge.csv
GCF_001308285.1	02_registry_all_accession_candidates.csv;04_registry_genome_identity_resolved.csv;12_STRICT_GenoGrammar_assembly_bridge.csv
GCF_001308305	02_registry_all_accession_candidates.csv;12_STRICT_GenoGrammar_assembly_bridge.csv
GCF_001308305.1	02_registry_all_accession_candidates.csv;04_registry_genome_identity_resolved.csv;12_STRICT_GenoGrammar_assembly_bridge.csv
GCF_001311315	02_registry_all_accession_candidates.csv;12_STRICT_GenoGrammar_assembly_bridge.csv
GCF_001311315.1	02_registry_all_accession_candidates.csv;04_registry_genome_identity_resolved.csv;12_STRICT_GenoGrammar_assembly_bridge.csv
GCF_001331925	02_registry_all_accession_candidates.csv;12_STRICT_GenoGrammar_assembly_bridge.csv
GCF_001331925.2	02_registry_all_accession_candidates.csv;04_registry_genome_identity_resolved.csv;12_STRICT_GenoGrammar_assembly_bridge.csv
GCF_001368755	02_registry_all_accession_candidates.csv;12_STRICT_GenoGrammar_assembly_bridge.csv
GCF_001368755.1	02_registry_all_accession_candidates.csv;04_registry_genome_identity_resolved.csv;12_STRICT_GenoGrammar_assembly_bridge.csv
GCF_001368775	02_registry_all_accession_candidates.csv;12_STRICT_GenoGrammar_assembly_bridge.csv
GCF_001368775.1	02_registry_all_accession_candidates.csv;04_registry_genome_identity_resolved.csv;12_STRICT_GenoGrammar_assembly_bridge.csv
GCF_001433735	02_registry_all_accession_candidates.csv;12_STRICT_GenoGrammar_assembly_bridge.csv
GCF_001433735.1	02_registry_all_accession_candidates.csv;04_registry_genome_identity_resolved.csv;12_STRICT_GenoGrammar_assembly_bridge.csv
GCF_001433855	02_registry_all_accession_candidates.csv;12_STRICT_GenoGrammar_assembly_bridge.csv
GCF_001433855.1	02_registry_all_accession_candidates.csv;04_registry_genome_identity_resolved.csv;12_STRICT_GenoGrammar_assembly_bridge.csv
GCF_001433895	02_registry_all_accession_candidates.csv;12_STRICT_GenoGrammar_assembly_bridge.csv
GCF_001433895.1	02_registry_all_accession_candidates.csv;04_registry_genome_identity_resolved.csv;12_STRICT_GenoGrammar_assembly_bridge.csv
GCF_001434005	02_registry_all_accession_candidates.csv;12_STRICT_GenoGrammar_assembly_bridge.csv
GCF_001434005.1	02_registry_all_accession_candidates.csv;04_registry_genome_identity_resolved.csv;12_STRICT_GenoGrammar_assembly_bridge.csv
GCF_001435405	02_registry_all_accession_candidates.csv;12_STRICT_GenoGrammar_assembly_bridge.csv
GCF_001435405.1	02_registry_all_accession_candidates.csv;04_registry_genome_identity_resolved.csv;12_STRICT_GenoGrammar_assembly_bridge.csv
GCF_001436485	02_registry_all_accession_candidates.csv
GCF_001436485.1	02_registry_all_accession_candidates.csv;04_registry_genome_identity_resolved.csv
GCF_001444495	02_registry_all_accession_candidates.csv;12_STRICT_GenoGrammar_assembly_bridge.csv
GCF_001444495.1	02_registry_all_accession_candidates.csv;04_registry_genome_identity_resolved.csv;12_STRICT_GenoGrammar_assembly_bridge.csv
GCF_001446255	02_registry_all_accession_candidates.csv;12_STRICT_GenoGrammar_assembly_bridge.csv
GCF_001446255.1	02_registry_all_accession_candidates.csv;04_registry_genome_identity_resolved.csv;12_STRICT_GenoGrammar_assembly_bridge.csv
GCF_001446275	02_registry_all_accession_candidates.csv;12_STRICT_GenoGrammar_assembly_bridge.csv
GCF_001446275.1	02_registry_all_accession_candidates.csv;04_registry_genome_identity_resolved.csv;12_STRICT_GenoGrammar_assembly_bridge.csv
GCF_001465815	02_registry_all_accession_candidates.csv;12_STRICT_GenoGrammar_assembly_bridge.csv
GCF_001465815.1	02_registry_all_accession_candidates.csv;04_registry_genome_identity_resolved.csv;12_STRICT_GenoGrammar_assembly_bridge.csv
GCF_001469775	02_registry_all_accession_candidates.csv;12_STRICT_GenoGrammar_assembly_bridge.csv
GCF_001469775.1	02_registry_all_accession_candidates.csv;04_registry_genome_identity_resolved.csv;12_STRICT_GenoGrammar_assembly_bridge.csv
GCF_001484005	02_registry_all_accession_candidates.csv;12_STRICT_GenoGrammar_assembly_bridge.csv
GCF_001484005.1	02_registry_all_accession_candidates.csv;04_registry_genome_identity_resolved.csv;12_STRICT_GenoGrammar_assembly_bridge.csv
GCF_001514415	02_registry_all_accession_candidates.csv;12_STRICT_GenoGrammar_assembly_bridge.csv
GCF_001514415.1	02_registry_all_accession_candidates.csv;04_registry_genome_identity_resolved.csv;12_STRICT_GenoGrammar_assembly_bridge.csv
GCF_001514435	02_registry_all_accession_candidates.csv;12_STRICT_GenoGrammar_assembly_bridge.csv
GCF_001514435.1	02_registry_all_accession_candidates.csv;04_registry_genome_identity_resolved.csv;12_STRICT_GenoGrammar_assembly_bridge.csv
GCF_001540905	02_registry_all_accession_candidates.csv;12_STRICT_GenoGrammar_assembly_bridge.csv
GCF_001540905.1	02_registry_all_accession_candidates.csv;04_registry_genome_identity_resolved.csv;12_STRICT_GenoGrammar_assembly_bridge.csv
GCF_001541605	02_registry_all_accession_candidates.csv;12_STRICT_GenoGrammar_assembly_bridge.csv
GCF_001541605.1	02_registry_all_accession_candidates.csv;04_registry_genome_identity_resolved.csv;12_STRICT_GenoGrammar_assembly_bridge.csv
GCF_001541905	02_registry_all_accession_candidates.csv;12_STRICT_GenoGrammar_assembly_bridge.csv
GCF_001541905.1	02_registry_all_accession_candidates.csv;04_registry_genome_identity_resolved.csv;12_STRICT_GenoGrammar_assembly_bridge.csv
GCF_001581895	02_registry_all_accession_candidates.csv;12_STRICT_GenoGrammar_assembly_bridge.csv
GCF_001581895.1	02_registry_all_accession_candidates.csv;04_registry_genome_identity_resolved.csv;12_STRICT_GenoGrammar_assembly_bridge.csv
GCF_001617525	02_registry_all_accession_candidates.csv;12_STRICT_GenoGrammar_assembly_bridge.csv
GCF_001617525.2	02_registry_all_accession_candidates.csv;04_registry_genome_identity_resolved.csv;12_STRICT_GenoGrammar_assembly_bridge.csv
GCF_001618905	02_registry_all_accession_candidates.csv;12_STRICT_GenoGrammar_assembly_bridge.csv
GCF_001618905.1	02_registry_all_accession_candidates.csv;04_registry_genome_identity_resolved.csv;12_STRICT_GenoGrammar_assembly_bridge.csv
GCF_001619265	02_registry_all_accession_candidates.csv;12_STRICT_GenoGrammar_assembly_bridge.csv
GCF_001619265.1	02_registry_all_accession_candidates.csv;04_registry_genome_identity_resolved.csv;12_STRICT_GenoGrammar_assembly_bridge.csv
GCF_001633745	02_registry_all_accession_candidates.csv;12_STRICT_GenoGrammar_assembly_bridge.csv
GCF_001633745.1	02_registry_all_accession_candidates.csv;04_registry_genome_identity_resolved.csv;12_STRICT_GenoGrammar_assembly_bridge.csv
GCF_001645365	02_registry_all_accession_candidates.csv;12_STRICT_GenoGrammar_assembly_bridge.csv
GCF_001645365.1	02_registry_all_accession_candidates.csv;04_registry_genome_identity_resolved.csv;12_STRICT_GenoGrammar_assembly_bridge.csv
GCF_001646605	02_registry_all_accession_candidates.csv;12_STRICT_GenoGrammar_assembly_bridge.csv
GCF_001646605.1	02_registry_all_accession_candidates.csv;04_registry_genome_identity_resolved.csv;12_STRICT_GenoGrammar_assembly_bridge.csv
GCF_001657495	02_registry_all_accession_candidates.csv;12_STRICT_GenoGrammar_assembly_bridge.csv
GCF_001657495.1	02_registry_all_accession_candidates.csv;04_registry_genome_identity_resolved.csv;12_STRICT_GenoGrammar_assembly_bridge.csv
GCF_001659745	02_registry_all_accession_candidates.csv;12_STRICT_GenoGrammar_assembly_bridge.csv
GCF_001659745.1	02_registry_all_accession_candidates.csv;04_registry_genome_identity_resolved.csv;12_STRICT_GenoGrammar_assembly_bridge.csv
GCF_001660025	02_registry_all_accession_candidates.csv;12_STRICT_GenoGrammar_assembly_bridge.csv
GCF_001660025.1	02_registry_all_accession_candidates.csv;04_registry_genome_identity_resolved.csv;12_STRICT_GenoGrammar_assembly_bridge.csv
GCF_001660525	02_registry_all_accession_candidates.csv;12_STRICT_GenoGrammar_assembly_bridge.csv
GCF_001660525.1	02_registry_all_accession_candidates.csv;04_registry_genome_identity_resolved.csv;12_STRICT_GenoGrammar_assembly_bridge.csv
GCF_001660645	02_registry_all_accession_candidates.csv;12_STRICT_GenoGrammar_assembly_bridge.csv
GCF_001660645.1	02_registry_all_accession_candidates.csv;04_registry_genome_identity_resolved.csv;12_STRICT_GenoGrammar_assembly_bridge.csv
GCF_001663795	02_registry_all_accession_candidates.csv;12_STRICT_GenoGrammar_assembly_bridge.csv
GCF_001663795.1	02_registry_all_accession_candidates.csv;04_registry_genome_identity_resolved.csv;12_STRICT_GenoGrammar_assembly_bridge.csv
GCF_001672035	02_registry_all_accession_candidates.csv;12_STRICT_GenoGrammar_assembly_bridge.csv
GCF_001672035.1	02_registry_all_accession_candidates.csv;04_registry_genome_identity_resolved.csv;12_STRICT_GenoGrammar_assembly_bridge.csv
GCF_001676805	02_registry_all_accession_candidates.csv;12_STRICT_GenoGrammar_assembly_bridge.csv
GCF_001676805.1	02_registry_all_accession_candidates.csv;04_registry_genome_identity_resolved.csv;12_STRICT_GenoGrammar_assembly_bridge.csv
GCF_001685375	02_registry_all_accession_candidates.csv;12_STRICT_GenoGrammar_assembly_bridge.csv
GCF_001685375.1	02_registry_all_accession_candidates.csv;04_registry_genome_identity_resolved.csv;12_STRICT_GenoGrammar_assembly_bridge.csv
GCF_001697265	02_registry_all_accession_candidates.csv;12_STRICT_GenoGrammar_assembly_bridge.csv
GCF_001697265.1	02_registry_all_accession_candidates.csv;04_registry_genome_identity_resolved.csv;12_STRICT_GenoGrammar_assembly_bridge.csv
GCF_001702095	02_registry_all_accession_candidates.csv;12_STRICT_GenoGrammar_assembly_bridge.csv
GCF_001702095.1	02_registry_all_accession_candidates.csv;04_registry_genome_identity_resolved.csv;12_STRICT_GenoGrammar_assembly_bridge.csv
GCF_001703495	02_registry_all_accession_candidates.csv;12_STRICT_GenoGrammar_assembly_bridge.csv
GCF_001703495.1	02_registry_all_accession_candidates.csv;04_registry_genome_identity_resolved.csv;12_STRICT_GenoGrammar_assembly_bridge.csv
GCF_001705585	02_registry_all_accession_candidates.csv;12_STRICT_GenoGrammar_assembly_bridge.csv
GCF_001705585.1	02_registry_all_accession_candidates.csv;04_registry_genome_identity_resolved.csv;12_STRICT_GenoGrammar_assembly_bridge.csv
GCF_001715615	02_registry_all_accession_candidates.csv;12_STRICT_GenoGrammar_assembly_bridge.csv
GCF_001715615.1	02_registry_all_accession_candidates.csv;04_registry_genome_identity_resolved.csv;12_STRICT_GenoGrammar_assembly_bridge.csv
GCF_001719085	02_registry_all_accession_candidates.csv;12_STRICT_GenoGrammar_assembly_bridge.csv
GCF_001719085.1	02_registry_all_accession_candidates.csv;04_registry_genome_identity_resolved.csv;12_STRICT_GenoGrammar_assembly_bridge.csv
GCF_001720285	02_registry_all_accession_candidates.csv;12_STRICT_GenoGrammar_assembly_bridge.csv
GCF_001720285.1	02_registry_all_accession_candidates.csv;04_registry_genome_identity_resolved.csv;12_STRICT_GenoGrammar_assembly_bridge.csv
GCF_001721925	02_registry_all_accession_candidates.csv;12_STRICT_GenoGrammar_assembly_bridge.csv
GCF_001721925.1	02_registry_all_accession_candidates.csv;04_registry_genome_identity_resolved.csv;12_STRICT_GenoGrammar_assembly_bridge.csv
GCF_001722065	02_registry_all_accession_candidates.csv;12_STRICT_GenoGrammar_assembly_bridge.csv
GCF_001722065.1	02_registry_all_accession_candidates.csv;04_registry_genome_identity_resolved.csv;12_STRICT_GenoGrammar_assembly_bridge.csv
GCF_001723545	02_registry_all_accession_candidates.csv;12_STRICT_GenoGrammar_assembly_bridge.csv
GCF_001723545.1	02_registry_all_accession_candidates.csv;04_registry_genome_identity_resolved.csv;12_STRICT_GenoGrammar_assembly_bridge.csv
GCF_001725985	02_registry_all_accession_candidates.csv;12_STRICT_GenoGrammar_assembly_bridge.csv
GCF_001725985.1	02_registry_all_accession_candidates.csv;04_registry_genome_identity_resolved.csv;12_STRICT_GenoGrammar_assembly_bridge.csv
GCF_001742205	02_registry_all_accession_candidates.csv;12_STRICT_GenoGrammar_assembly_bridge.csv
GCF_001742205.1	02_registry_all_accession_candidates.csv;04_registry_genome_identity_resolved.csv;12_STRICT_GenoGrammar_assembly_bridge.csv
GCF_001742965	02_registry_all_accession_candidates.csv;12_STRICT_GenoGrammar_assembly_bridge.csv
GCF_001742965.1	02_registry_all_accession_candidates.csv;04_registry_genome_identity_resolved.csv;12_STRICT_GenoGrammar_assembly_bridge.csv
GCF_001746265	02_registry_all_accession_candidates.csv;12_STRICT_GenoGrammar_assembly_bridge.csv
GCF_001746265.1	02_registry_all_accession_candidates.csv;04_registry_genome_identity_resolved.csv;12_STRICT_GenoGrammar_assembly_bridge.csv
GCF_001750745	02_registry_all_accession_candidates.csv;12_STRICT_GenoGrammar_assembly_bridge.csv
GCF_001750745.1	02_registry_all_accession_candidates.csv;04_registry_genome_identity_resolved.csv;12_STRICT_GenoGrammar_assembly_bridge.csv
GCF_001754005	02_registry_all_accession_candidates.csv;12_STRICT_GenoGrammar_assembly_bridge.csv
GCF_001754005.1	02_registry_all_accession_candidates.csv;04_registry_genome_identity_resolved.csv;12_STRICT_GenoGrammar_assembly_bridge.csv
GCF_001831235	02_registry_all_accession_candidates.csv;12_STRICT_GenoGrammar_assembly_bridge.csv
GCF_001831235.1	02_registry_all_accession_candidates.csv;04_registry_genome_identity_resolved.csv;12_STRICT_GenoGrammar_assembly_bridge.csv
GCF_001854105	02_registry_all_accession_candidates.csv;12_STRICT_GenoGrammar_assembly_bridge.csv
GCF_001854105.1	02_registry_all_accession_candidates.csv;04_registry_genome_identity_resolved.csv;12_STRICT_GenoGrammar_assembly_bridge.csv
GCF_001855705	02_registry_all_accession_candidates.csv;12_STRICT_GenoGrammar_assembly_bridge.csv
GCF_001855705.1	02_registry_all_accession_candidates.csv;04_registry_genome_identity_resolved.csv;12_STRICT_GenoGrammar_assembly_bridge.csv
GCF_001856165	02_registry_all_accession_candidates.csv;12_STRICT_GenoGrammar_assembly_bridge.csv
GCF_001856165.1	02_registry_all_accession_candidates.csv;04_registry_genome_identity_resolved.csv;12_STRICT_GenoGrammar_assembly_bridge.csv
GCF_001880185	02_registry_all_accession_candidates.csv;12_STRICT_GenoGrammar_assembly_bridge.csv
GCF_001880185.2	02_registry_all_accession_candidates.csv;04_registry_genome_identity_resolved.csv;12_STRICT_GenoGrammar_assembly_bridge.csv
GCF_001885295	02_registry_all_accession_candidates.csv;12_STRICT_GenoGrammar_assembly_bridge.csv
GCF_001885295.1	02_registry_all_accession_candidates.csv;04_registry_genome_identity_resolved.csv;12_STRICT_GenoGrammar_assembly_bridge.csv
GCF_001888275	02_registry_all_accession_candidates.csv;12_STRICT_GenoGrammar_assembly_bridge.csv
GCF_001888275.1	02_registry_all_accession_candidates.csv;04_registry_genome_identity_resolved.csv;12_STRICT_GenoGrammar_assembly_bridge.csv
GCF_001888525	02_registry_all_accession_candidates.csv;12_STRICT_GenoGrammar_assembly_bridge.csv
GCF_001888525.1	02_registry_all_accession_candidates.csv;04_registry_genome_identity_resolved.csv;12_STRICT_GenoGrammar_assembly_bridge.csv
GCF_001888645	02_registry_all_accession_candidates.csv;12_STRICT_GenoGrammar_assembly_bridge.csv
GCF_001888645.1	02_registry_all_accession_candidates.csv;04_registry_genome_identity_resolved.csv;12_STRICT_GenoGrammar_assembly_bridge.csv
GCF_001888655	02_registry_all_accession_candidates.csv;12_STRICT_GenoGrammar_assembly_bridge.csv
GCF_001888655.1	02_registry_all_accession_candidates.csv;04_registry_genome_identity_resolved.csv;12_STRICT_GenoGrammar_assembly_bridge.csv
GCF_001888735	02_registry_all_accession_candidates.csv;12_STRICT_GenoGrammar_assembly_bridge.csv
GCF_001888735.1	02_registry_all_accession_candidates.csv;04_registry_genome_identity_resolved.csv;12_STRICT_GenoGrammar_assembly_bridge.csv
GCF_001889975	02_registry_all_accession_candidates.csv;12_STRICT_GenoGrammar_assembly_bridge.csv
GCF_001889975.1	02_registry_all_accession_candidates.csv;04_registry_genome_identity_resolved.csv;12_STRICT_GenoGrammar_assembly_bridge.csv
GCF_001908455	02_registry_all_accession_candidates.csv;12_STRICT_GenoGrammar_assembly_bridge.csv
GCF_001908455.1	02_registry_all_accession_candidates.csv;04_registry_genome_identity_resolved.csv;12_STRICT_GenoGrammar_assembly_bridge.csv
GCF_001940535	02_registry_all_accession_candidates.csv;12_STRICT_GenoGrammar_assembly_bridge.csv
GCF_001940535.1	02_registry_all_accession_candidates.csv;04_registry_genome_identity_resolved.csv;12_STRICT_GenoGrammar_assembly_bridge.csv
GCF_001940585	02_registry_all_accession_candidates.csv
GCF_001940585.1	02_registry_all_accession_candidates.csv;04_registry_genome_identity_resolved.csv
GCF_001941785	02_registry_all_accession_candidates.csv;12_STRICT_GenoGrammar_assembly_bridge.csv
GCF_001941785.1	02_registry_all_accession_candidates.csv;04_registry_genome_identity_resolved.csv;12_STRICT_GenoGrammar_assembly_bridge.csv
GCF_001950045	02_registry_all_accession_candidates.csv;12_STRICT_GenoGrammar_assembly_bridge.csv
GCF_001950045.1	02_registry_all_accession_candidates.csv;04_registry_genome_identity_resolved.csv;12_STRICT_GenoGrammar_assembly_bridge.csv
GCF_001953135	02_registry_all_accession_candidates.csv;12_STRICT_GenoGrammar_assembly_bridge.csv
GCF_001953135.1	02_registry_all_accession_candidates.csv;04_registry_genome_identity_resolved.csv;12_STRICT_GenoGrammar_assembly_bridge.csv
GCF_001982425	02_registry_all_accession_candidates.csv;12_STRICT_GenoGrammar_assembly_bridge.csv
GCF_001982425.1	02_registry_all_accession_candidates.csv;04_registry_genome_identity_resolved.csv;12_STRICT_GenoGrammar_assembly_bridge.csv
GCF_001988935	02_registry_all_accession_candidates.csv;12_STRICT_GenoGrammar_assembly_bridge.csv
GCF_001988935.1	02_registry_all_accession_candidates.csv;04_registry_genome_identity_resolved.csv;12_STRICT_GenoGrammar_assembly_bridge.csv
GCF_001990145	02_registry_all_accession_candidates.csv;12_STRICT_GenoGrammar_assembly_bridge.csv
GCF_001990145.1	02_registry_all_accession_candidates.csv;04_registry_genome_identity_resolved.csv;12_STRICT_GenoGrammar_assembly_bridge.csv
GCF_001990225	02_registry_all_accession_candidates.csv;12_STRICT_GenoGrammar_assembly_bridge.csv
GCF_001990225.1	02_registry_all_accession_candidates.csv;04_registry_genome_identity_resolved.csv;12_STRICT_GenoGrammar_assembly_bridge.csv
GCF_002000885	02_registry_all_accession_candidates.csv;12_STRICT_GenoGrammar_assembly_bridge.csv
GCF_002000885.1	02_registry_all_accession_candidates.csv;04_registry_genome_identity_resolved.csv;12_STRICT_GenoGrammar_assembly_bridge.csv
GCF_002005385	02_registry_all_accession_candidates.csv;12_STRICT_GenoGrammar_assembly_bridge.csv
GCF_002005385.2	02_registry_all_accession_candidates.csv;04_registry_genome_identity_resolved.csv;12_STRICT_GenoGrammar_assembly_bridge.csv
GCF_002012365	02_registry_all_accession_candidates.csv;12_STRICT_GenoGrammar_assembly_bridge.csv
GCF_002012365.1	02_registry_all_accession_candidates.csv;04_registry_genome_identity_resolved.csv;12_STRICT_GenoGrammar_assembly_bridge.csv
GCF_002017995	02_registry_all_accession_candidates.csv;12_STRICT_GenoGrammar_assembly_bridge.csv
GCF_002017995.1	02_registry_all_accession_candidates.csv;04_registry_genome_identity_resolved.csv;12_STRICT_GenoGrammar_assembly_bridge.csv
GCF_002024845	02_registry_all_accession_candidates.csv;12_STRICT_GenoGrammar_assembly_bridge.csv
GCF_002024845.1	02_registry_all_accession_candidates.csv;04_registry_genome_identity_resolved.csv;12_STRICT_GenoGrammar_assembly_bridge.csv
GCF_002027265	02_registry_all_accession_candidates.csv;12_STRICT_GenoGrammar_assembly_bridge.csv
GCF_002027265.1	02_registry_all_accession_candidates.csv;04_registry_genome_identity_resolved.csv;12_STRICT_GenoGrammar_assembly_bridge.csv
GCF_002075105	02_registry_all_accession_candidates.csv;12_STRICT_GenoGrammar_assembly_bridge.csv
GCF_002075105.1	02_registry_all_accession_candidates.csv;04_registry_genome_identity_resolved.csv;12_STRICT_GenoGrammar_assembly_bridge.csv
GCF_002076955	02_registry_all_accession_candidates.csv;12_STRICT_GenoGrammar_assembly_bridge.csv
GCF_002076955.1	02_registry_all_accession_candidates.csv;04_registry_genome_identity_resolved.csv;12_STRICT_GenoGrammar_assembly_bridge.csv
GCF_002078375	02_registry_all_accession_candidates.csv;12_STRICT_GenoGrammar_assembly_bridge.csv
GCF_002078375.4	02_registry_all_accession_candidates.csv;04_registry_genome_identity_resolved.csv;12_STRICT_GenoGrammar_assembly_bridge.csv
GCF_002078435	02_registry_all_accession_candidates.csv;12_STRICT_GenoGrammar_assembly_bridge.csv
GCF_002078435.1	02_registry_all_accession_candidates.csv;04_registry_genome_identity_resolved.csv;12_STRICT_GenoGrammar_assembly_bridge.csv
GCF_002078475	02_registry_all_accession_candidates.csv;12_STRICT_GenoGrammar_assembly_bridge.csv
GCF_002078475.4	02_registry_all_accession_candidates.csv;04_registry_genome_identity_resolved.csv;12_STRICT_GenoGrammar_assembly_bridge.csv
GCF_002078495	02_registry_all_accession_candidates.csv;12_STRICT_GenoGrammar_assembly_bridge.csv
GCF_002078495.2	02_registry_all_accession_candidates.csv;04_registry_genome_identity_resolved.csv;12_STRICT_GenoGrammar_assembly_bridge.csv
GCF_002078615	02_registry_all_accession_candidates.csv;12_STRICT_GenoGrammar_assembly_bridge.csv
GCF_002078615.4	02_registry_all_accession_candidates.csv;04_registry_genome_identity_resolved.csv;12_STRICT_GenoGrammar_assembly_bridge.csv
GCF_002078765	02_registry_all_accession_candidates.csv;12_STRICT_GenoGrammar_assembly_bridge.csv
GCF_002078765.3	02_registry_all_accession_candidates.csv;04_registry_genome_identity_resolved.csv;12_STRICT_GenoGrammar_assembly_bridge.csv
GCF_002078855	02_registry_all_accession_candidates.csv;12_STRICT_GenoGrammar_assembly_bridge.csv
GCF_002078855.1	02_registry_all_accession_candidates.csv;04_registry_genome_identity_resolved.csv;12_STRICT_GenoGrammar_assembly_bridge.csv
GCF_002078895	02_registry_all_accession_candidates.csv;12_STRICT_GenoGrammar_assembly_bridge.csv
GCF_002078895.2	02_registry_all_accession_candidates.csv;04_registry_genome_identity_resolved.csv;12_STRICT_GenoGrammar_assembly_bridge.csv
GCF_002078935	02_registry_all_accession_candidates.csv;12_STRICT_GenoGrammar_assembly_bridge.csv
GCF_002078935.2	02_registry_all_accession_candidates.csv;04_registry_genome_identity_resolved.csv;12_STRICT_GenoGrammar_assembly_bridge.csv
GCF_002078955	02_registry_all_accession_candidates.csv;12_STRICT_GenoGrammar_assembly_bridge.csv
GCF_002078955.2	02_registry_all_accession_candidates.csv;04_registry_genome_identity_resolved.csv;12_STRICT_GenoGrammar_assembly_bridge.csv
GCF_002078975	02_registry_all_accession_candidates.csv;12_STRICT_GenoGrammar_assembly_bridge.csv
GCF_002078975.4	02_registry_all_accession_candidates.csv;04_registry_genome_identity_resolved.csv;12_STRICT_GenoGrammar_assembly_bridge.csv
GCF_002078995	02_registry_all_accession_candidates.csv;12_STRICT_GenoGrammar_assembly_bridge.csv
GCF_002078995.4	02_registry_all_accession_candidates.csv;04_registry_genome_identity_resolved.csv;12_STRICT_GenoGrammar_assembly_bridge.csv
GCF_002079285	02_registry_all_accession_candidates.csv;12_STRICT_GenoGrammar_assembly_bridge.csv
GCF_002079285.1	02_registry_all_accession_candidates.csv;04_registry_genome_identity_resolved.csv;12_STRICT_GenoGrammar_assembly_bridge.csv
GCF_002091995	02_registry_all_accession_candidates.csv;12_STRICT_GenoGrammar_assembly_bridge.csv
GCF_002091995.1	02_registry_all_accession_candidates.csv;04_registry_genome_identity_resolved.csv;12_STRICT_GenoGrammar_assembly_bridge.csv
GCF_002093065	02_registry_all_accession_candidates.csv;12_STRICT_GenoGrammar_assembly_bridge.csv
GCF_002093065.1	02_registry_all_accession_candidates.csv;04_registry_genome_identity_resolved.csv;12_STRICT_GenoGrammar_assembly_bridge.csv
GCF_002105575	02_registry_all_accession_candidates.csv;12_STRICT_GenoGrammar_assembly_bridge.csv
GCF_002105575.1	02_registry_all_accession_candidates.csv;04_registry_genome_identity_resolved.csv;12_STRICT_GenoGrammar_assembly_bridge.csv
GCF_002107995	02_registry_all_accession_candidates.csv;12_STRICT_GenoGrammar_assembly_bridge.csv
GCF_002107995.1	02_registry_all_accession_candidates.csv;04_registry_genome_identity_resolved.csv;12_STRICT_GenoGrammar_assembly_bridge.csv
GCF_002112225	02_registry_all_accession_candidates.csv;12_STRICT_GenoGrammar_assembly_bridge.csv
GCF_002112225.1	02_registry_all_accession_candidates.csv;04_registry_genome_identity_resolved.csv;12_STRICT_GenoGrammar_assembly_bridge.csv
GCF_002119645	02_registry_all_accession_candidates.csv;12_STRICT_GenoGrammar_assembly_bridge.csv
GCF_002119645.1	02_registry_all_accession_candidates.csv;04_registry_genome_identity_resolved.csv;12_STRICT_GenoGrammar_assembly_bridge.csv
GCF_002148215	02_registry_all_accession_candidates.csv;12_STRICT_GenoGrammar_assembly_bridge.csv
GCF_002148215.1	02_registry_all_accession_candidates.csv;04_registry_genome_identity_resolved.csv;12_STRICT_GenoGrammar_assembly_bridge.csv
GCF_002158925	02_registry_all_accession_candidates.csv;12_STRICT_GenoGrammar_assembly_bridge.csv
GCF_002158925.1	02_registry_all_accession_candidates.csv;04_registry_genome_identity_resolved.csv;12_STRICT_GenoGrammar_assembly_bridge.csv
GCF_002165655	02_registry_all_accession_candidates.csv;12_STRICT_GenoGrammar_assembly_bridge.csv
GCF_002165655.1	02_registry_all_accession_candidates.csv;04_registry_genome_identity_resolved.csv;12_STRICT_GenoGrammar_assembly_bridge.csv
GCF_002165715	02_registry_all_accession_candidates.csv;12_STRICT_GenoGrammar_assembly_bridge.csv
GCF_002165715.1	02_registry_all_accession_candidates.csv;04_registry_genome_identity_resolved.csv;12_STRICT_GenoGrammar_assembly_bridge.csv
GCF_002173695	02_registry_all_accession_candidates.csv;12_STRICT_GenoGrammar_assembly_bridge.csv
GCF_002173695.1	02_registry_all_accession_candidates.csv;04_registry_genome_identity_resolved.csv;12_STRICT_GenoGrammar_assembly_bridge.csv
GCF_002173715	02_registry_all_accession_candidates.csv;12_STRICT_GenoGrammar_assembly_bridge.csv
GCF_002173715.1	02_registry_all_accession_candidates.csv;04_registry_genome_identity_resolved.csv;12_STRICT_GenoGrammar_assembly_bridge.csv
GCF_002179515	02_registry_all_accession_candidates.csv;12_STRICT_GenoGrammar_assembly_bridge.csv
GCF_002179515.1	02_registry_all_accession_candidates.csv;04_registry_genome_identity_resolved.csv;12_STRICT_GenoGrammar_assembly_bridge.csv
GCF_002192215	02_registry_all_accession_candidates.csv;12_STRICT_GenoGrammar_assembly_bridge.csv
GCF_002192215.1	02_registry_all_accession_candidates.csv;04_registry_genome_identity_resolved.csv;12_STRICT_GenoGrammar_assembly_bridge.csv
GCF_002192435	02_registry_all_accession_candidates.csv;12_STRICT_GenoGrammar_assembly_bridge.csv
GCF_002192435.1	02_registry_all_accession_candidates.csv;04_registry_genome_identity_resolved.csv;12_STRICT_GenoGrammar_assembly_bridge.csv
GCF_002201955	02_registry_all_accession_candidates.csv;12_STRICT_GenoGrammar_assembly_bridge.csv
GCF_002201955.1	02_registry_all_accession_candidates.csv;04_registry_genome_identity_resolved.csv;12_STRICT_GenoGrammar_assembly_bridge.csv
GCF_002201995	02_registry_all_accession_candidates.csv;12_STRICT_GenoGrammar_assembly_bridge.csv
GCF_002201995.1	02_registry_all_accession_candidates.csv;04_registry_genome_identity_resolved.csv;12_STRICT_GenoGrammar_assembly_bridge.csv
GCF_002202035	02_registry_all_accession_candidates.csv;12_STRICT_GenoGrammar_assembly_bridge.csv
GCF_002202035.1	02_registry_all_accession_candidates.csv;04_registry_genome_identity_resolved.csv;12_STRICT_GenoGrammar_assembly_bridge.csv
GCF_002204495	02_registry_all_accession_candidates.csv;12_STRICT_GenoGrammar_assembly_bridge.csv
GCF_002204495.1	02_registry_all_accession_candidates.csv;04_registry_genome_identity_resolved.csv;12_STRICT_GenoGrammar_assembly_bridge.csv
GCF_002205775	02_registry_all_accession_candidates.csv;12_STRICT_GenoGrammar_assembly_bridge.csv
GCF_002205775.2	02_registry_all_accession_candidates.csv;04_registry_genome_identity_resolved.csv;12_STRICT_GenoGrammar_assembly_bridge.csv
GCF_002220485	02_registry_all_accession_candidates.csv;12_STRICT_GenoGrammar_assembly_bridge.csv
GCF_002220485.1	02_registry_all_accession_candidates.csv;04_registry_genome_identity_resolved.csv;12_STRICT_GenoGrammar_assembly_bridge.csv
GCF_002220815	02_registry_all_accession_candidates.csv;12_STRICT_GenoGrammar_assembly_bridge.csv
GCF_002220815.1	02_registry_all_accession_candidates.csv;04_registry_genome_identity_resolved.csv;12_STRICT_GenoGrammar_assembly_bridge.csv
GCF_002224305	02_registry_all_accession_candidates.csv;12_STRICT_GenoGrammar_assembly_bridge.csv
GCF_002224305.1	02_registry_all_accession_candidates.csv;04_registry_genome_identity_resolved.csv;12_STRICT_GenoGrammar_assembly_bridge.csv
GCF_002238035	02_registry_all_accession_candidates.csv;12_STRICT_GenoGrammar_assembly_bridge.csv
GCF_002238035.1	02_registry_all_accession_candidates.csv;04_registry_genome_identity_resolved.csv;12_STRICT_GenoGrammar_assembly_bridge.csv
GCF_002242615	02_registry_all_accession_candidates.csv;12_STRICT_GenoGrammar_assembly_bridge.csv
GCF_002242615.1	02_registry_all_accession_candidates.csv;04_registry_genome_identity_resolved.csv;12_STRICT_GenoGrammar_assembly_bridge.csv
GCF_002249825	02_registry_all_accession_candidates.csv;12_STRICT_GenoGrammar_assembly_bridge.csv
GCF_002249825.1	02_registry_all_accession_candidates.csv;04_registry_genome_identity_resolved.csv;12_STRICT_GenoGrammar_assembly_bridge.csv
GCF_002257625	02_registry_all_accession_candidates.csv;12_STRICT_GenoGrammar_assembly_bridge.csv
GCF_002257625.1	02_registry_all_accession_candidates.csv;04_registry_genome_identity_resolved.csv;12_STRICT_GenoGrammar_assembly_bridge.csv
GCF_002282915	02_registry_all_accession_candidates.csv;12_STRICT_GenoGrammar_assembly_bridge.csv
GCF_002282915.1	02_registry_all_accession_candidates.csv;04_registry_genome_identity_resolved.csv;12_STRICT_GenoGrammar_assembly_bridge.csv
GCF_002286215	02_registry_all_accession_candidates.csv;12_STRICT_GenoGrammar_assembly_bridge.csv
GCF_002286215.1	02_registry_all_accession_candidates.csv;04_registry_genome_identity_resolved.csv;12_STRICT_GenoGrammar_assembly_bridge.csv
GCF_002286255	02_registry_all_accession_candidates.csv;12_STRICT_GenoGrammar_assembly_bridge.csv
GCF_002286255.1	02_registry_all_accession_candidates.csv;04_registry_genome_identity_resolved.csv;12_STRICT_GenoGrammar_assembly_bridge.csv
GCF_002286275	02_registry_all_accession_candidates.csv;12_STRICT_GenoGrammar_assembly_bridge.csv;12_manifest_PRIMARY.csv;13_manifest_STRICT.csv
GCF_002286275.1	02_registry_all_accession_candidates.csv;04_registry_genome_identity_resolved.csv;05_manifest_PRIMARY_rescued.csv;06_manifest_STRICT_rescued.csv;12_STRICT_GenoGrammar_assembly_bridge.csv;12_manifest_PRIMARY.csv;13_manifest_STRICT.csv
GCF_002287905	02_registry_all_accession_candidates.csv;12_STRICT_GenoGrammar_assembly_bridge.csv
GCF_002287905.1	02_registry_all_accession_candidates.csv;04_registry_genome_identity_resolved.csv;12_STRICT_GenoGrammar_assembly_bridge.csv
GCF_002287945	02_registry_all_accession_candidates.csv;12_STRICT_GenoGrammar_assembly_bridge.csv
GCF_002287945.1	02_registry_all_accession_candidates.csv;04_registry_genome_identity_resolved.csv;12_STRICT_GenoGrammar_assembly_bridge.csv
GCF_002318935	02_registry_all_accession_candidates.csv;12_STRICT_GenoGrammar_assembly_bridge.csv
GCF_002318935.1	02_registry_all_accession_candidates.csv;04_registry_genome_identity_resolved.csv;12_STRICT_GenoGrammar_assembly_bridge.csv
GCF_002356135	02_registry_all_accession_candidates.csv;12_STRICT_GenoGrammar_assembly_bridge.csv
GCF_002356135.1	02_registry_all_accession_candidates.csv;04_registry_genome_identity_resolved.csv;12_STRICT_GenoGrammar_assembly_bridge.csv
GCF_002406705	02_registry_all_accession_candidates.csv;12_STRICT_GenoGrammar_assembly_bridge.csv
GCF_002406705.1	02_registry_all_accession_candidates.csv;04_registry_genome_identity_resolved.csv;12_STRICT_GenoGrammar_assembly_bridge.csv
GCF_002406795	02_registry_all_accession_candidates.csv;12_STRICT_GenoGrammar_assembly_bridge.csv
GCF_002406795.1	02_registry_all_accession_candidates.csv;04_registry_genome_identity_resolved.csv;12_STRICT_GenoGrammar_assembly_bridge.csv
GCF_002407395	02_registry_all_accession_candidates.csv;12_STRICT_GenoGrammar_assembly_bridge.csv
GCF_002407395.1	02_registry_all_accession_candidates.csv;04_registry_genome_identity_resolved.csv;12_STRICT_GenoGrammar_assembly_bridge.csv
GCF_002442835	02_registry_all_accession_candidates.csv;12_STRICT_GenoGrammar_assembly_bridge.csv
GCF_002442835.1	02_registry_all_accession_candidates.csv;04_registry_genome_identity_resolved.csv;12_STRICT_GenoGrammar_assembly_bridge.csv
GCF_002443035	02_registry_all_accession_candidates.csv;12_STRICT_GenoGrammar_assembly_bridge.csv
GCF_002443035.1	02_registry_all_accession_candidates.csv;04_registry_genome_identity_resolved.csv;12_STRICT_GenoGrammar_assembly_bridge.csv
GCF_002532115	02_registry_all_accession_candidates.csv;12_STRICT_GenoGrammar_assembly_bridge.csv
GCF_002532115.1	02_registry_all_accession_candidates.csv;04_registry_genome_identity_resolved.csv;12_STRICT_GenoGrammar_assembly_bridge.csv
GCF_002532185	02_registry_all_accession_candidates.csv;12_STRICT_GenoGrammar_assembly_bridge.csv
GCF_002532185.1	02_registry_all_accession_candidates.csv;04_registry_genome_identity_resolved.csv;12_STRICT_GenoGrammar_assembly_bridge.csv
GCF_002532245	02_registry_all_accession_candidates.csv;12_STRICT_GenoGrammar_assembly_bridge.csv
GCF_002532245.1	02_registry_all_accession_candidates.csv;04_registry_genome_identity_resolved.csv;12_STRICT_GenoGrammar_assembly_bridge.csv
GCF_002749655	02_registry_all_accession_candidates.csv;12_STRICT_GenoGrammar_assembly_bridge.csv
GCF_002749655.1	02_registry_all_accession_candidates.csv;04_registry_genome_identity_resolved.csv;12_STRICT_GenoGrammar_assembly_bridge.csv
GCF_002762415	02_registry_all_accession_candidates.csv;12_STRICT_GenoGrammar_assembly_bridge.csv
GCF_002762415.1	02_registry_all_accession_candidates.csv;04_registry_genome_identity_resolved.csv;12_STRICT_GenoGrammar_assembly_bridge.csv
GCF_002786555	02_registry_all_accession_candidates.csv;12_STRICT_GenoGrammar_assembly_bridge.csv
GCF_002786555.1	02_registry_all_accession_candidates.csv;04_registry_genome_identity_resolved.csv;12_STRICT_GenoGrammar_assembly_bridge.csv
GCF_002794275	02_registry_all_accession_candidates.csv;12_STRICT_GenoGrammar_assembly_bridge.csv;12_manifest_PRIMARY.csv
GCF_002794275.1	02_registry_all_accession_candidates.csv;04_registry_genome_identity_resolved.csv;05_manifest_PRIMARY_rescued.csv;12_STRICT_GenoGrammar_assembly_bridge.csv;12_manifest_PRIMARY.csv
GCF_002794315	02_registry_all_accession_candidates.csv;12_STRICT_GenoGrammar_assembly_bridge.csv
GCF_002794315.1	02_registry_all_accession_candidates.csv;04_registry_genome_identity_resolved.csv;12_STRICT_GenoGrammar_assembly_bridge.csv
GCF_002798075	02_registry_all_accession_candidates.csv;12_STRICT_GenoGrammar_assembly_bridge.csv
GCF_002798075.1	02_registry_all_accession_candidates.csv;04_registry_genome_identity_resolved.csv;12_STRICT_GenoGrammar_assembly_bridge.csv
GCF_002804185	02_registry_all_accession_candidates.csv;12_STRICT_GenoGrammar_assembly_bridge.csv
GCF_002804185.1	02_registry_all_accession_candidates.csv;04_registry_genome_identity_resolved.csv;12_STRICT_GenoGrammar_assembly_bridge.csv
GCF_002804285	02_registry_all_accession_candidates.csv;12_STRICT_GenoGrammar_assembly_bridge.csv
GCF_002804285.1	02_registry_all_accession_candidates.csv;04_registry_genome_identity_resolved.csv;12_STRICT_GenoGrammar_assembly_bridge.csv
GCF_002813615	02_registry_all_accession_candidates.csv;12_STRICT_GenoGrammar_assembly_bridge.csv
GCF_002813615.1	02_registry_all_accession_candidates.csv;04_registry_genome_identity_resolved.csv;12_STRICT_GenoGrammar_assembly_bridge.csv
GCF_002833115	02_registry_all_accession_candidates.csv;12_STRICT_GenoGrammar_assembly_bridge.csv
GCF_002833115.1	02_registry_all_accession_candidates.csv;04_registry_genome_identity_resolved.csv;12_STRICT_GenoGrammar_assembly_bridge.csv
GCF_002838345	02_registry_all_accession_candidates.csv;12_STRICT_GenoGrammar_assembly_bridge.csv
GCF_002838345.1	02_registry_all_accession_candidates.csv;04_registry_genome_identity_resolved.csv;12_STRICT_GenoGrammar_assembly_bridge.csv
GCF_002843115	02_registry_all_accession_candidates.csv;12_STRICT_GenoGrammar_assembly_bridge.csv
GCF_002843115.1	02_registry_all_accession_candidates.csv;04_registry_genome_identity_resolved.csv;12_STRICT_GenoGrammar_assembly_bridge.csv
GCF_002845845	02_registry_all_accession_candidates.csv;12_STRICT_GenoGrammar_assembly_bridge.csv
GCF_002845845.1	02_registry_all_accession_candidates.csv;04_registry_genome_identity_resolved.csv;12_STRICT_GenoGrammar_assembly_bridge.csv
GCF_002846075	02_registry_all_accession_candidates.csv;12_STRICT_GenoGrammar_assembly_bridge.csv
GCF_002846075.1	02_registry_all_accession_candidates.csv;04_registry_genome_identity_resolved.csv;12_STRICT_GenoGrammar_assembly_bridge.csv
GCF_002846155	02_registry_all_accession_candidates.csv;12_STRICT_GenoGrammar_assembly_bridge.csv
GCF_002846155.1	02_registry_all_accession_candidates.csv;04_registry_genome_identity_resolved.csv;12_STRICT_GenoGrammar_assembly_bridge.csv
GCF_002849515	02_registry_all_accession_candidates.csv;12_STRICT_GenoGrammar_assembly_bridge.csv
GCF_002849515.1	02_registry_all_accession_candidates.csv;04_registry_genome_identity_resolved.csv;12_STRICT_GenoGrammar_assembly_bridge.csv
GCF_002849575	02_registry_all_accession_candidates.csv;12_STRICT_GenoGrammar_assembly_bridge.csv
GCF_002849575.1	02_registry_all_accession_candidates.csv;04_registry_genome_identity_resolved.csv;12_STRICT_GenoGrammar_assembly_bridge.csv
GCF_002849915	02_registry_all_accession_candidates.csv;12_STRICT_GenoGrammar_assembly_bridge.csv
GCF_002849915.1	02_registry_all_accession_candidates.csv;04_registry_genome_identity_resolved.csv;12_STRICT_GenoGrammar_assembly_bridge.csv
GCF_002849935	02_registry_all_accession_candidates.csv;12_STRICT_GenoGrammar_assembly_bridge.csv
GCF_002849935.1	02_registry_all_accession_candidates.csv;04_registry_genome_identity_resolved.csv;12_STRICT_GenoGrammar_assembly_bridge.csv
GCF_002849955	02_registry_all_accession_candidates.csv;12_STRICT_GenoGrammar_assembly_bridge.csv
GCF_002849955.1	02_registry_all_accession_candidates.csv;04_registry_genome_identity_resolved.csv;12_STRICT_GenoGrammar_assembly_bridge.csv
GCF_002865565	02_registry_all_accession_candidates.csv;12_STRICT_GenoGrammar_assembly_bridge.csv
GCF_002865565.1	02_registry_all_accession_candidates.csv;04_registry_genome_identity_resolved.csv;12_STRICT_GenoGrammar_assembly_bridge.csv
GCF_002868755	02_registry_all_accession_candidates.csv;12_STRICT_GenoGrammar_assembly_bridge.csv
GCF_002868755.1	02_registry_all_accession_candidates.csv;04_registry_genome_identity_resolved.csv;12_STRICT_GenoGrammar_assembly_bridge.csv
GCF_002895225	02_registry_all_accession_candidates.csv;12_STRICT_GenoGrammar_assembly_bridge.csv
GCF_002895225.1	02_registry_all_accession_candidates.csv;04_registry_genome_identity_resolved.csv;12_STRICT_GenoGrammar_assembly_bridge.csv
GCF_002895245	02_registry_all_accession_candidates.csv;12_STRICT_GenoGrammar_assembly_bridge.csv
GCF_002895245.1	02_registry_all_accession_candidates.csv;04_registry_genome_identity_resolved.csv;12_STRICT_GenoGrammar_assembly_bridge.csv
GCF_002899655	02_registry_all_accession_candidates.csv;12_STRICT_GenoGrammar_assembly_bridge.csv
GCF_002899655.1	02_registry_all_accession_candidates.csv;04_registry_genome_identity_resolved.csv;12_STRICT_GenoGrammar_assembly_bridge.csv
GCF_002901165	02_registry_all_accession_candidates.csv;12_STRICT_GenoGrammar_assembly_bridge.csv
GCF_002901165.3	02_registry_all_accession_candidates.csv;04_registry_genome_identity_resolved.csv;12_STRICT_GenoGrammar_assembly_bridge.csv
GCF_002902825	02_registry_all_accession_candidates.csv;12_STRICT_GenoGrammar_assembly_bridge.csv
GCF_002902825.1	02_registry_all_accession_candidates.csv;04_registry_genome_identity_resolved.csv;12_STRICT_GenoGrammar_assembly_bridge.csv
GCF_002906875	02_registry_all_accession_candidates.csv;12_STRICT_GenoGrammar_assembly_bridge.csv
GCF_002906875.1	02_registry_all_accession_candidates.csv;04_registry_genome_identity_resolved.csv;12_STRICT_GenoGrammar_assembly_bridge.csv
GCF_002914865	02_registry_all_accession_candidates.csv;12_STRICT_GenoGrammar_assembly_bridge.csv
GCF_002914865.1	02_registry_all_accession_candidates.csv;04_registry_genome_identity_resolved.csv;12_STRICT_GenoGrammar_assembly_bridge.csv
GCF_002946455	02_registry_all_accession_candidates.csv;12_STRICT_GenoGrammar_assembly_bridge.csv
GCF_002946455.1	02_registry_all_accession_candidates.csv;04_registry_genome_identity_resolved.csv;12_STRICT_GenoGrammar_assembly_bridge.csv
GCF_002948215	02_registry_all_accession_candidates.csv;12_STRICT_GenoGrammar_assembly_bridge.csv
GCF_002948215.1	02_registry_all_accession_candidates.csv;04_registry_genome_identity_resolved.csv;12_STRICT_GenoGrammar_assembly_bridge.csv
GCF_002960215	02_registry_all_accession_candidates.csv;12_STRICT_GenoGrammar_assembly_bridge.csv
GCF_002960215.1	02_registry_all_accession_candidates.csv;04_registry_genome_identity_resolved.csv;12_STRICT_GenoGrammar_assembly_bridge.csv
GCF_002994725	02_registry_all_accession_candidates.csv;12_STRICT_GenoGrammar_assembly_bridge.csv
GCF_002994725.1	02_registry_all_accession_candidates.csv;04_registry_genome_identity_resolved.csv;12_STRICT_GenoGrammar_assembly_bridge.csv
GCF_003020005	02_registry_all_accession_candidates.csv;12_STRICT_GenoGrammar_assembly_bridge.csv
GCF_003020005.1	02_registry_all_accession_candidates.csv;04_registry_genome_identity_resolved.csv;12_STRICT_GenoGrammar_assembly_bridge.csv
GCF_003023825	02_registry_all_accession_candidates.csv;12_STRICT_GenoGrammar_assembly_bridge.csv
GCF_003023825.1	02_registry_all_accession_candidates.csv;04_registry_genome_identity_resolved.csv;12_STRICT_GenoGrammar_assembly_bridge.csv
GCF_003046055	02_registry_all_accession_candidates.csv;12_STRICT_GenoGrammar_assembly_bridge.csv
GCF_003046055.1	02_registry_all_accession_candidates.csv;04_registry_genome_identity_resolved.csv;12_STRICT_GenoGrammar_assembly_bridge.csv
GCF_003046075	02_registry_all_accession_candidates.csv;12_STRICT_GenoGrammar_assembly_bridge.csv
GCF_003046075.1	02_registry_all_accession_candidates.csv;04_registry_genome_identity_resolved.csv;12_STRICT_GenoGrammar_assembly_bridge.csv
GCF_003046115	02_registry_all_accession_candidates.csv;12_STRICT_GenoGrammar_assembly_bridge.csv
GCF_003046115.1	02_registry_all_accession_candidates.csv;04_registry_genome_identity_resolved.csv;12_STRICT_GenoGrammar_assembly_bridge.csv
GCF_003046135	02_registry_all_accession_candidates.csv;12_STRICT_GenoGrammar_assembly_bridge.csv
GCF_003046135.1	02_registry_all_accession_candidates.csv;04_registry_genome_identity_resolved.csv;12_STRICT_GenoGrammar_assembly_bridge.csv
GCF_003047065	02_registry_all_accession_candidates.csv;12_STRICT_GenoGrammar_assembly_bridge.csv
GCF_003047065.1	02_registry_all_accession_candidates.csv;04_registry_genome_identity_resolved.csv;12_STRICT_GenoGrammar_assembly_bridge.csv
GCF_003052855	02_registry_all_accession_candidates.csv;12_STRICT_GenoGrammar_assembly_bridge.csv
GCF_003052855.1	02_registry_all_accession_candidates.csv;04_registry_genome_identity_resolved.csv;12_STRICT_GenoGrammar_assembly_bridge.csv
GCF_003052925	02_registry_all_accession_candidates.csv;12_STRICT_GenoGrammar_assembly_bridge.csv
GCF_003052925.1	02_registry_all_accession_candidates.csv;04_registry_genome_identity_resolved.csv;12_STRICT_GenoGrammar_assembly_bridge.csv
GCF_003060705	02_registry_all_accession_candidates.csv;12_STRICT_GenoGrammar_assembly_bridge.csv
GCF_003060705.1	02_registry_all_accession_candidates.csv;04_registry_genome_identity_resolved.csv;12_STRICT_GenoGrammar_assembly_bridge.csv
GCF_003062045	02_registry_all_accession_candidates.csv;12_STRICT_GenoGrammar_assembly_bridge.csv
GCF_003062045.1	02_registry_all_accession_candidates.csv;04_registry_genome_identity_resolved.csv;12_STRICT_GenoGrammar_assembly_bridge.csv
GCF_003072625	02_registry_all_accession_candidates.csv;12_STRICT_GenoGrammar_assembly_bridge.csv
GCF_003072625.1	02_registry_all_accession_candidates.csv;04_registry_genome_identity_resolved.csv;12_STRICT_GenoGrammar_assembly_bridge.csv
GCF_003097595	02_registry_all_accession_candidates.csv;12_STRICT_GenoGrammar_assembly_bridge.csv
GCF_003097595.1	02_registry_all_accession_candidates.csv;04_registry_genome_identity_resolved.csv;12_STRICT_GenoGrammar_assembly_bridge.csv
GCF_003129615	02_registry_all_accession_candidates.csv;12_STRICT_GenoGrammar_assembly_bridge.csv
GCF_003129615.1	02_registry_all_accession_candidates.csv;04_registry_genome_identity_resolved.csv;12_STRICT_GenoGrammar_assembly_bridge.csv
GCF_003129645	02_registry_all_accession_candidates.csv;12_STRICT_GenoGrammar_assembly_bridge.csv
GCF_003129645.1	02_registry_all_accession_candidates.csv;04_registry_genome_identity_resolved.csv;12_STRICT_GenoGrammar_assembly_bridge.csv
GCF_003130445	02_registry_all_accession_candidates.csv;12_STRICT_GenoGrammar_assembly_bridge.csv
GCF_003130445.1	02_registry_all_accession_candidates.csv;04_registry_genome_identity_resolved.csv;12_STRICT_GenoGrammar_assembly_bridge.csv
GCF_003143915	02_registry_all_accession_candidates.csv;12_STRICT_GenoGrammar_assembly_bridge.csv
GCF_003143915.1	02_registry_all_accession_candidates.csv;04_registry_genome_identity_resolved.csv;12_STRICT_GenoGrammar_assembly_bridge.csv
GCF_003174815	02_registry_all_accession_candidates.csv;12_STRICT_GenoGrammar_assembly_bridge.csv
GCF_003174815.1	02_registry_all_accession_candidates.csv;04_registry_genome_identity_resolved.csv;12_STRICT_GenoGrammar_assembly_bridge.csv
GCF_003175015	02_registry_all_accession_candidates.csv;12_STRICT_GenoGrammar_assembly_bridge.csv
GCF_003175015.1	02_registry_all_accession_candidates.csv;04_registry_genome_identity_resolved.csv;12_STRICT_GenoGrammar_assembly_bridge.csv
GCF_003175115	02_registry_all_accession_candidates.csv;12_manifest_PRIMARY.csv;13_manifest_STRICT.csv
GCF_003175115.1	02_registry_all_accession_candidates.csv;04_registry_genome_identity_resolved.csv;05_manifest_PRIMARY_rescued.csv;06_manifest_STRICT_rescued.csv;12_manifest_PRIMARY.csv;13_manifest_STRICT.csv
GCF_003175125	02_registry_all_accession_candidates.csv;12_STRICT_GenoGrammar_assembly_bridge.csv
GCF_003175125.1	02_registry_all_accession_candidates.csv;04_registry_genome_identity_resolved.csv;12_STRICT_GenoGrammar_assembly_bridge.csv
GCF_003261135	02_registry_all_accession_candidates.csv;12_STRICT_GenoGrammar_assembly_bridge.csv
GCF_003261135.1	02_registry_all_accession_candidates.csv;04_registry_genome_identity_resolved.csv;12_STRICT_GenoGrammar_assembly_bridge.csv
GCF_003269405	02_registry_all_accession_candidates.csv;12_STRICT_GenoGrammar_assembly_bridge.csv
GCF_003269405.1	02_registry_all_accession_candidates.csv;04_registry_genome_identity_resolved.csv;12_STRICT_GenoGrammar_assembly_bridge.csv
GCF_003316895	02_registry_all_accession_candidates.csv;12_STRICT_GenoGrammar_assembly_bridge.csv
GCF_003316895.1	02_registry_all_accession_candidates.csv;04_registry_genome_identity_resolved.csv;12_STRICT_GenoGrammar_assembly_bridge.csv
GCF_003325395	02_registry_all_accession_candidates.csv;12_STRICT_GenoGrammar_assembly_bridge.csv
GCF_003325395.1	02_registry_all_accession_candidates.csv;04_registry_genome_identity_resolved.csv;12_STRICT_GenoGrammar_assembly_bridge.csv
GCF_003325775	02_registry_all_accession_candidates.csv;12_STRICT_GenoGrammar_assembly_bridge.csv
GCF_003325775.1	02_registry_all_accession_candidates.csv;04_registry_genome_identity_resolved.csv;12_STRICT_GenoGrammar_assembly_bridge.csv
GCF_003342655	02_registry_all_accession_candidates.csv;12_STRICT_GenoGrammar_assembly_bridge.csv
GCF_003342655.1	02_registry_all_accession_candidates.csv;04_registry_genome_identity_resolved.csv;12_STRICT_GenoGrammar_assembly_bridge.csv
GCF_003344825	02_registry_all_accession_candidates.csv;12_STRICT_GenoGrammar_assembly_bridge.csv
GCF_003344825.1	02_registry_all_accession_candidates.csv;04_registry_genome_identity_resolved.csv;12_STRICT_GenoGrammar_assembly_bridge.csv
GCF_003344845	02_registry_all_accession_candidates.csv;12_STRICT_GenoGrammar_assembly_bridge.csv
GCF_003344845.1	02_registry_all_accession_candidates.csv;04_registry_genome_identity_resolved.csv;12_STRICT_GenoGrammar_assembly_bridge.csv
GCF_003345725	02_registry_all_accession_candidates.csv;12_STRICT_GenoGrammar_assembly_bridge.csv
GCF_003345725.1	02_registry_all_accession_candidates.csv;04_registry_genome_identity_resolved.csv;12_STRICT_GenoGrammar_assembly_bridge.csv
GCF_003346315	02_registry_all_accession_candidates.csv;12_STRICT_GenoGrammar_assembly_bridge.csv
GCF_003346315.1	02_registry_all_accession_candidates.csv;04_registry_genome_identity_resolved.csv;12_STRICT_GenoGrammar_assembly_bridge.csv
GCF_003347445	02_registry_all_accession_candidates.csv;12_STRICT_GenoGrammar_assembly_bridge.csv
GCF_003347445.1	02_registry_all_accession_candidates.csv;04_registry_genome_identity_resolved.csv;12_STRICT_GenoGrammar_assembly_bridge.csv
GCF_003347455	02_registry_all_accession_candidates.csv;12_STRICT_GenoGrammar_assembly_bridge.csv
GCF_003347455.1	02_registry_all_accession_candidates.csv;04_registry_genome_identity_resolved.csv;12_STRICT_GenoGrammar_assembly_bridge.csv
GCF_003352125	02_registry_all_accession_candidates.csv;12_STRICT_GenoGrammar_assembly_bridge.csv
GCF_003352125.1	02_registry_all_accession_candidates.csv;04_registry_genome_identity_resolved.csv;12_STRICT_GenoGrammar_assembly_bridge.csv
GCF_003433395	02_registry_all_accession_candidates.csv;12_STRICT_GenoGrammar_assembly_bridge.csv
GCF_003433395.1	02_registry_all_accession_candidates.csv;04_registry_genome_identity_resolved.csv;12_STRICT_GenoGrammar_assembly_bridge.csv
GCF_003573895	02_registry_all_accession_candidates.csv;12_STRICT_GenoGrammar_assembly_bridge.csv
GCF_003573895.1	02_registry_all_accession_candidates.csv;04_registry_genome_identity_resolved.csv;12_STRICT_GenoGrammar_assembly_bridge.csv
GCF_003577505	02_registry_all_accession_candidates.csv;12_STRICT_GenoGrammar_assembly_bridge.csv
GCF_003577505.1	02_registry_all_accession_candidates.csv;04_registry_genome_identity_resolved.csv;12_STRICT_GenoGrammar_assembly_bridge.csv
GCF_003586485	02_registry_all_accession_candidates.csv;12_STRICT_GenoGrammar_assembly_bridge.csv
GCF_003586485.1	02_registry_all_accession_candidates.csv;04_registry_genome_identity_resolved.csv;12_STRICT_GenoGrammar_assembly_bridge.csv
GCF_003597635	02_registry_all_accession_candidates.csv;12_STRICT_GenoGrammar_assembly_bridge.csv
GCF_003597635.1	02_registry_all_accession_candidates.csv;04_registry_genome_identity_resolved.csv;12_STRICT_GenoGrammar_assembly_bridge.csv
GCF_003606305	02_registry_all_accession_candidates.csv;12_STRICT_GenoGrammar_assembly_bridge.csv
GCF_003606305.1	02_registry_all_accession_candidates.csv;04_registry_genome_identity_resolved.csv;12_STRICT_GenoGrammar_assembly_bridge.csv
GCF_003611015	02_registry_all_accession_candidates.csv;12_STRICT_GenoGrammar_assembly_bridge.csv
GCF_003611015.1	02_registry_all_accession_candidates.csv;04_registry_genome_identity_resolved.csv;12_STRICT_GenoGrammar_assembly_bridge.csv
GCF_003627255	02_registry_all_accession_candidates.csv;12_STRICT_GenoGrammar_assembly_bridge.csv
GCF_003627255.1	02_registry_all_accession_candidates.csv;04_registry_genome_identity_resolved.csv;12_STRICT_GenoGrammar_assembly_bridge.csv
GCF_003627355	02_registry_all_accession_candidates.csv;12_STRICT_GenoGrammar_assembly_bridge.csv
GCF_003627355.1	02_registry_all_accession_candidates.csv;04_registry_genome_identity_resolved.csv;12_STRICT_GenoGrammar_assembly_bridge.csv
GCF_003641085	02_registry_all_accession_candidates.csv;12_STRICT_GenoGrammar_assembly_bridge.csv
GCF_003641085.1	02_registry_all_accession_candidates.csv;04_registry_genome_identity_resolved.csv;12_STRICT_GenoGrammar_assembly_bridge.csv
GCF_003666485	02_registry_all_accession_candidates.csv;12_STRICT_GenoGrammar_assembly_bridge.csv
GCF_003666485.1	02_registry_all_accession_candidates.csv;04_registry_genome_identity_resolved.csv;12_STRICT_GenoGrammar_assembly_bridge.csv
GCF_003692725	02_registry_all_accession_candidates.csv;12_STRICT_GenoGrammar_assembly_bridge.csv
GCF_003692725.1	02_registry_all_accession_candidates.csv;04_registry_genome_identity_resolved.csv;12_STRICT_GenoGrammar_assembly_bridge.csv
GCF_003703875	02_registry_all_accession_candidates.csv;12_STRICT_GenoGrammar_assembly_bridge.csv
GCF_003703875.1	02_registry_all_accession_candidates.csv;04_registry_genome_identity_resolved.csv;12_STRICT_GenoGrammar_assembly_bridge.csv
GCF_003703885	02_registry_all_accession_candidates.csv;12_STRICT_GenoGrammar_assembly_bridge.csv
GCF_003703885.1	02_registry_all_accession_candidates.csv;04_registry_genome_identity_resolved.csv;12_STRICT_GenoGrammar_assembly_bridge.csv
GCF_003709415	02_registry_all_accession_candidates.csv;12_STRICT_GenoGrammar_assembly_bridge.csv
GCF_003709415.1	02_registry_all_accession_candidates.csv;04_registry_genome_identity_resolved.csv;12_STRICT_GenoGrammar_assembly_bridge.csv
GCF_003710225	02_registry_all_accession_candidates.csv;12_STRICT_GenoGrammar_assembly_bridge.csv
GCF_003710225.1	02_registry_all_accession_candidates.csv;04_registry_genome_identity_resolved.csv;12_STRICT_GenoGrammar_assembly_bridge.csv
GCF_003790365	02_registry_all_accession_candidates.csv;12_STRICT_GenoGrammar_assembly_bridge.csv
GCF_003790365.1	02_registry_all_accession_candidates.csv;04_registry_genome_identity_resolved.csv;12_STRICT_GenoGrammar_assembly_bridge.csv
GCF_003795255	02_registry_all_accession_candidates.csv;12_STRICT_GenoGrammar_assembly_bridge.csv
GCF_003795255.1	02_registry_all_accession_candidates.csv;04_registry_genome_identity_resolved.csv;12_STRICT_GenoGrammar_assembly_bridge.csv
GCF_003813125	02_registry_all_accession_candidates.csv;12_STRICT_GenoGrammar_assembly_bridge.csv
GCF_003813125.1	02_registry_all_accession_candidates.csv;04_registry_genome_identity_resolved.csv;12_STRICT_GenoGrammar_assembly_bridge.csv
GCF_003841395	02_registry_all_accession_candidates.csv
GCF_003841395.1	02_registry_all_accession_candidates.csv;04_registry_genome_identity_resolved.csv
GCF_003856735	02_registry_all_accession_candidates.csv;12_STRICT_GenoGrammar_assembly_bridge.csv
GCF_003856735.1	02_registry_all_accession_candidates.csv;04_registry_genome_identity_resolved.csv;12_STRICT_GenoGrammar_assembly_bridge.csv
GCF_003860425	02_registry_all_accession_candidates.csv;12_STRICT_GenoGrammar_assembly_bridge.csv
GCF_003860425.1	02_registry_all_accession_candidates.csv;04_registry_genome_identity_resolved.csv;12_STRICT_GenoGrammar_assembly_bridge.csv
GCF_003966835	02_registry_all_accession_candidates.csv;12_STRICT_GenoGrammar_assembly_bridge.csv
GCF_003966835.1	02_registry_all_accession_candidates.csv;04_registry_genome_identity_resolved.csv;12_STRICT_GenoGrammar_assembly_bridge.csv
GCF_003966855	02_registry_all_accession_candidates.csv;12_STRICT_GenoGrammar_assembly_bridge.csv
GCF_003966855.1	02_registry_all_accession_candidates.csv;04_registry_genome_identity_resolved.csv;12_STRICT_GenoGrammar_assembly_bridge.csv
GCF_003970855	02_registry_all_accession_candidates.csv;12_STRICT_GenoGrammar_assembly_bridge.csv
GCF_003970855.1	02_registry_all_accession_candidates.csv;04_registry_genome_identity_resolved.csv;12_STRICT_GenoGrammar_assembly_bridge.csv
GCF_003999275	02_registry_all_accession_candidates.csv;12_STRICT_GenoGrammar_assembly_bridge.csv
GCF_003999275.1	02_registry_all_accession_candidates.csv;04_registry_genome_identity_resolved.csv;12_STRICT_GenoGrammar_assembly_bridge.csv
GCF_003999605	02_registry_all_accession_candidates.csv;12_STRICT_GenoGrammar_assembly_bridge.csv
GCF_003999605.1	02_registry_all_accession_candidates.csv;04_registry_genome_identity_resolved.csv;12_STRICT_GenoGrammar_assembly_bridge.csv
GCF_004028295	02_registry_all_accession_candidates.csv;12_STRICT_GenoGrammar_assembly_bridge.csv
GCF_004028295.1	02_registry_all_accession_candidates.csv;04_registry_genome_identity_resolved.csv;12_STRICT_GenoGrammar_assembly_bridge.csv
GCF_004028315	02_registry_all_accession_candidates.csv;12_STRICT_GenoGrammar_assembly_bridge.csv
GCF_004028315.1	02_registry_all_accession_candidates.csv;04_registry_genome_identity_resolved.csv;12_STRICT_GenoGrammar_assembly_bridge.csv
GCF_004028335	02_registry_all_accession_candidates.csv;12_STRICT_GenoGrammar_assembly_bridge.csv
GCF_004028335.1	02_registry_all_accession_candidates.csv;04_registry_genome_identity_resolved.csv;12_STRICT_GenoGrammar_assembly_bridge.csv
GCF_004114715	02_registry_all_accession_candidates.csv;12_STRICT_GenoGrammar_assembly_bridge.csv
GCF_004114715.1	02_registry_all_accession_candidates.csv;04_registry_genome_identity_resolved.csv;12_STRICT_GenoGrammar_assembly_bridge.csv
GCF_004118615	02_registry_all_accession_candidates.csv;12_STRICT_GenoGrammar_assembly_bridge.csv
GCF_004118615.1	02_registry_all_accession_candidates.csv;04_registry_genome_identity_resolved.csv;12_STRICT_GenoGrammar_assembly_bridge.csv
GCF_004122965	02_registry_all_accession_candidates.csv;12_STRICT_GenoGrammar_assembly_bridge.csv
GCF_004122965.1	02_registry_all_accession_candidates.csv;04_registry_genome_identity_resolved.csv;12_STRICT_GenoGrammar_assembly_bridge.csv
GCF_004123035	02_registry_all_accession_candidates.csv;12_STRICT_GenoGrammar_assembly_bridge.csv
GCF_004123035.1	02_registry_all_accession_candidates.csv;04_registry_genome_identity_resolved.csv;12_STRICT_GenoGrammar_assembly_bridge.csv
GCF_004125375	02_registry_all_accession_candidates.csv;12_STRICT_GenoGrammar_assembly_bridge.csv
GCF_004125375.1	02_registry_all_accession_candidates.csv;04_registry_genome_identity_resolved.csv;12_STRICT_GenoGrammar_assembly_bridge.csv
GCF_004135895	02_registry_all_accession_candidates.csv;12_STRICT_GenoGrammar_assembly_bridge.csv
GCF_004135895.1	02_registry_all_accession_candidates.csv;04_registry_genome_identity_resolved.csv;12_STRICT_GenoGrammar_assembly_bridge.csv
GCF_004208815	02_registry_all_accession_candidates.csv;12_STRICT_GenoGrammar_assembly_bridge.csv
GCF_004208815.1	02_registry_all_accession_candidates.csv;04_registry_genome_identity_resolved.csv;12_STRICT_GenoGrammar_assembly_bridge.csv
GCF_004301305	02_registry_all_accession_candidates.csv;12_STRICT_GenoGrammar_assembly_bridge.csv
GCF_004301305.1	02_registry_all_accession_candidates.csv;04_registry_genome_identity_resolved.csv;12_STRICT_GenoGrammar_assembly_bridge.csv
GCF_004301335	02_registry_all_accession_candidates.csv;12_STRICT_GenoGrammar_assembly_bridge.csv
GCF_004301335.1	02_registry_all_accession_candidates.csv;04_registry_genome_identity_resolved.csv;12_STRICT_GenoGrammar_assembly_bridge.csv
GCF_004301645	02_registry_all_accession_candidates.csv;12_STRICT_GenoGrammar_assembly_bridge.csv
GCF_004301645.1	02_registry_all_accession_candidates.csv;04_registry_genome_identity_resolved.csv;12_STRICT_GenoGrammar_assembly_bridge.csv
GCF_004301685	02_registry_all_accession_candidates.csv
GCF_004301685.1	02_registry_all_accession_candidates.csv;04_registry_genome_identity_resolved.csv
GCF_004301915	02_registry_all_accession_candidates.csv;12_STRICT_GenoGrammar_assembly_bridge.csv
GCF_004301915.1	02_registry_all_accession_candidates.csv;04_registry_genome_identity_resolved.csv;12_STRICT_GenoGrammar_assembly_bridge.csv
GCF_004319685	02_registry_all_accession_candidates.csv;12_STRICT_GenoGrammar_assembly_bridge.csv
GCF_004319685.1	02_registry_all_accession_candidates.csv;04_registry_genome_identity_resolved.csv;12_STRICT_GenoGrammar_assembly_bridge.csv
GCF_004337615	02_registry_all_accession_candidates.csv;12_STRICT_GenoGrammar_assembly_bridge.csv
GCF_004337615.1	02_registry_all_accession_candidates.csv;04_registry_genome_identity_resolved.csv;12_STRICT_GenoGrammar_assembly_bridge.csv
GCF_004348805	02_registry_all_accession_candidates.csv;12_STRICT_GenoGrammar_assembly_bridge.csv
GCF_004348805.1	02_registry_all_accession_candidates.csv;04_registry_genome_identity_resolved.csv;12_STRICT_GenoGrammar_assembly_bridge.csv
GCF_004349685	02_registry_all_accession_candidates.csv;12_STRICT_GenoGrammar_assembly_bridge.csv
GCF_004349685.1	02_registry_all_accession_candidates.csv;04_registry_genome_identity_resolved.csv;12_STRICT_GenoGrammar_assembly_bridge.csv
GCF_004354485	02_registry_all_accession_candidates.csv;12_STRICT_GenoGrammar_assembly_bridge.csv
GCF_004354485.1	02_registry_all_accession_candidates.csv;04_registry_genome_identity_resolved.csv;12_STRICT_GenoGrammar_assembly_bridge.csv
GCF_004354655	02_registry_all_accession_candidates.csv;12_STRICT_GenoGrammar_assembly_bridge.csv
GCF_004354655.1	02_registry_all_accession_candidates.csv;04_registry_genome_identity_resolved.csv;12_STRICT_GenoGrammar_assembly_bridge.csv
GCF_004355265	02_registry_all_accession_candidates.csv;12_STRICT_GenoGrammar_assembly_bridge.csv
GCF_004355265.1	02_registry_all_accession_candidates.csv;04_registry_genome_identity_resolved.csv;12_STRICT_GenoGrammar_assembly_bridge.csv
GCF_004368425	02_registry_all_accession_candidates.csv;12_STRICT_GenoGrammar_assembly_bridge.csv
GCF_004368425.1	02_registry_all_accession_candidates.csv;04_registry_genome_identity_resolved.csv;12_STRICT_GenoGrammar_assembly_bridge.csv
GCF_004683785	02_registry_all_accession_candidates.csv
GCF_004683785.1	02_registry_all_accession_candidates.csv;04_registry_genome_identity_resolved.csv
GCF_004683835	02_registry_all_accession_candidates.csv;12_STRICT_GenoGrammar_assembly_bridge.csv
GCF_004683835.1	02_registry_all_accession_candidates.csv;04_registry_genome_identity_resolved.csv;12_STRICT_GenoGrammar_assembly_bridge.csv
GCF_004730965	02_registry_all_accession_candidates.csv;12_STRICT_GenoGrammar_assembly_bridge.csv
GCF_004730965.1	02_registry_all_accession_candidates.csv;04_registry_genome_identity_resolved.csv;12_STRICT_GenoGrammar_assembly_bridge.csv
GCF_004795205	02_registry_all_accession_candidates.csv;12_STRICT_GenoGrammar_assembly_bridge.csv
GCF_004795205.1	02_registry_all_accession_candidates.csv;04_registry_genome_identity_resolved.csv;12_STRICT_GenoGrammar_assembly_bridge.csv
GCF_004799295	02_registry_all_accession_candidates.csv;12_STRICT_GenoGrammar_assembly_bridge.csv
GCF_004799295.1	02_registry_all_accession_candidates.csv;04_registry_genome_identity_resolved.csv;12_STRICT_GenoGrammar_assembly_bridge.csv
GCF_004802595	02_registry_all_accession_candidates.csv;12_STRICT_GenoGrammar_assembly_bridge.csv
GCF_004802595.1	02_registry_all_accession_candidates.csv;04_registry_genome_identity_resolved.csv;12_STRICT_GenoGrammar_assembly_bridge.csv
GCF_004803425	02_registry_all_accession_candidates.csv;12_STRICT_GenoGrammar_assembly_bridge.csv
GCF_004803425.1	02_registry_all_accession_candidates.csv;04_registry_genome_identity_resolved.csv;12_STRICT_GenoGrammar_assembly_bridge.csv
GCF_004919065	02_registry_all_accession_candidates.csv;12_STRICT_GenoGrammar_assembly_bridge.csv
GCF_004919065.2	02_registry_all_accession_candidates.csv;04_registry_genome_identity_resolved.csv;12_STRICT_GenoGrammar_assembly_bridge.csv
GCF_004936435	02_registry_all_accession_candidates.csv;12_STRICT_GenoGrammar_assembly_bridge.csv
GCF_004936435.1	02_registry_all_accession_candidates.csv;04_registry_genome_identity_resolved.csv;12_STRICT_GenoGrammar_assembly_bridge.csv
GCF_006151905	02_registry_all_accession_candidates.csv;12_STRICT_GenoGrammar_assembly_bridge.csv
GCF_006151905.1	02_registry_all_accession_candidates.csv;04_registry_genome_identity_resolved.csv;12_STRICT_GenoGrammar_assembly_bridge.csv
GCF_006228265	02_registry_all_accession_candidates.csv;12_STRICT_GenoGrammar_assembly_bridge.csv
GCF_006228265.1	02_registry_all_accession_candidates.csv;04_registry_genome_identity_resolved.csv;12_STRICT_GenoGrammar_assembly_bridge.csv
GCF_006228305	02_registry_all_accession_candidates.csv;12_STRICT_GenoGrammar_assembly_bridge.csv
GCF_006228305.1	02_registry_all_accession_candidates.csv;04_registry_genome_identity_resolved.csv;12_STRICT_GenoGrammar_assembly_bridge.csv
GCF_006381935	02_registry_all_accession_candidates.csv;12_STRICT_GenoGrammar_assembly_bridge.csv
GCF_006381935.1	02_registry_all_accession_candidates.csv;04_registry_genome_identity_resolved.csv;12_STRICT_GenoGrammar_assembly_bridge.csv
GCF_006382065	02_registry_all_accession_candidates.csv;12_STRICT_GenoGrammar_assembly_bridge.csv
GCF_006382065.1	02_registry_all_accession_candidates.csv;04_registry_genome_identity_resolved.csv;12_STRICT_GenoGrammar_assembly_bridge.csv
GCF_006770505	02_registry_all_accession_candidates.csv;12_STRICT_GenoGrammar_assembly_bridge.csv
GCF_006770505.1	02_registry_all_accession_candidates.csv;04_registry_genome_identity_resolved.csv;12_STRICT_GenoGrammar_assembly_bridge.csv
GCF_006874665	02_registry_all_accession_candidates.csv;12_STRICT_GenoGrammar_assembly_bridge.csv
GCF_006874665.1	02_registry_all_accession_candidates.csv;04_registry_genome_identity_resolved.csv;12_STRICT_GenoGrammar_assembly_bridge.csv
GCF_007833595	02_registry_all_accession_candidates.csv;12_STRICT_GenoGrammar_assembly_bridge.csv
GCF_007833595.1	02_registry_all_accession_candidates.csv;04_registry_genome_identity_resolved.csv;12_STRICT_GenoGrammar_assembly_bridge.csv
GCF_007989125	02_registry_all_accession_candidates.csv;12_STRICT_GenoGrammar_assembly_bridge.csv
GCF_007989125.1	02_registry_all_accession_candidates.csv;04_registry_genome_identity_resolved.csv;12_STRICT_GenoGrammar_assembly_bridge.csv
GCF_007989185	02_registry_all_accession_candidates.csv
GCF_007989185.1	02_registry_all_accession_candidates.csv;04_registry_genome_identity_resolved.csv
GCF_007989685	02_registry_all_accession_candidates.csv;12_STRICT_GenoGrammar_assembly_bridge.csv
GCF_007989685.1	02_registry_all_accession_candidates.csv;04_registry_genome_identity_resolved.csv;12_STRICT_GenoGrammar_assembly_bridge.csv
GCF_007990855	02_registry_all_accession_candidates.csv
GCF_007990855.1	02_registry_all_accession_candidates.csv;04_registry_genome_identity_resolved.csv
GCF_008017355	02_registry_all_accession_candidates.csv;12_STRICT_GenoGrammar_assembly_bridge.csv
GCF_008017355.1	02_registry_all_accession_candidates.csv;04_registry_genome_identity_resolved.csv;12_STRICT_GenoGrammar_assembly_bridge.csv
GCF_008180075	02_registry_all_accession_candidates.csv;12_STRICT_GenoGrammar_assembly_bridge.csv
GCF_008180075.1	02_registry_all_accession_candidates.csv;04_registry_genome_identity_resolved.csv;12_STRICT_GenoGrammar_assembly_bridge.csv
GCF_008369945	02_registry_all_accession_candidates.csv;12_STRICT_GenoGrammar_assembly_bridge.csv
GCF_008369945.1	02_registry_all_accession_candidates.csv;04_registry_genome_identity_resolved.csv;12_STRICT_GenoGrammar_assembly_bridge.csv
GCF_008727835	02_registry_all_accession_candidates.csv;12_STRICT_GenoGrammar_assembly_bridge.csv
GCF_008727835.1	02_registry_all_accession_candidates.csv;04_registry_genome_identity_resolved.csv;12_STRICT_GenoGrammar_assembly_bridge.csv
GCF_009295755	02_registry_all_accession_candidates.csv;12_STRICT_GenoGrammar_assembly_bridge.csv
GCF_009295755.1	02_registry_all_accession_candidates.csv;04_registry_genome_identity_resolved.csv;12_STRICT_GenoGrammar_assembly_bridge.csv
GCF_009295775	02_registry_all_accession_candidates.csv;12_STRICT_GenoGrammar_assembly_bridge.csv
GCF_009295775.1	02_registry_all_accession_candidates.csv;04_registry_genome_identity_resolved.csv;12_STRICT_GenoGrammar_assembly_bridge.csv
GCF_009429065	02_registry_all_accession_candidates.csv;12_STRICT_GenoGrammar_assembly_bridge.csv
GCF_009429065.1	02_registry_all_accession_candidates.csv;04_registry_genome_identity_resolved.csv;12_STRICT_GenoGrammar_assembly_bridge.csv
GCF_009429085	02_registry_all_accession_candidates.csv;12_STRICT_GenoGrammar_assembly_bridge.csv
GCF_009429085.1	02_registry_all_accession_candidates.csv;04_registry_genome_identity_resolved.csv;12_STRICT_GenoGrammar_assembly_bridge.csv
GCF_009649105	02_registry_all_accession_candidates.csv;12_STRICT_GenoGrammar_assembly_bridge.csv
GCF_009649105.1	02_registry_all_accession_candidates.csv;04_registry_genome_identity_resolved.csv;12_STRICT_GenoGrammar_assembly_bridge.csv
GCF_009676625	02_registry_all_accession_candidates.csv;12_STRICT_GenoGrammar_assembly_bridge.csv
GCF_009676625.1	02_registry_all_accession_candidates.csv;04_registry_genome_identity_resolved.csv;12_STRICT_GenoGrammar_assembly_bridge.csv
GCF_009720585	02_registry_all_accession_candidates.csv;12_STRICT_GenoGrammar_assembly_bridge.csv
GCF_009720585.1	02_registry_all_accession_candidates.csv;04_registry_genome_identity_resolved.csv;12_STRICT_GenoGrammar_assembly_bridge.csv
GCF_009728915	02_registry_all_accession_candidates.csv;12_STRICT_GenoGrammar_assembly_bridge.csv
GCF_009728915.1	02_registry_all_accession_candidates.csv;04_registry_genome_identity_resolved.csv;12_STRICT_GenoGrammar_assembly_bridge.csv
GCF_009739485	02_registry_all_accession_candidates.csv;12_STRICT_GenoGrammar_assembly_bridge.csv
GCF_009739485.1	02_registry_all_accession_candidates.csv;04_registry_genome_identity_resolved.csv;12_STRICT_GenoGrammar_assembly_bridge.csv
GCF_009762745	02_registry_all_accession_candidates.csv;12_STRICT_GenoGrammar_assembly_bridge.csv
GCF_009762745.1	02_registry_all_accession_candidates.csv;04_registry_genome_identity_resolved.csv;12_STRICT_GenoGrammar_assembly_bridge.csv
GCF_009823605	02_registry_all_accession_candidates.csv;12_STRICT_GenoGrammar_assembly_bridge.csv
GCF_009823605.1	02_registry_all_accession_candidates.csv;04_registry_genome_identity_resolved.csv;12_STRICT_GenoGrammar_assembly_bridge.csv
GCF_009834405	02_registry_all_accession_candidates.csv;12_STRICT_GenoGrammar_assembly_bridge.csv
GCF_009834405.1	02_registry_all_accession_candidates.csv;04_registry_genome_identity_resolved.csv;12_STRICT_GenoGrammar_assembly_bridge.csv
GCF_009864015	02_registry_all_accession_candidates.csv;12_STRICT_GenoGrammar_assembly_bridge.csv
GCF_009864015.1	02_registry_all_accession_candidates.csv;04_registry_genome_identity_resolved.csv;12_STRICT_GenoGrammar_assembly_bridge.csv
GCF_009885055	02_registry_all_accession_candidates.csv;12_STRICT_GenoGrammar_assembly_bridge.csv
GCF_009885055.1	02_registry_all_accession_candidates.csv;04_registry_genome_identity_resolved.csv;12_STRICT_GenoGrammar_assembly_bridge.csv
GCF_009914805	02_registry_all_accession_candidates.csv;12_STRICT_GenoGrammar_assembly_bridge.csv
GCF_009914805.1	02_registry_all_accession_candidates.csv;04_registry_genome_identity_resolved.csv;12_STRICT_GenoGrammar_assembly_bridge.csv
GCF_009914845	02_registry_all_accession_candidates.csv;12_STRICT_GenoGrammar_assembly_bridge.csv
GCF_009914845.1	02_registry_all_accession_candidates.csv;04_registry_genome_identity_resolved.csv;12_STRICT_GenoGrammar_assembly_bridge.csv
GCF_009996805	02_registry_all_accession_candidates.csv;12_STRICT_GenoGrammar_assembly_bridge.csv
GCF_009996805.1	02_registry_all_accession_candidates.csv;04_registry_genome_identity_resolved.csv;12_STRICT_GenoGrammar_assembly_bridge.csv
GCF_010120595	02_registry_all_accession_candidates.csv;12_STRICT_GenoGrammar_assembly_bridge.csv
GCF_010120595.1	02_registry_all_accession_candidates.csv;04_registry_genome_identity_resolved.csv;12_STRICT_GenoGrammar_assembly_bridge.csv
GCF_011008535	02_registry_all_accession_candidates.csv;12_STRICT_GenoGrammar_assembly_bridge.csv
GCF_011008535.1	02_registry_all_accession_candidates.csv;04_registry_genome_identity_resolved.csv;12_STRICT_GenoGrammar_assembly_bridge.csv
GCF_011009755	02_registry_all_accession_candidates.csv;12_STRICT_GenoGrammar_assembly_bridge.csv
GCF_011009755.1	02_registry_all_accession_candidates.csv;04_registry_genome_identity_resolved.csv;12_STRICT_GenoGrammar_assembly_bridge.csv
GCF_011022295	02_registry_all_accession_candidates.csv;12_STRICT_GenoGrammar_assembly_bridge.csv
GCF_011022295.1	02_registry_all_accession_candidates.csv;04_registry_genome_identity_resolved.csv;12_STRICT_GenoGrammar_assembly_bridge.csv
GCF_011029205	02_registry_all_accession_candidates.csv;12_STRICT_GenoGrammar_assembly_bridge.csv
GCF_011029205.1	02_registry_all_accession_candidates.csv;04_registry_genome_identity_resolved.csv;12_STRICT_GenoGrammar_assembly_bridge.csv
GCF_011032745	02_registry_all_accession_candidates.csv;12_STRICT_GenoGrammar_assembly_bridge.csv
GCF_011032745.1	02_registry_all_accession_candidates.csv;04_registry_genome_identity_resolved.csv;12_STRICT_GenoGrammar_assembly_bridge.csv
GCF_011032765	02_registry_all_accession_candidates.csv;12_STRICT_GenoGrammar_assembly_bridge.csv
GCF_011032765.1	02_registry_all_accession_candidates.csv;04_registry_genome_identity_resolved.csv;12_STRICT_GenoGrammar_assembly_bridge.csv
GCF_011065435	02_registry_all_accession_candidates.csv;12_STRICT_GenoGrammar_assembly_bridge.csv
GCF_011065435.1	02_registry_all_accession_candidates.csv;04_registry_genome_identity_resolved.csv;12_STRICT_GenoGrammar_assembly_bridge.csv
GCF_011290755	02_registry_all_accession_candidates.csv;12_STRICT_GenoGrammar_assembly_bridge.csv
GCF_011290755.1	02_registry_all_accession_candidates.csv;04_registry_genome_identity_resolved.csv;12_STRICT_GenoGrammar_assembly_bridge.csv
GCF_011770105	02_registry_all_accession_candidates.csv;12_STRICT_GenoGrammar_assembly_bridge.csv
GCF_011770105.1	02_registry_all_accession_candidates.csv;04_registry_genome_identity_resolved.csv;12_STRICT_GenoGrammar_assembly_bridge.csv
GCF_012070635	02_registry_all_accession_candidates.csv;12_STRICT_GenoGrammar_assembly_bridge.csv
GCF_012070635.1	02_registry_all_accession_candidates.csv;04_registry_genome_identity_resolved.csv;12_STRICT_GenoGrammar_assembly_bridge.csv
GCF_012109355	02_registry_all_accession_candidates.csv;12_STRICT_GenoGrammar_assembly_bridge.csv
GCF_012109355.1	02_registry_all_accession_candidates.csv;04_registry_genome_identity_resolved.csv;12_STRICT_GenoGrammar_assembly_bridge.csv
GCF_012241605	02_registry_all_accession_candidates.csv;12_STRICT_GenoGrammar_assembly_bridge.csv
GCF_012241605.1	02_registry_all_accession_candidates.csv;04_registry_genome_identity_resolved.csv;12_STRICT_GenoGrammar_assembly_bridge.csv
GCF_012272935	02_registry_all_accession_candidates.csv;12_STRICT_GenoGrammar_assembly_bridge.csv
GCF_012272935.1	02_registry_all_accession_candidates.csv;04_registry_genome_identity_resolved.csv;12_STRICT_GenoGrammar_assembly_bridge.csv
GCF_012273035	02_registry_all_accession_candidates.csv;12_STRICT_GenoGrammar_assembly_bridge.csv
GCF_012273035.1	02_registry_all_accession_candidates.csv;04_registry_genome_identity_resolved.csv;12_STRICT_GenoGrammar_assembly_bridge.csv
GCF_012689205	02_registry_all_accession_candidates.csv;12_STRICT_GenoGrammar_assembly_bridge.csv
GCF_012689205.1	02_registry_all_accession_candidates.csv;04_registry_genome_identity_resolved.csv;12_STRICT_GenoGrammar_assembly_bridge.csv
GCF_012931965	02_registry_all_accession_candidates.csv;12_STRICT_GenoGrammar_assembly_bridge.csv
GCF_012931965.1	02_registry_all_accession_candidates.csv;04_registry_genome_identity_resolved.csv;12_STRICT_GenoGrammar_assembly_bridge.csv
GCF_013167115	02_registry_all_accession_candidates.csv;12_STRICT_GenoGrammar_assembly_bridge.csv
GCF_013167115.1	02_registry_all_accession_candidates.csv;04_registry_genome_identity_resolved.csv;12_STRICT_GenoGrammar_assembly_bridge.csv
GCF_013256965	02_registry_all_accession_candidates.csv;12_STRICT_GenoGrammar_assembly_bridge.csv
GCF_013256965.1	02_registry_all_accession_candidates.csv;04_registry_genome_identity_resolved.csv;12_STRICT_GenoGrammar_assembly_bridge.csv
GCF_013305265	02_registry_all_accession_candidates.csv;12_STRICT_GenoGrammar_assembly_bridge.csv
GCF_013305265.1	02_registry_all_accession_candidates.csv;04_registry_genome_identity_resolved.csv;12_STRICT_GenoGrammar_assembly_bridge.csv
GCF_013342125	02_registry_all_accession_candidates.csv;12_STRICT_GenoGrammar_assembly_bridge.csv
GCF_013342125.1	02_registry_all_accession_candidates.csv;04_registry_genome_identity_resolved.csv;12_STRICT_GenoGrammar_assembly_bridge.csv
GCF_013348825	02_registry_all_accession_candidates.csv;12_STRICT_GenoGrammar_assembly_bridge.csv
GCF_013348825.1	02_registry_all_accession_candidates.csv;04_registry_genome_identity_resolved.csv;12_STRICT_GenoGrammar_assembly_bridge.csv
GCF_013367715	02_registry_all_accession_candidates.csv;12_STRICT_GenoGrammar_assembly_bridge.csv
GCF_013367715.1	02_registry_all_accession_candidates.csv;04_registry_genome_identity_resolved.csv;12_STRICT_GenoGrammar_assembly_bridge.csv
GCF_013394085	02_registry_all_accession_candidates.csv;12_STRICT_GenoGrammar_assembly_bridge.csv
GCF_013394085.1	02_registry_all_accession_candidates.csv;04_registry_genome_identity_resolved.csv;12_STRICT_GenoGrammar_assembly_bridge.csv
GCF_013395015	02_registry_all_accession_candidates.csv;12_STRICT_GenoGrammar_assembly_bridge.csv
GCF_013395015.3	02_registry_all_accession_candidates.csv;04_registry_genome_identity_resolved.csv;12_STRICT_GenoGrammar_assembly_bridge.csv
GCF_013425565	02_registry_all_accession_candidates.csv;12_STRICT_GenoGrammar_assembly_bridge.csv
GCF_013425565.1	02_registry_all_accession_candidates.csv;04_registry_genome_identity_resolved.csv;12_STRICT_GenoGrammar_assembly_bridge.csv
GCF_013425655	02_registry_all_accession_candidates.csv;12_STRICT_GenoGrammar_assembly_bridge.csv
GCF_013425655.1	02_registry_all_accession_candidates.csv;04_registry_genome_identity_resolved.csv;12_STRICT_GenoGrammar_assembly_bridge.csv
GCF_013425665	02_registry_all_accession_candidates.csv;12_STRICT_GenoGrammar_assembly_bridge.csv
GCF_013425665.1	02_registry_all_accession_candidates.csv;04_registry_genome_identity_resolved.csv;12_STRICT_GenoGrammar_assembly_bridge.csv
GCF_013425735	02_registry_all_accession_candidates.csv;12_STRICT_GenoGrammar_assembly_bridge.csv
GCF_013425735.1	02_registry_all_accession_candidates.csv;04_registry_genome_identity_resolved.csv;12_STRICT_GenoGrammar_assembly_bridge.csv
GCF_013458335	02_registry_all_accession_candidates.csv;12_STRICT_GenoGrammar_assembly_bridge.csv
GCF_013458335.1	02_registry_all_accession_candidates.csv;04_registry_genome_identity_resolved.csv;12_STRICT_GenoGrammar_assembly_bridge.csv
GCF_013867595	02_registry_all_accession_candidates.csv;12_STRICT_GenoGrammar_assembly_bridge.csv
GCF_013867595.1	02_registry_all_accession_candidates.csv;04_registry_genome_identity_resolved.csv;12_STRICT_GenoGrammar_assembly_bridge.csv
GCF_014084065	02_registry_all_accession_candidates.csv;12_STRICT_GenoGrammar_assembly_bridge.csv
GCF_014084065.1	02_registry_all_accession_candidates.csv;04_registry_genome_identity_resolved.csv;12_STRICT_GenoGrammar_assembly_bridge.csv
GCF_014131735	02_registry_all_accession_candidates.csv;12_STRICT_GenoGrammar_assembly_bridge.csv
GCF_014131735.1	02_registry_all_accession_candidates.csv;04_registry_genome_identity_resolved.csv;12_STRICT_GenoGrammar_assembly_bridge.csv
GCF_014212185	02_registry_all_accession_candidates.csv;12_STRICT_GenoGrammar_assembly_bridge.csv
GCF_014212185.1	02_registry_all_accession_candidates.csv;04_registry_genome_identity_resolved.csv;12_STRICT_GenoGrammar_assembly_bridge.csv
GCF_014334375	02_registry_all_accession_candidates.csv;12_STRICT_GenoGrammar_assembly_bridge.csv
GCF_014334375.1	02_registry_all_accession_candidates.csv;04_registry_genome_identity_resolved.csv;12_STRICT_GenoGrammar_assembly_bridge.csv
GCF_014488995	02_registry_all_accession_candidates.csv;12_STRICT_GenoGrammar_assembly_bridge.csv
GCF_014488995.1	02_registry_all_accession_candidates.csv;04_registry_genome_identity_resolved.csv;12_STRICT_GenoGrammar_assembly_bridge.csv
GCF_014524935	02_registry_all_accession_candidates.csv;12_STRICT_GenoGrammar_assembly_bridge.csv
GCF_014524935.1	02_registry_all_accession_candidates.csv;04_registry_genome_identity_resolved.csv;12_STRICT_GenoGrammar_assembly_bridge.csv
GCF_014639015	02_registry_all_accession_candidates.csv;12_STRICT_GenoGrammar_assembly_bridge.csv
GCF_014639015.1	02_registry_all_accession_candidates.csv;04_registry_genome_identity_resolved.csv;12_STRICT_GenoGrammar_assembly_bridge.csv
GCF_014840995	02_registry_all_accession_candidates.csv;12_STRICT_GenoGrammar_assembly_bridge.csv
GCF_014840995.1	02_registry_all_accession_candidates.csv;04_registry_genome_identity_resolved.csv;12_STRICT_GenoGrammar_assembly_bridge.csv
GCF_015238575	02_registry_all_accession_candidates.csv;12_STRICT_GenoGrammar_assembly_bridge.csv
GCF_015238575.1	02_registry_all_accession_candidates.csv;04_registry_genome_identity_resolved.csv;12_STRICT_GenoGrammar_assembly_bridge.csv
GCF_015693925	02_registry_all_accession_candidates.csv;12_STRICT_GenoGrammar_assembly_bridge.csv
GCF_015693925.1	02_registry_all_accession_candidates.csv;04_registry_genome_identity_resolved.csv;12_STRICT_GenoGrammar_assembly_bridge.csv
GCF_015714775	02_registry_all_accession_candidates.csv;12_STRICT_GenoGrammar_assembly_bridge.csv
GCF_015714775.1	02_registry_all_accession_candidates.csv;04_registry_genome_identity_resolved.csv;12_STRICT_GenoGrammar_assembly_bridge.csv
GCF_015714805	02_registry_all_accession_candidates.csv;12_STRICT_GenoGrammar_assembly_bridge.csv
GCF_015714805.1	02_registry_all_accession_candidates.csv;04_registry_genome_identity_resolved.csv;12_STRICT_GenoGrammar_assembly_bridge.csv
GCF_015714835	02_registry_all_accession_candidates.csv;12_STRICT_GenoGrammar_assembly_bridge.csv
GCF_015714835.1	02_registry_all_accession_candidates.csv;04_registry_genome_identity_resolved.csv;12_STRICT_GenoGrammar_assembly_bridge.csv
GCF_016029535	02_registry_all_accession_candidates.csv;12_STRICT_GenoGrammar_assembly_bridge.csv
GCF_016029535.1	02_registry_all_accession_candidates.csv;04_registry_genome_identity_resolved.csv;12_STRICT_GenoGrammar_assembly_bridge.csv
GCF_016307165	02_registry_all_accession_candidates.csv;12_STRICT_GenoGrammar_assembly_bridge.csv
GCF_016307165.1	02_registry_all_accession_candidates.csv;04_registry_genome_identity_resolved.csv;12_STRICT_GenoGrammar_assembly_bridge.csv
GCF_016598735	02_registry_all_accession_candidates.csv;12_STRICT_GenoGrammar_assembly_bridge.csv
GCF_016598735.1	02_registry_all_accession_candidates.csv;04_registry_genome_identity_resolved.csv;12_STRICT_GenoGrammar_assembly_bridge.csv
GCF_016634435	02_registry_all_accession_candidates.csv;12_STRICT_GenoGrammar_assembly_bridge.csv
GCF_016634435.1	02_registry_all_accession_candidates.csv;04_registry_genome_identity_resolved.csv;12_STRICT_GenoGrammar_assembly_bridge.csv
GCF_016648955	02_registry_all_accession_candidates.csv;12_STRICT_GenoGrammar_assembly_bridge.csv
GCF_016648955.1	02_registry_all_accession_candidates.csv;04_registry_genome_identity_resolved.csv;12_STRICT_GenoGrammar_assembly_bridge.csv
GCF_016757655	02_registry_all_accession_candidates.csv;12_STRICT_GenoGrammar_assembly_bridge.csv
GCF_016757655.1	02_registry_all_accession_candidates.csv;04_registry_genome_identity_resolved.csv;12_STRICT_GenoGrammar_assembly_bridge.csv
GCF_016775685	02_registry_all_accession_candidates.csv;12_STRICT_GenoGrammar_assembly_bridge.csv
GCF_016775685.1	02_registry_all_accession_candidates.csv;04_registry_genome_identity_resolved.csv;12_STRICT_GenoGrammar_assembly_bridge.csv
GCF_016887825	02_registry_all_accession_candidates.csv;12_STRICT_GenoGrammar_assembly_bridge.csv
GCF_016887825.1	02_registry_all_accession_candidates.csv;04_registry_genome_identity_resolved.csv;12_STRICT_GenoGrammar_assembly_bridge.csv
GCF_016918895	02_registry_all_accession_candidates.csv;12_STRICT_GenoGrammar_assembly_bridge.csv
GCF_016918895.1	02_registry_all_accession_candidates.csv;04_registry_genome_identity_resolved.csv;12_STRICT_GenoGrammar_assembly_bridge.csv
GCF_017009475	02_registry_all_accession_candidates.csv;12_STRICT_GenoGrammar_assembly_bridge.csv
GCF_017009475.1	02_registry_all_accession_candidates.csv;04_registry_genome_identity_resolved.csv;12_STRICT_GenoGrammar_assembly_bridge.csv
GCF_017009715	02_registry_all_accession_candidates.csv;12_STRICT_GenoGrammar_assembly_bridge.csv
GCF_017009715.1	02_registry_all_accession_candidates.csv;04_registry_genome_identity_resolved.csv;12_STRICT_GenoGrammar_assembly_bridge.csv
GCF_017132775	02_registry_all_accession_candidates.csv;12_STRICT_GenoGrammar_assembly_bridge.csv
GCF_017132775.1	02_registry_all_accession_candidates.csv;04_registry_genome_identity_resolved.csv;12_STRICT_GenoGrammar_assembly_bridge.csv
GCF_017301935	02_registry_all_accession_candidates.csv;12_STRICT_GenoGrammar_assembly_bridge.csv
GCF_017301935.1	02_registry_all_accession_candidates.csv;04_registry_genome_identity_resolved.csv;12_STRICT_GenoGrammar_assembly_bridge.csv
GCF_017498335	02_registry_all_accession_candidates.csv;12_STRICT_GenoGrammar_assembly_bridge.csv
GCF_017498335.1	02_registry_all_accession_candidates.csv;04_registry_genome_identity_resolved.csv;12_STRICT_GenoGrammar_assembly_bridge.csv
GCF_017573685	02_registry_all_accession_candidates.csv;12_STRICT_GenoGrammar_assembly_bridge.csv
GCF_017573685.1	02_registry_all_accession_candidates.csv;04_registry_genome_identity_resolved.csv;12_STRICT_GenoGrammar_assembly_bridge.csv
GCF_017742875	02_registry_all_accession_candidates.csv;12_STRICT_GenoGrammar_assembly_bridge.csv
GCF_017742875.1	02_registry_all_accession_candidates.csv;04_registry_genome_identity_resolved.csv;12_STRICT_GenoGrammar_assembly_bridge.csv
GCF_017743155	02_registry_all_accession_candidates.csv;12_STRICT_GenoGrammar_assembly_bridge.csv
GCF_017743155.1	02_registry_all_accession_candidates.csv;04_registry_genome_identity_resolved.csv;12_STRICT_GenoGrammar_assembly_bridge.csv
GCF_017743195	02_registry_all_accession_candidates.csv;12_STRICT_GenoGrammar_assembly_bridge.csv
GCF_017743195.1	02_registry_all_accession_candidates.csv;04_registry_genome_identity_resolved.csv;12_STRICT_GenoGrammar_assembly_bridge.csv
GCF_017795605	02_registry_all_accession_candidates.csv;12_STRICT_GenoGrammar_assembly_bridge.csv
GCF_017795605.1	02_registry_all_accession_candidates.csv;04_registry_genome_identity_resolved.csv;12_STRICT_GenoGrammar_assembly_bridge.csv
GCF_017798305	02_registry_all_accession_candidates.csv;12_STRICT_GenoGrammar_assembly_bridge.csv
GCF_017798305.1	02_registry_all_accession_candidates.csv;04_registry_genome_identity_resolved.csv;12_STRICT_GenoGrammar_assembly_bridge.csv
GCF_017815835	02_registry_all_accession_candidates.csv;12_STRICT_GenoGrammar_assembly_bridge.csv
GCF_017815835.1	02_registry_all_accession_candidates.csv;04_registry_genome_identity_resolved.csv;12_STRICT_GenoGrammar_assembly_bridge.csv
GCF_017894325	02_registry_all_accession_candidates.csv;12_STRICT_GenoGrammar_assembly_bridge.csv
GCF_017894325.1	02_registry_all_accession_candidates.csv;04_registry_genome_identity_resolved.csv;12_STRICT_GenoGrammar_assembly_bridge.csv
GCF_017963615	02_registry_all_accession_candidates.csv;12_STRICT_GenoGrammar_assembly_bridge.csv
GCF_017963615.1	02_registry_all_accession_candidates.csv;04_registry_genome_identity_resolved.csv;12_STRICT_GenoGrammar_assembly_bridge.csv
GCF_018064185	02_registry_all_accession_candidates.csv;12_STRICT_GenoGrammar_assembly_bridge.csv
GCF_018064185.1	02_registry_all_accession_candidates.csv;04_registry_genome_identity_resolved.csv;12_STRICT_GenoGrammar_assembly_bridge.csv
GCF_018141205	02_registry_all_accession_candidates.csv;12_STRICT_GenoGrammar_assembly_bridge.csv
GCF_018141205.1	02_registry_all_accession_candidates.csv;04_registry_genome_identity_resolved.csv;12_STRICT_GenoGrammar_assembly_bridge.csv
GCF_018228745	02_registry_all_accession_candidates.csv;12_STRICT_GenoGrammar_assembly_bridge.csv
GCF_018228745.1	02_registry_all_accession_candidates.csv;04_registry_genome_identity_resolved.csv;12_STRICT_GenoGrammar_assembly_bridge.csv
GCF_018351295	02_registry_all_accession_candidates.csv;12_STRICT_GenoGrammar_assembly_bridge.csv
GCF_018351295.1	02_registry_all_accession_candidates.csv;04_registry_genome_identity_resolved.csv;12_STRICT_GenoGrammar_assembly_bridge.csv
GCF_018408965	02_registry_all_accession_candidates.csv;12_STRICT_GenoGrammar_assembly_bridge.csv
GCF_018408965.1	02_registry_all_accession_candidates.csv;04_registry_genome_identity_resolved.csv;12_STRICT_GenoGrammar_assembly_bridge.csv
GCF_018408975	02_registry_all_accession_candidates.csv;12_STRICT_GenoGrammar_assembly_bridge.csv
GCF_018408975.1	02_registry_all_accession_candidates.csv;04_registry_genome_identity_resolved.csv;12_STRICT_GenoGrammar_assembly_bridge.csv
GCF_018408985	02_registry_all_accession_candidates.csv;12_STRICT_GenoGrammar_assembly_bridge.csv
GCF_018408985.1	02_registry_all_accession_candidates.csv;04_registry_genome_identity_resolved.csv;12_STRICT_GenoGrammar_assembly_bridge.csv
GCF_018409015	02_registry_all_accession_candidates.csv;12_STRICT_GenoGrammar_assembly_bridge.csv
GCF_018409015.1	02_registry_all_accession_candidates.csv;04_registry_genome_identity_resolved.csv;12_STRICT_GenoGrammar_assembly_bridge.csv
GCF_018409165	02_registry_all_accession_candidates.csv;12_STRICT_GenoGrammar_assembly_bridge.csv
GCF_018409165.1	02_registry_all_accession_candidates.csv;04_registry_genome_identity_resolved.csv;12_STRICT_GenoGrammar_assembly_bridge.csv
GCF_018409185	02_registry_all_accession_candidates.csv;12_STRICT_GenoGrammar_assembly_bridge.csv
GCF_018409185.1	02_registry_all_accession_candidates.csv;04_registry_genome_identity_resolved.csv;12_STRICT_GenoGrammar_assembly_bridge.csv
GCF_018798865	02_registry_all_accession_candidates.csv;12_STRICT_GenoGrammar_assembly_bridge.csv
GCF_018798865.1	02_registry_all_accession_candidates.csv;04_registry_genome_identity_resolved.csv;12_STRICT_GenoGrammar_assembly_bridge.csv
GCF_018884205	02_registry_all_accession_candidates.csv;12_STRICT_GenoGrammar_assembly_bridge.csv
GCF_018884205.1	02_registry_all_accession_candidates.csv;04_registry_genome_identity_resolved.csv;12_STRICT_GenoGrammar_assembly_bridge.csv
GCF_018966895	02_registry_all_accession_candidates.csv;12_STRICT_GenoGrammar_assembly_bridge.csv
GCF_018966895.1	02_registry_all_accession_candidates.csv;04_registry_genome_identity_resolved.csv;12_STRICT_GenoGrammar_assembly_bridge.csv
GCF_019061135	02_registry_all_accession_candidates.csv;12_STRICT_GenoGrammar_assembly_bridge.csv
GCF_019061135.1	02_registry_all_accession_candidates.csv;04_registry_genome_identity_resolved.csv;12_STRICT_GenoGrammar_assembly_bridge.csv
GCF_019192945	02_registry_all_accession_candidates.csv;12_STRICT_GenoGrammar_assembly_bridge.csv
GCF_019192945.1	02_registry_all_accession_candidates.csv;04_registry_genome_identity_resolved.csv;12_STRICT_GenoGrammar_assembly_bridge.csv
GCF_019390095	02_registry_all_accession_candidates.csv;12_STRICT_GenoGrammar_assembly_bridge.csv
GCF_019390095.1	02_registry_all_accession_candidates.csv;04_registry_genome_identity_resolved.csv;12_STRICT_GenoGrammar_assembly_bridge.csv
GCF_019660445	02_registry_all_accession_candidates.csv;12_STRICT_GenoGrammar_assembly_bridge.csv
GCF_019660445.1	02_registry_all_accession_candidates.csv;04_registry_genome_identity_resolved.csv;12_STRICT_GenoGrammar_assembly_bridge.csv
GCF_019879165	02_registry_all_accession_candidates.csv;12_STRICT_GenoGrammar_assembly_bridge.csv
GCF_019879165.1	02_registry_all_accession_candidates.csv;04_registry_genome_identity_resolved.csv;12_STRICT_GenoGrammar_assembly_bridge.csv
GCF_019890875	02_registry_all_accession_candidates.csv;12_STRICT_GenoGrammar_assembly_bridge.csv
GCF_019890875.1	02_registry_all_accession_candidates.csv;04_registry_genome_identity_resolved.csv;12_STRICT_GenoGrammar_assembly_bridge.csv
GCF_019972965	02_registry_all_accession_candidates.csv;12_STRICT_GenoGrammar_assembly_bridge.csv
GCF_019972965.1	02_registry_all_accession_candidates.csv;04_registry_genome_identity_resolved.csv;12_STRICT_GenoGrammar_assembly_bridge.csv
GCF_020008065	02_registry_all_accession_candidates.csv;12_STRICT_GenoGrammar_assembly_bridge.csv
GCF_020008065.1	02_registry_all_accession_candidates.csv;04_registry_genome_identity_resolved.csv;12_STRICT_GenoGrammar_assembly_bridge.csv
GCF_020072545	02_registry_all_accession_candidates.csv;12_STRICT_GenoGrammar_assembly_bridge.csv
GCF_020072545.1	02_registry_all_accession_candidates.csv;04_registry_genome_identity_resolved.csv;12_STRICT_GenoGrammar_assembly_bridge.csv
GCF_020131335	02_registry_all_accession_candidates.csv;12_STRICT_GenoGrammar_assembly_bridge.csv
GCF_020131335.1	02_registry_all_accession_candidates.csv;04_registry_genome_identity_resolved.csv;12_STRICT_GenoGrammar_assembly_bridge.csv
GCF_020404265	02_registry_all_accession_candidates.csv;12_STRICT_GenoGrammar_assembly_bridge.csv
GCF_020404265.1	02_registry_all_accession_candidates.csv;04_registry_genome_identity_resolved.csv;12_STRICT_GenoGrammar_assembly_bridge.csv
GCF_020404275	02_registry_all_accession_candidates.csv;12_STRICT_GenoGrammar_assembly_bridge.csv
GCF_020404275.1	02_registry_all_accession_candidates.csv;04_registry_genome_identity_resolved.csv;12_STRICT_GenoGrammar_assembly_bridge.csv
GCF_020785395	02_registry_all_accession_candidates.csv
GCF_020785395.1	02_registry_all_accession_candidates.csv;04_registry_genome_identity_resolved.csv
GCF_020892075	02_registry_all_accession_candidates.csv;12_STRICT_GenoGrammar_assembly_bridge.csv
GCF_020892075.1	02_registry_all_accession_candidates.csv;04_registry_genome_identity_resolved.csv;12_STRICT_GenoGrammar_assembly_bridge.csv
GCF_020978225	02_registry_all_accession_candidates.csv;12_STRICT_GenoGrammar_assembly_bridge.csv
GCF_020978225.1	02_registry_all_accession_candidates.csv;04_registry_genome_identity_resolved.csv;12_STRICT_GenoGrammar_assembly_bridge.csv
GCF_020978285	02_registry_all_accession_candidates.csv;12_STRICT_GenoGrammar_assembly_bridge.csv
GCF_020978285.1	02_registry_all_accession_candidates.csv;04_registry_genome_identity_resolved.csv;12_STRICT_GenoGrammar_assembly_bridge.csv
GCF_021134215	02_registry_all_accession_candidates.csv;12_STRICT_GenoGrammar_assembly_bridge.csv
GCF_021134215.1	02_registry_all_accession_candidates.csv;04_registry_genome_identity_resolved.csv;12_STRICT_GenoGrammar_assembly_bridge.csv
GCF_021184065	02_registry_all_accession_candidates.csv;12_STRICT_GenoGrammar_assembly_bridge.csv
GCF_021184065.1	02_registry_all_accession_candidates.csv;04_registry_genome_identity_resolved.csv;12_STRICT_GenoGrammar_assembly_bridge.csv
GCF_021199095	02_registry_all_accession_candidates.csv;12_STRICT_GenoGrammar_assembly_bridge.csv
GCF_021199095.1	02_registry_all_accession_candidates.csv;04_registry_genome_identity_resolved.csv;12_STRICT_GenoGrammar_assembly_bridge.csv
GCF_021292855	02_registry_all_accession_candidates.csv;12_STRICT_GenoGrammar_assembly_bridge.csv
GCF_021292855.1	02_registry_all_accession_candidates.csv;04_registry_genome_identity_resolved.csv;12_STRICT_GenoGrammar_assembly_bridge.csv
GCF_021294255	02_registry_all_accession_candidates.csv;12_STRICT_GenoGrammar_assembly_bridge.csv
GCF_021294255.1	02_registry_all_accession_candidates.csv;04_registry_genome_identity_resolved.csv;12_STRICT_GenoGrammar_assembly_bridge.csv
GCF_021294375	02_registry_all_accession_candidates.csv;12_STRICT_GenoGrammar_assembly_bridge.csv
GCF_021294375.1	02_registry_all_accession_candidates.csv;04_registry_genome_identity_resolved.csv;12_STRICT_GenoGrammar_assembly_bridge.csv
GCF_021294665	02_registry_all_accession_candidates.csv;12_STRICT_GenoGrammar_assembly_bridge.csv
GCF_021294665.1	02_registry_all_accession_candidates.csv;04_registry_genome_identity_resolved.csv;12_STRICT_GenoGrammar_assembly_bridge.csv
GCF_021296595	02_registry_all_accession_candidates.csv;12_STRICT_GenoGrammar_assembly_bridge.csv
GCF_021296595.1	02_registry_all_accession_candidates.csv;04_registry_genome_identity_resolved.csv;12_STRICT_GenoGrammar_assembly_bridge.csv
GCF_021297355	02_registry_all_accession_candidates.csv;12_STRICT_GenoGrammar_assembly_bridge.csv
GCF_021297355.1	02_registry_all_accession_candidates.csv;04_registry_genome_identity_resolved.csv;12_STRICT_GenoGrammar_assembly_bridge.csv
GCF_021297595	02_registry_all_accession_candidates.csv;12_STRICT_GenoGrammar_assembly_bridge.csv
GCF_021297595.1	02_registry_all_accession_candidates.csv;04_registry_genome_identity_resolved.csv;12_STRICT_GenoGrammar_assembly_bridge.csv
GCF_021297695	02_registry_all_accession_candidates.csv;12_STRICT_GenoGrammar_assembly_bridge.csv
GCF_021297695.1	02_registry_all_accession_candidates.csv;04_registry_genome_identity_resolved.csv;12_STRICT_GenoGrammar_assembly_bridge.csv
GCF_021300595	02_registry_all_accession_candidates.csv;12_STRICT_GenoGrammar_assembly_bridge.csv
GCF_021300595.1	02_registry_all_accession_candidates.csv;04_registry_genome_identity_resolved.csv;12_STRICT_GenoGrammar_assembly_bridge.csv
GCF_021384495	02_registry_all_accession_candidates.csv;12_STRICT_GenoGrammar_assembly_bridge.csv
GCF_021384495.1	02_registry_all_accession_candidates.csv;04_registry_genome_identity_resolved.csv;12_STRICT_GenoGrammar_assembly_bridge.csv
GCF_021384615	02_registry_all_accession_candidates.csv;12_STRICT_GenoGrammar_assembly_bridge.csv
GCF_021384615.1	02_registry_all_accession_candidates.csv;04_registry_genome_identity_resolved.csv;12_STRICT_GenoGrammar_assembly_bridge.csv
GCF_021484885	02_registry_all_accession_candidates.csv;12_STRICT_GenoGrammar_assembly_bridge.csv
GCF_021484885.1	02_registry_all_accession_candidates.csv;04_registry_genome_identity_resolved.csv;12_STRICT_GenoGrammar_assembly_bridge.csv
GCF_021559835	02_registry_all_accession_candidates.csv;12_STRICT_GenoGrammar_assembly_bridge.csv
GCF_021559835.1	02_registry_all_accession_candidates.csv;04_registry_genome_identity_resolved.csv;12_STRICT_GenoGrammar_assembly_bridge.csv
GCF_021560135	02_registry_all_accession_candidates.csv;12_STRICT_GenoGrammar_assembly_bridge.csv
GCF_021560135.1	02_registry_all_accession_candidates.csv;04_registry_genome_identity_resolved.csv;12_STRICT_GenoGrammar_assembly_bridge.csv
GCF_022014355	02_registry_all_accession_candidates.csv;12_STRICT_GenoGrammar_assembly_bridge.csv
GCF_022014355.1	02_registry_all_accession_candidates.csv;04_registry_genome_identity_resolved.csv;12_STRICT_GenoGrammar_assembly_bridge.csv
GCF_022509735	02_registry_all_accession_candidates.csv;12_STRICT_GenoGrammar_assembly_bridge.csv
GCF_022509735.1	02_registry_all_accession_candidates.csv;04_registry_genome_identity_resolved.csv;12_STRICT_GenoGrammar_assembly_bridge.csv
GCF_022558425	02_registry_all_accession_candidates.csv;12_STRICT_GenoGrammar_assembly_bridge.csv
GCF_022558425.1	02_registry_all_accession_candidates.csv;04_registry_genome_identity_resolved.csv;12_STRICT_GenoGrammar_assembly_bridge.csv
GCF_022643845	02_registry_all_accession_candidates.csv;12_STRICT_GenoGrammar_assembly_bridge.csv
GCF_022643845.1	02_registry_all_accession_candidates.csv;04_registry_genome_identity_resolved.csv;12_STRICT_GenoGrammar_assembly_bridge.csv
GCF_022670815	02_registry_all_accession_candidates.csv;12_STRICT_GenoGrammar_assembly_bridge.csv
GCF_022670815.1	02_registry_all_accession_candidates.csv;04_registry_genome_identity_resolved.csv;12_STRICT_GenoGrammar_assembly_bridge.csv
GCF_022691205	02_registry_all_accession_candidates.csv;12_STRICT_GenoGrammar_assembly_bridge.csv
GCF_022691205.1	02_registry_all_accession_candidates.csv;04_registry_genome_identity_resolved.csv;12_STRICT_GenoGrammar_assembly_bridge.csv
GCF_022815785	02_registry_all_accession_candidates.csv;12_STRICT_GenoGrammar_assembly_bridge.csv
GCF_022815785.1	02_registry_all_accession_candidates.csv;04_registry_genome_identity_resolved.csv;12_STRICT_GenoGrammar_assembly_bridge.csv
GCF_022844655	02_registry_all_accession_candidates.csv;12_STRICT_GenoGrammar_assembly_bridge.csv
GCF_022844655.1	02_registry_all_accession_candidates.csv;04_registry_genome_identity_resolved.csv;12_STRICT_GenoGrammar_assembly_bridge.csv
GCF_023111055	02_registry_all_accession_candidates.csv;12_STRICT_GenoGrammar_assembly_bridge.csv
GCF_023111055.1	02_registry_all_accession_candidates.csv;04_registry_genome_identity_resolved.csv;12_STRICT_GenoGrammar_assembly_bridge.csv
GCF_023111075	02_registry_all_accession_candidates.csv;12_STRICT_GenoGrammar_assembly_bridge.csv
GCF_023111075.1	02_registry_all_accession_candidates.csv;04_registry_genome_identity_resolved.csv;12_STRICT_GenoGrammar_assembly_bridge.csv
GCF_023168025	02_registry_all_accession_candidates.csv;12_STRICT_GenoGrammar_assembly_bridge.csv
GCF_023168025.1	02_registry_all_accession_candidates.csv;04_registry_genome_identity_resolved.csv;12_STRICT_GenoGrammar_assembly_bridge.csv
GCF_023206755	02_registry_all_accession_candidates.csv;12_STRICT_GenoGrammar_assembly_bridge.csv
GCF_023206755.1	02_registry_all_accession_candidates.csv;04_registry_genome_identity_resolved.csv;12_STRICT_GenoGrammar_assembly_bridge.csv
GCF_023375875	02_registry_all_accession_candidates.csv;12_STRICT_GenoGrammar_assembly_bridge.csv
GCF_023375875.1	02_registry_all_accession_candidates.csv;04_registry_genome_identity_resolved.csv;12_STRICT_GenoGrammar_assembly_bridge.csv
GCF_023507555	02_registry_all_accession_candidates.csv;12_STRICT_GenoGrammar_assembly_bridge.csv
GCF_023507555.1	02_registry_all_accession_candidates.csv;04_registry_genome_identity_resolved.csv;12_STRICT_GenoGrammar_assembly_bridge.csv
GCF_023547165	02_registry_all_accession_candidates.csv;12_STRICT_GenoGrammar_assembly_bridge.csv
GCF_023547165.1	02_registry_all_accession_candidates.csv;04_registry_genome_identity_resolved.csv;12_STRICT_GenoGrammar_assembly_bridge.csv
GCF_023612195	02_registry_all_accession_candidates.csv;12_STRICT_GenoGrammar_assembly_bridge.csv
GCF_023612195.1	02_registry_all_accession_candidates.csv;04_registry_genome_identity_resolved.csv;12_STRICT_GenoGrammar_assembly_bridge.csv
GCF_023656965	02_registry_all_accession_candidates.csv;12_STRICT_GenoGrammar_assembly_bridge.csv
GCF_023656965.1	02_registry_all_accession_candidates.csv;04_registry_genome_identity_resolved.csv;12_STRICT_GenoGrammar_assembly_bridge.csv
GCF_023913535	02_registry_all_accession_candidates.csv;12_STRICT_GenoGrammar_assembly_bridge.csv
GCF_023913535.1	02_registry_all_accession_candidates.csv;04_registry_genome_identity_resolved.csv;12_STRICT_GenoGrammar_assembly_bridge.csv
GCF_024138855	02_registry_all_accession_candidates.csv;12_STRICT_GenoGrammar_assembly_bridge.csv
GCF_024138855.1	02_registry_all_accession_candidates.csv;04_registry_genome_identity_resolved.csv;12_STRICT_GenoGrammar_assembly_bridge.csv
GCF_024181685	02_registry_all_accession_candidates.csv;12_STRICT_GenoGrammar_assembly_bridge.csv
GCF_024181685.1	02_registry_all_accession_candidates.csv;04_registry_genome_identity_resolved.csv;12_STRICT_GenoGrammar_assembly_bridge.csv
GCF_024181705	02_registry_all_accession_candidates.csv;12_STRICT_GenoGrammar_assembly_bridge.csv
GCF_024181705.1	02_registry_all_accession_candidates.csv;04_registry_genome_identity_resolved.csv;12_STRICT_GenoGrammar_assembly_bridge.csv
GCF_024329325	02_registry_all_accession_candidates.csv;12_STRICT_GenoGrammar_assembly_bridge.csv
GCF_024329325.1	02_registry_all_accession_candidates.csv;04_registry_genome_identity_resolved.csv;12_STRICT_GenoGrammar_assembly_bridge.csv
GCF_024334065	02_registry_all_accession_candidates.csv;12_STRICT_GenoGrammar_assembly_bridge.csv
GCF_024334065.1	02_registry_all_accession_candidates.csv;04_registry_genome_identity_resolved.csv;12_STRICT_GenoGrammar_assembly_bridge.csv
GCF_024349265	02_registry_all_accession_candidates.csv;12_STRICT_GenoGrammar_assembly_bridge.csv
GCF_024349265.1	02_registry_all_accession_candidates.csv;04_registry_genome_identity_resolved.csv;12_STRICT_GenoGrammar_assembly_bridge.csv
GCF_024498315	02_registry_all_accession_candidates.csv;12_STRICT_GenoGrammar_assembly_bridge.csv
GCF_024498315.1	02_registry_all_accession_candidates.csv;04_registry_genome_identity_resolved.csv;12_STRICT_GenoGrammar_assembly_bridge.csv
GCF_024652885	02_registry_all_accession_candidates.csv;12_STRICT_GenoGrammar_assembly_bridge.csv
GCF_024652885.1	02_registry_all_accession_candidates.csv;04_registry_genome_identity_resolved.csv;12_STRICT_GenoGrammar_assembly_bridge.csv
GCF_024665075	02_registry_all_accession_candidates.csv;12_STRICT_GenoGrammar_assembly_bridge.csv
GCF_024665075.1	02_registry_all_accession_candidates.csv;04_registry_genome_identity_resolved.csv;12_STRICT_GenoGrammar_assembly_bridge.csv
GCF_024665195	02_registry_all_accession_candidates.csv;12_STRICT_GenoGrammar_assembly_bridge.csv
GCF_024665195.1	02_registry_all_accession_candidates.csv;04_registry_genome_identity_resolved.csv;12_STRICT_GenoGrammar_assembly_bridge.csv
GCF_024665315	02_registry_all_accession_candidates.csv;12_STRICT_GenoGrammar_assembly_bridge.csv
GCF_024665315.1	02_registry_all_accession_candidates.csv;04_registry_genome_identity_resolved.csv;12_STRICT_GenoGrammar_assembly_bridge.csv
GCF_024665435	02_registry_all_accession_candidates.csv;12_STRICT_GenoGrammar_assembly_bridge.csv
GCF_024665435.1	02_registry_all_accession_candidates.csv;04_registry_genome_identity_resolved.csv;12_STRICT_GenoGrammar_assembly_bridge.csv
GCF_024665555	02_registry_all_accession_candidates.csv;12_STRICT_GenoGrammar_assembly_bridge.csv
GCF_024665555.1	02_registry_all_accession_candidates.csv;04_registry_genome_identity_resolved.csv;12_STRICT_GenoGrammar_assembly_bridge.csv
GCF_024665595	02_registry_all_accession_candidates.csv;12_STRICT_GenoGrammar_assembly_bridge.csv
GCF_024665595.1	02_registry_all_accession_candidates.csv;04_registry_genome_identity_resolved.csv;12_STRICT_GenoGrammar_assembly_bridge.csv
GCF_024665655	02_registry_all_accession_candidates.csv;12_STRICT_GenoGrammar_assembly_bridge.csv
GCF_024665655.1	02_registry_all_accession_candidates.csv;04_registry_genome_identity_resolved.csv;12_STRICT_GenoGrammar_assembly_bridge.csv
GCF_024665815	02_registry_all_accession_candidates.csv;12_STRICT_GenoGrammar_assembly_bridge.csv
GCF_024665815.1	02_registry_all_accession_candidates.csv;04_registry_genome_identity_resolved.csv;12_STRICT_GenoGrammar_assembly_bridge.csv
GCF_024732385	02_registry_all_accession_candidates.csv;12_STRICT_GenoGrammar_assembly_bridge.csv
GCF_024732385.1	02_registry_all_accession_candidates.csv;04_registry_genome_identity_resolved.csv;12_STRICT_GenoGrammar_assembly_bridge.csv
GCF_024999925	02_registry_all_accession_candidates.csv
GCF_024999925.1	02_registry_all_accession_candidates.csv;04_registry_genome_identity_resolved.csv
GCF_025127245	02_registry_all_accession_candidates.csv;12_STRICT_GenoGrammar_assembly_bridge.csv
GCF_025127245.1	02_registry_all_accession_candidates.csv;04_registry_genome_identity_resolved.csv;12_STRICT_GenoGrammar_assembly_bridge.csv
GCF_025128755	02_registry_all_accession_candidates.csv;12_STRICT_GenoGrammar_assembly_bridge.csv
GCF_025128755.1	02_registry_all_accession_candidates.csv;04_registry_genome_identity_resolved.csv;12_STRICT_GenoGrammar_assembly_bridge.csv
GCF_025137495	02_registry_all_accession_candidates.csv;12_STRICT_GenoGrammar_assembly_bridge.csv
GCF_025137495.1	02_registry_all_accession_candidates.csv;04_registry_genome_identity_resolved.csv;12_STRICT_GenoGrammar_assembly_bridge.csv
GCF_025185985	02_registry_all_accession_candidates.csv;12_STRICT_GenoGrammar_assembly_bridge.csv
GCF_025185985.1	02_registry_all_accession_candidates.csv;04_registry_genome_identity_resolved.csv;12_STRICT_GenoGrammar_assembly_bridge.csv
GCF_025186885	02_registry_all_accession_candidates.csv;12_STRICT_GenoGrammar_assembly_bridge.csv
GCF_025186885.1	02_registry_all_accession_candidates.csv;04_registry_genome_identity_resolved.csv;12_STRICT_GenoGrammar_assembly_bridge.csv
GCF_025187145	02_registry_all_accession_candidates.csv;12_STRICT_GenoGrammar_assembly_bridge.csv
GCF_025187145.1	02_registry_all_accession_candidates.csv;04_registry_genome_identity_resolved.csv;12_STRICT_GenoGrammar_assembly_bridge.csv
GCF_025189405	02_registry_all_accession_candidates.csv;12_STRICT_GenoGrammar_assembly_bridge.csv
GCF_025189405.1	02_registry_all_accession_candidates.csv;04_registry_genome_identity_resolved.csv;12_STRICT_GenoGrammar_assembly_bridge.csv
GCF_025189525	02_registry_all_accession_candidates.csv;12_STRICT_GenoGrammar_assembly_bridge.csv
GCF_025189525.1	02_registry_all_accession_candidates.csv;04_registry_genome_identity_resolved.csv;12_STRICT_GenoGrammar_assembly_bridge.csv
GCF_025189605	02_registry_all_accession_candidates.csv;12_STRICT_GenoGrammar_assembly_bridge.csv
GCF_025189605.1	02_registry_all_accession_candidates.csv;04_registry_genome_identity_resolved.csv;12_STRICT_GenoGrammar_assembly_bridge.csv
GCF_025189845	02_registry_all_accession_candidates.csv;12_STRICT_GenoGrammar_assembly_bridge.csv
GCF_025189845.1	02_registry_all_accession_candidates.csv;04_registry_genome_identity_resolved.csv;12_STRICT_GenoGrammar_assembly_bridge.csv
GCF_025190015	02_registry_all_accession_candidates.csv;12_STRICT_GenoGrammar_assembly_bridge.csv
GCF_025190015.1	02_registry_all_accession_candidates.csv;04_registry_genome_identity_resolved.csv;12_STRICT_GenoGrammar_assembly_bridge.csv
GCF_025190105	02_registry_all_accession_candidates.csv;12_STRICT_GenoGrammar_assembly_bridge.csv
GCF_025190105.1	02_registry_all_accession_candidates.csv;04_registry_genome_identity_resolved.csv;12_STRICT_GenoGrammar_assembly_bridge.csv
GCF_025190725	02_registry_all_accession_candidates.csv;12_STRICT_GenoGrammar_assembly_bridge.csv
GCF_025190725.1	02_registry_all_accession_candidates.csv;04_registry_genome_identity_resolved.csv;12_STRICT_GenoGrammar_assembly_bridge.csv
GCF_025190745	02_registry_all_accession_candidates.csv
GCF_025190745.1	02_registry_all_accession_candidates.csv;04_registry_genome_identity_resolved.csv
GCF_025191785	02_registry_all_accession_candidates.csv
GCF_025191785.1	02_registry_all_accession_candidates.csv;04_registry_genome_identity_resolved.csv
GCF_025194385	02_registry_all_accession_candidates.csv;12_STRICT_GenoGrammar_assembly_bridge.csv
GCF_025194385.1	02_registry_all_accession_candidates.csv;04_registry_genome_identity_resolved.csv;12_STRICT_GenoGrammar_assembly_bridge.csv
GCF_025194725	02_registry_all_accession_candidates.csv;12_STRICT_GenoGrammar_assembly_bridge.csv
GCF_025194725.1	02_registry_all_accession_candidates.csv;04_registry_genome_identity_resolved.csv;12_STRICT_GenoGrammar_assembly_bridge.csv
GCF_025194865	02_registry_all_accession_candidates.csv
GCF_025194865.1	02_registry_all_accession_candidates.csv;04_registry_genome_identity_resolved.csv
GCF_025194925	02_registry_all_accession_candidates.csv;12_STRICT_GenoGrammar_assembly_bridge.csv
GCF_025194925.1	02_registry_all_accession_candidates.csv;04_registry_genome_identity_resolved.csv;12_STRICT_GenoGrammar_assembly_bridge.csv
GCF_025631195	02_registry_all_accession_candidates.csv;12_STRICT_GenoGrammar_assembly_bridge.csv
GCF_025631195.1	02_registry_all_accession_candidates.csv;04_registry_genome_identity_resolved.csv;12_STRICT_GenoGrammar_assembly_bridge.csv
GCF_025946725	02_registry_all_accession_candidates.csv;12_STRICT_GenoGrammar_assembly_bridge.csv
GCF_025946725.1	02_registry_all_accession_candidates.csv;04_registry_genome_identity_resolved.csv;12_STRICT_GenoGrammar_assembly_bridge.csv
GCF_025948295	02_registry_all_accession_candidates.csv;12_STRICT_GenoGrammar_assembly_bridge.csv
GCF_025948295.1	02_registry_all_accession_candidates.csv;04_registry_genome_identity_resolved.csv;12_STRICT_GenoGrammar_assembly_bridge.csv
GCF_026013765	02_registry_all_accession_candidates.csv;12_STRICT_GenoGrammar_assembly_bridge.csv
GCF_026013765.1	02_registry_all_accession_candidates.csv;04_registry_genome_identity_resolved.csv;12_STRICT_GenoGrammar_assembly_bridge.csv
GCF_026127565	02_registry_all_accession_candidates.csv
GCF_026127565.1	02_registry_all_accession_candidates.csv;04_registry_genome_identity_resolved.csv
GCF_026127605	02_registry_all_accession_candidates.csv
GCF_026127605.1	02_registry_all_accession_candidates.csv;04_registry_genome_identity_resolved.csv
GCF_026127635	02_registry_all_accession_candidates.csv;12_STRICT_GenoGrammar_assembly_bridge.csv
GCF_026127635.1	02_registry_all_accession_candidates.csv;04_registry_genome_identity_resolved.csv;12_STRICT_GenoGrammar_assembly_bridge.csv
GCF_026162505	02_registry_all_accession_candidates.csv;12_STRICT_GenoGrammar_assembly_bridge.csv
GCF_026162505.1	02_registry_all_accession_candidates.csv;04_registry_genome_identity_resolved.csv;12_STRICT_GenoGrammar_assembly_bridge.csv
GCF_026240755	02_registry_all_accession_candidates.csv;12_STRICT_GenoGrammar_assembly_bridge.csv
GCF_026240755.1	02_registry_all_accession_candidates.csv;04_registry_genome_identity_resolved.csv;12_STRICT_GenoGrammar_assembly_bridge.csv
GCF_026967245	02_registry_all_accession_candidates.csv;12_STRICT_GenoGrammar_assembly_bridge.csv
GCF_026967245.1	02_registry_all_accession_candidates.csv;04_registry_genome_identity_resolved.csv;12_STRICT_GenoGrammar_assembly_bridge.csv
GCF_027474465	02_registry_all_accession_candidates.csv;12_STRICT_GenoGrammar_assembly_bridge.csv
GCF_027474465.1	02_registry_all_accession_candidates.csv;04_registry_genome_identity_resolved.csv;12_STRICT_GenoGrammar_assembly_bridge.csv
GCF_027557615	02_registry_all_accession_candidates.csv;12_STRICT_GenoGrammar_assembly_bridge.csv
GCF_027557615.1	02_registry_all_accession_candidates.csv;04_registry_genome_identity_resolved.csv;12_STRICT_GenoGrammar_assembly_bridge.csv
GCF_027568335	02_registry_all_accession_candidates.csv;12_STRICT_GenoGrammar_assembly_bridge.csv
GCF_027568335.1	02_registry_all_accession_candidates.csv;04_registry_genome_identity_resolved.csv;12_STRICT_GenoGrammar_assembly_bridge.csv
GCF_027664925	02_registry_all_accession_candidates.csv;12_STRICT_GenoGrammar_assembly_bridge.csv
GCF_027664925.1	02_registry_all_accession_candidates.csv;04_registry_genome_identity_resolved.csv;12_STRICT_GenoGrammar_assembly_bridge.csv
GCF_027672405	02_registry_all_accession_candidates.csv;12_STRICT_GenoGrammar_assembly_bridge.csv
GCF_027672405.1	02_registry_all_accession_candidates.csv;04_registry_genome_identity_resolved.csv;12_STRICT_GenoGrammar_assembly_bridge.csv
GCF_027693445	02_registry_all_accession_candidates.csv;12_STRICT_GenoGrammar_assembly_bridge.csv
GCF_027693445.1	02_registry_all_accession_candidates.csv;04_registry_genome_identity_resolved.csv;12_STRICT_GenoGrammar_assembly_bridge.csv
GCF_027854125	02_registry_all_accession_candidates.csv;12_STRICT_GenoGrammar_assembly_bridge.csv
GCF_027854125.1	02_registry_all_accession_candidates.csv;04_registry_genome_identity_resolved.csv;12_STRICT_GenoGrammar_assembly_bridge.csv
GCF_027857655	02_registry_all_accession_candidates.csv;12_STRICT_GenoGrammar_assembly_bridge.csv
GCF_027857655.1	02_registry_all_accession_candidates.csv;04_registry_genome_identity_resolved.csv;12_STRICT_GenoGrammar_assembly_bridge.csv
GCF_028369155	02_registry_all_accession_candidates.csv;12_STRICT_GenoGrammar_assembly_bridge.csv
GCF_028369155.1	02_registry_all_accession_candidates.csv;04_registry_genome_identity_resolved.csv;12_STRICT_GenoGrammar_assembly_bridge.csv
GCF_028446625	02_registry_all_accession_candidates.csv;12_STRICT_GenoGrammar_assembly_bridge.csv
GCF_028446625.1	02_registry_all_accession_candidates.csv;04_registry_genome_identity_resolved.csv;12_STRICT_GenoGrammar_assembly_bridge.csv
GCF_028475085	02_registry_all_accession_candidates.csv;12_STRICT_GenoGrammar_assembly_bridge.csv;12_manifest_PRIMARY.csv;13_manifest_STRICT.csv
GCF_028475085.1	02_registry_all_accession_candidates.csv;04_registry_genome_identity_resolved.csv;05_manifest_PRIMARY_rescued.csv;06_manifest_STRICT_rescued.csv;12_STRICT_GenoGrammar_assembly_bridge.csv;12_manifest_PRIMARY.csv;13_manifest_STRICT.csv
GCF_028656165	02_registry_all_accession_candidates.csv;12_STRICT_GenoGrammar_assembly_bridge.csv
GCF_028656165.1	02_registry_all_accession_candidates.csv;04_registry_genome_identity_resolved.csv;12_STRICT_GenoGrammar_assembly_bridge.csv
GCF_028898865	02_registry_all_accession_candidates.csv;12_STRICT_GenoGrammar_assembly_bridge.csv
GCF_028898865.1	02_registry_all_accession_candidates.csv;04_registry_genome_identity_resolved.csv;12_STRICT_GenoGrammar_assembly_bridge.csv
GCF_029541965	02_registry_all_accession_candidates.csv;12_STRICT_GenoGrammar_assembly_bridge.csv
GCF_029541965.1	02_registry_all_accession_candidates.csv;04_registry_genome_identity_resolved.csv;12_STRICT_GenoGrammar_assembly_bridge.csv
GCF_029814785	02_registry_all_accession_candidates.csv;12_STRICT_GenoGrammar_assembly_bridge.csv
GCF_029814785.1	02_registry_all_accession_candidates.csv;04_registry_genome_identity_resolved.csv;12_STRICT_GenoGrammar_assembly_bridge.csv
GCF_029823225	02_registry_all_accession_candidates.csv;12_STRICT_GenoGrammar_assembly_bridge.csv
GCF_029823225.1	02_registry_all_accession_candidates.csv;04_registry_genome_identity_resolved.csv;12_STRICT_GenoGrammar_assembly_bridge.csv
GCF_029834415	02_registry_all_accession_candidates.csv;12_STRICT_GenoGrammar_assembly_bridge.csv
GCF_029834415.1	02_registry_all_accession_candidates.csv;04_registry_genome_identity_resolved.csv;12_STRICT_GenoGrammar_assembly_bridge.csv
GCF_029854235	02_registry_all_accession_candidates.csv;12_STRICT_GenoGrammar_assembly_bridge.csv
GCF_029854235.1	02_registry_all_accession_candidates.csv;04_registry_genome_identity_resolved.csv;12_STRICT_GenoGrammar_assembly_bridge.csv
GCF_029855065	02_registry_all_accession_candidates.csv;12_STRICT_GenoGrammar_assembly_bridge.csv
GCF_029855065.1	02_registry_all_accession_candidates.csv;04_registry_genome_identity_resolved.csv;12_STRICT_GenoGrammar_assembly_bridge.csv
GCF_030061895	02_registry_all_accession_candidates.csv;12_STRICT_GenoGrammar_assembly_bridge.csv
GCF_030061895.1	02_registry_all_accession_candidates.csv;04_registry_genome_identity_resolved.csv;12_STRICT_GenoGrammar_assembly_bridge.csv
GCF_030063125	02_registry_all_accession_candidates.csv;12_STRICT_GenoGrammar_assembly_bridge.csv
GCF_030063125.1	02_registry_all_accession_candidates.csv;04_registry_genome_identity_resolved.csv;12_STRICT_GenoGrammar_assembly_bridge.csv
GCF_030224725	02_registry_all_accession_candidates.csv;12_STRICT_GenoGrammar_assembly_bridge.csv
GCF_030224725.1	02_registry_all_accession_candidates.csv;04_registry_genome_identity_resolved.csv;12_STRICT_GenoGrammar_assembly_bridge.csv
GCF_030262475	02_registry_all_accession_candidates.csv;12_STRICT_GenoGrammar_assembly_bridge.csv
GCF_030262475.1	02_registry_all_accession_candidates.csv;04_registry_genome_identity_resolved.csv;12_STRICT_GenoGrammar_assembly_bridge.csv
GCF_030291755	02_registry_all_accession_candidates.csv;12_STRICT_GenoGrammar_assembly_bridge.csv
GCF_030291755.1	02_registry_all_accession_candidates.csv;04_registry_genome_identity_resolved.csv;12_STRICT_GenoGrammar_assembly_bridge.csv
GCF_030334805	02_registry_all_accession_candidates.csv;12_STRICT_GenoGrammar_assembly_bridge.csv
GCF_030334805.1	02_registry_all_accession_candidates.csv;04_registry_genome_identity_resolved.csv;12_STRICT_GenoGrammar_assembly_bridge.csv
GCF_030361185	02_registry_all_accession_candidates.csv;12_STRICT_GenoGrammar_assembly_bridge.csv
GCF_030361185.1	02_registry_all_accession_candidates.csv;04_registry_genome_identity_resolved.csv;12_STRICT_GenoGrammar_assembly_bridge.csv
GCF_030414125	02_registry_all_accession_candidates.csv;12_STRICT_GenoGrammar_assembly_bridge.csv
GCF_030414125.1	02_registry_all_accession_candidates.csv;04_registry_genome_identity_resolved.csv;12_STRICT_GenoGrammar_assembly_bridge.csv
GCF_030418275	02_registry_all_accession_candidates.csv;12_STRICT_GenoGrammar_assembly_bridge.csv
GCF_030418275.1	02_registry_all_accession_candidates.csv;04_registry_genome_identity_resolved.csv;12_STRICT_GenoGrammar_assembly_bridge.csv
GCF_030437975	02_registry_all_accession_candidates.csv;12_STRICT_GenoGrammar_assembly_bridge.csv
GCF_030437975.1	02_registry_all_accession_candidates.csv;04_registry_genome_identity_resolved.csv;12_STRICT_GenoGrammar_assembly_bridge.csv
GCF_030441965	02_registry_all_accession_candidates.csv;12_STRICT_GenoGrammar_assembly_bridge.csv
GCF_030441965.1	02_registry_all_accession_candidates.csv;04_registry_genome_identity_resolved.csv;12_STRICT_GenoGrammar_assembly_bridge.csv
GCF_030463605	02_registry_all_accession_candidates.csv;12_STRICT_GenoGrammar_assembly_bridge.csv
GCF_030463605.1	02_registry_all_accession_candidates.csv;04_registry_genome_identity_resolved.csv;12_STRICT_GenoGrammar_assembly_bridge.csv
GCF_030480425	02_registry_all_accession_candidates.csv;12_STRICT_GenoGrammar_assembly_bridge.csv
GCF_030480425.1	02_registry_all_accession_candidates.csv;04_registry_genome_identity_resolved.csv;12_STRICT_GenoGrammar_assembly_bridge.csv
GCF_030490305	02_registry_all_accession_candidates.csv;12_STRICT_GenoGrammar_assembly_bridge.csv
GCF_030490305.1	02_registry_all_accession_candidates.csv;04_registry_genome_identity_resolved.csv;12_STRICT_GenoGrammar_assembly_bridge.csv
GCF_030520065	02_registry_all_accession_candidates.csv;12_STRICT_GenoGrammar_assembly_bridge.csv
GCF_030520065.1	02_registry_all_accession_candidates.csv;04_registry_genome_identity_resolved.csv;12_STRICT_GenoGrammar_assembly_bridge.csv
GCF_030721705	02_registry_all_accession_candidates.csv;12_STRICT_GenoGrammar_assembly_bridge.csv
GCF_030721705.1	02_registry_all_accession_candidates.csv;04_registry_genome_identity_resolved.csv;12_STRICT_GenoGrammar_assembly_bridge.csv
GCF_030758995	02_registry_all_accession_candidates.csv;12_STRICT_GenoGrammar_assembly_bridge.csv
GCF_030758995.1	02_registry_all_accession_candidates.csv;04_registry_genome_identity_resolved.csv;12_STRICT_GenoGrammar_assembly_bridge.csv
GCF_031032805	02_registry_all_accession_candidates.csv;12_STRICT_GenoGrammar_assembly_bridge.csv
GCF_031032805.1	02_registry_all_accession_candidates.csv;04_registry_genome_identity_resolved.csv;12_STRICT_GenoGrammar_assembly_bridge.csv
GCF_031085385	02_registry_all_accession_candidates.csv;12_STRICT_GenoGrammar_assembly_bridge.csv
GCF_031085385.1	02_registry_all_accession_candidates.csv;04_registry_genome_identity_resolved.csv;12_STRICT_GenoGrammar_assembly_bridge.csv
GCF_032463485	02_registry_all_accession_candidates.csv;12_STRICT_GenoGrammar_assembly_bridge.csv
GCF_032463485.1	02_registry_all_accession_candidates.csv;04_registry_genome_identity_resolved.csv;12_STRICT_GenoGrammar_assembly_bridge.csv
GCF_032466055	02_registry_all_accession_candidates.csv;12_STRICT_GenoGrammar_assembly_bridge.csv
GCF_032466055.1	02_registry_all_accession_candidates.csv;04_registry_genome_identity_resolved.csv;12_STRICT_GenoGrammar_assembly_bridge.csv
GCF_032602185	02_registry_all_accession_candidates.csv;12_STRICT_GenoGrammar_assembly_bridge.csv
GCF_032602185.1	02_registry_all_accession_candidates.csv;04_registry_genome_identity_resolved.csv;12_STRICT_GenoGrammar_assembly_bridge.csv
GCF_032818175	02_registry_all_accession_candidates.csv;12_STRICT_GenoGrammar_assembly_bridge.csv
GCF_032818175.1	02_registry_all_accession_candidates.csv;04_registry_genome_identity_resolved.csv;12_STRICT_GenoGrammar_assembly_bridge.csv
GCF_033487235	02_registry_all_accession_candidates.csv;12_STRICT_GenoGrammar_assembly_bridge.csv
GCF_033487235.1	02_registry_all_accession_candidates.csv;04_registry_genome_identity_resolved.csv;12_STRICT_GenoGrammar_assembly_bridge.csv
GCF_033569435	02_registry_all_accession_candidates.csv;12_STRICT_GenoGrammar_assembly_bridge.csv
GCF_033569435.1	02_registry_all_accession_candidates.csv;04_registry_genome_identity_resolved.csv;12_STRICT_GenoGrammar_assembly_bridge.csv
GCF_033570435	02_registry_all_accession_candidates.csv;12_STRICT_GenoGrammar_assembly_bridge.csv
GCF_033570435.1	02_registry_all_accession_candidates.csv;04_registry_genome_identity_resolved.csv;12_STRICT_GenoGrammar_assembly_bridge.csv
GCF_033803995	02_registry_all_accession_candidates.csv;12_STRICT_GenoGrammar_assembly_bridge.csv
GCF_033803995.1	02_registry_all_accession_candidates.csv;04_registry_genome_identity_resolved.csv;12_STRICT_GenoGrammar_assembly_bridge.csv
GCF_033879915	02_registry_all_accession_candidates.csv;12_STRICT_GenoGrammar_assembly_bridge.csv
GCF_033879915.1	02_registry_all_accession_candidates.csv;04_registry_genome_identity_resolved.csv;12_STRICT_GenoGrammar_assembly_bridge.csv
GCF_033959405	02_registry_all_accession_candidates.csv;12_STRICT_GenoGrammar_assembly_bridge.csv
GCF_033959405.1	02_registry_all_accession_candidates.csv;04_registry_genome_identity_resolved.csv;12_STRICT_GenoGrammar_assembly_bridge.csv
GCF_034259105	02_registry_all_accession_candidates.csv;12_STRICT_GenoGrammar_assembly_bridge.csv
GCF_034259105.1	02_registry_all_accession_candidates.csv;04_registry_genome_identity_resolved.csv;12_STRICT_GenoGrammar_assembly_bridge.csv
GCF_034298135	02_registry_all_accession_candidates.csv;12_STRICT_GenoGrammar_assembly_bridge.csv
GCF_034298135.1	02_registry_all_accession_candidates.csv;04_registry_genome_identity_resolved.csv;12_STRICT_GenoGrammar_assembly_bridge.csv
GCF_034321885	02_registry_all_accession_candidates.csv;12_STRICT_GenoGrammar_assembly_bridge.csv
GCF_034321885.1	02_registry_all_accession_candidates.csv;04_registry_genome_identity_resolved.csv;12_STRICT_GenoGrammar_assembly_bridge.csv
GCF_034333585	02_registry_all_accession_candidates.csv;12_STRICT_GenoGrammar_assembly_bridge.csv
GCF_034333585.1	02_registry_all_accession_candidates.csv;04_registry_genome_identity_resolved.csv;12_STRICT_GenoGrammar_assembly_bridge.csv
GCF_035588615	02_registry_all_accession_candidates.csv;12_STRICT_GenoGrammar_assembly_bridge.csv
GCF_035588615.1	02_registry_all_accession_candidates.csv;04_registry_genome_identity_resolved.csv;12_STRICT_GenoGrammar_assembly_bridge.csv
GCF_036227545	02_registry_all_accession_candidates.csv;12_STRICT_GenoGrammar_assembly_bridge.csv
GCF_036227545.1	02_registry_all_accession_candidates.csv;04_registry_genome_identity_resolved.csv;12_STRICT_GenoGrammar_assembly_bridge.csv
GCF_036281515	02_registry_all_accession_candidates.csv;12_STRICT_GenoGrammar_assembly_bridge.csv
GCF_036281515.1	02_registry_all_accession_candidates.csv;04_registry_genome_identity_resolved.csv;12_STRICT_GenoGrammar_assembly_bridge.csv
GCF_036430845	02_registry_all_accession_candidates.csv;12_STRICT_GenoGrammar_assembly_bridge.csv
GCF_036430845.1	02_registry_all_accession_candidates.csv;04_registry_genome_identity_resolved.csv;12_STRICT_GenoGrammar_assembly_bridge.csv
GCF_036595825	02_registry_all_accession_candidates.csv;12_STRICT_GenoGrammar_assembly_bridge.csv
GCF_036595825.1	02_registry_all_accession_candidates.csv;04_registry_genome_identity_resolved.csv;12_STRICT_GenoGrammar_assembly_bridge.csv
GCF_036595865	02_registry_all_accession_candidates.csv;12_STRICT_GenoGrammar_assembly_bridge.csv
GCF_036595865.1	02_registry_all_accession_candidates.csv;04_registry_genome_identity_resolved.csv;12_STRICT_GenoGrammar_assembly_bridge.csv
GCF_036784755	02_registry_all_accession_candidates.csv;12_STRICT_GenoGrammar_assembly_bridge.csv
GCF_036784755.1	02_registry_all_accession_candidates.csv;04_registry_genome_identity_resolved.csv;12_STRICT_GenoGrammar_assembly_bridge.csv
GCF_036880975	02_registry_all_accession_candidates.csv;12_STRICT_GenoGrammar_assembly_bridge.csv
GCF_036880975.1	02_registry_all_accession_candidates.csv;04_registry_genome_identity_resolved.csv;12_STRICT_GenoGrammar_assembly_bridge.csv
GCF_036903235	02_registry_all_accession_candidates.csv;12_STRICT_GenoGrammar_assembly_bridge.csv
GCF_036903235.1	02_registry_all_accession_candidates.csv;04_registry_genome_identity_resolved.csv;12_STRICT_GenoGrammar_assembly_bridge.csv
GCF_036942465	02_registry_all_accession_candidates.csv;12_STRICT_GenoGrammar_assembly_bridge.csv
GCF_036942465.1	02_registry_all_accession_candidates.csv;04_registry_genome_identity_resolved.csv;12_STRICT_GenoGrammar_assembly_bridge.csv
GCF_037113575	02_registry_all_accession_candidates.csv;12_STRICT_GenoGrammar_assembly_bridge.csv
GCF_037113575.1	02_registry_all_accession_candidates.csv;04_registry_genome_identity_resolved.csv;12_STRICT_GenoGrammar_assembly_bridge.csv
GCF_037966675	02_registry_all_accession_candidates.csv;12_STRICT_GenoGrammar_assembly_bridge.csv
GCF_037966675.1	02_registry_all_accession_candidates.csv;04_registry_genome_identity_resolved.csv;12_STRICT_GenoGrammar_assembly_bridge.csv
GCF_037996565	02_registry_all_accession_candidates.csv;12_STRICT_GenoGrammar_assembly_bridge.csv
GCF_037996565.1	02_registry_all_accession_candidates.csv;04_registry_genome_identity_resolved.csv;12_STRICT_GenoGrammar_assembly_bridge.csv
GCF_037996585	02_registry_all_accession_candidates.csv;12_STRICT_GenoGrammar_assembly_bridge.csv
GCF_037996585.1	02_registry_all_accession_candidates.csv;04_registry_genome_identity_resolved.csv;12_STRICT_GenoGrammar_assembly_bridge.csv
GCF_038096155	02_registry_all_accession_candidates.csv;12_STRICT_GenoGrammar_assembly_bridge.csv
GCF_038096155.1	02_registry_all_accession_candidates.csv;04_registry_genome_identity_resolved.csv;12_STRICT_GenoGrammar_assembly_bridge.csv
GCF_038149605	02_registry_all_accession_candidates.csv;12_STRICT_GenoGrammar_assembly_bridge.csv
GCF_038149605.1	02_registry_all_accession_candidates.csv;04_registry_genome_identity_resolved.csv;12_STRICT_GenoGrammar_assembly_bridge.csv
GCF_038419715	02_registry_all_accession_candidates.csv;12_STRICT_GenoGrammar_assembly_bridge.csv
GCF_038419715.1	02_registry_all_accession_candidates.csv;04_registry_genome_identity_resolved.csv;12_STRICT_GenoGrammar_assembly_bridge.csv
GCF_039566335	02_registry_all_accession_candidates.csv;12_STRICT_GenoGrammar_assembly_bridge.csv
GCF_039566335.1	02_registry_all_accession_candidates.csv;04_registry_genome_identity_resolved.csv;12_STRICT_GenoGrammar_assembly_bridge.csv
GCF_039612675	02_registry_all_accession_candidates.csv;12_STRICT_GenoGrammar_assembly_bridge.csv
GCF_039612675.1	02_registry_all_accession_candidates.csv;04_registry_genome_identity_resolved.csv;12_STRICT_GenoGrammar_assembly_bridge.csv
GCF_039631215	02_registry_all_accession_candidates.csv;12_STRICT_GenoGrammar_assembly_bridge.csv
GCF_039631215.1	02_registry_all_accession_candidates.csv;04_registry_genome_identity_resolved.csv;12_STRICT_GenoGrammar_assembly_bridge.csv
GCF_039654845	02_registry_all_accession_candidates.csv;12_STRICT_GenoGrammar_assembly_bridge.csv
GCF_039654845.1	02_registry_all_accession_candidates.csv;04_registry_genome_identity_resolved.csv;12_STRICT_GenoGrammar_assembly_bridge.csv
GCF_039725565	02_registry_all_accession_candidates.csv;12_STRICT_GenoGrammar_assembly_bridge.csv
GCF_039725565.1	02_registry_all_accession_candidates.csv;04_registry_genome_identity_resolved.csv;12_STRICT_GenoGrammar_assembly_bridge.csv
GCF_039783625	02_registry_all_accession_candidates.csv;12_STRICT_GenoGrammar_assembly_bridge.csv
GCF_039783625.1	02_registry_all_accession_candidates.csv;04_registry_genome_identity_resolved.csv;12_STRICT_GenoGrammar_assembly_bridge.csv
GCF_039880475	02_registry_all_accession_candidates.csv;12_STRICT_GenoGrammar_assembly_bridge.csv
GCF_039880475.1	02_registry_all_accession_candidates.csv;04_registry_genome_identity_resolved.csv;12_STRICT_GenoGrammar_assembly_bridge.csv
GCF_040267755	02_registry_all_accession_candidates.csv;12_STRICT_GenoGrammar_assembly_bridge.csv
GCF_040267755.1	02_registry_all_accession_candidates.csv;04_registry_genome_identity_resolved.csv;12_STRICT_GenoGrammar_assembly_bridge.csv
GCF_040435965	02_registry_all_accession_candidates.csv;12_STRICT_GenoGrammar_assembly_bridge.csv
GCF_040435965.1	02_registry_all_accession_candidates.csv;04_registry_genome_identity_resolved.csv;12_STRICT_GenoGrammar_assembly_bridge.csv
GCF_040446565	02_registry_all_accession_candidates.csv;12_STRICT_GenoGrammar_assembly_bridge.csv
GCF_040446565.1	02_registry_all_accession_candidates.csv;04_registry_genome_identity_resolved.csv;12_STRICT_GenoGrammar_assembly_bridge.csv
GCF_040567705	02_registry_all_accession_candidates.csv;12_STRICT_GenoGrammar_assembly_bridge.csv
GCF_040567705.1	02_registry_all_accession_candidates.csv;04_registry_genome_identity_resolved.csv;12_STRICT_GenoGrammar_assembly_bridge.csv
GCF_040705195	02_registry_all_accession_candidates.csv;12_STRICT_GenoGrammar_assembly_bridge.csv
GCF_040705195.1	02_registry_all_accession_candidates.csv;04_registry_genome_identity_resolved.csv;12_STRICT_GenoGrammar_assembly_bridge.csv
GCF_040719475	02_registry_all_accession_candidates.csv;12_STRICT_GenoGrammar_assembly_bridge.csv
GCF_040719475.1	02_registry_all_accession_candidates.csv;04_registry_genome_identity_resolved.csv;12_STRICT_GenoGrammar_assembly_bridge.csv
GCF_040822565	02_registry_all_accession_candidates.csv;12_STRICT_GenoGrammar_assembly_bridge.csv
GCF_040822565.1	02_registry_all_accession_candidates.csv;04_registry_genome_identity_resolved.csv;12_STRICT_GenoGrammar_assembly_bridge.csv
GCF_040924945	02_registry_all_accession_candidates.csv;12_STRICT_GenoGrammar_assembly_bridge.csv
GCF_040924945.1	02_registry_all_accession_candidates.csv;04_registry_genome_identity_resolved.csv;12_STRICT_GenoGrammar_assembly_bridge.csv
GCF_040962025	02_registry_all_accession_candidates.csv;12_STRICT_GenoGrammar_assembly_bridge.csv
GCF_040962025.1	02_registry_all_accession_candidates.csv;04_registry_genome_identity_resolved.csv;12_STRICT_GenoGrammar_assembly_bridge.csv
GCF_041080595	02_registry_all_accession_candidates.csv;12_STRICT_GenoGrammar_assembly_bridge.csv
GCF_041080595.1	02_registry_all_accession_candidates.csv;04_registry_genome_identity_resolved.csv;12_STRICT_GenoGrammar_assembly_bridge.csv
GCF_041357755	02_registry_all_accession_candidates.csv;12_STRICT_GenoGrammar_assembly_bridge.csv
GCF_041357755.1	02_registry_all_accession_candidates.csv;04_registry_genome_identity_resolved.csv;12_STRICT_GenoGrammar_assembly_bridge.csv
GCF_041413225	02_registry_all_accession_candidates.csv
GCF_041413225.1	02_registry_all_accession_candidates.csv;04_registry_genome_identity_resolved.csv
GCF_041725645	02_registry_all_accession_candidates.csv;12_STRICT_GenoGrammar_assembly_bridge.csv
GCF_041725645.1	02_registry_all_accession_candidates.csv;04_registry_genome_identity_resolved.csv;12_STRICT_GenoGrammar_assembly_bridge.csv
GCF_041888795	02_registry_all_accession_candidates.csv;12_STRICT_GenoGrammar_assembly_bridge.csv
GCF_041888795.1	02_registry_all_accession_candidates.csv;04_registry_genome_identity_resolved.csv;12_STRICT_GenoGrammar_assembly_bridge.csv
GCF_041888805	02_registry_all_accession_candidates.csv;12_STRICT_GenoGrammar_assembly_bridge.csv
GCF_041888805.1	02_registry_all_accession_candidates.csv;04_registry_genome_identity_resolved.csv;12_STRICT_GenoGrammar_assembly_bridge.csv
GCF_042691645	02_registry_all_accession_candidates.csv;12_STRICT_GenoGrammar_assembly_bridge.csv
GCF_042691645.1	02_registry_all_accession_candidates.csv;04_registry_genome_identity_resolved.csv;12_STRICT_GenoGrammar_assembly_bridge.csv
GCF_043951895	02_registry_all_accession_candidates.csv;12_STRICT_GenoGrammar_assembly_bridge.csv
GCF_043951895.1	02_registry_all_accession_candidates.csv;04_registry_genome_identity_resolved.csv;12_STRICT_GenoGrammar_assembly_bridge.csv
GCF_044283575	02_registry_all_accession_candidates.csv;12_STRICT_GenoGrammar_assembly_bridge.csv
GCF_044283575.1	02_registry_all_accession_candidates.csv;04_registry_genome_identity_resolved.csv;12_STRICT_GenoGrammar_assembly_bridge.csv
GCF_044383485	02_registry_all_accession_candidates.csv;12_STRICT_GenoGrammar_assembly_bridge.csv
GCF_044383485.1	02_registry_all_accession_candidates.csv;04_registry_genome_identity_resolved.csv;12_STRICT_GenoGrammar_assembly_bridge.csv
GCF_044758965	02_registry_all_accession_candidates.csv;12_STRICT_GenoGrammar_assembly_bridge.csv
GCF_044758965.1	02_registry_all_accession_candidates.csv;04_registry_genome_identity_resolved.csv;12_STRICT_GenoGrammar_assembly_bridge.csv
GCF_045256955	02_registry_all_accession_candidates.csv;12_STRICT_GenoGrammar_assembly_bridge.csv
GCF_045256955.1	02_registry_all_accession_candidates.csv;04_registry_genome_identity_resolved.csv;12_STRICT_GenoGrammar_assembly_bridge.csv
GCF_045689685	02_registry_all_accession_candidates.csv;12_STRICT_GenoGrammar_assembly_bridge.csv
GCF_045689685.1	02_registry_all_accession_candidates.csv;04_registry_genome_identity_resolved.csv;12_STRICT_GenoGrammar_assembly_bridge.csv
GCF_045866315	02_registry_all_accession_candidates.csv;12_STRICT_GenoGrammar_assembly_bridge.csv
GCF_045866315.1	02_registry_all_accession_candidates.csv;04_registry_genome_identity_resolved.csv;12_STRICT_GenoGrammar_assembly_bridge.csv
GCF_046097075	02_registry_all_accession_candidates.csv;12_STRICT_GenoGrammar_assembly_bridge.csv
GCF_046097075.1	02_registry_all_accession_candidates.csv;04_registry_genome_identity_resolved.csv;12_STRICT_GenoGrammar_assembly_bridge.csv
GCF_046237615	02_registry_all_accession_candidates.csv;12_STRICT_GenoGrammar_assembly_bridge.csv
GCF_046237615.1	02_registry_all_accession_candidates.csv;04_registry_genome_identity_resolved.csv;12_STRICT_GenoGrammar_assembly_bridge.csv
GCF_046938175	02_registry_all_accession_candidates.csv;12_STRICT_GenoGrammar_assembly_bridge.csv
GCF_046938175.1	02_registry_all_accession_candidates.csv;04_registry_genome_identity_resolved.csv;12_STRICT_GenoGrammar_assembly_bridge.csv
GCF_047223445	02_registry_all_accession_candidates.csv;12_STRICT_GenoGrammar_assembly_bridge.csv
GCF_047223445.1	02_registry_all_accession_candidates.csv;04_registry_genome_identity_resolved.csv;12_STRICT_GenoGrammar_assembly_bridge.csv
GCF_047301025	02_registry_all_accession_candidates.csv;12_STRICT_GenoGrammar_assembly_bridge.csv
GCF_047301025.1	02_registry_all_accession_candidates.csv;04_registry_genome_identity_resolved.csv;12_STRICT_GenoGrammar_assembly_bridge.csv
GCF_047445195	02_registry_all_accession_candidates.csv;12_STRICT_GenoGrammar_assembly_bridge.csv
GCF_047445195.1	02_registry_all_accession_candidates.csv;04_registry_genome_identity_resolved.csv;12_STRICT_GenoGrammar_assembly_bridge.csv
GCF_047456375	02_registry_all_accession_candidates.csv;12_STRICT_GenoGrammar_assembly_bridge.csv
GCF_047456375.1	02_registry_all_accession_candidates.csv;04_registry_genome_identity_resolved.csv;12_STRICT_GenoGrammar_assembly_bridge.csv
GCF_047947225	02_registry_all_accession_candidates.csv;12_STRICT_GenoGrammar_assembly_bridge.csv
GCF_047947225.1	02_registry_all_accession_candidates.csv;04_registry_genome_identity_resolved.csv;12_STRICT_GenoGrammar_assembly_bridge.csv
GCF_048009075	02_registry_all_accession_candidates.csv;03_genome_path_accession_index.csv
GCF_048009075.1	02_registry_all_accession_candidates.csv;03_genome_path_accession_index.csv;04_registry_genome_identity_resolved.csv
GCF_048145425	02_registry_all_accession_candidates.csv;12_STRICT_GenoGrammar_assembly_bridge.csv
GCF_048145425.1	02_registry_all_accession_candidates.csv;04_registry_genome_identity_resolved.csv;12_STRICT_GenoGrammar_assembly_bridge.csv
GCF_049180515	02_registry_all_accession_candidates.csv;12_STRICT_GenoGrammar_assembly_bridge.csv
GCF_049180515.1	02_registry_all_accession_candidates.csv;04_registry_genome_identity_resolved.csv;12_STRICT_GenoGrammar_assembly_bridge.csv
GCF_049524615	02_registry_all_accession_candidates.csv;12_STRICT_GenoGrammar_assembly_bridge.csv
GCF_049524615.1	02_registry_all_accession_candidates.csv;04_registry_genome_identity_resolved.csv;12_STRICT_GenoGrammar_assembly_bridge.csv
GCF_049524655	02_registry_all_accession_candidates.csv;12_STRICT_GenoGrammar_assembly_bridge.csv
GCF_049524655.1	02_registry_all_accession_candidates.csv;04_registry_genome_identity_resolved.csv;12_STRICT_GenoGrammar_assembly_bridge.csv
GCF_049524795	02_registry_all_accession_candidates.csv;12_STRICT_GenoGrammar_assembly_bridge.csv
GCF_049524795.1	02_registry_all_accession_candidates.csv;04_registry_genome_identity_resolved.csv;12_STRICT_GenoGrammar_assembly_bridge.csv
GCF_049942745	02_registry_all_accession_candidates.csv;03_genome_path_accession_index.csv
GCF_049942745.1	02_registry_all_accession_candidates.csv;03_genome_path_accession_index.csv;04_registry_genome_identity_resolved.csv
GCF_050017215	02_registry_all_accession_candidates.csv;03_genome_path_accession_index.csv
GCF_050017215.1	02_registry_all_accession_candidates.csv;03_genome_path_accession_index.csv;04_registry_genome_identity_resolved.csv
GCF_050565525	02_registry_all_accession_candidates.csv;03_genome_path_accession_index.csv
GCF_050565525.1	02_registry_all_accession_candidates.csv;03_genome_path_accession_index.csv;04_registry_genome_identity_resolved.csv
GCF_050846705	02_registry_all_accession_candidates.csv;03_genome_path_accession_index.csv
GCF_050846705.1	02_registry_all_accession_candidates.csv;03_genome_path_accession_index.csv;04_registry_genome_identity_resolved.csv
GCF_050896535	02_registry_all_accession_candidates.csv;12_STRICT_GenoGrammar_assembly_bridge.csv
GCF_050896535.2	02_registry_all_accession_candidates.csv;04_registry_genome_identity_resolved.csv;12_STRICT_GenoGrammar_assembly_bridge.csv
GCF_051048205	02_registry_all_accession_candidates.csv;03_genome_path_accession_index.csv
GCF_051048205.1	02_registry_all_accession_candidates.csv;03_genome_path_accession_index.csv;04_registry_genome_identity_resolved.csv
GCF_051123815	02_registry_all_accession_candidates.csv;03_genome_path_accession_index.csv
GCF_051123815.1	02_registry_all_accession_candidates.csv;03_genome_path_accession_index.csv;04_registry_genome_identity_resolved.csv
GCF_051153655	02_registry_all_accession_candidates.csv;12_STRICT_GenoGrammar_assembly_bridge.csv
GCF_051153655.1	02_registry_all_accession_candidates.csv;04_registry_genome_identity_resolved.csv;12_STRICT_GenoGrammar_assembly_bridge.csv
GCF_051217015	02_registry_all_accession_candidates.csv;03_genome_path_accession_index.csv
GCF_051217015.1	02_registry_all_accession_candidates.csv;03_genome_path_accession_index.csv;04_registry_genome_identity_resolved.csv
GCF_051388095	02_registry_all_accession_candidates.csv;12_STRICT_GenoGrammar_assembly_bridge.csv
GCF_051388095.1	02_registry_all_accession_candidates.csv;04_registry_genome_identity_resolved.csv;12_STRICT_GenoGrammar_assembly_bridge.csv
GCF_051388175	02_registry_all_accession_candidates.csv;12_STRICT_GenoGrammar_assembly_bridge.csv
GCF_051388175.1	02_registry_all_accession_candidates.csv;04_registry_genome_identity_resolved.csv;12_STRICT_GenoGrammar_assembly_bridge.csv
GCF_051388555	02_registry_all_accession_candidates.csv;03_genome_path_accession_index.csv
GCF_051388555.1	02_registry_all_accession_candidates.csv;03_genome_path_accession_index.csv;04_registry_genome_identity_resolved.csv
GCF_051388695	02_registry_all_accession_candidates.csv;03_genome_path_accession_index.csv
GCF_051388695.1	02_registry_all_accession_candidates.csv;03_genome_path_accession_index.csv;04_registry_genome_identity_resolved.csv
GCF_051388835	02_registry_all_accession_candidates.csv;03_genome_path_accession_index.csv
GCF_051388835.1	02_registry_all_accession_candidates.csv;03_genome_path_accession_index.csv;04_registry_genome_identity_resolved.csv
GCF_051391195	02_registry_all_accession_candidates.csv;03_genome_path_accession_index.csv
GCF_051391195.1	02_registry_all_accession_candidates.csv;03_genome_path_accession_index.csv;04_registry_genome_identity_resolved.csv
GCF_051488545	02_registry_all_accession_candidates.csv
GCF_051488545.1	02_registry_all_accession_candidates.csv;04_registry_genome_identity_resolved.csv
GCF_051550615	02_registry_all_accession_candidates.csv;12_STRICT_GenoGrammar_assembly_bridge.csv
GCF_051550615.1	02_registry_all_accession_candidates.csv;04_registry_genome_identity_resolved.csv;12_STRICT_GenoGrammar_assembly_bridge.csv
GCF_051557165	02_registry_all_accession_candidates.csv;12_STRICT_GenoGrammar_assembly_bridge.csv
GCF_051557165.1	02_registry_all_accession_candidates.csv;04_registry_genome_identity_resolved.csv;12_STRICT_GenoGrammar_assembly_bridge.csv
GCF_051712885	02_registry_all_accession_candidates.csv;03_genome_path_accession_index.csv
GCF_051712885.1	02_registry_all_accession_candidates.csv;03_genome_path_accession_index.csv;04_registry_genome_identity_resolved.csv
GCF_051949185	02_registry_all_accession_candidates.csv;12_STRICT_GenoGrammar_assembly_bridge.csv
GCF_051949185.1	02_registry_all_accession_candidates.csv;04_registry_genome_identity_resolved.csv;12_STRICT_GenoGrammar_assembly_bridge.csv
GCF_051990715	02_registry_all_accession_candidates.csv;12_STRICT_GenoGrammar_assembly_bridge.csv
GCF_051990715.1	02_registry_all_accession_candidates.csv;04_registry_genome_identity_resolved.csv;12_STRICT_GenoGrammar_assembly_bridge.csv
GCF_052064905	02_registry_all_accession_candidates.csv;03_genome_path_accession_index.csv
GCF_052064905.1	02_registry_all_accession_candidates.csv;03_genome_path_accession_index.csv;04_registry_genome_identity_resolved.csv
GCF_052064955	02_registry_all_accession_candidates.csv;03_genome_path_accession_index.csv
GCF_052064955.1	02_registry_all_accession_candidates.csv;03_genome_path_accession_index.csv;04_registry_genome_identity_resolved.csv
GCF_052747875	02_registry_all_accession_candidates.csv;03_genome_path_accession_index.csv
GCF_052747875.1	02_registry_all_accession_candidates.csv;03_genome_path_accession_index.csv;04_registry_genome_identity_resolved.csv
GCF_052907325	02_registry_all_accession_candidates.csv;03_genome_path_accession_index.csv
GCF_052907325.1	02_registry_all_accession_candidates.csv;03_genome_path_accession_index.csv;04_registry_genome_identity_resolved.csv
GCF_052907405	02_registry_all_accession_candidates.csv;12_STRICT_GenoGrammar_assembly_bridge.csv
GCF_052907405.1	02_registry_all_accession_candidates.csv;04_registry_genome_identity_resolved.csv;12_STRICT_GenoGrammar_assembly_bridge.csv
GCF_053471085	02_registry_all_accession_candidates.csv;03_genome_path_accession_index.csv
GCF_053471085.1	02_registry_all_accession_candidates.csv;03_genome_path_accession_index.csv;04_registry_genome_identity_resolved.csv
GCF_053471705	02_registry_all_accession_candidates.csv;03_genome_path_accession_index.csv
GCF_053471705.1	02_registry_all_accession_candidates.csv;03_genome_path_accession_index.csv;04_registry_genome_identity_resolved.csv
GCF_053642955	02_registry_all_accession_candidates.csv;12_STRICT_GenoGrammar_assembly_bridge.csv
GCF_053642955.1	02_registry_all_accession_candidates.csv;04_registry_genome_identity_resolved.csv;12_STRICT_GenoGrammar_assembly_bridge.csv
GCF_053748695	02_registry_all_accession_candidates.csv;12_STRICT_GenoGrammar_assembly_bridge.csv
GCF_053748695.1	02_registry_all_accession_candidates.csv;04_registry_genome_identity_resolved.csv;12_STRICT_GenoGrammar_assembly_bridge.csv
GCF_053749075	02_registry_all_accession_candidates.csv;12_STRICT_GenoGrammar_assembly_bridge.csv
GCF_053749075.1	02_registry_all_accession_candidates.csv;04_registry_genome_identity_resolved.csv;12_STRICT_GenoGrammar_assembly_bridge.csv
GCF_054106205	02_registry_all_accession_candidates.csv;12_STRICT_GenoGrammar_assembly_bridge.csv
GCF_054106205.1	02_registry_all_accession_candidates.csv;04_registry_genome_identity_resolved.csv;12_STRICT_GenoGrammar_assembly_bridge.csv
GCF_054131685	02_registry_all_accession_candidates.csv;03_genome_path_accession_index.csv
GCF_054131685.1	02_registry_all_accession_candidates.csv;03_genome_path_accession_index.csv;04_registry_genome_identity_resolved.csv
GCF_054189165	02_registry_all_accession_candidates.csv;03_genome_path_accession_index.csv;12_STRICT_GenoGrammar_assembly_bridge.csv
GCF_054189165.1	02_registry_all_accession_candidates.csv;03_genome_path_accession_index.csv;04_registry_genome_identity_resolved.csv;12_STRICT_GenoGrammar_assembly_bridge.csv
GCF_054457255	02_registry_all_accession_candidates.csv;12_STRICT_GenoGrammar_assembly_bridge.csv
GCF_054457255.1	02_registry_all_accession_candidates.csv;04_registry_genome_identity_resolved.csv;12_STRICT_GenoGrammar_assembly_bridge.csv
GCF_054604265	02_registry_all_accession_candidates.csv;03_genome_path_accession_index.csv;12_STRICT_GenoGrammar_assembly_bridge.csv
GCF_054604265.1	02_registry_all_accession_candidates.csv;03_genome_path_accession_index.csv;04_registry_genome_identity_resolved.csv;12_STRICT_GenoGrammar_assembly_bridge.csv
GCF_054720645	02_registry_all_accession_candidates.csv;03_genome_path_accession_index.csv
GCF_054720645.1	02_registry_all_accession_candidates.csv;03_genome_path_accession_index.csv;04_registry_genome_identity_resolved.csv
GCF_054729175	02_registry_all_accession_candidates.csv;03_genome_path_accession_index.csv
GCF_054729175.1	02_registry_all_accession_candidates.csv;03_genome_path_accession_index.csv;04_registry_genome_identity_resolved.csv
GCF_054879955	02_registry_all_accession_candidates.csv;12_STRICT_GenoGrammar_assembly_bridge.csv
GCF_054879955.1	02_registry_all_accession_candidates.csv;04_registry_genome_identity_resolved.csv;12_STRICT_GenoGrammar_assembly_bridge.csv
GCF_054901215	02_registry_all_accession_candidates.csv;03_genome_path_accession_index.csv
GCF_054901215.1	02_registry_all_accession_candidates.csv;03_genome_path_accession_index.csv;04_registry_genome_identity_resolved.csv
GCF_054962495	02_registry_all_accession_candidates.csv;03_genome_path_accession_index.csv
GCF_054962495.1	02_registry_all_accession_candidates.csv;03_genome_path_accession_index.csv;04_registry_genome_identity_resolved.csv
GCF_055383495	02_registry_all_accession_candidates.csv;03_genome_path_accession_index.csv
GCF_055383495.1	02_registry_all_accession_candidates.csv;03_genome_path_accession_index.csv;04_registry_genome_identity_resolved.csv
GCF_055386965	02_registry_all_accession_candidates.csv;03_genome_path_accession_index.csv
GCF_055386965.1	02_registry_all_accession_candidates.csv;03_genome_path_accession_index.csv;04_registry_genome_identity_resolved.csv
GCF_055484615	02_registry_all_accession_candidates.csv;03_genome_path_accession_index.csv
GCF_055484615.1	02_registry_all_accession_candidates.csv;03_genome_path_accession_index.csv;04_registry_genome_identity_resolved.csv
GCF_055809795	02_registry_all_accession_candidates.csv;03_genome_path_accession_index.csv
GCF_055809795.1	02_registry_all_accession_candidates.csv;03_genome_path_accession_index.csv;04_registry_genome_identity_resolved.csv
GCF_056172775	02_registry_all_accession_candidates.csv;12_STRICT_GenoGrammar_assembly_bridge.csv
GCF_056172775.1	02_registry_all_accession_candidates.csv;04_registry_genome_identity_resolved.csv;12_STRICT_GenoGrammar_assembly_bridge.csv
GCF_900078525	02_registry_all_accession_candidates.csv;12_STRICT_GenoGrammar_assembly_bridge.csv
GCF_900078525.1	02_registry_all_accession_candidates.csv;04_registry_genome_identity_resolved.csv;12_STRICT_GenoGrammar_assembly_bridge.csv
GCF_900080205	02_registry_all_accession_candidates.csv;12_STRICT_GenoGrammar_assembly_bridge.csv
GCF_900080205.1	02_registry_all_accession_candidates.csv;04_registry_genome_identity_resolved.csv;12_STRICT_GenoGrammar_assembly_bridge.csv
GCF_900088425	02_registry_all_accession_candidates.csv;12_STRICT_GenoGrammar_assembly_bridge.csv
GCF_900088425.1	02_registry_all_accession_candidates.csv;04_registry_genome_identity_resolved.csv;12_STRICT_GenoGrammar_assembly_bridge.csv
GCF_900094135	02_registry_all_accession_candidates.csv;12_STRICT_GenoGrammar_assembly_bridge.csv
GCF_900094135.1	02_registry_all_accession_candidates.csv;04_registry_genome_identity_resolved.csv;12_STRICT_GenoGrammar_assembly_bridge.csv
GCF_900104835	02_registry_all_accession_candidates.csv;12_STRICT_GenoGrammar_assembly_bridge.csv
GCF_900104835.1	02_registry_all_accession_candidates.csv;04_registry_genome_identity_resolved.csv;12_STRICT_GenoGrammar_assembly_bridge.csv
GCF_900163585	02_registry_all_accession_candidates.csv;12_STRICT_GenoGrammar_assembly_bridge.csv
GCF_900163585.1	02_registry_all_accession_candidates.csv;04_registry_genome_identity_resolved.csv;12_STRICT_GenoGrammar_assembly_bridge.csv
GCF_900205745	02_registry_all_accession_candidates.csv;12_STRICT_GenoGrammar_assembly_bridge.csv
GCF_900205745.1	02_registry_all_accession_candidates.csv;04_registry_genome_identity_resolved.csv;12_STRICT_GenoGrammar_assembly_bridge.csv
GCF_900452495	02_registry_all_accession_candidates.csv;12_STRICT_GenoGrammar_assembly_bridge.csv
GCF_900452495.1	02_registry_all_accession_candidates.csv;04_registry_genome_identity_resolved.csv;12_STRICT_GenoGrammar_assembly_bridge.csv
GCF_900519135	02_registry_all_accession_candidates.csv;12_STRICT_GenoGrammar_assembly_bridge.csv
GCF_900519135.1	02_registry_all_accession_candidates.csv;04_registry_genome_identity_resolved.csv;12_STRICT_GenoGrammar_assembly_bridge.csv
GCF_900695425	02_registry_all_accession_candidates.csv;12_STRICT_GenoGrammar_assembly_bridge.csv
GCF_900695425.1	02_registry_all_accession_candidates.csv;04_registry_genome_identity_resolved.csv;12_STRICT_GenoGrammar_assembly_bridge.csv
GCF_901971765	02_registry_all_accession_candidates.csv;12_STRICT_GenoGrammar_assembly_bridge.csv
GCF_901971765.1	02_registry_all_accession_candidates.csv;04_registry_genome_identity_resolved.csv;12_STRICT_GenoGrammar_assembly_bridge.csv
GCF_901980275	02_registry_all_accession_candidates.csv;12_STRICT_GenoGrammar_assembly_bridge.csv
GCF_901980275.1	02_registry_all_accession_candidates.csv;04_registry_genome_identity_resolved.csv;12_STRICT_GenoGrammar_assembly_bridge.csv
GCF_902167885	02_registry_all_accession_candidates.csv;12_STRICT_GenoGrammar_assembly_bridge.csv
GCF_902167885.1	02_registry_all_accession_candidates.csv;04_registry_genome_identity_resolved.csv;12_STRICT_GenoGrammar_assembly_bridge.csv
GCF_964186795	02_registry_all_accession_candidates.csv;12_STRICT_GenoGrammar_assembly_bridge.csv
GCF_964186795.1	02_registry_all_accession_candidates.csv;04_registry_genome_identity_resolved.csv;12_STRICT_GenoGrammar_assembly_bridge.csv
GCF_965136155	02_registry_all_accession_candidates.csv;12_STRICT_GenoGrammar_assembly_bridge.csv
GCF_965136155.1	02_registry_all_accession_candidates.csv;04_registry_genome_identity_resolved.csv;12_STRICT_GenoGrammar_assembly_bridge.csv
GCF_965286015	02_registry_all_accession_candidates.csv;03_genome_path_accession_index.csv
GCF_965286015.1	02_registry_all_accession_candidates.csv;03_genome_path_accession_index.csv;04_registry_genome_identity_resolved.csv
GCF_965286555	02_registry_all_accession_candidates.csv;12_STRICT_GenoGrammar_assembly_bridge.csv
GCF_965286555.1	02_registry_all_accession_candidates.csv;04_registry_genome_identity_resolved.csv;12_STRICT_GenoGrammar_assembly_bridge.csv
GCF_978042475	02_registry_all_accession_candidates.csv;12_STRICT_GenoGrammar_assembly_bridge.csv
GCF_978042475.1	02_registry_all_accession_candidates.csv;04_registry_genome_identity_resolved.csv;12_STRICT_GenoGrammar_assembly_bridge.csv
GCF_978043405	02_registry_all_accession_candidates.csv;12_STRICT_GenoGrammar_assembly_bridge.csv
GCF_978043405.1	02_registry_all_accession_candidates.csv;04_registry_genome_identity_resolved.csv;12_STRICT_GenoGrammar_assembly_bridge.csv
GCF_978044305	02_registry_all_accession_candidates.csv;12_STRICT_GenoGrammar_assembly_bridge.csv
GCF_978044305.1	02_registry_all_accession_candidates.csv;04_registry_genome_identity_resolved.csv;12_STRICT_GenoGrammar_assembly_bridge.csv
GCF_980648745	02_registry_all_accession_candidates.csv;12_STRICT_GenoGrammar_assembly_bridge.csv
GCF_980648745.1	02_registry_all_accession_candidates.csv;04_registry_genome_identity_resolved.csv;12_STRICT_GenoGrammar_assembly_bridge.csv
