strain_entity_id,outer_fold,control_type,seed,replicate,cosine_TRUE_control,embedding_displacement,l2_distance,fold_matched_lineage95_encoder,phenotype_labels_used,encoder_retrained,encoder_finetuned
STRAIN_000015,5,GLOBAL_CONTIG,42,1,0.5906471014022827,0.4093528985977173,0.9048235416412354,True,False,False,False
STRAIN_000015,5,GLOBAL_CONTIG,142,2,0.5549271106719971,0.44507288932800293,0.9434753656387329,True,False,False,False
STRAIN_000015,5,GLOBAL_CONTIG,242,3,0.5615555047988892,0.43844449520111084,0.9364234805107117,True,False,False,False
STRAIN_000015,5,GLOBAL_CONTIG,342,4,0.5536699295043945,0.44633007049560547,0.9448069334030151,True,False,False,False
STRAIN_000015,5,GLOBAL_CONTIG,442,5,0.5774231553077698,0.4225768446922302,0.9193224310874939,True,False,False,False
STRAIN_000017,5,GLOBAL_CONTIG,42,1,0.5139777064323425,0.48602229356765747,0.9859232306480408,True,False,False,False
STRAIN_000017,5,GLOBAL_CONTIG,142,2,0.49620378017425537,0.5037962198257446,1.0037890672683716,True,False,False,False
STRAIN_000017,5,GLOBAL_CONTIG,242,3,0.5273513793945312,0.47264862060546875,0.9722640514373779,True,False,False,False
STRAIN_000017,5,GLOBAL_CONTIG,342,4,0.4972119629383087,0.5027880370616913,1.002784252166748,True,False,False,False
STRAIN_000017,5,GLOBAL_CONTIG,442,5,0.5504763126373291,0.4495236873626709,0.9481810331344604,True,False,False,False
STRAIN_000028,5,GLOBAL_CONTIG,42,1,0.4603675603866577,0.5396324396133423,1.0388766527175903,True,False,False,False
STRAIN_000028,5,GLOBAL_CONTIG,142,2,0.4934839904308319,0.5065160095691681,1.0064948797225952,True,False,False,False
STRAIN_000028,5,GLOBAL_CONTIG,242,3,0.48986560106277466,0.5101343989372253,1.010083556175232,True,False,False,False
STRAIN_000028,5,GLOBAL_CONTIG,342,4,0.48760056495666504,0.512399435043335,1.0123234987258911,True,False,False,False
STRAIN_000028,5,GLOBAL_CONTIG,442,5,0.4916442632675171,0.5083557367324829,1.0083210468292236,True,False,False,False
STRAIN_000029,5,GLOBAL_CONTIG,42,1,0.5496078729629517,0.45039212703704834,0.9490965604782104,True,False,False,False
STRAIN_000029,5,GLOBAL_CONTIG,142,2,0.5247218608856201,0.4752781391143799,0.9749647378921509,True,False,False,False
STRAIN_000029,5,GLOBAL_CONTIG,242,3,0.5273227095603943,0.4726772904396057,0.9722933769226074,True,False,False,False
STRAIN_000029,5,GLOBAL_CONTIG,342,4,0.5831212997436523,0.41687870025634766,0.9131031632423401,True,False,False,False
STRAIN_000029,5,GLOBAL_CONTIG,442,5,0.617146372795105,0.382853627204895,0.875046968460083,True,False,False,False
STRAIN_000033,5,GLOBAL_CONTIG,42,1,0.5358542799949646,0.4641457200050354,0.9634788632392883,True,False,False,False
STRAIN_000033,5,GLOBAL_CONTIG,142,2,0.542052149772644,0.45794785022735596,0.957024335861206,True,False,False,False
STRAIN_000033,5,GLOBAL_CONTIG,242,3,0.5450403690338135,0.4549596309661865,0.9538969397544861,True,False,False,False
STRAIN_000033,5,GLOBAL_CONTIG,342,4,0.5103957653045654,0.48960423469543457,0.9895496964454651,True,False,False,False
STRAIN_000033,5,GLOBAL_CONTIG,442,5,0.5356646776199341,0.4643353223800659,0.9636756181716919,True,False,False,False
STRAIN_000044,5,GLOBAL_CONTIG,42,1,0.6960060000419617,0.30399399995803833,0.779735803604126,True,False,False,False
STRAIN_000044,5,GLOBAL_CONTIG,142,2,0.5655170679092407,0.4344829320907593,0.9321832656860352,True,False,False,False
STRAIN_000044,5,GLOBAL_CONTIG,242,3,0.6421413421630859,0.35785865783691406,0.8460007905960083,True,False,False,False
STRAIN_000044,5,GLOBAL_CONTIG,342,4,0.39609378576278687,0.6039062142372131,1.0990052223205566,True,False,False,False
STRAIN_000044,5,GLOBAL_CONTIG,442,5,0.7449156045913696,0.25508439540863037,0.7142609357833862,True,False,False,False
STRAIN_000063,5,GLOBAL_CONTIG,42,1,0.5710173845291138,0.42898261547088623,0.9262641668319702,True,False,False,False
STRAIN_000063,5,GLOBAL_CONTIG,142,2,0.5229105949401855,0.47708940505981445,0.9768207669258118,True,False,False,False
STRAIN_000063,5,GLOBAL_CONTIG,242,3,0.6096386909484863,0.39036130905151367,0.8835850954055786,True,False,False,False
STRAIN_000063,5,GLOBAL_CONTIG,342,4,0.6129553914070129,0.38704460859298706,0.8798233866691589,True,False,False,False
STRAIN_000063,5,GLOBAL_CONTIG,442,5,0.5495587587356567,0.45044124126434326,0.9491482973098755,True,False,False,False
STRAIN_000071,5,GLOBAL_CONTIG,42,1,0.51564621925354,0.48435378074645996,0.9842293858528137,True,False,False,False
STRAIN_000071,5,GLOBAL_CONTIG,142,2,0.6040501594543457,0.3959498405456543,0.8898873329162598,True,False,False,False
STRAIN_000071,5,GLOBAL_CONTIG,242,3,0.5345891714096069,0.46541082859039307,0.9647908806800842,True,False,False,False
STRAIN_000071,5,GLOBAL_CONTIG,342,4,0.6656910181045532,0.3343089818954468,0.8176906108856201,True,False,False,False
STRAIN_000071,5,GLOBAL_CONTIG,442,5,0.5526910424232483,0.4473089575767517,0.945842444896698,True,False,False,False
STRAIN_000072,5,GLOBAL_CONTIG,42,1,0.7102615833282471,0.28973841667175293,0.7612338066101074,True,False,False,False
STRAIN_000072,5,GLOBAL_CONTIG,142,2,0.6793641448020935,0.3206358551979065,0.8007944226264954,True,False,False,False
STRAIN_000072,5,GLOBAL_CONTIG,242,3,0.7054781913757324,0.2945218086242676,0.7674916982650757,True,False,False,False
STRAIN_000072,5,GLOBAL_CONTIG,342,4,0.6289190053939819,0.37108099460601807,0.8614882230758667,True,False,False,False
STRAIN_000072,5,GLOBAL_CONTIG,442,5,0.7018001079559326,0.2981998920440674,0.7722691893577576,True,False,False,False
STRAIN_000075,5,GLOBAL_CONTIG,42,1,0.5801727175712585,0.41982728242874146,0.9163267016410828,True,False,False,False
STRAIN_000075,5,GLOBAL_CONTIG,142,2,0.5767434239387512,0.4232565760612488,0.9200614094734192,True,False,False,False
STRAIN_000075,5,GLOBAL_CONTIG,242,3,0.7058677673339844,0.2941322326660156,0.7669839859008789,True,False,False,False
STRAIN_000075,5,GLOBAL_CONTIG,342,4,0.5275769233703613,0.47242307662963867,0.9720318913459778,True,False,False,False
STRAIN_000075,5,GLOBAL_CONTIG,442,5,0.663528561592102,0.33647143840789795,0.8203309774398804,True,False,False,False
STRAIN_000083,5,GLOBAL_CONTIG,42,1,0.2912195920944214,0.7087804079055786,1.1906136274337769,True,False,False,False
STRAIN_000083,5,GLOBAL_CONTIG,142,2,0.4517439305782318,0.5482560694217682,1.047144889831543,True,False,False,False
STRAIN_000083,5,GLOBAL_CONTIG,242,3,0.20504218339920044,0.7949578166007996,1.2609186172485352,True,False,False,False
STRAIN_000083,5,GLOBAL_CONTIG,342,4,0.4771721363067627,0.5228278636932373,1.0225731134414673,True,False,False,False
STRAIN_000083,5,GLOBAL_CONTIG,442,5,0.4736630320549011,0.5263369679450989,1.0259990692138672,True,False,False,False
STRAIN_000086,5,GLOBAL_CONTIG,42,1,0.6734122037887573,0.3265877962112427,0.8081927299499512,True,False,False,False
STRAIN_000086,5,GLOBAL_CONTIG,142,2,0.6417710781097412,0.3582289218902588,0.8464382290840149,True,False,False,False
STRAIN_000086,5,GLOBAL_CONTIG,242,3,0.6015595197677612,0.39844048023223877,0.8926818370819092,True,False,False,False
STRAIN_000086,5,GLOBAL_CONTIG,342,4,0.5132486820220947,0.4867513179779053,0.9866623282432556,True,False,False,False
STRAIN_000086,5,GLOBAL_CONTIG,442,5,0.6754131317138672,0.3245868682861328,0.8057131171226501,True,False,False,False
STRAIN_000102,5,GLOBAL_CONTIG,42,1,0.48301899433135986,0.5169810056686401,1.0168392658233643,True,False,False,False
STRAIN_000102,5,GLOBAL_CONTIG,142,2,0.5050734281539917,0.4949265718460083,0.9949136972427368,True,False,False,False
STRAIN_000102,5,GLOBAL_CONTIG,242,3,0.5165132880210876,0.48348671197891235,0.9833480715751648,True,False,False,False
STRAIN_000102,5,GLOBAL_CONTIG,342,4,0.48099178075790405,0.519008219242096,1.0188308954238892,True,False,False,False
STRAIN_000102,5,GLOBAL_CONTIG,442,5,0.5061108469963074,0.4938891530036926,0.9938703775405884,True,False,False,False
STRAIN_000104,5,GLOBAL_CONTIG,42,1,0.6788383722305298,0.3211616277694702,0.801450788974762,True,False,False,False
STRAIN_000104,5,GLOBAL_CONTIG,142,2,0.692792534828186,0.30720746517181396,0.7838462591171265,True,False,False,False
STRAIN_000104,5,GLOBAL_CONTIG,242,3,0.6818474531173706,0.3181525468826294,0.7976873517036438,True,False,False,False
STRAIN_000104,5,GLOBAL_CONTIG,342,4,0.6849778890609741,0.3150221109390259,0.7937532663345337,True,False,False,False
STRAIN_000104,5,GLOBAL_CONTIG,442,5,0.698698878288269,0.30130112171173096,0.7762746810913086,True,False,False,False
STRAIN_000107,5,GLOBAL_CONTIG,42,1,0.5282211303710938,0.47177886962890625,0.9713689684867859,True,False,False,False
STRAIN_000107,5,GLOBAL_CONTIG,142,2,0.5280848741531372,0.4719151258468628,0.9715092778205872,True,False,False,False
STRAIN_000107,5,GLOBAL_CONTIG,242,3,0.5300249457359314,0.4699750542640686,0.9695101976394653,True,False,False,False
STRAIN_000107,5,GLOBAL_CONTIG,342,4,0.5127400755882263,0.4872599244117737,0.9871777296066284,True,False,False,False
STRAIN_000107,5,GLOBAL_CONTIG,442,5,0.5451520681381226,0.45484793186187744,0.9537797570228577,True,False,False,False
STRAIN_000108,5,GLOBAL_CONTIG,42,1,0.5356013774871826,0.4643986225128174,0.9637413620948792,True,False,False,False
STRAIN_000108,5,GLOBAL_CONTIG,142,2,0.5406774282455444,0.45932257175445557,0.9584597945213318,True,False,False,False
STRAIN_000108,5,GLOBAL_CONTIG,242,3,0.547285795211792,0.452714204788208,0.9515399932861328,True,False,False,False
STRAIN_000108,5,GLOBAL_CONTIG,342,4,0.519148588180542,0.480851411819458,0.9806645512580872,True,False,False,False
STRAIN_000108,5,GLOBAL_CONTIG,442,5,0.49420809745788574,0.5057919025421143,1.0057752132415771,True,False,False,False
STRAIN_000110,5,GLOBAL_CONTIG,42,1,0.7782906293869019,0.22170937061309814,0.6658968329429626,True,False,False,False
STRAIN_000110,5,GLOBAL_CONTIG,142,2,0.7741984128952026,0.22580158710479736,0.6720142364501953,True,False,False,False
STRAIN_000110,5,GLOBAL_CONTIG,242,3,0.7843195199966431,0.21568048000335693,0.6567807197570801,True,False,False,False
STRAIN_000110,5,GLOBAL_CONTIG,342,4,0.7481558322906494,0.2518441677093506,0.7097100615501404,True,False,False,False
STRAIN_000110,5,GLOBAL_CONTIG,442,5,0.7661189436912537,0.23388105630874634,0.6839313507080078,True,False,False,False
STRAIN_000113,5,GLOBAL_CONTIG,42,1,0.7796850204467773,0.22031497955322266,0.6637995839118958,True,False,False,False
STRAIN_000113,5,GLOBAL_CONTIG,142,2,0.7783554792404175,0.22164452075958252,0.6657995581626892,True,False,False,False
STRAIN_000113,5,GLOBAL_CONTIG,242,3,0.7936610579490662,0.20633894205093384,0.6424000263214111,True,False,False,False
STRAIN_000113,5,GLOBAL_CONTIG,342,4,0.787621021270752,0.21237897872924805,0.6517346501350403,True,False,False,False
STRAIN_000113,5,GLOBAL_CONTIG,442,5,0.7970656156539917,0.2029343843460083,0.6370782852172852,True,False,False,False
STRAIN_000116,5,GLOBAL_CONTIG,42,1,0.798459529876709,0.20154047012329102,0.634886622428894,True,False,False,False
STRAIN_000116,5,GLOBAL_CONTIG,142,2,0.8309317827224731,0.16906821727752686,0.581494927406311,True,False,False,False
STRAIN_000116,5,GLOBAL_CONTIG,242,3,0.8114234209060669,0.1885765790939331,0.6141279935836792,True,False,False,False
STRAIN_000116,5,GLOBAL_CONTIG,342,4,0.801604151725769,0.19839584827423096,0.6299139857292175,True,False,False,False
STRAIN_000116,5,GLOBAL_CONTIG,442,5,0.807124137878418,0.19287586212158203,0.6210889220237732,True,False,False,False
STRAIN_000120,5,GLOBAL_CONTIG,42,1,0.5136458873748779,0.48635411262512207,0.9862596988677979,True,False,False,False
STRAIN_000120,5,GLOBAL_CONTIG,142,2,0.4654906988143921,0.5345093011856079,1.0339335203170776,True,False,False,False
STRAIN_000120,5,GLOBAL_CONTIG,242,3,0.4995328187942505,0.5004671812057495,1.00046706199646,True,False,False,False
STRAIN_000120,5,GLOBAL_CONTIG,342,4,0.5451214909553528,0.4548785090446472,0.9538118243217468,True,False,False,False
STRAIN_000120,5,GLOBAL_CONTIG,442,5,0.47870934009552,0.52129065990448,1.021068811416626,True,False,False,False
STRAIN_000128,5,GLOBAL_CONTIG,42,1,0.6175109148025513,0.38248908519744873,0.8746302127838135,True,False,False,False
STRAIN_000128,5,GLOBAL_CONTIG,142,2,0.6338701248168945,0.36612987518310547,0.8557217717170715,True,False,False,False
STRAIN_000128,5,GLOBAL_CONTIG,242,3,0.6427327990531921,0.35726720094680786,0.8453012704849243,True,False,False,False
STRAIN_000128,5,GLOBAL_CONTIG,342,4,0.6568173170089722,0.34318268299102783,0.8284716606140137,True,False,False,False
STRAIN_000128,5,GLOBAL_CONTIG,442,5,0.6552371382713318,0.3447628617286682,0.8303768634796143,True,False,False,False
STRAIN_000129,5,GLOBAL_CONTIG,42,1,0.48232752084732056,0.5176724791526794,1.0175189971923828,True,False,False,False
STRAIN_000129,5,GLOBAL_CONTIG,142,2,0.5214940905570984,0.4785059094429016,0.9782698750495911,True,False,False,False
STRAIN_000129,5,GLOBAL_CONTIG,242,3,0.5277284383773804,0.47227156162261963,0.9718760251998901,True,False,False,False
STRAIN_000129,5,GLOBAL_CONTIG,342,4,0.49686020612716675,0.5031397938728333,1.003134846687317,True,False,False,False
STRAIN_000129,5,GLOBAL_CONTIG,442,5,0.46498143672943115,0.5350185632705688,1.034425973892212,True,False,False,False
STRAIN_000141,5,GLOBAL_CONTIG,42,1,0.8459770679473877,0.1540229320526123,0.5550188422203064,True,False,False,False
STRAIN_000141,5,GLOBAL_CONTIG,142,2,0.8415959477424622,0.15840405225753784,0.5628572106361389,True,False,False,False
STRAIN_000141,5,GLOBAL_CONTIG,242,3,0.8559297919273376,0.14407020807266235,0.536787211894989,True,False,False,False
STRAIN_000141,5,GLOBAL_CONTIG,342,4,0.8601279854774475,0.1398720145225525,0.5289082527160645,True,False,False,False
STRAIN_000141,5,GLOBAL_CONTIG,442,5,0.8332630395889282,0.16673696041107178,0.5774720311164856,True,False,False,False
STRAIN_000146,5,GLOBAL_CONTIG,42,1,0.8186289072036743,0.18137109279632568,0.6022807955741882,True,False,False,False
STRAIN_000146,5,GLOBAL_CONTIG,142,2,0.8142983317375183,0.1857016682624817,0.6094286441802979,True,False,False,False
STRAIN_000146,5,GLOBAL_CONTIG,242,3,0.8179444074630737,0.18205559253692627,0.6034160852432251,True,False,False,False
STRAIN_000146,5,GLOBAL_CONTIG,342,4,0.8223433494567871,0.1776566505432129,0.5960816740989685,True,False,False,False
STRAIN_000146,5,GLOBAL_CONTIG,442,5,0.8172380924224854,0.18276190757751465,0.604585587978363,True,False,False,False
STRAIN_000158,5,GLOBAL_CONTIG,42,1,0.50379878282547,0.49620121717453003,0.996194064617157,True,False,False,False
STRAIN_000158,5,GLOBAL_CONTIG,142,2,0.5043832063674927,0.4956167936325073,0.9956071972846985,True,False,False,False
STRAIN_000158,5,GLOBAL_CONTIG,242,3,0.510838508605957,0.48916149139404297,0.9891022443771362,True,False,False,False
STRAIN_000158,5,GLOBAL_CONTIG,342,4,0.5075590014457703,0.49244099855422974,0.992412269115448,True,False,False,False
STRAIN_000158,5,GLOBAL_CONTIG,442,5,0.5135523676872253,0.48644763231277466,0.986354649066925,True,False,False,False
STRAIN_000160,5,GLOBAL_CONTIG,42,1,0.8630906939506531,0.13690930604934692,0.5232767462730408,True,False,False,False
STRAIN_000160,5,GLOBAL_CONTIG,142,2,0.858383059501648,0.14161694049835205,0.5321972370147705,True,False,False,False
STRAIN_000160,5,GLOBAL_CONTIG,242,3,0.8613961935043335,0.1386038064956665,0.5265051126480103,True,False,False,False
STRAIN_000160,5,GLOBAL_CONTIG,342,4,0.8598568439483643,0.14014315605163574,0.5294209718704224,True,False,False,False
STRAIN_000160,5,GLOBAL_CONTIG,442,5,0.8627716302871704,0.1372283697128296,0.5238863229751587,True,False,False,False
STRAIN_000165,5,GLOBAL_CONTIG,42,1,0.676563560962677,0.323436439037323,0.8042839765548706,True,False,False,False
STRAIN_000165,5,GLOBAL_CONTIG,142,2,0.6822733283042908,0.31772667169570923,0.7971532940864563,True,False,False,False
STRAIN_000165,5,GLOBAL_CONTIG,242,3,0.6854015588760376,0.3145984411239624,0.7932193875312805,True,False,False,False
STRAIN_000165,5,GLOBAL_CONTIG,342,4,0.6782850027084351,0.32171499729156494,0.8021408915519714,True,False,False,False
STRAIN_000165,5,GLOBAL_CONTIG,442,5,0.6975784301757812,0.30242156982421875,0.7777166366577148,True,False,False,False
STRAIN_000166,5,GLOBAL_CONTIG,42,1,0.6853564381599426,0.3146435618400574,0.7932761907577515,True,False,False,False
STRAIN_000166,5,GLOBAL_CONTIG,142,2,0.6771243810653687,0.32287561893463135,0.803586483001709,True,False,False,False
STRAIN_000166,5,GLOBAL_CONTIG,242,3,0.669391393661499,0.330608606338501,0.8131526112556458,True,False,False,False
STRAIN_000166,5,GLOBAL_CONTIG,342,4,0.6636128425598145,0.33638715744018555,0.8202282786369324,True,False,False,False
STRAIN_000166,5,GLOBAL_CONTIG,442,5,0.6729554533958435,0.3270445466041565,0.8087578415870667,True,False,False,False
STRAIN_000170,5,GLOBAL_CONTIG,42,1,0.6583752632141113,0.34162473678588867,0.8265889883041382,True,False,False,False
STRAIN_000170,5,GLOBAL_CONTIG,142,2,0.6275885701179504,0.37241142988204956,0.8630312085151672,True,False,False,False
STRAIN_000170,5,GLOBAL_CONTIG,242,3,0.6599266529083252,0.3400733470916748,0.824709951877594,True,False,False,False
STRAIN_000170,5,GLOBAL_CONTIG,342,4,0.6349653005599976,0.36503469944000244,0.8544409275054932,True,False,False,False
STRAIN_000170,5,GLOBAL_CONTIG,442,5,0.6689367294311523,0.33106327056884766,0.8137114644050598,True,False,False,False
STRAIN_000171,5,GLOBAL_CONTIG,42,1,0.6193295121192932,0.3806704878807068,0.8725484609603882,True,False,False,False
STRAIN_000171,5,GLOBAL_CONTIG,142,2,0.6013851165771484,0.39861488342285156,0.8928771615028381,True,False,False,False
STRAIN_000171,5,GLOBAL_CONTIG,242,3,0.6265031099319458,0.3734968900680542,0.8642879724502563,True,False,False,False
STRAIN_000171,5,GLOBAL_CONTIG,342,4,0.6303572654724121,0.3696427345275879,0.8598170876502991,True,False,False,False
STRAIN_000171,5,GLOBAL_CONTIG,442,5,0.6357377767562866,0.3642622232437134,0.8535364270210266,True,False,False,False
STRAIN_000172,5,GLOBAL_CONTIG,42,1,0.5768440961837769,0.42315590381622314,0.9199520945549011,True,False,False,False
STRAIN_000172,5,GLOBAL_CONTIG,142,2,0.5608270168304443,0.43917298316955566,0.937201201915741,True,False,False,False
STRAIN_000172,5,GLOBAL_CONTIG,242,3,0.5318400859832764,0.46815991401672363,0.9676362872123718,True,False,False,False
STRAIN_000172,5,GLOBAL_CONTIG,342,4,0.5826911926269531,0.4173088073730469,0.9135740995407104,True,False,False,False
STRAIN_000172,5,GLOBAL_CONTIG,442,5,0.5311225652694702,0.4688774347305298,0.9683775305747986,True,False,False,False
STRAIN_000173,5,GLOBAL_CONTIG,42,1,0.5889681577682495,0.4110318422317505,0.9066773056983948,True,False,False,False
STRAIN_000173,5,GLOBAL_CONTIG,142,2,0.553396999835968,0.446603000164032,0.9450957775115967,True,False,False,False
STRAIN_000173,5,GLOBAL_CONTIG,242,3,0.5424250364303589,0.4575749635696411,0.9566346406936646,True,False,False,False
STRAIN_000173,5,GLOBAL_CONTIG,342,4,0.5752806067466736,0.4247193932533264,0.9216499924659729,True,False,False,False
STRAIN_000173,5,GLOBAL_CONTIG,442,5,0.5273513793945312,0.47264862060546875,0.9722639322280884,True,False,False,False
STRAIN_000174,5,GLOBAL_CONTIG,42,1,0.6185218691825867,0.38147813081741333,0.8734737038612366,True,False,False,False
STRAIN_000174,5,GLOBAL_CONTIG,142,2,0.64043128490448,0.35956871509552,0.8480196595191956,True,False,False,False
STRAIN_000174,5,GLOBAL_CONTIG,242,3,0.6455821990966797,0.3544178009033203,0.8419237732887268,True,False,False,False
STRAIN_000174,5,GLOBAL_CONTIG,342,4,0.6259855031967163,0.3740144968032837,0.8648867011070251,True,False,False,False
STRAIN_000174,5,GLOBAL_CONTIG,442,5,0.6718114614486694,0.32818853855133057,0.8101710677146912,True,False,False,False
STRAIN_000177,5,GLOBAL_CONTIG,42,1,0.6775093078613281,0.3224906921386719,0.8031073808670044,True,False,False,False
STRAIN_000177,5,GLOBAL_CONTIG,142,2,0.6773377656936646,0.32266223430633545,0.8033210039138794,True,False,False,False
STRAIN_000177,5,GLOBAL_CONTIG,242,3,0.6562469601631165,0.34375303983688354,0.8291599154472351,True,False,False,False
STRAIN_000177,5,GLOBAL_CONTIG,342,4,0.6486396193504333,0.35136038064956665,0.838284432888031,True,False,False,False
STRAIN_000177,5,GLOBAL_CONTIG,442,5,0.7061358094215393,0.2938641905784607,0.766634464263916,True,False,False,False
STRAIN_000180,5,GLOBAL_CONTIG,42,1,0.533385157585144,0.46661484241485596,0.966038167476654,True,False,False,False
STRAIN_000180,5,GLOBAL_CONTIG,142,2,0.5281258821487427,0.4718741178512573,0.971467137336731,True,False,False,False
STRAIN_000180,5,GLOBAL_CONTIG,242,3,0.5498597025871277,0.4501402974128723,0.9488312005996704,True,False,False,False
STRAIN_000180,5,GLOBAL_CONTIG,342,4,0.582567572593689,0.41743242740631104,0.9137094020843506,True,False,False,False
STRAIN_000180,5,GLOBAL_CONTIG,442,5,0.5450395941734314,0.4549604058265686,0.9538977742195129,True,False,False,False
STRAIN_000185,5,GLOBAL_CONTIG,42,1,0.6703948974609375,0.3296051025390625,0.8119177222251892,True,False,False,False
STRAIN_000185,5,GLOBAL_CONTIG,142,2,0.6763733625411987,0.32362663745880127,0.8045206665992737,True,False,False,False
STRAIN_000185,5,GLOBAL_CONTIG,242,3,0.669603168964386,0.330396831035614,0.8128921985626221,True,False,False,False
STRAIN_000185,5,GLOBAL_CONTIG,342,4,0.6799541711807251,0.3200458288192749,0.8000572323799133,True,False,False,False
STRAIN_000185,5,GLOBAL_CONTIG,442,5,0.6637829542160034,0.3362170457839966,0.8200207948684692,True,False,False,False
STRAIN_000186,5,GLOBAL_CONTIG,42,1,0.6279829740524292,0.3720170259475708,0.86257404088974,True,False,False,False
STRAIN_000186,5,GLOBAL_CONTIG,142,2,0.6435223817825317,0.35647761821746826,0.8443667888641357,True,False,False,False
STRAIN_000186,5,GLOBAL_CONTIG,242,3,0.6240402460098267,0.37595975399017334,0.8671329021453857,True,False,False,False
STRAIN_000186,5,GLOBAL_CONTIG,342,4,0.6312891244888306,0.36871087551116943,0.8587326407432556,True,False,False,False
STRAIN_000186,5,GLOBAL_CONTIG,442,5,0.6244252324104309,0.3755747675895691,0.8666889071464539,True,False,False,False
STRAIN_000210,5,GLOBAL_CONTIG,42,1,0.6943778991699219,0.3056221008300781,0.781821072101593,True,False,False,False
STRAIN_000210,5,GLOBAL_CONTIG,142,2,0.6986796855926514,0.30132031440734863,0.7762992978096008,True,False,False,False
STRAIN_000210,5,GLOBAL_CONTIG,242,3,0.7007156610488892,0.29928433895111084,0.7736721038818359,True,False,False,False
STRAIN_000210,5,GLOBAL_CONTIG,342,4,0.6979204416275024,0.30207955837249756,0.7772767543792725,True,False,False,False
STRAIN_000210,5,GLOBAL_CONTIG,442,5,0.7192087769508362,0.2807912230491638,0.7493879795074463,True,False,False,False
STRAIN_000212,5,GLOBAL_CONTIG,42,1,0.5739775896072388,0.42602241039276123,0.9230627417564392,True,False,False,False
STRAIN_000212,5,GLOBAL_CONTIG,142,2,0.5723484754562378,0.4276515245437622,0.9248259663581848,True,False,False,False
STRAIN_000212,5,GLOBAL_CONTIG,242,3,0.559645414352417,0.440354585647583,0.9384610056877136,True,False,False,False
STRAIN_000212,5,GLOBAL_CONTIG,342,4,0.5947315692901611,0.40526843070983887,0.9002981781959534,True,False,False,False
STRAIN_000212,5,GLOBAL_CONTIG,442,5,0.5602645874023438,0.43973541259765625,0.937800943851471,True,False,False,False
STRAIN_000225,5,GLOBAL_CONTIG,42,1,0.5856552124023438,0.41434478759765625,0.9103238582611084,True,False,False,False
STRAIN_000225,5,GLOBAL_CONTIG,142,2,0.6036522388458252,0.3963477611541748,0.89033442735672,True,False,False,False
STRAIN_000225,5,GLOBAL_CONTIG,242,3,0.6200173497200012,0.3799826502799988,0.8717599511146545,True,False,False,False
STRAIN_000225,5,GLOBAL_CONTIG,342,4,0.6125706434249878,0.3874293565750122,0.8802606463432312,True,False,False,False
STRAIN_000225,5,GLOBAL_CONTIG,442,5,0.6341463923454285,0.36585360765457153,0.8553988337516785,True,False,False,False
STRAIN_000231,5,GLOBAL_CONTIG,42,1,0.6999711990356445,0.30002880096435547,0.7746337056159973,True,False,False,False
STRAIN_000231,5,GLOBAL_CONTIG,142,2,0.6973075866699219,0.3026924133300781,0.7780647277832031,True,False,False,False
STRAIN_000231,5,GLOBAL_CONTIG,242,3,0.6972157955169678,0.3027842044830322,0.778182864189148,True,False,False,False
STRAIN_000231,5,GLOBAL_CONTIG,342,4,0.7062453627586365,0.2937546372413635,0.7664915323257446,True,False,False,False
STRAIN_000231,5,GLOBAL_CONTIG,442,5,0.6970633864402771,0.3029366135597229,0.7783784866333008,True,False,False,False
STRAIN_000235,5,GLOBAL_CONTIG,42,1,0.6805829405784607,0.3194170594215393,0.7992709875106812,True,False,False,False
STRAIN_000235,5,GLOBAL_CONTIG,142,2,0.6772985458374023,0.32270145416259766,0.8033697009086609,True,False,False,False
STRAIN_000235,5,GLOBAL_CONTIG,242,3,0.6717032790184021,0.3282967209815979,0.810304582118988,True,False,False,False
STRAIN_000235,5,GLOBAL_CONTIG,342,4,0.6756398677825928,0.3243601322174072,0.8054316639900208,True,False,False,False
STRAIN_000235,5,GLOBAL_CONTIG,442,5,0.6891147494316101,0.3108852505683899,0.7885241508483887,True,False,False,False
STRAIN_000237,5,GLOBAL_CONTIG,42,1,0.6800782084465027,0.3199217915534973,0.7999022603034973,True,False,False,False
STRAIN_000237,5,GLOBAL_CONTIG,142,2,0.6810301542282104,0.31896984577178955,0.7987112402915955,True,False,False,False
STRAIN_000237,5,GLOBAL_CONTIG,242,3,0.700665295124054,0.29933470487594604,0.7737373113632202,True,False,False,False
STRAIN_000237,5,GLOBAL_CONTIG,342,4,0.7182590961456299,0.2817409038543701,0.7506542801856995,True,False,False,False
STRAIN_000237,5,GLOBAL_CONTIG,442,5,0.6985887289047241,0.3014112710952759,0.7764164209365845,True,False,False,False
STRAIN_000240,5,GLOBAL_CONTIG,42,1,0.5413867235183716,0.4586132764816284,0.9577193856239319,True,False,False,False
STRAIN_000240,5,GLOBAL_CONTIG,142,2,0.506821870803833,0.493178129196167,0.9931547045707703,True,False,False,False
STRAIN_000240,5,GLOBAL_CONTIG,242,3,0.5544707775115967,0.4455292224884033,0.9439589381217957,True,False,False,False
STRAIN_000240,5,GLOBAL_CONTIG,342,4,0.4891921281814575,0.5108078718185425,1.0107500553131104,True,False,False,False
STRAIN_000240,5,GLOBAL_CONTIG,442,5,0.5577709674835205,0.4422290325164795,0.9404563307762146,True,False,False,False
STRAIN_000242,5,GLOBAL_CONTIG,42,1,0.57213294506073,0.42786705493927,0.925058901309967,True,False,False,False
STRAIN_000242,5,GLOBAL_CONTIG,142,2,0.5652918815612793,0.4347081184387207,0.9324249625205994,True,False,False,False
STRAIN_000242,5,GLOBAL_CONTIG,242,3,0.5836913585662842,0.4163086414337158,0.9124785661697388,True,False,False,False
STRAIN_000242,5,GLOBAL_CONTIG,342,4,0.5547022223472595,0.4452977776527405,0.9437137246131897,True,False,False,False
STRAIN_000242,5,GLOBAL_CONTIG,442,5,0.5744986534118652,0.42550134658813477,0.9224981665611267,True,False,False,False
STRAIN_000244,5,GLOBAL_CONTIG,42,1,0.5409674644470215,0.4590325355529785,0.9581571817398071,True,False,False,False
STRAIN_000244,5,GLOBAL_CONTIG,142,2,0.5401965379714966,0.4598034620285034,0.9589613080024719,True,False,False,False
STRAIN_000244,5,GLOBAL_CONTIG,242,3,0.5273431539535522,0.47265684604644775,0.972272515296936,True,False,False,False
STRAIN_000244,5,GLOBAL_CONTIG,342,4,0.5518525838851929,0.44814741611480713,0.9467284083366394,True,False,False,False
STRAIN_000244,5,GLOBAL_CONTIG,442,5,0.5388610363006592,0.4611389636993408,0.9603530764579773,True,False,False,False
STRAIN_000251,5,GLOBAL_CONTIG,42,1,0.560632586479187,0.439367413520813,0.9374085664749146,True,False,False,False
STRAIN_000251,5,GLOBAL_CONTIG,142,2,0.4897976815700531,0.5102023184299469,1.0101507902145386,True,False,False,False
STRAIN_000251,5,GLOBAL_CONTIG,242,3,0.4918133020401001,0.5081866979598999,1.0081534385681152,True,False,False,False
STRAIN_000251,5,GLOBAL_CONTIG,342,4,0.4657934904098511,0.5342065095901489,1.0336406230926514,True,False,False,False
STRAIN_000251,5,GLOBAL_CONTIG,442,5,0.5289453268051147,0.47105467319488525,0.970623254776001,True,False,False,False
STRAIN_000253,5,GLOBAL_CONTIG,42,1,0.5271017551422119,0.4728982448577881,0.9725207686424255,True,False,False,False
STRAIN_000253,5,GLOBAL_CONTIG,142,2,0.5416511297225952,0.4583488702774048,0.957443356513977,True,False,False,False
STRAIN_000253,5,GLOBAL_CONTIG,242,3,0.529888927936554,0.47011107206344604,0.9696505069732666,True,False,False,False
STRAIN_000253,5,GLOBAL_CONTIG,342,4,0.5128469467163086,0.4871530532836914,0.9870694279670715,True,False,False,False
STRAIN_000253,5,GLOBAL_CONTIG,442,5,0.5416922569274902,0.45830774307250977,0.957400381565094,True,False,False,False
STRAIN_000257,5,GLOBAL_CONTIG,42,1,0.6459284424781799,0.35407155752182007,0.8415124416351318,True,False,False,False
STRAIN_000257,5,GLOBAL_CONTIG,142,2,0.60993492603302,0.39006507396698,0.8832497596740723,True,False,False,False
STRAIN_000257,5,GLOBAL_CONTIG,242,3,0.628968358039856,0.37103164196014404,0.8614309430122375,True,False,False,False
STRAIN_000257,5,GLOBAL_CONTIG,342,4,0.6525456309318542,0.34745436906814575,0.8336118459701538,True,False,False,False
STRAIN_000257,5,GLOBAL_CONTIG,442,5,0.5889705419540405,0.4110294580459595,0.9066746830940247,True,False,False,False
STRAIN_000259,5,GLOBAL_CONTIG,42,1,0.7728577852249146,0.22714221477508545,0.6740062832832336,True,False,False,False
STRAIN_000259,5,GLOBAL_CONTIG,142,2,0.854841947555542,0.145158052444458,0.5388098359107971,True,False,False,False
STRAIN_000259,5,GLOBAL_CONTIG,242,3,0.8068670630455017,0.1931329369544983,0.6215029358863831,True,False,False,False
STRAIN_000259,5,GLOBAL_CONTIG,342,4,0.810779333114624,0.18922066688537598,0.6151759624481201,True,False,False,False
STRAIN_000259,5,GLOBAL_CONTIG,442,5,0.7912636995315552,0.20873630046844482,0.6461212038993835,True,False,False,False
STRAIN_000261,5,GLOBAL_CONTIG,42,1,0.5674456357955933,0.43255436420440674,0.9301123023033142,True,False,False,False
STRAIN_000261,5,GLOBAL_CONTIG,142,2,0.5671544075012207,0.4328455924987793,0.9304252862930298,True,False,False,False
STRAIN_000261,5,GLOBAL_CONTIG,242,3,0.571124792098999,0.428875207901001,0.9261480569839478,True,False,False,False
STRAIN_000261,5,GLOBAL_CONTIG,342,4,0.5770749449729919,0.42292505502700806,0.919701099395752,True,False,False,False
STRAIN_000261,5,GLOBAL_CONTIG,442,5,0.5599672198295593,0.4400327801704407,0.9381181001663208,True,False,False,False
STRAIN_000266,5,GLOBAL_CONTIG,42,1,0.6276997327804565,0.37230026721954346,0.8629024624824524,True,False,False,False
STRAIN_000266,5,GLOBAL_CONTIG,142,2,0.6174101829528809,0.38258981704711914,0.8747454881668091,True,False,False,False
STRAIN_000266,5,GLOBAL_CONTIG,242,3,0.6860178709030151,0.31398212909698486,0.7924419641494751,True,False,False,False
STRAIN_000266,5,GLOBAL_CONTIG,342,4,0.6508201360702515,0.34917986392974854,0.8356791138648987,True,False,False,False
STRAIN_000266,5,GLOBAL_CONTIG,442,5,0.6534490585327148,0.34655094146728516,0.8325273990631104,True,False,False,False
STRAIN_000284,5,GLOBAL_CONTIG,42,1,0.6562339663505554,0.3437660336494446,0.8291755318641663,True,False,False,False
STRAIN_000284,5,GLOBAL_CONTIG,142,2,0.6793864965438843,0.3206135034561157,0.8007664680480957,True,False,False,False
STRAIN_000284,5,GLOBAL_CONTIG,242,3,0.6593172550201416,0.3406827449798584,0.8254486918449402,True,False,False,False
STRAIN_000284,5,GLOBAL_CONTIG,342,4,0.6748183965682983,0.32518160343170166,0.8064509630203247,True,False,False,False
STRAIN_000284,5,GLOBAL_CONTIG,442,5,0.6750451326370239,0.3249548673629761,0.8061697483062744,True,False,False,False
STRAIN_000285,5,GLOBAL_CONTIG,42,1,0.6645806431770325,0.33541935682296753,0.8190473914146423,True,False,False,False
STRAIN_000285,5,GLOBAL_CONTIG,142,2,0.6842240691184998,0.31577593088150024,0.7947022318840027,True,False,False,False
STRAIN_000285,5,GLOBAL_CONTIG,242,3,0.6810869574546814,0.3189130425453186,0.7986400723457336,True,False,False,False
STRAIN_000285,5,GLOBAL_CONTIG,342,4,0.6737726926803589,0.3262273073196411,0.8077465295791626,True,False,False,False
STRAIN_000285,5,GLOBAL_CONTIG,442,5,0.6804666519165039,0.3195333480834961,0.7994164824485779,True,False,False,False
STRAIN_000287,5,GLOBAL_CONTIG,42,1,0.6887290477752686,0.31127095222473145,0.7890130877494812,True,False,False,False
STRAIN_000287,5,GLOBAL_CONTIG,142,2,0.6753805875778198,0.3246194124221802,0.8057535290718079,True,False,False,False
STRAIN_000287,5,GLOBAL_CONTIG,242,3,0.7007630467414856,0.2992369532585144,0.7736108899116516,True,False,False,False
STRAIN_000287,5,GLOBAL_CONTIG,342,4,0.691260814666748,0.30873918533325195,0.7857978343963623,True,False,False,False
STRAIN_000287,5,GLOBAL_CONTIG,442,5,0.6577447056770325,0.34225529432296753,0.8273515105247498,True,False,False,False
STRAIN_000290,5,GLOBAL_CONTIG,42,1,0.6463428139686584,0.35365718603134155,0.841019868850708,True,False,False,False
STRAIN_000290,5,GLOBAL_CONTIG,142,2,0.6206520795822144,0.37934792041778564,0.8710315227508545,True,False,False,False
STRAIN_000290,5,GLOBAL_CONTIG,242,3,0.6105866432189941,0.38941335678100586,0.8825116157531738,True,False,False,False
STRAIN_000290,5,GLOBAL_CONTIG,342,4,0.617321252822876,0.382678747177124,0.8748471140861511,True,False,False,False
STRAIN_000290,5,GLOBAL_CONTIG,442,5,0.6216206550598145,0.37837934494018555,0.8699187636375427,True,False,False,False
STRAIN_000300,5,GLOBAL_CONTIG,42,1,0.6581307649612427,0.3418692350387573,0.8268847465515137,True,False,False,False
STRAIN_000300,5,GLOBAL_CONTIG,142,2,0.6896705627441406,0.3103294372558594,0.7878190279006958,True,False,False,False
STRAIN_000300,5,GLOBAL_CONTIG,242,3,0.6988147497177124,0.3011852502822876,0.7761252522468567,True,False,False,False
STRAIN_000300,5,GLOBAL_CONTIG,342,4,0.6603513956069946,0.33964860439300537,0.8241949081420898,True,False,False,False
STRAIN_000300,5,GLOBAL_CONTIG,442,5,0.6027594208717346,0.3972405791282654,0.8913367390632629,True,False,False,False
STRAIN_000314,5,GLOBAL_CONTIG,42,1,0.6603459119796753,0.3396540880203247,0.8242015838623047,True,False,False,False
STRAIN_000314,5,GLOBAL_CONTIG,142,2,0.6921527981758118,0.30784720182418823,0.7846620082855225,True,False,False,False
STRAIN_000314,5,GLOBAL_CONTIG,242,3,0.6727073192596436,0.32729268074035645,0.8090644478797913,True,False,False,False
STRAIN_000314,5,GLOBAL_CONTIG,342,4,0.6715643405914307,0.32843565940856934,0.8104758858680725,True,False,False,False
STRAIN_000314,5,GLOBAL_CONTIG,442,5,0.682077944278717,0.31792205572128296,0.7973982691764832,True,False,False,False
STRAIN_000327,5,GLOBAL_CONTIG,42,1,0.5078848600387573,0.4921151399612427,0.992083728313446,True,False,False,False
STRAIN_000327,5,GLOBAL_CONTIG,142,2,0.5168732404708862,0.48312675952911377,0.9829819202423096,True,False,False,False
STRAIN_000327,5,GLOBAL_CONTIG,242,3,0.519182562828064,0.48081743717193604,0.9806298017501831,True,False,False,False
STRAIN_000327,5,GLOBAL_CONTIG,342,4,0.4889705181121826,0.5110294818878174,1.0109692811965942,True,False,False,False
STRAIN_000327,5,GLOBAL_CONTIG,442,5,0.49219682812690735,0.5078031718730927,1.0077729225158691,True,False,False,False
STRAIN_000333,5,GLOBAL_CONTIG,42,1,0.5992643237113953,0.40073567628860474,0.8952493071556091,True,False,False,False
STRAIN_000333,5,GLOBAL_CONTIG,142,2,0.5954515933990479,0.40454840660095215,0.8994980454444885,True,False,False,False
STRAIN_000333,5,GLOBAL_CONTIG,242,3,0.5757163166999817,0.4242836833000183,0.9211772084236145,True,False,False,False
STRAIN_000333,5,GLOBAL_CONTIG,342,4,0.5735480189323425,0.42645198106765747,0.9235280156135559,True,False,False,False
STRAIN_000333,5,GLOBAL_CONTIG,442,5,0.5914431810379028,0.40855681896209717,0.9039434194564819,True,False,False,False
STRAIN_000341,5,GLOBAL_CONTIG,42,1,0.6453673839569092,0.3546326160430908,0.8421789407730103,True,False,False,False
STRAIN_000341,5,GLOBAL_CONTIG,142,2,0.6785094738006592,0.3214905261993408,0.8018609881401062,True,False,False,False
STRAIN_000341,5,GLOBAL_CONTIG,242,3,0.6274166703224182,0.3725833296775818,0.8632305264472961,True,False,False,False
STRAIN_000341,5,GLOBAL_CONTIG,342,4,0.6671888828277588,0.3328111171722412,0.8158568739891052,True,False,False,False
STRAIN_000341,5,GLOBAL_CONTIG,442,5,0.6248760223388672,0.3751239776611328,0.8661686778068542,True,False,False,False
STRAIN_000342,5,GLOBAL_CONTIG,42,1,0.7693969011306763,0.23060309886932373,0.6791215538978577,True,False,False,False
STRAIN_000342,5,GLOBAL_CONTIG,142,2,0.705288827419281,0.294711172580719,0.7677384614944458,True,False,False,False
STRAIN_000342,5,GLOBAL_CONTIG,242,3,0.7081387042999268,0.29186129570007324,0.7640173435211182,True,False,False,False
STRAIN_000342,5,GLOBAL_CONTIG,342,4,0.7384411692619324,0.2615588307380676,0.7232686877250671,True,False,False,False
STRAIN_000342,5,GLOBAL_CONTIG,442,5,0.7112284898757935,0.28877151012420654,0.7599623799324036,True,False,False,False
STRAIN_000370,5,GLOBAL_CONTIG,42,1,0.7089908123016357,0.29100918769836426,0.7629013657569885,True,False,False,False
STRAIN_000370,5,GLOBAL_CONTIG,142,2,0.6885675191879272,0.31143248081207275,0.7892178893089294,True,False,False,False
STRAIN_000370,5,GLOBAL_CONTIG,242,3,0.7839601039886475,0.21603989601135254,0.6573276519775391,True,False,False,False
STRAIN_000370,5,GLOBAL_CONTIG,342,4,0.7380118370056152,0.26198816299438477,0.7238619923591614,True,False,False,False
STRAIN_000370,5,GLOBAL_CONTIG,442,5,0.7308729290962219,0.2691270709037781,0.7336580753326416,True,False,False,False
STRAIN_000377,5,GLOBAL_CONTIG,42,1,0.620326042175293,0.37967395782470703,0.8714056015014648,True,False,False,False
STRAIN_000377,5,GLOBAL_CONTIG,142,2,0.6514797210693359,0.34852027893066406,0.8348895311355591,True,False,False,False
STRAIN_000377,5,GLOBAL_CONTIG,242,3,0.6398085951805115,0.3601914048194885,0.8487536311149597,True,False,False,False
STRAIN_000377,5,GLOBAL_CONTIG,342,4,0.6682395935058594,0.3317604064941406,0.8145678639411926,True,False,False,False
STRAIN_000377,5,GLOBAL_CONTIG,442,5,0.6651055216789246,0.33489447832107544,0.8184062838554382,True,False,False,False
STRAIN_000381,5,GLOBAL_CONTIG,42,1,0.6358835697174072,0.3641164302825928,0.8533655405044556,True,False,False,False
STRAIN_000381,5,GLOBAL_CONTIG,142,2,0.6349577903747559,0.36504220962524414,0.8544497489929199,True,False,False,False
STRAIN_000381,5,GLOBAL_CONTIG,242,3,0.6294777393341064,0.37052226066589355,0.8608394861221313,True,False,False,False
STRAIN_000381,5,GLOBAL_CONTIG,342,4,0.6676784157752991,0.3323215842247009,0.8152564764022827,True,False,False,False
STRAIN_000381,5,GLOBAL_CONTIG,442,5,0.6362035870552063,0.3637964129447937,0.8529905676841736,True,False,False,False
STRAIN_000388,5,GLOBAL_CONTIG,42,1,0.6655649542808533,0.33443504571914673,0.8178448677062988,True,False,False,False
STRAIN_000388,5,GLOBAL_CONTIG,142,2,0.699722170829773,0.30027782917022705,0.7749552726745605,True,False,False,False
STRAIN_000388,5,GLOBAL_CONTIG,242,3,0.7140681743621826,0.2859318256378174,0.7562168836593628,True,False,False,False
STRAIN_000388,5,GLOBAL_CONTIG,342,4,0.7002573013305664,0.2997426986694336,0.7742645144462585,True,False,False,False
STRAIN_000388,5,GLOBAL_CONTIG,442,5,0.7008640766143799,0.2991359233856201,0.7734803557395935,True,False,False,False
STRAIN_000395,5,GLOBAL_CONTIG,42,1,0.6963043212890625,0.3036956787109375,0.7793532609939575,True,False,False,False
STRAIN_000395,5,GLOBAL_CONTIG,142,2,0.6773096323013306,0.32269036769866943,0.8033559322357178,True,False,False,False
STRAIN_000395,5,GLOBAL_CONTIG,242,3,0.6895864009857178,0.3104135990142822,0.7879259586334229,True,False,False,False
STRAIN_000395,5,GLOBAL_CONTIG,342,4,0.690963625907898,0.30903637409210205,0.7861760258674622,True,False,False,False
STRAIN_000395,5,GLOBAL_CONTIG,442,5,0.6886093616485596,0.31139063835144043,0.7891649007797241,True,False,False,False
STRAIN_000398,5,GLOBAL_CONTIG,42,1,0.5599838495254517,0.44001615047454834,0.938100278377533,True,False,False,False
STRAIN_000398,5,GLOBAL_CONTIG,142,2,0.5620448589324951,0.4379551410675049,0.9359006881713867,True,False,False,False
STRAIN_000398,5,GLOBAL_CONTIG,242,3,0.48857197165489197,0.511428028345108,1.0113633871078491,True,False,False,False
STRAIN_000398,5,GLOBAL_CONTIG,342,4,0.5213650465011597,0.47863495349884033,0.9784016609191895,True,False,False,False
STRAIN_000398,5,GLOBAL_CONTIG,442,5,0.496310293674469,0.503689706325531,1.0036829710006714,True,False,False,False
STRAIN_000403,5,GLOBAL_CONTIG,42,1,0.6792492866516113,0.32075071334838867,0.8009377717971802,True,False,False,False
STRAIN_000403,5,GLOBAL_CONTIG,142,2,0.6342761516571045,0.3657238483428955,0.8552471399307251,True,False,False,False
STRAIN_000403,5,GLOBAL_CONTIG,242,3,0.6397718787193298,0.36022812128067017,0.8487968444824219,True,False,False,False
STRAIN_000403,5,GLOBAL_CONTIG,342,4,0.6140260100364685,0.3859739899635315,0.8786056637763977,True,False,False,False
STRAIN_000403,5,GLOBAL_CONTIG,442,5,0.7295119166374207,0.27048808336257935,0.7355108857154846,True,False,False,False
STRAIN_000406,5,GLOBAL_CONTIG,42,1,0.7109013199806213,0.28909868001937866,0.7603929042816162,True,False,False,False
STRAIN_000406,5,GLOBAL_CONTIG,142,2,0.6927453875541687,0.3072546124458313,0.7839063405990601,True,False,False,False
STRAIN_000406,5,GLOBAL_CONTIG,242,3,0.6834685802459717,0.3165314197540283,0.795652449131012,True,False,False,False
STRAIN_000406,5,GLOBAL_CONTIG,342,4,0.7043881416320801,0.2956118583679199,0.7689106464385986,True,False,False,False
STRAIN_000406,5,GLOBAL_CONTIG,442,5,0.6926189661026001,0.3073810338973999,0.7840676307678223,True,False,False,False
STRAIN_000412,5,GLOBAL_CONTIG,42,1,0.6732960343360901,0.3267039656639099,0.808336615562439,True,False,False,False
STRAIN_000412,5,GLOBAL_CONTIG,142,2,0.686983585357666,0.313016414642334,0.7912224531173706,True,False,False,False
STRAIN_000412,5,GLOBAL_CONTIG,242,3,0.68373703956604,0.31626296043395996,0.795315146446228,True,False,False,False
STRAIN_000412,5,GLOBAL_CONTIG,342,4,0.7007747888565063,0.29922521114349365,0.7735958695411682,True,False,False,False
STRAIN_000412,5,GLOBAL_CONTIG,442,5,0.6783739924430847,0.3216260075569153,0.8020300269126892,True,False,False,False
STRAIN_000414,5,GLOBAL_CONTIG,42,1,0.6844033002853394,0.31559669971466064,0.7944768071174622,True,False,False,False
STRAIN_000414,5,GLOBAL_CONTIG,142,2,0.6639081239700317,0.33609187602996826,0.8198681473731995,True,False,False,False
STRAIN_000414,5,GLOBAL_CONTIG,242,3,0.6878776550292969,0.3121223449707031,0.7900916934013367,True,False,False,False
STRAIN_000414,5,GLOBAL_CONTIG,342,4,0.7004340887069702,0.2995659112930298,0.7740360498428345,True,False,False,False
STRAIN_000414,5,GLOBAL_CONTIG,442,5,0.6853045225143433,0.31469547748565674,0.7933415770530701,True,False,False,False
STRAIN_000423,5,GLOBAL_CONTIG,42,1,0.5447121858596802,0.4552878141403198,0.9542407989501953,True,False,False,False
STRAIN_000423,5,GLOBAL_CONTIG,142,2,0.5976502299308777,0.4023497700691223,0.8970503807067871,True,False,False,False
STRAIN_000423,5,GLOBAL_CONTIG,242,3,0.5379879474639893,0.46201205253601074,0.9612616896629333,True,False,False,False
STRAIN_000423,5,GLOBAL_CONTIG,342,4,0.5566983819007874,0.44330161809921265,0.9415960907936096,True,False,False,False
STRAIN_000423,5,GLOBAL_CONTIG,442,5,0.5704281330108643,0.42957186698913574,0.9269000887870789,True,False,False,False
STRAIN_000426,5,GLOBAL_CONTIG,42,1,0.6713903546333313,0.3286096453666687,0.810690701007843,True,False,False,False
STRAIN_000426,5,GLOBAL_CONTIG,142,2,0.6861590147018433,0.31384098529815674,0.7922638058662415,True,False,False,False
STRAIN_000426,5,GLOBAL_CONTIG,242,3,0.6718083024024963,0.32819169759750366,0.8101749420166016,True,False,False,False
STRAIN_000426,5,GLOBAL_CONTIG,342,4,0.6922807693481445,0.30771923065185547,0.784498929977417,True,False,False,False
STRAIN_000426,5,GLOBAL_CONTIG,442,5,0.6655517816543579,0.3344482183456421,0.8178609013557434,True,False,False,False
STRAIN_000429,5,GLOBAL_CONTIG,42,1,0.6266621351242065,0.37333786487579346,0.8641040921211243,True,False,False,False
STRAIN_000429,5,GLOBAL_CONTIG,142,2,0.5793752670288086,0.4206247329711914,0.91719651222229,True,False,False,False
STRAIN_000429,5,GLOBAL_CONTIG,242,3,0.6331268548965454,0.3668731451034546,0.8565899133682251,True,False,False,False
STRAIN_000429,5,GLOBAL_CONTIG,342,4,0.5901492834091187,0.40985071659088135,0.9053736329078674,True,False,False,False
STRAIN_000429,5,GLOBAL_CONTIG,442,5,0.6187281012535095,0.3812718987464905,0.8732375502586365,True,False,False,False
STRAIN_000439,5,GLOBAL_CONTIG,42,1,0.5490168333053589,0.4509831666946411,0.9497191309928894,True,False,False,False
STRAIN_000439,5,GLOBAL_CONTIG,142,2,0.5535609126091003,0.44643908739089966,0.9449222683906555,True,False,False,False
STRAIN_000439,5,GLOBAL_CONTIG,242,3,0.5396578907966614,0.4603421092033386,0.9595229029655457,True,False,False,False
STRAIN_000439,5,GLOBAL_CONTIG,342,4,0.5446924567222595,0.4553075432777405,0.9542615413665771,True,False,False,False
STRAIN_000439,5,GLOBAL_CONTIG,442,5,0.5777425169944763,0.4222574830055237,0.9189749360084534,True,False,False,False
STRAIN_000443,5,GLOBAL_CONTIG,42,1,0.5056081414222717,0.49439185857772827,0.994376003742218,True,False,False,False
STRAIN_000443,5,GLOBAL_CONTIG,142,2,0.49526822566986084,0.5047317743301392,1.0047205686569214,True,False,False,False
STRAIN_000443,5,GLOBAL_CONTIG,242,3,0.5410280823707581,0.45897191762924194,0.9580938220024109,True,False,False,False
STRAIN_000443,5,GLOBAL_CONTIG,342,4,0.4946407377719879,0.5053592622280121,1.0053449869155884,True,False,False,False
STRAIN_000443,5,GLOBAL_CONTIG,442,5,0.47889822721481323,0.5211017727851868,1.0208836793899536,True,False,False,False
STRAIN_000444,5,GLOBAL_CONTIG,42,1,0.5929225087165833,0.40707749128341675,0.9023053050041199,True,False,False,False
STRAIN_000444,5,GLOBAL_CONTIG,142,2,0.5989840030670166,0.4010159969329834,0.895562469959259,True,False,False,False
STRAIN_000444,5,GLOBAL_CONTIG,242,3,0.6272404193878174,0.3727595806121826,0.8634344935417175,True,False,False,False
STRAIN_000444,5,GLOBAL_CONTIG,342,4,0.6273022890090942,0.37269771099090576,0.8633628487586975,True,False,False,False
STRAIN_000444,5,GLOBAL_CONTIG,442,5,0.6013587713241577,0.3986412286758423,0.8929067254066467,True,False,False,False
STRAIN_000456,5,GLOBAL_CONTIG,42,1,0.5285013914108276,0.47149860858917236,0.9710804224014282,True,False,False,False
STRAIN_000456,5,GLOBAL_CONTIG,142,2,0.5057368278503418,0.4942631721496582,0.9942466616630554,True,False,False,False
STRAIN_000456,5,GLOBAL_CONTIG,242,3,0.5430904030799866,0.4569095969200134,0.955938994884491,True,False,False,False
STRAIN_000456,5,GLOBAL_CONTIG,342,4,0.540511429309845,0.45948857069015503,0.9586329460144043,True,False,False,False
STRAIN_000456,5,GLOBAL_CONTIG,442,5,0.4858422875404358,0.5141577124595642,1.0140588283538818,True,False,False,False
STRAIN_000475,5,GLOBAL_CONTIG,42,1,0.7199925184249878,0.2800074815750122,0.7483415007591248,True,False,False,False
STRAIN_000475,5,GLOBAL_CONTIG,142,2,0.6667500138282776,0.3332499861717224,0.816394567489624,True,False,False,False
STRAIN_000475,5,GLOBAL_CONTIG,242,3,0.7214141488075256,0.27858585119247437,0.7464393973350525,True,False,False,False
STRAIN_000475,5,GLOBAL_CONTIG,342,4,0.7064031958580017,0.2935968041419983,0.7662856578826904,True,False,False,False
STRAIN_000475,5,GLOBAL_CONTIG,442,5,0.7323914170265198,0.2676085829734802,0.7315854430198669,True,False,False,False
STRAIN_000476,5,GLOBAL_CONTIG,42,1,0.5762305855751038,0.42376941442489624,0.9206187129020691,True,False,False,False
STRAIN_000476,5,GLOBAL_CONTIG,142,2,0.5417855978012085,0.4582144021987915,0.9573028087615967,True,False,False,False
STRAIN_000476,5,GLOBAL_CONTIG,242,3,0.6229315996170044,0.3770684003829956,0.8684103488922119,True,False,False,False
STRAIN_000476,5,GLOBAL_CONTIG,342,4,0.5756242275238037,0.4243757724761963,0.9212769865989685,True,False,False,False
STRAIN_000476,5,GLOBAL_CONTIG,442,5,0.5811851024627686,0.41881489753723145,0.915221095085144,True,False,False,False
STRAIN_000481,5,GLOBAL_CONTIG,42,1,0.6965687870979309,0.3034312129020691,0.7790137529373169,True,False,False,False
STRAIN_000481,5,GLOBAL_CONTIG,142,2,0.6770788431167603,0.32292115688323975,0.8036431670188904,True,False,False,False
STRAIN_000481,5,GLOBAL_CONTIG,242,3,0.699254035949707,0.30074596405029297,0.7755590677261353,True,False,False,False
STRAIN_000481,5,GLOBAL_CONTIG,342,4,0.6849015951156616,0.3150984048843384,0.7938492298126221,True,False,False,False
STRAIN_000481,5,GLOBAL_CONTIG,442,5,0.6815727949142456,0.3184272050857544,0.7980315685272217,True,False,False,False
STRAIN_000482,5,GLOBAL_CONTIG,42,1,0.7182766199111938,0.28172338008880615,0.7506309747695923,True,False,False,False
STRAIN_000482,5,GLOBAL_CONTIG,142,2,0.6851463317871094,0.3148536682128906,0.7935409545898438,True,False,False,False
STRAIN_000482,5,GLOBAL_CONTIG,242,3,0.6882877349853516,0.31171226501464844,0.7895722985267639,True,False,False,False
STRAIN_000482,5,GLOBAL_CONTIG,342,4,0.6806331872940063,0.31936681270599365,0.7992081046104431,True,False,False,False
STRAIN_000482,5,GLOBAL_CONTIG,442,5,0.6994296312332153,0.30057036876678467,0.7753326892852783,True,False,False,False
STRAIN_000485,5,GLOBAL_CONTIG,42,1,0.5287191867828369,0.4712808132171631,0.9708561301231384,True,False,False,False
STRAIN_000485,5,GLOBAL_CONTIG,142,2,0.5623128414154053,0.4376871585845947,0.9356144666671753,True,False,False,False
STRAIN_000485,5,GLOBAL_CONTIG,242,3,0.5212608575820923,0.4787391424179077,0.9785082340240479,True,False,False,False
STRAIN_000485,5,GLOBAL_CONTIG,342,4,0.5440261363983154,0.45597386360168457,0.9549595713615417,True,False,False,False
STRAIN_000485,5,GLOBAL_CONTIG,442,5,0.5751487016677856,0.42485129833221436,0.9217931032180786,True,False,False,False
STRAIN_000486,5,GLOBAL_CONTIG,42,1,0.6829863786697388,0.31701362133026123,0.796258270740509,True,False,False,False
STRAIN_000486,5,GLOBAL_CONTIG,142,2,0.6689037680625916,0.33109623193740845,0.8137519955635071,True,False,False,False
STRAIN_000486,5,GLOBAL_CONTIG,242,3,0.6961947679519653,0.30380523204803467,0.7794937491416931,True,False,False,False
STRAIN_000486,5,GLOBAL_CONTIG,342,4,0.6778997182846069,0.32210028171539307,0.8026210069656372,True,False,False,False
STRAIN_000486,5,GLOBAL_CONTIG,442,5,0.6859331130981445,0.31406688690185547,0.7925488948822021,True,False,False,False
STRAIN_000487,5,GLOBAL_CONTIG,42,1,0.6843606233596802,0.3156393766403198,0.7945305109024048,True,False,False,False
STRAIN_000487,5,GLOBAL_CONTIG,142,2,0.6663436889648438,0.33365631103515625,0.8168920278549194,True,False,False,False
STRAIN_000487,5,GLOBAL_CONTIG,242,3,0.6652593016624451,0.33474069833755493,0.8182184100151062,True,False,False,False
STRAIN_000487,5,GLOBAL_CONTIG,342,4,0.684166431427002,0.31583356857299805,0.7947748899459839,True,False,False,False
STRAIN_000487,5,GLOBAL_CONTIG,442,5,0.684356689453125,0.315643310546875,0.7945354580879211,True,False,False,False
STRAIN_000488,5,GLOBAL_CONTIG,42,1,0.6735104322433472,0.32648956775665283,0.8080713152885437,True,False,False,False
STRAIN_000488,5,GLOBAL_CONTIG,142,2,0.6943831443786621,0.3056168556213379,0.7818143963813782,True,False,False,False
STRAIN_000488,5,GLOBAL_CONTIG,242,3,0.6591602563858032,0.3408397436141968,0.8256388306617737,True,False,False,False
STRAIN_000488,5,GLOBAL_CONTIG,342,4,0.6966973543167114,0.3033026456832886,0.7788487672805786,True,False,False,False
STRAIN_000488,5,GLOBAL_CONTIG,442,5,0.6821205019950867,0.31787949800491333,0.797344982624054,True,False,False,False
STRAIN_000489,5,GLOBAL_CONTIG,42,1,0.7451858520507812,0.25481414794921875,0.713882565498352,True,False,False,False
STRAIN_000489,5,GLOBAL_CONTIG,142,2,0.7279298305511475,0.27207016944885254,0.7376587390899658,True,False,False,False
STRAIN_000489,5,GLOBAL_CONTIG,242,3,0.7301361560821533,0.2698638439178467,0.7346615195274353,True,False,False,False
STRAIN_000489,5,GLOBAL_CONTIG,342,4,0.677160382270813,0.322839617729187,0.8035416007041931,True,False,False,False
STRAIN_000489,5,GLOBAL_CONTIG,442,5,0.7045942544937134,0.2954057455062866,0.7686426043510437,True,False,False,False
STRAIN_000493,5,GLOBAL_CONTIG,42,1,0.4898430407047272,0.5101569592952728,1.0101059675216675,True,False,False,False
STRAIN_000493,5,GLOBAL_CONTIG,142,2,0.5305415391921997,0.4694584608078003,0.9689773321151733,True,False,False,False
STRAIN_000493,5,GLOBAL_CONTIG,242,3,0.5275347232818604,0.47246527671813965,0.9720754027366638,True,False,False,False
STRAIN_000493,5,GLOBAL_CONTIG,342,4,0.5088884234428406,0.4911115765571594,0.9910717010498047,True,False,False,False
STRAIN_000493,5,GLOBAL_CONTIG,442,5,0.4892868995666504,0.5107131004333496,1.0106563568115234,True,False,False,False
STRAIN_000495,5,GLOBAL_CONTIG,42,1,0.5030670166015625,0.4969329833984375,0.9969282150268555,True,False,False,False
STRAIN_000495,5,GLOBAL_CONTIG,142,2,0.5340820550918579,0.4659179449081421,0.9653164148330688,True,False,False,False
STRAIN_000495,5,GLOBAL_CONTIG,242,3,0.5182570219039917,0.4817429780960083,0.981573224067688,True,False,False,False
STRAIN_000495,5,GLOBAL_CONTIG,342,4,0.47217413783073425,0.5278258621692657,1.027449131011963,True,False,False,False
STRAIN_000495,5,GLOBAL_CONTIG,442,5,0.5500895977020264,0.44991040229797363,0.9485888481140137,True,False,False,False
STRAIN_000499,5,GLOBAL_CONTIG,42,1,0.5487315654754639,0.45126843452453613,0.9500194787979126,True,False,False,False
STRAIN_000499,5,GLOBAL_CONTIG,142,2,0.5046133995056152,0.49538660049438477,0.99537593126297,True,False,False,False
STRAIN_000499,5,GLOBAL_CONTIG,242,3,0.5325135588645935,0.4674864411354065,0.9669398665428162,True,False,False,False
STRAIN_000499,5,GLOBAL_CONTIG,342,4,0.5238573551177979,0.47614264488220215,0.9758510589599609,True,False,False,False
STRAIN_000499,5,GLOBAL_CONTIG,442,5,0.48691076040267944,0.5130892395973206,1.0130046606063843,True,False,False,False
STRAIN_000502,5,GLOBAL_CONTIG,42,1,0.5500206351280212,0.44997936487197876,0.9486615061759949,True,False,False,False
STRAIN_000502,5,GLOBAL_CONTIG,142,2,0.5268486738204956,0.4731513261795044,0.9727808833122253,True,False,False,False
STRAIN_000502,5,GLOBAL_CONTIG,242,3,0.5320545434951782,0.4679454565048218,0.9674144983291626,True,False,False,False
STRAIN_000502,5,GLOBAL_CONTIG,342,4,0.5760980844497681,0.42390191555023193,0.9207625389099121,True,False,False,False
STRAIN_000502,5,GLOBAL_CONTIG,442,5,0.5146913528442383,0.4853086471557617,0.9851990342140198,True,False,False,False
STRAIN_000505,5,GLOBAL_CONTIG,42,1,0.5940608978271484,0.40593910217285156,0.9010428190231323,True,False,False,False
STRAIN_000505,5,GLOBAL_CONTIG,142,2,0.5857893228530884,0.4142106771469116,0.9101764559745789,True,False,False,False
STRAIN_000505,5,GLOBAL_CONTIG,242,3,0.6219714879989624,0.3780285120010376,0.8695154786109924,True,False,False,False
STRAIN_000505,5,GLOBAL_CONTIG,342,4,0.5731449723243713,0.42685502767562866,0.923964262008667,True,False,False,False
STRAIN_000505,5,GLOBAL_CONTIG,442,5,0.6006734371185303,0.3993265628814697,0.8936739563941956,True,False,False,False
STRAIN_000515,5,GLOBAL_CONTIG,42,1,0.6593372821807861,0.34066271781921387,0.8254243731498718,True,False,False,False
STRAIN_000515,5,GLOBAL_CONTIG,142,2,0.6094424724578857,0.39055752754211426,0.8838071227073669,True,False,False,False
STRAIN_000515,5,GLOBAL_CONTIG,242,3,0.6368802785873413,0.3631197214126587,0.8521968126296997,True,False,False,False
STRAIN_000515,5,GLOBAL_CONTIG,342,4,0.6130203604698181,0.3869796395301819,0.8797494769096375,True,False,False,False
STRAIN_000515,5,GLOBAL_CONTIG,442,5,0.5501880049705505,0.44981199502944946,0.9484850764274597,True,False,False,False
STRAIN_000517,5,GLOBAL_CONTIG,42,1,0.6174952983856201,0.3825047016143799,0.8746481537818909,True,False,False,False
STRAIN_000517,5,GLOBAL_CONTIG,142,2,0.5826141834259033,0.4173858165740967,0.9136583805084229,True,False,False,False
STRAIN_000517,5,GLOBAL_CONTIG,242,3,0.7024029493331909,0.2975970506668091,0.7714883089065552,True,False,False,False
STRAIN_000517,5,GLOBAL_CONTIG,342,4,0.6621984839439392,0.3378015160560608,0.8219507336616516,True,False,False,False
STRAIN_000517,5,GLOBAL_CONTIG,442,5,0.6171087622642517,0.3828912377357483,0.8750900626182556,True,False,False,False
STRAIN_000518,5,GLOBAL_CONTIG,42,1,0.6100457906723022,0.38995420932769775,0.8831242322921753,True,False,False,False
STRAIN_000518,5,GLOBAL_CONTIG,142,2,0.6074990034103394,0.39250099658966064,0.8860033750534058,True,False,False,False
STRAIN_000518,5,GLOBAL_CONTIG,242,3,0.6023081541061401,0.39769184589385986,0.891842782497406,True,False,False,False
STRAIN_000518,5,GLOBAL_CONTIG,342,4,0.6062199473381042,0.39378005266189575,0.8874459266662598,True,False,False,False
STRAIN_000518,5,GLOBAL_CONTIG,442,5,0.5949388742446899,0.40506112575531006,0.9000679850578308,True,False,False,False
STRAIN_000519,5,GLOBAL_CONTIG,42,1,0.8428755402565002,0.15712445974349976,0.5605790615081787,True,False,False,False
STRAIN_000519,5,GLOBAL_CONTIG,142,2,0.8591536283493042,0.1408463716506958,0.5307472944259644,True,False,False,False
STRAIN_000519,5,GLOBAL_CONTIG,242,3,0.8370848894119263,0.16291511058807373,0.5708153247833252,True,False,False,False
STRAIN_000519,5,GLOBAL_CONTIG,342,4,0.8538386821746826,0.14616131782531738,0.5406687259674072,True,False,False,False
STRAIN_000519,5,GLOBAL_CONTIG,442,5,0.7970577478408813,0.20294225215911865,0.6370906829833984,True,False,False,False
STRAIN_000538,5,GLOBAL_CONTIG,42,1,0.6375370621681213,0.36246293783187866,0.8514257073402405,True,False,False,False
STRAIN_000538,5,GLOBAL_CONTIG,142,2,0.6703680753707886,0.3296319246292114,0.8119506239891052,True,False,False,False
STRAIN_000538,5,GLOBAL_CONTIG,242,3,0.6089999675750732,0.39100003242492676,0.8843076825141907,True,False,False,False
STRAIN_000538,5,GLOBAL_CONTIG,342,4,0.6350865364074707,0.3649134635925293,0.8542990684509277,True,False,False,False
STRAIN_000538,5,GLOBAL_CONTIG,442,5,0.6617703437805176,0.3382296562194824,0.8224714398384094,True,False,False,False
STRAIN_000549,5,GLOBAL_CONTIG,42,1,0.7342861890792847,0.26571381092071533,0.7289908528327942,True,False,False,False
STRAIN_000549,5,GLOBAL_CONTIG,142,2,0.6838539838790894,0.31614601612091064,0.7951679825782776,True,False,False,False
STRAIN_000549,5,GLOBAL_CONTIG,242,3,0.6776423454284668,0.3223576545715332,0.802941620349884,True,False,False,False
STRAIN_000549,5,GLOBAL_CONTIG,342,4,0.7290962338447571,0.2709037661552429,0.7360756993293762,True,False,False,False
STRAIN_000549,5,GLOBAL_CONTIG,442,5,0.760515034198761,0.239484965801239,0.6920764446258545,True,False,False,False
STRAIN_000552,5,GLOBAL_CONTIG,42,1,0.7539665699005127,0.2460334300994873,0.7014748454093933,True,False,False,False
STRAIN_000552,5,GLOBAL_CONTIG,142,2,0.7679734230041504,0.2320265769958496,0.681214451789856,True,False,False,False
STRAIN_000552,5,GLOBAL_CONTIG,242,3,0.7277576327323914,0.27224236726760864,0.7378920912742615,True,False,False,False
STRAIN_000552,5,GLOBAL_CONTIG,342,4,0.7043286561965942,0.29567134380340576,0.7689881920814514,True,False,False,False
STRAIN_000552,5,GLOBAL_CONTIG,442,5,0.6657315492630005,0.3342684507369995,0.8176411390304565,True,False,False,False
STRAIN_000556,5,GLOBAL_CONTIG,42,1,0.5654025077819824,0.4345974922180176,0.9323062896728516,True,False,False,False
STRAIN_000556,5,GLOBAL_CONTIG,142,2,0.5476598739624023,0.45234012603759766,0.9511467218399048,True,False,False,False
STRAIN_000556,5,GLOBAL_CONTIG,242,3,0.5632123947143555,0.43678760528564453,0.9346525073051453,True,False,False,False
STRAIN_000556,5,GLOBAL_CONTIG,342,4,0.5525959730148315,0.44740402698516846,0.9459429979324341,True,False,False,False
STRAIN_000556,5,GLOBAL_CONTIG,442,5,0.6250385046005249,0.3749614953994751,0.8659809231758118,True,False,False,False
STRAIN_000557,5,GLOBAL_CONTIG,42,1,0.5886448621749878,0.4113551378250122,0.9070337414741516,True,False,False,False
STRAIN_000557,5,GLOBAL_CONTIG,142,2,0.5870401859283447,0.4129598140716553,0.9088011384010315,True,False,False,False
STRAIN_000557,5,GLOBAL_CONTIG,242,3,0.5863227248191833,0.41367727518081665,0.9095903038978577,True,False,False,False
STRAIN_000557,5,GLOBAL_CONTIG,342,4,0.575881838798523,0.42411816120147705,0.9209974408149719,True,False,False,False
STRAIN_000557,5,GLOBAL_CONTIG,442,5,0.5798357129096985,0.4201642870903015,0.9166943430900574,True,False,False,False
STRAIN_000563,5,GLOBAL_CONTIG,42,1,0.6575355529785156,0.3424644470214844,0.8276042938232422,True,False,False,False
STRAIN_000563,5,GLOBAL_CONTIG,142,2,0.7090888023376465,0.2909111976623535,0.7627728581428528,True,False,False,False
STRAIN_000563,5,GLOBAL_CONTIG,242,3,0.6827764511108398,0.31722354888916016,0.7965219616889954,True,False,False,False
STRAIN_000563,5,GLOBAL_CONTIG,342,4,0.6389460563659668,0.3610539436340332,0.8497694134712219,True,False,False,False
STRAIN_000563,5,GLOBAL_CONTIG,442,5,0.7046505808830261,0.2953494191169739,0.76856929063797,True,False,False,False
STRAIN_000564,5,GLOBAL_CONTIG,42,1,0.651107132434845,0.34889286756515503,0.8353356122970581,True,False,False,False
STRAIN_000564,5,GLOBAL_CONTIG,142,2,0.630510151386261,0.369489848613739,0.8596392869949341,True,False,False,False
STRAIN_000564,5,GLOBAL_CONTIG,242,3,0.6917277574539185,0.30827224254608154,0.7852034568786621,True,False,False,False
STRAIN_000564,5,GLOBAL_CONTIG,342,4,0.6306501626968384,0.3693498373031616,0.8594763875007629,True,False,False,False
STRAIN_000564,5,GLOBAL_CONTIG,442,5,0.6121117472648621,0.38788825273513794,0.8807817101478577,True,False,False,False
STRAIN_000566,5,GLOBAL_CONTIG,42,1,0.7496941685676575,0.25030583143234253,0.7075390815734863,True,False,False,False
STRAIN_000566,5,GLOBAL_CONTIG,142,2,0.6357982158660889,0.36420178413391113,0.8534654974937439,True,False,False,False
STRAIN_000566,5,GLOBAL_CONTIG,242,3,0.7137044668197632,0.2862955331802368,0.756697416305542,True,False,False,False
STRAIN_000566,5,GLOBAL_CONTIG,342,4,0.6263303160667419,0.37366968393325806,0.8644879460334778,True,False,False,False
STRAIN_000566,5,GLOBAL_CONTIG,442,5,0.6897997260093689,0.3102002739906311,0.7876549959182739,True,False,False,False
STRAIN_000567,5,GLOBAL_CONTIG,42,1,0.7018788456916809,0.2981211543083191,0.7721672654151917,True,False,False,False
STRAIN_000567,5,GLOBAL_CONTIG,142,2,0.7371026277542114,0.2628973722457886,0.7251169681549072,True,False,False,False
STRAIN_000567,5,GLOBAL_CONTIG,242,3,0.7684078812599182,0.2315921187400818,0.680576503276825,True,False,False,False
STRAIN_000567,5,GLOBAL_CONTIG,342,4,0.716289758682251,0.283710241317749,0.7532731890678406,True,False,False,False
STRAIN_000567,5,GLOBAL_CONTIG,442,5,0.6431688070297241,0.3568311929702759,0.8447853922843933,True,False,False,False
STRAIN_000569,5,GLOBAL_CONTIG,42,1,0.5591865181922913,0.44081348180770874,0.9389498829841614,True,False,False,False
STRAIN_000569,5,GLOBAL_CONTIG,142,2,0.5296908617019653,0.47030913829803467,0.9698547124862671,True,False,False,False
STRAIN_000569,5,GLOBAL_CONTIG,242,3,0.5430329442024231,0.4569670557975769,0.9559990167617798,True,False,False,False
STRAIN_000569,5,GLOBAL_CONTIG,342,4,0.5277746915817261,0.4722253084182739,0.9718285202980042,True,False,False,False
STRAIN_000569,5,GLOBAL_CONTIG,442,5,0.5646127462387085,0.4353872537612915,0.9331529140472412,True,False,False,False
STRAIN_000576,5,GLOBAL_CONTIG,42,1,0.565104603767395,0.434895396232605,0.9326258301734924,True,False,False,False
STRAIN_000576,5,GLOBAL_CONTIG,142,2,0.6355768442153931,0.36442315578460693,0.853725016117096,True,False,False,False
STRAIN_000576,5,GLOBAL_CONTIG,242,3,0.6430004239082336,0.35699957609176636,0.8449847102165222,True,False,False,False
STRAIN_000576,5,GLOBAL_CONTIG,342,4,0.6485186815261841,0.3514813184738159,0.8384287357330322,True,False,False,False
STRAIN_000576,5,GLOBAL_CONTIG,442,5,0.6278150081634521,0.37218499183654785,0.862768828868866,True,False,False,False
STRAIN_000589,5,GLOBAL_CONTIG,42,1,0.5498688817024231,0.4501311182975769,0.9488216042518616,True,False,False,False
STRAIN_000589,5,GLOBAL_CONTIG,142,2,0.6053133606910706,0.39468663930892944,0.8884668350219727,True,False,False,False
STRAIN_000589,5,GLOBAL_CONTIG,242,3,0.5681576728820801,0.4318423271179199,0.9293463826179504,True,False,False,False
STRAIN_000589,5,GLOBAL_CONTIG,342,4,0.5482092499732971,0.4517907500267029,0.9505690336227417,True,False,False,False
STRAIN_000589,5,GLOBAL_CONTIG,442,5,0.5111184120178223,0.48888158798217773,0.9888191223144531,True,False,False,False
STRAIN_000590,5,GLOBAL_CONTIG,42,1,0.5182541608810425,0.4817458391189575,0.9815762042999268,True,False,False,False
STRAIN_000590,5,GLOBAL_CONTIG,142,2,0.520215630531311,0.47978436946868896,0.9795757532119751,True,False,False,False
STRAIN_000590,5,GLOBAL_CONTIG,242,3,0.49399709701538086,0.5060029029846191,1.0059850215911865,True,False,False,False
STRAIN_000590,5,GLOBAL_CONTIG,342,4,0.49293050169944763,0.5070694983005524,1.0070446729660034,True,False,False,False
STRAIN_000590,5,GLOBAL_CONTIG,442,5,0.5439916849136353,0.45600831508636475,0.9549955725669861,True,False,False,False
STRAIN_000592,5,GLOBAL_CONTIG,42,1,0.7101678848266602,0.28983211517333984,0.7613568902015686,True,False,False,False
STRAIN_000592,5,GLOBAL_CONTIG,142,2,0.7289707660675049,0.2710292339324951,0.7362462878227234,True,False,False,False
STRAIN_000592,5,GLOBAL_CONTIG,242,3,0.639889121055603,0.360110878944397,0.8486588597297668,True,False,False,False
STRAIN_000592,5,GLOBAL_CONTIG,342,4,0.7181082963943481,0.28189170360565186,0.7508550882339478,True,False,False,False
STRAIN_000592,5,GLOBAL_CONTIG,442,5,0.7343412041664124,0.26565879583358765,0.7289154529571533,True,False,False,False
STRAIN_000593,5,GLOBAL_CONTIG,42,1,0.6179585456848145,0.38204145431518555,0.8741183876991272,True,False,False,False
STRAIN_000593,5,GLOBAL_CONTIG,142,2,0.5902575850486755,0.40974241495132446,0.9052540063858032,True,False,False,False
STRAIN_000593,5,GLOBAL_CONTIG,242,3,0.5407756567001343,0.4592243432998657,0.9583572149276733,True,False,False,False
STRAIN_000593,5,GLOBAL_CONTIG,342,4,0.598453164100647,0.401546835899353,0.8961548805236816,True,False,False,False
STRAIN_000593,5,GLOBAL_CONTIG,442,5,0.5725443363189697,0.4274556636810303,0.9246141910552979,True,False,False,False
STRAIN_000595,5,GLOBAL_CONTIG,42,1,0.6004913449287415,0.39950865507125854,0.8938775658607483,True,False,False,False
STRAIN_000595,5,GLOBAL_CONTIG,142,2,0.6173457503318787,0.38265424966812134,0.8748190402984619,True,False,False,False
STRAIN_000595,5,GLOBAL_CONTIG,242,3,0.6146196722984314,0.3853803277015686,0.8779297471046448,True,False,False,False
STRAIN_000595,5,GLOBAL_CONTIG,342,4,0.6056768298149109,0.3943231701850891,0.8880574703216553,True,False,False,False
STRAIN_000595,5,GLOBAL_CONTIG,442,5,0.6058205962181091,0.39417940378189087,0.8878957033157349,True,False,False,False
STRAIN_000596,5,GLOBAL_CONTIG,42,1,0.617886483669281,0.382113516330719,0.874200701713562,True,False,False,False
STRAIN_000596,5,GLOBAL_CONTIG,142,2,0.6696518063545227,0.3303481936454773,0.8128322958946228,True,False,False,False
STRAIN_000596,5,GLOBAL_CONTIG,242,3,0.6673020124435425,0.3326979875564575,0.8157181739807129,True,False,False,False
STRAIN_000596,5,GLOBAL_CONTIG,342,4,0.6833279728889465,0.31667202711105347,0.795829176902771,True,False,False,False
STRAIN_000596,5,GLOBAL_CONTIG,442,5,0.6790777444839478,0.32092225551605225,0.8011520504951477,True,False,False,False
STRAIN_000601,5,GLOBAL_CONTIG,42,1,0.5789260864257812,0.42107391357421875,0.9176861047744751,True,False,False,False
STRAIN_000601,5,GLOBAL_CONTIG,142,2,0.577041506767273,0.42295849323272705,0.9197374582290649,True,False,False,False
STRAIN_000601,5,GLOBAL_CONTIG,242,3,0.5553414821624756,0.4446585178375244,0.9430360198020935,True,False,False,False
STRAIN_000601,5,GLOBAL_CONTIG,342,4,0.5664287805557251,0.4335712194442749,0.9312047958374023,True,False,False,False
STRAIN_000601,5,GLOBAL_CONTIG,442,5,0.5674195289611816,0.43258047103881836,0.9301402568817139,True,False,False,False
STRAIN_000616,5,GLOBAL_CONTIG,42,1,0.6070729494094849,0.39292705059051514,0.8864841461181641,True,False,False,False
STRAIN_000616,5,GLOBAL_CONTIG,142,2,0.6412378549575806,0.35876214504241943,0.8470681309700012,True,False,False,False
STRAIN_000616,5,GLOBAL_CONTIG,242,3,0.6294695138931274,0.37053048610687256,0.8608490228652954,True,False,False,False
STRAIN_000616,5,GLOBAL_CONTIG,342,4,0.5783779621124268,0.42162203788757324,0.9182831645011902,True,False,False,False
STRAIN_000616,5,GLOBAL_CONTIG,442,5,0.6014630794525146,0.39853692054748535,0.8927899599075317,True,False,False,False
STRAIN_000624,5,GLOBAL_CONTIG,42,1,0.6073093414306641,0.39269065856933594,0.8862174153327942,True,False,False,False
STRAIN_000624,5,GLOBAL_CONTIG,142,2,0.651853084564209,0.348146915435791,0.8344420194625854,True,False,False,False
STRAIN_000624,5,GLOBAL_CONTIG,242,3,0.6174694299697876,0.3825305700302124,0.8746777176856995,True,False,False,False
STRAIN_000624,5,GLOBAL_CONTIG,342,4,0.5982099771499634,0.4017900228500366,0.896426260471344,True,False,False,False
STRAIN_000624,5,GLOBAL_CONTIG,442,5,0.5839744210243225,0.4160255789756775,0.9121684432029724,True,False,False,False
STRAIN_000625,5,GLOBAL_CONTIG,42,1,0.7643768787384033,0.23562312126159668,0.6864737272262573,True,False,False,False
STRAIN_000625,5,GLOBAL_CONTIG,142,2,0.7180918455123901,0.28190815448760986,0.7508770227432251,True,False,False,False
STRAIN_000625,5,GLOBAL_CONTIG,242,3,0.6954366564750671,0.30456334352493286,0.7804656624794006,True,False,False,False
STRAIN_000625,5,GLOBAL_CONTIG,342,4,0.642336368560791,0.357663631439209,0.8457702994346619,True,False,False,False
STRAIN_000625,5,GLOBAL_CONTIG,442,5,0.6908014416694641,0.3091985583305359,0.7863821983337402,True,False,False,False
STRAIN_000628,5,GLOBAL_CONTIG,42,1,0.5012108683586121,0.49878913164138794,0.9987884163856506,True,False,False,False
STRAIN_000628,5,GLOBAL_CONTIG,142,2,0.4715947210788727,0.5284052789211273,1.028012990951538,True,False,False,False
STRAIN_000628,5,GLOBAL_CONTIG,242,3,0.5186440944671631,0.4813559055328369,0.9811787009239197,True,False,False,False
STRAIN_000628,5,GLOBAL_CONTIG,342,4,0.5281392335891724,0.47186076641082764,0.9714533090591431,True,False,False,False
STRAIN_000628,5,GLOBAL_CONTIG,442,5,0.5044854879379272,0.49551451206207275,0.9955043792724609,True,False,False,False
STRAIN_000631,5,GLOBAL_CONTIG,42,1,0.7135406732559204,0.2864593267440796,0.7569138407707214,True,False,False,False
STRAIN_000631,5,GLOBAL_CONTIG,142,2,0.6555900573730469,0.3444099426269531,0.8299516439437866,True,False,False,False
STRAIN_000631,5,GLOBAL_CONTIG,242,3,0.6847105622291565,0.3152894377708435,0.7940899729728699,True,False,False,False
STRAIN_000631,5,GLOBAL_CONTIG,342,4,0.6828478574752808,0.31715214252471924,0.7964321374893188,True,False,False,False
STRAIN_000631,5,GLOBAL_CONTIG,442,5,0.6917102336883545,0.3082897663116455,0.7852258086204529,True,False,False,False
STRAIN_000645,5,GLOBAL_CONTIG,42,1,0.5042919516563416,0.49570804834365845,0.9956987500190735,True,False,False,False
STRAIN_000645,5,GLOBAL_CONTIG,142,2,0.4720144271850586,0.5279855728149414,1.027604579925537,True,False,False,False
STRAIN_000645,5,GLOBAL_CONTIG,242,3,0.48209965229034424,0.5179003477096558,1.0177429914474487,True,False,False,False
STRAIN_000645,5,GLOBAL_CONTIG,342,4,0.4979627728462219,0.5020372271537781,1.002035140991211,True,False,False,False
STRAIN_000645,5,GLOBAL_CONTIG,442,5,0.4870176911354065,0.5129823088645935,1.0128990411758423,True,False,False,False
STRAIN_000655,5,GLOBAL_CONTIG,42,1,0.6883842945098877,0.3116157054901123,0.7894499897956848,True,False,False,False
STRAIN_000655,5,GLOBAL_CONTIG,142,2,0.6061537265777588,0.3938462734222412,0.8875204920768738,True,False,False,False
STRAIN_000655,5,GLOBAL_CONTIG,242,3,0.5819491744041443,0.4180508255958557,0.914385974407196,True,False,False,False
STRAIN_000655,5,GLOBAL_CONTIG,342,4,0.6200600862503052,0.3799399137496948,0.8717108368873596,True,False,False,False
STRAIN_000655,5,GLOBAL_CONTIG,442,5,0.6259993314743042,0.3740006685256958,0.8648706078529358,True,False,False,False
STRAIN_000659,5,GLOBAL_CONTIG,42,1,0.6808121800422668,0.31918781995773315,0.7989840507507324,True,False,False,False
STRAIN_000659,5,GLOBAL_CONTIG,142,2,0.6163698434829712,0.3836301565170288,0.8759340047836304,True,False,False,False
STRAIN_000659,5,GLOBAL_CONTIG,242,3,0.646683931350708,0.353316068649292,0.8406140804290771,True,False,False,False
STRAIN_000659,5,GLOBAL_CONTIG,342,4,0.6291294097900391,0.37087059020996094,0.8612440228462219,True,False,False,False
STRAIN_000659,5,GLOBAL_CONTIG,442,5,0.7007068395614624,0.2992931604385376,0.7736835479736328,True,False,False,False
STRAIN_000660,5,GLOBAL_CONTIG,42,1,0.5604539513587952,0.43954604864120483,0.9375991821289062,True,False,False,False
STRAIN_000660,5,GLOBAL_CONTIG,142,2,0.5916281938552856,0.40837180614471436,0.9037387371063232,True,False,False,False
STRAIN_000660,5,GLOBAL_CONTIG,242,3,0.5781844258308411,0.42181557416915894,0.918493926525116,True,False,False,False
STRAIN_000660,5,GLOBAL_CONTIG,342,4,0.6169298887252808,0.38307011127471924,0.8752943873405457,True,False,False,False
STRAIN_000660,5,GLOBAL_CONTIG,442,5,0.5625268220901489,0.4374731779098511,0.9353856444358826,True,False,False,False
STRAIN_000670,5,GLOBAL_CONTIG,42,1,0.6466444134712219,0.3533555865287781,0.8406610488891602,True,False,False,False
STRAIN_000670,5,GLOBAL_CONTIG,142,2,0.6342532634735107,0.36574673652648926,0.8552739024162292,True,False,False,False
STRAIN_000670,5,GLOBAL_CONTIG,242,3,0.6624497175216675,0.3375502824783325,0.8216449618339539,True,False,False,False
STRAIN_000670,5,GLOBAL_CONTIG,342,4,0.666239857673645,0.333760142326355,0.8170189261436462,True,False,False,False
STRAIN_000670,5,GLOBAL_CONTIG,442,5,0.6523076295852661,0.3476923704147339,0.8338971138000488,True,False,False,False
STRAIN_000677,5,GLOBAL_CONTIG,42,1,0.5402382612228394,0.45976173877716064,0.9589179158210754,True,False,False,False
STRAIN_000677,5,GLOBAL_CONTIG,142,2,0.5943410396575928,0.4056589603424072,0.9007318615913391,True,False,False,False
STRAIN_000677,5,GLOBAL_CONTIG,242,3,0.5718977451324463,0.4281022548675537,0.9253132939338684,True,False,False,False
STRAIN_000677,5,GLOBAL_CONTIG,342,4,0.5378655791282654,0.4621344208717346,0.9613890051841736,True,False,False,False
STRAIN_000677,5,GLOBAL_CONTIG,442,5,0.5411574840545654,0.45884251594543457,0.9579587578773499,True,False,False,False
STRAIN_000678,5,GLOBAL_CONTIG,42,1,0.5323370099067688,0.4676629900932312,0.967122495174408,True,False,False,False
STRAIN_000678,5,GLOBAL_CONTIG,142,2,0.5425970554351807,0.45740294456481934,0.9564548134803772,True,False,False,False
STRAIN_000678,5,GLOBAL_CONTIG,242,3,0.5503474473953247,0.4496525526046753,0.9483169913291931,True,False,False,False
STRAIN_000678,5,GLOBAL_CONTIG,342,4,0.5281528234481812,0.47184717655181885,0.9714392423629761,True,False,False,False
STRAIN_000678,5,GLOBAL_CONTIG,442,5,0.5212315320968628,0.4787684679031372,0.9785382151603699,True,False,False,False
STRAIN_000679,5,GLOBAL_CONTIG,42,1,0.560570240020752,0.43942975997924805,0.9374750852584839,True,False,False,False
STRAIN_000679,5,GLOBAL_CONTIG,142,2,0.5141465663909912,0.4858534336090088,0.9857519268989563,True,False,False,False
STRAIN_000679,5,GLOBAL_CONTIG,242,3,0.5512664318084717,0.4487335681915283,0.9473474621772766,True,False,False,False
STRAIN_000679,5,GLOBAL_CONTIG,342,4,0.6537518501281738,0.34624814987182617,0.8321636915206909,True,False,False,False
STRAIN_000679,5,GLOBAL_CONTIG,442,5,0.5544323921203613,0.44556760787963867,0.9439995884895325,True,False,False,False
STRAIN_000680,5,GLOBAL_CONTIG,42,1,0.6197240352630615,0.3802759647369385,0.8720963001251221,True,False,False,False
STRAIN_000680,5,GLOBAL_CONTIG,142,2,0.6972336173057556,0.3027663826942444,0.7781598567962646,True,False,False,False
STRAIN_000680,5,GLOBAL_CONTIG,242,3,0.6786742806434631,0.32132571935653687,0.8016554117202759,True,False,False,False
STRAIN_000680,5,GLOBAL_CONTIG,342,4,0.5983529090881348,0.40164709091186523,0.8962668180465698,True,False,False,False
STRAIN_000680,5,GLOBAL_CONTIG,442,5,0.6545700430870056,0.3454299569129944,0.8311798572540283,True,False,False,False
STRAIN_000686,5,GLOBAL_CONTIG,42,1,0.5591433644294739,0.4408566355705261,0.938995897769928,True,False,False,False
STRAIN_000686,5,GLOBAL_CONTIG,142,2,0.5489192008972168,0.4510807991027832,0.949821949005127,True,False,False,False
STRAIN_000686,5,GLOBAL_CONTIG,242,3,0.5724846124649048,0.4275153875350952,0.9246788024902344,True,False,False,False
STRAIN_000686,5,GLOBAL_CONTIG,342,4,0.555788516998291,0.444211483001709,0.9425618648529053,True,False,False,False
STRAIN_000686,5,GLOBAL_CONTIG,442,5,0.571342945098877,0.42865705490112305,0.9259125590324402,True,False,False,False
STRAIN_000693,5,GLOBAL_CONTIG,42,1,0.5582730174064636,0.4417269825935364,0.9399223327636719,True,False,False,False
STRAIN_000693,5,GLOBAL_CONTIG,142,2,0.5114575028419495,0.48854249715805054,0.9884760975837708,True,False,False,False
STRAIN_000693,5,GLOBAL_CONTIG,242,3,0.5599678754806519,0.44003212451934814,0.938117504119873,True,False,False,False
STRAIN_000693,5,GLOBAL_CONTIG,342,4,0.5539396405220032,0.4460603594779968,0.9445213675498962,True,False,False,False
STRAIN_000693,5,GLOBAL_CONTIG,442,5,0.5284279584884644,0.47157204151153564,0.9711560010910034,True,False,False,False
STRAIN_000695,5,GLOBAL_CONTIG,42,1,0.5508624315261841,0.4491375684738159,0.947773814201355,True,False,False,False
STRAIN_000695,5,GLOBAL_CONTIG,142,2,0.5737529993057251,0.4262470006942749,0.9233059883117676,True,False,False,False
STRAIN_000695,5,GLOBAL_CONTIG,242,3,0.5584087371826172,0.4415912628173828,0.9397779703140259,True,False,False,False
STRAIN_000695,5,GLOBAL_CONTIG,342,4,0.5253357887268066,0.47466421127319336,0.9743348956108093,True,False,False,False
STRAIN_000695,5,GLOBAL_CONTIG,442,5,0.582365870475769,0.41763412952423096,0.9139300584793091,True,False,False,False
STRAIN_000707,5,GLOBAL_CONTIG,42,1,0.6341629028320312,0.36583709716796875,0.855379581451416,True,False,False,False
STRAIN_000707,5,GLOBAL_CONTIG,142,2,0.6930855512619019,0.30691444873809814,0.7834723591804504,True,False,False,False
STRAIN_000707,5,GLOBAL_CONTIG,242,3,0.6258695125579834,0.3741304874420166,0.8650208115577698,True,False,False,False
STRAIN_000707,5,GLOBAL_CONTIG,342,4,0.6842250227928162,0.31577497720718384,0.7947011590003967,True,False,False,False
STRAIN_000707,5,GLOBAL_CONTIG,442,5,0.6900374889373779,0.30996251106262207,0.7873531579971313,True,False,False,False
STRAIN_000724,5,GLOBAL_CONTIG,42,1,0.5417736768722534,0.4582263231277466,0.9573153257369995,True,False,False,False
STRAIN_000724,5,GLOBAL_CONTIG,142,2,0.5382657051086426,0.4617342948913574,0.9609727263450623,True,False,False,False
STRAIN_000724,5,GLOBAL_CONTIG,242,3,0.6106682419776917,0.38933175802230835,0.8824191689491272,True,False,False,False
STRAIN_000724,5,GLOBAL_CONTIG,342,4,0.5739305019378662,0.4260694980621338,0.9231137633323669,True,False,False,False
STRAIN_000724,5,GLOBAL_CONTIG,442,5,0.6078985333442688,0.3921014666557312,0.8855524063110352,True,False,False,False
STRAIN_000725,5,GLOBAL_CONTIG,42,1,0.5591707229614258,0.4408292770385742,0.9389667510986328,True,False,False,False
STRAIN_000725,5,GLOBAL_CONTIG,142,2,0.5418450236320496,0.45815497636795044,0.9572408199310303,True,False,False,False
STRAIN_000725,5,GLOBAL_CONTIG,242,3,0.6025421619415283,0.3974578380584717,0.8915804624557495,True,False,False,False
STRAIN_000725,5,GLOBAL_CONTIG,342,4,0.6013751029968262,0.39862489700317383,0.8928884267807007,True,False,False,False
STRAIN_000725,5,GLOBAL_CONTIG,442,5,0.6023918390274048,0.3976081609725952,0.8917489647865295,True,False,False,False
STRAIN_000749,5,GLOBAL_CONTIG,42,1,0.5424714088439941,0.45752859115600586,0.9565862417221069,True,False,False,False
STRAIN_000749,5,GLOBAL_CONTIG,142,2,0.509495198726654,0.49050480127334595,0.9904593229293823,True,False,False,False
STRAIN_000749,5,GLOBAL_CONTIG,242,3,0.5106340646743774,0.48936593532562256,0.9893088340759277,True,False,False,False
STRAIN_000749,5,GLOBAL_CONTIG,342,4,0.5197067260742188,0.48029327392578125,0.9800952076911926,True,False,False,False
STRAIN_000749,5,GLOBAL_CONTIG,442,5,0.5272971391677856,0.47270286083221436,0.9723198413848877,True,False,False,False
STRAIN_000751,5,GLOBAL_CONTIG,42,1,0.6045740246772766,0.3954259753227234,0.8892984986305237,True,False,False,False
STRAIN_000751,5,GLOBAL_CONTIG,142,2,0.6332457065582275,0.36675429344177246,0.856451153755188,True,False,False,False
STRAIN_000751,5,GLOBAL_CONTIG,242,3,0.6348730325698853,0.36512696743011475,0.854548990726471,True,False,False,False
STRAIN_000751,5,GLOBAL_CONTIG,342,4,0.5384972095489502,0.4615027904510498,0.9607317447662354,True,False,False,False
STRAIN_000751,5,GLOBAL_CONTIG,442,5,0.5103912353515625,0.4896087646484375,0.9895541667938232,True,False,False,False
STRAIN_000752,5,GLOBAL_CONTIG,42,1,0.5284809470176697,0.4715190529823303,0.9711014628410339,True,False,False,False
STRAIN_000752,5,GLOBAL_CONTIG,142,2,0.5220524072647095,0.4779475927352905,0.9776988625526428,True,False,False,False
STRAIN_000752,5,GLOBAL_CONTIG,242,3,0.5503309965133667,0.4496690034866333,0.9483343362808228,True,False,False,False
STRAIN_000752,5,GLOBAL_CONTIG,342,4,0.4902385175228119,0.5097614824771881,1.0097143650054932,True,False,False,False
STRAIN_000752,5,GLOBAL_CONTIG,442,5,0.5730706453323364,0.4269293546676636,0.9240447282791138,True,False,False,False
STRAIN_000756,5,GLOBAL_CONTIG,42,1,0.5772249102592468,0.4227750897407532,0.9195380806922913,True,False,False,False
STRAIN_000756,5,GLOBAL_CONTIG,142,2,0.5360667705535889,0.46393322944641113,0.9632582664489746,True,False,False,False
STRAIN_000756,5,GLOBAL_CONTIG,242,3,0.5924711227416992,0.4075288772583008,0.9028054475784302,True,False,False,False
STRAIN_000756,5,GLOBAL_CONTIG,342,4,0.5849316120147705,0.4150683879852295,0.9111183285713196,True,False,False,False
STRAIN_000756,5,GLOBAL_CONTIG,442,5,0.5883415341377258,0.41165846586227417,0.9073681235313416,True,False,False,False
STRAIN_000763,5,GLOBAL_CONTIG,42,1,0.7412921190261841,0.2587078809738159,0.7193161249160767,True,False,False,False
STRAIN_000763,5,GLOBAL_CONTIG,142,2,0.5380921363830566,0.46190786361694336,0.9611533284187317,True,False,False,False
STRAIN_000763,5,GLOBAL_CONTIG,242,3,0.6746302843093872,0.3253697156906128,0.8066841959953308,True,False,False,False
STRAIN_000763,5,GLOBAL_CONTIG,342,4,0.7434570789337158,0.2565429210662842,0.7163001894950867,True,False,False,False
STRAIN_000763,5,GLOBAL_CONTIG,442,5,0.6096689701080322,0.3903310298919678,0.8835508227348328,True,False,False,False
STRAIN_000765,5,GLOBAL_CONTIG,42,1,0.5038779377937317,0.4961220622062683,0.9961144924163818,True,False,False,False
STRAIN_000765,5,GLOBAL_CONTIG,142,2,0.4901999831199646,0.5098000168800354,1.0097525119781494,True,False,False,False
STRAIN_000765,5,GLOBAL_CONTIG,242,3,0.5103359818458557,0.4896640181541443,0.9896100163459778,True,False,False,False
STRAIN_000765,5,GLOBAL_CONTIG,342,4,0.5263333320617676,0.4736666679382324,0.9733104705810547,True,False,False,False
STRAIN_000765,5,GLOBAL_CONTIG,442,5,0.48335617780685425,0.5166438221931458,1.0165075063705444,True,False,False,False
STRAIN_000798,5,GLOBAL_CONTIG,42,1,0.5193978548049927,0.4806021451950073,0.9804102778434753,True,False,False,False
STRAIN_000798,5,GLOBAL_CONTIG,142,2,0.5770671367645264,0.42293286323547363,0.9197095632553101,True,False,False,False
STRAIN_000798,5,GLOBAL_CONTIG,242,3,0.5294005870819092,0.4705994129180908,0.9701539874076843,True,False,False,False
STRAIN_000798,5,GLOBAL_CONTIG,342,4,0.5508357286453247,0.4491642713546753,0.9478018879890442,True,False,False,False
STRAIN_000798,5,GLOBAL_CONTIG,442,5,0.5617412328720093,0.4382587671279907,0.9362250566482544,True,False,False,False
STRAIN_000808,5,GLOBAL_CONTIG,42,1,0.5284738540649414,0.4715261459350586,0.9711088538169861,True,False,False,False
STRAIN_000808,5,GLOBAL_CONTIG,142,2,0.5421308875083923,0.45786911249160767,0.9569420218467712,True,False,False,False
STRAIN_000808,5,GLOBAL_CONTIG,242,3,0.5282580852508545,0.4717419147491455,0.9713308811187744,True,False,False,False
STRAIN_000808,5,GLOBAL_CONTIG,342,4,0.5267597436904907,0.4732402563095093,0.972872257232666,True,False,False,False
STRAIN_000808,5,GLOBAL_CONTIG,442,5,0.5178176760673523,0.4821823239326477,0.9820206761360168,True,False,False,False
STRAIN_000809,5,GLOBAL_CONTIG,42,1,0.506279468536377,0.49372053146362305,0.9937006235122681,True,False,False,False
STRAIN_000809,5,GLOBAL_CONTIG,142,2,0.5097847580909729,0.4902152419090271,0.990166962146759,True,False,False,False
STRAIN_000809,5,GLOBAL_CONTIG,242,3,0.5426217317581177,0.4573782682418823,0.9564290046691895,True,False,False,False
STRAIN_000809,5,GLOBAL_CONTIG,342,4,0.5488985180854797,0.45110148191452026,0.94984370470047,True,False,False,False
STRAIN_000809,5,GLOBAL_CONTIG,442,5,0.4720058739185333,0.5279941260814667,1.0276128053665161,True,False,False,False
STRAIN_000810,5,GLOBAL_CONTIG,42,1,0.5649484395980835,0.4350515604019165,0.9327932000160217,True,False,False,False
STRAIN_000810,5,GLOBAL_CONTIG,142,2,0.5865525007247925,0.4134474992752075,0.9093376994132996,True,False,False,False
STRAIN_000810,5,GLOBAL_CONTIG,242,3,0.5521719455718994,0.4478280544281006,0.9463911652565002,True,False,False,False
STRAIN_000810,5,GLOBAL_CONTIG,342,4,0.5741572976112366,0.4258427023887634,0.922868013381958,True,False,False,False
STRAIN_000810,5,GLOBAL_CONTIG,442,5,0.5438017845153809,0.45619821548461914,0.9551944732666016,True,False,False,False
STRAIN_000813,5,GLOBAL_CONTIG,42,1,0.5390689969062805,0.4609310030937195,0.9601365327835083,True,False,False,False
STRAIN_000813,5,GLOBAL_CONTIG,142,2,0.5474966764450073,0.4525033235549927,0.9513183236122131,True,False,False,False
STRAIN_000813,5,GLOBAL_CONTIG,242,3,0.5326685905456543,0.4673314094543457,0.9667795896530151,True,False,False,False
STRAIN_000813,5,GLOBAL_CONTIG,342,4,0.47641223669052124,0.5235877633094788,1.0233160257339478,True,False,False,False
STRAIN_000813,5,GLOBAL_CONTIG,442,5,0.5131757259368896,0.48682427406311035,0.9867362380027771,True,False,False,False
STRAIN_000822,5,GLOBAL_CONTIG,42,1,0.6845989227294922,0.3154010772705078,0.7942304611206055,True,False,False,False
STRAIN_000822,5,GLOBAL_CONTIG,142,2,0.7416278123855591,0.2583721876144409,0.7188493609428406,True,False,False,False
STRAIN_000822,5,GLOBAL_CONTIG,242,3,0.6923137307167053,0.3076862692832947,0.7844568490982056,True,False,False,False
STRAIN_000822,5,GLOBAL_CONTIG,342,4,0.7120360732078552,0.2879639267921448,0.7588990330696106,True,False,False,False
STRAIN_000822,5,GLOBAL_CONTIG,442,5,0.7957916259765625,0.2042083740234375,0.639074981212616,True,False,False,False
STRAIN_000833,5,GLOBAL_CONTIG,42,1,0.4492489695549011,0.5507510304450989,1.0495247840881348,True,False,False,False
STRAIN_000833,5,GLOBAL_CONTIG,142,2,0.5870959162712097,0.4129040837287903,0.9087398648262024,True,False,False,False
STRAIN_000833,5,GLOBAL_CONTIG,242,3,0.7094717025756836,0.2905282974243164,0.7622706890106201,True,False,False,False
STRAIN_000833,5,GLOBAL_CONTIG,342,4,0.5587209463119507,0.4412790536880493,0.9394456744194031,True,False,False,False
STRAIN_000833,5,GLOBAL_CONTIG,442,5,0.5447573065757751,0.45524269342422485,0.9541935920715332,True,False,False,False
STRAIN_000835,5,GLOBAL_CONTIG,42,1,0.6142388582229614,0.3857611417770386,0.8783634901046753,True,False,False,False
STRAIN_000835,5,GLOBAL_CONTIG,142,2,0.6299081444740295,0.37009185552597046,0.8603392243385315,True,False,False,False
STRAIN_000835,5,GLOBAL_CONTIG,242,3,0.6153156757354736,0.38468432426452637,0.8771365284919739,True,False,False,False
STRAIN_000835,5,GLOBAL_CONTIG,342,4,0.6264984607696533,0.3735015392303467,0.8642933368682861,True,False,False,False
STRAIN_000835,5,GLOBAL_CONTIG,442,5,0.6263692378997803,0.3736307621002197,0.8644429445266724,True,False,False,False
STRAIN_000837,5,GLOBAL_CONTIG,42,1,0.6246025562286377,0.3753974437713623,0.8664840459823608,True,False,False,False
STRAIN_000837,5,GLOBAL_CONTIG,142,2,0.6110547780990601,0.38894522190093994,0.8819810152053833,True,False,False,False
STRAIN_000837,5,GLOBAL_CONTIG,242,3,0.6069711446762085,0.3930288553237915,0.8865990042686462,True,False,False,False
STRAIN_000837,5,GLOBAL_CONTIG,342,4,0.5667564868927002,0.4332435131072998,0.9308527708053589,True,False,False,False
STRAIN_000837,5,GLOBAL_CONTIG,442,5,0.5964973568916321,0.4035026431083679,0.8983346819877625,True,False,False,False
STRAIN_000852,5,GLOBAL_CONTIG,42,1,0.5888733863830566,0.41112661361694336,0.906781792640686,True,False,False,False
STRAIN_000852,5,GLOBAL_CONTIG,142,2,0.5295184850692749,0.4704815149307251,0.9700324535369873,True,False,False,False
STRAIN_000852,5,GLOBAL_CONTIG,242,3,0.568346381187439,0.43165361881256104,0.9291431903839111,True,False,False,False
STRAIN_000852,5,GLOBAL_CONTIG,342,4,0.544624924659729,0.455375075340271,0.9543322324752808,True,False,False,False
STRAIN_000852,5,GLOBAL_CONTIG,442,5,0.5667227506637573,0.4332772493362427,0.9308889508247375,True,False,False,False
STRAIN_000856,5,GLOBAL_CONTIG,42,1,0.6441229581832886,0.3558770418167114,0.8436551690101624,True,False,False,False
STRAIN_000856,5,GLOBAL_CONTIG,142,2,0.7008428573608398,0.29915714263916016,0.7735077142715454,True,False,False,False
STRAIN_000856,5,GLOBAL_CONTIG,242,3,0.6898770928382874,0.31012290716171265,0.7875568866729736,True,False,False,False
STRAIN_000856,5,GLOBAL_CONTIG,342,4,0.6471973657608032,0.3528026342391968,0.8400031328201294,True,False,False,False
STRAIN_000856,5,GLOBAL_CONTIG,442,5,0.7348467111587524,0.26515328884124756,0.7282214164733887,True,False,False,False
STRAIN_000863,5,GLOBAL_CONTIG,42,1,0.7125064134597778,0.28749358654022217,0.758279025554657,True,False,False,False
STRAIN_000863,5,GLOBAL_CONTIG,142,2,0.7125047445297241,0.2874952554702759,0.7582812905311584,True,False,False,False
STRAIN_000863,5,GLOBAL_CONTIG,242,3,0.766532838344574,0.23346716165542603,0.6833258867263794,True,False,False,False
STRAIN_000863,5,GLOBAL_CONTIG,342,4,0.7252703905105591,0.2747296094894409,0.7412551045417786,True,False,False,False
STRAIN_000863,5,GLOBAL_CONTIG,442,5,0.7507034540176392,0.24929654598236084,0.7061112523078918,True,False,False,False
STRAIN_000870,5,GLOBAL_CONTIG,42,1,0.6220808029174805,0.37791919708251953,0.8693896532058716,True,False,False,False
STRAIN_000870,5,GLOBAL_CONTIG,142,2,0.6601009368896484,0.33989906311035156,0.8244987726211548,True,False,False,False
STRAIN_000870,5,GLOBAL_CONTIG,242,3,0.6747192144393921,0.3252807855606079,0.8065739870071411,True,False,False,False
STRAIN_000870,5,GLOBAL_CONTIG,342,4,0.6317018270492554,0.36829817295074463,0.8582519888877869,True,False,False,False
STRAIN_000870,5,GLOBAL_CONTIG,442,5,0.627772867679596,0.37222713232040405,0.862817645072937,True,False,False,False
STRAIN_000871,5,GLOBAL_CONTIG,42,1,0.520150363445282,0.479849636554718,0.9796424508094788,True,False,False,False
STRAIN_000871,5,GLOBAL_CONTIG,142,2,0.5490425825119019,0.45095741748809814,0.9496919512748718,True,False,False,False
STRAIN_000871,5,GLOBAL_CONTIG,242,3,0.5666834115982056,0.43331658840179443,0.9309313893318176,True,False,False,False
STRAIN_000871,5,GLOBAL_CONTIG,342,4,0.5707529783248901,0.42924702167510986,0.9265495538711548,True,False,False,False
STRAIN_000871,5,GLOBAL_CONTIG,442,5,0.5142083168029785,0.4857916831970215,0.9856892824172974,True,False,False,False
STRAIN_000875,5,GLOBAL_CONTIG,42,1,0.5454846620559692,0.45451533794403076,0.9534310102462769,True,False,False,False
STRAIN_000875,5,GLOBAL_CONTIG,142,2,0.5382473468780518,0.46175265312194824,0.9609918594360352,True,False,False,False
STRAIN_000875,5,GLOBAL_CONTIG,242,3,0.5196682810783386,0.4803317189216614,0.9801344275474548,True,False,False,False
STRAIN_000875,5,GLOBAL_CONTIG,342,4,0.5151734948158264,0.4848265051841736,0.984709620475769,True,False,False,False
STRAIN_000875,5,GLOBAL_CONTIG,442,5,0.5341015458106995,0.46589845418930054,0.9652963280677795,True,False,False,False
STRAIN_000880,5,GLOBAL_CONTIG,42,1,0.4441109597682953,0.5558890402317047,1.0544089078903198,True,False,False,False
STRAIN_000880,5,GLOBAL_CONTIG,142,2,0.5089387893676758,0.4910612106323242,0.991020917892456,True,False,False,False
STRAIN_000880,5,GLOBAL_CONTIG,242,3,0.5164340138435364,0.4835659861564636,0.9834287166595459,True,False,False,False
STRAIN_000880,5,GLOBAL_CONTIG,342,4,0.49243277311325073,0.5075672268867493,1.007538914680481,True,False,False,False
STRAIN_000880,5,GLOBAL_CONTIG,442,5,0.5355277061462402,0.46447229385375977,0.9638177752494812,True,False,False,False
STRAIN_000881,5,GLOBAL_CONTIG,42,1,0.5067843198776245,0.4932156801223755,0.9931926131248474,True,False,False,False
STRAIN_000881,5,GLOBAL_CONTIG,142,2,0.47848814725875854,0.5215118527412415,1.0212852954864502,True,False,False,False
STRAIN_000881,5,GLOBAL_CONTIG,242,3,0.572568416595459,0.427431583404541,0.9245880842208862,True,False,False,False
STRAIN_000881,5,GLOBAL_CONTIG,342,4,0.5428907871246338,0.4571092128753662,0.9561476111412048,True,False,False,False
STRAIN_000881,5,GLOBAL_CONTIG,442,5,0.5379816889762878,0.46201831102371216,0.9612682461738586,True,False,False,False
STRAIN_000885,5,GLOBAL_CONTIG,42,1,0.540229856967926,0.459770143032074,0.9589266777038574,True,False,False,False
STRAIN_000885,5,GLOBAL_CONTIG,142,2,0.512744665145874,0.487255334854126,0.9871731400489807,True,False,False,False
STRAIN_000885,5,GLOBAL_CONTIG,242,3,0.48960399627685547,0.5103960037231445,1.0103425979614258,True,False,False,False
STRAIN_000885,5,GLOBAL_CONTIG,342,4,0.5079550743103027,0.49204492568969727,0.992013156414032,True,False,False,False
STRAIN_000885,5,GLOBAL_CONTIG,442,5,0.5035431385040283,0.4964568614959717,0.9964505434036255,True,False,False,False
STRAIN_000890,5,GLOBAL_CONTIG,42,1,0.49862000346183777,0.5013799965381622,1.001379132270813,True,False,False,False
STRAIN_000890,5,GLOBAL_CONTIG,142,2,0.5336180925369263,0.46638190746307373,0.9657970070838928,True,False,False,False
STRAIN_000890,5,GLOBAL_CONTIG,242,3,0.5013537406921387,0.49864625930786133,0.9986454248428345,True,False,False,False
STRAIN_000890,5,GLOBAL_CONTIG,342,4,0.5201917886734009,0.4798082113265991,0.979600191116333,True,False,False,False
STRAIN_000890,5,GLOBAL_CONTIG,442,5,0.4938879907131195,0.5061120092868805,1.0060933828353882,True,False,False,False
STRAIN_000891,5,GLOBAL_CONTIG,42,1,0.4691338539123535,0.5308661460876465,1.0304040908813477,True,False,False,False
STRAIN_000891,5,GLOBAL_CONTIG,142,2,0.4977245628833771,0.5022754371166229,1.0022728443145752,True,False,False,False
STRAIN_000891,5,GLOBAL_CONTIG,242,3,0.5379396080970764,0.4620603919029236,0.9613119959831238,True,False,False,False
STRAIN_000891,5,GLOBAL_CONTIG,342,4,0.48214173316955566,0.5178582668304443,1.0177016258239746,True,False,False,False
STRAIN_000891,5,GLOBAL_CONTIG,442,5,0.4982753396034241,0.5017246603965759,1.001723289489746,True,False,False,False
STRAIN_000892,5,GLOBAL_CONTIG,42,1,0.6623667478561401,0.33763325214385986,0.8217460513114929,True,False,False,False
STRAIN_000892,5,GLOBAL_CONTIG,142,2,0.6418120861053467,0.3581879138946533,0.8463898301124573,True,False,False,False
STRAIN_000892,5,GLOBAL_CONTIG,242,3,0.622368335723877,0.37763166427612305,0.8690587282180786,True,False,False,False
STRAIN_000892,5,GLOBAL_CONTIG,342,4,0.5912503004074097,0.40874969959259033,0.9041566252708435,True,False,False,False
STRAIN_000892,5,GLOBAL_CONTIG,442,5,0.6627368927001953,0.3372631072998047,0.821295440196991,True,False,False,False
STRAIN_000895,5,GLOBAL_CONTIG,42,1,0.6242557168006897,0.3757442831993103,0.8668844103813171,True,False,False,False
STRAIN_000895,5,GLOBAL_CONTIG,142,2,0.6020737886428833,0.3979262113571167,0.8921055793762207,True,False,False,False
STRAIN_000895,5,GLOBAL_CONTIG,242,3,0.6198525428771973,0.38014745712280273,0.8719489574432373,True,False,False,False
STRAIN_000895,5,GLOBAL_CONTIG,342,4,0.5944383144378662,0.4055616855621338,0.9006238579750061,True,False,False,False
STRAIN_000895,5,GLOBAL_CONTIG,442,5,0.5915603637695312,0.40843963623046875,0.9038137197494507,True,False,False,False
STRAIN_000896,5,GLOBAL_CONTIG,42,1,0.5103132128715515,0.4896867871284485,0.9896330833435059,True,False,False,False
STRAIN_000896,5,GLOBAL_CONTIG,142,2,0.5291261672973633,0.4708738327026367,0.9704369306564331,True,False,False,False
STRAIN_000896,5,GLOBAL_CONTIG,242,3,0.514350950717926,0.485649049282074,0.9855446219444275,True,False,False,False
STRAIN_000896,5,GLOBAL_CONTIG,342,4,0.4835490584373474,0.5164509415626526,1.0163177251815796,True,False,False,False
STRAIN_000896,5,GLOBAL_CONTIG,442,5,0.5109738707542419,0.48902612924575806,0.9889652729034424,True,False,False,False
STRAIN_000905,5,GLOBAL_CONTIG,42,1,0.5855218768119812,0.4144781231880188,0.9104703664779663,True,False,False,False
STRAIN_000905,5,GLOBAL_CONTIG,142,2,0.5665400624275208,0.43345993757247925,0.9310853481292725,True,False,False,False
STRAIN_000905,5,GLOBAL_CONTIG,242,3,0.5492258667945862,0.4507741332054138,0.9494989514350891,True,False,False,False
STRAIN_000905,5,GLOBAL_CONTIG,342,4,0.5311174392700195,0.46888256072998047,0.9683827757835388,True,False,False,False
STRAIN_000905,5,GLOBAL_CONTIG,442,5,0.5210168361663818,0.47898316383361816,0.9787575602531433,True,False,False,False
STRAIN_000907,5,GLOBAL_CONTIG,42,1,0.5250993967056274,0.47490060329437256,0.9745775461196899,True,False,False,False
STRAIN_000907,5,GLOBAL_CONTIG,142,2,0.5385814905166626,0.4614185094833374,0.9606440663337708,True,False,False,False
STRAIN_000907,5,GLOBAL_CONTIG,242,3,0.5593658685684204,0.4406341314315796,0.9387588500976562,True,False,False,False
STRAIN_000907,5,GLOBAL_CONTIG,342,4,0.5080318450927734,0.49196815490722656,0.9919357299804688,True,False,False,False
STRAIN_000907,5,GLOBAL_CONTIG,442,5,0.5261406898498535,0.4738593101501465,0.9735084772109985,True,False,False,False
STRAIN_000911,5,GLOBAL_CONTIG,42,1,0.5621981620788574,0.4378018379211426,0.9357368350028992,True,False,False,False
STRAIN_000911,5,GLOBAL_CONTIG,142,2,0.5336397886276245,0.4663602113723755,0.9657745957374573,True,False,False,False
STRAIN_000911,5,GLOBAL_CONTIG,242,3,0.5831952691078186,0.4168047308921814,0.9130220413208008,True,False,False,False
STRAIN_000911,5,GLOBAL_CONTIG,342,4,0.6039000749588013,0.39609992504119873,0.8900560140609741,True,False,False,False
STRAIN_000911,5,GLOBAL_CONTIG,442,5,0.5917563438415527,0.40824365615844727,0.9035966992378235,True,False,False,False
STRAIN_000922,5,GLOBAL_CONTIG,42,1,0.5636129379272461,0.4363870620727539,0.9342238306999207,True,False,False,False
STRAIN_000922,5,GLOBAL_CONTIG,142,2,0.49786752462387085,0.5021324753761292,1.002130150794983,True,False,False,False
STRAIN_000922,5,GLOBAL_CONTIG,242,3,0.5092712640762329,0.4907287359237671,0.9906853437423706,True,False,False,False
STRAIN_000922,5,GLOBAL_CONTIG,342,4,0.5297420620918274,0.4702579379081726,0.9698019623756409,True,False,False,False
STRAIN_000922,5,GLOBAL_CONTIG,442,5,0.5335834622383118,0.46641653776168823,0.9658328890800476,True,False,False,False
STRAIN_000931,5,GLOBAL_CONTIG,42,1,0.5008090734481812,0.49919092655181885,0.999190628528595,True,False,False,False
STRAIN_000931,5,GLOBAL_CONTIG,142,2,0.5457993149757385,0.4542006850242615,0.9531009197235107,True,False,False,False
STRAIN_000931,5,GLOBAL_CONTIG,242,3,0.5688665509223938,0.4311334490776062,0.9285833239555359,True,False,False,False
STRAIN_000931,5,GLOBAL_CONTIG,342,4,0.5177205204963684,0.4822794795036316,0.982119619846344,True,False,False,False
STRAIN_000931,5,GLOBAL_CONTIG,442,5,0.5080641508102417,0.4919358491897583,0.9919030666351318,True,False,False,False
STRAIN_000934,5,GLOBAL_CONTIG,42,1,0.6529185771942139,0.34708142280578613,0.8331645131111145,True,False,False,False
STRAIN_000934,5,GLOBAL_CONTIG,142,2,0.7745766639709473,0.22542333602905273,0.6714512705802917,True,False,False,False
STRAIN_000934,5,GLOBAL_CONTIG,242,3,0.8143283128738403,0.18567168712615967,0.6093794107437134,True,False,False,False
STRAIN_000934,5,GLOBAL_CONTIG,342,4,0.7782601118087769,0.22173988819122314,0.6659427881240845,True,False,False,False
STRAIN_000934,5,GLOBAL_CONTIG,442,5,0.8393220901489258,0.16067790985107422,0.5668825507164001,True,False,False,False
STRAIN_000936,5,GLOBAL_CONTIG,42,1,0.5774147510528564,0.42258524894714355,0.9193316102027893,True,False,False,False
STRAIN_000936,5,GLOBAL_CONTIG,142,2,0.555086612701416,0.444913387298584,0.9433063268661499,True,False,False,False
STRAIN_000936,5,GLOBAL_CONTIG,242,3,0.5314351320266724,0.46856486797332764,0.9680545926094055,True,False,False,False
STRAIN_000936,5,GLOBAL_CONTIG,342,4,0.5577541589736938,0.44224584102630615,0.9404741525650024,True,False,False,False
STRAIN_000936,5,GLOBAL_CONTIG,442,5,0.5496553182601929,0.45034468173980713,0.9490466117858887,True,False,False,False
STRAIN_000937,5,GLOBAL_CONTIG,42,1,0.5454067587852478,0.4545932412147522,0.9535127282142639,True,False,False,False
STRAIN_000937,5,GLOBAL_CONTIG,142,2,0.5277822613716125,0.47221773862838745,0.9718206524848938,True,False,False,False
STRAIN_000937,5,GLOBAL_CONTIG,242,3,0.5490214228630066,0.4509785771369934,0.9497142434120178,True,False,False,False
STRAIN_000937,5,GLOBAL_CONTIG,342,4,0.5475125312805176,0.4524874687194824,0.9513016939163208,True,False,False,False
STRAIN_000937,5,GLOBAL_CONTIG,442,5,0.5882703065872192,0.41172969341278076,0.907446563243866,True,False,False,False
STRAIN_000941,5,GLOBAL_CONTIG,42,1,0.7900205850601196,0.20997941493988037,0.6480423808097839,True,False,False,False
STRAIN_000941,5,GLOBAL_CONTIG,142,2,0.6729400157928467,0.3270599842071533,0.80877685546875,True,False,False,False
STRAIN_000941,5,GLOBAL_CONTIG,242,3,0.749000072479248,0.25099992752075195,0.708519458770752,True,False,False,False
STRAIN_000941,5,GLOBAL_CONTIG,342,4,0.7249818444252014,0.2750181555747986,0.7416443228721619,True,False,False,False
STRAIN_000941,5,GLOBAL_CONTIG,442,5,0.7309628129005432,0.2690371870994568,0.7335355281829834,True,False,False,False
STRAIN_000948,5,GLOBAL_CONTIG,42,1,0.76791912317276,0.23208087682724,0.6812942028045654,True,False,False,False
STRAIN_000948,5,GLOBAL_CONTIG,142,2,0.8050798177719116,0.19492018222808838,0.6243719458580017,True,False,False,False
STRAIN_000948,5,GLOBAL_CONTIG,242,3,0.8155267238616943,0.18447327613830566,0.6074097752571106,True,False,False,False
STRAIN_000948,5,GLOBAL_CONTIG,342,4,0.7692348957061768,0.23076510429382324,0.6793602705001831,True,False,False,False
STRAIN_000948,5,GLOBAL_CONTIG,442,5,0.7529973387718201,0.24700266122817993,0.7028552293777466,True,False,False,False
STRAIN_000952,5,GLOBAL_CONTIG,42,1,0.5410271883010864,0.4589728116989136,0.9580948352813721,True,False,False,False
STRAIN_000952,5,GLOBAL_CONTIG,142,2,0.5493675470352173,0.4506324529647827,0.9493497610092163,True,False,False,False
STRAIN_000952,5,GLOBAL_CONTIG,242,3,0.5580604076385498,0.4419395923614502,0.9401484727859497,True,False,False,False
STRAIN_000952,5,GLOBAL_CONTIG,342,4,0.5695226788520813,0.4304773211479187,0.9278764724731445,True,False,False,False
STRAIN_000952,5,GLOBAL_CONTIG,442,5,0.5677054524421692,0.4322945475578308,0.9298328161239624,True,False,False,False
STRAIN_000956,5,GLOBAL_CONTIG,42,1,0.6488457918167114,0.3511542081832886,0.838038444519043,True,False,False,False
STRAIN_000956,5,GLOBAL_CONTIG,142,2,0.52957683801651,0.47042316198349,0.9699723124504089,True,False,False,False
STRAIN_000956,5,GLOBAL_CONTIG,242,3,0.5926399230957031,0.4073600769042969,0.9026185274124146,True,False,False,False
STRAIN_000956,5,GLOBAL_CONTIG,342,4,0.5412819981575012,0.4587180018424988,0.9578288197517395,True,False,False,False
STRAIN_000956,5,GLOBAL_CONTIG,442,5,0.5218422412872314,0.47815775871276855,0.9779139161109924,True,False,False,False
STRAIN_000967,5,GLOBAL_CONTIG,42,1,0.8014175295829773,0.1985824704170227,0.6302102208137512,True,False,False,False
STRAIN_000967,5,GLOBAL_CONTIG,142,2,0.7960735559463501,0.2039264440536499,0.6386336088180542,True,False,False,False
STRAIN_000967,5,GLOBAL_CONTIG,242,3,0.7289341688156128,0.2710658311843872,0.7362958788871765,True,False,False,False
STRAIN_000967,5,GLOBAL_CONTIG,342,4,0.7217249274253845,0.2782750725746155,0.7460228800773621,True,False,False,False
STRAIN_000967,5,GLOBAL_CONTIG,442,5,0.7341823577880859,0.26581764221191406,0.7291331887245178,True,False,False,False
STRAIN_000969,5,GLOBAL_CONTIG,42,1,0.6185646057128906,0.3814353942871094,0.8734248280525208,True,False,False,False
STRAIN_000969,5,GLOBAL_CONTIG,142,2,0.6826388835906982,0.31736111640930176,0.7966945171356201,True,False,False,False
STRAIN_000969,5,GLOBAL_CONTIG,242,3,0.6740357875823975,0.32596421241760254,0.8074209094047546,True,False,False,False
STRAIN_000969,5,GLOBAL_CONTIG,342,4,0.6966840028762817,0.30331599712371826,0.7788658142089844,True,False,False,False
STRAIN_000969,5,GLOBAL_CONTIG,442,5,0.6414138078689575,0.3585861921310425,0.8468602895736694,True,False,False,False
STRAIN_000979,5,GLOBAL_CONTIG,42,1,0.7327123284339905,0.2672876715660095,0.7311466932296753,True,False,False,False
STRAIN_000979,5,GLOBAL_CONTIG,142,2,0.7238936424255371,0.2761063575744629,0.743110179901123,True,False,False,False
STRAIN_000979,5,GLOBAL_CONTIG,242,3,0.769676148891449,0.23032385110855103,0.678710401058197,True,False,False,False
STRAIN_000979,5,GLOBAL_CONTIG,342,4,0.7321429252624512,0.26785707473754883,0.7319249510765076,True,False,False,False
STRAIN_000979,5,GLOBAL_CONTIG,442,5,0.7231923341751099,0.27680766582489014,0.744053304195404,True,False,False,False
STRAIN_000991,5,GLOBAL_CONTIG,42,1,0.5238393545150757,0.4761606454849243,0.9758694171905518,True,False,False,False
STRAIN_000991,5,GLOBAL_CONTIG,142,2,0.5424748659133911,0.4575251340866089,0.9565825462341309,True,False,False,False
STRAIN_000991,5,GLOBAL_CONTIG,242,3,0.5090009570121765,0.4909990429878235,0.9909581542015076,True,False,False,False
STRAIN_000991,5,GLOBAL_CONTIG,342,4,0.5464255809783936,0.45357441902160645,0.9524437189102173,True,False,False,False
STRAIN_000991,5,GLOBAL_CONTIG,442,5,0.5553029775619507,0.4446970224380493,0.9430769681930542,True,False,False,False
STRAIN_001011,5,GLOBAL_CONTIG,42,1,0.6381735801696777,0.36182641983032227,0.8506778478622437,True,False,False,False
STRAIN_001011,5,GLOBAL_CONTIG,142,2,0.686318576335907,0.313681423664093,0.7920624613761902,True,False,False,False
STRAIN_001011,5,GLOBAL_CONTIG,242,3,0.6830742359161377,0.3169257640838623,0.7961479425430298,True,False,False,False
STRAIN_001011,5,GLOBAL_CONTIG,342,4,0.7312905788421631,0.2687094211578369,0.7330885529518127,True,False,False,False
STRAIN_001011,5,GLOBAL_CONTIG,442,5,0.6503214240074158,0.34967857599258423,0.8362757563591003,True,False,False,False
STRAIN_001012,5,GLOBAL_CONTIG,42,1,0.5717318654060364,0.4282681345939636,0.9254924058914185,True,False,False,False
STRAIN_001012,5,GLOBAL_CONTIG,142,2,0.5327337980270386,0.4672662019729614,0.9667121767997742,True,False,False,False
STRAIN_001012,5,GLOBAL_CONTIG,242,3,0.5267810821533203,0.4732189178466797,0.9728503823280334,True,False,False,False
STRAIN_001012,5,GLOBAL_CONTIG,342,4,0.5410330295562744,0.4589669704437256,0.9580886363983154,True,False,False,False
STRAIN_001012,5,GLOBAL_CONTIG,442,5,0.5610729455947876,0.4389270544052124,0.9369387030601501,True,False,False,False
STRAIN_001013,5,GLOBAL_CONTIG,42,1,0.5651426315307617,0.4348573684692383,0.9325850009918213,True,False,False,False
STRAIN_001013,5,GLOBAL_CONTIG,142,2,0.5986044406890869,0.4013955593109131,0.8959861993789673,True,False,False,False
STRAIN_001013,5,GLOBAL_CONTIG,242,3,0.5509366989135742,0.4490633010864258,0.9476954340934753,True,False,False,False
STRAIN_001013,5,GLOBAL_CONTIG,342,4,0.5723371505737305,0.42766284942626953,0.9248383045196533,True,False,False,False
STRAIN_001013,5,GLOBAL_CONTIG,442,5,0.5853275656700134,0.4146724343299866,0.9106837511062622,True,False,False,False
STRAIN_001015,5,GLOBAL_CONTIG,42,1,0.7903055548667908,0.20969444513320923,0.6476025581359863,True,False,False,False
STRAIN_001015,5,GLOBAL_CONTIG,142,2,0.872947633266449,0.12705236673355103,0.5040881633758545,True,False,False,False
STRAIN_001015,5,GLOBAL_CONTIG,242,3,0.8486711978912354,0.15132880210876465,0.5501432418823242,True,False,False,False
STRAIN_001015,5,GLOBAL_CONTIG,342,4,0.825953483581543,0.17404651641845703,0.5899942517280579,True,False,False,False
STRAIN_001015,5,GLOBAL_CONTIG,442,5,0.6704996824264526,0.32950031757354736,0.8117886185646057,True,False,False,False
STRAIN_001023,5,GLOBAL_CONTIG,42,1,0.6548004746437073,0.3451995253562927,0.8309025168418884,True,False,False,False
STRAIN_001023,5,GLOBAL_CONTIG,142,2,0.5754481554031372,0.4245518445968628,0.9214681386947632,True,False,False,False
STRAIN_001023,5,GLOBAL_CONTIG,242,3,0.6869664192199707,0.3130335807800293,0.7912439107894897,True,False,False,False
STRAIN_001023,5,GLOBAL_CONTIG,342,4,0.6498954892158508,0.35010451078414917,0.8367849588394165,True,False,False,False
STRAIN_001023,5,GLOBAL_CONTIG,442,5,0.6280614733695984,0.3719385266304016,0.8624830842018127,True,False,False,False
STRAIN_001024,5,GLOBAL_CONTIG,42,1,0.5463513135910034,0.4536486864089966,0.9525216221809387,True,False,False,False
STRAIN_001024,5,GLOBAL_CONTIG,142,2,0.5700109004974365,0.4299890995025635,0.9273501634597778,True,False,False,False
STRAIN_001024,5,GLOBAL_CONTIG,242,3,0.6162064075469971,0.38379359245300293,0.8761206269264221,True,False,False,False
STRAIN_001024,5,GLOBAL_CONTIG,342,4,0.5419419407844543,0.45805805921554565,0.9571396112442017,True,False,False,False
STRAIN_001024,5,GLOBAL_CONTIG,442,5,0.5845293998718262,0.41547060012817383,0.9115598201751709,True,False,False,False
