strain_entity_id,outer_fold,control_type,seed,replicate,cosine_TRUE_control,embedding_displacement,l2_distance,fold_matched_lineage95_encoder,phenotype_labels_used,encoder_retrained,encoder_finetuned
STRAIN_000016,3,GLOBAL_CONTIG,42,1,0.6351456642150879,0.3648543357849121,0.8542298674583435,True,False,False,False
STRAIN_000016,3,GLOBAL_CONTIG,142,2,0.6674394011497498,0.33256059885025024,0.8155496120452881,True,False,False,False
STRAIN_000016,3,GLOBAL_CONTIG,242,3,0.679582953453064,0.32041704654693604,0.8005210161209106,True,False,False,False
STRAIN_000016,3,GLOBAL_CONTIG,342,4,0.6681325435638428,0.3318674564361572,0.8146992921829224,True,False,False,False
STRAIN_000016,3,GLOBAL_CONTIG,442,5,0.6608500480651855,0.33914995193481445,0.8235896229743958,True,False,False,False
STRAIN_000056,3,GLOBAL_CONTIG,42,1,0.6491087675094604,0.35089123249053955,0.8377246260643005,True,False,False,False
STRAIN_000056,3,GLOBAL_CONTIG,142,2,0.685615062713623,0.31438493728637695,0.7929502129554749,True,False,False,False
STRAIN_000056,3,GLOBAL_CONTIG,242,3,0.6562495231628418,0.3437504768371582,0.8291568160057068,True,False,False,False
STRAIN_000056,3,GLOBAL_CONTIG,342,4,0.6499438285827637,0.35005617141723633,0.8367271423339844,True,False,False,False
STRAIN_000056,3,GLOBAL_CONTIG,442,5,0.660844087600708,0.339155912399292,0.8235968947410583,True,False,False,False
STRAIN_000057,3,GLOBAL_CONTIG,42,1,0.6538761258125305,0.3461238741874695,0.832014262676239,True,False,False,False
STRAIN_000057,3,GLOBAL_CONTIG,142,2,0.6145623326301575,0.38543766736984253,0.8779950737953186,True,False,False,False
STRAIN_000057,3,GLOBAL_CONTIG,242,3,0.6109650135040283,0.3890349864959717,0.8820827603340149,True,False,False,False
STRAIN_000057,3,GLOBAL_CONTIG,342,4,0.6129387021064758,0.38706129789352417,0.8798422813415527,True,False,False,False
STRAIN_000057,3,GLOBAL_CONTIG,442,5,0.6180659532546997,0.3819340467453003,0.8739954829216003,True,False,False,False
STRAIN_000062,3,GLOBAL_CONTIG,42,1,0.5622411370277405,0.4377588629722595,0.9356910586357117,True,False,False,False
STRAIN_000062,3,GLOBAL_CONTIG,142,2,0.6153980493545532,0.3846019506454468,0.8770426511764526,True,False,False,False
STRAIN_000062,3,GLOBAL_CONTIG,242,3,0.5725746750831604,0.4274253249168396,0.9245813488960266,True,False,False,False
STRAIN_000062,3,GLOBAL_CONTIG,342,4,0.558542788028717,0.44145721197128296,0.9396352767944336,True,False,False,False
STRAIN_000062,3,GLOBAL_CONTIG,442,5,0.5743389129638672,0.4256610870361328,0.9226711392402649,True,False,False,False
STRAIN_000064,3,GLOBAL_CONTIG,42,1,0.6215261816978455,0.37847381830215454,0.8700273633003235,True,False,False,False
STRAIN_000064,3,GLOBAL_CONTIG,142,2,0.6963385343551636,0.3036614656448364,0.7793092131614685,True,False,False,False
STRAIN_000064,3,GLOBAL_CONTIG,242,3,0.6601591110229492,0.3398408889770508,0.824428141117096,True,False,False,False
STRAIN_000064,3,GLOBAL_CONTIG,342,4,0.6796258091926575,0.32037419080734253,0.8004676103591919,True,False,False,False
STRAIN_000064,3,GLOBAL_CONTIG,442,5,0.663153886795044,0.33684611320495605,0.8207875490188599,True,False,False,False
STRAIN_000070,3,GLOBAL_CONTIG,42,1,0.570946216583252,0.42905378341674805,0.9263409972190857,True,False,False,False
STRAIN_000070,3,GLOBAL_CONTIG,142,2,0.5742996335029602,0.4257003664970398,0.9227138161659241,True,False,False,False
STRAIN_000070,3,GLOBAL_CONTIG,242,3,0.5457936525344849,0.45420634746551514,0.9531068801879883,True,False,False,False
STRAIN_000070,3,GLOBAL_CONTIG,342,4,0.5727653503417969,0.4272346496582031,0.9243751764297485,True,False,False,False
STRAIN_000070,3,GLOBAL_CONTIG,442,5,0.563244104385376,0.436755895614624,0.9346185326576233,True,False,False,False
STRAIN_000073,3,GLOBAL_CONTIG,42,1,0.711942195892334,0.288057804107666,0.7590227127075195,True,False,False,False
STRAIN_000073,3,GLOBAL_CONTIG,142,2,0.677108883857727,0.32289111614227295,0.8036057949066162,True,False,False,False
STRAIN_000073,3,GLOBAL_CONTIG,242,3,0.758080005645752,0.24191999435424805,0.6955859661102295,True,False,False,False
STRAIN_000073,3,GLOBAL_CONTIG,342,4,0.7397958636283875,0.26020413637161255,0.7213931083679199,True,False,False,False
STRAIN_000073,3,GLOBAL_CONTIG,442,5,0.7516040802001953,0.2483959197998047,0.704834520816803,True,False,False,False
STRAIN_000080,3,GLOBAL_CONTIG,42,1,0.6698386073112488,0.3301613926887512,0.8126024603843689,True,False,False,False
STRAIN_000080,3,GLOBAL_CONTIG,142,2,0.715075671672821,0.28492432832717896,0.7548832297325134,True,False,False,False
STRAIN_000080,3,GLOBAL_CONTIG,242,3,0.720917820930481,0.27908217906951904,0.7471039295196533,True,False,False,False
STRAIN_000080,3,GLOBAL_CONTIG,342,4,0.6751474738121033,0.32485252618789673,0.8060428500175476,True,False,False,False
STRAIN_000080,3,GLOBAL_CONTIG,442,5,0.6631188988685608,0.3368811011314392,0.8208301067352295,True,False,False,False
STRAIN_000081,3,GLOBAL_CONTIG,42,1,0.6415208578109741,0.3584791421890259,0.8467338681221008,True,False,False,False
STRAIN_000081,3,GLOBAL_CONTIG,142,2,0.7068315744400024,0.29316842555999756,0.7657263278961182,True,False,False,False
STRAIN_000081,3,GLOBAL_CONTIG,242,3,0.719477653503418,0.28052234649658203,0.7490290999412537,True,False,False,False
STRAIN_000081,3,GLOBAL_CONTIG,342,4,0.7101927995681763,0.28980720043182373,0.7613240480422974,True,False,False,False
STRAIN_000081,3,GLOBAL_CONTIG,442,5,0.7595367431640625,0.2404632568359375,0.6934886574745178,True,False,False,False
STRAIN_000090,3,GLOBAL_CONTIG,42,1,0.6418852806091309,0.35811471939086914,0.846303403377533,True,False,False,False
STRAIN_000090,3,GLOBAL_CONTIG,142,2,0.6820043921470642,0.3179956078529358,0.7974905371665955,True,False,False,False
STRAIN_000090,3,GLOBAL_CONTIG,242,3,0.6334738731384277,0.36652612686157227,0.8561846017837524,True,False,False,False
STRAIN_000090,3,GLOBAL_CONTIG,342,4,0.6477669477462769,0.35223305225372314,0.8393248319625854,True,False,False,False
STRAIN_000090,3,GLOBAL_CONTIG,442,5,0.6397173404693604,0.36028265953063965,0.8488611578941345,True,False,False,False
STRAIN_000091,3,GLOBAL_CONTIG,42,1,0.6045938730239868,0.3954061269760132,0.8892762064933777,True,False,False,False
STRAIN_000091,3,GLOBAL_CONTIG,142,2,0.6349934935569763,0.3650065064430237,0.8544080257415771,True,False,False,False
STRAIN_000091,3,GLOBAL_CONTIG,242,3,0.6001250743865967,0.3998749256134033,0.8942874073982239,True,False,False,False
STRAIN_000091,3,GLOBAL_CONTIG,342,4,0.5972965955734253,0.4027034044265747,0.8974446058273315,True,False,False,False
STRAIN_000091,3,GLOBAL_CONTIG,442,5,0.6092300415039062,0.39076995849609375,0.8840475082397461,True,False,False,False
STRAIN_000098,3,GLOBAL_CONTIG,42,1,0.5690680146217346,0.4309319853782654,0.9283662438392639,True,False,False,False
STRAIN_000098,3,GLOBAL_CONTIG,142,2,0.5423374176025391,0.45766258239746094,0.9567262530326843,True,False,False,False
STRAIN_000098,3,GLOBAL_CONTIG,242,3,0.6051726937294006,0.39482730627059937,0.8886251449584961,True,False,False,False
STRAIN_000098,3,GLOBAL_CONTIG,342,4,0.5664381980895996,0.4335618019104004,0.9311946034431458,True,False,False,False
STRAIN_000098,3,GLOBAL_CONTIG,442,5,0.6037330031394958,0.39626699686050415,0.8902437686920166,True,False,False,False
STRAIN_000101,3,GLOBAL_CONTIG,42,1,0.5593294501304626,0.44067054986953735,0.9387977123260498,True,False,False,False
STRAIN_000101,3,GLOBAL_CONTIG,142,2,0.5459489822387695,0.45405101776123047,0.9529439210891724,True,False,False,False
STRAIN_000101,3,GLOBAL_CONTIG,242,3,0.49166345596313477,0.5083365440368652,1.008302092552185,True,False,False,False
STRAIN_000101,3,GLOBAL_CONTIG,342,4,0.5461936593055725,0.4538063406944275,0.9526870846748352,True,False,False,False
STRAIN_000101,3,GLOBAL_CONTIG,442,5,0.5280106663703918,0.47198933362960815,0.9715856909751892,True,False,False,False
STRAIN_000105,3,GLOBAL_CONTIG,42,1,0.5630985498428345,0.4369014501571655,0.9347742199897766,True,False,False,False
STRAIN_000105,3,GLOBAL_CONTIG,142,2,0.559241771697998,0.44075822830200195,0.9388910531997681,True,False,False,False
STRAIN_000105,3,GLOBAL_CONTIG,242,3,0.5781304836273193,0.42186951637268066,0.9185526371002197,True,False,False,False
STRAIN_000105,3,GLOBAL_CONTIG,342,4,0.5962488651275635,0.4037511348724365,0.898611307144165,True,False,False,False
STRAIN_000105,3,GLOBAL_CONTIG,442,5,0.5734430551528931,0.42655694484710693,0.9236416220664978,True,False,False,False
STRAIN_000106,3,GLOBAL_CONTIG,42,1,0.6508534550666809,0.3491465449333191,0.8356394171714783,True,False,False,False
STRAIN_000106,3,GLOBAL_CONTIG,142,2,0.650564432144165,0.34943556785583496,0.8359850645065308,True,False,False,False
STRAIN_000106,3,GLOBAL_CONTIG,242,3,0.634507417678833,0.365492582321167,0.8549765944480896,True,False,False,False
STRAIN_000106,3,GLOBAL_CONTIG,342,4,0.6558970212936401,0.34410297870635986,0.8295817971229553,True,False,False,False
STRAIN_000106,3,GLOBAL_CONTIG,442,5,0.6395211219787598,0.36047887802124023,0.8490922451019287,True,False,False,False
STRAIN_000112,3,GLOBAL_CONTIG,42,1,0.5095605254173279,0.4904394745826721,0.990393340587616,True,False,False,False
STRAIN_000112,3,GLOBAL_CONTIG,142,2,0.5420977473258972,0.4579022526741028,0.9569767713546753,True,False,False,False
STRAIN_000112,3,GLOBAL_CONTIG,242,3,0.5418714284896851,0.45812857151031494,0.9572132229804993,True,False,False,False
STRAIN_000112,3,GLOBAL_CONTIG,342,4,0.5422893762588501,0.4577106237411499,0.95677649974823,True,False,False,False
STRAIN_000112,3,GLOBAL_CONTIG,442,5,0.4974423050880432,0.5025576949119568,1.0025545358657837,True,False,False,False
STRAIN_000119,3,GLOBAL_CONTIG,42,1,0.6085445284843445,0.3914554715156555,0.8848225474357605,True,False,False,False
STRAIN_000119,3,GLOBAL_CONTIG,142,2,0.6075059175491333,0.3924940824508667,0.885995626449585,True,False,False,False
STRAIN_000119,3,GLOBAL_CONTIG,242,3,0.5716633796691895,0.42833662033081055,0.9255664944648743,True,False,False,False
STRAIN_000119,3,GLOBAL_CONTIG,342,4,0.596424400806427,0.403575599193573,0.8984159231185913,True,False,False,False
STRAIN_000119,3,GLOBAL_CONTIG,442,5,0.5869337320327759,0.4130662679672241,0.9089183807373047,True,False,False,False
STRAIN_000121,3,GLOBAL_CONTIG,42,1,0.5466490387916565,0.4533509612083435,0.9522089958190918,True,False,False,False
STRAIN_000121,3,GLOBAL_CONTIG,142,2,0.5232543349266052,0.4767456650733948,0.9764688014984131,True,False,False,False
STRAIN_000121,3,GLOBAL_CONTIG,242,3,0.5314401388168335,0.4685598611831665,0.9680494666099548,True,False,False,False
STRAIN_000121,3,GLOBAL_CONTIG,342,4,0.5460696816444397,0.4539303183555603,0.9528172612190247,True,False,False,False
STRAIN_000121,3,GLOBAL_CONTIG,442,5,0.5480050444602966,0.45199495553970337,0.950783908367157,True,False,False,False
STRAIN_000124,3,GLOBAL_CONTIG,42,1,0.4442577660083771,0.5557422339916229,1.0542696714401245,True,False,False,False
STRAIN_000124,3,GLOBAL_CONTIG,142,2,0.4492430090904236,0.5507569909095764,1.0495303869247437,True,False,False,False
STRAIN_000124,3,GLOBAL_CONTIG,242,3,0.465567946434021,0.534432053565979,1.0338588953018188,True,False,False,False
STRAIN_000124,3,GLOBAL_CONTIG,342,4,0.4218127727508545,0.5781872272491455,1.0753484964370728,True,False,False,False
STRAIN_000124,3,GLOBAL_CONTIG,442,5,0.44853711128234863,0.5514628887176514,1.05020272731781,True,False,False,False
STRAIN_000126,3,GLOBAL_CONTIG,42,1,0.6003453135490417,0.39965468645095825,0.8940409421920776,True,False,False,False
STRAIN_000126,3,GLOBAL_CONTIG,142,2,0.609898030757904,0.39010196924209595,0.8832914233207703,True,False,False,False
STRAIN_000126,3,GLOBAL_CONTIG,242,3,0.5940494537353516,0.40595054626464844,0.9010555148124695,True,False,False,False
STRAIN_000126,3,GLOBAL_CONTIG,342,4,0.5578676462173462,0.4421323537826538,0.9403534531593323,True,False,False,False
STRAIN_000126,3,GLOBAL_CONTIG,442,5,0.6141752004623413,0.3858247995376587,0.8784357905387878,True,False,False,False
STRAIN_000130,3,GLOBAL_CONTIG,42,1,0.7041203379631042,0.29587966203689575,0.7692589163780212,True,False,False,False
STRAIN_000130,3,GLOBAL_CONTIG,142,2,0.6768907308578491,0.3231092691421509,0.8038771748542786,True,False,False,False
STRAIN_000130,3,GLOBAL_CONTIG,242,3,0.7102667093276978,0.28973329067230225,0.761227011680603,True,False,False,False
STRAIN_000130,3,GLOBAL_CONTIG,342,4,0.6999503970146179,0.3000496029853821,0.7746607065200806,True,False,False,False
STRAIN_000130,3,GLOBAL_CONTIG,442,5,0.6761540174484253,0.3238459825515747,0.804793119430542,True,False,False,False
STRAIN_000131,3,GLOBAL_CONTIG,42,1,0.6491178870201111,0.3508821129798889,0.8377135992050171,True,False,False,False
STRAIN_000131,3,GLOBAL_CONTIG,142,2,0.5979472398757935,0.40205276012420654,0.896719217300415,True,False,False,False
STRAIN_000131,3,GLOBAL_CONTIG,242,3,0.6307436227798462,0.3692563772201538,0.8593675494194031,True,False,False,False
STRAIN_000131,3,GLOBAL_CONTIG,342,4,0.619956374168396,0.380043625831604,0.8718297481536865,True,False,False,False
STRAIN_000131,3,GLOBAL_CONTIG,442,5,0.6464366316795349,0.3535633683204651,0.8409082293510437,True,False,False,False
STRAIN_000136,3,GLOBAL_CONTIG,42,1,0.8385869264602661,0.1614130735397339,0.5681778192520142,True,False,False,False
STRAIN_000136,3,GLOBAL_CONTIG,142,2,0.8275363445281982,0.17246365547180176,0.5873051881790161,True,False,False,False
STRAIN_000136,3,GLOBAL_CONTIG,242,3,0.8456663489341736,0.15433365106582642,0.5555782318115234,True,False,False,False
STRAIN_000136,3,GLOBAL_CONTIG,342,4,0.8333023190498352,0.1666976809501648,0.5774039030075073,True,False,False,False
STRAIN_000136,3,GLOBAL_CONTIG,442,5,0.8260481357574463,0.1739518642425537,0.589833676815033,True,False,False,False
STRAIN_000144,3,GLOBAL_CONTIG,42,1,0.5640260577201843,0.4359739422798157,0.9337815046310425,True,False,False,False
STRAIN_000144,3,GLOBAL_CONTIG,142,2,0.6159048080444336,0.3840951919555664,0.8764647841453552,True,False,False,False
STRAIN_000144,3,GLOBAL_CONTIG,242,3,0.5712171792984009,0.4287828207015991,0.9260483980178833,True,False,False,False
STRAIN_000144,3,GLOBAL_CONTIG,342,4,0.6022372245788574,0.3977627754211426,0.8919224143028259,True,False,False,False
STRAIN_000144,3,GLOBAL_CONTIG,442,5,0.5936681032180786,0.4063318967819214,0.9014785885810852,True,False,False,False
STRAIN_000147,3,GLOBAL_CONTIG,42,1,0.7934708595275879,0.2065291404724121,0.6426960825920105,True,False,False,False
STRAIN_000147,3,GLOBAL_CONTIG,142,2,0.7979470491409302,0.20205295085906982,0.6356931924819946,True,False,False,False
STRAIN_000147,3,GLOBAL_CONTIG,242,3,0.7958287000656128,0.2041712999343872,0.6390166878700256,True,False,False,False
STRAIN_000147,3,GLOBAL_CONTIG,342,4,0.8027603626251221,0.19723963737487793,0.6280757784843445,True,False,False,False
STRAIN_000147,3,GLOBAL_CONTIG,442,5,0.7963358759880066,0.2036641240119934,0.6382225751876831,True,False,False,False
STRAIN_000148,3,GLOBAL_CONTIG,42,1,0.7115899920463562,0.2884100079536438,0.7594867944717407,True,False,False,False
STRAIN_000148,3,GLOBAL_CONTIG,142,2,0.7189838886260986,0.28101611137390137,0.7496880888938904,True,False,False,False
STRAIN_000148,3,GLOBAL_CONTIG,242,3,0.7022399306297302,0.2977600693702698,0.7716994881629944,True,False,False,False
STRAIN_000148,3,GLOBAL_CONTIG,342,4,0.689464807510376,0.310535192489624,0.7880802750587463,True,False,False,False
STRAIN_000148,3,GLOBAL_CONTIG,442,5,0.7320570349693298,0.26794296503067017,0.7320422530174255,True,False,False,False
STRAIN_000150,3,GLOBAL_CONTIG,42,1,0.548359751701355,0.451640248298645,0.9504106640815735,True,False,False,False
STRAIN_000150,3,GLOBAL_CONTIG,142,2,0.5460873246192932,0.4539126753807068,0.9527986645698547,True,False,False,False
STRAIN_000150,3,GLOBAL_CONTIG,242,3,0.5182299613952637,0.48177003860473633,0.981600821018219,True,False,False,False
STRAIN_000150,3,GLOBAL_CONTIG,342,4,0.5252851247787476,0.47471487522125244,0.9743869304656982,True,False,False,False
STRAIN_000150,3,GLOBAL_CONTIG,442,5,0.5219408273696899,0.47805917263031006,0.9778131246566772,True,False,False,False
STRAIN_000151,3,GLOBAL_CONTIG,42,1,0.5604998469352722,0.4395001530647278,0.9375501871109009,True,False,False,False
STRAIN_000151,3,GLOBAL_CONTIG,142,2,0.5271052122116089,0.4728947877883911,0.972517192363739,True,False,False,False
STRAIN_000151,3,GLOBAL_CONTIG,242,3,0.568706214427948,0.431293785572052,0.9287559986114502,True,False,False,False
STRAIN_000151,3,GLOBAL_CONTIG,342,4,0.5360826849937439,0.4639173150062561,0.9632418155670166,True,False,False,False
STRAIN_000151,3,GLOBAL_CONTIG,442,5,0.5690568685531616,0.4309431314468384,0.9283783435821533,True,False,False,False
STRAIN_000152,3,GLOBAL_CONTIG,42,1,0.757217288017273,0.24278271198272705,0.6968252658843994,True,False,False,False
STRAIN_000152,3,GLOBAL_CONTIG,142,2,0.7942129373550415,0.2057870626449585,0.6415404081344604,True,False,False,False
STRAIN_000152,3,GLOBAL_CONTIG,242,3,0.7827954292297363,0.21720457077026367,0.6590972542762756,True,False,False,False
STRAIN_000152,3,GLOBAL_CONTIG,342,4,0.7658243179321289,0.2341756820678711,0.68436199426651,True,False,False,False
STRAIN_000152,3,GLOBAL_CONTIG,442,5,0.778384804725647,0.22161519527435303,0.6657553911209106,True,False,False,False
STRAIN_000153,3,GLOBAL_CONTIG,42,1,0.5847951173782349,0.41520488262176514,0.9112682938575745,True,False,False,False
STRAIN_000153,3,GLOBAL_CONTIG,142,2,0.5927649736404419,0.4072350263595581,0.9024799466133118,True,False,False,False
STRAIN_000153,3,GLOBAL_CONTIG,242,3,0.6079714298248291,0.3920285701751709,0.8854700326919556,True,False,False,False
STRAIN_000153,3,GLOBAL_CONTIG,342,4,0.5980028510093689,0.4019971489906311,0.8966572284698486,True,False,False,False
STRAIN_000153,3,GLOBAL_CONTIG,442,5,0.6378285884857178,0.3621714115142822,0.8510833382606506,True,False,False,False
STRAIN_000157,3,GLOBAL_CONTIG,42,1,0.5697445273399353,0.4302554726600647,0.9276372790336609,True,False,False,False
STRAIN_000157,3,GLOBAL_CONTIG,142,2,0.5938266515731812,0.40617334842681885,0.9013027548789978,True,False,False,False
STRAIN_000157,3,GLOBAL_CONTIG,242,3,0.6128635406494141,0.38713645935058594,0.8799278140068054,True,False,False,False
STRAIN_000157,3,GLOBAL_CONTIG,342,4,0.6196683645248413,0.3803316354751587,0.8721601366996765,True,False,False,False
STRAIN_000157,3,GLOBAL_CONTIG,442,5,0.5990403890609741,0.4009596109390259,0.8954993486404419,True,False,False,False
STRAIN_000169,3,GLOBAL_CONTIG,42,1,0.6330028176307678,0.3669971823692322,0.8567346930503845,True,False,False,False
STRAIN_000169,3,GLOBAL_CONTIG,142,2,0.5631248950958252,0.4368751049041748,0.9347460865974426,True,False,False,False
STRAIN_000169,3,GLOBAL_CONTIG,242,3,0.5979631543159485,0.4020368456840515,0.8967015743255615,True,False,False,False
STRAIN_000169,3,GLOBAL_CONTIG,342,4,0.6029819250106812,0.39701807498931885,0.8910871148109436,True,False,False,False
STRAIN_000169,3,GLOBAL_CONTIG,442,5,0.6166542768478394,0.38334572315216064,0.8756092190742493,True,False,False,False
STRAIN_000181,3,GLOBAL_CONTIG,42,1,0.5530664920806885,0.4469335079193115,0.9454454183578491,True,False,False,False
STRAIN_000181,3,GLOBAL_CONTIG,142,2,0.5071337223052979,0.49286627769470215,0.9928406476974487,True,False,False,False
STRAIN_000181,3,GLOBAL_CONTIG,242,3,0.4827241003513336,0.5172758996486664,1.0171291828155518,True,False,False,False
STRAIN_000181,3,GLOBAL_CONTIG,342,4,0.5491307377815247,0.45086926221847534,0.9495991468429565,True,False,False,False
STRAIN_000181,3,GLOBAL_CONTIG,442,5,0.533581018447876,0.466418981552124,0.965835452079773,True,False,False,False
STRAIN_000183,3,GLOBAL_CONTIG,42,1,0.5784531235694885,0.4215468764305115,0.9182013869285583,True,False,False,False
STRAIN_000183,3,GLOBAL_CONTIG,142,2,0.5493215918540955,0.45067840814590454,0.9493981599807739,True,False,False,False
STRAIN_000183,3,GLOBAL_CONTIG,242,3,0.5173913836479187,0.4826086163520813,0.9824547171592712,True,False,False,False
STRAIN_000183,3,GLOBAL_CONTIG,342,4,0.5573604106903076,0.4426395893096924,0.9408928155899048,True,False,False,False
STRAIN_000183,3,GLOBAL_CONTIG,442,5,0.59662926197052,0.40337073802948,0.8981878757476807,True,False,False,False
STRAIN_000188,3,GLOBAL_CONTIG,42,1,0.5989238023757935,0.40107619762420654,0.8956296443939209,True,False,False,False
STRAIN_000188,3,GLOBAL_CONTIG,142,2,0.6129713654518127,0.38702863454818726,0.879805326461792,True,False,False,False
STRAIN_000188,3,GLOBAL_CONTIG,242,3,0.600117027759552,0.399882972240448,0.8942963480949402,True,False,False,False
STRAIN_000188,3,GLOBAL_CONTIG,342,4,0.5716670751571655,0.4283329248428345,0.9255625605583191,True,False,False,False
STRAIN_000188,3,GLOBAL_CONTIG,442,5,0.5971612930297852,0.40283870697021484,0.8975954055786133,True,False,False,False
STRAIN_000189,3,GLOBAL_CONTIG,42,1,0.5854297876358032,0.4145702123641968,0.9105713963508606,True,False,False,False
STRAIN_000189,3,GLOBAL_CONTIG,142,2,0.5518075823783875,0.44819241762161255,0.9467759728431702,True,False,False,False
STRAIN_000189,3,GLOBAL_CONTIG,242,3,0.5718817710876465,0.4281182289123535,0.925330400466919,True,False,False,False
STRAIN_000189,3,GLOBAL_CONTIG,342,4,0.5770366191864014,0.42296338081359863,0.9197426438331604,True,False,False,False
STRAIN_000189,3,GLOBAL_CONTIG,442,5,0.6029014587402344,0.3970985412597656,0.8911773562431335,True,False,False,False
STRAIN_000193,3,GLOBAL_CONTIG,42,1,0.5554755926132202,0.4445244073867798,0.9428938627243042,True,False,False,False
STRAIN_000193,3,GLOBAL_CONTIG,142,2,0.5702138543128967,0.42978614568710327,0.9271312355995178,True,False,False,False
STRAIN_000193,3,GLOBAL_CONTIG,242,3,0.5748635530471802,0.4251364469528198,0.9221023917198181,True,False,False,False
STRAIN_000193,3,GLOBAL_CONTIG,342,4,0.5743368268013,0.42566317319869995,0.9226735234260559,True,False,False,False
STRAIN_000193,3,GLOBAL_CONTIG,442,5,0.5826939344406128,0.4173060655593872,0.9135710597038269,True,False,False,False
STRAIN_000204,3,GLOBAL_CONTIG,42,1,0.5907064080238342,0.40929359197616577,0.904758095741272,True,False,False,False
STRAIN_000204,3,GLOBAL_CONTIG,142,2,0.5719714164733887,0.42802858352661133,0.9252336025238037,True,False,False,False
STRAIN_000204,3,GLOBAL_CONTIG,242,3,0.5560991764068604,0.44390082359313965,0.9422323107719421,True,False,False,False
STRAIN_000204,3,GLOBAL_CONTIG,342,4,0.5610558390617371,0.43894416093826294,0.9369569420814514,True,False,False,False
STRAIN_000204,3,GLOBAL_CONTIG,442,5,0.5846982002258301,0.4153017997741699,0.911374568939209,True,False,False,False
STRAIN_000208,3,GLOBAL_CONTIG,42,1,0.6656315922737122,0.33436840772628784,0.8177633881568909,True,False,False,False
STRAIN_000208,3,GLOBAL_CONTIG,142,2,0.6470907926559448,0.3529092073440552,0.8401299715042114,True,False,False,False
STRAIN_000208,3,GLOBAL_CONTIG,242,3,0.6577100157737732,0.3422899842262268,0.8273935914039612,True,False,False,False
STRAIN_000208,3,GLOBAL_CONTIG,342,4,0.6892601251602173,0.3107398748397827,0.7883400321006775,True,False,False,False
STRAIN_000208,3,GLOBAL_CONTIG,442,5,0.6680462956428528,0.3319537043571472,0.8148051500320435,True,False,False,False
STRAIN_000209,3,GLOBAL_CONTIG,42,1,0.6291278600692749,0.3708721399307251,0.8612456917762756,True,False,False,False
STRAIN_000209,3,GLOBAL_CONTIG,142,2,0.6581583619117737,0.3418416380882263,0.8268513679504395,True,False,False,False
STRAIN_000209,3,GLOBAL_CONTIG,242,3,0.6407915353775024,0.35920846462249756,0.8475947380065918,True,False,False,False
STRAIN_000209,3,GLOBAL_CONTIG,342,4,0.6847686171531677,0.3152313828468323,0.7940167784690857,True,False,False,False
STRAIN_000209,3,GLOBAL_CONTIG,442,5,0.763683557510376,0.23631644248962402,0.6874828934669495,True,False,False,False
STRAIN_000211,3,GLOBAL_CONTIG,42,1,0.5814376473426819,0.4185623526573181,0.9149451851844788,True,False,False,False
STRAIN_000211,3,GLOBAL_CONTIG,142,2,0.6507561802864075,0.34924381971359253,0.8357557654380798,True,False,False,False
STRAIN_000211,3,GLOBAL_CONTIG,242,3,0.6111540794372559,0.38884592056274414,0.881868302822113,True,False,False,False
STRAIN_000211,3,GLOBAL_CONTIG,342,4,0.621658444404602,0.37834155559539795,0.8698753714561462,True,False,False,False
STRAIN_000211,3,GLOBAL_CONTIG,442,5,0.5995081067085266,0.4004918932914734,0.8949769139289856,True,False,False,False
STRAIN_000213,3,GLOBAL_CONTIG,42,1,0.6092365980148315,0.39076340198516846,0.8840400576591492,True,False,False,False
STRAIN_000213,3,GLOBAL_CONTIG,142,2,0.6258630156517029,0.3741369843482971,0.8650283217430115,True,False,False,False
STRAIN_000213,3,GLOBAL_CONTIG,242,3,0.5809304714202881,0.4190695285797119,0.9154992699623108,True,False,False,False
STRAIN_000213,3,GLOBAL_CONTIG,342,4,0.6229531764984131,0.3770468235015869,0.8683856725692749,True,False,False,False
STRAIN_000213,3,GLOBAL_CONTIG,442,5,0.6210516691207886,0.3789483308792114,0.870572566986084,True,False,False,False
STRAIN_000224,3,GLOBAL_CONTIG,42,1,0.6626800298690796,0.3373199701309204,0.8213647603988647,True,False,False,False
STRAIN_000224,3,GLOBAL_CONTIG,142,2,0.6598192453384399,0.34018075466156006,0.824840247631073,True,False,False,False
STRAIN_000224,3,GLOBAL_CONTIG,242,3,0.6693987846374512,0.33060121536254883,0.8131436109542847,True,False,False,False
STRAIN_000224,3,GLOBAL_CONTIG,342,4,0.656530499458313,0.343469500541687,0.8288179636001587,True,False,False,False
STRAIN_000224,3,GLOBAL_CONTIG,442,5,0.6961007714271545,0.30389922857284546,0.7796143889427185,True,False,False,False
STRAIN_000229,3,GLOBAL_CONTIG,42,1,0.6273786425590515,0.3726213574409485,0.863274335861206,True,False,False,False
STRAIN_000229,3,GLOBAL_CONTIG,142,2,0.6261909008026123,0.3738090991973877,0.8646491169929504,True,False,False,False
STRAIN_000229,3,GLOBAL_CONTIG,242,3,0.628095269203186,0.37190473079681396,0.862443745136261,True,False,False,False
STRAIN_000229,3,GLOBAL_CONTIG,342,4,0.6597806215286255,0.3402193784713745,0.8248870968818665,True,False,False,False
STRAIN_000229,3,GLOBAL_CONTIG,442,5,0.6068589687347412,0.3931410312652588,0.8867254257202148,True,False,False,False
STRAIN_000234,3,GLOBAL_CONTIG,42,1,0.6481517553329468,0.3518482446670532,0.8388662934303284,True,False,False,False
STRAIN_000234,3,GLOBAL_CONTIG,142,2,0.6215638518333435,0.3784361481666565,0.8699840307235718,True,False,False,False
STRAIN_000234,3,GLOBAL_CONTIG,242,3,0.6034688353538513,0.3965311646461487,0.8905404806137085,True,False,False,False
STRAIN_000234,3,GLOBAL_CONTIG,342,4,0.5903186798095703,0.4096813201904297,0.9051865339279175,True,False,False,False
STRAIN_000234,3,GLOBAL_CONTIG,442,5,0.595533549785614,0.404466450214386,0.8994070291519165,True,False,False,False
STRAIN_000247,3,GLOBAL_CONTIG,42,1,0.6638295650482178,0.3361704349517822,0.8199639320373535,True,False,False,False
STRAIN_000247,3,GLOBAL_CONTIG,142,2,0.7016738653182983,0.29832613468170166,0.7724326252937317,True,False,False,False
STRAIN_000247,3,GLOBAL_CONTIG,242,3,0.6294224262237549,0.3705775737762451,0.8609036803245544,True,False,False,False
STRAIN_000247,3,GLOBAL_CONTIG,342,4,0.658723771572113,0.34127622842788696,0.8261674046516418,True,False,False,False
STRAIN_000247,3,GLOBAL_CONTIG,442,5,0.6757873296737671,0.3242126703262329,0.8052486181259155,True,False,False,False
STRAIN_000248,3,GLOBAL_CONTIG,42,1,0.527656078338623,0.47234392166137695,0.9719504714012146,True,False,False,False
STRAIN_000248,3,GLOBAL_CONTIG,142,2,0.5384886860847473,0.4615113139152527,0.9607406258583069,True,False,False,False
STRAIN_000248,3,GLOBAL_CONTIG,242,3,0.5362577438354492,0.4637422561645508,0.9630599021911621,True,False,False,False
STRAIN_000248,3,GLOBAL_CONTIG,342,4,0.5603705048561096,0.4396294951438904,0.9376880526542664,True,False,False,False
STRAIN_000248,3,GLOBAL_CONTIG,442,5,0.5325751304626465,0.4674248695373535,0.966876208782196,True,False,False,False
STRAIN_000255,3,GLOBAL_CONTIG,42,1,0.6481246948242188,0.35187530517578125,0.8388985395431519,True,False,False,False
STRAIN_000255,3,GLOBAL_CONTIG,142,2,0.5955405235290527,0.40445947647094727,0.8993992209434509,True,False,False,False
STRAIN_000255,3,GLOBAL_CONTIG,242,3,0.6360008716583252,0.3639991283416748,0.8532281517982483,True,False,False,False
STRAIN_000255,3,GLOBAL_CONTIG,342,4,0.5865458250045776,0.41345417499542236,0.9093449711799622,True,False,False,False
STRAIN_000255,3,GLOBAL_CONTIG,442,5,0.5748507976531982,0.42514920234680176,0.9221162796020508,True,False,False,False
STRAIN_000262,3,GLOBAL_CONTIG,42,1,0.581218957901001,0.418781042098999,0.9151842594146729,True,False,False,False
STRAIN_000262,3,GLOBAL_CONTIG,142,2,0.6101915836334229,0.38980841636657715,0.8829591870307922,True,False,False,False
STRAIN_000262,3,GLOBAL_CONTIG,242,3,0.6228878498077393,0.37711215019226074,0.868461012840271,True,False,False,False
STRAIN_000262,3,GLOBAL_CONTIG,342,4,0.5543817281723022,0.44561827182769775,0.9440533518791199,True,False,False,False
STRAIN_000262,3,GLOBAL_CONTIG,442,5,0.5213654041290283,0.4786345958709717,0.9784013628959656,True,False,False,False
STRAIN_000263,3,GLOBAL_CONTIG,42,1,0.5557880997657776,0.4442119002342224,0.9425623416900635,True,False,False,False
STRAIN_000263,3,GLOBAL_CONTIG,142,2,0.573677659034729,0.426322340965271,0.9233875274658203,True,False,False,False
STRAIN_000263,3,GLOBAL_CONTIG,242,3,0.555820643901825,0.44417935609817505,0.9425277709960938,True,False,False,False
STRAIN_000263,3,GLOBAL_CONTIG,342,4,0.5773506760597229,0.4226493239402771,0.919401228427887,True,False,False,False
STRAIN_000263,3,GLOBAL_CONTIG,442,5,0.5771729350090027,0.4228270649909973,0.9195944666862488,True,False,False,False
STRAIN_000264,3,GLOBAL_CONTIG,42,1,0.48302391171455383,0.5169760882854462,1.0168343782424927,True,False,False,False
STRAIN_000264,3,GLOBAL_CONTIG,142,2,0.48912307620048523,0.5108769237995148,1.0108184814453125,True,False,False,False
STRAIN_000264,3,GLOBAL_CONTIG,242,3,0.45234835147857666,0.5476516485214233,1.046567440032959,True,False,False,False
STRAIN_000264,3,GLOBAL_CONTIG,342,4,0.4784432649612427,0.5215567350387573,1.0213292837142944,True,False,False,False
STRAIN_000264,3,GLOBAL_CONTIG,442,5,0.45172563195228577,0.5482743680477142,1.0471622943878174,True,False,False,False
STRAIN_000267,3,GLOBAL_CONTIG,42,1,0.5497506260871887,0.4502493739128113,0.9489461183547974,True,False,False,False
STRAIN_000267,3,GLOBAL_CONTIG,142,2,0.683870792388916,0.316129207611084,0.7951468825340271,True,False,False,False
STRAIN_000267,3,GLOBAL_CONTIG,242,3,0.49609819054603577,0.5039018094539642,1.0038942098617554,True,False,False,False
STRAIN_000267,3,GLOBAL_CONTIG,342,4,0.5289034843444824,0.4710965156555176,0.970666229724884,True,False,False,False
STRAIN_000267,3,GLOBAL_CONTIG,442,5,0.638403594493866,0.36159640550613403,0.8504075407981873,True,False,False,False
STRAIN_000273,3,GLOBAL_CONTIG,42,1,0.5960533618927002,0.4039466381072998,0.8988288640975952,True,False,False,False
STRAIN_000273,3,GLOBAL_CONTIG,142,2,0.6231805682182312,0.3768194317817688,0.8681237697601318,True,False,False,False
STRAIN_000273,3,GLOBAL_CONTIG,242,3,0.6125136017799377,0.38748639822006226,0.8803253769874573,True,False,False,False
STRAIN_000273,3,GLOBAL_CONTIG,342,4,0.6316038370132446,0.36839616298675537,0.858366072177887,True,False,False,False
STRAIN_000273,3,GLOBAL_CONTIG,442,5,0.596881628036499,0.403118371963501,0.8979067802429199,True,False,False,False
STRAIN_000274,3,GLOBAL_CONTIG,42,1,0.5893052816390991,0.4106947183609009,0.9063053727149963,True,False,False,False
STRAIN_000274,3,GLOBAL_CONTIG,142,2,0.6333368420600891,0.3666631579399109,0.8563447594642639,True,False,False,False
STRAIN_000274,3,GLOBAL_CONTIG,242,3,0.583845317363739,0.416154682636261,0.9123098850250244,True,False,False,False
STRAIN_000274,3,GLOBAL_CONTIG,342,4,0.6004221439361572,0.3995778560638428,0.8939550518989563,True,False,False,False
STRAIN_000274,3,GLOBAL_CONTIG,442,5,0.5668132305145264,0.43318676948547363,0.9307919144630432,True,False,False,False
STRAIN_000275,3,GLOBAL_CONTIG,42,1,0.5794962644577026,0.42050373554229736,0.9170646071434021,True,False,False,False
STRAIN_000275,3,GLOBAL_CONTIG,142,2,0.5795340538024902,0.42046594619750977,0.9170233011245728,True,False,False,False
STRAIN_000275,3,GLOBAL_CONTIG,242,3,0.6003402471542358,0.39965975284576416,0.8940466642379761,True,False,False,False
STRAIN_000275,3,GLOBAL_CONTIG,342,4,0.5647674798965454,0.4352325201034546,0.9329871535301208,True,False,False,False
STRAIN_000275,3,GLOBAL_CONTIG,442,5,0.6063952445983887,0.39360475540161133,0.8872482180595398,True,False,False,False
STRAIN_000281,3,GLOBAL_CONTIG,42,1,0.6934467554092407,0.3065532445907593,0.7830111980438232,True,False,False,False
STRAIN_000281,3,GLOBAL_CONTIG,142,2,0.6552002429962158,0.3447997570037842,0.8304213881492615,True,False,False,False
STRAIN_000281,3,GLOBAL_CONTIG,242,3,0.7095541954040527,0.29044580459594727,0.7621623873710632,True,False,False,False
STRAIN_000281,3,GLOBAL_CONTIG,342,4,0.7085682153701782,0.2914317846298218,0.7634551525115967,True,False,False,False
STRAIN_000281,3,GLOBAL_CONTIG,442,5,0.6899917125701904,0.31000828742980957,0.7874112725257874,True,False,False,False
STRAIN_000289,3,GLOBAL_CONTIG,42,1,0.7016695737838745,0.2983304262161255,0.7724382281303406,True,False,False,False
STRAIN_000289,3,GLOBAL_CONTIG,142,2,0.6707601547241211,0.3292398452758789,0.8114675879478455,True,False,False,False
STRAIN_000289,3,GLOBAL_CONTIG,242,3,0.6795940399169922,0.3204059600830078,0.8005072474479675,True,False,False,False
STRAIN_000289,3,GLOBAL_CONTIG,342,4,0.7170513868331909,0.2829486131668091,0.7522614002227783,True,False,False,False
STRAIN_000289,3,GLOBAL_CONTIG,442,5,0.7084934115409851,0.2915065884590149,0.7635530233383179,True,False,False,False
STRAIN_000299,3,GLOBAL_CONTIG,42,1,0.6819697618484497,0.3180302381515503,0.7975340485572815,True,False,False,False
STRAIN_000299,3,GLOBAL_CONTIG,142,2,0.6866098642349243,0.3133901357650757,0.7916946411132812,True,False,False,False
STRAIN_000299,3,GLOBAL_CONTIG,242,3,0.7130141258239746,0.2869858741760254,0.7576093077659607,True,False,False,False
STRAIN_000299,3,GLOBAL_CONTIG,342,4,0.6787064671516418,0.32129353284835815,0.801615297794342,True,False,False,False
STRAIN_000299,3,GLOBAL_CONTIG,442,5,0.7004044055938721,0.29959559440612793,0.774074375629425,True,False,False,False
STRAIN_000307,3,GLOBAL_CONTIG,42,1,0.5916719436645508,0.4083280563354492,0.9036903381347656,True,False,False,False
STRAIN_000307,3,GLOBAL_CONTIG,142,2,0.5921943187713623,0.4078056812286377,0.9031121730804443,True,False,False,False
STRAIN_000307,3,GLOBAL_CONTIG,242,3,0.5791994333267212,0.4208005666732788,0.9173882603645325,True,False,False,False
STRAIN_000307,3,GLOBAL_CONTIG,342,4,0.5982004404067993,0.4017995595932007,0.8964369893074036,True,False,False,False
STRAIN_000307,3,GLOBAL_CONTIG,442,5,0.5853550434112549,0.4146449565887451,0.9106536507606506,True,False,False,False
STRAIN_000319,3,GLOBAL_CONTIG,42,1,0.7019858360290527,0.29801416397094727,0.7720286250114441,True,False,False,False
STRAIN_000319,3,GLOBAL_CONTIG,142,2,0.7084388732910156,0.2915611267089844,0.7636244297027588,True,False,False,False
STRAIN_000319,3,GLOBAL_CONTIG,242,3,0.6857437491416931,0.3142562508583069,0.7927877306938171,True,False,False,False
STRAIN_000319,3,GLOBAL_CONTIG,342,4,0.6891278028488159,0.3108721971511841,0.7885076999664307,True,False,False,False
STRAIN_000319,3,GLOBAL_CONTIG,442,5,0.682593822479248,0.31740617752075195,0.7967510223388672,True,False,False,False
STRAIN_000320,3,GLOBAL_CONTIG,42,1,0.7280580997467041,0.2719419002532959,0.7374849319458008,True,False,False,False
STRAIN_000320,3,GLOBAL_CONTIG,142,2,0.7636351585388184,0.23636484146118164,0.687553346157074,True,False,False,False
STRAIN_000320,3,GLOBAL_CONTIG,242,3,0.7404731512069702,0.2595268487930298,0.7204537987709045,True,False,False,False
STRAIN_000320,3,GLOBAL_CONTIG,342,4,0.7317278385162354,0.26827216148376465,0.7324919104576111,True,False,False,False
STRAIN_000320,3,GLOBAL_CONTIG,442,5,0.7260770201683044,0.27392297983169556,0.7401661276817322,True,False,False,False
STRAIN_000324,3,GLOBAL_CONTIG,42,1,0.6949589252471924,0.3050410747528076,0.7810776233673096,True,False,False,False
STRAIN_000324,3,GLOBAL_CONTIG,142,2,0.7006572484970093,0.2993427515029907,0.7737478613853455,True,False,False,False
STRAIN_000324,3,GLOBAL_CONTIG,242,3,0.6792867183685303,0.3207132816314697,0.8008911609649658,True,False,False,False
STRAIN_000324,3,GLOBAL_CONTIG,342,4,0.6826825141906738,0.31731748580932617,0.7966398596763611,True,False,False,False
STRAIN_000324,3,GLOBAL_CONTIG,442,5,0.6658479571342468,0.3341520428657532,0.8174986243247986,True,False,False,False
STRAIN_000326,3,GLOBAL_CONTIG,42,1,0.642950177192688,0.357049822807312,0.8450440764427185,True,False,False,False
STRAIN_000326,3,GLOBAL_CONTIG,142,2,0.6998273134231567,0.30017268657684326,0.7748194336891174,True,False,False,False
STRAIN_000326,3,GLOBAL_CONTIG,242,3,0.6459674835205078,0.3540325164794922,0.8414660096168518,True,False,False,False
STRAIN_000326,3,GLOBAL_CONTIG,342,4,0.6139535903930664,0.3860464096069336,0.8786880373954773,True,False,False,False
STRAIN_000326,3,GLOBAL_CONTIG,442,5,0.6445328593254089,0.35546714067459106,0.843169093132019,True,False,False,False
STRAIN_000335,3,GLOBAL_CONTIG,42,1,0.6197103261947632,0.3802896738052368,0.8721119165420532,True,False,False,False
STRAIN_000335,3,GLOBAL_CONTIG,142,2,0.6056166291236877,0.39438337087631226,0.8881253600120544,True,False,False,False
STRAIN_000335,3,GLOBAL_CONTIG,242,3,0.6426220536231995,0.35737794637680054,0.845432460308075,True,False,False,False
STRAIN_000335,3,GLOBAL_CONTIG,342,4,0.6341901421546936,0.3658098578453064,0.8553478121757507,True,False,False,False
STRAIN_000335,3,GLOBAL_CONTIG,442,5,0.657446563243866,0.34255343675613403,0.8277118802070618,True,False,False,False
STRAIN_000350,3,GLOBAL_CONTIG,42,1,0.5716598033905029,0.42834019660949707,0.9255702495574951,True,False,False,False
STRAIN_000350,3,GLOBAL_CONTIG,142,2,0.5708039999008179,0.42919600009918213,0.9264944791793823,True,False,False,False
STRAIN_000350,3,GLOBAL_CONTIG,242,3,0.5685409307479858,0.43145906925201416,0.9289339184761047,True,False,False,False
STRAIN_000350,3,GLOBAL_CONTIG,342,4,0.5653983354568481,0.43460166454315186,0.9323107600212097,True,False,False,False
STRAIN_000350,3,GLOBAL_CONTIG,442,5,0.5725106596946716,0.42748934030532837,0.9246505498886108,True,False,False,False
STRAIN_000353,3,GLOBAL_CONTIG,42,1,0.6658093333244324,0.3341906666755676,0.8175458908081055,True,False,False,False
STRAIN_000353,3,GLOBAL_CONTIG,142,2,0.6934252977371216,0.3065747022628784,0.7830384969711304,True,False,False,False
STRAIN_000353,3,GLOBAL_CONTIG,242,3,0.6953197717666626,0.3046802282333374,0.7806153893470764,True,False,False,False
STRAIN_000353,3,GLOBAL_CONTIG,342,4,0.6989024877548218,0.3010975122451782,0.7760121822357178,True,False,False,False
STRAIN_000353,3,GLOBAL_CONTIG,442,5,0.6774498224258423,0.3225501775741577,0.8031813502311707,True,False,False,False
STRAIN_000357,3,GLOBAL_CONTIG,42,1,0.6904816031455994,0.30951839685440063,0.7867890000343323,True,False,False,False
STRAIN_000357,3,GLOBAL_CONTIG,142,2,0.6688230037689209,0.3311769962310791,0.8138513565063477,True,False,False,False
STRAIN_000357,3,GLOBAL_CONTIG,242,3,0.6641309261322021,0.33586907386779785,0.8195963501930237,True,False,False,False
STRAIN_000357,3,GLOBAL_CONTIG,342,4,0.6918835639953613,0.30811643600463867,0.7850050926208496,True,False,False,False
STRAIN_000357,3,GLOBAL_CONTIG,442,5,0.7214727401733398,0.27852725982666016,0.7463608980178833,True,False,False,False
STRAIN_000367,3,GLOBAL_CONTIG,42,1,0.5583003759384155,0.4416996240615845,0.9398931860923767,True,False,False,False
STRAIN_000367,3,GLOBAL_CONTIG,142,2,0.5574100017547607,0.44258999824523926,0.9408400654792786,True,False,False,False
STRAIN_000367,3,GLOBAL_CONTIG,242,3,0.5682406425476074,0.4317593574523926,0.9292570948600769,True,False,False,False
STRAIN_000367,3,GLOBAL_CONTIG,342,4,0.5802161693572998,0.4197838306427002,0.9162792563438416,True,False,False,False
STRAIN_000367,3,GLOBAL_CONTIG,442,5,0.6017534732818604,0.39824652671813965,0.8924645185470581,True,False,False,False
STRAIN_000375,3,GLOBAL_CONTIG,42,1,0.8252168893814087,0.1747831106185913,0.5912413001060486,True,False,False,False
STRAIN_000375,3,GLOBAL_CONTIG,142,2,0.8117861151695251,0.18821388483047485,0.613537073135376,True,False,False,False
STRAIN_000375,3,GLOBAL_CONTIG,242,3,0.8065997362136841,0.19340026378631592,0.6219328045845032,True,False,False,False
STRAIN_000375,3,GLOBAL_CONTIG,342,4,0.7998184561729431,0.20018154382705688,0.6327425837516785,True,False,False,False
STRAIN_000375,3,GLOBAL_CONTIG,442,5,0.8031951189041138,0.19680488109588623,0.627383291721344,True,False,False,False
STRAIN_000382,3,GLOBAL_CONTIG,42,1,0.696578860282898,0.30342113971710205,0.7790008187294006,True,False,False,False
STRAIN_000382,3,GLOBAL_CONTIG,142,2,0.7128860354423523,0.2871139645576477,0.7577783465385437,True,False,False,False
STRAIN_000382,3,GLOBAL_CONTIG,242,3,0.7167681455612183,0.28323185443878174,0.7526378631591797,True,False,False,False
STRAIN_000382,3,GLOBAL_CONTIG,342,4,0.7731677889823914,0.22683221101760864,0.6735460758209229,True,False,False,False
STRAIN_000382,3,GLOBAL_CONTIG,442,5,0.7379741668701172,0.2620258331298828,0.7239140272140503,True,False,False,False
STRAIN_000383,3,GLOBAL_CONTIG,42,1,0.6543231010437012,0.34567689895629883,0.8314768075942993,True,False,False,False
STRAIN_000383,3,GLOBAL_CONTIG,142,2,0.6961602568626404,0.3038397431373596,0.7795379161834717,True,False,False,False
STRAIN_000383,3,GLOBAL_CONTIG,242,3,0.6556180715560913,0.3443819284439087,0.829917848110199,True,False,False,False
STRAIN_000383,3,GLOBAL_CONTIG,342,4,0.6382306814193726,0.36176931858062744,0.8506106734275818,True,False,False,False
STRAIN_000383,3,GLOBAL_CONTIG,442,5,0.6547729969024658,0.3452270030975342,0.8309355974197388,True,False,False,False
STRAIN_000389,3,GLOBAL_CONTIG,42,1,0.6002600193023682,0.39973998069763184,0.8941364884376526,True,False,False,False
STRAIN_000389,3,GLOBAL_CONTIG,142,2,0.5666021108627319,0.43339788913726807,0.9310187697410583,True,False,False,False
STRAIN_000389,3,GLOBAL_CONTIG,242,3,0.5884803533554077,0.4115196466445923,0.9072151780128479,True,False,False,False
STRAIN_000389,3,GLOBAL_CONTIG,342,4,0.5773886442184448,0.4226113557815552,0.9193599820137024,True,False,False,False
STRAIN_000389,3,GLOBAL_CONTIG,442,5,0.5918398499488831,0.40816015005111694,0.9035045504570007,True,False,False,False
STRAIN_000401,3,GLOBAL_CONTIG,42,1,0.6713303327560425,0.3286696672439575,0.810764729976654,True,False,False,False
STRAIN_000401,3,GLOBAL_CONTIG,142,2,0.6631661653518677,0.3368338346481323,0.820772647857666,True,False,False,False
STRAIN_000401,3,GLOBAL_CONTIG,242,3,0.6748422980308533,0.32515770196914673,0.8064213991165161,True,False,False,False
STRAIN_000401,3,GLOBAL_CONTIG,342,4,0.6823920011520386,0.3176079988479614,0.7970045208930969,True,False,False,False
STRAIN_000401,3,GLOBAL_CONTIG,442,5,0.6862252354621887,0.3137747645378113,0.7921802997589111,True,False,False,False
STRAIN_000402,3,GLOBAL_CONTIG,42,1,0.7347211837768555,0.26527881622314453,0.7283937931060791,True,False,False,False
STRAIN_000402,3,GLOBAL_CONTIG,142,2,0.7005308270454407,0.2994691729545593,0.7739110589027405,True,False,False,False
STRAIN_000402,3,GLOBAL_CONTIG,242,3,0.6971076726913452,0.3028923273086548,0.7783216834068298,True,False,False,False
STRAIN_000402,3,GLOBAL_CONTIG,342,4,0.7199229001998901,0.28007709980010986,0.7484344244003296,True,False,False,False
STRAIN_000402,3,GLOBAL_CONTIG,442,5,0.7085309028625488,0.29146909713745117,0.7635037899017334,True,False,False,False
STRAIN_000419,3,GLOBAL_CONTIG,42,1,0.546299159526825,0.45370084047317505,0.9525762796401978,True,False,False,False
STRAIN_000419,3,GLOBAL_CONTIG,142,2,0.5629332661628723,0.4370667338371277,0.9349510073661804,True,False,False,False
STRAIN_000419,3,GLOBAL_CONTIG,242,3,0.5594385266304016,0.4405614733695984,0.9386814832687378,True,False,False,False
STRAIN_000419,3,GLOBAL_CONTIG,342,4,0.5263471007347107,0.4736528992652893,0.9732963442802429,True,False,False,False
STRAIN_000419,3,GLOBAL_CONTIG,442,5,0.5555959939956665,0.4444040060043335,0.9427661299705505,True,False,False,False
STRAIN_000421,3,GLOBAL_CONTIG,42,1,0.5003752708435059,0.49962472915649414,0.9996246695518494,True,False,False,False
STRAIN_000421,3,GLOBAL_CONTIG,142,2,0.45749181509017944,0.5425081849098206,1.0416412353515625,True,False,False,False
STRAIN_000421,3,GLOBAL_CONTIG,242,3,0.4530775845050812,0.5469224154949188,1.0458704233169556,True,False,False,False
STRAIN_000421,3,GLOBAL_CONTIG,342,4,0.48572537302970886,0.5142746269702911,1.014174222946167,True,False,False,False
STRAIN_000421,3,GLOBAL_CONTIG,442,5,0.4910258650779724,0.5089741349220276,1.0089342594146729,True,False,False,False
STRAIN_000428,3,GLOBAL_CONTIG,42,1,0.6449372172355652,0.3550627827644348,0.8426895141601562,True,False,False,False
STRAIN_000428,3,GLOBAL_CONTIG,142,2,0.6715640425682068,0.3284359574317932,0.8104763627052307,True,False,False,False
STRAIN_000428,3,GLOBAL_CONTIG,242,3,0.6363111138343811,0.3636888861656189,0.8528643846511841,True,False,False,False
STRAIN_000428,3,GLOBAL_CONTIG,342,4,0.6224043965339661,0.37759560346603394,0.8690173625946045,True,False,False,False
STRAIN_000428,3,GLOBAL_CONTIG,442,5,0.6490309238433838,0.3509690761566162,0.837817370891571,True,False,False,False
STRAIN_000431,3,GLOBAL_CONTIG,42,1,0.6199077367782593,0.3800922632217407,0.8718855977058411,True,False,False,False
STRAIN_000431,3,GLOBAL_CONTIG,142,2,0.5846412181854248,0.4153587818145752,0.9114370346069336,True,False,False,False
STRAIN_000431,3,GLOBAL_CONTIG,242,3,0.5846430659294128,0.41535693407058716,0.911435067653656,True,False,False,False
STRAIN_000431,3,GLOBAL_CONTIG,342,4,0.5917720198631287,0.40822798013687134,0.9035794734954834,True,False,False,False
STRAIN_000431,3,GLOBAL_CONTIG,442,5,0.6069239377975464,0.3930760622024536,0.8866521716117859,True,False,False,False
STRAIN_000445,3,GLOBAL_CONTIG,42,1,0.5939443707466125,0.40605562925338745,0.9011721611022949,True,False,False,False
STRAIN_000445,3,GLOBAL_CONTIG,142,2,0.6168034076690674,0.3831965923309326,0.875438928604126,True,False,False,False
STRAIN_000445,3,GLOBAL_CONTIG,242,3,0.5958766341209412,0.40412336587905884,0.899025559425354,True,False,False,False
STRAIN_000445,3,GLOBAL_CONTIG,342,4,0.5863201022148132,0.41367989778518677,0.9095932245254517,True,False,False,False
STRAIN_000445,3,GLOBAL_CONTIG,442,5,0.6251445412635803,0.3748554587364197,0.8658584952354431,True,False,False,False
STRAIN_000446,3,GLOBAL_CONTIG,42,1,0.7180625200271606,0.28193747997283936,0.7509161233901978,True,False,False,False
STRAIN_000446,3,GLOBAL_CONTIG,142,2,0.6826604604721069,0.31733953952789307,0.7966674566268921,True,False,False,False
STRAIN_000446,3,GLOBAL_CONTIG,242,3,0.6879692077636719,0.3120307922363281,0.789975643157959,True,False,False,False
STRAIN_000446,3,GLOBAL_CONTIG,342,4,0.7168547511100769,0.2831452488899231,0.7525227665901184,True,False,False,False
STRAIN_000446,3,GLOBAL_CONTIG,442,5,0.7156133651733398,0.28438663482666016,0.7541705965995789,True,False,False,False
STRAIN_000447,3,GLOBAL_CONTIG,42,1,0.5239838361740112,0.47601616382598877,0.9757214188575745,True,False,False,False
STRAIN_000447,3,GLOBAL_CONTIG,142,2,0.519493043422699,0.480506956577301,0.9803131818771362,True,False,False,False
STRAIN_000447,3,GLOBAL_CONTIG,242,3,0.507801353931427,0.492198646068573,0.9921678900718689,True,False,False,False
STRAIN_000447,3,GLOBAL_CONTIG,342,4,0.5219131708145142,0.47808682918548584,0.9778412580490112,True,False,False,False
STRAIN_000447,3,GLOBAL_CONTIG,442,5,0.5177271962165833,0.48227280378341675,0.9821128845214844,True,False,False,False
STRAIN_000449,3,GLOBAL_CONTIG,42,1,0.5827716588973999,0.4172283411026001,0.9134859442710876,True,False,False,False
STRAIN_000449,3,GLOBAL_CONTIG,142,2,0.550977349281311,0.44902265071868896,0.9476525783538818,True,False,False,False
STRAIN_000449,3,GLOBAL_CONTIG,242,3,0.5508671402931213,0.44913285970687866,0.9477688074111938,True,False,False,False
STRAIN_000449,3,GLOBAL_CONTIG,342,4,0.5745924711227417,0.4254075288772583,0.9223964214324951,True,False,False,False
STRAIN_000449,3,GLOBAL_CONTIG,442,5,0.6150742769241333,0.3849257230758667,0.8774117827415466,True,False,False,False
STRAIN_000450,3,GLOBAL_CONTIG,42,1,0.5822820663452148,0.41771793365478516,0.9140217304229736,True,False,False,False
STRAIN_000450,3,GLOBAL_CONTIG,142,2,0.613396167755127,0.38660383224487305,0.8793221116065979,True,False,False,False
STRAIN_000450,3,GLOBAL_CONTIG,242,3,0.5966187119483948,0.4033812880516052,0.8981996178627014,True,False,False,False
STRAIN_000450,3,GLOBAL_CONTIG,342,4,0.5584405660629272,0.44155943393707275,0.9397441148757935,True,False,False,False
STRAIN_000450,3,GLOBAL_CONTIG,442,5,0.5732276439666748,0.4267723560333252,0.9238749146461487,True,False,False,False
STRAIN_000455,3,GLOBAL_CONTIG,42,1,0.6214592456817627,0.3785407543182373,0.8701043725013733,True,False,False,False
STRAIN_000455,3,GLOBAL_CONTIG,142,2,0.614893913269043,0.38510608673095703,0.8776174187660217,True,False,False,False
STRAIN_000455,3,GLOBAL_CONTIG,242,3,0.6036058664321899,0.39639413356781006,0.8903865814208984,True,False,False,False
STRAIN_000455,3,GLOBAL_CONTIG,342,4,0.6342548727989197,0.3657451272010803,0.855272114276886,True,False,False,False
STRAIN_000455,3,GLOBAL_CONTIG,442,5,0.6255278587341309,0.37447214126586914,0.8654156923294067,True,False,False,False
STRAIN_000457,3,GLOBAL_CONTIG,42,1,0.5453827977180481,0.4546172022819519,0.9535377621650696,True,False,False,False
STRAIN_000457,3,GLOBAL_CONTIG,142,2,0.5434659123420715,0.45653408765792847,0.9555460214614868,True,False,False,False
STRAIN_000457,3,GLOBAL_CONTIG,242,3,0.5494576096534729,0.4505423903465271,0.9492548704147339,True,False,False,False
STRAIN_000457,3,GLOBAL_CONTIG,342,4,0.5654155611991882,0.43458443880081177,0.9322922825813293,True,False,False,False
STRAIN_000457,3,GLOBAL_CONTIG,442,5,0.5521354079246521,0.4478645920753479,0.9464297294616699,True,False,False,False
STRAIN_000458,3,GLOBAL_CONTIG,42,1,0.6519602537155151,0.34803974628448486,0.834313690662384,True,False,False,False
STRAIN_000458,3,GLOBAL_CONTIG,142,2,0.6493013501167297,0.35069864988327026,0.8374946713447571,True,False,False,False
STRAIN_000458,3,GLOBAL_CONTIG,242,3,0.6461218595504761,0.3538781404495239,0.8412826061248779,True,False,False,False
STRAIN_000458,3,GLOBAL_CONTIG,342,4,0.6444000005722046,0.3555999994277954,0.8433266878128052,True,False,False,False
STRAIN_000458,3,GLOBAL_CONTIG,442,5,0.6205007433891296,0.37949925661087036,0.8712051510810852,True,False,False,False
STRAIN_000459,3,GLOBAL_CONTIG,42,1,0.618375301361084,0.381624698638916,0.8736415505409241,True,False,False,False
STRAIN_000459,3,GLOBAL_CONTIG,142,2,0.5859811902046204,0.41401880979537964,0.9099658131599426,True,False,False,False
STRAIN_000459,3,GLOBAL_CONTIG,242,3,0.5941554307937622,0.4058445692062378,0.9009379744529724,True,False,False,False
STRAIN_000459,3,GLOBAL_CONTIG,342,4,0.5955224633216858,0.4044775366783142,0.8994194269180298,True,False,False,False
STRAIN_000459,3,GLOBAL_CONTIG,442,5,0.5727698802947998,0.4272301197052002,0.924370288848877,True,False,False,False
STRAIN_000460,3,GLOBAL_CONTIG,42,1,0.6054204702377319,0.39457952976226807,0.8883461356163025,True,False,False,False
STRAIN_000460,3,GLOBAL_CONTIG,142,2,0.6009916067123413,0.3990083932876587,0.8933177590370178,True,False,False,False
STRAIN_000460,3,GLOBAL_CONTIG,242,3,0.6309832334518433,0.36901676654815674,0.8590887188911438,True,False,False,False
STRAIN_000460,3,GLOBAL_CONTIG,342,4,0.6052931547164917,0.3947068452835083,0.8884894847869873,True,False,False,False
STRAIN_000460,3,GLOBAL_CONTIG,442,5,0.6104037761688232,0.38959622383117676,0.8827188014984131,True,False,False,False
STRAIN_000461,3,GLOBAL_CONTIG,42,1,0.6019535064697266,0.39804649353027344,0.8922404050827026,True,False,False,False
STRAIN_000461,3,GLOBAL_CONTIG,142,2,0.5933195352554321,0.40668046474456787,0.9018652439117432,True,False,False,False
STRAIN_000461,3,GLOBAL_CONTIG,242,3,0.5824360251426697,0.4175639748573303,0.9138532876968384,True,False,False,False
STRAIN_000461,3,GLOBAL_CONTIG,342,4,0.5748233795166016,0.42517662048339844,0.9221459031105042,True,False,False,False
STRAIN_000461,3,GLOBAL_CONTIG,442,5,0.5643112063407898,0.4356887936592102,0.9334760308265686,True,False,False,False
STRAIN_000462,3,GLOBAL_CONTIG,42,1,0.5659564733505249,0.4340435266494751,0.9317118525505066,True,False,False,False
STRAIN_000462,3,GLOBAL_CONTIG,142,2,0.5493316650390625,0.4506683349609375,0.9493876099586487,True,False,False,False
STRAIN_000462,3,GLOBAL_CONTIG,242,3,0.5444096326828003,0.4555903673171997,0.9545578956604004,True,False,False,False
STRAIN_000462,3,GLOBAL_CONTIG,342,4,0.5550718903541565,0.4449281096458435,0.943321943283081,True,False,False,False
STRAIN_000462,3,GLOBAL_CONTIG,442,5,0.578742504119873,0.42125749588012695,0.9178862571716309,True,False,False,False
STRAIN_000463,3,GLOBAL_CONTIG,42,1,0.6392433643341064,0.36075663566589355,0.849419355392456,True,False,False,False
STRAIN_000463,3,GLOBAL_CONTIG,142,2,0.6577969789505005,0.3422030210494995,0.8272883892059326,True,False,False,False
STRAIN_000463,3,GLOBAL_CONTIG,242,3,0.6642121076583862,0.33578789234161377,0.8194973468780518,True,False,False,False
STRAIN_000463,3,GLOBAL_CONTIG,342,4,0.6460399627685547,0.3539600372314453,0.8413798809051514,True,False,False,False
STRAIN_000463,3,GLOBAL_CONTIG,442,5,0.6376215815544128,0.36237841844558716,0.851326584815979,True,False,False,False
STRAIN_000464,3,GLOBAL_CONTIG,42,1,0.5391964912414551,0.4608035087585449,0.960003674030304,True,False,False,False
STRAIN_000464,3,GLOBAL_CONTIG,142,2,0.582578182220459,0.417421817779541,0.9136978387832642,True,False,False,False
STRAIN_000464,3,GLOBAL_CONTIG,242,3,0.5946630239486694,0.40533697605133057,0.9003744125366211,True,False,False,False
STRAIN_000464,3,GLOBAL_CONTIG,342,4,0.5628427863121033,0.43715721368789673,0.9350478053092957,True,False,False,False
STRAIN_000464,3,GLOBAL_CONTIG,442,5,0.5831668972969055,0.4168331027030945,0.9130533337593079,True,False,False,False
STRAIN_000465,3,GLOBAL_CONTIG,42,1,0.6123079657554626,0.38769203424453735,0.880558967590332,True,False,False,False
STRAIN_000465,3,GLOBAL_CONTIG,142,2,0.642376720905304,0.35762327909469604,0.845722496509552,True,False,False,False
STRAIN_000465,3,GLOBAL_CONTIG,242,3,0.6902886629104614,0.3097113370895386,0.7870341539382935,True,False,False,False
STRAIN_000465,3,GLOBAL_CONTIG,342,4,0.6599905490875244,0.3400094509124756,0.8246325254440308,True,False,False,False
STRAIN_000465,3,GLOBAL_CONTIG,442,5,0.6406805515289307,0.35931944847106934,0.8477257490158081,True,False,False,False
STRAIN_000466,3,GLOBAL_CONTIG,42,1,0.5829417109489441,0.4170582890510559,0.9132997393608093,True,False,False,False
STRAIN_000466,3,GLOBAL_CONTIG,142,2,0.6009217500686646,0.39907824993133545,0.8933961391448975,True,False,False,False
STRAIN_000466,3,GLOBAL_CONTIG,242,3,0.6349804401397705,0.3650195598602295,0.8544232249259949,True,False,False,False
STRAIN_000466,3,GLOBAL_CONTIG,342,4,0.5883221626281738,0.41167783737182617,0.9073894023895264,True,False,False,False
STRAIN_000466,3,GLOBAL_CONTIG,442,5,0.5627644062042236,0.43723559379577637,0.9351314902305603,True,False,False,False
STRAIN_000467,3,GLOBAL_CONTIG,42,1,0.6328462362289429,0.36715376377105713,0.8569173812866211,True,False,False,False
STRAIN_000467,3,GLOBAL_CONTIG,142,2,0.6411745548248291,0.3588254451751709,0.84714275598526,True,False,False,False
STRAIN_000467,3,GLOBAL_CONTIG,242,3,0.6259071826934814,0.37409281730651855,0.8649771809577942,True,False,False,False
STRAIN_000467,3,GLOBAL_CONTIG,342,4,0.6190022826194763,0.3809977173805237,0.8729234337806702,True,False,False,False
STRAIN_000467,3,GLOBAL_CONTIG,442,5,0.5967039465904236,0.4032960534095764,0.8981046676635742,True,False,False,False
STRAIN_000468,3,GLOBAL_CONTIG,42,1,0.5773671269416809,0.4226328730583191,0.9193833470344543,True,False,False,False
STRAIN_000468,3,GLOBAL_CONTIG,142,2,0.6384222507476807,0.36157774925231934,0.8503856062889099,True,False,False,False
STRAIN_000468,3,GLOBAL_CONTIG,242,3,0.6278008818626404,0.3721991181373596,0.8627852201461792,True,False,False,False
STRAIN_000468,3,GLOBAL_CONTIG,342,4,0.5960807800292969,0.4039192199707031,0.8987982869148254,True,False,False,False
STRAIN_000468,3,GLOBAL_CONTIG,442,5,0.5872210264205933,0.41277897357940674,0.908602237701416,True,False,False,False
STRAIN_000469,3,GLOBAL_CONTIG,42,1,0.6188899874687195,0.3811100125312805,0.873052179813385,True,False,False,False
STRAIN_000469,3,GLOBAL_CONTIG,142,2,0.6164808869361877,0.38351911306381226,0.8758072257041931,True,False,False,False
STRAIN_000469,3,GLOBAL_CONTIG,242,3,0.6125367879867554,0.38746321201324463,0.8802991509437561,True,False,False,False
STRAIN_000469,3,GLOBAL_CONTIG,342,4,0.6390172243118286,0.3609827756881714,0.849685549736023,True,False,False,False
STRAIN_000469,3,GLOBAL_CONTIG,442,5,0.6253635883331299,0.3746364116668701,0.8656054139137268,True,False,False,False
STRAIN_000477,3,GLOBAL_CONTIG,42,1,0.5852958559989929,0.4147041440010071,0.9107185006141663,True,False,False,False
STRAIN_000477,3,GLOBAL_CONTIG,142,2,0.6006938219070435,0.39930617809295654,0.8936511278152466,True,False,False,False
STRAIN_000477,3,GLOBAL_CONTIG,242,3,0.552666425704956,0.44733357429504395,0.9458684921264648,True,False,False,False
STRAIN_000477,3,GLOBAL_CONTIG,342,4,0.5943206548690796,0.4056793451309204,0.900754451751709,True,False,False,False
STRAIN_000477,3,GLOBAL_CONTIG,442,5,0.6056345701217651,0.39436542987823486,0.8881052732467651,True,False,False,False
STRAIN_000478,3,GLOBAL_CONTIG,42,1,0.5025317668914795,0.4974682331085205,0.9974649548530579,True,False,False,False
STRAIN_000478,3,GLOBAL_CONTIG,142,2,0.4931977093219757,0.5068022906780243,1.0067791938781738,True,False,False,False
STRAIN_000478,3,GLOBAL_CONTIG,242,3,0.5280051231384277,0.47199487686157227,0.9715913534164429,True,False,False,False
STRAIN_000478,3,GLOBAL_CONTIG,342,4,0.5146917700767517,0.4853082299232483,0.9851985573768616,True,False,False,False
STRAIN_000478,3,GLOBAL_CONTIG,442,5,0.5296847224235535,0.47031527757644653,0.9698610305786133,True,False,False,False
STRAIN_000494,3,GLOBAL_CONTIG,42,1,0.5963523387908936,0.40364766120910645,0.898496150970459,True,False,False,False
STRAIN_000494,3,GLOBAL_CONTIG,142,2,0.6045708656311035,0.3954291343688965,0.8893021941184998,True,False,False,False
STRAIN_000494,3,GLOBAL_CONTIG,242,3,0.6220258474349976,0.37797415256500244,0.869452953338623,True,False,False,False
STRAIN_000494,3,GLOBAL_CONTIG,342,4,0.5645818114280701,0.43541818857192993,0.9331862330436707,True,False,False,False
STRAIN_000494,3,GLOBAL_CONTIG,442,5,0.582156240940094,0.417843759059906,0.9141594767570496,True,False,False,False
STRAIN_000503,3,GLOBAL_CONTIG,42,1,0.5539637804031372,0.4460362195968628,0.9444959163665771,True,False,False,False
STRAIN_000503,3,GLOBAL_CONTIG,142,2,0.5192669630050659,0.4807330369949341,0.9805437326431274,True,False,False,False
STRAIN_000503,3,GLOBAL_CONTIG,242,3,0.5332902669906616,0.4667097330093384,0.9661363363265991,True,False,False,False
STRAIN_000503,3,GLOBAL_CONTIG,342,4,0.5476461052894592,0.45235389471054077,0.95116126537323,True,False,False,False
STRAIN_000503,3,GLOBAL_CONTIG,442,5,0.530403733253479,0.469596266746521,0.9691194891929626,True,False,False,False
STRAIN_000506,3,GLOBAL_CONTIG,42,1,0.6066416501998901,0.39335834980010986,0.886970579624176,True,False,False,False
STRAIN_000506,3,GLOBAL_CONTIG,142,2,0.5949065685272217,0.4050934314727783,0.9001038074493408,True,False,False,False
STRAIN_000506,3,GLOBAL_CONTIG,242,3,0.605317234992981,0.39468276500701904,0.8884623646736145,True,False,False,False
STRAIN_000506,3,GLOBAL_CONTIG,342,4,0.6137807369232178,0.3862192630767822,0.8788849115371704,True,False,False,False
STRAIN_000506,3,GLOBAL_CONTIG,442,5,0.6143176555633545,0.3856823444366455,0.8782737255096436,True,False,False,False
STRAIN_000507,3,GLOBAL_CONTIG,42,1,0.6443206071853638,0.35567939281463623,0.8434209823608398,True,False,False,False
STRAIN_000507,3,GLOBAL_CONTIG,142,2,0.6895828247070312,0.31041717529296875,0.7879304885864258,True,False,False,False
STRAIN_000507,3,GLOBAL_CONTIG,242,3,0.6628520488739014,0.33714795112609863,0.8211551904678345,True,False,False,False
STRAIN_000507,3,GLOBAL_CONTIG,342,4,0.6954754590988159,0.3045245409011841,0.7804160714149475,True,False,False,False
STRAIN_000507,3,GLOBAL_CONTIG,442,5,0.6594465970993042,0.3405534029006958,0.8252919912338257,True,False,False,False
STRAIN_000516,3,GLOBAL_CONTIG,42,1,0.687731146812439,0.31226885318756104,0.7902770042419434,True,False,False,False
STRAIN_000516,3,GLOBAL_CONTIG,142,2,0.7118664383888245,0.28813356161117554,0.7591226100921631,True,False,False,False
STRAIN_000516,3,GLOBAL_CONTIG,242,3,0.673535943031311,0.32646405696868896,0.8080397844314575,True,False,False,False
STRAIN_000516,3,GLOBAL_CONTIG,342,4,0.6680688858032227,0.33193111419677734,0.8147773742675781,True,False,False,False
STRAIN_000516,3,GLOBAL_CONTIG,442,5,0.7041807174682617,0.2958192825317383,0.7691804766654968,True,False,False,False
STRAIN_000520,3,GLOBAL_CONTIG,42,1,0.6060863733291626,0.3939136266708374,0.8875964283943176,True,False,False,False
STRAIN_000520,3,GLOBAL_CONTIG,142,2,0.6160465478897095,0.3839534521102905,0.8763030171394348,True,False,False,False
STRAIN_000520,3,GLOBAL_CONTIG,242,3,0.5911954641342163,0.4088045358657837,0.9042174220085144,True,False,False,False
STRAIN_000520,3,GLOBAL_CONTIG,342,4,0.6153781414031982,0.38462185859680176,0.8770654201507568,True,False,False,False
STRAIN_000520,3,GLOBAL_CONTIG,442,5,0.5819704532623291,0.4180295467376709,0.9143626689910889,True,False,False,False
STRAIN_000521,3,GLOBAL_CONTIG,42,1,0.6105074286460876,0.38949257135391235,0.8826014399528503,True,False,False,False
STRAIN_000521,3,GLOBAL_CONTIG,142,2,0.5889217853546143,0.41107821464538574,0.9067283868789673,True,False,False,False
STRAIN_000521,3,GLOBAL_CONTIG,242,3,0.633274495601654,0.36672550439834595,0.8564176559448242,True,False,False,False
STRAIN_000521,3,GLOBAL_CONTIG,342,4,0.6335015892982483,0.3664984107017517,0.8561524152755737,True,False,False,False
STRAIN_000521,3,GLOBAL_CONTIG,442,5,0.5819936990737915,0.4180063009262085,0.9143372178077698,True,False,False,False
STRAIN_000524,3,GLOBAL_CONTIG,42,1,0.6098477840423584,0.3901522159576416,0.8833484649658203,True,False,False,False
STRAIN_000524,3,GLOBAL_CONTIG,142,2,0.5834583640098572,0.4165416359901428,0.9127339720726013,True,False,False,False
STRAIN_000524,3,GLOBAL_CONTIG,242,3,0.5916361808776855,0.40836381912231445,0.9037297964096069,True,False,False,False
STRAIN_000524,3,GLOBAL_CONTIG,342,4,0.584317684173584,0.415682315826416,0.911791980266571,True,False,False,False
STRAIN_000524,3,GLOBAL_CONTIG,442,5,0.5674213171005249,0.4325786828994751,0.9301384091377258,True,False,False,False
STRAIN_000529,3,GLOBAL_CONTIG,42,1,0.6453694105148315,0.35463058948516846,0.8421764373779297,True,False,False,False
STRAIN_000529,3,GLOBAL_CONTIG,142,2,0.6560097336769104,0.3439902663230896,0.8294458389282227,True,False,False,False
STRAIN_000529,3,GLOBAL_CONTIG,242,3,0.6654665470123291,0.3345334529876709,0.8179649710655212,True,False,False,False
STRAIN_000529,3,GLOBAL_CONTIG,342,4,0.6691282391548157,0.3308717608451843,0.8134762048721313,True,False,False,False
STRAIN_000529,3,GLOBAL_CONTIG,442,5,0.6608108282089233,0.33918917179107666,0.8236373662948608,True,False,False,False
STRAIN_000536,3,GLOBAL_CONTIG,42,1,0.6020902395248413,0.3979097604751587,0.8920872211456299,True,False,False,False
STRAIN_000536,3,GLOBAL_CONTIG,142,2,0.6480439901351929,0.35195600986480713,0.8389946818351746,True,False,False,False
STRAIN_000536,3,GLOBAL_CONTIG,242,3,0.632770299911499,0.367229700088501,0.8570060729980469,True,False,False,False
STRAIN_000536,3,GLOBAL_CONTIG,342,4,0.6306782960891724,0.36932170391082764,0.859443724155426,True,False,False,False
STRAIN_000536,3,GLOBAL_CONTIG,442,5,0.5893003940582275,0.41069960594177246,0.9063107371330261,True,False,False,False
STRAIN_000542,3,GLOBAL_CONTIG,42,1,0.6078868508338928,0.3921131491661072,0.885565459728241,True,False,False,False
STRAIN_000542,3,GLOBAL_CONTIG,142,2,0.6195895075798035,0.38041049242019653,0.8722505569458008,True,False,False,False
STRAIN_000542,3,GLOBAL_CONTIG,242,3,0.6498069763183594,0.3501930236816406,0.8368907570838928,True,False,False,False
STRAIN_000542,3,GLOBAL_CONTIG,342,4,0.6324355602264404,0.36756443977355957,0.8573965430259705,True,False,False,False
STRAIN_000542,3,GLOBAL_CONTIG,442,5,0.6533416509628296,0.3466583490371704,0.8326563239097595,True,False,False,False
STRAIN_000543,3,GLOBAL_CONTIG,42,1,0.6839504241943359,0.31604957580566406,0.7950465083122253,True,False,False,False
STRAIN_000543,3,GLOBAL_CONTIG,142,2,0.7017418742179871,0.29825812578201294,0.7723445892333984,True,False,False,False
STRAIN_000543,3,GLOBAL_CONTIG,242,3,0.6965658664703369,0.3034341335296631,0.779017448425293,True,False,False,False
STRAIN_000543,3,GLOBAL_CONTIG,342,4,0.7187159061431885,0.2812840938568115,0.7500454187393188,True,False,False,False
STRAIN_000543,3,GLOBAL_CONTIG,442,5,0.6763432621955872,0.32365673780441284,0.8045579195022583,True,False,False,False
STRAIN_000545,3,GLOBAL_CONTIG,42,1,0.5247331857681274,0.47526681423187256,0.9749531149864197,True,False,False,False
STRAIN_000545,3,GLOBAL_CONTIG,142,2,0.5388695597648621,0.46113044023513794,0.960344135761261,True,False,False,False
STRAIN_000545,3,GLOBAL_CONTIG,242,3,0.5376892685890198,0.4623107314109802,0.9615724086761475,True,False,False,False
STRAIN_000545,3,GLOBAL_CONTIG,342,4,0.5241519808769226,0.4758480191230774,0.9755491018295288,True,False,False,False
STRAIN_000545,3,GLOBAL_CONTIG,442,5,0.5590394139289856,0.4409605860710144,0.9391065239906311,True,False,False,False
STRAIN_000551,3,GLOBAL_CONTIG,42,1,0.7092344760894775,0.29076552391052246,0.7625817656517029,True,False,False,False
STRAIN_000551,3,GLOBAL_CONTIG,142,2,0.6632230281829834,0.3367769718170166,0.820703387260437,True,False,False,False
STRAIN_000551,3,GLOBAL_CONTIG,242,3,0.695570707321167,0.304429292678833,0.7802940607070923,True,False,False,False
STRAIN_000551,3,GLOBAL_CONTIG,342,4,0.6567787528038025,0.3432212471961975,0.828518271446228,True,False,False,False
STRAIN_000551,3,GLOBAL_CONTIG,442,5,0.6624947786331177,0.3375052213668823,0.8215901255607605,True,False,False,False
STRAIN_000554,3,GLOBAL_CONTIG,42,1,0.6620739698410034,0.3379260301589966,0.8221021890640259,True,False,False,False
STRAIN_000554,3,GLOBAL_CONTIG,142,2,0.6333168148994446,0.3666831851005554,0.8563681840896606,True,False,False,False
STRAIN_000554,3,GLOBAL_CONTIG,242,3,0.6329525113105774,0.3670474886894226,0.8567933440208435,True,False,False,False
STRAIN_000554,3,GLOBAL_CONTIG,342,4,0.6185282468795776,0.38147175312042236,0.873466432094574,True,False,False,False
STRAIN_000554,3,GLOBAL_CONTIG,442,5,0.6359661817550659,0.3640338182449341,0.8532688617706299,True,False,False,False
STRAIN_000559,3,GLOBAL_CONTIG,42,1,0.6615662574768066,0.33843374252319336,0.8227196335792542,True,False,False,False
STRAIN_000559,3,GLOBAL_CONTIG,142,2,0.6473039388656616,0.3526960611343384,0.8398763537406921,True,False,False,False
STRAIN_000559,3,GLOBAL_CONTIG,242,3,0.6416240930557251,0.3583759069442749,0.8466120362281799,True,False,False,False
STRAIN_000559,3,GLOBAL_CONTIG,342,4,0.6268773674964905,0.3731226325035095,0.8638550043106079,True,False,False,False
STRAIN_000559,3,GLOBAL_CONTIG,442,5,0.6460540294647217,0.3539459705352783,0.8413631319999695,True,False,False,False
STRAIN_000560,3,GLOBAL_CONTIG,42,1,0.6535016894340515,0.3464983105659485,0.8324640989303589,True,False,False,False
STRAIN_000560,3,GLOBAL_CONTIG,142,2,0.6662717461585999,0.33372825384140015,0.8169801831245422,True,False,False,False
STRAIN_000560,3,GLOBAL_CONTIG,242,3,0.6262344717979431,0.3737655282020569,0.8645986914634705,True,False,False,False
STRAIN_000560,3,GLOBAL_CONTIG,342,4,0.6397002935409546,0.3602997064590454,0.848881185054779,True,False,False,False
STRAIN_000560,3,GLOBAL_CONTIG,442,5,0.6333717107772827,0.3666282892227173,0.8563041090965271,True,False,False,False
STRAIN_000580,3,GLOBAL_CONTIG,42,1,0.5602952837944031,0.4397047162055969,0.937768280506134,True,False,False,False
STRAIN_000580,3,GLOBAL_CONTIG,142,2,0.5598288774490356,0.44017112255096436,0.9382655620574951,True,False,False,False
STRAIN_000580,3,GLOBAL_CONTIG,242,3,0.5180294513702393,0.48197054862976074,0.9818049669265747,True,False,False,False
STRAIN_000580,3,GLOBAL_CONTIG,342,4,0.5936602354049683,0.40633976459503174,0.9014873504638672,True,False,False,False
STRAIN_000580,3,GLOBAL_CONTIG,442,5,0.5422660112380981,0.45773398876190186,0.9568008780479431,True,False,False,False
STRAIN_000599,3,GLOBAL_CONTIG,42,1,0.8323462009429932,0.16765379905700684,0.579057514667511,True,False,False,False
STRAIN_000599,3,GLOBAL_CONTIG,142,2,0.8777514100074768,0.1222485899925232,0.4944664537906647,True,False,False,False
STRAIN_000599,3,GLOBAL_CONTIG,242,3,0.8069797158241272,0.1930202841758728,0.6213216781616211,True,False,False,False
STRAIN_000599,3,GLOBAL_CONTIG,342,4,0.8765901327133179,0.12340986728668213,0.4968094527721405,True,False,False,False
STRAIN_000599,3,GLOBAL_CONTIG,442,5,0.7624661326408386,0.23753386735916138,0.6892516016960144,True,False,False,False
STRAIN_000610,3,GLOBAL_CONTIG,42,1,0.6565250158309937,0.34347498416900635,0.828824520111084,True,False,False,False
STRAIN_000610,3,GLOBAL_CONTIG,142,2,0.6857836246490479,0.31421637535095215,0.7927375435829163,True,False,False,False
STRAIN_000610,3,GLOBAL_CONTIG,242,3,0.6653478145599365,0.3346521854400635,0.8181102275848389,True,False,False,False
STRAIN_000610,3,GLOBAL_CONTIG,342,4,0.673810601234436,0.32618939876556396,0.8076996803283691,True,False,False,False
STRAIN_000610,3,GLOBAL_CONTIG,442,5,0.6883911490440369,0.31160885095596313,0.7894414663314819,True,False,False,False
STRAIN_000622,3,GLOBAL_CONTIG,42,1,0.5915392637252808,0.40846073627471924,0.9038372039794922,True,False,False,False
STRAIN_000622,3,GLOBAL_CONTIG,142,2,0.614672064781189,0.38532793521881104,0.8778699636459351,True,False,False,False
STRAIN_000622,3,GLOBAL_CONTIG,242,3,0.627915620803833,0.372084379196167,0.8626521825790405,True,False,False,False
STRAIN_000622,3,GLOBAL_CONTIG,342,4,0.5901254415512085,0.4098745584487915,0.9053999781608582,True,False,False,False
STRAIN_000622,3,GLOBAL_CONTIG,442,5,0.5867839455604553,0.4132160544395447,0.9090831279754639,True,False,False,False
STRAIN_000626,3,GLOBAL_CONTIG,42,1,0.676809549331665,0.32319045066833496,0.8039782047271729,True,False,False,False
STRAIN_000626,3,GLOBAL_CONTIG,142,2,0.7179192304611206,0.2820807695388794,0.751106858253479,True,False,False,False
STRAIN_000626,3,GLOBAL_CONTIG,242,3,0.7089605331420898,0.29103946685791016,0.7629410028457642,True,False,False,False
STRAIN_000626,3,GLOBAL_CONTIG,342,4,0.6792505979537964,0.3207494020462036,0.800936222076416,True,False,False,False
STRAIN_000626,3,GLOBAL_CONTIG,442,5,0.6893670558929443,0.31063294410705566,0.7882041931152344,True,False,False,False
STRAIN_000633,3,GLOBAL_CONTIG,42,1,0.7071980834007263,0.2928019165992737,0.7652475833892822,True,False,False,False
STRAIN_000633,3,GLOBAL_CONTIG,142,2,0.7305392622947693,0.2694607377052307,0.7341127991676331,True,False,False,False
STRAIN_000633,3,GLOBAL_CONTIG,242,3,0.7163043022155762,0.28369569778442383,0.7532538771629333,True,False,False,False
STRAIN_000633,3,GLOBAL_CONTIG,342,4,0.690027117729187,0.309972882270813,0.7873664498329163,True,False,False,False
STRAIN_000633,3,GLOBAL_CONTIG,442,5,0.7162994742393494,0.28370052576065063,0.7532603740692139,True,False,False,False
STRAIN_000635,3,GLOBAL_CONTIG,42,1,0.597692608833313,0.402307391166687,0.8970032334327698,True,False,False,False
STRAIN_000635,3,GLOBAL_CONTIG,142,2,0.6669988036155701,0.33300119638442993,0.8160896897315979,True,False,False,False
STRAIN_000635,3,GLOBAL_CONTIG,242,3,0.6646903157234192,0.3353096842765808,0.818913459777832,True,False,False,False
STRAIN_000635,3,GLOBAL_CONTIG,342,4,0.6187914609909058,0.38120853900909424,0.8731649518013,True,False,False,False
STRAIN_000635,3,GLOBAL_CONTIG,442,5,0.6742048263549805,0.32579517364501953,0.8072114586830139,True,False,False,False
STRAIN_000639,3,GLOBAL_CONTIG,42,1,0.5233574509620667,0.47664254903793335,0.9763631820678711,True,False,False,False
STRAIN_000639,3,GLOBAL_CONTIG,142,2,0.5451747179031372,0.4548252820968628,0.9537560939788818,True,False,False,False
STRAIN_000639,3,GLOBAL_CONTIG,242,3,0.5618131160736084,0.4381868839263916,0.9361483454704285,True,False,False,False
STRAIN_000639,3,GLOBAL_CONTIG,342,4,0.5391509532928467,0.4608490467071533,0.9600510597229004,True,False,False,False
STRAIN_000639,3,GLOBAL_CONTIG,442,5,0.5387303829193115,0.4612696170806885,0.9604890942573547,True,False,False,False
STRAIN_000650,3,GLOBAL_CONTIG,42,1,0.6873471140861511,0.3126528859138489,0.790762722492218,True,False,False,False
STRAIN_000650,3,GLOBAL_CONTIG,142,2,0.7643182873725891,0.2356817126274109,0.6865590810775757,True,False,False,False
STRAIN_000650,3,GLOBAL_CONTIG,242,3,0.6702741384506226,0.32972586154937744,0.8120663166046143,True,False,False,False
STRAIN_000650,3,GLOBAL_CONTIG,342,4,0.6941310167312622,0.3058689832687378,0.7821366786956787,True,False,False,False
STRAIN_000650,3,GLOBAL_CONTIG,442,5,0.7629984617233276,0.23700153827667236,0.6884786486625671,True,False,False,False
STRAIN_000651,3,GLOBAL_CONTIG,42,1,0.6338626146316528,0.36613738536834717,0.8557305335998535,True,False,False,False
STRAIN_000651,3,GLOBAL_CONTIG,142,2,0.6686045527458191,0.3313954472541809,0.8141197562217712,True,False,False,False
STRAIN_000651,3,GLOBAL_CONTIG,242,3,0.6459221243858337,0.35407787561416626,0.8415198922157288,True,False,False,False
STRAIN_000651,3,GLOBAL_CONTIG,342,4,0.6219127774238586,0.37808722257614136,0.869583010673523,True,False,False,False
STRAIN_000651,3,GLOBAL_CONTIG,442,5,0.6043330430984497,0.3956669569015503,0.8895695209503174,True,False,False,False
STRAIN_000652,3,GLOBAL_CONTIG,42,1,0.6906459331512451,0.3093540668487549,0.7865802049636841,True,False,False,False
STRAIN_000652,3,GLOBAL_CONTIG,142,2,0.7123209238052368,0.2876790761947632,0.7585237622261047,True,False,False,False
STRAIN_000652,3,GLOBAL_CONTIG,242,3,0.6708883047103882,0.3291116952896118,0.8113097548484802,True,False,False,False
STRAIN_000652,3,GLOBAL_CONTIG,342,4,0.6457287073135376,0.3542712926864624,0.8417498469352722,True,False,False,False
STRAIN_000652,3,GLOBAL_CONTIG,442,5,0.6774476766586304,0.32255232334136963,0.8031842112541199,True,False,False,False
STRAIN_000654,3,GLOBAL_CONTIG,42,1,0.5298532843589783,0.47014671564102173,0.9696873426437378,True,False,False,False
STRAIN_000654,3,GLOBAL_CONTIG,142,2,0.5424339175224304,0.4575660824775696,0.9566253423690796,True,False,False,False
STRAIN_000654,3,GLOBAL_CONTIG,242,3,0.5144194960594177,0.4855805039405823,0.9854751229286194,True,False,False,False
STRAIN_000654,3,GLOBAL_CONTIG,342,4,0.5529124736785889,0.44708752632141113,0.9456083178520203,True,False,False,False
STRAIN_000654,3,GLOBAL_CONTIG,442,5,0.540116012096405,0.45988398790359497,0.9590453505516052,True,False,False,False
STRAIN_000657,3,GLOBAL_CONTIG,42,1,0.5281028151512146,0.4718971848487854,0.9714908003807068,True,False,False,False
STRAIN_000657,3,GLOBAL_CONTIG,142,2,0.526971697807312,0.473028302192688,0.972654402256012,True,False,False,False
STRAIN_000657,3,GLOBAL_CONTIG,242,3,0.4997325539588928,0.5002674460411072,1.000267505645752,True,False,False,False
STRAIN_000657,3,GLOBAL_CONTIG,342,4,0.4869571030139923,0.5130428969860077,1.0129590034484863,True,False,False,False
STRAIN_000657,3,GLOBAL_CONTIG,442,5,0.5205768346786499,0.4794231653213501,0.979206919670105,True,False,False,False
STRAIN_000658,3,GLOBAL_CONTIG,42,1,0.6118630170822144,0.38813698291778564,0.8810641169548035,True,False,False,False
STRAIN_000658,3,GLOBAL_CONTIG,142,2,0.5887033343315125,0.41129666566848755,0.9069692492485046,True,False,False,False
STRAIN_000658,3,GLOBAL_CONTIG,242,3,0.5854151844978333,0.41458481550216675,0.9105875492095947,True,False,False,False
STRAIN_000658,3,GLOBAL_CONTIG,342,4,0.5955283641815186,0.40447163581848145,0.8994126915931702,True,False,False,False
STRAIN_000658,3,GLOBAL_CONTIG,442,5,0.6009271144866943,0.39907288551330566,0.8933899998664856,True,False,False,False
STRAIN_000668,3,GLOBAL_CONTIG,42,1,0.7642039656639099,0.2357960343360901,0.6867255568504333,True,False,False,False
STRAIN_000668,3,GLOBAL_CONTIG,142,2,0.7719408273696899,0.22805917263031006,0.6753652095794678,True,False,False,False
STRAIN_000668,3,GLOBAL_CONTIG,242,3,0.733875036239624,0.266124963760376,0.7295545935630798,True,False,False,False
STRAIN_000668,3,GLOBAL_CONTIG,342,4,0.7540183067321777,0.24598169326782227,0.7014010548591614,True,False,False,False
STRAIN_000668,3,GLOBAL_CONTIG,442,5,0.7291725873947144,0.27082741260528564,0.7359718680381775,True,False,False,False
STRAIN_000687,3,GLOBAL_CONTIG,42,1,0.6615152359008789,0.3384847640991211,0.8227815628051758,True,False,False,False
STRAIN_000687,3,GLOBAL_CONTIG,142,2,0.6609886288642883,0.33901137113571167,0.8234214186668396,True,False,False,False
STRAIN_000687,3,GLOBAL_CONTIG,242,3,0.6923806667327881,0.3076193332672119,0.7843714356422424,True,False,False,False
STRAIN_000687,3,GLOBAL_CONTIG,342,4,0.6905394196510315,0.3094605803489685,0.7867155075073242,True,False,False,False
STRAIN_000687,3,GLOBAL_CONTIG,442,5,0.67270827293396,0.32729172706604004,0.8090633749961853,True,False,False,False
STRAIN_000689,3,GLOBAL_CONTIG,42,1,0.5355436205863953,0.46445637941360474,0.9638011455535889,True,False,False,False
STRAIN_000689,3,GLOBAL_CONTIG,142,2,0.5634893774986267,0.4365106225013733,0.9343559741973877,True,False,False,False
STRAIN_000689,3,GLOBAL_CONTIG,242,3,0.5316566228866577,0.4683433771133423,0.967825710773468,True,False,False,False
STRAIN_000689,3,GLOBAL_CONTIG,342,4,0.512117862701416,0.487882137298584,0.9878077507019043,True,False,False,False
STRAIN_000689,3,GLOBAL_CONTIG,442,5,0.5570679903030396,0.44293200969696045,0.9412034153938293,True,False,False,False
STRAIN_000692,3,GLOBAL_CONTIG,42,1,0.7011293768882751,0.29887062311172485,0.7731372117996216,True,False,False,False
STRAIN_000692,3,GLOBAL_CONTIG,142,2,0.6786656379699707,0.3213343620300293,0.8016661405563354,True,False,False,False
STRAIN_000692,3,GLOBAL_CONTIG,242,3,0.6866769194602966,0.31332308053970337,0.7916097640991211,True,False,False,False
STRAIN_000692,3,GLOBAL_CONTIG,342,4,0.7072262763977051,0.2927737236022949,0.7652106881141663,True,False,False,False
STRAIN_000692,3,GLOBAL_CONTIG,442,5,0.6595072746276855,0.34049272537231445,0.8252183794975281,True,False,False,False
STRAIN_000696,3,GLOBAL_CONTIG,42,1,0.5785233378410339,0.42147666215896606,0.9181249141693115,True,False,False,False
STRAIN_000696,3,GLOBAL_CONTIG,142,2,0.5924776792526245,0.4075223207473755,0.9027981758117676,True,False,False,False
STRAIN_000696,3,GLOBAL_CONTIG,242,3,0.6224223375320435,0.37757766246795654,0.8689967393875122,True,False,False,False
STRAIN_000696,3,GLOBAL_CONTIG,342,4,0.5803695321083069,0.4196304678916931,0.9161118865013123,True,False,False,False
STRAIN_000696,3,GLOBAL_CONTIG,442,5,0.5706751942634583,0.42932480573654175,0.9266334176063538,True,False,False,False
STRAIN_000697,3,GLOBAL_CONTIG,42,1,0.6234931945800781,0.3765068054199219,0.8677635788917542,True,False,False,False
STRAIN_000697,3,GLOBAL_CONTIG,142,2,0.6682380437850952,0.3317619562149048,0.8145697116851807,True,False,False,False
STRAIN_000697,3,GLOBAL_CONTIG,242,3,0.6706948280334473,0.32930517196655273,0.811548113822937,True,False,False,False
STRAIN_000697,3,GLOBAL_CONTIG,342,4,0.6323028802871704,0.3676971197128296,0.8575513362884521,True,False,False,False
STRAIN_000697,3,GLOBAL_CONTIG,442,5,0.6449198722839355,0.35508012771606445,0.842710018157959,True,False,False,False
STRAIN_000698,3,GLOBAL_CONTIG,42,1,0.6259994506835938,0.37400054931640625,0.8648706674575806,True,False,False,False
STRAIN_000698,3,GLOBAL_CONTIG,142,2,0.6710819602012634,0.3289180397987366,0.8110709190368652,True,False,False,False
STRAIN_000698,3,GLOBAL_CONTIG,242,3,0.6140159368515015,0.38598406314849854,0.8786172270774841,True,False,False,False
STRAIN_000698,3,GLOBAL_CONTIG,342,4,0.6700945496559143,0.3299054503440857,0.8122875094413757,True,False,False,False
STRAIN_000698,3,GLOBAL_CONTIG,442,5,0.660673975944519,0.33932602405548096,0.8238033652305603,True,False,False,False
STRAIN_000699,3,GLOBAL_CONTIG,42,1,0.6703873872756958,0.3296126127243042,0.8119269609451294,True,False,False,False
STRAIN_000699,3,GLOBAL_CONTIG,142,2,0.6688127517700195,0.33118724822998047,0.8138638734817505,True,False,False,False
STRAIN_000699,3,GLOBAL_CONTIG,242,3,0.7027140855789185,0.29728591442108154,0.7710849046707153,True,False,False,False
STRAIN_000699,3,GLOBAL_CONTIG,342,4,0.6681820154190063,0.33181798458099365,0.8146386742591858,True,False,False,False
STRAIN_000699,3,GLOBAL_CONTIG,442,5,0.6740440726280212,0.32595592737197876,0.8074105978012085,True,False,False,False
STRAIN_000700,3,GLOBAL_CONTIG,42,1,0.6333252191543579,0.3666747808456421,0.8563582301139832,True,False,False,False
STRAIN_000700,3,GLOBAL_CONTIG,142,2,0.6624574661254883,0.3375425338745117,0.8216354846954346,True,False,False,False
STRAIN_000700,3,GLOBAL_CONTIG,242,3,0.6473453640937805,0.3526546359062195,0.8398268818855286,True,False,False,False
STRAIN_000700,3,GLOBAL_CONTIG,342,4,0.6372652053833008,0.3627347946166992,0.8517449498176575,True,False,False,False
STRAIN_000700,3,GLOBAL_CONTIG,442,5,0.6312806606292725,0.36871933937072754,0.8587424755096436,True,False,False,False
STRAIN_000705,3,GLOBAL_CONTIG,42,1,0.6625153422355652,0.3374846577644348,0.8215652108192444,True,False,False,False
STRAIN_000705,3,GLOBAL_CONTIG,142,2,0.6542198657989502,0.3457801342010498,0.831601083278656,True,False,False,False
STRAIN_000705,3,GLOBAL_CONTIG,242,3,0.5957878232002258,0.40421217679977417,0.8991242051124573,True,False,False,False
STRAIN_000705,3,GLOBAL_CONTIG,342,4,0.6522337794303894,0.3477662205696106,0.8339859247207642,True,False,False,False
STRAIN_000705,3,GLOBAL_CONTIG,442,5,0.6856356859207153,0.31436431407928467,0.7929241061210632,True,False,False,False
STRAIN_000709,3,GLOBAL_CONTIG,42,1,0.6779805421829224,0.32201945781707764,0.8025204539299011,True,False,False,False
STRAIN_000709,3,GLOBAL_CONTIG,142,2,0.6870924830436707,0.31290751695632935,0.7910847663879395,True,False,False,False
STRAIN_000709,3,GLOBAL_CONTIG,242,3,0.6641824245452881,0.3358175754547119,0.8195335865020752,True,False,False,False
STRAIN_000709,3,GLOBAL_CONTIG,342,4,0.6695975065231323,0.3304024934768677,0.8128992915153503,True,False,False,False
STRAIN_000709,3,GLOBAL_CONTIG,442,5,0.6892577409744263,0.31074225902557373,0.7883429527282715,True,False,False,False
STRAIN_000711,3,GLOBAL_CONTIG,42,1,0.4704640507698059,0.5295359492301941,1.0291121006011963,True,False,False,False
STRAIN_000711,3,GLOBAL_CONTIG,142,2,0.5445164442062378,0.4554835557937622,0.9544458389282227,True,False,False,False
STRAIN_000711,3,GLOBAL_CONTIG,242,3,0.5096561312675476,0.4903438687324524,0.9902967810630798,True,False,False,False
STRAIN_000711,3,GLOBAL_CONTIG,342,4,0.5244731307029724,0.4755268692970276,0.9752198457717896,True,False,False,False
STRAIN_000711,3,GLOBAL_CONTIG,442,5,0.5181363821029663,0.4818636178970337,0.9816960096359253,True,False,False,False
STRAIN_000714,3,GLOBAL_CONTIG,42,1,0.6754906177520752,0.3245093822479248,0.8056170344352722,True,False,False,False
STRAIN_000714,3,GLOBAL_CONTIG,142,2,0.7193597555160522,0.28064024448394775,0.7491865754127502,True,False,False,False
STRAIN_000714,3,GLOBAL_CONTIG,242,3,0.7084949016571045,0.2915050983428955,0.7635511755943298,True,False,False,False
STRAIN_000714,3,GLOBAL_CONTIG,342,4,0.7189017534255981,0.28109824657440186,0.7497977018356323,True,False,False,False
STRAIN_000714,3,GLOBAL_CONTIG,442,5,0.6909353733062744,0.3090646266937256,0.7862120270729065,True,False,False,False
STRAIN_000720,3,GLOBAL_CONTIG,42,1,0.6037107706069946,0.39628922939300537,0.890268862247467,True,False,False,False
STRAIN_000720,3,GLOBAL_CONTIG,142,2,0.6111662983894348,0.3888337016105652,0.8818545341491699,True,False,False,False
STRAIN_000720,3,GLOBAL_CONTIG,242,3,0.618689775466919,0.38131022453308105,0.8732813596725464,True,False,False,False
STRAIN_000720,3,GLOBAL_CONTIG,342,4,0.6174544095993042,0.3825455904006958,0.8746948838233948,True,False,False,False
STRAIN_000720,3,GLOBAL_CONTIG,442,5,0.5878274440765381,0.4121725559234619,0.9079345464706421,True,False,False,False
STRAIN_000723,3,GLOBAL_CONTIG,42,1,0.6208068132400513,0.37919318675994873,0.8708537220954895,True,False,False,False
STRAIN_000723,3,GLOBAL_CONTIG,142,2,0.6412257552146912,0.35877424478530884,0.8470823168754578,True,False,False,False
STRAIN_000723,3,GLOBAL_CONTIG,242,3,0.6313284635543823,0.3686715364456177,0.8586867451667786,True,False,False,False
STRAIN_000723,3,GLOBAL_CONTIG,342,4,0.6477105617523193,0.35228943824768066,0.8393919467926025,True,False,False,False
STRAIN_000723,3,GLOBAL_CONTIG,442,5,0.6668411493301392,0.33315885066986084,0.8162828683853149,True,False,False,False
STRAIN_000733,3,GLOBAL_CONTIG,42,1,0.4972493052482605,0.5027506947517395,1.0027469396591187,True,False,False,False
STRAIN_000733,3,GLOBAL_CONTIG,142,2,0.5478510856628418,0.4521489143371582,0.9509457349777222,True,False,False,False
STRAIN_000733,3,GLOBAL_CONTIG,242,3,0.5168789625167847,0.48312103748321533,0.9829761385917664,True,False,False,False
STRAIN_000733,3,GLOBAL_CONTIG,342,4,0.5528530478477478,0.4471469521522522,0.9456712007522583,True,False,False,False
STRAIN_000733,3,GLOBAL_CONTIG,442,5,0.5466804504394531,0.4533195495605469,0.9521759152412415,True,False,False,False
STRAIN_000739,3,GLOBAL_CONTIG,42,1,0.47923606634140015,0.5207639336585999,1.020552635192871,True,False,False,False
STRAIN_000739,3,GLOBAL_CONTIG,142,2,0.5295277237892151,0.4704722762107849,0.970022976398468,True,False,False,False
STRAIN_000739,3,GLOBAL_CONTIG,242,3,0.5103672742843628,0.4896327257156372,0.9895784258842468,True,False,False,False
STRAIN_000739,3,GLOBAL_CONTIG,342,4,0.5236120223999023,0.47638797760009766,0.9761024117469788,True,False,False,False
STRAIN_000739,3,GLOBAL_CONTIG,442,5,0.5517455339431763,0.44825446605682373,0.9468415379524231,True,False,False,False
STRAIN_000740,3,GLOBAL_CONTIG,42,1,0.527800977230072,0.472199022769928,0.9718015193939209,True,False,False,False
STRAIN_000740,3,GLOBAL_CONTIG,142,2,0.5072053670883179,0.49279463291168213,0.9927684664726257,True,False,False,False
STRAIN_000740,3,GLOBAL_CONTIG,242,3,0.5393689870834351,0.46063101291656494,0.9598239064216614,True,False,False,False
STRAIN_000740,3,GLOBAL_CONTIG,342,4,0.5425235033035278,0.45747649669647217,0.956531822681427,True,False,False,False
STRAIN_000740,3,GLOBAL_CONTIG,442,5,0.5797562003135681,0.4202437996864319,0.9167811274528503,True,False,False,False
STRAIN_000750,3,GLOBAL_CONTIG,42,1,0.6722062826156616,0.3277937173843384,0.8096835613250732,True,False,False,False
STRAIN_000750,3,GLOBAL_CONTIG,142,2,0.6840853691101074,0.3159146308898926,0.7948768734931946,True,False,False,False
STRAIN_000750,3,GLOBAL_CONTIG,242,3,0.6610127091407776,0.3389872908592224,0.8233920931816101,True,False,False,False
STRAIN_000750,3,GLOBAL_CONTIG,342,4,0.6381862163543701,0.3618137836456299,0.8506630063056946,True,False,False,False
STRAIN_000750,3,GLOBAL_CONTIG,442,5,0.6676060557365417,0.33239394426345825,0.8153452277183533,True,False,False,False
STRAIN_000766,3,GLOBAL_CONTIG,42,1,0.7093081474304199,0.2906918525695801,0.762485146522522,True,False,False,False
STRAIN_000766,3,GLOBAL_CONTIG,142,2,0.7524336576461792,0.2475663423538208,0.7036566138267517,True,False,False,False
STRAIN_000766,3,GLOBAL_CONTIG,242,3,0.6717350482940674,0.3282649517059326,0.8102654218673706,True,False,False,False
STRAIN_000766,3,GLOBAL_CONTIG,342,4,0.733683705329895,0.266316294670105,0.729816734790802,True,False,False,False
STRAIN_000766,3,GLOBAL_CONTIG,442,5,0.6873027682304382,0.31269723176956177,0.7908188700675964,True,False,False,False
STRAIN_000777,3,GLOBAL_CONTIG,42,1,0.6629348993301392,0.33706510066986084,0.8210543990135193,True,False,False,False
STRAIN_000777,3,GLOBAL_CONTIG,142,2,0.6475156545639038,0.3524843454360962,0.8396242260932922,True,False,False,False
STRAIN_000777,3,GLOBAL_CONTIG,242,3,0.6473565101623535,0.3526434898376465,0.8398137092590332,True,False,False,False
STRAIN_000777,3,GLOBAL_CONTIG,342,4,0.6575304269790649,0.34246957302093506,0.8276105523109436,True,False,False,False
STRAIN_000777,3,GLOBAL_CONTIG,442,5,0.6941940784454346,0.30580592155456543,0.7820562124252319,True,False,False,False
STRAIN_000784,3,GLOBAL_CONTIG,42,1,0.7491962313652039,0.25080376863479614,0.7082424163818359,True,False,False,False
STRAIN_000784,3,GLOBAL_CONTIG,142,2,0.7411081790924072,0.2588918209075928,0.7195718288421631,True,False,False,False
STRAIN_000784,3,GLOBAL_CONTIG,242,3,0.7618706226348877,0.2381293773651123,0.6901149153709412,True,False,False,False
STRAIN_000784,3,GLOBAL_CONTIG,342,4,0.6942224502563477,0.30577754974365234,0.7820199131965637,True,False,False,False
STRAIN_000784,3,GLOBAL_CONTIG,442,5,0.7790217399597168,0.2209782600402832,0.6647980213165283,True,False,False,False
STRAIN_000787,3,GLOBAL_CONTIG,42,1,0.6016729474067688,0.3983270525932312,0.8925548195838928,True,False,False,False
STRAIN_000787,3,GLOBAL_CONTIG,142,2,0.5748721957206726,0.4251278042793274,0.9220930933952332,True,False,False,False
STRAIN_000787,3,GLOBAL_CONTIG,242,3,0.608810305595398,0.39118969440460205,0.8845220804214478,True,False,False,False
STRAIN_000787,3,GLOBAL_CONTIG,342,4,0.6202553510665894,0.37974464893341064,0.8714867830276489,True,False,False,False
STRAIN_000787,3,GLOBAL_CONTIG,442,5,0.6016845703125,0.3983154296875,0.8925418853759766,True,False,False,False
STRAIN_000794,3,GLOBAL_CONTIG,42,1,0.594585657119751,0.405414342880249,0.9004601836204529,True,False,False,False
STRAIN_000794,3,GLOBAL_CONTIG,142,2,0.585825502872467,0.41417449712753296,0.9101368188858032,True,False,False,False
STRAIN_000794,3,GLOBAL_CONTIG,242,3,0.5597258806228638,0.44027411937713623,0.9383752942085266,True,False,False,False
STRAIN_000794,3,GLOBAL_CONTIG,342,4,0.5951145887374878,0.4048854112625122,0.8998725414276123,True,False,False,False
STRAIN_000794,3,GLOBAL_CONTIG,442,5,0.5984894037246704,0.4015105962753296,0.8961144685745239,True,False,False,False
STRAIN_000800,3,GLOBAL_CONTIG,42,1,0.5661289691925049,0.4338710308074951,0.9315267205238342,True,False,False,False
STRAIN_000800,3,GLOBAL_CONTIG,142,2,0.5435271263122559,0.45647287368774414,0.9554819464683533,True,False,False,False
STRAIN_000800,3,GLOBAL_CONTIG,242,3,0.5329163074493408,0.4670836925506592,0.9665233492851257,True,False,False,False
STRAIN_000800,3,GLOBAL_CONTIG,342,4,0.5323867797851562,0.46761322021484375,0.9670711159706116,True,False,False,False
STRAIN_000800,3,GLOBAL_CONTIG,442,5,0.5083059072494507,0.4916940927505493,0.9916592836380005,True,False,False,False
STRAIN_000812,3,GLOBAL_CONTIG,42,1,0.587425947189331,0.41257405281066895,0.9083766937255859,True,False,False,False
STRAIN_000812,3,GLOBAL_CONTIG,142,2,0.5935184359550476,0.4064815640449524,0.9016447067260742,True,False,False,False
STRAIN_000812,3,GLOBAL_CONTIG,242,3,0.5793173313140869,0.4206826686859131,0.917259693145752,True,False,False,False
STRAIN_000812,3,GLOBAL_CONTIG,342,4,0.5839174389839172,0.41608256101608276,0.912230908870697,True,False,False,False
STRAIN_000812,3,GLOBAL_CONTIG,442,5,0.5825936794281006,0.4174063205718994,0.913680911064148,True,False,False,False
STRAIN_000814,3,GLOBAL_CONTIG,42,1,0.5108374357223511,0.4891625642776489,0.9891031384468079,True,False,False,False
STRAIN_000814,3,GLOBAL_CONTIG,142,2,0.5166653394699097,0.48333466053009033,0.9831934571266174,True,False,False,False
STRAIN_000814,3,GLOBAL_CONTIG,242,3,0.5309053063392639,0.4690946936607361,0.9686018228530884,True,False,False,False
STRAIN_000814,3,GLOBAL_CONTIG,342,4,0.5293842554092407,0.4706157445907593,0.9701708555221558,True,False,False,False
STRAIN_000814,3,GLOBAL_CONTIG,442,5,0.5533533096313477,0.44664669036865234,0.9451420307159424,True,False,False,False
STRAIN_000820,3,GLOBAL_CONTIG,42,1,0.7420235872268677,0.2579764127731323,0.7182985544204712,True,False,False,False
STRAIN_000820,3,GLOBAL_CONTIG,142,2,0.7671166658401489,0.23288333415985107,0.6824709177017212,True,False,False,False
STRAIN_000820,3,GLOBAL_CONTIG,242,3,0.7523831129074097,0.24761688709259033,0.7037284970283508,True,False,False,False
STRAIN_000820,3,GLOBAL_CONTIG,342,4,0.7196384072303772,0.2803615927696228,0.748814582824707,True,False,False,False
STRAIN_000820,3,GLOBAL_CONTIG,442,5,0.7166624665260315,0.2833375334739685,0.7527782320976257,True,False,False,False
STRAIN_000825,3,GLOBAL_CONTIG,42,1,0.6535917520523071,0.34640824794769287,0.8323559761047363,True,False,False,False
STRAIN_000825,3,GLOBAL_CONTIG,142,2,0.7372753620147705,0.2627246379852295,0.7248787879943848,True,False,False,False
STRAIN_000825,3,GLOBAL_CONTIG,242,3,0.6764310598373413,0.3235689401626587,0.8044487237930298,True,False,False,False
STRAIN_000825,3,GLOBAL_CONTIG,342,4,0.7027968168258667,0.2972031831741333,0.7709773778915405,True,False,False,False
STRAIN_000825,3,GLOBAL_CONTIG,442,5,0.6907402873039246,0.30925971269607544,0.7864599823951721,True,False,False,False
STRAIN_000826,3,GLOBAL_CONTIG,42,1,0.610127866268158,0.38987213373184204,0.8830312490463257,True,False,False,False
STRAIN_000826,3,GLOBAL_CONTIG,142,2,0.6774102449417114,0.3225897550582886,0.8032306432723999,True,False,False,False
STRAIN_000826,3,GLOBAL_CONTIG,242,3,0.6580065488815308,0.34199345111846924,0.8270350694656372,True,False,False,False
STRAIN_000826,3,GLOBAL_CONTIG,342,4,0.6630584597587585,0.33694154024124146,0.8209037184715271,True,False,False,False
STRAIN_000826,3,GLOBAL_CONTIG,442,5,0.6580784320831299,0.3419215679168701,0.8269479870796204,True,False,False,False
STRAIN_000827,3,GLOBAL_CONTIG,42,1,0.7268232107162476,0.27317678928375244,0.7391573190689087,True,False,False,False
STRAIN_000827,3,GLOBAL_CONTIG,142,2,0.6972390413284302,0.3027609586715698,0.7781529426574707,True,False,False,False
STRAIN_000827,3,GLOBAL_CONTIG,242,3,0.6842391490936279,0.31576085090637207,0.7946835160255432,True,False,False,False
STRAIN_000827,3,GLOBAL_CONTIG,342,4,0.6753798127174377,0.32462018728256226,0.8057546615600586,True,False,False,False
STRAIN_000827,3,GLOBAL_CONTIG,442,5,0.7236409187316895,0.27635908126831055,0.7434502840042114,True,False,False,False
STRAIN_000855,3,GLOBAL_CONTIG,42,1,0.623477578163147,0.376522421836853,0.8677815794944763,True,False,False,False
STRAIN_000855,3,GLOBAL_CONTIG,142,2,0.6474802494049072,0.3525197505950928,0.8396663665771484,True,False,False,False
STRAIN_000855,3,GLOBAL_CONTIG,242,3,0.5821677446365356,0.41783225536346436,0.9141470193862915,True,False,False,False
STRAIN_000855,3,GLOBAL_CONTIG,342,4,0.6623435616493225,0.3376564383506775,0.8217741847038269,True,False,False,False
STRAIN_000855,3,GLOBAL_CONTIG,442,5,0.6049113869667053,0.3950886130332947,0.8889191150665283,True,False,False,False
STRAIN_000858,3,GLOBAL_CONTIG,42,1,0.5395705699920654,0.46042943000793457,0.9596139192581177,True,False,False,False
STRAIN_000858,3,GLOBAL_CONTIG,142,2,0.49471962451934814,0.5052803754806519,1.005266547203064,True,False,False,False
STRAIN_000858,3,GLOBAL_CONTIG,242,3,0.5283151268959045,0.47168487310409546,0.9712721705436707,True,False,False,False
STRAIN_000858,3,GLOBAL_CONTIG,342,4,0.5406707525253296,0.4593292474746704,0.9584667086601257,True,False,False,False
STRAIN_000858,3,GLOBAL_CONTIG,442,5,0.5174957513809204,0.4825042486190796,0.9823485016822815,True,False,False,False
STRAIN_000869,3,GLOBAL_CONTIG,42,1,0.6338708996772766,0.3661291003227234,0.8557208180427551,True,False,False,False
STRAIN_000869,3,GLOBAL_CONTIG,142,2,0.6957693099975586,0.3042306900024414,0.780039370059967,True,False,False,False
STRAIN_000869,3,GLOBAL_CONTIG,242,3,0.6354902982711792,0.3645097017288208,0.8538262844085693,True,False,False,False
STRAIN_000869,3,GLOBAL_CONTIG,342,4,0.6954377293586731,0.3045622706413269,0.780464231967926,True,False,False,False
STRAIN_000869,3,GLOBAL_CONTIG,442,5,0.6662883758544922,0.3337116241455078,0.8169597387313843,True,False,False,False
STRAIN_000873,3,GLOBAL_CONTIG,42,1,0.7102769613265991,0.2897230386734009,0.7612136006355286,True,False,False,False
STRAIN_000873,3,GLOBAL_CONTIG,142,2,0.6558712124824524,0.3441287875175476,0.8296129107475281,True,False,False,False
STRAIN_000873,3,GLOBAL_CONTIG,242,3,0.6967363953590393,0.3032636046409607,0.7787985801696777,True,False,False,False
STRAIN_000873,3,GLOBAL_CONTIG,342,4,0.6548556089401245,0.3451443910598755,0.8308361768722534,True,False,False,False
STRAIN_000873,3,GLOBAL_CONTIG,442,5,0.6680600047111511,0.3319399952888489,0.814788281917572,True,False,False,False
STRAIN_000874,3,GLOBAL_CONTIG,42,1,0.6591603755950928,0.3408396244049072,0.8256387114524841,True,False,False,False
STRAIN_000874,3,GLOBAL_CONTIG,142,2,0.652025580406189,0.34797441959381104,0.834235429763794,True,False,False,False
STRAIN_000874,3,GLOBAL_CONTIG,242,3,0.6417696475982666,0.3582303524017334,0.8464399576187134,True,False,False,False
STRAIN_000874,3,GLOBAL_CONTIG,342,4,0.60545814037323,0.39454185962677,0.888303816318512,True,False,False,False
STRAIN_000874,3,GLOBAL_CONTIG,442,5,0.6286681890487671,0.3713318109512329,0.8617793321609497,True,False,False,False
STRAIN_000876,3,GLOBAL_CONTIG,42,1,0.5940517783164978,0.4059482216835022,0.9010530114173889,True,False,False,False
STRAIN_000876,3,GLOBAL_CONTIG,142,2,0.6264453530311584,0.37355464696884155,0.8643549680709839,True,False,False,False
STRAIN_000876,3,GLOBAL_CONTIG,242,3,0.6185954809188843,0.3814045190811157,0.8733894228935242,True,False,False,False
STRAIN_000876,3,GLOBAL_CONTIG,342,4,0.6186315417289734,0.3813684582710266,0.8733481764793396,True,False,False,False
STRAIN_000876,3,GLOBAL_CONTIG,442,5,0.578518807888031,0.421481192111969,0.9181298017501831,True,False,False,False
STRAIN_000879,3,GLOBAL_CONTIG,42,1,0.5051718950271606,0.49482810497283936,0.9948145747184753,True,False,False,False
STRAIN_000879,3,GLOBAL_CONTIG,142,2,0.5607606172561646,0.43923938274383545,0.9372719526290894,True,False,False,False
STRAIN_000879,3,GLOBAL_CONTIG,242,3,0.538752555847168,0.46124744415283203,0.9604659676551819,True,False,False,False
STRAIN_000879,3,GLOBAL_CONTIG,342,4,0.5370704531669617,0.46292954683303833,0.9622156620025635,True,False,False,False
STRAIN_000879,3,GLOBAL_CONTIG,442,5,0.5167245268821716,0.48327547311782837,0.9831331968307495,True,False,False,False
STRAIN_000889,3,GLOBAL_CONTIG,42,1,0.621685266494751,0.378314733505249,0.8698446154594421,True,False,False,False
STRAIN_000889,3,GLOBAL_CONTIG,142,2,0.6526980400085449,0.3473019599914551,0.8334290385246277,True,False,False,False
STRAIN_000889,3,GLOBAL_CONTIG,242,3,0.6322116255760193,0.3677883744239807,0.8576577305793762,True,False,False,False
STRAIN_000889,3,GLOBAL_CONTIG,342,4,0.6236968040466309,0.37630319595336914,0.8675289750099182,True,False,False,False
STRAIN_000889,3,GLOBAL_CONTIG,442,5,0.6316372156143188,0.36836278438568115,0.8583272695541382,True,False,False,False
STRAIN_000893,3,GLOBAL_CONTIG,42,1,0.583642840385437,0.416357159614563,0.9125317931175232,True,False,False,False
STRAIN_000893,3,GLOBAL_CONTIG,142,2,0.596890926361084,0.403109073638916,0.8978964686393738,True,False,False,False
STRAIN_000893,3,GLOBAL_CONTIG,242,3,0.5939404964447021,0.40605950355529785,0.901176393032074,True,False,False,False
STRAIN_000893,3,GLOBAL_CONTIG,342,4,0.6356593370437622,0.3643406629562378,0.8536283373832703,True,False,False,False
STRAIN_000893,3,GLOBAL_CONTIG,442,5,0.5922826528549194,0.40771734714508057,0.9030142426490784,True,False,False,False
STRAIN_000901,3,GLOBAL_CONTIG,42,1,0.5876110792160034,0.4123889207839966,0.9081728458404541,True,False,False,False
STRAIN_000901,3,GLOBAL_CONTIG,142,2,0.6026216149330139,0.3973783850669861,0.8914912939071655,True,False,False,False
STRAIN_000901,3,GLOBAL_CONTIG,242,3,0.5841623544692993,0.4158376455307007,0.9119623899459839,True,False,False,False
STRAIN_000901,3,GLOBAL_CONTIG,342,4,0.5823174715042114,0.4176825284957886,0.9139830470085144,True,False,False,False
STRAIN_000901,3,GLOBAL_CONTIG,442,5,0.6146541833877563,0.38534581661224365,0.8778904676437378,True,False,False,False
STRAIN_000903,3,GLOBAL_CONTIG,42,1,0.5649694800376892,0.4350305199623108,0.9327706098556519,True,False,False,False
STRAIN_000903,3,GLOBAL_CONTIG,142,2,0.5718267560005188,0.4281732439994812,0.9253898859024048,True,False,False,False
STRAIN_000903,3,GLOBAL_CONTIG,242,3,0.5834159851074219,0.4165840148925781,0.9127803444862366,True,False,False,False
STRAIN_000903,3,GLOBAL_CONTIG,342,4,0.5954530239105225,0.40454697608947754,0.8994964361190796,True,False,False,False
STRAIN_000903,3,GLOBAL_CONTIG,442,5,0.618385374546051,0.381614625453949,0.8736299276351929,True,False,False,False
STRAIN_000904,3,GLOBAL_CONTIG,42,1,0.6269851326942444,0.3730148673057556,0.8637300729751587,True,False,False,False
STRAIN_000904,3,GLOBAL_CONTIG,142,2,0.608394980430603,0.391605019569397,0.8849915266036987,True,False,False,False
STRAIN_000904,3,GLOBAL_CONTIG,242,3,0.6197800636291504,0.3802199363708496,0.8720319867134094,True,False,False,False
STRAIN_000904,3,GLOBAL_CONTIG,342,4,0.6034820079803467,0.3965179920196533,0.8905256986618042,True,False,False,False
STRAIN_000904,3,GLOBAL_CONTIG,442,5,0.6045597195625305,0.3954402804374695,0.889314591884613,True,False,False,False
STRAIN_000910,3,GLOBAL_CONTIG,42,1,0.6082375049591064,0.39176249504089355,0.8851696252822876,True,False,False,False
STRAIN_000910,3,GLOBAL_CONTIG,142,2,0.6463900804519653,0.35360991954803467,0.8409636616706848,True,False,False,False
STRAIN_000910,3,GLOBAL_CONTIG,242,3,0.6112275123596191,0.38877248764038086,0.8817850351333618,True,False,False,False
STRAIN_000910,3,GLOBAL_CONTIG,342,4,0.6575403213500977,0.34245967864990234,0.8275986313819885,True,False,False,False
STRAIN_000910,3,GLOBAL_CONTIG,442,5,0.6179863810539246,0.38201361894607544,0.8740864992141724,True,False,False,False
STRAIN_000914,3,GLOBAL_CONTIG,42,1,0.652355432510376,0.347644567489624,0.833840012550354,True,False,False,False
STRAIN_000914,3,GLOBAL_CONTIG,142,2,0.6181086301803589,0.3818913698196411,0.8739466667175293,True,False,False,False
STRAIN_000914,3,GLOBAL_CONTIG,242,3,0.6143583059310913,0.3856416940689087,0.8782274723052979,True,False,False,False
STRAIN_000914,3,GLOBAL_CONTIG,342,4,0.649095356464386,0.350904643535614,0.8377407193183899,True,False,False,False
STRAIN_000914,3,GLOBAL_CONTIG,442,5,0.6161758899688721,0.38382411003112793,0.876155436038971,True,False,False,False
STRAIN_000925,3,GLOBAL_CONTIG,42,1,0.6666386127471924,0.3333613872528076,0.8165309429168701,True,False,False,False
STRAIN_000925,3,GLOBAL_CONTIG,142,2,0.6815758943557739,0.3184241056442261,0.7980276942253113,True,False,False,False
STRAIN_000925,3,GLOBAL_CONTIG,242,3,0.6883721351623535,0.3116278648376465,0.7894654870033264,True,False,False,False
STRAIN_000925,3,GLOBAL_CONTIG,342,4,0.6447035074234009,0.3552964925765991,0.8429667949676514,True,False,False,False
STRAIN_000925,3,GLOBAL_CONTIG,442,5,0.6478769183158875,0.35212308168411255,0.8391938209533691,True,False,False,False
STRAIN_000930,3,GLOBAL_CONTIG,42,1,0.7831225991249084,0.21687740087509155,0.6586005687713623,True,False,False,False
STRAIN_000930,3,GLOBAL_CONTIG,142,2,0.7667809128761292,0.23321908712387085,0.6829628348350525,True,False,False,False
STRAIN_000930,3,GLOBAL_CONTIG,242,3,0.7464561462402344,0.2535438537597656,0.7121010422706604,True,False,False,False
STRAIN_000930,3,GLOBAL_CONTIG,342,4,0.7313040494918823,0.2686959505081177,0.7330701947212219,True,False,False,False
STRAIN_000930,3,GLOBAL_CONTIG,442,5,0.6922351121902466,0.3077648878097534,0.784557044506073,True,False,False,False
STRAIN_000940,3,GLOBAL_CONTIG,42,1,0.5250385999679565,0.47496140003204346,0.9746398329734802,True,False,False,False
STRAIN_000940,3,GLOBAL_CONTIG,142,2,0.5057320594787598,0.49426794052124023,0.9942514300346375,True,False,False,False
STRAIN_000940,3,GLOBAL_CONTIG,242,3,0.5319606065750122,0.4680393934249878,0.9675117135047913,True,False,False,False
STRAIN_000940,3,GLOBAL_CONTIG,342,4,0.5006719827651978,0.49932801723480225,0.9993277788162231,True,False,False,False
STRAIN_000940,3,GLOBAL_CONTIG,442,5,0.4895119071006775,0.5104880928993225,1.010433554649353,True,False,False,False
STRAIN_000943,3,GLOBAL_CONTIG,42,1,0.5120655298233032,0.4879344701766968,0.9878607988357544,True,False,False,False
STRAIN_000943,3,GLOBAL_CONTIG,142,2,0.5508296489715576,0.4491703510284424,0.9478083848953247,True,False,False,False
STRAIN_000943,3,GLOBAL_CONTIG,242,3,0.5180609226226807,0.48193907737731934,0.9817728996276855,True,False,False,False
STRAIN_000943,3,GLOBAL_CONTIG,342,4,0.5169286727905273,0.48307132720947266,0.982925534248352,True,False,False,False
STRAIN_000943,3,GLOBAL_CONTIG,442,5,0.5154575705528259,0.4845424294471741,0.9844210743904114,True,False,False,False
STRAIN_000947,3,GLOBAL_CONTIG,42,1,0.5903052091598511,0.4096947908401489,0.9052013158798218,True,False,False,False
STRAIN_000947,3,GLOBAL_CONTIG,142,2,0.5730991363525391,0.42690086364746094,0.9240139722824097,True,False,False,False
STRAIN_000947,3,GLOBAL_CONTIG,242,3,0.5837314128875732,0.41626858711242676,0.9124347567558289,True,False,False,False
STRAIN_000947,3,GLOBAL_CONTIG,342,4,0.5526202321052551,0.4473797678947449,0.9459173083305359,True,False,False,False
STRAIN_000947,3,GLOBAL_CONTIG,442,5,0.6105504035949707,0.3894495964050293,0.8825527429580688,True,False,False,False
STRAIN_000950,3,GLOBAL_CONTIG,42,1,0.58283931016922,0.41716068983078003,0.9134119153022766,True,False,False,False
STRAIN_000950,3,GLOBAL_CONTIG,142,2,0.5874334573745728,0.41256654262542725,0.9083682894706726,True,False,False,False
STRAIN_000950,3,GLOBAL_CONTIG,242,3,0.5828542113304138,0.4171457886695862,0.9133956432342529,True,False,False,False
STRAIN_000950,3,GLOBAL_CONTIG,342,4,0.6135644912719727,0.38643550872802734,0.8791307806968689,True,False,False,False
STRAIN_000950,3,GLOBAL_CONTIG,442,5,0.558032751083374,0.441967248916626,0.940177857875824,True,False,False,False
STRAIN_000955,3,GLOBAL_CONTIG,42,1,0.6890800595283508,0.31091994047164917,0.7885682582855225,True,False,False,False
STRAIN_000955,3,GLOBAL_CONTIG,142,2,0.655483603477478,0.344516396522522,0.830079972743988,True,False,False,False
STRAIN_000955,3,GLOBAL_CONTIG,242,3,0.6373926401138306,0.36260735988616943,0.8515953421592712,True,False,False,False
STRAIN_000955,3,GLOBAL_CONTIG,342,4,0.705202043056488,0.29479795694351196,0.7678514719009399,True,False,False,False
STRAIN_000955,3,GLOBAL_CONTIG,442,5,0.611878514289856,0.38812148571014404,0.8810465931892395,True,False,False,False
STRAIN_000998,3,GLOBAL_CONTIG,42,1,0.6984105110168457,0.3015894889831543,0.7766459584236145,True,False,False,False
STRAIN_000998,3,GLOBAL_CONTIG,142,2,0.6651780605316162,0.3348219394683838,0.818317711353302,True,False,False,False
STRAIN_000998,3,GLOBAL_CONTIG,242,3,0.6951476335525513,0.30485236644744873,0.7808360457420349,True,False,False,False
STRAIN_000998,3,GLOBAL_CONTIG,342,4,0.7064205408096313,0.29357945919036865,0.7662630081176758,True,False,False,False
STRAIN_000998,3,GLOBAL_CONTIG,442,5,0.7024986743927002,0.2975013256072998,0.7713642120361328,True,False,False,False
STRAIN_001008,3,GLOBAL_CONTIG,42,1,0.626481294631958,0.373518705368042,0.8643131852149963,True,False,False,False
STRAIN_001008,3,GLOBAL_CONTIG,142,2,0.6064378619194031,0.3935621380805969,0.8872002959251404,True,False,False,False
STRAIN_001008,3,GLOBAL_CONTIG,242,3,0.5983459949493408,0.4016540050506592,0.8962744474411011,True,False,False,False
STRAIN_001008,3,GLOBAL_CONTIG,342,4,0.580143928527832,0.41985607147216797,0.9163579940795898,True,False,False,False
STRAIN_001008,3,GLOBAL_CONTIG,442,5,0.6210963726043701,0.3789036273956299,0.8705211281776428,True,False,False,False
STRAIN_001016,3,GLOBAL_CONTIG,42,1,0.6243013739585876,0.37569862604141235,0.8668317198753357,True,False,False,False
STRAIN_001016,3,GLOBAL_CONTIG,142,2,0.6118460297584534,0.38815397024154663,0.8810833692550659,True,False,False,False
STRAIN_001016,3,GLOBAL_CONTIG,242,3,0.6889311671257019,0.3110688328742981,0.7887571454048157,True,False,False,False
STRAIN_001016,3,GLOBAL_CONTIG,342,4,0.6427044868469238,0.35729551315307617,0.8453348875045776,True,False,False,False
STRAIN_001016,3,GLOBAL_CONTIG,442,5,0.6336501836776733,0.36634981632232666,0.8559788465499878,True,False,False,False
STRAIN_001022,3,GLOBAL_CONTIG,42,1,0.6641899347305298,0.3358100652694702,0.8195242881774902,True,False,False,False
STRAIN_001022,3,GLOBAL_CONTIG,142,2,0.6669051051139832,0.33309489488601685,0.8162044286727905,True,False,False,False
STRAIN_001022,3,GLOBAL_CONTIG,242,3,0.6456437706947327,0.35435622930526733,0.8418504595756531,True,False,False,False
STRAIN_001022,3,GLOBAL_CONTIG,342,4,0.6541959047317505,0.3458040952682495,0.831629753112793,True,False,False,False
STRAIN_001022,3,GLOBAL_CONTIG,442,5,0.7012949585914612,0.2987050414085388,0.772922933101654,True,False,False,False
