strain_entity_id,outer_fold,control_type,seed,replicate,cosine_TRUE_control,embedding_displacement,l2_distance,fold_matched_lineage95_encoder,phenotype_labels_used,encoder_retrained,encoder_finetuned
STRAIN_000001,2,LOCAL_W10,42,1,0.9307264685630798,0.06927353143692017,0.37221893668174744,True,False,False,False
STRAIN_000001,2,LOCAL_W10,142,2,0.908955454826355,0.09104454517364502,0.42671871185302734,True,False,False,False
STRAIN_000001,2,LOCAL_W10,242,3,0.9171017408370972,0.08289825916290283,0.40718093514442444,True,False,False,False
STRAIN_000001,2,LOCAL_W10,342,4,0.9250935316085815,0.07490646839141846,0.38705649971961975,True,False,False,False
STRAIN_000001,2,LOCAL_W10,442,5,0.9269899129867554,0.07301008701324463,0.3821258246898651,True,False,False,False
STRAIN_000007,2,LOCAL_W10,42,1,0.9303174614906311,0.0696825385093689,0.3733164072036743,True,False,False,False
STRAIN_000007,2,LOCAL_W10,142,2,0.9377260208129883,0.06227397918701172,0.3529135286808014,True,False,False,False
STRAIN_000007,2,LOCAL_W10,242,3,0.938948929309845,0.06105107069015503,0.34943118691444397,True,False,False,False
STRAIN_000007,2,LOCAL_W10,342,4,0.9249622821807861,0.07503771781921387,0.38739562034606934,True,False,False,False
STRAIN_000007,2,LOCAL_W10,442,5,0.9344437718391418,0.06555622816085815,0.3620944917201996,True,False,False,False
STRAIN_000008,2,LOCAL_W10,42,1,0.9216221570968628,0.07837784290313721,0.3959239423274994,True,False,False,False
STRAIN_000008,2,LOCAL_W10,142,2,0.9299938678741455,0.07000613212585449,0.3741820156574249,True,False,False,False
STRAIN_000008,2,LOCAL_W10,242,3,0.9344820976257324,0.06551790237426758,0.36198848485946655,True,False,False,False
STRAIN_000008,2,LOCAL_W10,342,4,0.9381256103515625,0.0618743896484375,0.35177934169769287,True,False,False,False
STRAIN_000008,2,LOCAL_W10,442,5,0.9115024209022522,0.0884975790977478,0.4207078218460083,True,False,False,False
STRAIN_000009,2,LOCAL_W10,42,1,0.9438750743865967,0.05612492561340332,0.33503714203834534,True,False,False,False
STRAIN_000009,2,LOCAL_W10,142,2,0.9439773559570312,0.05602264404296875,0.33473193645477295,True,False,False,False
STRAIN_000009,2,LOCAL_W10,242,3,0.9300286173820496,0.06997138261795044,0.37408924102783203,True,False,False,False
STRAIN_000009,2,LOCAL_W10,342,4,0.9289300441741943,0.07106995582580566,0.3770145773887634,True,False,False,False
STRAIN_000009,2,LOCAL_W10,442,5,0.9382627010345459,0.0617372989654541,0.3513895869255066,True,False,False,False
STRAIN_000010,2,LOCAL_W10,42,1,0.94423508644104,0.05576491355895996,0.3339610695838928,True,False,False,False
STRAIN_000010,2,LOCAL_W10,142,2,0.9387112259864807,0.06128877401351929,0.3501112461090088,True,False,False,False
STRAIN_000010,2,LOCAL_W10,242,3,0.9331948757171631,0.06680512428283691,0.3655272424221039,True,False,False,False
STRAIN_000010,2,LOCAL_W10,342,4,0.926231861114502,0.07376813888549805,0.38410472869873047,True,False,False,False
STRAIN_000010,2,LOCAL_W10,442,5,0.931791365146637,0.06820863485336304,0.3693472146987915,True,False,False,False
STRAIN_000011,2,LOCAL_W10,42,1,0.9302195906639099,0.06978040933609009,0.3735785484313965,True,False,False,False
STRAIN_000011,2,LOCAL_W10,142,2,0.9206998348236084,0.0793001651763916,0.39824652671813965,True,False,False,False
STRAIN_000011,2,LOCAL_W10,242,3,0.9186761379241943,0.08132386207580566,0.40329593420028687,True,False,False,False
STRAIN_000011,2,LOCAL_W10,342,4,0.9326760768890381,0.06732392311096191,0.36694371700286865,True,False,False,False
STRAIN_000011,2,LOCAL_W10,442,5,0.9253314137458801,0.07466858625411987,0.386441707611084,True,False,False,False
STRAIN_000013,2,LOCAL_W10,42,1,0.9121832847595215,0.08781671524047852,0.41908660531044006,True,False,False,False
STRAIN_000013,2,LOCAL_W10,142,2,0.8935093283653259,0.10649067163467407,0.4614989161491394,True,False,False,False
STRAIN_000013,2,LOCAL_W10,242,3,0.9315412044525146,0.06845879554748535,0.3700239658355713,True,False,False,False
STRAIN_000013,2,LOCAL_W10,342,4,0.9139366149902344,0.08606338500976562,0.41488149762153625,True,False,False,False
STRAIN_000013,2,LOCAL_W10,442,5,0.9296884536743164,0.0703115463256836,0.37499746680259705,True,False,False,False
STRAIN_000014,2,LOCAL_W10,42,1,0.9330635666847229,0.0669364333152771,0.36588647961616516,True,False,False,False
STRAIN_000014,2,LOCAL_W10,142,2,0.940035879611969,0.059964120388031006,0.3463064432144165,True,False,False,False
STRAIN_000014,2,LOCAL_W10,242,3,0.9164419174194336,0.0835580825805664,0.4087983965873718,True,False,False,False
STRAIN_000014,2,LOCAL_W10,342,4,0.9443811178207397,0.055618882179260254,0.33352357149124146,True,False,False,False
STRAIN_000014,2,LOCAL_W10,442,5,0.9276109933853149,0.07238900661468506,0.38049712777137756,True,False,False,False
STRAIN_000018,2,LOCAL_W10,42,1,0.9289716482162476,0.07102835178375244,0.37690433859825134,True,False,False,False
STRAIN_000018,2,LOCAL_W10,142,2,0.936967134475708,0.06303286552429199,0.3550572693347931,True,False,False,False
STRAIN_000018,2,LOCAL_W10,242,3,0.9394927024841309,0.06050729751586914,0.34787169098854065,True,False,False,False
STRAIN_000018,2,LOCAL_W10,342,4,0.9423468708992004,0.05765312910079956,0.33956781029701233,True,False,False,False
STRAIN_000018,2,LOCAL_W10,442,5,0.9344207048416138,0.06557929515838623,0.36215832829475403,True,False,False,False
STRAIN_000019,2,LOCAL_W10,42,1,0.9221324920654297,0.07786750793457031,0.39463263750076294,True,False,False,False
STRAIN_000019,2,LOCAL_W10,142,2,0.9277929663658142,0.07220703363418579,0.3800185024738312,True,False,False,False
STRAIN_000019,2,LOCAL_W10,242,3,0.9420077800750732,0.05799221992492676,0.34056487679481506,True,False,False,False
STRAIN_000019,2,LOCAL_W10,342,4,0.9234646558761597,0.07653534412384033,0.39124226570129395,True,False,False,False
STRAIN_000019,2,LOCAL_W10,442,5,0.9068495035171509,0.09315049648284912,0.4316258728504181,True,False,False,False
STRAIN_000020,2,LOCAL_W10,42,1,0.940255880355835,0.05974411964416504,0.345670610666275,True,False,False,False
STRAIN_000020,2,LOCAL_W10,142,2,0.9271734952926636,0.07282650470733643,0.38164517283439636,True,False,False,False
STRAIN_000020,2,LOCAL_W10,242,3,0.9205073118209839,0.07949268817901611,0.3987298905849457,True,False,False,False
STRAIN_000020,2,LOCAL_W10,342,4,0.9162670373916626,0.0837329626083374,0.40922632813453674,True,False,False,False
STRAIN_000020,2,LOCAL_W10,442,5,0.9207075834274292,0.0792924165725708,0.3982270658016205,True,False,False,False
STRAIN_000021,2,LOCAL_W10,42,1,0.9178680777549744,0.08213192224502563,0.40529465675354004,True,False,False,False
STRAIN_000021,2,LOCAL_W10,142,2,0.9494765996932983,0.05052340030670166,0.3178786039352417,True,False,False,False
STRAIN_000021,2,LOCAL_W10,242,3,0.9286441802978516,0.07135581970214844,0.3777719736099243,True,False,False,False
STRAIN_000021,2,LOCAL_W10,342,4,0.936715841293335,0.06328415870666504,0.35576459765434265,True,False,False,False
STRAIN_000021,2,LOCAL_W10,442,5,0.9533986449241638,0.04660135507583618,0.3052912652492523,True,False,False,False
STRAIN_000022,2,LOCAL_W10,42,1,0.9202449321746826,0.07975506782531738,0.399387389421463,True,False,False,False
STRAIN_000022,2,LOCAL_W10,142,2,0.9343420267105103,0.06565797328948975,0.36237549781799316,True,False,False,False
STRAIN_000022,2,LOCAL_W10,242,3,0.9361441135406494,0.06385588645935059,0.35736799240112305,True,False,False,False
STRAIN_000022,2,LOCAL_W10,342,4,0.9291566610336304,0.07084333896636963,0.37641310691833496,True,False,False,False
STRAIN_000022,2,LOCAL_W10,442,5,0.9136896729469299,0.08631032705307007,0.41547641158103943,True,False,False,False
STRAIN_000023,2,LOCAL_W10,42,1,0.9141626954078674,0.08583730459213257,0.41433626413345337,True,False,False,False
STRAIN_000023,2,LOCAL_W10,142,2,0.9155821800231934,0.08441781997680664,0.41089609265327454,True,False,False,False
STRAIN_000023,2,LOCAL_W10,242,3,0.9003193378448486,0.09968066215515137,0.4464989900588989,True,False,False,False
STRAIN_000023,2,LOCAL_W10,342,4,0.9202538728713989,0.07974612712860107,0.39936476945877075,True,False,False,False
STRAIN_000023,2,LOCAL_W10,442,5,0.9100638628005981,0.08993613719940186,0.4241132140159607,True,False,False,False
STRAIN_000026,2,LOCAL_W10,42,1,0.9129337072372437,0.08706629276275635,0.41729190945625305,True,False,False,False
STRAIN_000026,2,LOCAL_W10,142,2,0.9029369354248047,0.09706306457519531,0.4405975043773651,True,False,False,False
STRAIN_000026,2,LOCAL_W10,242,3,0.9212419986724854,0.07875800132751465,0.3968828320503235,True,False,False,False
STRAIN_000026,2,LOCAL_W10,342,4,0.9074264764785767,0.09257352352142334,0.43028730154037476,True,False,False,False
STRAIN_000026,2,LOCAL_W10,442,5,0.9156022071838379,0.08439779281616211,0.41084742546081543,True,False,False,False
STRAIN_000027,2,LOCAL_W10,42,1,0.9154356718063354,0.08456432819366455,0.41125261783599854,True,False,False,False
STRAIN_000027,2,LOCAL_W10,142,2,0.9326265454292297,0.06737345457077026,0.36707907915115356,True,False,False,False
STRAIN_000027,2,LOCAL_W10,242,3,0.9188090562820435,0.08119094371795654,0.40296632051467896,True,False,False,False
STRAIN_000027,2,LOCAL_W10,342,4,0.9186317324638367,0.08136826753616333,0.4034063518047333,True,False,False,False
STRAIN_000027,2,LOCAL_W10,442,5,0.910200834274292,0.08979916572570801,0.42379048466682434,True,False,False,False
STRAIN_000030,2,LOCAL_W10,42,1,0.9200384616851807,0.07996153831481934,0.39990392327308655,True,False,False,False
STRAIN_000030,2,LOCAL_W10,142,2,0.9143146276473999,0.0856853723526001,0.41396960616111755,True,False,False,False
STRAIN_000030,2,LOCAL_W10,242,3,0.9157063961029053,0.08429360389709473,0.41059377789497375,True,False,False,False
STRAIN_000030,2,LOCAL_W10,342,4,0.8999414443969727,0.10005855560302734,0.4473446011543274,True,False,False,False
STRAIN_000030,2,LOCAL_W10,442,5,0.9191780090332031,0.08082199096679688,0.4020499885082245,True,False,False,False
STRAIN_000031,2,LOCAL_W10,42,1,0.929733157157898,0.07026684284210205,0.37487807869911194,True,False,False,False
STRAIN_000031,2,LOCAL_W10,142,2,0.9250483512878418,0.0749516487121582,0.3871733844280243,True,False,False,False
STRAIN_000031,2,LOCAL_W10,242,3,0.9323748350143433,0.06762516498565674,0.3677639663219452,True,False,False,False
STRAIN_000031,2,LOCAL_W10,342,4,0.9382262229919434,0.06177377700805664,0.35149309039115906,True,False,False,False
STRAIN_000031,2,LOCAL_W10,442,5,0.9268515110015869,0.07314848899841309,0.3824878931045532,True,False,False,False
STRAIN_000034,2,LOCAL_W10,42,1,0.907975435256958,0.09202456474304199,0.4290095567703247,True,False,False,False
STRAIN_000034,2,LOCAL_W10,142,2,0.9027622938156128,0.09723770618438721,0.4409935772418976,True,False,False,False
STRAIN_000034,2,LOCAL_W10,242,3,0.9163600206375122,0.08363997936248779,0.4089986979961395,True,False,False,False
STRAIN_000034,2,LOCAL_W10,342,4,0.9182233810424805,0.08177661895751953,0.40441709756851196,True,False,False,False
STRAIN_000034,2,LOCAL_W10,442,5,0.9124118089675903,0.08758819103240967,0.4185406267642975,True,False,False,False
STRAIN_000045,2,LOCAL_W10,42,1,0.9131889343261719,0.08681106567382812,0.41667982935905457,True,False,False,False
STRAIN_000045,2,LOCAL_W10,142,2,0.9052643775939941,0.09473562240600586,0.43528297543525696,True,False,False,False
STRAIN_000045,2,LOCAL_W10,242,3,0.9080454111099243,0.09195458889007568,0.42884644865989685,True,False,False,False
STRAIN_000045,2,LOCAL_W10,342,4,0.9211751222610474,0.07882487773895264,0.39705127477645874,True,False,False,False
STRAIN_000045,2,LOCAL_W10,442,5,0.9119592308998108,0.08804076910018921,0.4196207821369171,True,False,False,False
STRAIN_000046,2,LOCAL_W10,42,1,0.9124141931533813,0.08758580684661865,0.4185350239276886,True,False,False,False
STRAIN_000046,2,LOCAL_W10,142,2,0.9172406196594238,0.08275938034057617,0.40683987736701965,True,False,False,False
STRAIN_000046,2,LOCAL_W10,242,3,0.9249927997589111,0.07500720024108887,0.3873167634010315,True,False,False,False
STRAIN_000046,2,LOCAL_W10,342,4,0.917153000831604,0.082846999168396,0.40705522894859314,True,False,False,False
STRAIN_000046,2,LOCAL_W10,442,5,0.9219134449958801,0.07808655500411987,0.3951873779296875,True,False,False,False
STRAIN_000047,2,LOCAL_W10,42,1,0.9062296152114868,0.09377038478851318,0.43305981159210205,True,False,False,False
STRAIN_000047,2,LOCAL_W10,142,2,0.9025064706802368,0.09749352931976318,0.44157329201698303,True,False,False,False
STRAIN_000047,2,LOCAL_W10,242,3,0.9128983020782471,0.08710169792175293,0.41737690567970276,True,False,False,False
STRAIN_000047,2,LOCAL_W10,342,4,0.9184462428092957,0.08155375719070435,0.40386584401130676,True,False,False,False
STRAIN_000047,2,LOCAL_W10,442,5,0.9162802696228027,0.08371973037719727,0.40919366478919983,True,False,False,False
STRAIN_000048,2,LOCAL_W10,42,1,0.9230634570121765,0.07693654298782349,0.3922666013240814,True,False,False,False
STRAIN_000048,2,LOCAL_W10,142,2,0.9205167293548584,0.0794832706451416,0.3987060487270355,True,False,False,False
STRAIN_000048,2,LOCAL_W10,242,3,0.9344403743743896,0.06555962562561035,0.36210396885871887,True,False,False,False
STRAIN_000048,2,LOCAL_W10,342,4,0.9399340152740479,0.06006598472595215,0.34660041332244873,True,False,False,False
STRAIN_000048,2,LOCAL_W10,442,5,0.9234849214553833,0.0765150785446167,0.3911907970905304,True,False,False,False
STRAIN_000049,2,LOCAL_W10,42,1,0.9162180423736572,0.08378195762634277,0.4093458354473114,True,False,False,False
STRAIN_000049,2,LOCAL_W10,142,2,0.9048581719398499,0.09514182806015015,0.43621522188186646,True,False,False,False
STRAIN_000049,2,LOCAL_W10,242,3,0.9132559299468994,0.08674407005310059,0.41651901602745056,True,False,False,False
STRAIN_000049,2,LOCAL_W10,342,4,0.9108164310455322,0.08918356895446777,0.4223354160785675,True,False,False,False
STRAIN_000049,2,LOCAL_W10,442,5,0.9162305593490601,0.08376944065093994,0.40931519865989685,True,False,False,False
STRAIN_000050,2,LOCAL_W10,42,1,0.9111342430114746,0.08886575698852539,0.42158207297325134,True,False,False,False
STRAIN_000050,2,LOCAL_W10,142,2,0.9024695754051208,0.09753042459487915,0.4416569769382477,True,False,False,False
STRAIN_000050,2,LOCAL_W10,242,3,0.9149250388145447,0.08507496118545532,0.4124923646450043,True,False,False,False
STRAIN_000050,2,LOCAL_W10,342,4,0.9069763422012329,0.09302365779876709,0.43133214116096497,True,False,False,False
STRAIN_000050,2,LOCAL_W10,442,5,0.9137061834335327,0.08629381656646729,0.41543665528297424,True,False,False,False
STRAIN_000051,2,LOCAL_W10,42,1,0.9129534363746643,0.0870465636253357,0.417244553565979,True,False,False,False
STRAIN_000051,2,LOCAL_W10,142,2,0.899238109588623,0.10076189041137695,0.44891414046287537,True,False,False,False
STRAIN_000051,2,LOCAL_W10,242,3,0.9181904196739197,0.08180958032608032,0.4044986963272095,True,False,False,False
STRAIN_000051,2,LOCAL_W10,342,4,0.9175863265991211,0.0824136734008789,0.4059893488883972,True,False,False,False
STRAIN_000051,2,LOCAL_W10,442,5,0.9008364081382751,0.09916359186172485,0.44533926248550415,True,False,False,False
STRAIN_000052,2,LOCAL_W10,42,1,0.9119575023651123,0.0880424976348877,0.4196247458457947,True,False,False,False
STRAIN_000052,2,LOCAL_W10,142,2,0.910256028175354,0.089743971824646,0.42366012930870056,True,False,False,False
STRAIN_000052,2,LOCAL_W10,242,3,0.9032527208328247,0.09674727916717529,0.4398799538612366,True,False,False,False
STRAIN_000052,2,LOCAL_W10,342,4,0.9034156799316406,0.09658432006835938,0.4395095407962799,True,False,False,False
STRAIN_000052,2,LOCAL_W10,442,5,0.9025685787200928,0.09743142127990723,0.4414325952529907,True,False,False,False
STRAIN_000053,2,LOCAL_W10,42,1,0.9046766757965088,0.09532332420349121,0.43663084506988525,True,False,False,False
STRAIN_000053,2,LOCAL_W10,142,2,0.9100590944290161,0.08994090557098389,0.42412468791007996,True,False,False,False
STRAIN_000053,2,LOCAL_W10,242,3,0.9171555042266846,0.08284449577331543,0.4070490300655365,True,False,False,False
STRAIN_000053,2,LOCAL_W10,342,4,0.9160429239273071,0.08395707607269287,0.4097733497619629,True,False,False,False
STRAIN_000053,2,LOCAL_W10,442,5,0.9176985025405884,0.08230149745941162,0.40571272373199463,True,False,False,False
STRAIN_000054,2,LOCAL_W10,42,1,0.9141619205474854,0.08583807945251465,0.4143381118774414,True,False,False,False
STRAIN_000054,2,LOCAL_W10,142,2,0.9112223386764526,0.08877766132354736,0.4213730990886688,True,False,False,False
STRAIN_000054,2,LOCAL_W10,242,3,0.9235283732414246,0.07647162675857544,0.39107948541641235,True,False,False,False
STRAIN_000054,2,LOCAL_W10,342,4,0.9161944389343262,0.08380556106567383,0.40940335392951965,True,False,False,False
STRAIN_000054,2,LOCAL_W10,442,5,0.9051359295845032,0.09486407041549683,0.4355778396129608,True,False,False,False
STRAIN_000055,2,LOCAL_W10,42,1,0.9097336530685425,0.09026634693145752,0.4248914122581482,True,False,False,False
STRAIN_000055,2,LOCAL_W10,142,2,0.9156448841094971,0.08435511589050293,0.4107435643672943,True,False,False,False
STRAIN_000055,2,LOCAL_W10,242,3,0.9004998207092285,0.09950017929077148,0.4460946321487427,True,False,False,False
STRAIN_000055,2,LOCAL_W10,342,4,0.9135431051254272,0.08645689487457275,0.4158291816711426,True,False,False,False
STRAIN_000055,2,LOCAL_W10,442,5,0.9093891978263855,0.0906108021736145,0.42570140957832336,True,False,False,False
STRAIN_000077,2,LOCAL_W10,42,1,0.9209986925125122,0.07900130748748779,0.3974952697753906,True,False,False,False
STRAIN_000077,2,LOCAL_W10,142,2,0.9289608001708984,0.07103919982910156,0.3769327998161316,True,False,False,False
STRAIN_000077,2,LOCAL_W10,242,3,0.9191771745681763,0.08082282543182373,0.4020516872406006,True,False,False,False
STRAIN_000077,2,LOCAL_W10,342,4,0.9254834651947021,0.07451653480529785,0.386047899723053,True,False,False,False
STRAIN_000077,2,LOCAL_W10,442,5,0.934370756149292,0.06562924385070801,0.36229610443115234,True,False,False,False
STRAIN_000078,2,LOCAL_W10,42,1,0.9144944548606873,0.08550554513931274,0.41353487968444824,True,False,False,False
STRAIN_000078,2,LOCAL_W10,142,2,0.9143102169036865,0.08568978309631348,0.41398024559020996,True,False,False,False
STRAIN_000078,2,LOCAL_W10,242,3,0.8896828889846802,0.11031711101531982,0.469717413187027,True,False,False,False
STRAIN_000078,2,LOCAL_W10,342,4,0.9136195182800293,0.0863804817199707,0.4156452715396881,True,False,False,False
STRAIN_000078,2,LOCAL_W10,442,5,0.9095700979232788,0.09042990207672119,0.4252761900424957,True,False,False,False
STRAIN_000079,2,LOCAL_W10,42,1,0.8837023377418518,0.1162976622581482,0.4822814166545868,True,False,False,False
STRAIN_000079,2,LOCAL_W10,142,2,0.9237349033355713,0.07626509666442871,0.3905511796474457,True,False,False,False
STRAIN_000079,2,LOCAL_W10,242,3,0.9172351956367493,0.08276480436325073,0.40685343742370605,True,False,False,False
STRAIN_000079,2,LOCAL_W10,342,4,0.9230872988700867,0.07691270112991333,0.3922058939933777,True,False,False,False
STRAIN_000079,2,LOCAL_W10,442,5,0.8867478370666504,0.11325216293334961,0.4759247899055481,True,False,False,False
STRAIN_000095,2,LOCAL_W10,42,1,0.909072756767273,0.09092724323272705,0.426443874835968,True,False,False,False
STRAIN_000095,2,LOCAL_W10,142,2,0.9036847352981567,0.09631526470184326,0.43889692425727844,True,False,False,False
STRAIN_000095,2,LOCAL_W10,242,3,0.9029173851013184,0.09708261489868164,0.4406417906284332,True,False,False,False
STRAIN_000095,2,LOCAL_W10,342,4,0.9243184924125671,0.07568150758743286,0.38905400037765503,True,False,False,False
STRAIN_000095,2,LOCAL_W10,442,5,0.9189541339874268,0.08104586601257324,0.4026060700416565,True,False,False,False
STRAIN_000096,2,LOCAL_W10,42,1,0.935653567314148,0.06434643268585205,0.3587378263473511,True,False,False,False
STRAIN_000096,2,LOCAL_W10,142,2,0.9353334307670593,0.06466656923294067,0.3596290946006775,True,False,False,False
STRAIN_000096,2,LOCAL_W10,242,3,0.9387838840484619,0.061216115951538086,0.34990301728248596,True,False,False,False
STRAIN_000096,2,LOCAL_W10,342,4,0.9285026788711548,0.07149732112884521,0.37814608216285706,True,False,False,False
STRAIN_000096,2,LOCAL_W10,442,5,0.9312397241592407,0.06876027584075928,0.3708377182483673,True,False,False,False
STRAIN_000097,2,LOCAL_W10,42,1,0.960230827331543,0.03976917266845703,0.28202542662620544,True,False,False,False
STRAIN_000097,2,LOCAL_W10,142,2,0.9593127965927124,0.0406872034072876,0.28526178002357483,True,False,False,False
STRAIN_000097,2,LOCAL_W10,242,3,0.955838143825531,0.044161856174468994,0.2971929907798767,True,False,False,False
STRAIN_000097,2,LOCAL_W10,342,4,0.9593104720115662,0.04068952798843384,0.2852700650691986,True,False,False,False
STRAIN_000097,2,LOCAL_W10,442,5,0.9627982378005981,0.037201762199401855,0.272769957780838,True,False,False,False
STRAIN_000099,2,LOCAL_W10,42,1,0.9319344162940979,0.0680655837059021,0.36895957589149475,True,False,False,False
STRAIN_000099,2,LOCAL_W10,142,2,0.9317581653594971,0.06824183464050293,0.36943715810775757,True,False,False,False
STRAIN_000099,2,LOCAL_W10,242,3,0.9364270567893982,0.0635729432106018,0.3565755784511566,True,False,False,False
STRAIN_000099,2,LOCAL_W10,342,4,0.9376300573348999,0.0623699426651001,0.353185772895813,True,False,False,False
STRAIN_000099,2,LOCAL_W10,442,5,0.9343914985656738,0.06560850143432617,0.3622390329837799,True,False,False,False
STRAIN_000100,2,LOCAL_W10,42,1,0.9280709028244019,0.07192909717559814,0.37928614020347595,True,False,False,False
STRAIN_000100,2,LOCAL_W10,142,2,0.9260196685791016,0.07398033142089844,0.38465648889541626,True,False,False,False
STRAIN_000100,2,LOCAL_W10,242,3,0.9259976744651794,0.07400232553482056,0.38471361994743347,True,False,False,False
STRAIN_000100,2,LOCAL_W10,342,4,0.9343651533126831,0.0656348466873169,0.3623117208480835,True,False,False,False
STRAIN_000100,2,LOCAL_W10,442,5,0.9300917387008667,0.0699082612991333,0.3739204406738281,True,False,False,False
STRAIN_000103,2,LOCAL_W10,42,1,0.9335200786590576,0.06647992134094238,0.36463654041290283,True,False,False,False
STRAIN_000103,2,LOCAL_W10,142,2,0.9148112535476685,0.08518874645233154,0.41276800632476807,True,False,False,False
STRAIN_000103,2,LOCAL_W10,242,3,0.9218765497207642,0.07812345027923584,0.3952808380126953,True,False,False,False
STRAIN_000103,2,LOCAL_W10,342,4,0.9362531900405884,0.06374680995941162,0.3570624887943268,True,False,False,False
STRAIN_000103,2,LOCAL_W10,442,5,0.9284771084785461,0.07152289152145386,0.3782138228416443,True,False,False,False
STRAIN_000111,2,LOCAL_W10,42,1,0.9372518062591553,0.06274819374084473,0.35425451397895813,True,False,False,False
STRAIN_000111,2,LOCAL_W10,142,2,0.9415648579597473,0.058435142040252686,0.3418629765510559,True,False,False,False
STRAIN_000111,2,LOCAL_W10,242,3,0.9445384740829468,0.05546152591705322,0.3330511450767517,True,False,False,False
STRAIN_000111,2,LOCAL_W10,342,4,0.9369046092033386,0.06309539079666138,0.35523343086242676,True,False,False,False
STRAIN_000111,2,LOCAL_W10,442,5,0.9469165802001953,0.05308341979980469,0.3258325457572937,True,False,False,False
STRAIN_000122,2,LOCAL_W10,42,1,0.9290131330490112,0.07098686695098877,0.3767939507961273,True,False,False,False
STRAIN_000122,2,LOCAL_W10,142,2,0.9143242835998535,0.08567571640014648,0.4139460325241089,True,False,False,False
STRAIN_000122,2,LOCAL_W10,242,3,0.9324334263801575,0.06756657361984253,0.3676045536994934,True,False,False,False
STRAIN_000122,2,LOCAL_W10,342,4,0.9225878119468689,0.0774121880531311,0.39347755908966064,True,False,False,False
STRAIN_000122,2,LOCAL_W10,442,5,0.9297453165054321,0.07025468349456787,0.37484562397003174,True,False,False,False
STRAIN_000127,2,LOCAL_W10,42,1,0.9265612959861755,0.07343870401382446,0.3832458555698395,True,False,False,False
STRAIN_000127,2,LOCAL_W10,142,2,0.9275434613227844,0.07245653867721558,0.3806746006011963,True,False,False,False
STRAIN_000127,2,LOCAL_W10,242,3,0.9073920249938965,0.09260797500610352,0.43036720156669617,True,False,False,False
STRAIN_000127,2,LOCAL_W10,342,4,0.934217631816864,0.06578236818313599,0.36271852254867554,True,False,False,False
STRAIN_000127,2,LOCAL_W10,442,5,0.9160312414169312,0.08396875858306885,0.40980181097984314,True,False,False,False
STRAIN_000134,2,LOCAL_W10,42,1,0.9282141923904419,0.0717858076095581,0.3789084255695343,True,False,False,False
STRAIN_000134,2,LOCAL_W10,142,2,0.9242405295372009,0.07575947046279907,0.3892543613910675,True,False,False,False
STRAIN_000134,2,LOCAL_W10,242,3,0.9181183576583862,0.08188164234161377,0.40467679500579834,True,False,False,False
STRAIN_000134,2,LOCAL_W10,342,4,0.9334806799888611,0.06651932001113892,0.36474451422691345,True,False,False,False
STRAIN_000134,2,LOCAL_W10,442,5,0.9003428220748901,0.09965717792510986,0.44644662737846375,True,False,False,False
STRAIN_000135,2,LOCAL_W10,42,1,0.9220514297485352,0.07794857025146484,0.3948381841182709,True,False,False,False
STRAIN_000135,2,LOCAL_W10,142,2,0.9163346886634827,0.08366531133651733,0.4090607464313507,True,False,False,False
STRAIN_000135,2,LOCAL_W10,242,3,0.9264386296272278,0.07356137037277222,0.38356614112854004,True,False,False,False
STRAIN_000135,2,LOCAL_W10,342,4,0.9237877130508423,0.07621228694915771,0.3904159963130951,True,False,False,False
STRAIN_000135,2,LOCAL_W10,442,5,0.9236440658569336,0.0763559341430664,0.39078381657600403,True,False,False,False
STRAIN_000137,2,LOCAL_W10,42,1,0.9233220815658569,0.07667791843414307,0.3916066288948059,True,False,False,False
STRAIN_000137,2,LOCAL_W10,142,2,0.9139341115951538,0.08606588840484619,0.41488781571388245,True,False,False,False
STRAIN_000137,2,LOCAL_W10,242,3,0.9051440954208374,0.0948559045791626,0.4355592131614685,True,False,False,False
STRAIN_000137,2,LOCAL_W10,342,4,0.9441783428192139,0.05582165718078613,0.3341307044029236,True,False,False,False
STRAIN_000137,2,LOCAL_W10,442,5,0.9387727975845337,0.06122720241546631,0.34993499517440796,True,False,False,False
STRAIN_000138,2,LOCAL_W10,42,1,0.9192571640014648,0.08074283599853516,0.4018528461456299,True,False,False,False
STRAIN_000138,2,LOCAL_W10,142,2,0.9065845012664795,0.09341549873352051,0.43223944306373596,True,False,False,False
STRAIN_000138,2,LOCAL_W10,242,3,0.9082912802696228,0.0917087197303772,0.4282725751399994,True,False,False,False
STRAIN_000138,2,LOCAL_W10,342,4,0.9034541845321655,0.09654581546783447,0.4394221007823944,True,False,False,False
STRAIN_000138,2,LOCAL_W10,442,5,0.9076610803604126,0.0923389196395874,0.4297415018081665,True,False,False,False
STRAIN_000139,2,LOCAL_W10,42,1,0.9383752942085266,0.06162470579147339,0.35106906294822693,True,False,False,False
STRAIN_000139,2,LOCAL_W10,142,2,0.910271167755127,0.08972883224487305,0.4236244857311249,True,False,False,False
STRAIN_000139,2,LOCAL_W10,242,3,0.9289399981498718,0.07106000185012817,0.3769880533218384,True,False,False,False
STRAIN_000139,2,LOCAL_W10,342,4,0.9294834733009338,0.07051652669906616,0.37554359436035156,True,False,False,False
STRAIN_000139,2,LOCAL_W10,442,5,0.9267469644546509,0.07325303554534912,0.3827609121799469,True,False,False,False
STRAIN_000142,2,LOCAL_W10,42,1,0.9319640398025513,0.06803596019744873,0.36887919902801514,True,False,False,False
STRAIN_000142,2,LOCAL_W10,142,2,0.9271858930587769,0.07281410694122314,0.3816125690937042,True,False,False,False
STRAIN_000142,2,LOCAL_W10,242,3,0.9273855090141296,0.07261449098587036,0.38108932971954346,True,False,False,False
STRAIN_000142,2,LOCAL_W10,342,4,0.9262712001800537,0.07372879981994629,0.384002149105072,True,False,False,False
STRAIN_000142,2,LOCAL_W10,442,5,0.9187173843383789,0.0812826156616211,0.403193861246109,True,False,False,False
STRAIN_000145,2,LOCAL_W10,42,1,0.9297254681587219,0.07027453184127808,0.3748987317085266,True,False,False,False
STRAIN_000145,2,LOCAL_W10,142,2,0.9142769575119019,0.08572304248809814,0.4140605330467224,True,False,False,False
STRAIN_000145,2,LOCAL_W10,242,3,0.9123868942260742,0.08761310577392578,0.41860029101371765,True,False,False,False
STRAIN_000145,2,LOCAL_W10,342,4,0.9309978485107422,0.06900215148925781,0.37148937582969666,True,False,False,False
STRAIN_000145,2,LOCAL_W10,442,5,0.9068056344985962,0.09319436550140381,0.43172773718833923,True,False,False,False
STRAIN_000155,2,LOCAL_W10,42,1,0.9156332015991211,0.0843667984008789,0.4107719957828522,True,False,False,False
STRAIN_000155,2,LOCAL_W10,142,2,0.9164036512374878,0.08359634876251221,0.4088922441005707,True,False,False,False
STRAIN_000155,2,LOCAL_W10,242,3,0.9174637794494629,0.08253622055053711,0.40629106760025024,True,False,False,False
STRAIN_000155,2,LOCAL_W10,342,4,0.9104523658752441,0.08954763412475586,0.4231966435909271,True,False,False,False
STRAIN_000155,2,LOCAL_W10,442,5,0.9239623546600342,0.07603764533996582,0.38996851444244385,True,False,False,False
STRAIN_000156,2,LOCAL_W10,42,1,0.9161819219589233,0.08381807804107666,0.40943390130996704,True,False,False,False
STRAIN_000156,2,LOCAL_W10,142,2,0.9226433038711548,0.07735669612884521,0.3933362066745758,True,False,False,False
STRAIN_000156,2,LOCAL_W10,242,3,0.9059162139892578,0.09408378601074219,0.43378299474716187,True,False,False,False
STRAIN_000156,2,LOCAL_W10,342,4,0.924366295337677,0.075633704662323,0.3889312148094177,True,False,False,False
STRAIN_000156,2,LOCAL_W10,442,5,0.9362800121307373,0.0637199878692627,0.35698723793029785,True,False,False,False
STRAIN_000176,2,LOCAL_W10,42,1,0.9201253056526184,0.07987469434738159,0.39968636631965637,True,False,False,False
STRAIN_000176,2,LOCAL_W10,142,2,0.9230824708938599,0.07691752910614014,0.39221808314323425,True,False,False,False
STRAIN_000176,2,LOCAL_W10,242,3,0.9045884609222412,0.09541153907775879,0.4368330240249634,True,False,False,False
STRAIN_000176,2,LOCAL_W10,342,4,0.9035933017730713,0.09640669822692871,0.4391050934791565,True,False,False,False
STRAIN_000176,2,LOCAL_W10,442,5,0.9117531776428223,0.08824682235717773,0.4201112985610962,True,False,False,False
STRAIN_000179,2,LOCAL_W10,42,1,0.9072707891464233,0.09272921085357666,0.4306488335132599,True,False,False,False
STRAIN_000179,2,LOCAL_W10,142,2,0.924505352973938,0.07549464702606201,0.3885732591152191,True,False,False,False
STRAIN_000179,2,LOCAL_W10,242,3,0.9188126921653748,0.08118730783462524,0.4029574394226074,True,False,False,False
STRAIN_000179,2,LOCAL_W10,342,4,0.9213370084762573,0.07866299152374268,0.39664357900619507,True,False,False,False
STRAIN_000179,2,LOCAL_W10,442,5,0.9202460050582886,0.07975399494171143,0.39938434958457947,True,False,False,False
STRAIN_000182,2,LOCAL_W10,42,1,0.9347931742668152,0.06520682573318481,0.3611285388469696,True,False,False,False
STRAIN_000182,2,LOCAL_W10,142,2,0.9370055198669434,0.06299448013305664,0.3549492359161377,True,False,False,False
STRAIN_000182,2,LOCAL_W10,242,3,0.9387232661247253,0.06127673387527466,0.3500764071941376,True,False,False,False
STRAIN_000182,2,LOCAL_W10,342,4,0.944640576839447,0.05535942316055298,0.33274441957473755,True,False,False,False
STRAIN_000182,2,LOCAL_W10,442,5,0.9385924339294434,0.06140756607055664,0.35044974088668823,True,False,False,False
STRAIN_000187,2,LOCAL_W10,42,1,0.9112426042556763,0.08875739574432373,0.421325147151947,True,False,False,False
STRAIN_000187,2,LOCAL_W10,142,2,0.924270749092102,0.07572925090789795,0.389176607131958,True,False,False,False
STRAIN_000187,2,LOCAL_W10,242,3,0.9184541702270508,0.08154582977294922,0.4038461148738861,True,False,False,False
STRAIN_000187,2,LOCAL_W10,342,4,0.921075701713562,0.07892429828643799,0.3973015546798706,True,False,False,False
STRAIN_000187,2,LOCAL_W10,442,5,0.9048856496810913,0.09511435031890869,0.43615201115608215,True,False,False,False
STRAIN_000194,2,LOCAL_W10,42,1,0.9547711610794067,0.04522883892059326,0.30076199769973755,True,False,False,False
STRAIN_000194,2,LOCAL_W10,142,2,0.9574882984161377,0.042511701583862305,0.2915875017642975,True,False,False,False
STRAIN_000194,2,LOCAL_W10,242,3,0.9542249441146851,0.04577505588531494,0.3025723993778229,True,False,False,False
STRAIN_000194,2,LOCAL_W10,342,4,0.9555234909057617,0.04447650909423828,0.298249751329422,True,False,False,False
STRAIN_000194,2,LOCAL_W10,442,5,0.9547228813171387,0.04527711868286133,0.3009222447872162,True,False,False,False
STRAIN_000196,2,LOCAL_W10,42,1,0.9167029857635498,0.0832970142364502,0.408159464597702,True,False,False,False
STRAIN_000196,2,LOCAL_W10,142,2,0.9252297282218933,0.07477027177810669,0.38670483231544495,True,False,False,False
STRAIN_000196,2,LOCAL_W10,242,3,0.9197922945022583,0.0802077054977417,0.4005192518234253,True,False,False,False
STRAIN_000196,2,LOCAL_W10,342,4,0.9147942662239075,0.08520573377609253,0.4128093123435974,True,False,False,False
STRAIN_000196,2,LOCAL_W10,442,5,0.912529468536377,0.08747053146362305,0.41825976967811584,True,False,False,False
STRAIN_000197,2,LOCAL_W10,42,1,0.9304029941558838,0.06959700584411621,0.37308692932128906,True,False,False,False
STRAIN_000197,2,LOCAL_W10,142,2,0.9213602542877197,0.07863974571228027,0.39658471941947937,True,False,False,False
STRAIN_000197,2,LOCAL_W10,242,3,0.9249287843704224,0.07507121562957764,0.3874821662902832,True,False,False,False
STRAIN_000197,2,LOCAL_W10,342,4,0.9234578013420105,0.0765421986579895,0.391260027885437,True,False,False,False
STRAIN_000197,2,LOCAL_W10,442,5,0.9045242071151733,0.09547579288482666,0.43698009848594666,True,False,False,False
STRAIN_000198,2,LOCAL_W10,42,1,0.9236443042755127,0.0763556957244873,0.3907831311225891,True,False,False,False
STRAIN_000198,2,LOCAL_W10,142,2,0.9342883825302124,0.0657116174697876,0.36252346634864807,True,False,False,False
STRAIN_000198,2,LOCAL_W10,242,3,0.9441177845001221,0.05588221549987793,0.33431190252304077,True,False,False,False
STRAIN_000198,2,LOCAL_W10,342,4,0.9389525651931763,0.06104743480682373,0.349420964717865,True,False,False,False
STRAIN_000198,2,LOCAL_W10,442,5,0.9316250085830688,0.06837499141693115,0.36979740858078003,True,False,False,False
STRAIN_000200,2,LOCAL_W10,42,1,0.9196484088897705,0.08035159111022949,0.4008781313896179,True,False,False,False
STRAIN_000200,2,LOCAL_W10,142,2,0.9144498109817505,0.08555018901824951,0.4136427640914917,True,False,False,False
STRAIN_000200,2,LOCAL_W10,242,3,0.912299394607544,0.08770060539245605,0.41880932450294495,True,False,False,False
STRAIN_000200,2,LOCAL_W10,342,4,0.9236433506011963,0.07635664939880371,0.3907855749130249,True,False,False,False
STRAIN_000200,2,LOCAL_W10,442,5,0.9167455434799194,0.08325445652008057,0.40805506706237793,True,False,False,False
STRAIN_000202,2,LOCAL_W10,42,1,0.9143930673599243,0.08560693264007568,0.41378000378608704,True,False,False,False
STRAIN_000202,2,LOCAL_W10,142,2,0.917622447013855,0.08237755298614502,0.40590018033981323,True,False,False,False
STRAIN_000202,2,LOCAL_W10,242,3,0.9284479022026062,0.0715520977973938,0.3782911002635956,True,False,False,False
STRAIN_000202,2,LOCAL_W10,342,4,0.9145063161849976,0.08549368381500244,0.413506418466568,True,False,False,False
STRAIN_000202,2,LOCAL_W10,442,5,0.915595293045044,0.08440470695495605,0.4108642637729645,True,False,False,False
STRAIN_000205,2,LOCAL_W10,42,1,0.9300674200057983,0.06993257999420166,0.3739853501319885,True,False,False,False
STRAIN_000205,2,LOCAL_W10,142,2,0.9109514355659485,0.08904856443405151,0.4220154583454132,True,False,False,False
STRAIN_000205,2,LOCAL_W10,242,3,0.9157628417015076,0.08423715829849243,0.41045626997947693,True,False,False,False
STRAIN_000205,2,LOCAL_W10,342,4,0.9335894584655762,0.06641054153442383,0.36444607377052307,True,False,False,False
STRAIN_000205,2,LOCAL_W10,442,5,0.9236289262771606,0.07637107372283936,0.39082249999046326,True,False,False,False
STRAIN_000206,2,LOCAL_W10,42,1,0.913191556930542,0.08680844306945801,0.41667357087135315,True,False,False,False
STRAIN_000206,2,LOCAL_W10,142,2,0.9281840324401855,0.07181596755981445,0.37898820638656616,True,False,False,False
STRAIN_000206,2,LOCAL_W10,242,3,0.8908405900001526,0.10915940999984741,0.46724626421928406,True,False,False,False
STRAIN_000206,2,LOCAL_W10,342,4,0.9228272438049316,0.07717275619506836,0.3928682506084442,True,False,False,False
STRAIN_000206,2,LOCAL_W10,442,5,0.917944610118866,0.08205538988113403,0.40510594844818115,True,False,False,False
STRAIN_000207,2,LOCAL_W10,42,1,0.9301021695137024,0.06989783048629761,0.37389254570007324,True,False,False,False
STRAIN_000207,2,LOCAL_W10,142,2,0.9115778803825378,0.08842211961746216,0.4205286502838135,True,False,False,False
STRAIN_000207,2,LOCAL_W10,242,3,0.9280219674110413,0.07197803258895874,0.379415363073349,True,False,False,False
STRAIN_000207,2,LOCAL_W10,342,4,0.9209333658218384,0.07906663417816162,0.3976597487926483,True,False,False,False
STRAIN_000207,2,LOCAL_W10,442,5,0.9191835522651672,0.08081644773483276,0.4020361304283142,True,False,False,False
STRAIN_000215,2,LOCAL_W10,42,1,0.9217040538787842,0.07829594612121582,0.3957170844078064,True,False,False,False
STRAIN_000215,2,LOCAL_W10,142,2,0.939256489276886,0.060743510723114014,0.34855014085769653,True,False,False,False
STRAIN_000215,2,LOCAL_W10,242,3,0.9276524186134338,0.07234758138656616,0.38038837909698486,True,False,False,False
STRAIN_000215,2,LOCAL_W10,342,4,0.9470594525337219,0.052940547466278076,0.3253936767578125,True,False,False,False
STRAIN_000215,2,LOCAL_W10,442,5,0.9171382784843445,0.08286172151565552,0.4070914089679718,True,False,False,False
STRAIN_000217,2,LOCAL_W10,42,1,0.9300708770751953,0.06992912292480469,0.37397652864456177,True,False,False,False
STRAIN_000217,2,LOCAL_W10,142,2,0.9236369132995605,0.07636308670043945,0.3908018171787262,True,False,False,False
STRAIN_000217,2,LOCAL_W10,242,3,0.9381805658340454,0.06181943416595459,0.3516230285167694,True,False,False,False
STRAIN_000217,2,LOCAL_W10,342,4,0.9225515723228455,0.07744842767715454,0.3935695290565491,True,False,False,False
STRAIN_000217,2,LOCAL_W10,442,5,0.9192028641700745,0.08079713582992554,0.40198785066604614,True,False,False,False
STRAIN_000221,2,LOCAL_W10,42,1,0.9287055730819702,0.07129442691802979,0.37760934233665466,True,False,False,False
STRAIN_000221,2,LOCAL_W10,142,2,0.9248836636543274,0.07511633634567261,0.38759875297546387,True,False,False,False
STRAIN_000221,2,LOCAL_W10,242,3,0.9175519943237305,0.08244800567626953,0.4060738980770111,True,False,False,False
STRAIN_000221,2,LOCAL_W10,342,4,0.9336286187171936,0.0663713812828064,0.3643387258052826,True,False,False,False
STRAIN_000221,2,LOCAL_W10,442,5,0.9264439940452576,0.07355600595474243,0.3835517466068268,True,False,False,False
STRAIN_000222,2,LOCAL_W10,42,1,0.916627049446106,0.08337295055389404,0.4083455502986908,True,False,False,False
STRAIN_000222,2,LOCAL_W10,142,2,0.928585946559906,0.071414053440094,0.37792593240737915,True,False,False,False
STRAIN_000222,2,LOCAL_W10,242,3,0.9103101491928101,0.08968985080718994,0.42353251576423645,True,False,False,False
STRAIN_000222,2,LOCAL_W10,342,4,0.9249377250671387,0.07506227493286133,0.38745906949043274,True,False,False,False
STRAIN_000222,2,LOCAL_W10,442,5,0.9299265146255493,0.07007348537445068,0.37436217069625854,True,False,False,False
STRAIN_000223,2,LOCAL_W10,42,1,0.9178016185760498,0.0821983814239502,0.4054589569568634,True,False,False,False
STRAIN_000223,2,LOCAL_W10,142,2,0.9308919906616211,0.0691080093383789,0.37177422642707825,True,False,False,False
STRAIN_000223,2,LOCAL_W10,242,3,0.9236998558044434,0.07630014419555664,0.3906410336494446,True,False,False,False
STRAIN_000223,2,LOCAL_W10,342,4,0.9201840162277222,0.07981598377227783,0.3995398283004761,True,False,False,False
STRAIN_000223,2,LOCAL_W10,442,5,0.9319420456886292,0.06805795431137085,0.3689388036727905,True,False,False,False
STRAIN_000226,2,LOCAL_W10,42,1,0.9156678318977356,0.0843321681022644,0.41068756580352783,True,False,False,False
STRAIN_000226,2,LOCAL_W10,142,2,0.9139214754104614,0.08607852458953857,0.41491806507110596,True,False,False,False
STRAIN_000226,2,LOCAL_W10,242,3,0.9281216263771057,0.07187837362289429,0.3791525959968567,True,False,False,False
STRAIN_000226,2,LOCAL_W10,342,4,0.9195140600204468,0.08048593997955322,0.4012131690979004,True,False,False,False
STRAIN_000226,2,LOCAL_W10,442,5,0.9063637256622314,0.09363627433776855,0.43274998664855957,True,False,False,False
STRAIN_000236,2,LOCAL_W10,42,1,0.9219573140144348,0.07804268598556519,0.3950764834880829,True,False,False,False
STRAIN_000236,2,LOCAL_W10,142,2,0.9326112270355225,0.06738877296447754,0.36712056398391724,True,False,False,False
STRAIN_000236,2,LOCAL_W10,242,3,0.9250040054321289,0.0749959945678711,0.3872879445552826,True,False,False,False
STRAIN_000236,2,LOCAL_W10,342,4,0.9245554208755493,0.07544457912445068,0.3884446620941162,True,False,False,False
STRAIN_000236,2,LOCAL_W10,442,5,0.9157209992408752,0.08427900075912476,0.41055822372436523,True,False,False,False
STRAIN_000238,2,LOCAL_W10,42,1,0.9281725883483887,0.07182741165161133,0.3790181577205658,True,False,False,False
STRAIN_000238,2,LOCAL_W10,142,2,0.9361735582351685,0.06382644176483154,0.35728543996810913,True,False,False,False
STRAIN_000238,2,LOCAL_W10,242,3,0.9293352961540222,0.07066470384597778,0.37593796849250793,True,False,False,False
STRAIN_000238,2,LOCAL_W10,342,4,0.9332295060157776,0.06677049398422241,0.36543259024620056,True,False,False,False
STRAIN_000238,2,LOCAL_W10,442,5,0.9266709089279175,0.07332909107208252,0.3829597234725952,True,False,False,False
STRAIN_000246,2,LOCAL_W10,42,1,0.9243485927581787,0.07565140724182129,0.3889767527580261,True,False,False,False
STRAIN_000246,2,LOCAL_W10,142,2,0.9268580079078674,0.07314199209213257,0.3824707865715027,True,False,False,False
STRAIN_000246,2,LOCAL_W10,242,3,0.9231361150741577,0.07686388492584229,0.39208123087882996,True,False,False,False
STRAIN_000246,2,LOCAL_W10,342,4,0.9277936816215515,0.07220631837844849,0.38001641631126404,True,False,False,False
STRAIN_000246,2,LOCAL_W10,442,5,0.9031469821929932,0.09685301780700684,0.4401203691959381,True,False,False,False
STRAIN_000250,2,LOCAL_W10,42,1,0.9423526525497437,0.05764734745025635,0.33955079317092896,True,False,False,False
STRAIN_000250,2,LOCAL_W10,142,2,0.9234552383422852,0.07654476165771484,0.39126676321029663,True,False,False,False
STRAIN_000250,2,LOCAL_W10,242,3,0.905914306640625,0.094085693359375,0.4337873160839081,True,False,False,False
STRAIN_000250,2,LOCAL_W10,342,4,0.9289079904556274,0.07109200954437256,0.3770730495452881,True,False,False,False
STRAIN_000250,2,LOCAL_W10,442,5,0.9203404188156128,0.07965958118438721,0.3991481065750122,True,False,False,False
STRAIN_000256,2,LOCAL_W10,42,1,0.9365143179893494,0.06348568201065063,0.35633042454719543,True,False,False,False
STRAIN_000256,2,LOCAL_W10,142,2,0.9430031180381775,0.05699688196182251,0.33762943744659424,True,False,False,False
STRAIN_000256,2,LOCAL_W10,242,3,0.9512975215911865,0.04870247840881348,0.3120976388454437,True,False,False,False
STRAIN_000256,2,LOCAL_W10,342,4,0.9474407434463501,0.0525592565536499,0.32421979308128357,True,False,False,False
STRAIN_000256,2,LOCAL_W10,442,5,0.9470309019088745,0.05296909809112549,0.3254815638065338,True,False,False,False
STRAIN_000258,2,LOCAL_W10,42,1,0.932490885257721,0.06750911474227905,0.367448091506958,True,False,False,False
STRAIN_000258,2,LOCAL_W10,142,2,0.89919114112854,0.10080885887145996,0.4490187168121338,True,False,False,False
STRAIN_000258,2,LOCAL_W10,242,3,0.9244074821472168,0.0755925178527832,0.38882508873939514,True,False,False,False
STRAIN_000258,2,LOCAL_W10,342,4,0.9276607632637024,0.07233923673629761,0.3803662061691284,True,False,False,False
STRAIN_000258,2,LOCAL_W10,442,5,0.9162924885749817,0.08370751142501831,0.4091637432575226,True,False,False,False
STRAIN_000265,2,LOCAL_W10,42,1,0.9230495691299438,0.07695043087005615,0.3923020660877228,True,False,False,False
STRAIN_000265,2,LOCAL_W10,142,2,0.9184671640396118,0.08153283596038818,0.40381380915641785,True,False,False,False
STRAIN_000265,2,LOCAL_W10,242,3,0.9295217990875244,0.07047820091247559,0.37544164061546326,True,False,False,False
STRAIN_000265,2,LOCAL_W10,342,4,0.9420187473297119,0.057981252670288086,0.34053272008895874,True,False,False,False
STRAIN_000265,2,LOCAL_W10,442,5,0.9256591796875,0.0743408203125,0.3855927288532257,True,False,False,False
STRAIN_000272,2,LOCAL_W10,42,1,0.9195112586021423,0.08048874139785767,0.40122005343437195,True,False,False,False
STRAIN_000272,2,LOCAL_W10,142,2,0.9221769571304321,0.07782304286956787,0.3945200741291046,True,False,False,False
STRAIN_000272,2,LOCAL_W10,242,3,0.9132157564163208,0.0867842435836792,0.4166155457496643,True,False,False,False
STRAIN_000272,2,LOCAL_W10,342,4,0.922182023525238,0.07781797647476196,0.3945070803165436,True,False,False,False
STRAIN_000272,2,LOCAL_W10,442,5,0.9204245805740356,0.07957541942596436,0.3989368975162506,True,False,False,False
STRAIN_000279,2,LOCAL_W10,42,1,0.9098862409591675,0.09011375904083252,0.4245321452617645,True,False,False,False
STRAIN_000279,2,LOCAL_W10,142,2,0.9296282529830933,0.07037174701690674,0.37515777349472046,True,False,False,False
STRAIN_000279,2,LOCAL_W10,242,3,0.9307714104652405,0.06922858953475952,0.37209829688072205,True,False,False,False
STRAIN_000279,2,LOCAL_W10,342,4,0.931664764881134,0.06833523511886597,0.36968982219696045,True,False,False,False
STRAIN_000279,2,LOCAL_W10,442,5,0.924940288066864,0.07505971193313599,0.38745251297950745,True,False,False,False
STRAIN_000282,2,LOCAL_W10,42,1,0.923142671585083,0.07685732841491699,0.3920646607875824,True,False,False,False
STRAIN_000282,2,LOCAL_W10,142,2,0.9124917984008789,0.0875082015991211,0.4183496832847595,True,False,False,False
STRAIN_000282,2,LOCAL_W10,242,3,0.9205796122550964,0.07942038774490356,0.39854833483695984,True,False,False,False
STRAIN_000282,2,LOCAL_W10,342,4,0.9192482233047485,0.08075177669525146,0.40187495946884155,True,False,False,False
STRAIN_000282,2,LOCAL_W10,442,5,0.9146816730499268,0.08531832695007324,0.4130818545818329,True,False,False,False
STRAIN_000288,2,LOCAL_W10,42,1,0.9355652332305908,0.06443476676940918,0.3589841425418854,True,False,False,False
STRAIN_000288,2,LOCAL_W10,142,2,0.9305019378662109,0.06949806213378906,0.3728218674659729,True,False,False,False
STRAIN_000288,2,LOCAL_W10,242,3,0.9235783219337463,0.07642167806625366,0.3909517824649811,True,False,False,False
STRAIN_000288,2,LOCAL_W10,342,4,0.9131441712379456,0.08685582876205444,0.41678741574287415,True,False,False,False
STRAIN_000288,2,LOCAL_W10,442,5,0.9429627656936646,0.05703723430633545,0.33774909377098083,True,False,False,False
STRAIN_000291,2,LOCAL_W10,42,1,0.9127957224845886,0.08720427751541138,0.41762256622314453,True,False,False,False
STRAIN_000291,2,LOCAL_W10,142,2,0.9284248948097229,0.0715751051902771,0.37835201621055603,True,False,False,False
STRAIN_000291,2,LOCAL_W10,242,3,0.9207015037536621,0.07929849624633789,0.39824235439300537,True,False,False,False
STRAIN_000291,2,LOCAL_W10,342,4,0.9219381213188171,0.07806187868118286,0.395125150680542,True,False,False,False
STRAIN_000291,2,LOCAL_W10,442,5,0.9374762177467346,0.06252378225326538,0.35362040996551514,True,False,False,False
STRAIN_000296,2,LOCAL_W10,42,1,0.9193531274795532,0.08064687252044678,0.4016139507293701,True,False,False,False
STRAIN_000296,2,LOCAL_W10,142,2,0.9265618324279785,0.07343816757202148,0.38324451446533203,True,False,False,False
STRAIN_000296,2,LOCAL_W10,242,3,0.9171333312988281,0.08286666870117188,0.40710362792015076,True,False,False,False
STRAIN_000296,2,LOCAL_W10,342,4,0.926918089389801,0.07308191061019897,0.3823138177394867,True,False,False,False
STRAIN_000296,2,LOCAL_W10,442,5,0.922822892665863,0.07717710733413696,0.39287927746772766,True,False,False,False
STRAIN_000298,2,LOCAL_W10,42,1,0.91280198097229,0.08719801902770996,0.41760772466659546,True,False,False,False
STRAIN_000298,2,LOCAL_W10,142,2,0.9137625694274902,0.08623743057250977,0.41530105471611023,True,False,False,False
STRAIN_000298,2,LOCAL_W10,242,3,0.9342267513275146,0.06577324867248535,0.36269351840019226,True,False,False,False
STRAIN_000298,2,LOCAL_W10,342,4,0.9376674890518188,0.06233251094818115,0.35307925939559937,True,False,False,False
STRAIN_000298,2,LOCAL_W10,442,5,0.9239006638526917,0.07609933614730835,0.39012646675109863,True,False,False,False
STRAIN_000303,2,LOCAL_W10,42,1,0.9334850907325745,0.06651490926742554,0.36473262310028076,True,False,False,False
STRAIN_000303,2,LOCAL_W10,142,2,0.9121497869491577,0.08785021305084229,0.4191664159297943,True,False,False,False
STRAIN_000303,2,LOCAL_W10,242,3,0.915342390537262,0.08465760946273804,0.41147947311401367,True,False,False,False
STRAIN_000303,2,LOCAL_W10,342,4,0.9316633939743042,0.0683366060256958,0.36969348788261414,True,False,False,False
STRAIN_000303,2,LOCAL_W10,442,5,0.9309027194976807,0.06909728050231934,0.37174567580223083,True,False,False,False
STRAIN_000305,2,LOCAL_W10,42,1,0.9243952035903931,0.07560479640960693,0.3888566493988037,True,False,False,False
STRAIN_000305,2,LOCAL_W10,142,2,0.9001127481460571,0.09988725185394287,0.446961373090744,True,False,False,False
STRAIN_000305,2,LOCAL_W10,242,3,0.9183828234672546,0.08161717653274536,0.40402257442474365,True,False,False,False
STRAIN_000305,2,LOCAL_W10,342,4,0.916390061378479,0.083609938621521,0.4089253842830658,True,False,False,False
STRAIN_000305,2,LOCAL_W10,442,5,0.9187216758728027,0.08127832412719727,0.4031832218170166,True,False,False,False
STRAIN_000308,2,LOCAL_W10,42,1,0.9419989585876465,0.058001041412353516,0.3405908942222595,True,False,False,False
STRAIN_000308,2,LOCAL_W10,142,2,0.9353203773498535,0.06467962265014648,0.3596654236316681,True,False,False,False
STRAIN_000308,2,LOCAL_W10,242,3,0.9390727877616882,0.06092721223831177,0.34907642006874084,True,False,False,False
STRAIN_000308,2,LOCAL_W10,342,4,0.9352035522460938,0.06479644775390625,0.3599901497364044,True,False,False,False
STRAIN_000308,2,LOCAL_W10,442,5,0.9310497641563416,0.06895023584365845,0.37134966254234314,True,False,False,False
STRAIN_000309,2,LOCAL_W10,42,1,0.930905282497406,0.069094717502594,0.3717382252216339,True,False,False,False
STRAIN_000309,2,LOCAL_W10,142,2,0.9430569410324097,0.05694305896759033,0.3374701142311096,True,False,False,False
STRAIN_000309,2,LOCAL_W10,242,3,0.9261496067047119,0.07385039329528809,0.38431844115257263,True,False,False,False
STRAIN_000309,2,LOCAL_W10,342,4,0.9165026545524597,0.08349734544754028,0.40864983201026917,True,False,False,False
STRAIN_000309,2,LOCAL_W10,442,5,0.931787371635437,0.06821262836456299,0.3693578541278839,True,False,False,False
STRAIN_000310,2,LOCAL_W10,42,1,0.9314053058624268,0.06859469413757324,0.37039095163345337,True,False,False,False
STRAIN_000310,2,LOCAL_W10,142,2,0.917733907699585,0.08226609230041504,0.40562576055526733,True,False,False,False
STRAIN_000310,2,LOCAL_W10,242,3,0.9161005616188049,0.08389943838119507,0.40963250398635864,True,False,False,False
STRAIN_000310,2,LOCAL_W10,342,4,0.9260441064834595,0.07395589351654053,0.3845933973789215,True,False,False,False
STRAIN_000310,2,LOCAL_W10,442,5,0.9326503276824951,0.06734967231750488,0.3670142889022827,True,False,False,False
STRAIN_000313,2,LOCAL_W10,42,1,0.9317201375961304,0.06827986240386963,0.36953991651535034,True,False,False,False
STRAIN_000313,2,LOCAL_W10,142,2,0.9140948057174683,0.08590519428253174,0.41450029611587524,True,False,False,False
STRAIN_000313,2,LOCAL_W10,242,3,0.9266563653945923,0.07334363460540771,0.3829977512359619,True,False,False,False
STRAIN_000313,2,LOCAL_W10,342,4,0.926726222038269,0.07327377796173096,0.3828151524066925,True,False,False,False
STRAIN_000313,2,LOCAL_W10,442,5,0.9201999306678772,0.0798000693321228,0.3994998633861542,True,False,False,False
STRAIN_000317,2,LOCAL_W10,42,1,0.9157040119171143,0.08429598808288574,0.4105997383594513,True,False,False,False
STRAIN_000317,2,LOCAL_W10,142,2,0.9075353145599365,0.09246468544006348,0.4300342798233032,True,False,False,False
STRAIN_000317,2,LOCAL_W10,242,3,0.9082338809967041,0.0917661190032959,0.4284065365791321,True,False,False,False
STRAIN_000317,2,LOCAL_W10,342,4,0.9299600720405579,0.07003992795944214,0.37427228689193726,True,False,False,False
STRAIN_000317,2,LOCAL_W10,442,5,0.9120497703552246,0.08795022964477539,0.41940489411354065,True,False,False,False
STRAIN_000323,2,LOCAL_W10,42,1,0.9087628126144409,0.09123718738555908,0.4271702170372009,True,False,False,False
STRAIN_000323,2,LOCAL_W10,142,2,0.9332156181335449,0.06678438186645508,0.3654707968235016,True,False,False,False
STRAIN_000323,2,LOCAL_W10,242,3,0.9395490884780884,0.06045091152191162,0.34770917892456055,True,False,False,False
STRAIN_000323,2,LOCAL_W10,342,4,0.917477548122406,0.082522451877594,0.4062572717666626,True,False,False,False
STRAIN_000323,2,LOCAL_W10,442,5,0.9442514181137085,0.055748581886291504,0.33391207456588745,True,False,False,False
STRAIN_000328,2,LOCAL_W10,42,1,0.9288833141326904,0.07111668586730957,0.37713855504989624,True,False,False,False
STRAIN_000328,2,LOCAL_W10,142,2,0.9221685528755188,0.0778314471244812,0.3945413827896118,True,False,False,False
STRAIN_000328,2,LOCAL_W10,242,3,0.9281188249588013,0.07188117504119873,0.3791600465774536,True,False,False,False
STRAIN_000328,2,LOCAL_W10,342,4,0.9290289878845215,0.07097101211547852,0.3767521381378174,True,False,False,False
STRAIN_000328,2,LOCAL_W10,442,5,0.930030345916748,0.06996965408325195,0.3740846812725067,True,False,False,False
STRAIN_000332,2,LOCAL_W10,42,1,0.9284818172454834,0.0715181827545166,0.3782016336917877,True,False,False,False
STRAIN_000332,2,LOCAL_W10,142,2,0.9158602952957153,0.08413970470428467,0.41021883487701416,True,False,False,False
STRAIN_000332,2,LOCAL_W10,242,3,0.9021989703178406,0.09780102968215942,0.44226914644241333,True,False,False,False
STRAIN_000332,2,LOCAL_W10,342,4,0.9074381589889526,0.09256184101104736,0.4302598834037781,True,False,False,False
STRAIN_000332,2,LOCAL_W10,442,5,0.9246470928192139,0.07535290718078613,0.3882085382938385,True,False,False,False
STRAIN_000338,2,LOCAL_W10,42,1,0.9251903295516968,0.07480967044830322,0.3868063986301422,True,False,False,False
STRAIN_000338,2,LOCAL_W10,142,2,0.9262276291847229,0.0737723708152771,0.384115606546402,True,False,False,False
STRAIN_000338,2,LOCAL_W10,242,3,0.9308176040649414,0.0691823959350586,0.37197422981262207,True,False,False,False
STRAIN_000338,2,LOCAL_W10,342,4,0.9293678998947144,0.07063210010528564,0.3758513033390045,True,False,False,False
STRAIN_000338,2,LOCAL_W10,442,5,0.9374015927314758,0.06259840726852417,0.3538319766521454,True,False,False,False
STRAIN_000344,2,LOCAL_W10,42,1,0.9348763227462769,0.06512367725372314,0.3608979284763336,True,False,False,False
STRAIN_000344,2,LOCAL_W10,142,2,0.9294062852859497,0.07059371471405029,0.37574905157089233,True,False,False,False
STRAIN_000344,2,LOCAL_W10,242,3,0.9236350655555725,0.07636493444442749,0.390806645154953,True,False,False,False
STRAIN_000344,2,LOCAL_W10,342,4,0.929341733455658,0.07065826654434204,0.37592071294784546,True,False,False,False
STRAIN_000344,2,LOCAL_W10,442,5,0.9276652932167053,0.07233470678329468,0.3803543746471405,True,False,False,False
STRAIN_000352,2,LOCAL_W10,42,1,0.905046820640564,0.09495317935943604,0.4357825815677643,True,False,False,False
STRAIN_000352,2,LOCAL_W10,142,2,0.9106339812278748,0.08936601877212524,0.4227672517299652,True,False,False,False
STRAIN_000352,2,LOCAL_W10,242,3,0.9189460277557373,0.0810539722442627,0.40262624621391296,True,False,False,False
STRAIN_000352,2,LOCAL_W10,342,4,0.9152949452400208,0.08470505475997925,0.41159459948539734,True,False,False,False
STRAIN_000352,2,LOCAL_W10,442,5,0.8956836462020874,0.1043163537979126,0.45676323771476746,True,False,False,False
STRAIN_000355,2,LOCAL_W10,42,1,0.9073542356491089,0.09264576435089111,0.4304550290107727,True,False,False,False
STRAIN_000355,2,LOCAL_W10,142,2,0.9013240337371826,0.09867596626281738,0.44424328207969666,True,False,False,False
STRAIN_000355,2,LOCAL_W10,242,3,0.9289422035217285,0.07105779647827148,0.37698253989219666,True,False,False,False
STRAIN_000355,2,LOCAL_W10,342,4,0.8929272294044495,0.10707277059555054,0.46275871992111206,True,False,False,False
STRAIN_000355,2,LOCAL_W10,442,5,0.9110702276229858,0.08892977237701416,0.4217340052127838,True,False,False,False
STRAIN_000356,2,LOCAL_W10,42,1,0.938033938407898,0.06196606159210205,0.3520398437976837,True,False,False,False
STRAIN_000356,2,LOCAL_W10,142,2,0.9238039255142212,0.07619607448577881,0.39037442207336426,True,False,False,False
STRAIN_000356,2,LOCAL_W10,242,3,0.9381979703903198,0.061802029609680176,0.35157379508018494,True,False,False,False
STRAIN_000356,2,LOCAL_W10,342,4,0.9293879270553589,0.07061207294464111,0.3757978081703186,True,False,False,False
STRAIN_000356,2,LOCAL_W10,442,5,0.9217079281806946,0.07829207181930542,0.3957071602344513,True,False,False,False
STRAIN_000360,2,LOCAL_W10,42,1,0.9309990406036377,0.0690009593963623,0.3714861273765564,True,False,False,False
STRAIN_000360,2,LOCAL_W10,142,2,0.9272445440292358,0.07275545597076416,0.3814590573310852,True,False,False,False
STRAIN_000360,2,LOCAL_W10,242,3,0.9398558139801025,0.06014418601989746,0.3468259871006012,True,False,False,False
STRAIN_000360,2,LOCAL_W10,342,4,0.9227870106697083,0.07721298933029175,0.39297065138816833,True,False,False,False
STRAIN_000360,2,LOCAL_W10,442,5,0.9389893412590027,0.061010658740997314,0.349315345287323,True,False,False,False
STRAIN_000361,2,LOCAL_W10,42,1,0.9185284376144409,0.08147156238555908,0.4036621153354645,True,False,False,False
STRAIN_000361,2,LOCAL_W10,142,2,0.9179630279541016,0.08203697204589844,0.40506041049957275,True,False,False,False
STRAIN_000361,2,LOCAL_W10,242,3,0.9285285472869873,0.0714714527130127,0.3780777156352997,True,False,False,False
STRAIN_000361,2,LOCAL_W10,342,4,0.9210283756256104,0.07897162437438965,0.397420734167099,True,False,False,False
STRAIN_000361,2,LOCAL_W10,442,5,0.9172441959381104,0.08275580406188965,0.40683117508888245,True,False,False,False
STRAIN_000365,2,LOCAL_W10,42,1,0.9264650344848633,0.07353496551513672,0.38349685072898865,True,False,False,False
STRAIN_000365,2,LOCAL_W10,142,2,0.9107728004455566,0.08922719955444336,0.42243868112564087,True,False,False,False
STRAIN_000365,2,LOCAL_W10,242,3,0.9192956686019897,0.08070433139801025,0.40175697207450867,True,False,False,False
STRAIN_000365,2,LOCAL_W10,342,4,0.9263359308242798,0.07366406917572021,0.38383355736732483,True,False,False,False
STRAIN_000365,2,LOCAL_W10,442,5,0.9211914539337158,0.07880854606628418,0.39701005816459656,True,False,False,False
STRAIN_000368,2,LOCAL_W10,42,1,0.9283013939857483,0.07169860601425171,0.3786783516407013,True,False,False,False
STRAIN_000368,2,LOCAL_W10,142,2,0.9061790704727173,0.09382092952728271,0.4331764280796051,True,False,False,False
STRAIN_000368,2,LOCAL_W10,242,3,0.9279186129570007,0.07208138704299927,0.37968772649765015,True,False,False,False
STRAIN_000368,2,LOCAL_W10,342,4,0.9022969007492065,0.09770309925079346,0.44204768538475037,True,False,False,False
STRAIN_000368,2,LOCAL_W10,442,5,0.9038304090499878,0.09616959095001221,0.43856462836265564,True,False,False,False
STRAIN_000373,2,LOCAL_W10,42,1,0.9175714254379272,0.08242857456207275,0.4060259759426117,True,False,False,False
STRAIN_000373,2,LOCAL_W10,142,2,0.9288971424102783,0.07110285758972168,0.37710174918174744,True,False,False,False
STRAIN_000373,2,LOCAL_W10,242,3,0.9291395545005798,0.07086044549942017,0.3764583468437195,True,False,False,False
STRAIN_000373,2,LOCAL_W10,342,4,0.9249569177627563,0.07504308223724365,0.3874094486236572,True,False,False,False
STRAIN_000373,2,LOCAL_W10,442,5,0.9148293137550354,0.0851706862449646,0.41272422671318054,True,False,False,False
STRAIN_000380,2,LOCAL_W10,42,1,0.9332476854324341,0.06675231456756592,0.36538273096084595,True,False,False,False
STRAIN_000380,2,LOCAL_W10,142,2,0.9400947093963623,0.059905290603637695,0.3461366891860962,True,False,False,False
STRAIN_000380,2,LOCAL_W10,242,3,0.9468851089477539,0.053114891052246094,0.32592886686325073,True,False,False,False
STRAIN_000380,2,LOCAL_W10,342,4,0.94084632396698,0.05915367603302002,0.34395843744277954,True,False,False,False
STRAIN_000380,2,LOCAL_W10,442,5,0.9356787204742432,0.06432127952575684,0.35866779088974,True,False,False,False
STRAIN_000386,2,LOCAL_W10,42,1,0.919158399105072,0.08084160089492798,0.40209880471229553,True,False,False,False
STRAIN_000386,2,LOCAL_W10,142,2,0.9224637746810913,0.07753622531890869,0.39379242062568665,True,False,False,False
STRAIN_000386,2,LOCAL_W10,242,3,0.9206546545028687,0.07934534549713135,0.39835992455482483,True,False,False,False
STRAIN_000386,2,LOCAL_W10,342,4,0.9217640161514282,0.07823598384857178,0.3955654799938202,True,False,False,False
STRAIN_000386,2,LOCAL_W10,442,5,0.9171961545944214,0.08280384540557861,0.4069492518901825,True,False,False,False
STRAIN_000387,2,LOCAL_W10,42,1,0.922458291053772,0.07754170894622803,0.3938061594963074,True,False,False,False
STRAIN_000387,2,LOCAL_W10,142,2,0.9394214153289795,0.06057858467102051,0.3480762243270874,True,False,False,False
STRAIN_000387,2,LOCAL_W10,242,3,0.921014666557312,0.07898533344268799,0.39745503664016724,True,False,False,False
STRAIN_000387,2,LOCAL_W10,342,4,0.9318764209747314,0.06812357902526855,0.36911657452583313,True,False,False,False
STRAIN_000387,2,LOCAL_W10,442,5,0.9150761365890503,0.08492386341094971,0.4121255874633789,True,False,False,False
STRAIN_000393,2,LOCAL_W10,42,1,0.9271867275238037,0.07281327247619629,0.38161027431488037,True,False,False,False
STRAIN_000393,2,LOCAL_W10,142,2,0.9198392033576965,0.08016079664230347,0.4004017412662506,True,False,False,False
STRAIN_000393,2,LOCAL_W10,242,3,0.9355732202529907,0.06442677974700928,0.35896170139312744,True,False,False,False
STRAIN_000393,2,LOCAL_W10,342,4,0.9282894730567932,0.07171052694320679,0.3787098824977875,True,False,False,False
STRAIN_000393,2,LOCAL_W10,442,5,0.9372138381004333,0.06278616189956665,0.3543618321418762,True,False,False,False
STRAIN_000394,2,LOCAL_W10,42,1,0.9294387698173523,0.0705612301826477,0.37566274404525757,True,False,False,False
STRAIN_000394,2,LOCAL_W10,142,2,0.9499030113220215,0.050096988677978516,0.31653425097465515,True,False,False,False
STRAIN_000394,2,LOCAL_W10,242,3,0.9292374849319458,0.0707625150680542,0.3761981427669525,True,False,False,False
STRAIN_000394,2,LOCAL_W10,342,4,0.9316025972366333,0.0683974027633667,0.36985793709754944,True,False,False,False
STRAIN_000394,2,LOCAL_W10,442,5,0.9229188561439514,0.07708114385604858,0.39263492822647095,True,False,False,False
STRAIN_000407,2,LOCAL_W10,42,1,0.9026697874069214,0.09733021259307861,0.44120335578918457,True,False,False,False
STRAIN_000407,2,LOCAL_W10,142,2,0.9185740947723389,0.08142590522766113,0.4035486578941345,True,False,False,False
STRAIN_000407,2,LOCAL_W10,242,3,0.9232304096221924,0.07676959037780762,0.39184078574180603,True,False,False,False
STRAIN_000407,2,LOCAL_W10,342,4,0.9279578924179077,0.07204210758209229,0.3795841932296753,True,False,False,False
STRAIN_000407,2,LOCAL_W10,442,5,0.9181654453277588,0.08183455467224121,0.4045604169368744,True,False,False,False
STRAIN_000410,2,LOCAL_W10,42,1,0.9348386526107788,0.06516134738922119,0.3610021471977234,True,False,False,False
STRAIN_000410,2,LOCAL_W10,142,2,0.9334273338317871,0.06657266616821289,0.36489057540893555,True,False,False,False
STRAIN_000410,2,LOCAL_W10,242,3,0.9455475211143494,0.054452478885650635,0.3300074636936188,True,False,False,False
STRAIN_000410,2,LOCAL_W10,342,4,0.9415759444236755,0.05842405557632446,0.34183043241500854,True,False,False,False
STRAIN_000410,2,LOCAL_W10,442,5,0.9346771240234375,0.0653228759765625,0.3614492118358612,True,False,False,False
STRAIN_000413,2,LOCAL_W10,42,1,0.9198380708694458,0.0801619291305542,0.40040451288223267,True,False,False,False
STRAIN_000413,2,LOCAL_W10,142,2,0.9256852865219116,0.07431471347808838,0.3855248689651489,True,False,False,False
STRAIN_000413,2,LOCAL_W10,242,3,0.9242138266563416,0.07578617334365845,0.389322966337204,True,False,False,False
STRAIN_000413,2,LOCAL_W10,342,4,0.9277527332305908,0.07224726676940918,0.38012436032295227,True,False,False,False
STRAIN_000413,2,LOCAL_W10,442,5,0.9245660901069641,0.07543390989303589,0.38841718435287476,True,False,False,False
STRAIN_000417,2,LOCAL_W10,42,1,0.9183776378631592,0.08162236213684082,0.40403544902801514,True,False,False,False
STRAIN_000417,2,LOCAL_W10,142,2,0.9223480224609375,0.0776519775390625,0.39408639073371887,True,False,False,False
STRAIN_000417,2,LOCAL_W10,242,3,0.9101173281669617,0.08988267183303833,0.42398738861083984,True,False,False,False
STRAIN_000417,2,LOCAL_W10,342,4,0.9236660003662109,0.07633399963378906,0.3907276690006256,True,False,False,False
STRAIN_000417,2,LOCAL_W10,442,5,0.9111460447311401,0.08885395526885986,0.421554297208786,True,False,False,False
STRAIN_000420,2,LOCAL_W10,42,1,0.9502958655357361,0.049704134464263916,0.31529077887535095,True,False,False,False
STRAIN_000420,2,LOCAL_W10,142,2,0.943856954574585,0.05614304542541504,0.33509138226509094,True,False,False,False
STRAIN_000420,2,LOCAL_W10,242,3,0.9458905458450317,0.05410945415496826,0.3289664685726166,True,False,False,False
STRAIN_000420,2,LOCAL_W10,342,4,0.9458709955215454,0.05412900447845459,0.3290256857872009,True,False,False,False
STRAIN_000420,2,LOCAL_W10,442,5,0.947197675704956,0.052802324295043945,0.32496848702430725,True,False,False,False
STRAIN_000422,2,LOCAL_W10,42,1,0.9185950756072998,0.0814049243927002,0.40349695086479187,True,False,False,False
STRAIN_000422,2,LOCAL_W10,142,2,0.9262489080429077,0.07375109195709229,0.3840600550174713,True,False,False,False
STRAIN_000422,2,LOCAL_W10,242,3,0.9219896793365479,0.07801032066345215,0.3949946463108063,True,False,False,False
STRAIN_000422,2,LOCAL_W10,342,4,0.9247839450836182,0.07521605491638184,0.387855589389801,True,False,False,False
STRAIN_000422,2,LOCAL_W10,442,5,0.926988422870636,0.07301157712936401,0.38212987780570984,True,False,False,False
STRAIN_000425,2,LOCAL_W10,42,1,0.9260114431381226,0.07398855686187744,0.3846779763698578,True,False,False,False
STRAIN_000425,2,LOCAL_W10,142,2,0.9144673347473145,0.08553266525268555,0.41360026597976685,True,False,False,False
STRAIN_000425,2,LOCAL_W10,242,3,0.9327483177185059,0.06725168228149414,0.3667469918727875,True,False,False,False
STRAIN_000425,2,LOCAL_W10,342,4,0.9250189661979675,0.07498103380203247,0.387249231338501,True,False,False,False
STRAIN_000425,2,LOCAL_W10,442,5,0.9286980628967285,0.07130193710327148,0.3776290714740753,True,False,False,False
STRAIN_000441,2,LOCAL_W10,42,1,0.9276357889175415,0.0723642110824585,0.38043197989463806,True,False,False,False
STRAIN_000441,2,LOCAL_W10,142,2,0.9257343411445618,0.07426565885543823,0.38539767265319824,True,False,False,False
STRAIN_000441,2,LOCAL_W10,242,3,0.9326672554016113,0.06733274459838867,0.3669678568840027,True,False,False,False
STRAIN_000441,2,LOCAL_W10,342,4,0.9106266498565674,0.08937335014343262,0.4227845072746277,True,False,False,False
STRAIN_000441,2,LOCAL_W10,442,5,0.9202046394348145,0.07979536056518555,0.39948806166648865,True,False,False,False
STRAIN_000453,2,LOCAL_W10,42,1,0.9322934746742249,0.06770652532577515,0.36798495054244995,True,False,False,False
STRAIN_000453,2,LOCAL_W10,142,2,0.9271508455276489,0.07284915447235107,0.3817043900489807,True,False,False,False
STRAIN_000453,2,LOCAL_W10,242,3,0.9243733882904053,0.07562661170959473,0.38891303539276123,True,False,False,False
STRAIN_000453,2,LOCAL_W10,342,4,0.9296695590019226,0.07033044099807739,0.37504783272743225,True,False,False,False
STRAIN_000453,2,LOCAL_W10,442,5,0.9319130778312683,0.06808692216873169,0.3690173327922821,True,False,False,False
STRAIN_000472,2,LOCAL_W10,42,1,0.9435747265815735,0.056425273418426514,0.3359324634075165,True,False,False,False
STRAIN_000472,2,LOCAL_W10,142,2,0.9412667751312256,0.058733224868774414,0.34273380041122437,True,False,False,False
STRAIN_000472,2,LOCAL_W10,242,3,0.936194121837616,0.06380587816238403,0.3572278916835785,True,False,False,False
STRAIN_000472,2,LOCAL_W10,342,4,0.9455084204673767,0.05449157953262329,0.33012616634368896,True,False,False,False
STRAIN_000472,2,LOCAL_W10,442,5,0.9480297565460205,0.05197024345397949,0.3223981559276581,True,False,False,False
STRAIN_000473,2,LOCAL_W10,42,1,0.9358305931091309,0.06416940689086914,0.3582441806793213,True,False,False,False
STRAIN_000473,2,LOCAL_W10,142,2,0.9237468242645264,0.07625317573547363,0.39052051305770874,True,False,False,False
STRAIN_000473,2,LOCAL_W10,242,3,0.9372750520706177,0.06272494792938232,0.35418909788131714,True,False,False,False
STRAIN_000473,2,LOCAL_W10,342,4,0.9351922273635864,0.06480777263641357,0.36002179980278015,True,False,False,False
STRAIN_000473,2,LOCAL_W10,442,5,0.9123141765594482,0.08768582344055176,0.41877397894859314,True,False,False,False
STRAIN_000483,2,LOCAL_W10,42,1,0.9302924871444702,0.06970751285552979,0.373383104801178,True,False,False,False
STRAIN_000483,2,LOCAL_W10,142,2,0.9243725538253784,0.07562744617462158,0.3889150321483612,True,False,False,False
STRAIN_000483,2,LOCAL_W10,242,3,0.9333711862564087,0.06662881374359131,0.36504480242729187,True,False,False,False
STRAIN_000483,2,LOCAL_W10,342,4,0.9334210753440857,0.0665789246559143,0.3649079203605652,True,False,False,False
STRAIN_000483,2,LOCAL_W10,442,5,0.9338101148605347,0.06618988513946533,0.36384060978889465,True,False,False,False
STRAIN_000491,2,LOCAL_W10,42,1,0.9364198446273804,0.06358015537261963,0.356595516204834,True,False,False,False
STRAIN_000491,2,LOCAL_W10,142,2,0.9407210350036621,0.05927896499633789,0.3443228006362915,True,False,False,False
STRAIN_000491,2,LOCAL_W10,242,3,0.9254345893859863,0.07456541061401367,0.38617464900016785,True,False,False,False
STRAIN_000491,2,LOCAL_W10,342,4,0.9152320623397827,0.08476793766021729,0.41174739599227905,True,False,False,False
STRAIN_000491,2,LOCAL_W10,442,5,0.9241321682929993,0.07586783170700073,0.38953253626823425,True,False,False,False
STRAIN_000504,2,LOCAL_W10,42,1,0.950158953666687,0.04984104633331299,0.315724641084671,True,False,False,False
STRAIN_000504,2,LOCAL_W10,142,2,0.9446513652801514,0.05534863471984863,0.33271196484565735,True,False,False,False
STRAIN_000504,2,LOCAL_W10,242,3,0.9382604360580444,0.061739563941955566,0.3513960540294647,True,False,False,False
STRAIN_000504,2,LOCAL_W10,342,4,0.9435864686965942,0.05641353130340576,0.3358975648880005,True,False,False,False
STRAIN_000504,2,LOCAL_W10,442,5,0.9444146156311035,0.055585384368896484,0.33342280983924866,True,False,False,False
STRAIN_000512,2,LOCAL_W10,42,1,0.9269890785217285,0.07301092147827148,0.38212817907333374,True,False,False,False
STRAIN_000512,2,LOCAL_W10,142,2,0.9333888292312622,0.06661117076873779,0.36499643325805664,True,False,False,False
STRAIN_000512,2,LOCAL_W10,242,3,0.9103720188140869,0.08962798118591309,0.4233863651752472,True,False,False,False
STRAIN_000512,2,LOCAL_W10,342,4,0.9285837411880493,0.07141625881195068,0.377932071685791,True,False,False,False
STRAIN_000512,2,LOCAL_W10,442,5,0.9286597967147827,0.07134020328521729,0.37773072719573975,True,False,False,False
STRAIN_000513,2,LOCAL_W10,42,1,0.9302833080291748,0.0697166919708252,0.37340793013572693,True,False,False,False
STRAIN_000513,2,LOCAL_W10,142,2,0.9326750040054321,0.06732499599456787,0.3669470250606537,True,False,False,False
STRAIN_000513,2,LOCAL_W10,242,3,0.9318846464157104,0.06811535358428955,0.3690944314002991,True,False,False,False
STRAIN_000513,2,LOCAL_W10,342,4,0.931921124458313,0.06807887554168701,0.36899566650390625,True,False,False,False
STRAIN_000513,2,LOCAL_W10,442,5,0.935997486114502,0.06400251388549805,0.3577778935432434,True,False,False,False
STRAIN_000523,2,LOCAL_W10,42,1,0.9038219451904297,0.09617805480957031,0.43858402967453003,True,False,False,False
STRAIN_000523,2,LOCAL_W10,142,2,0.9194822311401367,0.08051776885986328,0.4012924134731293,True,False,False,False
STRAIN_000523,2,LOCAL_W10,242,3,0.9070767760276794,0.09292322397232056,0.43109893798828125,True,False,False,False
STRAIN_000523,2,LOCAL_W10,342,4,0.9200001955032349,0.07999980449676514,0.39999955892562866,True,False,False,False
STRAIN_000523,2,LOCAL_W10,442,5,0.9149013161659241,0.08509868383407593,0.4125497341156006,True,False,False,False
STRAIN_000531,2,LOCAL_W10,42,1,0.9280475378036499,0.0719524621963501,0.37934786081314087,True,False,False,False
STRAIN_000531,2,LOCAL_W10,142,2,0.9262650609016418,0.07373493909835815,0.3840179741382599,True,False,False,False
STRAIN_000531,2,LOCAL_W10,242,3,0.9398410320281982,0.06015896797180176,0.34686872363090515,True,False,False,False
STRAIN_000531,2,LOCAL_W10,342,4,0.9269371032714844,0.07306289672851562,0.3822639286518097,True,False,False,False
STRAIN_000531,2,LOCAL_W10,442,5,0.9099822044372559,0.09001779556274414,0.4243060052394867,True,False,False,False
STRAIN_000532,2,LOCAL_W10,42,1,0.9309975504875183,0.06900244951248169,0.37149035930633545,True,False,False,False
STRAIN_000532,2,LOCAL_W10,142,2,0.9336210489273071,0.06637895107269287,0.3643597960472107,True,False,False,False
STRAIN_000532,2,LOCAL_W10,242,3,0.9217818975448608,0.07821810245513916,0.3955203592777252,True,False,False,False
STRAIN_000532,2,LOCAL_W10,342,4,0.9261645674705505,0.07383543252944946,0.38427969813346863,True,False,False,False
STRAIN_000532,2,LOCAL_W10,442,5,0.9319837093353271,0.06801629066467285,0.3688260614871979,True,False,False,False
STRAIN_000533,2,LOCAL_W10,42,1,0.9264304041862488,0.07356959581375122,0.3835870921611786,True,False,False,False
STRAIN_000533,2,LOCAL_W10,142,2,0.9260116815567017,0.07398831844329834,0.3846771717071533,True,False,False,False
STRAIN_000533,2,LOCAL_W10,242,3,0.9407417178153992,0.05925828218460083,0.3442624807357788,True,False,False,False
STRAIN_000533,2,LOCAL_W10,342,4,0.9265046715736389,0.07349532842636108,0.3833934962749481,True,False,False,False
STRAIN_000533,2,LOCAL_W10,442,5,0.9081943035125732,0.09180569648742676,0.4284990131855011,True,False,False,False
STRAIN_000555,2,LOCAL_W10,42,1,0.9404950141906738,0.05950498580932617,0.3449780344963074,True,False,False,False
STRAIN_000555,2,LOCAL_W10,142,2,0.9500788450241089,0.04992115497589111,0.3159782588481903,True,False,False,False
STRAIN_000555,2,LOCAL_W10,242,3,0.9272201061248779,0.07277989387512207,0.3815230131149292,True,False,False,False
STRAIN_000555,2,LOCAL_W10,342,4,0.9316136240959167,0.06838637590408325,0.36982807517051697,True,False,False,False
STRAIN_000555,2,LOCAL_W10,442,5,0.9319282174110413,0.06807178258895874,0.3689763844013214,True,False,False,False
STRAIN_000572,2,LOCAL_W10,42,1,0.9054322838783264,0.09456771612167358,0.4348970949649811,True,False,False,False
STRAIN_000572,2,LOCAL_W10,142,2,0.9254867434501648,0.0745132565498352,0.3860393166542053,True,False,False,False
STRAIN_000572,2,LOCAL_W10,242,3,0.9035989046096802,0.09640109539031982,0.4390924870967865,True,False,False,False
STRAIN_000572,2,LOCAL_W10,342,4,0.913912296295166,0.08608770370483398,0.41494041681289673,True,False,False,False
STRAIN_000572,2,LOCAL_W10,442,5,0.9012247323989868,0.09877526760101318,0.4444665312767029,True,False,False,False
STRAIN_000575,2,LOCAL_W10,42,1,0.9248344898223877,0.0751655101776123,0.38772523403167725,True,False,False,False
STRAIN_000575,2,LOCAL_W10,142,2,0.9160795211791992,0.08392047882080078,0.40968379378318787,True,False,False,False
STRAIN_000575,2,LOCAL_W10,242,3,0.9308103919029236,0.06918960809707642,0.37199366092681885,True,False,False,False
STRAIN_000575,2,LOCAL_W10,342,4,0.9259952902793884,0.07400470972061157,0.38471975922584534,True,False,False,False
STRAIN_000575,2,LOCAL_W10,442,5,0.9409973621368408,0.05900263786315918,0.3435187339782715,True,False,False,False
STRAIN_000585,2,LOCAL_W10,42,1,0.9247380495071411,0.07526195049285889,0.3879740238189697,True,False,False,False
STRAIN_000585,2,LOCAL_W10,142,2,0.9064780473709106,0.09352195262908936,0.4324856996536255,True,False,False,False
STRAIN_000585,2,LOCAL_W10,242,3,0.9196579456329346,0.08034205436706543,0.4008542597293854,True,False,False,False
STRAIN_000585,2,LOCAL_W10,342,4,0.921411395072937,0.07858860492706299,0.3964558243751526,True,False,False,False
STRAIN_000585,2,LOCAL_W10,442,5,0.9147214889526367,0.08527851104736328,0.4129854142665863,True,False,False,False
STRAIN_000604,2,LOCAL_W10,42,1,0.9278603792190552,0.07213962078094482,0.37984126806259155,True,False,False,False
STRAIN_000604,2,LOCAL_W10,142,2,0.943384051322937,0.05661594867706299,0.3364998400211334,True,False,False,False
STRAIN_000604,2,LOCAL_W10,242,3,0.9369690418243408,0.06303095817565918,0.35505202412605286,True,False,False,False
STRAIN_000604,2,LOCAL_W10,342,4,0.9273083209991455,0.07269167900085449,0.38129204511642456,True,False,False,False
STRAIN_000604,2,LOCAL_W10,442,5,0.9287188649177551,0.07128113508224487,0.37757426500320435,True,False,False,False
STRAIN_000614,2,LOCAL_W10,42,1,0.9008978605270386,0.09910213947296143,0.44520124793052673,True,False,False,False
STRAIN_000614,2,LOCAL_W10,142,2,0.9206141233444214,0.07938587665557861,0.3984616696834564,True,False,False,False
STRAIN_000614,2,LOCAL_W10,242,3,0.9328330159187317,0.06716698408126831,0.3665159046649933,True,False,False,False
STRAIN_000614,2,LOCAL_W10,342,4,0.9273138046264648,0.07268619537353516,0.38127726316452026,True,False,False,False
STRAIN_000614,2,LOCAL_W10,442,5,0.9282246828079224,0.07177531719207764,0.3788808584213257,True,False,False,False
STRAIN_000615,2,LOCAL_W10,42,1,0.9335399270057678,0.06646007299423218,0.3645821809768677,True,False,False,False
STRAIN_000615,2,LOCAL_W10,142,2,0.9234967231750488,0.07650327682495117,0.3911607265472412,True,False,False,False
STRAIN_000615,2,LOCAL_W10,242,3,0.9253670573234558,0.07463294267654419,0.38634955883026123,True,False,False,False
STRAIN_000615,2,LOCAL_W10,342,4,0.9297628402709961,0.0702371597290039,0.37479904294013977,True,False,False,False
STRAIN_000615,2,LOCAL_W10,442,5,0.9155470728874207,0.08445292711257935,0.41098153591156006,True,False,False,False
STRAIN_000636,2,LOCAL_W10,42,1,0.9140028953552246,0.08599710464477539,0.41472184658050537,True,False,False,False
STRAIN_000636,2,LOCAL_W10,142,2,0.9223315119743347,0.07766848802566528,0.39412808418273926,True,False,False,False
STRAIN_000636,2,LOCAL_W10,242,3,0.91872638463974,0.08127361536026001,0.4031716585159302,True,False,False,False
STRAIN_000636,2,LOCAL_W10,342,4,0.9178473353385925,0.08215266466140747,0.4053458571434021,True,False,False,False
STRAIN_000636,2,LOCAL_W10,442,5,0.9174929261207581,0.08250707387924194,0.4062195122241974,True,False,False,False
STRAIN_000637,2,LOCAL_W10,42,1,0.91715407371521,0.08284592628479004,0.40705257654190063,True,False,False,False
STRAIN_000637,2,LOCAL_W10,142,2,0.9211058616638184,0.07889413833618164,0.39722558856010437,True,False,False,False
STRAIN_000637,2,LOCAL_W10,242,3,0.9344236850738525,0.06557631492614746,0.3621499538421631,True,False,False,False
STRAIN_000637,2,LOCAL_W10,342,4,0.9109610319137573,0.08903896808624268,0.4219928979873657,True,False,False,False
STRAIN_000637,2,LOCAL_W10,442,5,0.9226962327957153,0.07730376720428467,0.3932017385959625,True,False,False,False
STRAIN_000638,2,LOCAL_W10,42,1,0.9094916582107544,0.0905083417892456,0.4254606366157532,True,False,False,False
STRAIN_000638,2,LOCAL_W10,142,2,0.9232214689254761,0.07677853107452393,0.39186373353004456,True,False,False,False
STRAIN_000638,2,LOCAL_W10,242,3,0.9284209609031677,0.07157903909683228,0.37836235761642456,True,False,False,False
STRAIN_000638,2,LOCAL_W10,342,4,0.8999929428100586,0.1000070571899414,0.4472295343875885,True,False,False,False
STRAIN_000638,2,LOCAL_W10,442,5,0.9080161452293396,0.0919838547706604,0.42891454696655273,True,False,False,False
STRAIN_000640,2,LOCAL_W10,42,1,0.945572018623352,0.05442798137664795,0.32993316650390625,True,False,False,False
STRAIN_000640,2,LOCAL_W10,142,2,0.9420851469039917,0.0579148530960083,0.3403373062610626,True,False,False,False
STRAIN_000640,2,LOCAL_W10,242,3,0.9359614849090576,0.06403851509094238,0.35787826776504517,True,False,False,False
STRAIN_000640,2,LOCAL_W10,342,4,0.9358925819396973,0.06410741806030273,0.3580709397792816,True,False,False,False
STRAIN_000640,2,LOCAL_W10,442,5,0.9324277639389038,0.06757223606109619,0.36761990189552307,True,False,False,False
STRAIN_000641,2,LOCAL_W10,42,1,0.9380654692649841,0.06193453073501587,0.35195019841194153,True,False,False,False
STRAIN_000641,2,LOCAL_W10,142,2,0.9289813041687012,0.07101869583129883,0.3768783509731293,True,False,False,False
STRAIN_000641,2,LOCAL_W10,242,3,0.9298302531242371,0.07016974687576294,0.37461915612220764,True,False,False,False
STRAIN_000641,2,LOCAL_W10,342,4,0.9325171709060669,0.0674828290939331,0.3673766553401947,True,False,False,False
STRAIN_000641,2,LOCAL_W10,442,5,0.9346972107887268,0.0653027892112732,0.36139386892318726,True,False,False,False
STRAIN_000642,2,LOCAL_W10,42,1,0.9318420886993408,0.06815791130065918,0.36920973658561707,True,False,False,False
STRAIN_000642,2,LOCAL_W10,142,2,0.9339861869812012,0.06601381301879883,0.3633563220500946,True,False,False,False
STRAIN_000642,2,LOCAL_W10,242,3,0.9330978393554688,0.06690216064453125,0.36579272150993347,True,False,False,False
STRAIN_000642,2,LOCAL_W10,342,4,0.9310817718505859,0.06891822814941406,0.37126344442367554,True,False,False,False
STRAIN_000642,2,LOCAL_W10,442,5,0.9381338953971863,0.06186610460281372,0.35175588726997375,True,False,False,False
STRAIN_000643,2,LOCAL_W10,42,1,0.9310265779495239,0.06897342205047607,0.3714120388031006,True,False,False,False
STRAIN_000643,2,LOCAL_W10,142,2,0.9353356957435608,0.06466430425643921,0.3596230447292328,True,False,False,False
STRAIN_000643,2,LOCAL_W10,242,3,0.9351723790168762,0.06482762098312378,0.3600767254829407,True,False,False,False
STRAIN_000643,2,LOCAL_W10,342,4,0.9370406866073608,0.06295931339263916,0.3548502027988434,True,False,False,False
STRAIN_000643,2,LOCAL_W10,442,5,0.9380189776420593,0.061981022357940674,0.35208261013031006,True,False,False,False
STRAIN_000662,2,LOCAL_W10,42,1,0.9221708178520203,0.07782918214797974,0.3945353925228119,True,False,False,False
STRAIN_000662,2,LOCAL_W10,142,2,0.9206314086914062,0.07936859130859375,0.39841824769973755,True,False,False,False
STRAIN_000662,2,LOCAL_W10,242,3,0.9213693737983704,0.07863062620162964,0.3965616822242737,True,False,False,False
STRAIN_000662,2,LOCAL_W10,342,4,0.9169363975524902,0.08306360244750977,0.4075867831707001,True,False,False,False
STRAIN_000662,2,LOCAL_W10,442,5,0.9130752682685852,0.0869247317314148,0.416952520608902,True,False,False,False
STRAIN_000673,2,LOCAL_W10,42,1,0.9147297143936157,0.08527028560638428,0.4129653573036194,True,False,False,False
STRAIN_000673,2,LOCAL_W10,142,2,0.9049171805381775,0.09508281946182251,0.43607982993125916,True,False,False,False
STRAIN_000673,2,LOCAL_W10,242,3,0.9225367903709412,0.07746320962905884,0.39360690116882324,True,False,False,False
STRAIN_000673,2,LOCAL_W10,342,4,0.9197577834129333,0.08024221658706665,0.4006049633026123,True,False,False,False
STRAIN_000673,2,LOCAL_W10,442,5,0.9233264327049255,0.07667356729507446,0.3915956914424896,True,False,False,False
STRAIN_000681,2,LOCAL_W10,42,1,0.9015076160430908,0.09849238395690918,0.4438297152519226,True,False,False,False
STRAIN_000681,2,LOCAL_W10,142,2,0.9238051772117615,0.07619482278823853,0.390371173620224,True,False,False,False
STRAIN_000681,2,LOCAL_W10,242,3,0.9268743991851807,0.07312560081481934,0.3824281692504883,True,False,False,False
STRAIN_000681,2,LOCAL_W10,342,4,0.9183192253112793,0.0816807746887207,0.4041804373264313,True,False,False,False
STRAIN_000681,2,LOCAL_W10,442,5,0.9239245653152466,0.07607543468475342,0.39006534218788147,True,False,False,False
STRAIN_000706,2,LOCAL_W10,42,1,0.9207206964492798,0.07927930355072021,0.39819440245628357,True,False,False,False
STRAIN_000706,2,LOCAL_W10,142,2,0.9066808819770813,0.0933191180229187,0.43201637268066406,True,False,False,False
STRAIN_000706,2,LOCAL_W10,242,3,0.90630042552948,0.09369957447052002,0.43289610743522644,True,False,False,False
STRAIN_000706,2,LOCAL_W10,342,4,0.9121423959732056,0.08785760402679443,0.4191836714744568,True,False,False,False
STRAIN_000706,2,LOCAL_W10,442,5,0.9205307364463806,0.07946926355361938,0.3986707031726837,True,False,False,False
STRAIN_000719,2,LOCAL_W10,42,1,0.8962105512619019,0.10378944873809814,0.4556083679199219,True,False,False,False
STRAIN_000719,2,LOCAL_W10,142,2,0.9067308306694031,0.09326916933059692,0.4319007098674774,True,False,False,False
STRAIN_000719,2,LOCAL_W10,242,3,0.9117092490196228,0.0882907509803772,0.4202159643173218,True,False,False,False
STRAIN_000719,2,LOCAL_W10,342,4,0.9120163917541504,0.08798360824584961,0.419484406709671,True,False,False,False
STRAIN_000719,2,LOCAL_W10,442,5,0.9043566584587097,0.09564334154129028,0.43736323714256287,True,False,False,False
STRAIN_000721,2,LOCAL_W10,42,1,0.9373881816864014,0.06261181831359863,0.35386958718299866,True,False,False,False
STRAIN_000721,2,LOCAL_W10,142,2,0.9465722441673279,0.05342775583267212,0.3268875777721405,True,False,False,False
STRAIN_000721,2,LOCAL_W10,242,3,0.9406436681747437,0.05935633182525635,0.34454718232154846,True,False,False,False
STRAIN_000721,2,LOCAL_W10,342,4,0.9420289397239685,0.057971060276031494,0.34050294756889343,True,False,False,False
STRAIN_000721,2,LOCAL_W10,442,5,0.9388253688812256,0.061174631118774414,0.34978485107421875,True,False,False,False
STRAIN_000726,2,LOCAL_W10,42,1,0.9238303303718567,0.07616966962814331,0.39030709862709045,True,False,False,False
STRAIN_000726,2,LOCAL_W10,142,2,0.9306934475898743,0.06930655241012573,0.3723078966140747,True,False,False,False
STRAIN_000726,2,LOCAL_W10,242,3,0.9252842664718628,0.07471573352813721,0.3865639269351959,True,False,False,False
STRAIN_000726,2,LOCAL_W10,342,4,0.9132282137870789,0.08677178621292114,0.4165858030319214,True,False,False,False
STRAIN_000726,2,LOCAL_W10,442,5,0.9297634363174438,0.07023656368255615,0.3747975528240204,True,False,False,False
STRAIN_000731,2,LOCAL_W10,42,1,0.92374587059021,0.07625412940979004,0.3905230462551117,True,False,False,False
STRAIN_000731,2,LOCAL_W10,142,2,0.9224882125854492,0.07751178741455078,0.39373043179512024,True,False,False,False
STRAIN_000731,2,LOCAL_W10,242,3,0.9145538210868835,0.08544617891311646,0.4133913516998291,True,False,False,False
STRAIN_000731,2,LOCAL_W10,342,4,0.9308689832687378,0.06913101673126221,0.3718360662460327,True,False,False,False
STRAIN_000731,2,LOCAL_W10,442,5,0.9280267357826233,0.07197326421737671,0.37940293550491333,True,False,False,False
STRAIN_000737,2,LOCAL_W10,42,1,0.9371210336685181,0.06287896633148193,0.3546237647533417,True,False,False,False
STRAIN_000737,2,LOCAL_W10,142,2,0.9297771453857422,0.07022285461425781,0.3747609555721283,True,False,False,False
STRAIN_000737,2,LOCAL_W10,242,3,0.9136473536491394,0.0863526463508606,0.41557827591896057,True,False,False,False
STRAIN_000737,2,LOCAL_W10,342,4,0.9210105538368225,0.07898944616317749,0.39746564626693726,True,False,False,False
STRAIN_000737,2,LOCAL_W10,442,5,0.9232245683670044,0.0767754316329956,0.3918556869029999,True,False,False,False
STRAIN_000742,2,LOCAL_W10,42,1,0.9215419888496399,0.07845801115036011,0.39612624049186707,True,False,False,False
STRAIN_000742,2,LOCAL_W10,142,2,0.9164603352546692,0.08353966474533081,0.40875357389450073,True,False,False,False
STRAIN_000742,2,LOCAL_W10,242,3,0.9188034534454346,0.08119654655456543,0.402980238199234,True,False,False,False
STRAIN_000742,2,LOCAL_W10,342,4,0.9165974259376526,0.08340257406234741,0.4084179699420929,True,False,False,False
STRAIN_000742,2,LOCAL_W10,442,5,0.9302759170532227,0.06972408294677734,0.37342751026153564,True,False,False,False
STRAIN_000743,2,LOCAL_W10,42,1,0.9315437078475952,0.06845629215240479,0.3700169622898102,True,False,False,False
STRAIN_000743,2,LOCAL_W10,142,2,0.9294638633728027,0.07053613662719727,0.37559592723846436,True,False,False,False
STRAIN_000743,2,LOCAL_W10,242,3,0.9341637492179871,0.06583625078201294,0.36286693811416626,True,False,False,False
STRAIN_000743,2,LOCAL_W10,342,4,0.9209058880805969,0.07909411191940308,0.397728830575943,True,False,False,False
STRAIN_000743,2,LOCAL_W10,442,5,0.9277458190917969,0.07225418090820312,0.3801426291465759,True,False,False,False
STRAIN_000744,2,LOCAL_W10,42,1,0.9232434034347534,0.07675659656524658,0.3918074071407318,True,False,False,False
STRAIN_000744,2,LOCAL_W10,142,2,0.9125693440437317,0.08743065595626831,0.4181641936302185,True,False,False,False
STRAIN_000744,2,LOCAL_W10,242,3,0.9345507621765137,0.06544923782348633,0.3617989718914032,True,False,False,False
STRAIN_000744,2,LOCAL_W10,342,4,0.9063044190406799,0.09369558095932007,0.43288707733154297,True,False,False,False
STRAIN_000744,2,LOCAL_W10,442,5,0.9351425766944885,0.06485742330551147,0.360159695148468,True,False,False,False
STRAIN_000745,2,LOCAL_W10,42,1,0.9326586723327637,0.06734132766723633,0.3669915795326233,True,False,False,False
STRAIN_000745,2,LOCAL_W10,142,2,0.9312459230422974,0.06875407695770264,0.3708206117153168,True,False,False,False
STRAIN_000745,2,LOCAL_W10,242,3,0.9390835762023926,0.06091642379760742,0.34904539585113525,True,False,False,False
STRAIN_000745,2,LOCAL_W10,342,4,0.9420459270477295,0.05795407295227051,0.3404526710510254,True,False,False,False
STRAIN_000745,2,LOCAL_W10,442,5,0.9435590505599976,0.05644094944000244,0.3359788954257965,True,False,False,False
STRAIN_000746,2,LOCAL_W10,42,1,0.9272652864456177,0.07273471355438232,0.3814045190811157,True,False,False,False
STRAIN_000746,2,LOCAL_W10,142,2,0.9187617301940918,0.0812382698059082,0.4030839204788208,True,False,False,False
STRAIN_000746,2,LOCAL_W10,242,3,0.918548583984375,0.081451416015625,0.40361207723617554,True,False,False,False
STRAIN_000746,2,LOCAL_W10,342,4,0.922093391418457,0.07790660858154297,0.3947317898273468,True,False,False,False
STRAIN_000746,2,LOCAL_W10,442,5,0.914331316947937,0.08566868305206299,0.41392919421195984,True,False,False,False
STRAIN_000747,2,LOCAL_W10,42,1,0.9125951528549194,0.08740484714508057,0.41810235381126404,True,False,False,False
STRAIN_000747,2,LOCAL_W10,142,2,0.9248405694961548,0.07515943050384521,0.3877095580101013,True,False,False,False
STRAIN_000747,2,LOCAL_W10,242,3,0.906993567943573,0.093006432056427,0.4312921464443207,True,False,False,False
STRAIN_000747,2,LOCAL_W10,342,4,0.9024721384048462,0.09752786159515381,0.44165095686912537,True,False,False,False
STRAIN_000747,2,LOCAL_W10,442,5,0.9140869379043579,0.08591306209564209,0.4145192801952362,True,False,False,False
STRAIN_000748,2,LOCAL_W10,42,1,0.9312326908111572,0.06876730918884277,0.37085673213005066,True,False,False,False
STRAIN_000748,2,LOCAL_W10,142,2,0.9354612827301025,0.06453871726989746,0.3592737019062042,True,False,False,False
STRAIN_000748,2,LOCAL_W10,242,3,0.9162029027938843,0.08379709720611572,0.40938276052474976,True,False,False,False
STRAIN_000748,2,LOCAL_W10,342,4,0.9368582963943481,0.06314170360565186,0.355363667011261,True,False,False,False
STRAIN_000748,2,LOCAL_W10,442,5,0.9319806098937988,0.06801939010620117,0.36883413791656494,True,False,False,False
STRAIN_000754,2,LOCAL_W10,42,1,0.9173099994659424,0.08269000053405762,0.4066692888736725,True,False,False,False
STRAIN_000754,2,LOCAL_W10,142,2,0.9182442426681519,0.08175575733184814,0.4043653607368469,True,False,False,False
STRAIN_000754,2,LOCAL_W10,242,3,0.9145110845565796,0.08548891544342041,0.4134945571422577,True,False,False,False
STRAIN_000754,2,LOCAL_W10,342,4,0.930069625377655,0.06993037462234497,0.37397944927215576,True,False,False,False
STRAIN_000754,2,LOCAL_W10,442,5,0.9357312321662903,0.06426876783370972,0.35852113366127014,True,False,False,False
STRAIN_000758,2,LOCAL_W10,42,1,0.9212655425071716,0.07873445749282837,0.39682337641716003,True,False,False,False
STRAIN_000758,2,LOCAL_W10,142,2,0.9071377515792847,0.09286224842071533,0.4309576153755188,True,False,False,False
STRAIN_000758,2,LOCAL_W10,242,3,0.9167245030403137,0.08327549695968628,0.4081065058708191,True,False,False,False
STRAIN_000758,2,LOCAL_W10,342,4,0.9156718850135803,0.08432811498641968,0.41067785024642944,True,False,False,False
STRAIN_000758,2,LOCAL_W10,442,5,0.9249230623245239,0.07507693767547607,0.38749685883522034,True,False,False,False
STRAIN_000759,2,LOCAL_W10,42,1,0.9098215103149414,0.0901784896850586,0.4246846139431,True,False,False,False
STRAIN_000759,2,LOCAL_W10,142,2,0.9108141660690308,0.08918583393096924,0.42234060168266296,True,False,False,False
STRAIN_000759,2,LOCAL_W10,242,3,0.9124388098716736,0.08756119012832642,0.4184761941432953,True,False,False,False
STRAIN_000759,2,LOCAL_W10,342,4,0.9187171459197998,0.0812828540802002,0.4031944274902344,True,False,False,False
STRAIN_000759,2,LOCAL_W10,442,5,0.9054816365242004,0.09451836347579956,0.43478360772132874,True,False,False,False
STRAIN_000767,2,LOCAL_W10,42,1,0.917312741279602,0.08268725872039795,0.4066626727581024,True,False,False,False
STRAIN_000767,2,LOCAL_W10,142,2,0.9236388206481934,0.07636117935180664,0.3907971680164337,True,False,False,False
STRAIN_000767,2,LOCAL_W10,242,3,0.907127320766449,0.09287267923355103,0.4309818148612976,True,False,False,False
STRAIN_000767,2,LOCAL_W10,342,4,0.9081592559814453,0.09184074401855469,0.4285806119441986,True,False,False,False
STRAIN_000767,2,LOCAL_W10,442,5,0.9204651117324829,0.07953488826751709,0.39883533120155334,True,False,False,False
STRAIN_000778,2,LOCAL_W10,42,1,0.9488400220870972,0.05115997791290283,0.3198750615119934,True,False,False,False
STRAIN_000778,2,LOCAL_W10,142,2,0.9433162212371826,0.05668377876281738,0.3367006778717041,True,False,False,False
STRAIN_000778,2,LOCAL_W10,242,3,0.9351480603218079,0.06485193967819214,0.3601440489292145,True,False,False,False
STRAIN_000778,2,LOCAL_W10,342,4,0.9291958808898926,0.07080411911010742,0.3763083517551422,True,False,False,False
STRAIN_000778,2,LOCAL_W10,442,5,0.9311264157295227,0.0688735842704773,0.3711429238319397,True,False,False,False
STRAIN_000779,2,LOCAL_W10,42,1,0.9302157759666443,0.06978422403335571,0.373588889837265,True,False,False,False
STRAIN_000779,2,LOCAL_W10,142,2,0.943355917930603,0.05664408206939697,0.3365834355354309,True,False,False,False
STRAIN_000779,2,LOCAL_W10,242,3,0.9299427270889282,0.07005727291107178,0.3743188977241516,True,False,False,False
STRAIN_000779,2,LOCAL_W10,342,4,0.9284497499465942,0.07155025005340576,0.3782864511013031,True,False,False,False
STRAIN_000779,2,LOCAL_W10,442,5,0.9235349297523499,0.07646507024765015,0.39106282591819763,True,False,False,False
STRAIN_000780,2,LOCAL_W10,42,1,0.9289823770523071,0.07101762294769287,0.3768758475780487,True,False,False,False
STRAIN_000780,2,LOCAL_W10,142,2,0.9326443672180176,0.06735563278198242,0.36703041195869446,True,False,False,False
STRAIN_000780,2,LOCAL_W10,242,3,0.936238169670105,0.06376183032989502,0.357104629278183,True,False,False,False
STRAIN_000780,2,LOCAL_W10,342,4,0.9319674372673035,0.06803256273269653,0.36887019872665405,True,False,False,False
STRAIN_000780,2,LOCAL_W10,442,5,0.9325501322746277,0.06744986772537231,0.3672870397567749,True,False,False,False
STRAIN_000781,2,LOCAL_W10,42,1,0.9352583289146423,0.06474167108535767,0.3598378896713257,True,False,False,False
STRAIN_000781,2,LOCAL_W10,142,2,0.9322353601455688,0.06776463985443115,0.3681431710720062,True,False,False,False
STRAIN_000781,2,LOCAL_W10,242,3,0.9259226322174072,0.07407736778259277,0.38490843772888184,True,False,False,False
STRAIN_000781,2,LOCAL_W10,342,4,0.9337620139122009,0.06623798608779907,0.3639727234840393,True,False,False,False
STRAIN_000781,2,LOCAL_W10,442,5,0.9247778654098511,0.07522213459014893,0.3878714144229889,True,False,False,False
STRAIN_000786,2,LOCAL_W10,42,1,0.9222030639648438,0.07779693603515625,0.39445388317108154,True,False,False,False
STRAIN_000786,2,LOCAL_W10,142,2,0.917107105255127,0.08289289474487305,0.40716806054115295,True,False,False,False
STRAIN_000786,2,LOCAL_W10,242,3,0.9232310056686401,0.07676899433135986,0.39183926582336426,True,False,False,False
STRAIN_000786,2,LOCAL_W10,342,4,0.9284839034080505,0.07151609659194946,0.3781962990760803,True,False,False,False
STRAIN_000786,2,LOCAL_W10,442,5,0.9114510416984558,0.08854895830154419,0.42083021998405457,True,False,False,False
STRAIN_000806,2,LOCAL_W10,42,1,0.9214162826538086,0.0785837173461914,0.3964434564113617,True,False,False,False
STRAIN_000806,2,LOCAL_W10,142,2,0.9152923226356506,0.08470767736434937,0.4116010069847107,True,False,False,False
STRAIN_000806,2,LOCAL_W10,242,3,0.9115790128707886,0.08842098712921143,0.4205258786678314,True,False,False,False
STRAIN_000806,2,LOCAL_W10,342,4,0.9258504509925842,0.07414954900741577,0.3850964605808258,True,False,False,False
STRAIN_000806,2,LOCAL_W10,442,5,0.9210218191146851,0.07897818088531494,0.3974372446537018,True,False,False,False
STRAIN_000815,2,LOCAL_W10,42,1,0.9135940670967102,0.0864059329032898,0.4157065153121948,True,False,False,False
STRAIN_000815,2,LOCAL_W10,142,2,0.9153457880020142,0.08465421199798584,0.41147127747535706,True,False,False,False
STRAIN_000815,2,LOCAL_W10,242,3,0.9129705429077148,0.08702945709228516,0.4172040522098541,True,False,False,False
STRAIN_000815,2,LOCAL_W10,342,4,0.9183990955352783,0.08160090446472168,0.40398263931274414,True,False,False,False
STRAIN_000815,2,LOCAL_W10,442,5,0.9326239824295044,0.0673760175704956,0.3670860230922699,True,False,False,False
STRAIN_000834,2,LOCAL_W10,42,1,0.929884672164917,0.07011532783508301,0.37447383999824524,True,False,False,False
STRAIN_000834,2,LOCAL_W10,142,2,0.9279616475105286,0.07203835248947144,0.37957438826560974,True,False,False,False
STRAIN_000834,2,LOCAL_W10,242,3,0.9341844320297241,0.06581556797027588,0.3628101348876953,True,False,False,False
STRAIN_000834,2,LOCAL_W10,342,4,0.9235591888427734,0.07644081115722656,0.3910007178783417,True,False,False,False
STRAIN_000834,2,LOCAL_W10,442,5,0.93070387840271,0.06929612159729004,0.3722798824310303,True,False,False,False
STRAIN_000860,2,LOCAL_W10,42,1,0.9271814823150635,0.07281851768493652,0.38162410259246826,True,False,False,False
STRAIN_000860,2,LOCAL_W10,142,2,0.9188840389251709,0.0811159610748291,0.40278032422065735,True,False,False,False
STRAIN_000860,2,LOCAL_W10,242,3,0.9231433868408203,0.07685661315917969,0.39206254482269287,True,False,False,False
STRAIN_000860,2,LOCAL_W10,342,4,0.9171270132064819,0.08287298679351807,0.4071190655231476,True,False,False,False
STRAIN_000860,2,LOCAL_W10,442,5,0.9133943319320679,0.08660566806793213,0.416186660528183,True,False,False,False
STRAIN_000861,2,LOCAL_W10,42,1,0.9062850475311279,0.09371495246887207,0.43293166160583496,True,False,False,False
STRAIN_000861,2,LOCAL_W10,142,2,0.919173002243042,0.08082699775695801,0.4020621180534363,True,False,False,False
STRAIN_000861,2,LOCAL_W10,242,3,0.9117980003356934,0.08820199966430664,0.4200044870376587,True,False,False,False
STRAIN_000861,2,LOCAL_W10,342,4,0.9066563844680786,0.09334361553192139,0.4320729970932007,True,False,False,False
STRAIN_000861,2,LOCAL_W10,442,5,0.9277676939964294,0.07223230600357056,0.3800848424434662,True,False,False,False
STRAIN_000872,2,LOCAL_W10,42,1,0.9299500584602356,0.0700499415397644,0.3742993175983429,True,False,False,False
STRAIN_000872,2,LOCAL_W10,142,2,0.9152904748916626,0.0847095251083374,0.41160571575164795,True,False,False,False
STRAIN_000872,2,LOCAL_W10,242,3,0.9158797264099121,0.08412027359008789,0.41017135977745056,True,False,False,False
STRAIN_000872,2,LOCAL_W10,342,4,0.9316756725311279,0.06832432746887207,0.36966046690940857,True,False,False,False
STRAIN_000872,2,LOCAL_W10,442,5,0.9301356077194214,0.06986439228057861,0.3738033175468445,True,False,False,False
STRAIN_000900,2,LOCAL_W10,42,1,0.9089561104774475,0.09104388952255249,0.4267174303531647,True,False,False,False
STRAIN_000900,2,LOCAL_W10,142,2,0.9090038537979126,0.0909961462020874,0.4266054630279541,True,False,False,False
STRAIN_000900,2,LOCAL_W10,242,3,0.9280170798301697,0.07198292016983032,0.37942805886268616,True,False,False,False
STRAIN_000900,2,LOCAL_W10,342,4,0.9212236404418945,0.07877635955810547,0.39692917466163635,True,False,False,False
STRAIN_000900,2,LOCAL_W10,442,5,0.9051660895347595,0.09483391046524048,0.4355086088180542,True,False,False,False
STRAIN_000916,2,LOCAL_W10,42,1,0.9372887015342712,0.06271129846572876,0.35415056347846985,True,False,False,False
STRAIN_000916,2,LOCAL_W10,142,2,0.917995810508728,0.08200418949127197,0.40497925877571106,True,False,False,False
STRAIN_000916,2,LOCAL_W10,242,3,0.926854133605957,0.07314586639404297,0.3824809193611145,True,False,False,False
STRAIN_000916,2,LOCAL_W10,342,4,0.9353995323181152,0.06460046768188477,0.35944533348083496,True,False,False,False
STRAIN_000916,2,LOCAL_W10,442,5,0.9489476680755615,0.05105233192443848,0.319538414478302,True,False,False,False
STRAIN_000926,2,LOCAL_W10,42,1,0.9437054395675659,0.05629456043243408,0.3355429470539093,True,False,False,False
STRAIN_000926,2,LOCAL_W10,142,2,0.9247705340385437,0.0752294659614563,0.38789036870002747,True,False,False,False
STRAIN_000926,2,LOCAL_W10,242,3,0.9370720386505127,0.0629279613494873,0.35476168990135193,True,False,False,False
STRAIN_000926,2,LOCAL_W10,342,4,0.9415532350540161,0.05844676494598389,0.34189707040786743,True,False,False,False
STRAIN_000926,2,LOCAL_W10,442,5,0.961654543876648,0.03834545612335205,0.2769313156604767,True,False,False,False
STRAIN_000933,2,LOCAL_W10,42,1,0.9247421026229858,0.07525789737701416,0.3879634737968445,True,False,False,False
STRAIN_000933,2,LOCAL_W10,142,2,0.9371827840805054,0.06281721591949463,0.3544495105743408,True,False,False,False
STRAIN_000933,2,LOCAL_W10,242,3,0.9325215816497803,0.06747841835021973,0.36736491322517395,True,False,False,False
STRAIN_000933,2,LOCAL_W10,342,4,0.9360811710357666,0.0639188289642334,0.35754430294036865,True,False,False,False
STRAIN_000933,2,LOCAL_W10,442,5,0.9279866218566895,0.07201337814331055,0.3795085847377777,True,False,False,False
STRAIN_000944,2,LOCAL_W10,42,1,0.9317856431007385,0.06821435689926147,0.3693629801273346,True,False,False,False
STRAIN_000944,2,LOCAL_W10,142,2,0.9191409349441528,0.08085906505584717,0.4021419882774353,True,False,False,False
STRAIN_000944,2,LOCAL_W10,242,3,0.9285008311271667,0.07149916887283325,0.3781512677669525,True,False,False,False
STRAIN_000944,2,LOCAL_W10,342,4,0.9290361404418945,0.07096385955810547,0.37673312425613403,True,False,False,False
STRAIN_000944,2,LOCAL_W10,442,5,0.9305713772773743,0.06942862272262573,0.37263575196266174,True,False,False,False
STRAIN_000975,2,LOCAL_W10,42,1,0.9031782150268555,0.09682178497314453,0.44004976749420166,True,False,False,False
STRAIN_000975,2,LOCAL_W10,142,2,0.9341579675674438,0.06584203243255615,0.3628833293914795,True,False,False,False
STRAIN_000975,2,LOCAL_W10,242,3,0.9131697416305542,0.0868302583694458,0.4167259633541107,True,False,False,False
STRAIN_000975,2,LOCAL_W10,342,4,0.8833194971084595,0.11668050289154053,0.4830746352672577,True,False,False,False
STRAIN_000975,2,LOCAL_W10,442,5,0.9618250131607056,0.038174986839294434,0.27631548047065735,True,False,False,False
STRAIN_000988,2,LOCAL_W10,42,1,0.9376015067100525,0.06239849328994751,0.3532659411430359,True,False,False,False
STRAIN_000988,2,LOCAL_W10,142,2,0.9376944303512573,0.062305569648742676,0.3530028164386749,True,False,False,False
STRAIN_000988,2,LOCAL_W10,242,3,0.9187911748886108,0.08120882511138916,0.4030107855796814,True,False,False,False
STRAIN_000988,2,LOCAL_W10,342,4,0.938827395439148,0.06117260456085205,0.34977880120277405,True,False,False,False
STRAIN_000988,2,LOCAL_W10,442,5,0.9320060014724731,0.06799399852752686,0.36876553297042847,True,False,False,False
STRAIN_000993,2,LOCAL_W10,42,1,0.927935004234314,0.07206499576568604,0.3796445429325104,True,False,False,False
STRAIN_000993,2,LOCAL_W10,142,2,0.9286162853240967,0.07138371467590332,0.3778457045555115,True,False,False,False
STRAIN_000993,2,LOCAL_W10,242,3,0.9291972517967224,0.07080274820327759,0.3763049840927124,True,False,False,False
STRAIN_000993,2,LOCAL_W10,342,4,0.9306116700172424,0.06938832998275757,0.37252742052078247,True,False,False,False
STRAIN_000993,2,LOCAL_W10,442,5,0.9273243546485901,0.07267564535140991,0.38124963641166687,True,False,False,False
STRAIN_000995,2,LOCAL_W10,42,1,0.9256687164306641,0.07433128356933594,0.385567843914032,True,False,False,False
STRAIN_000995,2,LOCAL_W10,142,2,0.9315131902694702,0.06848680973052979,0.37009942531585693,True,False,False,False
STRAIN_000995,2,LOCAL_W10,242,3,0.9156272411346436,0.08437275886535645,0.4107864499092102,True,False,False,False
STRAIN_000995,2,LOCAL_W10,342,4,0.9369127750396729,0.06308722496032715,0.3552108108997345,True,False,False,False
STRAIN_000995,2,LOCAL_W10,442,5,0.9353315830230713,0.06466841697692871,0.3596343994140625,True,False,False,False
STRAIN_001010,2,LOCAL_W10,42,1,0.9264186024665833,0.07358139753341675,0.38361817598342896,True,False,False,False
STRAIN_001010,2,LOCAL_W10,142,2,0.9126417636871338,0.08735823631286621,0.41799095273017883,True,False,False,False
STRAIN_001010,2,LOCAL_W10,242,3,0.9099215269088745,0.09007847309112549,0.42444899678230286,True,False,False,False
STRAIN_001010,2,LOCAL_W10,342,4,0.9156136512756348,0.08438634872436523,0.410819411277771,True,False,False,False
STRAIN_001010,2,LOCAL_W10,442,5,0.9242587089538574,0.07574129104614258,0.38920778036117554,True,False,False,False
STRAIN_001017,2,LOCAL_W10,42,1,0.9253211617469788,0.07467883825302124,0.38646823167800903,True,False,False,False
STRAIN_001017,2,LOCAL_W10,142,2,0.9245296716690063,0.07547032833099365,0.3885108232498169,True,False,False,False
STRAIN_001017,2,LOCAL_W10,242,3,0.9236670732498169,0.0763329267501831,0.39072486758232117,True,False,False,False
STRAIN_001017,2,LOCAL_W10,342,4,0.9274243712425232,0.0725756287574768,0.3809872269630432,True,False,False,False
STRAIN_001017,2,LOCAL_W10,442,5,0.9251553416252136,0.07484465837478638,0.3868970274925232,True,False,False,False
STRAIN_001019,2,LOCAL_W10,42,1,0.9404485821723938,0.0595514178276062,0.34511274099349976,True,False,False,False
STRAIN_001019,2,LOCAL_W10,142,2,0.9545501470565796,0.04544985294342041,0.30149605870246887,True,False,False,False
STRAIN_001019,2,LOCAL_W10,242,3,0.9467179179191589,0.053282082080841064,0.32644200325012207,True,False,False,False
STRAIN_001019,2,LOCAL_W10,342,4,0.9494994878768921,0.05050051212310791,0.3178066909313202,True,False,False,False
STRAIN_001019,2,LOCAL_W10,442,5,0.9386571645736694,0.061342835426330566,0.35026541352272034,True,False,False,False
