strain_entity_id,outer_fold,control_type,seed,replicate,cosine_TRUE_control,embedding_displacement,l2_distance,fold_matched_lineage95_encoder,phenotype_labels_used,encoder_retrained,encoder_finetuned
STRAIN_000002,1,TIGHTBLOCK50,42,1,0.989772617816925,0.010227382183074951,0.14301937818527222,True,False,False,False
STRAIN_000002,1,TIGHTBLOCK50,142,2,0.9868935346603394,0.013106465339660645,0.16190364956855774,True,False,False,False
STRAIN_000002,1,TIGHTBLOCK50,242,3,0.9858336448669434,0.01416635513305664,0.16832342743873596,True,False,False,False
STRAIN_000002,1,TIGHTBLOCK50,342,4,0.9860237240791321,0.01397627592086792,0.1671900898218155,True,False,False,False
STRAIN_000002,1,TIGHTBLOCK50,442,5,0.985904335975647,0.014095664024353027,0.1679030954837799,True,False,False,False
STRAIN_000025,1,TIGHTBLOCK50,42,1,0.9888492226600647,0.011150777339935303,0.14933761954307556,True,False,False,False
STRAIN_000025,1,TIGHTBLOCK50,142,2,0.9902821779251099,0.009717822074890137,0.139412060379982,True,False,False,False
STRAIN_000025,1,TIGHTBLOCK50,242,3,0.9890829920768738,0.01091700792312622,0.14776331186294556,True,False,False,False
STRAIN_000025,1,TIGHTBLOCK50,342,4,0.9878706932067871,0.01212930679321289,0.15575191378593445,True,False,False,False
STRAIN_000025,1,TIGHTBLOCK50,442,5,0.9862300157546997,0.013769984245300293,0.1659521758556366,True,False,False,False
STRAIN_000035,1,TIGHTBLOCK50,42,1,0.9914060235023499,0.008593976497650146,0.13110269606113434,True,False,False,False
STRAIN_000035,1,TIGHTBLOCK50,142,2,0.9940757751464844,0.005924224853515625,0.10885052382946014,True,False,False,False
STRAIN_000035,1,TIGHTBLOCK50,242,3,0.9904040694236755,0.009595930576324463,0.1385345757007599,True,False,False,False
STRAIN_000035,1,TIGHTBLOCK50,342,4,0.9883856773376465,0.011614322662353516,0.15240991115570068,True,False,False,False
STRAIN_000035,1,TIGHTBLOCK50,442,5,0.991277277469635,0.00872272253036499,0.13208092749118805,True,False,False,False
STRAIN_000036,1,TIGHTBLOCK50,42,1,0.9917343854904175,0.00826561450958252,0.1285746991634369,True,False,False,False
STRAIN_000036,1,TIGHTBLOCK50,142,2,0.9932497143745422,0.006750285625457764,0.11619243770837784,True,False,False,False
STRAIN_000036,1,TIGHTBLOCK50,242,3,0.9922040700912476,0.007795929908752441,0.12486770004034042,True,False,False,False
STRAIN_000036,1,TIGHTBLOCK50,342,4,0.9926121234893799,0.007387876510620117,0.1215568333864212,True,False,False,False
STRAIN_000036,1,TIGHTBLOCK50,442,5,0.9918972253799438,0.008102774620056152,0.12730170786380768,True,False,False,False
STRAIN_000037,1,TIGHTBLOCK50,42,1,0.9954414367675781,0.004558563232421875,0.09548410773277283,True,False,False,False
STRAIN_000037,1,TIGHTBLOCK50,142,2,0.9955843687057495,0.004415631294250488,0.09397508949041367,True,False,False,False
STRAIN_000037,1,TIGHTBLOCK50,242,3,0.9934759140014648,0.006524085998535156,0.11422862112522125,True,False,False,False
STRAIN_000037,1,TIGHTBLOCK50,342,4,0.9955736994743347,0.004426300525665283,0.09408802539110184,True,False,False,False
STRAIN_000037,1,TIGHTBLOCK50,442,5,0.9952226281166077,0.004777371883392334,0.09774856269359589,True,False,False,False
STRAIN_000038,1,TIGHTBLOCK50,42,1,0.9926960468292236,0.007303953170776367,0.12086383253335953,True,False,False,False
STRAIN_000038,1,TIGHTBLOCK50,142,2,0.9926279783248901,0.007372021675109863,0.12142571061849594,True,False,False,False
STRAIN_000038,1,TIGHTBLOCK50,242,3,0.9933071732521057,0.006692826747894287,0.11569639295339584,True,False,False,False
STRAIN_000038,1,TIGHTBLOCK50,342,4,0.9935834407806396,0.0064165592193603516,0.11328355967998505,True,False,False,False
STRAIN_000038,1,TIGHTBLOCK50,442,5,0.9945887327194214,0.005411267280578613,0.1040310263633728,True,False,False,False
STRAIN_000039,1,TIGHTBLOCK50,42,1,0.9929721355438232,0.007027864456176758,0.11855671554803848,True,False,False,False
STRAIN_000039,1,TIGHTBLOCK50,142,2,0.9924815893173218,0.007518410682678223,0.12262486666440964,True,False,False,False
STRAIN_000039,1,TIGHTBLOCK50,242,3,0.9909848570823669,0.009015142917633057,0.1342771053314209,True,False,False,False
STRAIN_000039,1,TIGHTBLOCK50,342,4,0.9916540384292603,0.008345961570739746,0.12919677793979645,True,False,False,False
STRAIN_000039,1,TIGHTBLOCK50,442,5,0.9906702041625977,0.009329795837402344,0.13660001754760742,True,False,False,False
STRAIN_000040,1,TIGHTBLOCK50,42,1,0.9917238354682922,0.008276164531707764,0.12865614891052246,True,False,False,False
STRAIN_000040,1,TIGHTBLOCK50,142,2,0.9917615652084351,0.008238434791564941,0.12836237251758575,True,False,False,False
STRAIN_000040,1,TIGHTBLOCK50,242,3,0.9899740219116211,0.010025978088378906,0.14160548150539398,True,False,False,False
STRAIN_000040,1,TIGHTBLOCK50,342,4,0.9930788278579712,0.006921172142028809,0.11765412986278534,True,False,False,False
STRAIN_000040,1,TIGHTBLOCK50,442,5,0.9941425919532776,0.005857408046722412,0.10823522508144379,True,False,False,False
STRAIN_000041,1,TIGHTBLOCK50,42,1,0.9926873445510864,0.007312655448913574,0.12093444168567657,True,False,False,False
STRAIN_000041,1,TIGHTBLOCK50,142,2,0.9913269281387329,0.00867307186126709,0.13170486688613892,True,False,False,False
STRAIN_000041,1,TIGHTBLOCK50,242,3,0.9907755851745605,0.009224414825439453,0.13582614064216614,True,False,False,False
STRAIN_000041,1,TIGHTBLOCK50,342,4,0.9912711381912231,0.008728861808776855,0.1321275681257248,True,False,False,False
STRAIN_000041,1,TIGHTBLOCK50,442,5,0.9881340265274048,0.011865973472595215,0.15405166149139404,True,False,False,False
STRAIN_000042,1,TIGHTBLOCK50,42,1,0.9925928115844727,0.007407188415527344,0.12171386927366257,True,False,False,False
STRAIN_000042,1,TIGHTBLOCK50,142,2,0.992967426776886,0.007032573223114014,0.11859603971242905,True,False,False,False
STRAIN_000042,1,TIGHTBLOCK50,242,3,0.9908553957939148,0.009144604206085205,0.13523776829242706,True,False,False,False
STRAIN_000042,1,TIGHTBLOCK50,342,4,0.9895923733711243,0.010407626628875732,0.1442742645740509,True,False,False,False
STRAIN_000042,1,TIGHTBLOCK50,442,5,0.9935094118118286,0.006490588188171387,0.11393462866544724,True,False,False,False
STRAIN_000060,1,TIGHTBLOCK50,42,1,0.9893443584442139,0.010655641555786133,0.14598348736763,True,False,False,False
STRAIN_000060,1,TIGHTBLOCK50,142,2,0.9905202388763428,0.009479761123657227,0.13769425451755524,True,False,False,False
STRAIN_000060,1,TIGHTBLOCK50,242,3,0.9907768368721008,0.00922316312789917,0.1358172446489334,True,False,False,False
STRAIN_000060,1,TIGHTBLOCK50,342,4,0.9914512634277344,0.008548736572265625,0.1307573765516281,True,False,False,False
STRAIN_000060,1,TIGHTBLOCK50,442,5,0.9909042119979858,0.00909578800201416,0.1348758339881897,True,False,False,False
STRAIN_000066,1,TIGHTBLOCK50,42,1,0.9829400777816772,0.017059922218322754,0.18471567332744598,True,False,False,False
STRAIN_000066,1,TIGHTBLOCK50,142,2,0.9849529266357422,0.015047073364257812,0.17347688972949982,True,False,False,False
STRAIN_000066,1,TIGHTBLOCK50,242,3,0.9853783845901489,0.014621615409851074,0.1710066944360733,True,False,False,False
STRAIN_000066,1,TIGHTBLOCK50,342,4,0.9855102896690369,0.014489710330963135,0.1702333241701126,True,False,False,False
STRAIN_000066,1,TIGHTBLOCK50,442,5,0.9855679273605347,0.014432072639465332,0.16989484429359436,True,False,False,False
STRAIN_000092,1,TIGHTBLOCK50,42,1,0.9901110529899597,0.009888947010040283,0.1406341940164566,True,False,False,False
STRAIN_000092,1,TIGHTBLOCK50,142,2,0.9901813864707947,0.009818613529205322,0.14013300836086273,True,False,False,False
STRAIN_000092,1,TIGHTBLOCK50,242,3,0.9887902736663818,0.011209726333618164,0.14973115921020508,True,False,False,False
STRAIN_000092,1,TIGHTBLOCK50,342,4,0.9879223704338074,0.012077629566192627,0.1554199457168579,True,False,False,False
STRAIN_000092,1,TIGHTBLOCK50,442,5,0.9900415539741516,0.009958446025848389,0.1411270946264267,True,False,False,False
STRAIN_000140,1,TIGHTBLOCK50,42,1,0.9902597665786743,0.009740233421325684,0.1395723819732666,True,False,False,False
STRAIN_000140,1,TIGHTBLOCK50,142,2,0.9914464950561523,0.008553504943847656,0.13079339265823364,True,False,False,False
STRAIN_000140,1,TIGHTBLOCK50,242,3,0.9912331104278564,0.008766889572143555,0.13241519033908844,True,False,False,False
STRAIN_000140,1,TIGHTBLOCK50,342,4,0.9909378290176392,0.00906217098236084,0.1346268504858017,True,False,False,False
STRAIN_000140,1,TIGHTBLOCK50,442,5,0.9898164868354797,0.010183513164520264,0.14271271228790283,True,False,False,False
STRAIN_000159,1,TIGHTBLOCK50,42,1,0.9911651611328125,0.0088348388671875,0.13292711973190308,True,False,False,False
STRAIN_000159,1,TIGHTBLOCK50,142,2,0.988559901714325,0.011440098285675049,0.15126237273216248,True,False,False,False
STRAIN_000159,1,TIGHTBLOCK50,242,3,0.9906660914421082,0.009333908557891846,0.13663047552108765,True,False,False,False
STRAIN_000159,1,TIGHTBLOCK50,342,4,0.9911303520202637,0.008869647979736328,0.13318805396556854,True,False,False,False
STRAIN_000159,1,TIGHTBLOCK50,442,5,0.9919418692588806,0.008058130741119385,0.126949742436409,True,False,False,False
STRAIN_000162,1,TIGHTBLOCK50,42,1,0.9885253310203552,0.011474668979644775,0.15149027109146118,True,False,False,False
STRAIN_000162,1,TIGHTBLOCK50,142,2,0.9887286424636841,0.011271357536315918,0.15014204382896423,True,False,False,False
STRAIN_000162,1,TIGHTBLOCK50,242,3,0.9857747554779053,0.014225244522094727,0.16867300868034363,True,False,False,False
STRAIN_000162,1,TIGHTBLOCK50,342,4,0.9872500896453857,0.012749910354614258,0.15968643128871918,True,False,False,False
STRAIN_000162,1,TIGHTBLOCK50,442,5,0.9885392189025879,0.01146078109741211,0.15139849483966827,True,False,False,False
STRAIN_000199,1,TIGHTBLOCK50,42,1,0.988528847694397,0.011471152305603027,0.15146704018115997,True,False,False,False
STRAIN_000199,1,TIGHTBLOCK50,142,2,0.9882509708404541,0.011749029159545898,0.1532905399799347,True,False,False,False
STRAIN_000199,1,TIGHTBLOCK50,242,3,0.9897586107254028,0.010241389274597168,0.1431182622909546,True,False,False,False
STRAIN_000199,1,TIGHTBLOCK50,342,4,0.9895787239074707,0.010421276092529297,0.14436958730220795,True,False,False,False
STRAIN_000199,1,TIGHTBLOCK50,442,5,0.9877119064331055,0.012288093566894531,0.1567685455083847,True,False,False,False
STRAIN_000214,1,TIGHTBLOCK50,42,1,0.9871755838394165,0.012824416160583496,0.16015280783176422,True,False,False,False
STRAIN_000214,1,TIGHTBLOCK50,142,2,0.9899739623069763,0.010026037693023682,0.14160491526126862,True,False,False,False
STRAIN_000214,1,TIGHTBLOCK50,242,3,0.9906182885169983,0.009381711483001709,0.13697978854179382,True,False,False,False
STRAIN_000214,1,TIGHTBLOCK50,342,4,0.9897750020027161,0.010224997997283936,0.14300358295440674,True,False,False,False
STRAIN_000214,1,TIGHTBLOCK50,442,5,0.9903689622879028,0.009631037712097168,0.13878783583641052,True,False,False,False
STRAIN_000233,1,TIGHTBLOCK50,42,1,0.987746000289917,0.012253999710083008,0.15655045211315155,True,False,False,False
STRAIN_000233,1,TIGHTBLOCK50,142,2,0.9873979091644287,0.012602090835571289,0.1587579846382141,True,False,False,False
STRAIN_000233,1,TIGHTBLOCK50,242,3,0.988857626914978,0.011142373085021973,0.1492813229560852,True,False,False,False
STRAIN_000233,1,TIGHTBLOCK50,342,4,0.9897186160087585,0.010281383991241455,0.14339683949947357,True,False,False,False
STRAIN_000233,1,TIGHTBLOCK50,442,5,0.9874489903450012,0.01255100965499878,0.15843559801578522,True,False,False,False
STRAIN_000241,1,TIGHTBLOCK50,42,1,0.9884203672409058,0.011579632759094238,0.15218204259872437,True,False,False,False
STRAIN_000241,1,TIGHTBLOCK50,142,2,0.9878162741661072,0.012183725833892822,0.1561003178358078,True,False,False,False
STRAIN_000241,1,TIGHTBLOCK50,242,3,0.9905750155448914,0.009424984455108643,0.13729426264762878,True,False,False,False
STRAIN_000241,1,TIGHTBLOCK50,342,4,0.9889999628067017,0.01100003719329834,0.14832401275634766,True,False,False,False
STRAIN_000241,1,TIGHTBLOCK50,442,5,0.9901591539382935,0.009840846061706543,0.14029133319854736,True,False,False,False
STRAIN_000245,1,TIGHTBLOCK50,42,1,0.9894784688949585,0.010521531105041504,0.1450624167919159,True,False,False,False
STRAIN_000245,1,TIGHTBLOCK50,142,2,0.9881806969642639,0.011819303035736084,0.15374816954135895,True,False,False,False
STRAIN_000245,1,TIGHTBLOCK50,242,3,0.9904024004936218,0.009597599506378174,0.1385476440191269,True,False,False,False
STRAIN_000245,1,TIGHTBLOCK50,342,4,0.9916833639144897,0.008316636085510254,0.1289689689874649,True,False,False,False
STRAIN_000245,1,TIGHTBLOCK50,442,5,0.9910218715667725,0.008978128433227539,0.134001225233078,True,False,False,False
STRAIN_000260,1,TIGHTBLOCK50,42,1,0.9905734658241272,0.009426534175872803,0.1373063027858734,True,False,False,False
STRAIN_000260,1,TIGHTBLOCK50,142,2,0.982853353023529,0.017146646976470947,0.18518465757369995,True,False,False,False
STRAIN_000260,1,TIGHTBLOCK50,242,3,0.9933037161827087,0.00669628381729126,0.11572624742984772,True,False,False,False
STRAIN_000260,1,TIGHTBLOCK50,342,4,0.9924314022064209,0.0075685977935791016,0.12303270399570465,True,False,False,False
STRAIN_000260,1,TIGHTBLOCK50,442,5,0.9843829870223999,0.015617012977600098,0.1767313927412033,True,False,False,False
STRAIN_000292,1,TIGHTBLOCK50,42,1,0.9877660274505615,0.012233972549438477,0.15642233192920685,True,False,False,False
STRAIN_000292,1,TIGHTBLOCK50,142,2,0.9884036779403687,0.011596322059631348,0.1522912234067917,True,False,False,False
STRAIN_000292,1,TIGHTBLOCK50,242,3,0.9908550977706909,0.009144902229309082,0.13524018228054047,True,False,False,False
STRAIN_000292,1,TIGHTBLOCK50,342,4,0.9917800426483154,0.00821995735168457,0.1282183974981308,True,False,False,False
STRAIN_000292,1,TIGHTBLOCK50,442,5,0.9876755475997925,0.01232445240020752,0.1570000946521759,True,False,False,False
STRAIN_000301,1,TIGHTBLOCK50,42,1,0.9900142550468445,0.009985744953155518,0.14132006466388702,True,False,False,False
STRAIN_000301,1,TIGHTBLOCK50,142,2,0.9888406991958618,0.011159300804138184,0.14939410984516144,True,False,False,False
STRAIN_000301,1,TIGHTBLOCK50,242,3,0.9869670867919922,0.013032913208007812,0.1614488661289215,True,False,False,False
STRAIN_000301,1,TIGHTBLOCK50,342,4,0.9883235692977905,0.011676430702209473,0.15281632542610168,True,False,False,False
STRAIN_000301,1,TIGHTBLOCK50,442,5,0.9887600541114807,0.011239945888519287,0.14993269741535187,True,False,False,False
STRAIN_000302,1,TIGHTBLOCK50,42,1,0.988366425037384,0.011633574962615967,0.15253622829914093,True,False,False,False
STRAIN_000302,1,TIGHTBLOCK50,142,2,0.9883416891098022,0.011658310890197754,0.15269744396209717,True,False,False,False
STRAIN_000302,1,TIGHTBLOCK50,242,3,0.9874942302703857,0.012505769729614258,0.1581505537033081,True,False,False,False
STRAIN_000302,1,TIGHTBLOCK50,342,4,0.9898527264595032,0.010147273540496826,0.14245885610580444,True,False,False,False
STRAIN_000302,1,TIGHTBLOCK50,442,5,0.9902791976928711,0.009720802307128906,0.13943348824977875,True,False,False,False
STRAIN_000318,1,TIGHTBLOCK50,42,1,0.9895219802856445,0.010478019714355469,0.14476251602172852,True,False,False,False
STRAIN_000318,1,TIGHTBLOCK50,142,2,0.9915971755981445,0.008402824401855469,0.12963655591011047,True,False,False,False
STRAIN_000318,1,TIGHTBLOCK50,242,3,0.9908748865127563,0.009125113487243652,0.13509361445903778,True,False,False,False
STRAIN_000318,1,TIGHTBLOCK50,342,4,0.9910889863967896,0.00891101360321045,0.13349923491477966,True,False,False,False
STRAIN_000318,1,TIGHTBLOCK50,442,5,0.9898630380630493,0.010136961936950684,0.14238640666007996,True,False,False,False
STRAIN_000325,1,TIGHTBLOCK50,42,1,0.9892366528511047,0.010763347148895264,0.14671915769577026,True,False,False,False
STRAIN_000325,1,TIGHTBLOCK50,142,2,0.9881678819656372,0.011832118034362793,0.15383121371269226,True,False,False,False
STRAIN_000325,1,TIGHTBLOCK50,242,3,0.9906903505325317,0.009309649467468262,0.13645221292972565,True,False,False,False
STRAIN_000325,1,TIGHTBLOCK50,342,4,0.9895371794700623,0.010462820529937744,0.14465658366680145,True,False,False,False
STRAIN_000325,1,TIGHTBLOCK50,442,5,0.9881414175033569,0.011858582496643066,0.15400250256061554,True,False,False,False
STRAIN_000330,1,TIGHTBLOCK50,42,1,0.994411289691925,0.005588710308074951,0.10572337359189987,True,False,False,False
STRAIN_000330,1,TIGHTBLOCK50,142,2,0.99088054895401,0.00911945104598999,0.13505145907402039,True,False,False,False
STRAIN_000330,1,TIGHTBLOCK50,242,3,0.9926913976669312,0.007308602333068848,0.12090258300304413,True,False,False,False
STRAIN_000330,1,TIGHTBLOCK50,342,4,0.9947074055671692,0.0052925944328308105,0.10288571566343307,True,False,False,False
STRAIN_000330,1,TIGHTBLOCK50,442,5,0.992205023765564,0.007794976234436035,0.12485992908477783,True,False,False,False
STRAIN_000336,1,TIGHTBLOCK50,42,1,0.9967610239982605,0.003238976001739502,0.08048531413078308,True,False,False,False
STRAIN_000336,1,TIGHTBLOCK50,142,2,0.9961448311805725,0.0038551688194274902,0.08780846744775772,True,False,False,False
STRAIN_000336,1,TIGHTBLOCK50,242,3,0.9948439002037048,0.005156099796295166,0.10154915601015091,True,False,False,False
STRAIN_000336,1,TIGHTBLOCK50,342,4,0.9937359094619751,0.006264090538024902,0.11192914843559265,True,False,False,False
STRAIN_000336,1,TIGHTBLOCK50,442,5,0.9920136332511902,0.007986366748809814,0.12638315558433533,True,False,False,False
STRAIN_000337,1,TIGHTBLOCK50,42,1,0.9893675446510315,0.010632455348968506,0.14582446217536926,True,False,False,False
STRAIN_000337,1,TIGHTBLOCK50,142,2,0.9880449771881104,0.011955022811889648,0.1546289622783661,True,False,False,False
STRAIN_000337,1,TIGHTBLOCK50,242,3,0.9894402623176575,0.01055973768234253,0.14532479643821716,True,False,False,False
STRAIN_000337,1,TIGHTBLOCK50,342,4,0.9901378154754639,0.009862184524536133,0.14044305682182312,True,False,False,False
STRAIN_000337,1,TIGHTBLOCK50,442,5,0.9903068542480469,0.009693145751953125,0.1392342746257782,True,False,False,False
STRAIN_000340,1,TIGHTBLOCK50,42,1,0.9893219470977783,0.01067805290222168,0.1461372822523117,True,False,False,False
STRAIN_000340,1,TIGHTBLOCK50,142,2,0.9900771975517273,0.009922802448272705,0.14087453484535217,True,False,False,False
STRAIN_000340,1,TIGHTBLOCK50,242,3,0.9893362522125244,0.010663747787475586,0.1460392028093338,True,False,False,False
STRAIN_000340,1,TIGHTBLOCK50,342,4,0.9895740747451782,0.010425925254821777,0.14440172910690308,True,False,False,False
STRAIN_000340,1,TIGHTBLOCK50,442,5,0.9888709783554077,0.011129021644592285,0.1491912603378296,True,False,False,False
STRAIN_000362,1,TIGHTBLOCK50,42,1,0.9888997673988342,0.011100232601165771,0.14899808168411255,True,False,False,False
STRAIN_000362,1,TIGHTBLOCK50,142,2,0.9889692068099976,0.011030793190002441,0.14853134751319885,True,False,False,False
STRAIN_000362,1,TIGHTBLOCK50,242,3,0.9880985617637634,0.011901438236236572,0.15428175032138824,True,False,False,False
STRAIN_000362,1,TIGHTBLOCK50,342,4,0.9900063276290894,0.009993672370910645,0.14137668907642365,True,False,False,False
STRAIN_000362,1,TIGHTBLOCK50,442,5,0.9888575077056885,0.011142492294311523,0.14928191900253296,True,False,False,False
STRAIN_000363,1,TIGHTBLOCK50,42,1,0.9879590272903442,0.012040972709655762,0.15518373250961304,True,False,False,False
STRAIN_000363,1,TIGHTBLOCK50,142,2,0.989415168762207,0.010584831237792969,0.14549770951271057,True,False,False,False
STRAIN_000363,1,TIGHTBLOCK50,242,3,0.9884413480758667,0.0115586519241333,0.15204384922981262,True,False,False,False
STRAIN_000363,1,TIGHTBLOCK50,342,4,0.9879904985427856,0.012009501457214355,0.15498119592666626,True,False,False,False
STRAIN_000363,1,TIGHTBLOCK50,442,5,0.9887495040893555,0.011250495910644531,0.15000340342521667,True,False,False,False
STRAIN_000369,1,TIGHTBLOCK50,42,1,0.9908722639083862,0.00912773609161377,0.13511401414871216,True,False,False,False
STRAIN_000369,1,TIGHTBLOCK50,142,2,0.9914875030517578,0.008512496948242188,0.13047970831394196,True,False,False,False
STRAIN_000369,1,TIGHTBLOCK50,242,3,0.9889901876449585,0.011009812355041504,0.14839065074920654,True,False,False,False
STRAIN_000369,1,TIGHTBLOCK50,342,4,0.9898681640625,0.0101318359375,0.14235076308250427,True,False,False,False
STRAIN_000369,1,TIGHTBLOCK50,442,5,0.9897282123565674,0.010271787643432617,0.14333006739616394,True,False,False,False
STRAIN_000372,1,TIGHTBLOCK50,42,1,0.9891977906227112,0.010802209377288818,0.14698421955108643,True,False,False,False
STRAIN_000372,1,TIGHTBLOCK50,142,2,0.9897083044052124,0.010291695594787598,0.14346934854984283,True,False,False,False
STRAIN_000372,1,TIGHTBLOCK50,242,3,0.9890539050102234,0.010946094989776611,0.14796043932437897,True,False,False,False
STRAIN_000372,1,TIGHTBLOCK50,342,4,0.9868267774581909,0.013173222541809082,0.1623159646987915,True,False,False,False
STRAIN_000372,1,TIGHTBLOCK50,442,5,0.988956868648529,0.011043131351470947,0.14861446619033813,True,False,False,False
STRAIN_000374,1,TIGHTBLOCK50,42,1,0.9892005920410156,0.010799407958984375,0.14696471393108368,True,False,False,False
STRAIN_000374,1,TIGHTBLOCK50,142,2,0.9888890981674194,0.011110901832580566,0.1490699201822281,True,False,False,False
STRAIN_000374,1,TIGHTBLOCK50,242,3,0.9896942377090454,0.01030576229095459,0.14356738328933716,True,False,False,False
STRAIN_000374,1,TIGHTBLOCK50,342,4,0.9891312718391418,0.010868728160858154,0.14743630588054657,True,False,False,False
STRAIN_000374,1,TIGHTBLOCK50,442,5,0.9868093729019165,0.013190627098083496,0.1624232828617096,True,False,False,False
STRAIN_000376,1,TIGHTBLOCK50,42,1,0.9875037670135498,0.012496232986450195,0.15808966755867004,True,False,False,False
STRAIN_000376,1,TIGHTBLOCK50,142,2,0.9883261322975159,0.01167386770248413,0.15279921889305115,True,False,False,False
STRAIN_000376,1,TIGHTBLOCK50,242,3,0.9876030683517456,0.012396931648254395,0.15746037662029266,True,False,False,False
STRAIN_000376,1,TIGHTBLOCK50,342,4,0.9879512786865234,0.012048721313476562,0.15523329377174377,True,False,False,False
STRAIN_000376,1,TIGHTBLOCK50,442,5,0.9876008033752441,0.01239919662475586,0.15747490525245667,True,False,False,False
STRAIN_000378,1,TIGHTBLOCK50,42,1,0.9890711307525635,0.010928869247436523,0.14784376323223114,True,False,False,False
STRAIN_000378,1,TIGHTBLOCK50,142,2,0.9882286190986633,0.01177138090133667,0.1534367799758911,True,False,False,False
STRAIN_000378,1,TIGHTBLOCK50,242,3,0.9897310733795166,0.010268926620483398,0.14331038296222687,True,False,False,False
STRAIN_000378,1,TIGHTBLOCK50,342,4,0.9904844760894775,0.009515523910522461,0.1379525512456894,True,False,False,False
STRAIN_000378,1,TIGHTBLOCK50,442,5,0.9901288747787476,0.009871125221252441,0.1405065506696701,True,False,False,False
STRAIN_000385,1,TIGHTBLOCK50,42,1,0.9904499053955078,0.009550094604492188,0.13820379972457886,True,False,False,False
STRAIN_000385,1,TIGHTBLOCK50,142,2,0.9906401634216309,0.00935983657836914,0.136819526553154,True,False,False,False
STRAIN_000385,1,TIGHTBLOCK50,242,3,0.9906545281410217,0.009345471858978271,0.13671505451202393,True,False,False,False
STRAIN_000385,1,TIGHTBLOCK50,342,4,0.987171471118927,0.012828528881072998,0.16017867624759674,True,False,False,False
STRAIN_000385,1,TIGHTBLOCK50,442,5,0.9853370189666748,0.014662981033325195,0.17124821245670319,True,False,False,False
STRAIN_000390,1,TIGHTBLOCK50,42,1,0.9876351356506348,0.012364864349365234,0.15725743770599365,True,False,False,False
STRAIN_000390,1,TIGHTBLOCK50,142,2,0.987699568271637,0.012300431728363037,0.15684658288955688,True,False,False,False
STRAIN_000390,1,TIGHTBLOCK50,242,3,0.9893951416015625,0.0106048583984375,0.14563579857349396,True,False,False,False
STRAIN_000390,1,TIGHTBLOCK50,342,4,0.9888120889663696,0.011187911033630371,0.1495857685804367,True,False,False,False
STRAIN_000390,1,TIGHTBLOCK50,442,5,0.9873285293579102,0.012671470642089844,0.15919536352157593,True,False,False,False
STRAIN_000396,1,TIGHTBLOCK50,42,1,0.9885737895965576,0.011426210403442383,0.15117032825946808,True,False,False,False
STRAIN_000396,1,TIGHTBLOCK50,142,2,0.9905551671981812,0.009444832801818848,0.13744018971920013,True,False,False,False
STRAIN_000396,1,TIGHTBLOCK50,242,3,0.9916927814483643,0.008307218551635742,0.12889769673347473,True,False,False,False
STRAIN_000396,1,TIGHTBLOCK50,342,4,0.9887917041778564,0.011208295822143555,0.14972195029258728,True,False,False,False
STRAIN_000396,1,TIGHTBLOCK50,442,5,0.9903852939605713,0.009614706039428711,0.13867057859897614,True,False,False,False
STRAIN_000397,1,TIGHTBLOCK50,42,1,0.9881080389022827,0.011891961097717285,0.15422040224075317,True,False,False,False
STRAIN_000397,1,TIGHTBLOCK50,142,2,0.9861832857131958,0.0138167142868042,0.1662331372499466,True,False,False,False
STRAIN_000397,1,TIGHTBLOCK50,242,3,0.986459493637085,0.013540506362915039,0.16456353664398193,True,False,False,False
STRAIN_000397,1,TIGHTBLOCK50,342,4,0.9889724254608154,0.01102757453918457,0.14850954711437225,True,False,False,False
STRAIN_000397,1,TIGHTBLOCK50,442,5,0.9888249039649963,0.011175096035003662,0.14950045943260193,True,False,False,False
STRAIN_000399,1,TIGHTBLOCK50,42,1,0.9917500019073486,0.008249998092651367,0.12845152616500854,True,False,False,False
STRAIN_000399,1,TIGHTBLOCK50,142,2,0.9927186965942383,0.007281303405761719,0.12067585438489914,True,False,False,False
STRAIN_000399,1,TIGHTBLOCK50,242,3,0.9925273656845093,0.007472634315490723,0.1222505047917366,True,False,False,False
STRAIN_000399,1,TIGHTBLOCK50,342,4,0.9923529624938965,0.007647037506103516,0.12366925925016403,True,False,False,False
STRAIN_000399,1,TIGHTBLOCK50,442,5,0.9910552501678467,0.00894474983215332,0.1337519884109497,True,False,False,False
STRAIN_000400,1,TIGHTBLOCK50,42,1,0.990988552570343,0.009011447429656982,0.13424931466579437,True,False,False,False
STRAIN_000400,1,TIGHTBLOCK50,142,2,0.9908396601676941,0.009160339832305908,0.13535352051258087,True,False,False,False
STRAIN_000400,1,TIGHTBLOCK50,242,3,0.9918994903564453,0.008100509643554688,0.1272832304239273,True,False,False,False
STRAIN_000400,1,TIGHTBLOCK50,342,4,0.9906399250030518,0.009360074996948242,0.13682109117507935,True,False,False,False
STRAIN_000400,1,TIGHTBLOCK50,442,5,0.9898768663406372,0.010123133659362793,0.1422891765832901,True,False,False,False
STRAIN_000404,1,TIGHTBLOCK50,42,1,0.9877058267593384,0.012294173240661621,0.15680749714374542,True,False,False,False
STRAIN_000404,1,TIGHTBLOCK50,142,2,0.987655520439148,0.01234447956085205,0.1571280062198639,True,False,False,False
STRAIN_000404,1,TIGHTBLOCK50,242,3,0.9844931364059448,0.015506863594055176,0.1761070042848587,True,False,False,False
STRAIN_000404,1,TIGHTBLOCK50,342,4,0.9848473072052002,0.015152692794799805,0.17408493161201477,True,False,False,False
STRAIN_000404,1,TIGHTBLOCK50,442,5,0.9861395359039307,0.013860464096069336,0.1664963960647583,True,False,False,False
STRAIN_000405,1,TIGHTBLOCK50,42,1,0.9874013066291809,0.012598693370819092,0.1587364673614502,True,False,False,False
STRAIN_000405,1,TIGHTBLOCK50,142,2,0.9857996106147766,0.014200389385223389,0.16852495074272156,True,False,False,False
STRAIN_000405,1,TIGHTBLOCK50,242,3,0.9872055053710938,0.01279449462890625,0.1599653959274292,True,False,False,False
STRAIN_000405,1,TIGHTBLOCK50,342,4,0.9885804653167725,0.011419534683227539,0.15112590789794922,True,False,False,False
STRAIN_000405,1,TIGHTBLOCK50,442,5,0.98736971616745,0.012630283832550049,0.15893544256687164,True,False,False,False
STRAIN_000409,1,TIGHTBLOCK50,42,1,0.9900951385498047,0.009904861450195312,0.1407470554113388,True,False,False,False
STRAIN_000409,1,TIGHTBLOCK50,142,2,0.98824143409729,0.011758565902709961,0.15335313975811005,True,False,False,False
STRAIN_000409,1,TIGHTBLOCK50,242,3,0.989808201789856,0.010191798210144043,0.14277148246765137,True,False,False,False
STRAIN_000409,1,TIGHTBLOCK50,342,4,0.9883019328117371,0.01169806718826294,0.15295793116092682,True,False,False,False
STRAIN_000409,1,TIGHTBLOCK50,442,5,0.9890999794006348,0.010900020599365234,0.14764907956123352,True,False,False,False
STRAIN_000416,1,TIGHTBLOCK50,42,1,0.9892657399177551,0.010734260082244873,0.14652122557163239,True,False,False,False
STRAIN_000416,1,TIGHTBLOCK50,142,2,0.9902368783950806,0.009763121604919434,0.13973665237426758,True,False,False,False
STRAIN_000416,1,TIGHTBLOCK50,242,3,0.9878513216972351,0.012148678302764893,0.15587615966796875,True,False,False,False
STRAIN_000416,1,TIGHTBLOCK50,342,4,0.9911813735961914,0.008818626403808594,0.1328054964542389,True,False,False,False
STRAIN_000416,1,TIGHTBLOCK50,442,5,0.9890753030776978,0.010924696922302246,0.14781492948532104,True,False,False,False
STRAIN_000418,1,TIGHTBLOCK50,42,1,0.986822247505188,0.013177752494812012,0.16234369575977325,True,False,False,False
STRAIN_000418,1,TIGHTBLOCK50,142,2,0.986790657043457,0.013209342956542969,0.16253839433193207,True,False,False,False
STRAIN_000418,1,TIGHTBLOCK50,242,3,0.9863797426223755,0.013620257377624512,0.16504718363285065,True,False,False,False
STRAIN_000418,1,TIGHTBLOCK50,342,4,0.987188994884491,0.012811005115509033,0.160069078207016,True,False,False,False
STRAIN_000418,1,TIGHTBLOCK50,442,5,0.9886044263839722,0.011395573616027832,0.1509672999382019,True,False,False,False
STRAIN_000424,1,TIGHTBLOCK50,42,1,0.991556704044342,0.008443295955657959,0.1299484372138977,True,False,False,False
STRAIN_000424,1,TIGHTBLOCK50,142,2,0.9878562688827515,0.012143731117248535,0.15584413707256317,True,False,False,False
STRAIN_000424,1,TIGHTBLOCK50,242,3,0.9927656650543213,0.007234334945678711,0.1202855259180069,True,False,False,False
STRAIN_000424,1,TIGHTBLOCK50,342,4,0.9901043176651001,0.009895682334899902,0.1406809687614441,True,False,False,False
STRAIN_000424,1,TIGHTBLOCK50,442,5,0.991645097732544,0.008354902267456055,0.1292656660079956,True,False,False,False
STRAIN_000427,1,TIGHTBLOCK50,42,1,0.9923981428146362,0.0076018571853637695,0.12330321222543716,True,False,False,False
STRAIN_000427,1,TIGHTBLOCK50,142,2,0.9917986392974854,0.008201360702514648,0.12807334959506989,True,False,False,False
STRAIN_000427,1,TIGHTBLOCK50,242,3,0.9922791123390198,0.007720887660980225,0.1242649108171463,True,False,False,False
STRAIN_000427,1,TIGHTBLOCK50,342,4,0.9936087727546692,0.0063912272453308105,0.11305944621562958,True,False,False,False
STRAIN_000427,1,TIGHTBLOCK50,442,5,0.9917446970939636,0.008255302906036377,0.1284935027360916,True,False,False,False
STRAIN_000432,1,TIGHTBLOCK50,42,1,0.9887604713439941,0.01123952865600586,0.14992989599704742,True,False,False,False
STRAIN_000432,1,TIGHTBLOCK50,142,2,0.9902408123016357,0.009759187698364258,0.1397072970867157,True,False,False,False
STRAIN_000432,1,TIGHTBLOCK50,242,3,0.9877889156341553,0.012211084365844727,0.1562754511833191,True,False,False,False
STRAIN_000432,1,TIGHTBLOCK50,342,4,0.9882968664169312,0.011703133583068848,0.152990460395813,True,False,False,False
STRAIN_000432,1,TIGHTBLOCK50,442,5,0.9885413646697998,0.011458635330200195,0.15138420462608337,True,False,False,False
STRAIN_000434,1,TIGHTBLOCK50,42,1,0.990274965763092,0.009725034236907959,0.13946346938610077,True,False,False,False
STRAIN_000434,1,TIGHTBLOCK50,142,2,0.9931793808937073,0.006820619106292725,0.11679527163505554,True,False,False,False
STRAIN_000434,1,TIGHTBLOCK50,242,3,0.9930124878883362,0.006987512111663818,0.11821547895669937,True,False,False,False
STRAIN_000434,1,TIGHTBLOCK50,342,4,0.9954068064689636,0.004593193531036377,0.09584605693817139,True,False,False,False
STRAIN_000434,1,TIGHTBLOCK50,442,5,0.9926060438156128,0.007393956184387207,0.12160493433475494,True,False,False,False
STRAIN_000435,1,TIGHTBLOCK50,42,1,0.9934080839157104,0.006591916084289551,0.11482095718383789,True,False,False,False
STRAIN_000435,1,TIGHTBLOCK50,142,2,0.9933307766914368,0.006669223308563232,0.11549253016710281,True,False,False,False
STRAIN_000435,1,TIGHTBLOCK50,242,3,0.9927712082862854,0.0072287917137146,0.12024036794900894,True,False,False,False
STRAIN_000435,1,TIGHTBLOCK50,342,4,0.9935466051101685,0.006453394889831543,0.11360857635736465,True,False,False,False
STRAIN_000435,1,TIGHTBLOCK50,442,5,0.9927695989608765,0.007230401039123535,0.12025387585163116,True,False,False,False
STRAIN_000436,1,TIGHTBLOCK50,42,1,0.9897016286849976,0.010298371315002441,0.14351561665534973,True,False,False,False
STRAIN_000436,1,TIGHTBLOCK50,142,2,0.9943609833717346,0.005639016628265381,0.10619769245386124,True,False,False,False
STRAIN_000436,1,TIGHTBLOCK50,242,3,0.9929224848747253,0.007077515125274658,0.118974968791008,True,False,False,False
STRAIN_000436,1,TIGHTBLOCK50,342,4,0.9904688596725464,0.009531140327453613,0.13806559145450592,True,False,False,False
STRAIN_000436,1,TIGHTBLOCK50,442,5,0.9946674108505249,0.005332589149475098,0.10327192395925522,True,False,False,False
STRAIN_000437,1,TIGHTBLOCK50,42,1,0.9902836084365845,0.009716391563415527,0.13940143585205078,True,False,False,False
STRAIN_000437,1,TIGHTBLOCK50,142,2,0.9900718927383423,0.009928107261657715,0.14091245830059052,True,False,False,False
STRAIN_000437,1,TIGHTBLOCK50,242,3,0.9901180267333984,0.009881973266601562,0.1405847668647766,True,False,False,False
STRAIN_000437,1,TIGHTBLOCK50,342,4,0.9917930364608765,0.008206963539123535,0.12811686098575592,True,False,False,False
STRAIN_000437,1,TIGHTBLOCK50,442,5,0.992390513420105,0.0076094865798950195,0.12336590886116028,True,False,False,False
STRAIN_000438,1,TIGHTBLOCK50,42,1,0.9934611320495605,0.006538867950439453,0.11435810476541519,True,False,False,False
STRAIN_000438,1,TIGHTBLOCK50,142,2,0.9933892488479614,0.006610751152038574,0.1149846613407135,True,False,False,False
STRAIN_000438,1,TIGHTBLOCK50,242,3,0.9926449656486511,0.007355034351348877,0.1212853267788887,True,False,False,False
STRAIN_000438,1,TIGHTBLOCK50,342,4,0.990748405456543,0.009251594543457031,0.13602665066719055,True,False,False,False
STRAIN_000438,1,TIGHTBLOCK50,442,5,0.9927183985710144,0.007281601428985596,0.12067815661430359,True,False,False,False
STRAIN_000440,1,TIGHTBLOCK50,42,1,0.9893856048583984,0.010614395141601562,0.14570140838623047,True,False,False,False
STRAIN_000440,1,TIGHTBLOCK50,142,2,0.9894798994064331,0.010520100593566895,0.14505250751972198,True,False,False,False
STRAIN_000440,1,TIGHTBLOCK50,242,3,0.9864176511764526,0.013582348823547363,0.1648169755935669,True,False,False,False
STRAIN_000440,1,TIGHTBLOCK50,342,4,0.9881126880645752,0.011887311935424805,0.15419046580791473,True,False,False,False
STRAIN_000440,1,TIGHTBLOCK50,442,5,0.9886809587478638,0.01131904125213623,0.15045957267284393,True,False,False,False
STRAIN_000448,1,TIGHTBLOCK50,42,1,0.9874560832977295,0.012543916702270508,0.15839122235774994,True,False,False,False
STRAIN_000448,1,TIGHTBLOCK50,142,2,0.9867406487464905,0.013259351253509521,0.16284580528736115,True,False,False,False
STRAIN_000448,1,TIGHTBLOCK50,242,3,0.9873141646385193,0.012685835361480713,0.15928444266319275,True,False,False,False
STRAIN_000448,1,TIGHTBLOCK50,342,4,0.9866920113563538,0.01330798864364624,0.16314370930194855,True,False,False,False
STRAIN_000448,1,TIGHTBLOCK50,442,5,0.9851366281509399,0.014863371849060059,0.1724139004945755,True,False,False,False
STRAIN_000451,1,TIGHTBLOCK50,42,1,0.9888352155685425,0.01116478443145752,0.14943045377731323,True,False,False,False
STRAIN_000451,1,TIGHTBLOCK50,142,2,0.989961564540863,0.010038435459136963,0.14169305562973022,True,False,False,False
STRAIN_000451,1,TIGHTBLOCK50,242,3,0.9896472692489624,0.010352730751037598,0.14389340579509735,True,False,False,False
STRAIN_000451,1,TIGHTBLOCK50,342,4,0.987524151802063,0.012475848197937012,0.15796144306659698,True,False,False,False
STRAIN_000451,1,TIGHTBLOCK50,442,5,0.9873185157775879,0.01268148422241211,0.15925773978233337,True,False,False,False
STRAIN_000454,1,TIGHTBLOCK50,42,1,0.987571120262146,0.012428879737854004,0.15766379237174988,True,False,False,False
STRAIN_000454,1,TIGHTBLOCK50,142,2,0.988851010799408,0.011148989200592041,0.14932535588741302,True,False,False,False
STRAIN_000454,1,TIGHTBLOCK50,242,3,0.9893336296081543,0.010666370391845703,0.14605766534805298,True,False,False,False
STRAIN_000454,1,TIGHTBLOCK50,342,4,0.9905939102172852,0.009406089782714844,0.13715757429599762,True,False,False,False
STRAIN_000454,1,TIGHTBLOCK50,442,5,0.989459216594696,0.010540783405303955,0.14519500732421875,True,False,False,False
STRAIN_000479,1,TIGHTBLOCK50,42,1,0.9924485683441162,0.007551431655883789,0.12289327383041382,True,False,False,False
STRAIN_000479,1,TIGHTBLOCK50,142,2,0.9912523627281189,0.008747637271881104,0.13226954638957977,True,False,False,False
STRAIN_000479,1,TIGHTBLOCK50,242,3,0.9938607215881348,0.006139278411865234,0.11080809682607651,True,False,False,False
STRAIN_000479,1,TIGHTBLOCK50,342,4,0.9938124418258667,0.006187558174133301,0.11124325543642044,True,False,False,False
STRAIN_000479,1,TIGHTBLOCK50,442,5,0.9907935857772827,0.009206414222717285,0.13569356501102448,True,False,False,False
STRAIN_000480,1,TIGHTBLOCK50,42,1,0.9919689893722534,0.008031010627746582,0.12673693895339966,True,False,False,False
STRAIN_000480,1,TIGHTBLOCK50,142,2,0.9862945079803467,0.01370549201965332,0.165562704205513,True,False,False,False
STRAIN_000480,1,TIGHTBLOCK50,242,3,0.9894615411758423,0.010538458824157715,0.1451791673898697,True,False,False,False
STRAIN_000480,1,TIGHTBLOCK50,342,4,0.9939312934875488,0.006068706512451172,0.11017049849033356,True,False,False,False
STRAIN_000480,1,TIGHTBLOCK50,442,5,0.9895870685577393,0.010412931442260742,0.1443120390176773,True,False,False,False
STRAIN_000490,1,TIGHTBLOCK50,42,1,0.9892541170120239,0.010745882987976074,0.1466008722782135,True,False,False,False
STRAIN_000490,1,TIGHTBLOCK50,142,2,0.9897964000701904,0.01020359992980957,0.14285355806350708,True,False,False,False
STRAIN_000490,1,TIGHTBLOCK50,242,3,0.9889017343521118,0.011098265647888184,0.14898522198200226,True,False,False,False
STRAIN_000490,1,TIGHTBLOCK50,342,4,0.9900418519973755,0.009958148002624512,0.1411253958940506,True,False,False,False
STRAIN_000490,1,TIGHTBLOCK50,442,5,0.9904398918151855,0.009560108184814453,0.13827578723430634,True,False,False,False
STRAIN_000492,1,TIGHTBLOCK50,42,1,0.9918502569198608,0.00814974308013916,0.12766973674297333,True,False,False,False
STRAIN_000492,1,TIGHTBLOCK50,142,2,0.9882704019546509,0.011729598045349121,0.15316413342952728,True,False,False,False
STRAIN_000492,1,TIGHTBLOCK50,242,3,0.9905650019645691,0.009434998035430908,0.13736866414546967,True,False,False,False
STRAIN_000492,1,TIGHTBLOCK50,342,4,0.9902696013450623,0.009730398654937744,0.1395019143819809,True,False,False,False
STRAIN_000492,1,TIGHTBLOCK50,442,5,0.9895617365837097,0.010438263416290283,0.14448729157447815,True,False,False,False
STRAIN_000496,1,TIGHTBLOCK50,42,1,0.9873981475830078,0.012601852416992188,0.15875644981861115,True,False,False,False
STRAIN_000496,1,TIGHTBLOCK50,142,2,0.9894552230834961,0.010544776916503906,0.14522235095500946,True,False,False,False
STRAIN_000496,1,TIGHTBLOCK50,242,3,0.9898620843887329,0.01013791561126709,0.14239391684532166,True,False,False,False
STRAIN_000496,1,TIGHTBLOCK50,342,4,0.9913296699523926,0.008670330047607422,0.13168419897556305,True,False,False,False
STRAIN_000496,1,TIGHTBLOCK50,442,5,0.9912514686584473,0.008748531341552734,0.1322764903306961,True,False,False,False
STRAIN_000501,1,TIGHTBLOCK50,42,1,0.9903027415275574,0.009697258472442627,0.13926346600055695,True,False,False,False
STRAIN_000501,1,TIGHTBLOCK50,142,2,0.9917187094688416,0.008281290531158447,0.12869597971439362,True,False,False,False
STRAIN_000501,1,TIGHTBLOCK50,242,3,0.9891670346260071,0.01083296537399292,0.14719346165657043,True,False,False,False
STRAIN_000501,1,TIGHTBLOCK50,342,4,0.9893293976783752,0.010670602321624756,0.14608599245548248,True,False,False,False
STRAIN_000501,1,TIGHTBLOCK50,442,5,0.9893553256988525,0.010644674301147461,0.14590822160243988,True,False,False,False
STRAIN_000508,1,TIGHTBLOCK50,42,1,0.9930593371391296,0.006940662860870361,0.11781879514455795,True,False,False,False
STRAIN_000508,1,TIGHTBLOCK50,142,2,0.9940643310546875,0.0059356689453125,0.1089562177658081,True,False,False,False
STRAIN_000508,1,TIGHTBLOCK50,242,3,0.9919151067733765,0.008084893226623535,0.1271604299545288,True,False,False,False
STRAIN_000508,1,TIGHTBLOCK50,342,4,0.99029541015625,0.00970458984375,0.13931669294834137,True,False,False,False
STRAIN_000508,1,TIGHTBLOCK50,442,5,0.9916333556175232,0.008366644382476807,0.12935717403888702,True,False,False,False
STRAIN_000511,1,TIGHTBLOCK50,42,1,0.9931683540344238,0.006831645965576172,0.11688986420631409,True,False,False,False
STRAIN_000511,1,TIGHTBLOCK50,142,2,0.9936140179634094,0.006385982036590576,0.11301310360431671,True,False,False,False
STRAIN_000511,1,TIGHTBLOCK50,242,3,0.993743360042572,0.0062566399574279785,0.11186270415782928,True,False,False,False
STRAIN_000511,1,TIGHTBLOCK50,342,4,0.9950382113456726,0.004961788654327393,0.09961657226085663,True,False,False,False
STRAIN_000511,1,TIGHTBLOCK50,442,5,0.992382287979126,0.0076177120208740234,0.12343136221170425,True,False,False,False
STRAIN_000514,1,TIGHTBLOCK50,42,1,0.990418553352356,0.009581446647644043,0.13842998445034027,True,False,False,False
STRAIN_000514,1,TIGHTBLOCK50,142,2,0.9878851175308228,0.012114882469177246,0.15565821528434753,True,False,False,False
STRAIN_000514,1,TIGHTBLOCK50,242,3,0.9909473657608032,0.009052634239196777,0.13455574214458466,True,False,False,False
STRAIN_000514,1,TIGHTBLOCK50,342,4,0.990654468536377,0.009345531463623047,0.13671524822711945,True,False,False,False
STRAIN_000514,1,TIGHTBLOCK50,442,5,0.9914063215255737,0.00859367847442627,0.1311006247997284,True,False,False,False
STRAIN_000535,1,TIGHTBLOCK50,42,1,0.9869716167449951,0.013028383255004883,0.16142037510871887,True,False,False,False
STRAIN_000535,1,TIGHTBLOCK50,142,2,0.9898326396942139,0.010167360305786133,0.1425994336605072,True,False,False,False
STRAIN_000535,1,TIGHTBLOCK50,242,3,0.9892803430557251,0.010719656944274902,0.14642132818698883,True,False,False,False
STRAIN_000535,1,TIGHTBLOCK50,342,4,0.9903831481933594,0.009616851806640625,0.13868534564971924,True,False,False,False
STRAIN_000535,1,TIGHTBLOCK50,442,5,0.9885683655738831,0.011431634426116943,0.1512061506509781,True,False,False,False
STRAIN_000537,1,TIGHTBLOCK50,42,1,0.987496018409729,0.012503981590270996,0.15813879668712616,True,False,False,False
STRAIN_000537,1,TIGHTBLOCK50,142,2,0.9877012968063354,0.01229870319366455,0.15683579444885254,True,False,False,False
STRAIN_000537,1,TIGHTBLOCK50,242,3,0.9887435436248779,0.01125645637512207,0.15004275739192963,True,False,False,False
STRAIN_000537,1,TIGHTBLOCK50,342,4,0.9889572858810425,0.01104271411895752,0.148611918091774,True,False,False,False
STRAIN_000537,1,TIGHTBLOCK50,442,5,0.988039493560791,0.011960506439208984,0.15466393530368805,True,False,False,False
STRAIN_000541,1,TIGHTBLOCK50,42,1,0.9900989532470703,0.009901046752929688,0.14071933925151825,True,False,False,False
STRAIN_000541,1,TIGHTBLOCK50,142,2,0.9891223907470703,0.010877609252929688,0.14749623835086823,True,False,False,False
STRAIN_000541,1,TIGHTBLOCK50,242,3,0.9871227145195007,0.012877285480499268,0.16048172116279602,True,False,False,False
STRAIN_000541,1,TIGHTBLOCK50,342,4,0.9875907897949219,0.012409210205078125,0.1575382500886917,True,False,False,False
STRAIN_000541,1,TIGHTBLOCK50,442,5,0.9882321953773499,0.011767804622650146,0.15341272950172424,True,False,False,False
STRAIN_000544,1,TIGHTBLOCK50,42,1,0.9882875680923462,0.011712431907653809,0.15305204689502716,True,False,False,False
STRAIN_000544,1,TIGHTBLOCK50,142,2,0.9877873063087463,0.012212693691253662,0.1562860906124115,True,False,False,False
STRAIN_000544,1,TIGHTBLOCK50,242,3,0.9873920679092407,0.012607932090759277,0.1587948054075241,True,False,False,False
STRAIN_000544,1,TIGHTBLOCK50,342,4,0.9873205423355103,0.012679457664489746,0.15924474596977234,True,False,False,False
STRAIN_000544,1,TIGHTBLOCK50,442,5,0.9850887060165405,0.014911293983459473,0.17269234359264374,True,False,False,False
STRAIN_000546,1,TIGHTBLOCK50,42,1,0.9936555624008179,0.006344437599182129,0.11264488846063614,True,False,False,False
STRAIN_000546,1,TIGHTBLOCK50,142,2,0.9940272569656372,0.005972743034362793,0.1092953309416771,True,False,False,False
STRAIN_000546,1,TIGHTBLOCK50,242,3,0.993013858795166,0.006986141204833984,0.11820435523986816,True,False,False,False
STRAIN_000546,1,TIGHTBLOCK50,342,4,0.9933586120605469,0.006641387939453125,0.11525114625692368,True,False,False,False
STRAIN_000546,1,TIGHTBLOCK50,442,5,0.9933470487594604,0.006652951240539551,0.11535172909498215,True,False,False,False
STRAIN_000547,1,TIGHTBLOCK50,42,1,0.9886428117752075,0.01135718822479248,0.15071214735507965,True,False,False,False
STRAIN_000547,1,TIGHTBLOCK50,142,2,0.9910075068473816,0.008992493152618408,0.13410790264606476,True,False,False,False
STRAIN_000547,1,TIGHTBLOCK50,242,3,0.9885375499725342,0.01146245002746582,0.15140894055366516,True,False,False,False
STRAIN_000547,1,TIGHTBLOCK50,342,4,0.9875563383102417,0.0124436616897583,0.15775750577449799,True,False,False,False
STRAIN_000547,1,TIGHTBLOCK50,442,5,0.9894078969955444,0.010592103004455566,0.14554741978645325,True,False,False,False
STRAIN_000548,1,TIGHTBLOCK50,42,1,0.9925491213798523,0.007450878620147705,0.12207266688346863,True,False,False,False
STRAIN_000548,1,TIGHTBLOCK50,142,2,0.9926918745040894,0.0073081254959106445,0.12089741975069046,True,False,False,False
STRAIN_000548,1,TIGHTBLOCK50,242,3,0.9935797452926636,0.006420254707336426,0.11331640928983688,True,False,False,False
STRAIN_000548,1,TIGHTBLOCK50,342,4,0.9935762882232666,0.0064237117767333984,0.1133473739027977,True,False,False,False
STRAIN_000548,1,TIGHTBLOCK50,442,5,0.9926374554634094,0.007362544536590576,0.12134700268507004,True,False,False,False
STRAIN_000550,1,TIGHTBLOCK50,42,1,0.9943317174911499,0.005668282508850098,0.10647264122962952,True,False,False,False
STRAIN_000550,1,TIGHTBLOCK50,142,2,0.9940457940101624,0.0059542059898376465,0.10912623256444931,True,False,False,False
STRAIN_000550,1,TIGHTBLOCK50,242,3,0.9946954250335693,0.005304574966430664,0.10300147533416748,True,False,False,False
STRAIN_000550,1,TIGHTBLOCK50,342,4,0.9927725791931152,0.007227420806884766,0.12022895365953445,True,False,False,False
STRAIN_000550,1,TIGHTBLOCK50,442,5,0.9960412383079529,0.003958761692047119,0.08898045867681503,True,False,False,False
STRAIN_000558,1,TIGHTBLOCK50,42,1,0.9913038015365601,0.008696198463439941,0.1318812519311905,True,False,False,False
STRAIN_000558,1,TIGHTBLOCK50,142,2,0.990558922290802,0.009441077709197998,0.1374124437570572,True,False,False,False
STRAIN_000558,1,TIGHTBLOCK50,242,3,0.9902644157409668,0.009735584259033203,0.13953962922096252,True,False,False,False
STRAIN_000558,1,TIGHTBLOCK50,342,4,0.9905329942703247,0.009467005729675293,0.1376008838415146,True,False,False,False
STRAIN_000558,1,TIGHTBLOCK50,442,5,0.9888507127761841,0.011149287223815918,0.14932766556739807,True,False,False,False
STRAIN_000562,1,TIGHTBLOCK50,42,1,0.9926575422286987,0.0073424577713012695,0.12118175625801086,True,False,False,False
STRAIN_000562,1,TIGHTBLOCK50,142,2,0.988752007484436,0.011247992515563965,0.14998659491539001,True,False,False,False
STRAIN_000562,1,TIGHTBLOCK50,242,3,0.9910867214202881,0.008913278579711914,0.13351669907569885,True,False,False,False
STRAIN_000562,1,TIGHTBLOCK50,342,4,0.9894357919692993,0.010564208030700684,0.14535628259181976,True,False,False,False
STRAIN_000562,1,TIGHTBLOCK50,442,5,0.9902156591415405,0.009784340858459473,0.13988809287548065,True,False,False,False
STRAIN_000568,1,TIGHTBLOCK50,42,1,0.9872256517410278,0.012774348258972168,0.15983954071998596,True,False,False,False
STRAIN_000568,1,TIGHTBLOCK50,142,2,0.9887433648109436,0.011256635189056396,0.15004441142082214,True,False,False,False
STRAIN_000568,1,TIGHTBLOCK50,242,3,0.9888250231742859,0.011174976825714111,0.14949890971183777,True,False,False,False
STRAIN_000568,1,TIGHTBLOCK50,342,4,0.988145112991333,0.011854887008666992,0.15398038923740387,True,False,False,False
STRAIN_000568,1,TIGHTBLOCK50,442,5,0.9892988204956055,0.010701179504394531,0.14629586040973663,True,False,False,False
STRAIN_000570,1,TIGHTBLOCK50,42,1,0.9883111715316772,0.011688828468322754,0.15289708971977234,True,False,False,False
STRAIN_000570,1,TIGHTBLOCK50,142,2,0.9884952902793884,0.011504709720611572,0.1516883373260498,True,False,False,False
STRAIN_000570,1,TIGHTBLOCK50,242,3,0.9906339645385742,0.009366035461425781,0.13686509430408478,True,False,False,False
STRAIN_000570,1,TIGHTBLOCK50,342,4,0.9886866807937622,0.011313319206237793,0.1504216343164444,True,False,False,False
STRAIN_000570,1,TIGHTBLOCK50,442,5,0.990250825881958,0.009749174118041992,0.13963645696640015,True,False,False,False
STRAIN_000571,1,TIGHTBLOCK50,42,1,0.991443932056427,0.008556067943572998,0.1308135688304901,True,False,False,False
STRAIN_000571,1,TIGHTBLOCK50,142,2,0.9918121099472046,0.00818789005279541,0.12796778976917267,True,False,False,False
STRAIN_000571,1,TIGHTBLOCK50,242,3,0.9921219348907471,0.00787806510925293,0.12552370131015778,True,False,False,False
STRAIN_000571,1,TIGHTBLOCK50,342,4,0.9919187426567078,0.008081257343292236,0.1271318644285202,True,False,False,False
STRAIN_000571,1,TIGHTBLOCK50,442,5,0.9913221597671509,0.008677840232849121,0.13174116611480713,True,False,False,False
STRAIN_000573,1,TIGHTBLOCK50,42,1,0.9929317831993103,0.007068216800689697,0.11889667809009552,True,False,False,False
STRAIN_000573,1,TIGHTBLOCK50,142,2,0.9927324652671814,0.0072675347328186035,0.12056177109479904,True,False,False,False
STRAIN_000573,1,TIGHTBLOCK50,242,3,0.9912271499633789,0.008772850036621094,0.132459819316864,True,False,False,False
STRAIN_000573,1,TIGHTBLOCK50,342,4,0.9928755164146423,0.007124483585357666,0.11936906725168228,True,False,False,False
STRAIN_000573,1,TIGHTBLOCK50,442,5,0.9919838905334473,0.008016109466552734,0.12661877274513245,True,False,False,False
STRAIN_000574,1,TIGHTBLOCK50,42,1,0.9947164058685303,0.0052835941314697266,0.10279703885316849,True,False,False,False
STRAIN_000574,1,TIGHTBLOCK50,142,2,0.9944983720779419,0.0055016279220581055,0.10489625483751297,True,False,False,False
STRAIN_000574,1,TIGHTBLOCK50,242,3,0.9951143264770508,0.004885673522949219,0.09885001927614212,True,False,False,False
STRAIN_000574,1,TIGHTBLOCK50,342,4,0.9955377578735352,0.004462242126464844,0.09446991235017776,True,False,False,False
STRAIN_000574,1,TIGHTBLOCK50,442,5,0.9958902597427368,0.004109740257263184,0.09066043049097061,True,False,False,False
STRAIN_000577,1,TIGHTBLOCK50,42,1,0.9933438301086426,0.006656169891357422,0.11537929624319077,True,False,False,False
STRAIN_000577,1,TIGHTBLOCK50,142,2,0.991673469543457,0.008326530456542969,0.12904714047908783,True,False,False,False
STRAIN_000577,1,TIGHTBLOCK50,242,3,0.9920227527618408,0.00797724723815918,0.12631019949913025,True,False,False,False
STRAIN_000577,1,TIGHTBLOCK50,342,4,0.9897688627243042,0.0102311372756958,0.1430458277463913,True,False,False,False
STRAIN_000577,1,TIGHTBLOCK50,442,5,0.9922212362289429,0.007778763771057129,0.1247294545173645,True,False,False,False
STRAIN_000578,1,TIGHTBLOCK50,42,1,0.991100549697876,0.008899450302124023,0.13341273367404938,True,False,False,False
STRAIN_000578,1,TIGHTBLOCK50,142,2,0.9931721687316895,0.006827831268310547,0.11685699969530106,True,False,False,False
STRAIN_000578,1,TIGHTBLOCK50,242,3,0.9910138249397278,0.008986175060272217,0.13406115770339966,True,False,False,False
STRAIN_000578,1,TIGHTBLOCK50,342,4,0.9932309985160828,0.006769001483917236,0.11635304242372513,True,False,False,False
STRAIN_000578,1,TIGHTBLOCK50,442,5,0.9930635094642639,0.006936490535736084,0.11778349429368973,True,False,False,False
STRAIN_000579,1,TIGHTBLOCK50,42,1,0.9869992733001709,0.013000726699829102,0.1612493097782135,True,False,False,False
STRAIN_000579,1,TIGHTBLOCK50,142,2,0.9874740839004517,0.01252591609954834,0.15827719867229462,True,False,False,False
STRAIN_000579,1,TIGHTBLOCK50,242,3,0.988523542881012,0.011476457118988037,0.15150173008441925,True,False,False,False
STRAIN_000579,1,TIGHTBLOCK50,342,4,0.9885732531547546,0.011426746845245361,0.15117333829402924,True,False,False,False
STRAIN_000579,1,TIGHTBLOCK50,442,5,0.988178014755249,0.011821985244750977,0.15376582741737366,True,False,False,False
STRAIN_000582,1,TIGHTBLOCK50,42,1,0.9884387254714966,0.011561274528503418,0.1520610749721527,True,False,False,False
STRAIN_000582,1,TIGHTBLOCK50,142,2,0.9895908832550049,0.010409116744995117,0.14428547024726868,True,False,False,False
STRAIN_000582,1,TIGHTBLOCK50,242,3,0.9896445870399475,0.01035541296005249,0.14391271770000458,True,False,False,False
STRAIN_000582,1,TIGHTBLOCK50,342,4,0.9884182214736938,0.011581778526306152,0.15219540894031525,True,False,False,False
STRAIN_000582,1,TIGHTBLOCK50,442,5,0.990809440612793,0.009190559387207031,0.135576993227005,True,False,False,False
STRAIN_000583,1,TIGHTBLOCK50,42,1,0.9892716407775879,0.01072835922241211,0.14648106694221497,True,False,False,False
STRAIN_000583,1,TIGHTBLOCK50,142,2,0.9889528751373291,0.011047124862670898,0.1486416608095169,True,False,False,False
STRAIN_000583,1,TIGHTBLOCK50,242,3,0.9896960258483887,0.010303974151611328,0.14355437457561493,True,False,False,False
STRAIN_000583,1,TIGHTBLOCK50,342,4,0.9889861345291138,0.01101386547088623,0.1484174281358719,True,False,False,False
STRAIN_000583,1,TIGHTBLOCK50,442,5,0.9897891879081726,0.010210812091827393,0.14290429651737213,True,False,False,False
STRAIN_000584,1,TIGHTBLOCK50,42,1,0.989672064781189,0.010327935218811035,0.1437215507030487,True,False,False,False
STRAIN_000584,1,TIGHTBLOCK50,142,2,0.9909512400627136,0.009048759937286377,0.13452674448490143,True,False,False,False
STRAIN_000584,1,TIGHTBLOCK50,242,3,0.9877963066101074,0.012203693389892578,0.15622888505458832,True,False,False,False
STRAIN_000584,1,TIGHTBLOCK50,342,4,0.9907102584838867,0.009289741516113281,0.13630685210227966,True,False,False,False
STRAIN_000584,1,TIGHTBLOCK50,442,5,0.9900593757629395,0.009940624237060547,0.14100128412246704,True,False,False,False
STRAIN_000586,1,TIGHTBLOCK50,42,1,0.9879024624824524,0.012097537517547607,0.15554772317409515,True,False,False,False
STRAIN_000586,1,TIGHTBLOCK50,142,2,0.9896982908248901,0.010301709175109863,0.14353911578655243,True,False,False,False
STRAIN_000586,1,TIGHTBLOCK50,242,3,0.9888566732406616,0.011143326759338379,0.14928759634494781,True,False,False,False
STRAIN_000586,1,TIGHTBLOCK50,342,4,0.9892545938491821,0.010745406150817871,0.14659786224365234,True,False,False,False
STRAIN_000586,1,TIGHTBLOCK50,442,5,0.9885614514350891,0.011438548564910889,0.15125225484371185,True,False,False,False
STRAIN_000588,1,TIGHTBLOCK50,42,1,0.9888977408409119,0.011102259159088135,0.14901159703731537,True,False,False,False
STRAIN_000588,1,TIGHTBLOCK50,142,2,0.9856683015823364,0.014331698417663574,0.16930247843265533,True,False,False,False
STRAIN_000588,1,TIGHTBLOCK50,242,3,0.9863694906234741,0.013630509376525879,0.16510944068431854,True,False,False,False
STRAIN_000588,1,TIGHTBLOCK50,342,4,0.9889639019966125,0.011036098003387451,0.1485668569803238,True,False,False,False
STRAIN_000588,1,TIGHTBLOCK50,442,5,0.987846851348877,0.012153148651123047,0.15590423345565796,True,False,False,False
STRAIN_000591,1,TIGHTBLOCK50,42,1,0.9930207133293152,0.0069792866706848145,0.11814651638269424,True,False,False,False
STRAIN_000591,1,TIGHTBLOCK50,142,2,0.9931796789169312,0.006820321083068848,0.11679371446371078,True,False,False,False
STRAIN_000591,1,TIGHTBLOCK50,242,3,0.994341254234314,0.005658745765686035,0.10638362914323807,True,False,False,False
STRAIN_000591,1,TIGHTBLOCK50,342,4,0.9946559071540833,0.005344092845916748,0.10338440537452698,True,False,False,False
STRAIN_000591,1,TIGHTBLOCK50,442,5,0.9923968315124512,0.007603168487548828,0.123313769698143,True,False,False,False
STRAIN_000594,1,TIGHTBLOCK50,42,1,0.9934251308441162,0.006574869155883789,0.11467268317937851,True,False,False,False
STRAIN_000594,1,TIGHTBLOCK50,142,2,0.9924168586730957,0.007583141326904297,0.12315158545970917,True,False,False,False
STRAIN_000594,1,TIGHTBLOCK50,242,3,0.9941607713699341,0.005839228630065918,0.10806721448898315,True,False,False,False
STRAIN_000594,1,TIGHTBLOCK50,342,4,0.9917783141136169,0.008221685886383057,0.12823209166526794,True,False,False,False
STRAIN_000594,1,TIGHTBLOCK50,442,5,0.9924829602241516,0.007517039775848389,0.12261319905519485,True,False,False,False
STRAIN_000598,1,TIGHTBLOCK50,42,1,0.9882215261459351,0.011778473854064941,0.15348322689533234,True,False,False,False
STRAIN_000598,1,TIGHTBLOCK50,142,2,0.989392101764679,0.010607898235321045,0.14565645158290863,True,False,False,False
STRAIN_000598,1,TIGHTBLOCK50,242,3,0.9873261451721191,0.01267385482788086,0.15920989215373993,True,False,False,False
STRAIN_000598,1,TIGHTBLOCK50,342,4,0.9867053031921387,0.013294696807861328,0.1630629003047943,True,False,False,False
STRAIN_000598,1,TIGHTBLOCK50,442,5,0.9863185286521912,0.013681471347808838,0.16541776061058044,True,False,False,False
STRAIN_000603,1,TIGHTBLOCK50,42,1,0.9890882968902588,0.010911703109741211,0.1477280706167221,True,False,False,False
STRAIN_000603,1,TIGHTBLOCK50,142,2,0.9866780638694763,0.013321936130523682,0.16323043406009674,True,False,False,False
STRAIN_000603,1,TIGHTBLOCK50,242,3,0.9895292520523071,0.010470747947692871,0.14471183717250824,True,False,False,False
STRAIN_000603,1,TIGHTBLOCK50,342,4,0.9868669509887695,0.013133049011230469,0.16206832230091095,True,False,False,False
STRAIN_000603,1,TIGHTBLOCK50,442,5,0.9888380169868469,0.011161983013153076,0.14941228926181793,True,False,False,False
STRAIN_000605,1,TIGHTBLOCK50,42,1,0.9858930110931396,0.014106988906860352,0.16797024011611938,True,False,False,False
STRAIN_000605,1,TIGHTBLOCK50,142,2,0.9889068603515625,0.0110931396484375,0.1489509493112564,True,False,False,False
STRAIN_000605,1,TIGHTBLOCK50,242,3,0.988532543182373,0.011467456817626953,0.15144334733486176,True,False,False,False
STRAIN_000605,1,TIGHTBLOCK50,342,4,0.9879125356674194,0.012087464332580566,0.15548300743103027,True,False,False,False
STRAIN_000605,1,TIGHTBLOCK50,442,5,0.9901518821716309,0.00984811782836914,0.14034326374530792,True,False,False,False
STRAIN_000606,1,TIGHTBLOCK50,42,1,0.9898564219474792,0.010143578052520752,0.1424330323934555,True,False,False,False
STRAIN_000606,1,TIGHTBLOCK50,142,2,0.9906331300735474,0.009366869926452637,0.13687193393707275,True,False,False,False
STRAIN_000606,1,TIGHTBLOCK50,242,3,0.9890849590301514,0.010915040969848633,0.14775018393993378,True,False,False,False
STRAIN_000606,1,TIGHTBLOCK50,342,4,0.9914026260375977,0.008597373962402344,0.13112890720367432,True,False,False,False
STRAIN_000606,1,TIGHTBLOCK50,442,5,0.993331789970398,0.006668210029602051,0.11548405140638351,True,False,False,False
STRAIN_000607,1,TIGHTBLOCK50,42,1,0.9886171221733093,0.011382877826690674,0.150883287191391,True,False,False,False
STRAIN_000607,1,TIGHTBLOCK50,142,2,0.9890694618225098,0.010930538177490234,0.14785470068454742,True,False,False,False
STRAIN_000607,1,TIGHTBLOCK50,242,3,0.990898847579956,0.009101152420043945,0.1349155157804489,True,False,False,False
STRAIN_000607,1,TIGHTBLOCK50,342,4,0.9880932569503784,0.011906743049621582,0.15431629121303558,True,False,False,False
STRAIN_000607,1,TIGHTBLOCK50,442,5,0.9894750118255615,0.010524988174438477,0.14508600533008575,True,False,False,False
STRAIN_000608,1,TIGHTBLOCK50,42,1,0.9890831708908081,0.010916829109191895,0.147762268781662,True,False,False,False
STRAIN_000608,1,TIGHTBLOCK50,142,2,0.990168571472168,0.009831428527832031,0.14022451639175415,True,False,False,False
STRAIN_000608,1,TIGHTBLOCK50,242,3,0.989618718624115,0.01038128137588501,0.14409218728542328,True,False,False,False
STRAIN_000608,1,TIGHTBLOCK50,342,4,0.9887974262237549,0.011202573776245117,0.1496836394071579,True,False,False,False
STRAIN_000608,1,TIGHTBLOCK50,442,5,0.9870985746383667,0.0129014253616333,0.16063286364078522,True,False,False,False
STRAIN_000609,1,TIGHTBLOCK50,42,1,0.9901314973831177,0.009868502616882324,0.14048831164836884,True,False,False,False
STRAIN_000609,1,TIGHTBLOCK50,142,2,0.9888267517089844,0.011173248291015625,0.1494872123003006,True,False,False,False
STRAIN_000609,1,TIGHTBLOCK50,242,3,0.9883863925933838,0.011613607406616211,0.1524045616388321,True,False,False,False
STRAIN_000609,1,TIGHTBLOCK50,342,4,0.9871909618377686,0.012809038162231445,0.1600559949874878,True,False,False,False
STRAIN_000609,1,TIGHTBLOCK50,442,5,0.987596333026886,0.012403666973114014,0.15750367939472198,True,False,False,False
STRAIN_000611,1,TIGHTBLOCK50,42,1,0.9919555187225342,0.00804448127746582,0.12684112787246704,True,False,False,False
STRAIN_000611,1,TIGHTBLOCK50,142,2,0.993520975112915,0.006479024887084961,0.11383284628391266,True,False,False,False
STRAIN_000611,1,TIGHTBLOCK50,242,3,0.9910802841186523,0.008919715881347656,0.1335633248090744,True,False,False,False
STRAIN_000611,1,TIGHTBLOCK50,342,4,0.9925810098648071,0.007418990135192871,0.12181089073419571,True,False,False,False
STRAIN_000611,1,TIGHTBLOCK50,442,5,0.9917833805084229,0.008216619491577148,0.1281919777393341,True,False,False,False
STRAIN_000612,1,TIGHTBLOCK50,42,1,0.991233766078949,0.008766233921051025,0.13241006433963776,True,False,False,False
STRAIN_000612,1,TIGHTBLOCK50,142,2,0.993342399597168,0.006657600402832031,0.11539096385240555,True,False,False,False
STRAIN_000612,1,TIGHTBLOCK50,242,3,0.991331934928894,0.008668065071105957,0.13166660070419312,True,False,False,False
STRAIN_000612,1,TIGHTBLOCK50,342,4,0.9921842813491821,0.007815718650817871,0.1250256597995758,True,False,False,False
STRAIN_000612,1,TIGHTBLOCK50,442,5,0.9900282621383667,0.0099717378616333,0.1412208080291748,True,False,False,False
STRAIN_000613,1,TIGHTBLOCK50,42,1,0.9948217868804932,0.005178213119506836,0.10176652669906616,True,False,False,False
STRAIN_000613,1,TIGHTBLOCK50,142,2,0.9938763380050659,0.006123661994934082,0.11066782474517822,True,False,False,False
STRAIN_000613,1,TIGHTBLOCK50,242,3,0.9945494532585144,0.005450546741485596,0.10440770536661148,True,False,False,False
STRAIN_000613,1,TIGHTBLOCK50,342,4,0.9930731058120728,0.006926894187927246,0.11770210415124893,True,False,False,False
STRAIN_000613,1,TIGHTBLOCK50,442,5,0.9942030906677246,0.005796909332275391,0.10767386108636856,True,False,False,False
STRAIN_000617,1,TIGHTBLOCK50,42,1,0.9954960942268372,0.004503905773162842,0.0949089452624321,True,False,False,False
STRAIN_000617,1,TIGHTBLOCK50,142,2,0.9957548379898071,0.004245162010192871,0.09214272350072861,True,False,False,False
STRAIN_000617,1,TIGHTBLOCK50,242,3,0.9954306483268738,0.004569351673126221,0.09559688717126846,True,False,False,False
STRAIN_000617,1,TIGHTBLOCK50,342,4,0.995989203453064,0.004010796546936035,0.08956350386142731,True,False,False,False
STRAIN_000617,1,TIGHTBLOCK50,442,5,0.9953277111053467,0.00467228889465332,0.09666785597801208,True,False,False,False
STRAIN_000618,1,TIGHTBLOCK50,42,1,0.9938675165176392,0.00613248348236084,0.11074825376272202,True,False,False,False
STRAIN_000618,1,TIGHTBLOCK50,142,2,0.9916030168533325,0.00839698314666748,0.12959176301956177,True,False,False,False
STRAIN_000618,1,TIGHTBLOCK50,242,3,0.9953472018241882,0.004652798175811768,0.09646634012460709,True,False,False,False
STRAIN_000618,1,TIGHTBLOCK50,342,4,0.993215799331665,0.006784200668334961,0.11648406833410263,True,False,False,False
STRAIN_000618,1,TIGHTBLOCK50,442,5,0.994280219078064,0.005719780921936035,0.10695603489875793,True,False,False,False
STRAIN_000619,1,TIGHTBLOCK50,42,1,0.9935796856880188,0.006420314311981201,0.11331679672002792,True,False,False,False
STRAIN_000619,1,TIGHTBLOCK50,142,2,0.9946191310882568,0.005380868911743164,0.10373863577842712,True,False,False,False
STRAIN_000619,1,TIGHTBLOCK50,242,3,0.9938085675239563,0.006191432476043701,0.11127849668264389,True,False,False,False
STRAIN_000619,1,TIGHTBLOCK50,342,4,0.9955339431762695,0.004466056823730469,0.09451048076152802,True,False,False,False
STRAIN_000619,1,TIGHTBLOCK50,442,5,0.9949235320091248,0.005076467990875244,0.10076146572828293,True,False,False,False
STRAIN_000620,1,TIGHTBLOCK50,42,1,0.9956164360046387,0.004383563995361328,0.0936325266957283,True,False,False,False
STRAIN_000620,1,TIGHTBLOCK50,142,2,0.9960798025131226,0.003920197486877441,0.08854591846466064,True,False,False,False
STRAIN_000620,1,TIGHTBLOCK50,242,3,0.996477484703064,0.003522515296936035,0.08393403887748718,True,False,False,False
STRAIN_000620,1,TIGHTBLOCK50,342,4,0.9926409125328064,0.0073590874671936035,0.12131809443235397,True,False,False,False
STRAIN_000620,1,TIGHTBLOCK50,442,5,0.9969730377197266,0.0030269622802734375,0.07780563831329346,True,False,False,False
STRAIN_000621,1,TIGHTBLOCK50,42,1,0.9941179156303406,0.005882084369659424,0.10846304893493652,True,False,False,False
STRAIN_000621,1,TIGHTBLOCK50,142,2,0.9936510324478149,0.006348967552185059,0.11268499493598938,True,False,False,False
STRAIN_000621,1,TIGHTBLOCK50,242,3,0.9936035871505737,0.0063964128494262695,0.11310529708862305,True,False,False,False
STRAIN_000621,1,TIGHTBLOCK50,342,4,0.9939257502555847,0.006074249744415283,0.1102200523018837,True,False,False,False
STRAIN_000621,1,TIGHTBLOCK50,442,5,0.9941918849945068,0.005808115005493164,0.1077791079878807,True,False,False,False
STRAIN_000623,1,TIGHTBLOCK50,42,1,0.990267813205719,0.009732186794281006,0.1395145207643509,True,False,False,False
STRAIN_000623,1,TIGHTBLOCK50,142,2,0.9885435104370117,0.011456489562988281,0.1513700932264328,True,False,False,False
STRAIN_000623,1,TIGHTBLOCK50,242,3,0.9883378744125366,0.011662125587463379,0.15272332727909088,True,False,False,False
STRAIN_000623,1,TIGHTBLOCK50,342,4,0.9891582131385803,0.010841786861419678,0.147253155708313,True,False,False,False
STRAIN_000623,1,TIGHTBLOCK50,442,5,0.9881608486175537,0.011839151382446289,0.1538773775100708,True,False,False,False
STRAIN_000630,1,TIGHTBLOCK50,42,1,0.9923881888389587,0.00761181116104126,0.12338316440582275,True,False,False,False
STRAIN_000630,1,TIGHTBLOCK50,142,2,0.9947828054428101,0.005217194557189941,0.10214889049530029,True,False,False,False
STRAIN_000630,1,TIGHTBLOCK50,242,3,0.9933565855026245,0.006643414497375488,0.11526867002248764,True,False,False,False
STRAIN_000630,1,TIGHTBLOCK50,342,4,0.990310549736023,0.00968945026397705,0.1392076462507248,True,False,False,False
STRAIN_000630,1,TIGHTBLOCK50,442,5,0.9923093318939209,0.0076906681060791016,0.12402069568634033,True,False,False,False
STRAIN_000632,1,TIGHTBLOCK50,42,1,0.9886647462844849,0.011335253715515137,0.1505672037601471,True,False,False,False
STRAIN_000632,1,TIGHTBLOCK50,142,2,0.9895450472831726,0.010454952716827393,0.14460289478302002,True,False,False,False
STRAIN_000632,1,TIGHTBLOCK50,242,3,0.986939013004303,0.013060986995697021,0.16162332892417908,True,False,False,False
STRAIN_000632,1,TIGHTBLOCK50,342,4,0.9891982078552246,0.01080179214477539,0.14698129892349243,True,False,False,False
STRAIN_000632,1,TIGHTBLOCK50,442,5,0.984880805015564,0.015119194984436035,0.17389170825481415,True,False,False,False
STRAIN_000644,1,TIGHTBLOCK50,42,1,0.9903980493545532,0.009601950645446777,0.13857801258563995,True,False,False,False
STRAIN_000644,1,TIGHTBLOCK50,142,2,0.9901569485664368,0.009843051433563232,0.14030730724334717,True,False,False,False
STRAIN_000644,1,TIGHTBLOCK50,242,3,0.9907485246658325,0.00925147533416748,0.13602550327777863,True,False,False,False
STRAIN_000644,1,TIGHTBLOCK50,342,4,0.9898718595504761,0.010128140449523926,0.1423245668411255,True,False,False,False
STRAIN_000644,1,TIGHTBLOCK50,442,5,0.9898421764373779,0.01015782356262207,0.142532616853714,True,False,False,False
STRAIN_000646,1,TIGHTBLOCK50,42,1,0.9887639284133911,0.011236071586608887,0.14990757405757904,True,False,False,False
STRAIN_000646,1,TIGHTBLOCK50,142,2,0.9874241948127747,0.012575805187225342,0.15859290957450867,True,False,False,False
STRAIN_000646,1,TIGHTBLOCK50,242,3,0.9901406764984131,0.009859323501586914,0.14042344689369202,True,False,False,False
STRAIN_000646,1,TIGHTBLOCK50,342,4,0.9886965751647949,0.011303424835205078,0.15035603940486908,True,False,False,False
STRAIN_000646,1,TIGHTBLOCK50,442,5,0.9875147938728333,0.012485206127166748,0.15802007913589478,True,False,False,False
STRAIN_000656,1,TIGHTBLOCK50,42,1,0.991868257522583,0.008131742477416992,0.12752848863601685,True,False,False,False
STRAIN_000656,1,TIGHTBLOCK50,142,2,0.9920420050621033,0.007957994937896729,0.1261584460735321,True,False,False,False
STRAIN_000656,1,TIGHTBLOCK50,242,3,0.9928700923919678,0.0071299076080322266,0.11941395699977875,True,False,False,False
STRAIN_000656,1,TIGHTBLOCK50,342,4,0.9929443597793579,0.00705564022064209,0.11879033595323563,True,False,False,False
STRAIN_000656,1,TIGHTBLOCK50,442,5,0.9925974607467651,0.007402539253234863,0.12167658656835556,True,False,False,False
STRAIN_000661,1,TIGHTBLOCK50,42,1,0.9870203137397766,0.012979686260223389,0.16111911833286285,True,False,False,False
STRAIN_000661,1,TIGHTBLOCK50,142,2,0.9872933030128479,0.0127066969871521,0.15941528975963593,True,False,False,False
STRAIN_000661,1,TIGHTBLOCK50,242,3,0.988086998462677,0.011913001537322998,0.15435729920864105,True,False,False,False
STRAIN_000661,1,TIGHTBLOCK50,342,4,0.9902568459510803,0.009743154048919678,0.13959307968616486,True,False,False,False
STRAIN_000661,1,TIGHTBLOCK50,442,5,0.9870485663414001,0.012951433658599854,0.16094322502613068,True,False,False,False
STRAIN_000664,1,TIGHTBLOCK50,42,1,0.9876854419708252,0.012314558029174805,0.1569366753101349,True,False,False,False
STRAIN_000664,1,TIGHTBLOCK50,142,2,0.9838525652885437,0.0161474347114563,0.17970788478851318,True,False,False,False
STRAIN_000664,1,TIGHTBLOCK50,242,3,0.9873489737510681,0.012651026248931885,0.15906623005867004,True,False,False,False
STRAIN_000664,1,TIGHTBLOCK50,342,4,0.9871867895126343,0.012813210487365723,0.16008232533931732,True,False,False,False
STRAIN_000664,1,TIGHTBLOCK50,442,5,0.9873645901679993,0.012635409832000732,0.15896788239479065,True,False,False,False
STRAIN_000667,1,TIGHTBLOCK50,42,1,0.988427996635437,0.011572003364562988,0.15213130414485931,True,False,False,False
STRAIN_000667,1,TIGHTBLOCK50,142,2,0.9891544580459595,0.010845541954040527,0.14727887511253357,True,False,False,False
STRAIN_000667,1,TIGHTBLOCK50,242,3,0.9886378049850464,0.011362195014953613,0.1507459431886673,True,False,False,False
STRAIN_000667,1,TIGHTBLOCK50,342,4,0.9869393110275269,0.013060688972473145,0.16162095963954926,True,False,False,False
STRAIN_000667,1,TIGHTBLOCK50,442,5,0.9891381859779358,0.010861814022064209,0.14738903939723969,True,False,False,False
STRAIN_000669,1,TIGHTBLOCK50,42,1,0.9909753799438477,0.009024620056152344,0.13434720039367676,True,False,False,False
STRAIN_000669,1,TIGHTBLOCK50,142,2,0.9906370639801025,0.009362936019897461,0.13684287667274475,True,False,False,False
STRAIN_000669,1,TIGHTBLOCK50,242,3,0.9919400215148926,0.008059978485107422,0.12696391344070435,True,False,False,False
STRAIN_000669,1,TIGHTBLOCK50,342,4,0.991662859916687,0.008337140083312988,0.12912800908088684,True,False,False,False
STRAIN_000669,1,TIGHTBLOCK50,442,5,0.9909770488739014,0.009022951126098633,0.13433502614498138,True,False,False,False
STRAIN_000674,1,TIGHTBLOCK50,42,1,0.9923292398452759,0.007670760154724121,0.12386094778776169,True,False,False,False
STRAIN_000674,1,TIGHTBLOCK50,142,2,0.9919686317443848,0.008031368255615234,0.12673935294151306,True,False,False,False
STRAIN_000674,1,TIGHTBLOCK50,242,3,0.9883887767791748,0.011611223220825195,0.1523890346288681,True,False,False,False
STRAIN_000674,1,TIGHTBLOCK50,342,4,0.9900234937667847,0.009976506233215332,0.14125488698482513,True,False,False,False
STRAIN_000674,1,TIGHTBLOCK50,442,5,0.9896938800811768,0.010306119918823242,0.14356976747512817,True,False,False,False
STRAIN_000675,1,TIGHTBLOCK50,42,1,0.989595890045166,0.010404109954833984,0.14425009489059448,True,False,False,False
STRAIN_000675,1,TIGHTBLOCK50,142,2,0.9880800247192383,0.011919975280761719,0.15440146625041962,True,False,False,False
STRAIN_000675,1,TIGHTBLOCK50,242,3,0.9885464906692505,0.011453509330749512,0.1513499915599823,True,False,False,False
STRAIN_000675,1,TIGHTBLOCK50,342,4,0.9883232116699219,0.011676788330078125,0.15281812846660614,True,False,False,False
STRAIN_000675,1,TIGHTBLOCK50,442,5,0.9868848323822021,0.013115167617797852,0.16195756196975708,True,False,False,False
STRAIN_000682,1,TIGHTBLOCK50,42,1,0.9945913553237915,0.005408644676208496,0.10400597751140594,True,False,False,False
STRAIN_000682,1,TIGHTBLOCK50,142,2,0.9937460422515869,0.006253957748413086,0.11183882504701614,True,False,False,False
STRAIN_000682,1,TIGHTBLOCK50,242,3,0.9942843317985535,0.005715668201446533,0.10691654682159424,True,False,False,False
STRAIN_000682,1,TIGHTBLOCK50,342,4,0.9933791160583496,0.006620883941650391,0.11507292836904526,True,False,False,False
STRAIN_000682,1,TIGHTBLOCK50,442,5,0.9936761856079102,0.006323814392089844,0.11246088892221451,True,False,False,False
STRAIN_000683,1,TIGHTBLOCK50,42,1,0.9885367155075073,0.011463284492492676,0.15141503512859344,True,False,False,False
STRAIN_000683,1,TIGHTBLOCK50,142,2,0.9904494881629944,0.009550511837005615,0.13820616900920868,True,False,False,False
STRAIN_000683,1,TIGHTBLOCK50,242,3,0.991083562374115,0.00891643762588501,0.13353945314884186,True,False,False,False
STRAIN_000683,1,TIGHTBLOCK50,342,4,0.9902458786964417,0.00975412130355835,0.13967165350914001,True,False,False,False
STRAIN_000683,1,TIGHTBLOCK50,442,5,0.9876552820205688,0.012344717979431152,0.15712924301624298,True,False,False,False
STRAIN_000685,1,TIGHTBLOCK50,42,1,0.9917761087417603,0.008223891258239746,0.1282489150762558,True,False,False,False
STRAIN_000685,1,TIGHTBLOCK50,142,2,0.9939521551132202,0.006047844886779785,0.10998055338859558,True,False,False,False
STRAIN_000685,1,TIGHTBLOCK50,242,3,0.9917892217636108,0.00821077823638916,0.12814652919769287,True,False,False,False
STRAIN_000685,1,TIGHTBLOCK50,342,4,0.9924051761627197,0.0075948238372802734,0.12324652075767517,True,False,False,False
STRAIN_000685,1,TIGHTBLOCK50,442,5,0.9931892156600952,0.006810784339904785,0.11671093106269836,True,False,False,False
STRAIN_000690,1,TIGHTBLOCK50,42,1,0.9904069900512695,0.009593009948730469,0.13851334154605865,True,False,False,False
STRAIN_000690,1,TIGHTBLOCK50,142,2,0.9891913533210754,0.01080864667892456,0.14702822268009186,True,False,False,False
STRAIN_000690,1,TIGHTBLOCK50,242,3,0.9892540574073792,0.01074594259262085,0.14660105109214783,True,False,False,False
STRAIN_000690,1,TIGHTBLOCK50,342,4,0.9891471266746521,0.0108528733253479,0.1473286747932434,True,False,False,False
STRAIN_000690,1,TIGHTBLOCK50,442,5,0.9892041683197021,0.010795831680297852,0.14694109559059143,True,False,False,False
STRAIN_000691,1,TIGHTBLOCK50,42,1,0.9911438226699829,0.00885617733001709,0.13308794796466827,True,False,False,False
STRAIN_000691,1,TIGHTBLOCK50,142,2,0.9894801378250122,0.010519862174987793,0.14505024254322052,True,False,False,False
STRAIN_000691,1,TIGHTBLOCK50,242,3,0.9899324178695679,0.010067582130432129,0.1418984830379486,True,False,False,False
STRAIN_000691,1,TIGHTBLOCK50,342,4,0.9915933609008789,0.008406639099121094,0.12966632843017578,True,False,False,False
STRAIN_000691,1,TIGHTBLOCK50,442,5,0.990685224533081,0.009314775466918945,0.13649027049541473,True,False,False,False
STRAIN_000694,1,TIGHTBLOCK50,42,1,0.9883432388305664,0.011656761169433594,0.15268756449222565,True,False,False,False
STRAIN_000694,1,TIGHTBLOCK50,142,2,0.9880985617637634,0.011901438236236572,0.15428198873996735,True,False,False,False
STRAIN_000694,1,TIGHTBLOCK50,242,3,0.9861816167831421,0.01381838321685791,0.16624337434768677,True,False,False,False
STRAIN_000694,1,TIGHTBLOCK50,342,4,0.9889653921127319,0.011034607887268066,0.1485564410686493,True,False,False,False
STRAIN_000694,1,TIGHTBLOCK50,442,5,0.9890153408050537,0.010984659194946289,0.14822012186050415,True,False,False,False
STRAIN_000701,1,TIGHTBLOCK50,42,1,0.9884752631187439,0.011524736881256104,0.15182049572467804,True,False,False,False
STRAIN_000701,1,TIGHTBLOCK50,142,2,0.987358808517456,0.012641191482543945,0.1590045839548111,True,False,False,False
STRAIN_000701,1,TIGHTBLOCK50,242,3,0.9891163110733032,0.010883688926696777,0.1475386619567871,True,False,False,False
STRAIN_000701,1,TIGHTBLOCK50,342,4,0.987838864326477,0.01216113567352295,0.15595610439777374,True,False,False,False
STRAIN_000701,1,TIGHTBLOCK50,442,5,0.9883906841278076,0.011609315872192383,0.15237683057785034,True,False,False,False
STRAIN_000703,1,TIGHTBLOCK50,42,1,0.9884014129638672,0.011598587036132812,0.15230628848075867,True,False,False,False
STRAIN_000703,1,TIGHTBLOCK50,142,2,0.9876160621643066,0.01238393783569336,0.15737822651863098,True,False,False,False
STRAIN_000703,1,TIGHTBLOCK50,242,3,0.9893141984939575,0.01068580150604248,0.1461905986070633,True,False,False,False
STRAIN_000703,1,TIGHTBLOCK50,342,4,0.9880452752113342,0.011954724788665771,0.1546270251274109,True,False,False,False
STRAIN_000703,1,TIGHTBLOCK50,442,5,0.987346887588501,0.012653112411499023,0.1590796560049057,True,False,False,False
STRAIN_000704,1,TIGHTBLOCK50,42,1,0.9890409708023071,0.010959029197692871,0.1480475813150406,True,False,False,False
STRAIN_000704,1,TIGHTBLOCK50,142,2,0.9863030910491943,0.013696908950805664,0.16551116108894348,True,False,False,False
STRAIN_000704,1,TIGHTBLOCK50,242,3,0.9874821901321411,0.012517809867858887,0.15822693705558777,True,False,False,False
STRAIN_000704,1,TIGHTBLOCK50,342,4,0.9853339195251465,0.014666080474853516,0.1712666004896164,True,False,False,False
STRAIN_000704,1,TIGHTBLOCK50,442,5,0.9870613813400269,0.012938618659973145,0.16086405515670776,True,False,False,False
STRAIN_000710,1,TIGHTBLOCK50,42,1,0.9894103407859802,0.010589659214019775,0.14553190767765045,True,False,False,False
STRAIN_000710,1,TIGHTBLOCK50,142,2,0.9899625778198242,0.010037422180175781,0.14168615639209747,True,False,False,False
STRAIN_000710,1,TIGHTBLOCK50,242,3,0.9881755113601685,0.011824488639831543,0.15378257632255554,True,False,False,False
STRAIN_000710,1,TIGHTBLOCK50,342,4,0.9877684116363525,0.012231588363647461,0.15640753507614136,True,False,False,False
STRAIN_000710,1,TIGHTBLOCK50,442,5,0.9870179891586304,0.012982010841369629,0.16113384068012238,True,False,False,False
STRAIN_000712,1,TIGHTBLOCK50,42,1,0.9889625310897827,0.011037468910217285,0.14857590198516846,True,False,False,False
STRAIN_000712,1,TIGHTBLOCK50,142,2,0.9884657263755798,0.011534273624420166,0.15188302099704742,True,False,False,False
STRAIN_000712,1,TIGHTBLOCK50,242,3,0.9892600774765015,0.010739922523498535,0.14655965566635132,True,False,False,False
STRAIN_000712,1,TIGHTBLOCK50,342,4,0.9893078804016113,0.010692119598388672,0.14623351395130157,True,False,False,False
STRAIN_000712,1,TIGHTBLOCK50,442,5,0.9889129400253296,0.01108705997467041,0.14890934526920319,True,False,False,False
STRAIN_000713,1,TIGHTBLOCK50,42,1,0.993026852607727,0.006973147392272949,0.11809497326612473,True,False,False,False
STRAIN_000713,1,TIGHTBLOCK50,142,2,0.9931954145431519,0.0068045854568481445,0.11665849387645721,True,False,False,False
STRAIN_000713,1,TIGHTBLOCK50,242,3,0.9906720519065857,0.009327948093414307,0.1365872025489807,True,False,False,False
STRAIN_000713,1,TIGHTBLOCK50,342,4,0.9914385080337524,0.008561491966247559,0.13085506856441498,True,False,False,False
STRAIN_000713,1,TIGHTBLOCK50,442,5,0.9924657344818115,0.0075342655181884766,0.12275457382202148,True,False,False,False
STRAIN_000716,1,TIGHTBLOCK50,42,1,0.9929841756820679,0.007015824317932129,0.11845564842224121,True,False,False,False
STRAIN_000716,1,TIGHTBLOCK50,142,2,0.992875337600708,0.007124662399291992,0.11937078088521957,True,False,False,False
STRAIN_000716,1,TIGHTBLOCK50,242,3,0.9925346374511719,0.007465362548828125,0.12219159305095673,True,False,False,False
STRAIN_000716,1,TIGHTBLOCK50,342,4,0.9918889999389648,0.008111000061035156,0.1273663491010666,True,False,False,False
STRAIN_000716,1,TIGHTBLOCK50,442,5,0.9929834008216858,0.007016599178314209,0.1184615045785904,True,False,False,False
STRAIN_000718,1,TIGHTBLOCK50,42,1,0.9902266263961792,0.0097733736038208,0.13980980217456818,True,False,False,False
STRAIN_000718,1,TIGHTBLOCK50,142,2,0.9896986484527588,0.010301351547241211,0.1435362547636032,True,False,False,False
STRAIN_000718,1,TIGHTBLOCK50,242,3,0.9900690913200378,0.009930908679962158,0.14093153178691864,True,False,False,False
STRAIN_000718,1,TIGHTBLOCK50,342,4,0.987891674041748,0.012108325958251953,0.1556168496608734,True,False,False,False
STRAIN_000718,1,TIGHTBLOCK50,442,5,0.9904495477676392,0.00955045223236084,0.13820549845695496,True,False,False,False
STRAIN_000722,1,TIGHTBLOCK50,42,1,0.9899529814720154,0.01004701852798462,0.14175306260585785,True,False,False,False
STRAIN_000722,1,TIGHTBLOCK50,142,2,0.9884762763977051,0.011523723602294922,0.15181434154510498,True,False,False,False
STRAIN_000722,1,TIGHTBLOCK50,242,3,0.9890540242195129,0.01094597578048706,0.14795899391174316,True,False,False,False
STRAIN_000722,1,TIGHTBLOCK50,342,4,0.9898626208305359,0.010137379169464111,0.14238913357257843,True,False,False,False
STRAIN_000722,1,TIGHTBLOCK50,442,5,0.9905194640159607,0.009480535984039307,0.13769939541816711,True,False,False,False
STRAIN_000727,1,TIGHTBLOCK50,42,1,0.9896156191825867,0.01038438081741333,0.14411424100399017,True,False,False,False
STRAIN_000727,1,TIGHTBLOCK50,142,2,0.9890063405036926,0.010993659496307373,0.1482810080051422,True,False,False,False
STRAIN_000727,1,TIGHTBLOCK50,242,3,0.9854366779327393,0.014563322067260742,0.17066554725170135,True,False,False,False
STRAIN_000727,1,TIGHTBLOCK50,342,4,0.9883521795272827,0.011647820472717285,0.15262924134731293,True,False,False,False
STRAIN_000727,1,TIGHTBLOCK50,442,5,0.988329291343689,0.011670708656311035,0.15277869999408722,True,False,False,False
STRAIN_000730,1,TIGHTBLOCK50,42,1,0.9876832962036133,0.012316703796386719,0.15695010125637054,True,False,False,False
STRAIN_000730,1,TIGHTBLOCK50,142,2,0.9872922897338867,0.012707710266113281,0.15942232310771942,True,False,False,False
STRAIN_000730,1,TIGHTBLOCK50,242,3,0.9866227507591248,0.013377249240875244,0.16356796026229858,True,False,False,False
STRAIN_000730,1,TIGHTBLOCK50,342,4,0.9902753233909607,0.009724676609039307,0.1394607573747635,True,False,False,False
STRAIN_000730,1,TIGHTBLOCK50,442,5,0.9854736328125,0.0145263671875,0.17044846713542938,True,False,False,False
STRAIN_000734,1,TIGHTBLOCK50,42,1,0.9874168634414673,0.012583136558532715,0.15863847732543945,True,False,False,False
STRAIN_000734,1,TIGHTBLOCK50,142,2,0.9887988567352295,0.011201143264770508,0.14967384934425354,True,False,False,False
STRAIN_000734,1,TIGHTBLOCK50,242,3,0.9884448051452637,0.011555194854736328,0.1520218402147293,True,False,False,False
STRAIN_000734,1,TIGHTBLOCK50,342,4,0.9886402487754822,0.011359751224517822,0.15072976052761078,True,False,False,False
STRAIN_000734,1,TIGHTBLOCK50,442,5,0.9909514784812927,0.009048521518707275,0.13452565670013428,True,False,False,False
STRAIN_000741,1,TIGHTBLOCK50,42,1,0.9883274435997009,0.011672556400299072,0.15279114246368408,True,False,False,False
STRAIN_000741,1,TIGHTBLOCK50,142,2,0.9878729581832886,0.012127041816711426,0.15573710203170776,True,False,False,False
STRAIN_000741,1,TIGHTBLOCK50,242,3,0.9875216484069824,0.012478351593017578,0.15797695517539978,True,False,False,False
STRAIN_000741,1,TIGHTBLOCK50,342,4,0.9868291020393372,0.013170897960662842,0.16230133175849915,True,False,False,False
STRAIN_000741,1,TIGHTBLOCK50,442,5,0.986860454082489,0.013139545917510986,0.16210810840129852,True,False,False,False
STRAIN_000753,1,TIGHTBLOCK50,42,1,0.9931337833404541,0.0068662166595458984,0.1171850860118866,True,False,False,False
STRAIN_000753,1,TIGHTBLOCK50,142,2,0.9945970773696899,0.005402922630310059,0.10395077615976334,True,False,False,False
STRAIN_000753,1,TIGHTBLOCK50,242,3,0.9946298599243164,0.005370140075683594,0.1036352664232254,True,False,False,False
STRAIN_000753,1,TIGHTBLOCK50,342,4,0.9939468502998352,0.006053149700164795,0.11002810299396515,True,False,False,False
STRAIN_000753,1,TIGHTBLOCK50,442,5,0.9947909116744995,0.005209088325500488,0.10206954926252365,True,False,False,False
STRAIN_000755,1,TIGHTBLOCK50,42,1,0.985417366027832,0.014582633972167969,0.17077861726284027,True,False,False,False
STRAIN_000755,1,TIGHTBLOCK50,142,2,0.9852139353752136,0.014786064624786377,0.17196550965309143,True,False,False,False
STRAIN_000755,1,TIGHTBLOCK50,242,3,0.9849679470062256,0.015032052993774414,0.17339035868644714,True,False,False,False
STRAIN_000755,1,TIGHTBLOCK50,342,4,0.9842159152030945,0.015784084796905518,0.17767450213432312,True,False,False,False
STRAIN_000755,1,TIGHTBLOCK50,442,5,0.9860368967056274,0.013963103294372559,0.1671118438243866,True,False,False,False
STRAIN_000760,1,TIGHTBLOCK50,42,1,0.9890209436416626,0.010979056358337402,0.14818249642848969,True,False,False,False
STRAIN_000760,1,TIGHTBLOCK50,142,2,0.9903790354728699,0.009620964527130127,0.13871559500694275,True,False,False,False
STRAIN_000760,1,TIGHTBLOCK50,242,3,0.9889216423034668,0.011078357696533203,0.1488514393568039,True,False,False,False
STRAIN_000760,1,TIGHTBLOCK50,342,4,0.989973247051239,0.010026752948760986,0.14161069691181183,True,False,False,False
STRAIN_000760,1,TIGHTBLOCK50,442,5,0.9903191328048706,0.009680867195129395,0.13914652168750763,True,False,False,False
STRAIN_000768,1,TIGHTBLOCK50,42,1,0.9907065629959106,0.009293437004089355,0.13633394241333008,True,False,False,False
STRAIN_000768,1,TIGHTBLOCK50,142,2,0.9928855895996094,0.007114410400390625,0.1192852109670639,True,False,False,False
STRAIN_000768,1,TIGHTBLOCK50,242,3,0.993972897529602,0.006027102470397949,0.10979188978672028,True,False,False,False
STRAIN_000768,1,TIGHTBLOCK50,342,4,0.9928051233291626,0.007194876670837402,0.11995695531368256,True,False,False,False
STRAIN_000768,1,TIGHTBLOCK50,442,5,0.9926519393920898,0.007348060607910156,0.1212274506688118,True,False,False,False
STRAIN_000782,1,TIGHTBLOCK50,42,1,0.988943338394165,0.011056661605834961,0.14870582520961761,True,False,False,False
STRAIN_000782,1,TIGHTBLOCK50,142,2,0.9888773560523987,0.011122643947601318,0.14914870262145996,True,False,False,False
STRAIN_000782,1,TIGHTBLOCK50,242,3,0.9862406253814697,0.013759374618530273,0.16588738560676575,True,False,False,False
STRAIN_000782,1,TIGHTBLOCK50,342,4,0.9879211187362671,0.01207888126373291,0.15542790293693542,True,False,False,False
STRAIN_000782,1,TIGHTBLOCK50,442,5,0.9902628660202026,0.009737133979797363,0.13955058157444,True,False,False,False
STRAIN_000785,1,TIGHTBLOCK50,42,1,0.9913194179534912,0.008680582046508789,0.13176144659519196,True,False,False,False
STRAIN_000785,1,TIGHTBLOCK50,142,2,0.9890542030334473,0.010945796966552734,0.14795857667922974,True,False,False,False
STRAIN_000785,1,TIGHTBLOCK50,242,3,0.9890546798706055,0.010945320129394531,0.1479550153017044,True,False,False,False
STRAIN_000785,1,TIGHTBLOCK50,342,4,0.9893907308578491,0.010609269142150879,0.14566545188426971,True,False,False,False
STRAIN_000785,1,TIGHTBLOCK50,442,5,0.9874656796455383,0.01253432035446167,0.15833096206188202,True,False,False,False
STRAIN_000789,1,TIGHTBLOCK50,42,1,0.9901732206344604,0.00982677936553955,0.14019131660461426,True,False,False,False
STRAIN_000789,1,TIGHTBLOCK50,142,2,0.9917998909950256,0.008200109004974365,0.12806306779384613,True,False,False,False
STRAIN_000789,1,TIGHTBLOCK50,242,3,0.9890637397766113,0.010936260223388672,0.14789441227912903,True,False,False,False
STRAIN_000789,1,TIGHTBLOCK50,342,4,0.9900201559066772,0.009979844093322754,0.14127902686595917,True,False,False,False
STRAIN_000789,1,TIGHTBLOCK50,442,5,0.9895695447921753,0.010430455207824707,0.14443263411521912,True,False,False,False
STRAIN_000790,1,TIGHTBLOCK50,42,1,0.991325855255127,0.008674144744873047,0.13171334564685822,True,False,False,False
STRAIN_000790,1,TIGHTBLOCK50,142,2,0.9930009841918945,0.006999015808105469,0.11831352859735489,True,False,False,False
STRAIN_000790,1,TIGHTBLOCK50,242,3,0.9914462566375732,0.008553743362426758,0.13079601526260376,True,False,False,False
STRAIN_000790,1,TIGHTBLOCK50,342,4,0.9917595386505127,0.008240461349487305,0.12837845087051392,True,False,False,False
STRAIN_000790,1,TIGHTBLOCK50,442,5,0.9906882643699646,0.0093117356300354,0.13646827638149261,True,False,False,False
STRAIN_000791,1,TIGHTBLOCK50,42,1,0.9929249286651611,0.007075071334838867,0.11895539611577988,True,False,False,False
STRAIN_000791,1,TIGHTBLOCK50,142,2,0.9920973777770996,0.00790262222290039,0.12571927905082703,True,False,False,False
STRAIN_000791,1,TIGHTBLOCK50,242,3,0.9942850470542908,0.0057149529457092285,0.10691090673208237,True,False,False,False
STRAIN_000791,1,TIGHTBLOCK50,342,4,0.995137095451355,0.0048629045486450195,0.09861990064382553,True,False,False,False
STRAIN_000791,1,TIGHTBLOCK50,442,5,0.9925516843795776,0.007448315620422363,0.1220528781414032,True,False,False,False
STRAIN_000792,1,TIGHTBLOCK50,42,1,0.9940207004547119,0.005979299545288086,0.10935463011264801,True,False,False,False
STRAIN_000792,1,TIGHTBLOCK50,142,2,0.9949327111244202,0.005067288875579834,0.10067000985145569,True,False,False,False
STRAIN_000792,1,TIGHTBLOCK50,242,3,0.9941614270210266,0.005838572978973389,0.1080610603094101,True,False,False,False
STRAIN_000792,1,TIGHTBLOCK50,342,4,0.9919130802154541,0.008086919784545898,0.12717589735984802,True,False,False,False
STRAIN_000792,1,TIGHTBLOCK50,442,5,0.9919948577880859,0.008005142211914062,0.1265314817428589,True,False,False,False
STRAIN_000793,1,TIGHTBLOCK50,42,1,0.9915547966957092,0.008445203304290771,0.12996312975883484,True,False,False,False
STRAIN_000793,1,TIGHTBLOCK50,142,2,0.9919446706771851,0.008055329322814941,0.1269281953573227,True,False,False,False
STRAIN_000793,1,TIGHTBLOCK50,242,3,0.9938698410987854,0.0061301589012146,0.11072666198015213,True,False,False,False
STRAIN_000793,1,TIGHTBLOCK50,342,4,0.9936095476150513,0.0063904523849487305,0.1130530834197998,True,False,False,False
STRAIN_000793,1,TIGHTBLOCK50,442,5,0.9899532198905945,0.010046780109405518,0.14175209403038025,True,False,False,False
STRAIN_000796,1,TIGHTBLOCK50,42,1,0.9886220693588257,0.011377930641174316,0.1508505791425705,True,False,False,False
STRAIN_000796,1,TIGHTBLOCK50,142,2,0.9894121289253235,0.010587871074676514,0.14551903307437897,True,False,False,False
STRAIN_000796,1,TIGHTBLOCK50,242,3,0.9897427558898926,0.010257244110107422,0.14322960376739502,True,False,False,False
STRAIN_000796,1,TIGHTBLOCK50,342,4,0.9897191524505615,0.010280847549438477,0.14339347183704376,True,False,False,False
STRAIN_000796,1,TIGHTBLOCK50,442,5,0.9877046942710876,0.012295305728912354,0.1568145900964737,True,False,False,False
STRAIN_000797,1,TIGHTBLOCK50,42,1,0.9876680374145508,0.012331962585449219,0.1570477932691574,True,False,False,False
STRAIN_000797,1,TIGHTBLOCK50,142,2,0.986147403717041,0.013852596282958984,0.1664484441280365,True,False,False,False
STRAIN_000797,1,TIGHTBLOCK50,242,3,0.987775444984436,0.012224555015563965,0.15636217594146729,True,False,False,False
STRAIN_000797,1,TIGHTBLOCK50,342,4,0.9856640100479126,0.014335989952087402,0.1693284511566162,True,False,False,False
STRAIN_000797,1,TIGHTBLOCK50,442,5,0.9860769510269165,0.013923048973083496,0.1668713539838791,True,False,False,False
STRAIN_000802,1,TIGHTBLOCK50,42,1,0.988998293876648,0.01100170612335205,0.14833508431911469,True,False,False,False
STRAIN_000802,1,TIGHTBLOCK50,142,2,0.9895687103271484,0.010431289672851562,0.14443862438201904,True,False,False,False
STRAIN_000802,1,TIGHTBLOCK50,242,3,0.9894575476646423,0.010542452335357666,0.1452067345380783,True,False,False,False
STRAIN_000802,1,TIGHTBLOCK50,342,4,0.9893986582756042,0.010601341724395752,0.1456117331981659,True,False,False,False
STRAIN_000802,1,TIGHTBLOCK50,442,5,0.9893388152122498,0.010661184787750244,0.1460219770669937,True,False,False,False
STRAIN_000803,1,TIGHTBLOCK50,42,1,0.9880805015563965,0.011919498443603516,0.15439923107624054,True,False,False,False
STRAIN_000803,1,TIGHTBLOCK50,142,2,0.9884002804756165,0.011599719524383545,0.15231403708457947,True,False,False,False
STRAIN_000803,1,TIGHTBLOCK50,242,3,0.9883103370666504,0.01168966293334961,0.15290294587612152,True,False,False,False
STRAIN_000803,1,TIGHTBLOCK50,342,4,0.9887756109237671,0.01122438907623291,0.1498294174671173,True,False,False,False
STRAIN_000803,1,TIGHTBLOCK50,442,5,0.9875015020370483,0.01249849796295166,0.15810538828372955,True,False,False,False
STRAIN_000817,1,TIGHTBLOCK50,42,1,0.9893803596496582,0.010619640350341797,0.14573685824871063,True,False,False,False
STRAIN_000817,1,TIGHTBLOCK50,142,2,0.9901218414306641,0.009878158569335938,0.14055712521076202,True,False,False,False
STRAIN_000817,1,TIGHTBLOCK50,242,3,0.9896830320358276,0.010316967964172363,0.14364518225193024,True,False,False,False
STRAIN_000817,1,TIGHTBLOCK50,342,4,0.9912262558937073,0.008773744106292725,0.13246721029281616,True,False,False,False
STRAIN_000817,1,TIGHTBLOCK50,442,5,0.9892082214355469,0.010791778564453125,0.14691345393657684,True,False,False,False
STRAIN_000818,1,TIGHTBLOCK50,42,1,0.9891347289085388,0.010865271091461182,0.14741283655166626,True,False,False,False
STRAIN_000818,1,TIGHTBLOCK50,142,2,0.9917033314704895,0.008296668529510498,0.12881506979465485,True,False,False,False
STRAIN_000818,1,TIGHTBLOCK50,242,3,0.9904301166534424,0.009569883346557617,0.1383470743894577,True,False,False,False
STRAIN_000818,1,TIGHTBLOCK50,342,4,0.9934438467025757,0.006556153297424316,0.11450830847024918,True,False,False,False
STRAIN_000818,1,TIGHTBLOCK50,442,5,0.9933645725250244,0.006635427474975586,0.11519904434680939,True,False,False,False
STRAIN_000828,1,TIGHTBLOCK50,42,1,0.9940702319145203,0.005929768085479736,0.10890170931816101,True,False,False,False
STRAIN_000828,1,TIGHTBLOCK50,142,2,0.994585394859314,0.005414605140686035,0.10406400263309479,True,False,False,False
STRAIN_000828,1,TIGHTBLOCK50,242,3,0.992098331451416,0.007901668548583984,0.12571151554584503,True,False,False,False
STRAIN_000828,1,TIGHTBLOCK50,342,4,0.9941742420196533,0.00582575798034668,0.1079431101679802,True,False,False,False
STRAIN_000828,1,TIGHTBLOCK50,442,5,0.9910793304443359,0.008920669555664062,0.13357196748256683,True,False,False,False
STRAIN_000829,1,TIGHTBLOCK50,42,1,0.9938884973526001,0.006111502647399902,0.1105579137802124,True,False,False,False
STRAIN_000829,1,TIGHTBLOCK50,142,2,0.9923082590103149,0.007691740989685059,0.12403019517660141,True,False,False,False
STRAIN_000829,1,TIGHTBLOCK50,242,3,0.9920927286148071,0.007907271385192871,0.1257564127445221,True,False,False,False
STRAIN_000829,1,TIGHTBLOCK50,342,4,0.9914681911468506,0.008531808853149414,0.1306282877922058,True,False,False,False
STRAIN_000829,1,TIGHTBLOCK50,442,5,0.9946974515914917,0.005302548408508301,0.10298149287700653,True,False,False,False
STRAIN_000830,1,TIGHTBLOCK50,42,1,0.9927675724029541,0.0072324275970458984,0.12026967853307724,True,False,False,False
STRAIN_000830,1,TIGHTBLOCK50,142,2,0.9905504584312439,0.009449541568756104,0.1374742090702057,True,False,False,False
STRAIN_000830,1,TIGHTBLOCK50,242,3,0.9937096238136292,0.00629037618637085,0.11216417700052261,True,False,False,False
STRAIN_000830,1,TIGHTBLOCK50,342,4,0.9914928674697876,0.008507132530212402,0.1304384469985962,True,False,False,False
STRAIN_000830,1,TIGHTBLOCK50,442,5,0.9923969507217407,0.007603049278259277,0.12331222742795944,True,False,False,False
STRAIN_000838,1,TIGHTBLOCK50,42,1,0.9927412271499634,0.007258772850036621,0.12048882991075516,True,False,False,False
STRAIN_000838,1,TIGHTBLOCK50,142,2,0.9917242527008057,0.008275747299194336,0.128652423620224,True,False,False,False
STRAIN_000838,1,TIGHTBLOCK50,242,3,0.9897274971008301,0.010272502899169922,0.14333504438400269,True,False,False,False
STRAIN_000838,1,TIGHTBLOCK50,342,4,0.9927622079849243,0.007237792015075684,0.12031440436840057,True,False,False,False
STRAIN_000838,1,TIGHTBLOCK50,442,5,0.9919178485870361,0.008082151412963867,0.1271391212940216,True,False,False,False
STRAIN_000841,1,TIGHTBLOCK50,42,1,0.9881220459938049,0.011877954006195068,0.15412995219230652,True,False,False,False
STRAIN_000841,1,TIGHTBLOCK50,142,2,0.9872291088104248,0.012770891189575195,0.15981809794902802,True,False,False,False
STRAIN_000841,1,TIGHTBLOCK50,242,3,0.9876294136047363,0.012370586395263672,0.15729333460330963,True,False,False,False
STRAIN_000841,1,TIGHTBLOCK50,342,4,0.9856961965560913,0.014303803443908691,0.16913765668869019,True,False,False,False
STRAIN_000841,1,TIGHTBLOCK50,442,5,0.9885071516036987,0.01149284839630127,0.15160979330539703,True,False,False,False
STRAIN_000842,1,TIGHTBLOCK50,42,1,0.9929108619689941,0.007089138031005859,0.11907258629798889,True,False,False,False
STRAIN_000842,1,TIGHTBLOCK50,142,2,0.9947702884674072,0.0052297115325927734,0.10227037221193314,True,False,False,False
STRAIN_000842,1,TIGHTBLOCK50,242,3,0.9953068494796753,0.004693150520324707,0.09688202291727066,True,False,False,False
STRAIN_000842,1,TIGHTBLOCK50,342,4,0.9928547739982605,0.007145226001739502,0.1195426881313324,True,False,False,False
STRAIN_000842,1,TIGHTBLOCK50,442,5,0.993369460105896,0.006630539894104004,0.11515673995018005,True,False,False,False
STRAIN_000843,1,TIGHTBLOCK50,42,1,0.9947999119758606,0.005200088024139404,0.10198116302490234,True,False,False,False
STRAIN_000843,1,TIGHTBLOCK50,142,2,0.9978589415550232,0.0021410584449768066,0.0654381513595581,True,False,False,False
STRAIN_000843,1,TIGHTBLOCK50,242,3,0.9961260557174683,0.0038739442825317383,0.08802185952663422,True,False,False,False
STRAIN_000843,1,TIGHTBLOCK50,342,4,0.9928337335586548,0.007166266441345215,0.11971837282180786,True,False,False,False
STRAIN_000843,1,TIGHTBLOCK50,442,5,0.9912925958633423,0.008707404136657715,0.13196499645709991,True,False,False,False
STRAIN_000844,1,TIGHTBLOCK50,42,1,0.9920457601547241,0.007954239845275879,0.12612812221050262,True,False,False,False
STRAIN_000844,1,TIGHTBLOCK50,142,2,0.9946819543838501,0.005318045616149902,0.10313186049461365,True,False,False,False
STRAIN_000844,1,TIGHTBLOCK50,242,3,0.9926474094390869,0.007352590560913086,0.12126468122005463,True,False,False,False
STRAIN_000844,1,TIGHTBLOCK50,342,4,0.9917397499084473,0.008260250091552734,0.12853215634822845,True,False,False,False
STRAIN_000844,1,TIGHTBLOCK50,442,5,0.9916675686836243,0.008332431316375732,0.12909290194511414,True,False,False,False
STRAIN_000846,1,TIGHTBLOCK50,42,1,0.9881160259246826,0.011883974075317383,0.1541687399148941,True,False,False,False
STRAIN_000846,1,TIGHTBLOCK50,142,2,0.9857755899429321,0.014224410057067871,0.16866783797740936,True,False,False,False
STRAIN_000846,1,TIGHTBLOCK50,242,3,0.9877495765686035,0.012250423431396484,0.15652789175510406,True,False,False,False
STRAIN_000846,1,TIGHTBLOCK50,342,4,0.9903888702392578,0.009611129760742188,0.13864439725875854,True,False,False,False
STRAIN_000846,1,TIGHTBLOCK50,442,5,0.9903173446655273,0.009682655334472656,0.13915951550006866,True,False,False,False
STRAIN_000848,1,TIGHTBLOCK50,42,1,0.9909422397613525,0.009057760238647461,0.13459345698356628,True,False,False,False
STRAIN_000848,1,TIGHTBLOCK50,142,2,0.9892053008079529,0.01079469919204712,0.14693346619606018,True,False,False,False
STRAIN_000848,1,TIGHTBLOCK50,242,3,0.9894297122955322,0.010570287704467773,0.14539796113967896,True,False,False,False
STRAIN_000848,1,TIGHTBLOCK50,342,4,0.987999677658081,0.012000322341918945,0.1549212634563446,True,False,False,False
STRAIN_000848,1,TIGHTBLOCK50,442,5,0.989372193813324,0.010627806186676025,0.1457929164171219,True,False,False,False
STRAIN_000849,1,TIGHTBLOCK50,42,1,0.9860735535621643,0.013926446437835693,0.16689179837703705,True,False,False,False
STRAIN_000849,1,TIGHTBLOCK50,142,2,0.9881080389022827,0.011891961097717285,0.1542210578918457,True,False,False,False
STRAIN_000849,1,TIGHTBLOCK50,242,3,0.9887473583221436,0.011252641677856445,0.15001820027828217,True,False,False,False
STRAIN_000849,1,TIGHTBLOCK50,342,4,0.9885758757591248,0.011424124240875244,0.1511567234992981,True,False,False,False
STRAIN_000849,1,TIGHTBLOCK50,442,5,0.9892035722732544,0.010796427726745605,0.14694520831108093,True,False,False,False
STRAIN_000850,1,TIGHTBLOCK50,42,1,0.9922895431518555,0.007710456848144531,0.124180868268013,True,False,False,False
STRAIN_000850,1,TIGHTBLOCK50,142,2,0.9926590919494629,0.007340908050537109,0.12116827070713043,True,False,False,False
STRAIN_000850,1,TIGHTBLOCK50,242,3,0.9934525489807129,0.006547451019287109,0.11443238705396652,True,False,False,False
STRAIN_000850,1,TIGHTBLOCK50,342,4,0.990432620048523,0.00956737995147705,0.13832812011241913,True,False,False,False
STRAIN_000850,1,TIGHTBLOCK50,442,5,0.9926037788391113,0.007396221160888672,0.12162388861179352,True,False,False,False
STRAIN_000854,1,TIGHTBLOCK50,42,1,0.9898124933242798,0.010187506675720215,0.14274123311042786,True,False,False,False
STRAIN_000854,1,TIGHTBLOCK50,142,2,0.9919583201408386,0.008041679859161377,0.12681998312473297,True,False,False,False
STRAIN_000854,1,TIGHTBLOCK50,242,3,0.9926046133041382,0.007395386695861816,0.12161833047866821,True,False,False,False
STRAIN_000854,1,TIGHTBLOCK50,342,4,0.9918212294578552,0.008178770542144775,0.12789689004421234,True,False,False,False
STRAIN_000854,1,TIGHTBLOCK50,442,5,0.9901349544525146,0.009865045547485352,0.14046400785446167,True,False,False,False
STRAIN_000857,1,TIGHTBLOCK50,42,1,0.9916239380836487,0.008376061916351318,0.12942959368228912,True,False,False,False
STRAIN_000857,1,TIGHTBLOCK50,142,2,0.9906874895095825,0.00931251049041748,0.13647279143333435,True,False,False,False
STRAIN_000857,1,TIGHTBLOCK50,242,3,0.9924166202545166,0.0075833797454833984,0.12315327674150467,True,False,False,False
STRAIN_000857,1,TIGHTBLOCK50,342,4,0.9934074878692627,0.006592512130737305,0.11482563614845276,True,False,False,False
STRAIN_000857,1,TIGHTBLOCK50,442,5,0.991142749786377,0.008857250213623047,0.1330956518650055,True,False,False,False
STRAIN_000859,1,TIGHTBLOCK50,42,1,0.9902742505073547,0.009725749492645264,0.13946868479251862,True,False,False,False
STRAIN_000859,1,TIGHTBLOCK50,142,2,0.9907461404800415,0.009253859519958496,0.13604295253753662,True,False,False,False
STRAIN_000859,1,TIGHTBLOCK50,242,3,0.990535318851471,0.009464681148529053,0.13758401572704315,True,False,False,False
STRAIN_000859,1,TIGHTBLOCK50,342,4,0.9902584552764893,0.009741544723510742,0.1395820826292038,True,False,False,False
STRAIN_000859,1,TIGHTBLOCK50,442,5,0.9911675453186035,0.008832454681396484,0.13290977478027344,True,False,False,False
STRAIN_000862,1,TIGHTBLOCK50,42,1,0.9898501038551331,0.010149896144866943,0.14247754216194153,True,False,False,False
STRAIN_000862,1,TIGHTBLOCK50,142,2,0.9877558350563049,0.012244164943695068,0.1564878523349762,True,False,False,False
STRAIN_000862,1,TIGHTBLOCK50,242,3,0.9882519245147705,0.011748075485229492,0.15328477323055267,True,False,False,False
STRAIN_000862,1,TIGHTBLOCK50,342,4,0.9893832206726074,0.010616779327392578,0.1457175612449646,True,False,False,False
STRAIN_000862,1,TIGHTBLOCK50,442,5,0.988032341003418,0.011967658996582031,0.15471041202545166,True,False,False,False
STRAIN_000864,1,TIGHTBLOCK50,42,1,0.9878228306770325,0.01217716932296753,0.1560581475496292,True,False,False,False
STRAIN_000864,1,TIGHTBLOCK50,142,2,0.9879955053329468,0.012004494667053223,0.15494760870933533,True,False,False,False
STRAIN_000864,1,TIGHTBLOCK50,242,3,0.9880130290985107,0.011986970901489258,0.15483500063419342,True,False,False,False
STRAIN_000864,1,TIGHTBLOCK50,342,4,0.989088773727417,0.010911226272583008,0.14772415161132812,True,False,False,False
STRAIN_000864,1,TIGHTBLOCK50,442,5,0.9889683127403259,0.011031687259674072,0.14853675663471222,True,False,False,False
STRAIN_000865,1,TIGHTBLOCK50,42,1,0.9865131378173828,0.013486862182617188,0.16423636674880981,True,False,False,False
STRAIN_000865,1,TIGHTBLOCK50,142,2,0.9883524179458618,0.011647582054138184,0.15262749791145325,True,False,False,False
STRAIN_000865,1,TIGHTBLOCK50,242,3,0.9871882200241089,0.012811779975891113,0.16007345914840698,True,False,False,False
STRAIN_000865,1,TIGHTBLOCK50,342,4,0.984779953956604,0.015220046043395996,0.1744709014892578,True,False,False,False
STRAIN_000865,1,TIGHTBLOCK50,442,5,0.9865598678588867,0.013440132141113281,0.16395176947116852,True,False,False,False
STRAIN_000868,1,TIGHTBLOCK50,42,1,0.9924435615539551,0.007556438446044922,0.12293459475040436,True,False,False,False
STRAIN_000868,1,TIGHTBLOCK50,142,2,0.9920327067375183,0.00796729326248169,0.12623265385627747,True,False,False,False
STRAIN_000868,1,TIGHTBLOCK50,242,3,0.9937222003936768,0.006277799606323242,0.11205244809389114,True,False,False,False
STRAIN_000868,1,TIGHTBLOCK50,342,4,0.9931895136833191,0.006810486316680908,0.11670919507741928,True,False,False,False
STRAIN_000868,1,TIGHTBLOCK50,442,5,0.9925958514213562,0.007404148578643799,0.12168987840414047,True,False,False,False
STRAIN_000877,1,TIGHTBLOCK50,42,1,0.9865872859954834,0.013412714004516602,0.16378463804721832,True,False,False,False
STRAIN_000877,1,TIGHTBLOCK50,142,2,0.9860818386077881,0.013918161392211914,0.16684246063232422,True,False,False,False
STRAIN_000877,1,TIGHTBLOCK50,242,3,0.9876587986946106,0.012341201305389404,0.1571062058210373,True,False,False,False
STRAIN_000877,1,TIGHTBLOCK50,342,4,0.9875515699386597,0.012448430061340332,0.15778763592243195,True,False,False,False
STRAIN_000877,1,TIGHTBLOCK50,442,5,0.9863012433052063,0.013698756694793701,0.16552168130874634,True,False,False,False
STRAIN_000882,1,TIGHTBLOCK50,42,1,0.9912996292114258,0.008700370788574219,0.1319127082824707,True,False,False,False
STRAIN_000882,1,TIGHTBLOCK50,142,2,0.9901279807090759,0.009872019290924072,0.14051398634910583,True,False,False,False
STRAIN_000882,1,TIGHTBLOCK50,242,3,0.9903603792190552,0.009639620780944824,0.13885079324245453,True,False,False,False
STRAIN_000882,1,TIGHTBLOCK50,342,4,0.9885522723197937,0.011447727680206299,0.15131287276744843,True,False,False,False
STRAIN_000882,1,TIGHTBLOCK50,442,5,0.9898281097412109,0.010171890258789062,0.1426316350698471,True,False,False,False
STRAIN_000883,1,TIGHTBLOCK50,42,1,0.9921098351478577,0.007890164852142334,0.12561897933483124,True,False,False,False
STRAIN_000883,1,TIGHTBLOCK50,142,2,0.99382483959198,0.0061751604080200195,0.11113119125366211,True,False,False,False
STRAIN_000883,1,TIGHTBLOCK50,242,3,0.9936883449554443,0.006311655044555664,0.11235269904136658,True,False,False,False
STRAIN_000883,1,TIGHTBLOCK50,342,4,0.9931915998458862,0.0068084001541137695,0.11669071763753891,True,False,False,False
STRAIN_000883,1,TIGHTBLOCK50,442,5,0.9930917024612427,0.006908297538757324,0.11754342168569565,True,False,False,False
STRAIN_000884,1,TIGHTBLOCK50,42,1,0.9912580251693726,0.008741974830627441,0.13222667574882507,True,False,False,False
STRAIN_000884,1,TIGHTBLOCK50,142,2,0.9918398261070251,0.008160173892974854,0.12775136530399323,True,False,False,False
STRAIN_000884,1,TIGHTBLOCK50,242,3,0.9914840459823608,0.00851595401763916,0.13050664961338043,True,False,False,False
STRAIN_000884,1,TIGHTBLOCK50,342,4,0.9889453053474426,0.011054694652557373,0.14869233965873718,True,False,False,False
STRAIN_000884,1,TIGHTBLOCK50,442,5,0.9908044338226318,0.009195566177368164,0.13561421632766724,True,False,False,False
STRAIN_000887,1,TIGHTBLOCK50,42,1,0.989161491394043,0.010838508605957031,0.1472310721874237,True,False,False,False
STRAIN_000887,1,TIGHTBLOCK50,142,2,0.9874429702758789,0.012557029724121094,0.15847383439540863,True,False,False,False
STRAIN_000887,1,TIGHTBLOCK50,242,3,0.9878320693969727,0.012167930603027344,0.1560000330209732,True,False,False,False
STRAIN_000887,1,TIGHTBLOCK50,342,4,0.9868983030319214,0.013101696968078613,0.16187456250190735,True,False,False,False
STRAIN_000887,1,TIGHTBLOCK50,442,5,0.9886749386787415,0.011325061321258545,0.1504994034767151,True,False,False,False
STRAIN_000888,1,TIGHTBLOCK50,42,1,0.9882937073707581,0.011706292629241943,0.15301169455051422,True,False,False,False
STRAIN_000888,1,TIGHTBLOCK50,142,2,0.9880303144454956,0.011969685554504395,0.15472379326820374,True,False,False,False
STRAIN_000888,1,TIGHTBLOCK50,242,3,0.9867819547653198,0.013218045234680176,0.1625916063785553,True,False,False,False
STRAIN_000888,1,TIGHTBLOCK50,342,4,0.9862360954284668,0.013763904571533203,0.16591542959213257,True,False,False,False
STRAIN_000888,1,TIGHTBLOCK50,442,5,0.9874687790870667,0.01253122091293335,0.15831148624420166,True,False,False,False
STRAIN_000897,1,TIGHTBLOCK50,42,1,0.9916589260101318,0.008341073989868164,0.12915967404842377,True,False,False,False
STRAIN_000897,1,TIGHTBLOCK50,142,2,0.9938560128211975,0.00614398717880249,0.11085061728954315,True,False,False,False
STRAIN_000897,1,TIGHTBLOCK50,242,3,0.9900240898132324,0.009975910186767578,0.14125075936317444,True,False,False,False
STRAIN_000897,1,TIGHTBLOCK50,342,4,0.9925390481948853,0.007460951805114746,0.122154101729393,True,False,False,False
STRAIN_000897,1,TIGHTBLOCK50,442,5,0.9934391975402832,0.006560802459716797,0.11454906314611435,True,False,False,False
STRAIN_000898,1,TIGHTBLOCK50,42,1,0.9901118278503418,0.009888172149658203,0.1406283676624298,True,False,False,False
STRAIN_000898,1,TIGHTBLOCK50,142,2,0.988897442817688,0.011102557182312012,0.14901329576969147,True,False,False,False
STRAIN_000898,1,TIGHTBLOCK50,242,3,0.9892951846122742,0.01070481538772583,0.1463198959827423,True,False,False,False
STRAIN_000898,1,TIGHTBLOCK50,342,4,0.9872591495513916,0.012740850448608398,0.1596297174692154,True,False,False,False
STRAIN_000898,1,TIGHTBLOCK50,442,5,0.9882848262786865,0.011715173721313477,0.15307003259658813,True,False,False,False
STRAIN_000899,1,TIGHTBLOCK50,42,1,0.9896567463874817,0.01034325361251831,0.14382793009281158,True,False,False,False
STRAIN_000899,1,TIGHTBLOCK50,142,2,0.9899061918258667,0.0100938081741333,0.14208345115184784,True,False,False,False
STRAIN_000899,1,TIGHTBLOCK50,242,3,0.9896290302276611,0.010370969772338867,0.14402072131633759,True,False,False,False
STRAIN_000899,1,TIGHTBLOCK50,342,4,0.9900808334350586,0.009919166564941406,0.14084872603416443,True,False,False,False
STRAIN_000899,1,TIGHTBLOCK50,442,5,0.9897758960723877,0.010224103927612305,0.1429966241121292,True,False,False,False
STRAIN_000902,1,TIGHTBLOCK50,42,1,0.9894450902938843,0.010554909706115723,0.1452917903661728,True,False,False,False
STRAIN_000902,1,TIGHTBLOCK50,142,2,0.9895973205566406,0.010402679443359375,0.14424030482769012,True,False,False,False
STRAIN_000902,1,TIGHTBLOCK50,242,3,0.9895464181900024,0.010453581809997559,0.14459221065044403,True,False,False,False
STRAIN_000902,1,TIGHTBLOCK50,342,4,0.9913188219070435,0.008681178092956543,0.13176599144935608,True,False,False,False
STRAIN_000902,1,TIGHTBLOCK50,442,5,0.9895453453063965,0.010454654693603516,0.14460019767284393,True,False,False,False
STRAIN_000906,1,TIGHTBLOCK50,42,1,0.9941063523292542,0.00589364767074585,0.10856834053993225,True,False,False,False
STRAIN_000906,1,TIGHTBLOCK50,142,2,0.9927164316177368,0.007283568382263184,0.1206945925951004,True,False,False,False
STRAIN_000906,1,TIGHTBLOCK50,242,3,0.992393434047699,0.007606565952301025,0.1233416348695755,True,False,False,False
STRAIN_000906,1,TIGHTBLOCK50,342,4,0.9932658672332764,0.006734132766723633,0.11605287343263626,True,False,False,False
STRAIN_000906,1,TIGHTBLOCK50,442,5,0.9917304515838623,0.008269548416137695,0.12860386073589325,True,False,False,False
STRAIN_000909,1,TIGHTBLOCK50,42,1,0.9902967810630798,0.009703218936920166,0.13930732011795044,True,False,False,False
STRAIN_000909,1,TIGHTBLOCK50,142,2,0.9897764921188354,0.01022350788116455,0.1429934799671173,True,False,False,False
STRAIN_000909,1,TIGHTBLOCK50,242,3,0.9894593954086304,0.010540604591369629,0.14519356191158295,True,False,False,False
STRAIN_000909,1,TIGHTBLOCK50,342,4,0.9891513586044312,0.010848641395568848,0.14729982614517212,True,False,False,False
STRAIN_000909,1,TIGHTBLOCK50,442,5,0.9903188943862915,0.009681105613708496,0.13914772868156433,True,False,False,False
STRAIN_000913,1,TIGHTBLOCK50,42,1,0.9896531105041504,0.01034688949584961,0.14385297894477844,True,False,False,False
STRAIN_000913,1,TIGHTBLOCK50,142,2,0.9895172119140625,0.0104827880859375,0.14479534327983856,True,False,False,False
STRAIN_000913,1,TIGHTBLOCK50,242,3,0.9889540076255798,0.011045992374420166,0.14863333106040955,True,False,False,False
STRAIN_000913,1,TIGHTBLOCK50,342,4,0.988425612449646,0.011574387550354004,0.15214744210243225,True,False,False,False
STRAIN_000913,1,TIGHTBLOCK50,442,5,0.9891949892044067,0.010805010795593262,0.14700303971767426,True,False,False,False
STRAIN_000920,1,TIGHTBLOCK50,42,1,0.9856958985328674,0.014304101467132568,0.16913945972919464,True,False,False,False
STRAIN_000920,1,TIGHTBLOCK50,142,2,0.9850388765335083,0.0149611234664917,0.1729801595211029,True,False,False,False
STRAIN_000920,1,TIGHTBLOCK50,242,3,0.9870402812957764,0.012959718704223633,0.16099493205547333,True,False,False,False
STRAIN_000920,1,TIGHTBLOCK50,342,4,0.9881057739257812,0.01189422607421875,0.1542351096868515,True,False,False,False
STRAIN_000920,1,TIGHTBLOCK50,442,5,0.9856085777282715,0.014391422271728516,0.16965524852275848,True,False,False,False
STRAIN_000924,1,TIGHTBLOCK50,42,1,0.9883537888526917,0.01164621114730835,0.15261831879615784,True,False,False,False
STRAIN_000924,1,TIGHTBLOCK50,142,2,0.9886716604232788,0.011328339576721191,0.15052169561386108,True,False,False,False
STRAIN_000924,1,TIGHTBLOCK50,242,3,0.9887481927871704,0.01125180721282959,0.15001186728477478,True,False,False,False
STRAIN_000924,1,TIGHTBLOCK50,342,4,0.9870173335075378,0.012982666492462158,0.16113761067390442,True,False,False,False
STRAIN_000924,1,TIGHTBLOCK50,442,5,0.9893213510513306,0.010678648948669434,0.14614085853099823,True,False,False,False
STRAIN_000927,1,TIGHTBLOCK50,42,1,0.9928013682365417,0.007198631763458252,0.11998899281024933,True,False,False,False
STRAIN_000927,1,TIGHTBLOCK50,142,2,0.9909260272979736,0.009073972702026367,0.13471467792987823,True,False,False,False
STRAIN_000927,1,TIGHTBLOCK50,242,3,0.9902068972587585,0.009793102741241455,0.13995030522346497,True,False,False,False
STRAIN_000927,1,TIGHTBLOCK50,342,4,0.991192102432251,0.008807897567749023,0.13272437453269958,True,False,False,False
STRAIN_000927,1,TIGHTBLOCK50,442,5,0.9930316805839539,0.006968319416046143,0.11805348843336105,True,False,False,False
STRAIN_000928,1,TIGHTBLOCK50,42,1,0.9874177575111389,0.012582242488861084,0.15863285958766937,True,False,False,False
STRAIN_000928,1,TIGHTBLOCK50,142,2,0.9877520799636841,0.012247920036315918,0.15651163458824158,True,False,False,False
STRAIN_000928,1,TIGHTBLOCK50,242,3,0.9868443608283997,0.013155639171600342,0.16220739483833313,True,False,False,False
STRAIN_000928,1,TIGHTBLOCK50,342,4,0.9865642786026001,0.013435721397399902,0.1639246791601181,True,False,False,False
STRAIN_000928,1,TIGHTBLOCK50,442,5,0.9845137596130371,0.01548624038696289,0.17599031329154968,True,False,False,False
STRAIN_000932,1,TIGHTBLOCK50,42,1,0.9891419410705566,0.01085805892944336,0.14736385643482208,True,False,False,False
STRAIN_000932,1,TIGHTBLOCK50,142,2,0.9896038770675659,0.010396122932434082,0.1441953033208847,True,False,False,False
STRAIN_000932,1,TIGHTBLOCK50,242,3,0.9905568361282349,0.009443163871765137,0.13742730021476746,True,False,False,False
STRAIN_000932,1,TIGHTBLOCK50,342,4,0.9906231164932251,0.009376883506774902,0.1369444876909256,True,False,False,False
STRAIN_000932,1,TIGHTBLOCK50,442,5,0.9911531209945679,0.008846879005432129,0.13301822543144226,True,False,False,False
STRAIN_000935,1,TIGHTBLOCK50,42,1,0.9910240769386292,0.00897592306137085,0.13398458063602448,True,False,False,False
STRAIN_000935,1,TIGHTBLOCK50,142,2,0.9875428676605225,0.012457132339477539,0.1578427404165268,True,False,False,False
STRAIN_000935,1,TIGHTBLOCK50,242,3,0.9885175824165344,0.011482417583465576,0.1515413522720337,True,False,False,False
STRAIN_000935,1,TIGHTBLOCK50,342,4,0.9896606802940369,0.010339319705963135,0.14380115270614624,True,False,False,False
STRAIN_000935,1,TIGHTBLOCK50,442,5,0.9900208711624146,0.00997912883758545,0.14127348363399506,True,False,False,False
STRAIN_000938,1,TIGHTBLOCK50,42,1,0.9872387051582336,0.012761294841766357,0.159758061170578,True,False,False,False
STRAIN_000938,1,TIGHTBLOCK50,142,2,0.9886207580566406,0.011379241943359375,0.15085935592651367,True,False,False,False
STRAIN_000938,1,TIGHTBLOCK50,242,3,0.9886929988861084,0.011307001113891602,0.15037968754768372,True,False,False,False
STRAIN_000938,1,TIGHTBLOCK50,342,4,0.9894981384277344,0.010501861572265625,0.14492689073085785,True,False,False,False
STRAIN_000938,1,TIGHTBLOCK50,442,5,0.9893027544021606,0.010697245597839355,0.1462683081626892,True,False,False,False
STRAIN_000939,1,TIGHTBLOCK50,42,1,0.9937199950218201,0.006280004978179932,0.11207133531570435,True,False,False,False
STRAIN_000939,1,TIGHTBLOCK50,142,2,0.993212878704071,0.006787121295928955,0.11650784313678741,True,False,False,False
STRAIN_000939,1,TIGHTBLOCK50,242,3,0.9915714263916016,0.008428573608398438,0.12983505427837372,True,False,False,False
STRAIN_000939,1,TIGHTBLOCK50,342,4,0.9942206144332886,0.005779385566711426,0.1075117290019989,True,False,False,False
STRAIN_000939,1,TIGHTBLOCK50,442,5,0.9926362037658691,0.007363796234130859,0.12135696411132812,True,False,False,False
STRAIN_000942,1,TIGHTBLOCK50,42,1,0.991186797618866,0.008813202381134033,0.1327643096446991,True,False,False,False
STRAIN_000942,1,TIGHTBLOCK50,142,2,0.9908725023269653,0.009127497673034668,0.1351107656955719,True,False,False,False
STRAIN_000942,1,TIGHTBLOCK50,242,3,0.9896135926246643,0.010386407375335693,0.1441277414560318,True,False,False,False
STRAIN_000942,1,TIGHTBLOCK50,342,4,0.9893655776977539,0.010634422302246094,0.14583848416805267,True,False,False,False
STRAIN_000942,1,TIGHTBLOCK50,442,5,0.9911268949508667,0.0088731050491333,0.13321450352668762,True,False,False,False
STRAIN_000945,1,TIGHTBLOCK50,42,1,0.9914652705192566,0.008534729480743408,0.13064996898174286,True,False,False,False
STRAIN_000945,1,TIGHTBLOCK50,142,2,0.9924036264419556,0.007596373558044434,0.12325958162546158,True,False,False,False
STRAIN_000945,1,TIGHTBLOCK50,242,3,0.9930729866027832,0.006927013397216797,0.11770327389240265,True,False,False,False
STRAIN_000945,1,TIGHTBLOCK50,342,4,0.9928659200668335,0.007134079933166504,0.11945003271102905,True,False,False,False
STRAIN_000945,1,TIGHTBLOCK50,442,5,0.9907181262969971,0.00928187370300293,0.13624943792819977,True,False,False,False
STRAIN_000946,1,TIGHTBLOCK50,42,1,0.9886986017227173,0.011301398277282715,0.15034189820289612,True,False,False,False
STRAIN_000946,1,TIGHTBLOCK50,142,2,0.9879429936408997,0.012057006359100342,0.15528689324855804,True,False,False,False
STRAIN_000946,1,TIGHTBLOCK50,242,3,0.9896567463874817,0.01034325361251831,0.14382842183113098,True,False,False,False
STRAIN_000946,1,TIGHTBLOCK50,342,4,0.9874874353408813,0.012512564659118652,0.15819302201271057,True,False,False,False
STRAIN_000946,1,TIGHTBLOCK50,442,5,0.9901384115219116,0.009861588478088379,0.14043936133384705,True,False,False,False
STRAIN_000949,1,TIGHTBLOCK50,42,1,0.9896387457847595,0.010361254215240479,0.14395350217819214,True,False,False,False
STRAIN_000949,1,TIGHTBLOCK50,142,2,0.988463282585144,0.011536717414855957,0.15189912915229797,True,False,False,False
STRAIN_000949,1,TIGHTBLOCK50,242,3,0.9881519079208374,0.011848092079162598,0.15393538773059845,True,False,False,False
STRAIN_000949,1,TIGHTBLOCK50,342,4,0.9898776412010193,0.010122358798980713,0.1422838717699051,True,False,False,False
STRAIN_000949,1,TIGHTBLOCK50,442,5,0.9903315901756287,0.009668409824371338,0.13905654847621918,True,False,False,False
STRAIN_000951,1,TIGHTBLOCK50,42,1,0.9937074184417725,0.006292581558227539,0.11218379437923431,True,False,False,False
STRAIN_000951,1,TIGHTBLOCK50,142,2,0.9930654764175415,0.006934523582458496,0.11776646226644516,True,False,False,False
STRAIN_000951,1,TIGHTBLOCK50,242,3,0.9934014678001404,0.006598532199859619,0.11487848311662674,True,False,False,False
STRAIN_000951,1,TIGHTBLOCK50,342,4,0.9912124872207642,0.00878751277923584,0.13257119059562683,True,False,False,False
STRAIN_000951,1,TIGHTBLOCK50,442,5,0.9910957217216492,0.00890427827835083,0.13344909250736237,True,False,False,False
STRAIN_000957,1,TIGHTBLOCK50,42,1,0.991589367389679,0.008410632610321045,0.12969690561294556,True,False,False,False
STRAIN_000957,1,TIGHTBLOCK50,142,2,0.992617130279541,0.007382869720458984,0.12151455134153366,True,False,False,False
STRAIN_000957,1,TIGHTBLOCK50,242,3,0.9899039268493652,0.010096073150634766,0.14209948480129242,True,False,False,False
STRAIN_000957,1,TIGHTBLOCK50,342,4,0.994612455368042,0.005387544631958008,0.10380350053310394,True,False,False,False
STRAIN_000957,1,TIGHTBLOCK50,442,5,0.994730532169342,0.005269467830657959,0.10265903919935226,True,False,False,False
STRAIN_000958,1,TIGHTBLOCK50,42,1,0.9959933161735535,0.004006683826446533,0.08951886743307114,True,False,False,False
STRAIN_000958,1,TIGHTBLOCK50,142,2,0.992863655090332,0.007136344909667969,0.11946891248226166,True,False,False,False
STRAIN_000958,1,TIGHTBLOCK50,242,3,0.9898650646209717,0.01013493537902832,0.14237242937088013,True,False,False,False
STRAIN_000958,1,TIGHTBLOCK50,342,4,0.9935619831085205,0.006438016891479492,0.11347360908985138,True,False,False,False
STRAIN_000958,1,TIGHTBLOCK50,442,5,0.9907455444335938,0.00925445556640625,0.13604779541492462,True,False,False,False
STRAIN_000959,1,TIGHTBLOCK50,42,1,0.9926016330718994,0.007398366928100586,0.12164187431335449,True,False,False,False
STRAIN_000959,1,TIGHTBLOCK50,142,2,0.9918069839477539,0.008193016052246094,0.12800751626491547,True,False,False,False
STRAIN_000959,1,TIGHTBLOCK50,242,3,0.9919575452804565,0.008042454719543457,0.1268264651298523,True,False,False,False
STRAIN_000959,1,TIGHTBLOCK50,342,4,0.9912732839584351,0.008726716041564941,0.13211092352867126,True,False,False,False
STRAIN_000959,1,TIGHTBLOCK50,442,5,0.9929853081703186,0.0070146918296813965,0.11844460666179657,True,False,False,False
STRAIN_000964,1,TIGHTBLOCK50,42,1,0.9923219680786133,0.007678031921386719,0.12391957640647888,True,False,False,False
STRAIN_000964,1,TIGHTBLOCK50,142,2,0.9943675994873047,0.0056324005126953125,0.1061352863907814,True,False,False,False
STRAIN_000964,1,TIGHTBLOCK50,242,3,0.9925691485404968,0.007430851459503174,0.12190835177898407,True,False,False,False
STRAIN_000964,1,TIGHTBLOCK50,342,4,0.9939022660255432,0.006097733974456787,0.11043325066566467,True,False,False,False
STRAIN_000964,1,TIGHTBLOCK50,442,5,0.9937001466751099,0.006299853324890137,0.11224854737520218,True,False,False,False
STRAIN_000970,1,TIGHTBLOCK50,42,1,0.9940332174301147,0.005966782569885254,0.10924032330513,True,False,False,False
STRAIN_000970,1,TIGHTBLOCK50,142,2,0.9927178621292114,0.007282137870788574,0.12068286538124084,True,False,False,False
STRAIN_000970,1,TIGHTBLOCK50,242,3,0.993183970451355,0.0068160295486450195,0.11675649881362915,True,False,False,False
STRAIN_000970,1,TIGHTBLOCK50,342,4,0.9932806491851807,0.006719350814819336,0.11592559516429901,True,False,False,False
STRAIN_000970,1,TIGHTBLOCK50,442,5,0.9933519959449768,0.006648004055023193,0.11530822515487671,True,False,False,False
STRAIN_000976,1,TIGHTBLOCK50,42,1,0.9932063221931458,0.006793677806854248,0.1165652945637703,True,False,False,False
STRAIN_000976,1,TIGHTBLOCK50,142,2,0.9926235675811768,0.007376432418823242,0.12146265059709549,True,False,False,False
STRAIN_000976,1,TIGHTBLOCK50,242,3,0.9923731684684753,0.007626831531524658,0.12350580096244812,True,False,False,False
STRAIN_000976,1,TIGHTBLOCK50,342,4,0.9923100471496582,0.007689952850341797,0.12401603907346725,True,False,False,False
STRAIN_000976,1,TIGHTBLOCK50,442,5,0.9919577836990356,0.008042216300964355,0.12682455778121948,True,False,False,False
STRAIN_000977,1,TIGHTBLOCK50,42,1,0.9890913367271423,0.010908663272857666,0.14770643413066864,True,False,False,False
STRAIN_000977,1,TIGHTBLOCK50,142,2,0.9888158440589905,0.011184155941009521,0.14956054091453552,True,False,False,False
STRAIN_000977,1,TIGHTBLOCK50,242,3,0.9876683950424194,0.012331604957580566,0.15704482793807983,True,False,False,False
STRAIN_000977,1,TIGHTBLOCK50,342,4,0.9894595742225647,0.010540425777435303,0.14519253373146057,True,False,False,False
STRAIN_000977,1,TIGHTBLOCK50,442,5,0.987847626209259,0.012152373790740967,0.1559002697467804,True,False,False,False
STRAIN_000980,1,TIGHTBLOCK50,42,1,0.9888641834259033,0.01113581657409668,0.14923687279224396,True,False,False,False
STRAIN_000980,1,TIGHTBLOCK50,142,2,0.9893884062767029,0.01061159372329712,0.1456819623708725,True,False,False,False
STRAIN_000980,1,TIGHTBLOCK50,242,3,0.9880191087722778,0.011980891227722168,0.15479595959186554,True,False,False,False
STRAIN_000980,1,TIGHTBLOCK50,342,4,0.9868820905685425,0.01311790943145752,0.1619747430086136,True,False,False,False
STRAIN_000980,1,TIGHTBLOCK50,442,5,0.9876205921173096,0.01237940788269043,0.15734870731830597,True,False,False,False
STRAIN_000989,1,TIGHTBLOCK50,42,1,0.9917293787002563,0.008270621299743652,0.12861268222332,True,False,False,False
STRAIN_000989,1,TIGHTBLOCK50,142,2,0.9893097281455994,0.010690271854400635,0.1462206095457077,True,False,False,False
STRAIN_000989,1,TIGHTBLOCK50,242,3,0.9906836748123169,0.009316325187683105,0.13650168478488922,True,False,False,False
STRAIN_000989,1,TIGHTBLOCK50,342,4,0.9906727075576782,0.009327292442321777,0.13658173382282257,True,False,False,False
STRAIN_000989,1,TIGHTBLOCK50,442,5,0.9920011758804321,0.007998824119567871,0.1264815479516983,True,False,False,False
STRAIN_000990,1,TIGHTBLOCK50,42,1,0.993600606918335,0.006399393081665039,0.11313223093748093,True,False,False,False
STRAIN_000990,1,TIGHTBLOCK50,142,2,0.9936891198158264,0.006310880184173584,0.11234698444604874,True,False,False,False
STRAIN_000990,1,TIGHTBLOCK50,242,3,0.9928684234619141,0.0071315765380859375,0.11942857503890991,True,False,False,False
STRAIN_000990,1,TIGHTBLOCK50,342,4,0.9920420050621033,0.007957994937896729,0.12615886330604553,True,False,False,False
STRAIN_000990,1,TIGHTBLOCK50,442,5,0.9926305413246155,0.0073694586753845215,0.12140446156263351,True,False,False,False
STRAIN_000994,1,TIGHTBLOCK50,42,1,0.9899207353591919,0.010079264640808105,0.1419815719127655,True,False,False,False
STRAIN_000994,1,TIGHTBLOCK50,142,2,0.9920260906219482,0.007973909378051758,0.12628516554832458,True,False,False,False
STRAIN_000994,1,TIGHTBLOCK50,242,3,0.988955557346344,0.011044442653656006,0.14862386882305145,True,False,False,False
STRAIN_000994,1,TIGHTBLOCK50,342,4,0.99205482006073,0.00794517993927002,0.12605707347393036,True,False,False,False
STRAIN_000994,1,TIGHTBLOCK50,442,5,0.991736888885498,0.008263111114501953,0.1285545527935028,True,False,False,False
STRAIN_001005,1,TIGHTBLOCK50,42,1,0.9930820465087891,0.0069179534912109375,0.11762560904026031,True,False,False,False
STRAIN_001005,1,TIGHTBLOCK50,142,2,0.993015706539154,0.006984293460845947,0.11818873137235641,True,False,False,False
STRAIN_001005,1,TIGHTBLOCK50,242,3,0.9929721355438232,0.007027864456176758,0.11855653673410416,True,False,False,False
STRAIN_001005,1,TIGHTBLOCK50,342,4,0.9932196736335754,0.0067803263664245605,0.11644965410232544,True,False,False,False
STRAIN_001005,1,TIGHTBLOCK50,442,5,0.9912683963775635,0.008731603622436523,0.13214854896068573,True,False,False,False
STRAIN_001006,1,TIGHTBLOCK50,42,1,0.9923481941223145,0.007651805877685547,0.12370762974023819,True,False,False,False
STRAIN_001006,1,TIGHTBLOCK50,142,2,0.9931982755661011,0.006801724433898926,0.11663345992565155,True,False,False,False
STRAIN_001006,1,TIGHTBLOCK50,242,3,0.9925757646560669,0.0074242353439331055,0.12185436487197876,True,False,False,False
STRAIN_001006,1,TIGHTBLOCK50,342,4,0.9929773211479187,0.007022678852081299,0.11851333826780319,True,False,False,False
STRAIN_001006,1,TIGHTBLOCK50,442,5,0.9932819604873657,0.006718039512634277,0.11591438204050064,True,False,False,False
STRAIN_001007,1,TIGHTBLOCK50,42,1,0.9916722774505615,0.008327722549438477,0.12905597686767578,True,False,False,False
STRAIN_001007,1,TIGHTBLOCK50,142,2,0.9905129671096802,0.009487032890319824,0.13774549961090088,True,False,False,False
STRAIN_001007,1,TIGHTBLOCK50,242,3,0.9904186725616455,0.009581327438354492,0.13842932879924774,True,False,False,False
STRAIN_001007,1,TIGHTBLOCK50,342,4,0.9913989305496216,0.008601069450378418,0.13115628063678741,True,False,False,False
STRAIN_001007,1,TIGHTBLOCK50,442,5,0.9914398193359375,0.0085601806640625,0.1308450847864151,True,False,False,False
STRAIN_001014,1,TIGHTBLOCK50,42,1,0.9918574690818787,0.008142530918121338,0.12761290371418,True,False,False,False
STRAIN_001014,1,TIGHTBLOCK50,142,2,0.9915985465049744,0.008401453495025635,0.12962613999843597,True,False,False,False
STRAIN_001014,1,TIGHTBLOCK50,242,3,0.9869212508201599,0.013078749179840088,0.161732479929924,True,False,False,False
STRAIN_001014,1,TIGHTBLOCK50,342,4,0.9922567009925842,0.0077432990074157715,0.12444543093442917,True,False,False,False
STRAIN_001014,1,TIGHTBLOCK50,442,5,0.9899393916130066,0.010060608386993408,0.14184924960136414,True,False,False,False
STRAIN_001018,1,TIGHTBLOCK50,42,1,0.9915138483047485,0.008486151695251465,0.1302788108587265,True,False,False,False
STRAIN_001018,1,TIGHTBLOCK50,142,2,0.993780255317688,0.006219744682312012,0.11153226345777512,True,False,False,False
STRAIN_001018,1,TIGHTBLOCK50,242,3,0.9919711351394653,0.008028864860534668,0.12671881914138794,True,False,False,False
STRAIN_001018,1,TIGHTBLOCK50,342,4,0.9902198910713196,0.00978010892868042,0.13985809683799744,True,False,False,False
STRAIN_001018,1,TIGHTBLOCK50,442,5,0.9919589161872864,0.008041083812713623,0.12681527435779572,True,False,False,False
STRAIN_001021,1,TIGHTBLOCK50,42,1,0.9878288507461548,0.012171149253845215,0.15602007508277893,True,False,False,False
STRAIN_001021,1,TIGHTBLOCK50,142,2,0.9877020120620728,0.012297987937927246,0.15683120489120483,True,False,False,False
STRAIN_001021,1,TIGHTBLOCK50,242,3,0.9906370639801025,0.009362936019897461,0.13684216141700745,True,False,False,False
STRAIN_001021,1,TIGHTBLOCK50,342,4,0.9879134297370911,0.012086570262908936,0.15547674894332886,True,False,False,False
STRAIN_001021,1,TIGHTBLOCK50,442,5,0.9895145297050476,0.010485470294952393,0.14481279253959656,True,False,False,False
STRAIN_001025,1,TIGHTBLOCK50,42,1,0.9953207969665527,0.004679203033447266,0.09673772007226944,True,False,False,False
STRAIN_001025,1,TIGHTBLOCK50,142,2,0.9942007660865784,0.005799233913421631,0.10769575834274292,True,False,False,False
STRAIN_001025,1,TIGHTBLOCK50,242,3,0.9941937923431396,0.0058062076568603516,0.107760488986969,True,False,False,False
STRAIN_001025,1,TIGHTBLOCK50,342,4,0.9944663047790527,0.005533695220947266,0.10520108044147491,True,False,False,False
STRAIN_001025,1,TIGHTBLOCK50,442,5,0.9938347339630127,0.006165266036987305,0.11104205995798111,True,False,False,False
