strain_entity_id,outer_fold,control_type,seed,replicate,cosine_TRUE_control,embedding_displacement,l2_distance,fold_matched_lineage95_encoder,phenotype_labels_used,encoder_retrained,encoder_finetuned
STRAIN_000016,3,LOCAL_W10,42,1,0.9415065050125122,0.05849349498748779,0.3420335054397583,True,False,False,False
STRAIN_000016,3,LOCAL_W10,142,2,0.9394462704658508,0.06055372953414917,0.34800466895103455,True,False,False,False
STRAIN_000016,3,LOCAL_W10,242,3,0.9317733645439148,0.0682266354560852,0.36939576268196106,True,False,False,False
STRAIN_000016,3,LOCAL_W10,342,4,0.9293056130409241,0.07069438695907593,0.37601685523986816,True,False,False,False
STRAIN_000016,3,LOCAL_W10,442,5,0.9367567896842957,0.06324321031570435,0.3556489944458008,True,False,False,False
STRAIN_000056,3,LOCAL_W10,42,1,0.94419264793396,0.05580735206604004,0.33408793807029724,True,False,False,False
STRAIN_000056,3,LOCAL_W10,142,2,0.9449962973594666,0.05500370264053345,0.33167365193367004,True,False,False,False
STRAIN_000056,3,LOCAL_W10,242,3,0.9400190114974976,0.05998098850250244,0.3463551700115204,True,False,False,False
STRAIN_000056,3,LOCAL_W10,342,4,0.9516265392303467,0.04837346076965332,0.311041921377182,True,False,False,False
STRAIN_000056,3,LOCAL_W10,442,5,0.953616738319397,0.04638326168060303,0.30457600951194763,True,False,False,False
STRAIN_000057,3,LOCAL_W10,42,1,0.9411298632621765,0.058870136737823486,0.3431326448917389,True,False,False,False
STRAIN_000057,3,LOCAL_W10,142,2,0.9420199394226074,0.05798006057739258,0.3405289947986603,True,False,False,False
STRAIN_000057,3,LOCAL_W10,242,3,0.9438436627388,0.05615633726119995,0.33513057231903076,True,False,False,False
STRAIN_000057,3,LOCAL_W10,342,4,0.9368830323219299,0.06311696767807007,0.35529422760009766,True,False,False,False
STRAIN_000057,3,LOCAL_W10,442,5,0.9431139230728149,0.05688607692718506,0.3373013138771057,True,False,False,False
STRAIN_000062,3,LOCAL_W10,42,1,0.936395525932312,0.06360447406768799,0.3566637635231018,True,False,False,False
STRAIN_000062,3,LOCAL_W10,142,2,0.9400330185890198,0.059966981410980225,0.3463146984577179,True,False,False,False
STRAIN_000062,3,LOCAL_W10,242,3,0.9267554879188538,0.07324451208114624,0.3827388882637024,True,False,False,False
STRAIN_000062,3,LOCAL_W10,342,4,0.9323867559432983,0.06761324405670166,0.3677314519882202,True,False,False,False
STRAIN_000062,3,LOCAL_W10,442,5,0.9430709481239319,0.056929051876068115,0.3374286890029907,True,False,False,False
STRAIN_000064,3,LOCAL_W10,42,1,0.9547290802001953,0.04527091979980469,0.3009014427661896,True,False,False,False
STRAIN_000064,3,LOCAL_W10,142,2,0.9585463404655457,0.041453659534454346,0.2879360020160675,True,False,False,False
STRAIN_000064,3,LOCAL_W10,242,3,0.9478647708892822,0.05213522911071777,0.32290926575660706,True,False,False,False
STRAIN_000064,3,LOCAL_W10,342,4,0.9544214010238647,0.045578598976135254,0.30192241072654724,True,False,False,False
STRAIN_000064,3,LOCAL_W10,442,5,0.9476562738418579,0.05234372615814209,0.3235543668270111,True,False,False,False
STRAIN_000070,3,LOCAL_W10,42,1,0.949771523475647,0.05022847652435303,0.3169495761394501,True,False,False,False
STRAIN_000070,3,LOCAL_W10,142,2,0.937849760055542,0.06215023994445801,0.3525630235671997,True,False,False,False
STRAIN_000070,3,LOCAL_W10,242,3,0.9378595352172852,0.062140464782714844,0.3525351285934448,True,False,False,False
STRAIN_000070,3,LOCAL_W10,342,4,0.9422226548194885,0.057777345180511475,0.33993351459503174,True,False,False,False
STRAIN_000070,3,LOCAL_W10,442,5,0.9429706335067749,0.0570293664932251,0.3377256989479065,True,False,False,False
STRAIN_000073,3,LOCAL_W10,42,1,0.9219338893890381,0.07806611061096191,0.39513567090034485,True,False,False,False
STRAIN_000073,3,LOCAL_W10,142,2,0.937275767326355,0.06272423267364502,0.35418692231178284,True,False,False,False
STRAIN_000073,3,LOCAL_W10,242,3,0.89275062084198,0.10724937915802002,0.46313998103141785,True,False,False,False
STRAIN_000073,3,LOCAL_W10,342,4,0.9241540431976318,0.07584595680236816,0.38947629928588867,True,False,False,False
STRAIN_000073,3,LOCAL_W10,442,5,0.9413759708404541,0.0586240291595459,0.3424147963523865,True,False,False,False
STRAIN_000080,3,LOCAL_W10,42,1,0.9509917497634888,0.04900825023651123,0.31307584047317505,True,False,False,False
STRAIN_000080,3,LOCAL_W10,142,2,0.9366023540496826,0.06339764595031738,0.3560830056667328,True,False,False,False
STRAIN_000080,3,LOCAL_W10,242,3,0.9477893710136414,0.05221062898635864,0.32314249873161316,True,False,False,False
STRAIN_000080,3,LOCAL_W10,342,4,0.9539451003074646,0.0460548996925354,0.30349573493003845,True,False,False,False
STRAIN_000080,3,LOCAL_W10,442,5,0.9644604325294495,0.03553956747055054,0.26660633087158203,True,False,False,False
STRAIN_000081,3,LOCAL_W10,42,1,0.9458466172218323,0.054153382778167725,0.3290998935699463,True,False,False,False
STRAIN_000081,3,LOCAL_W10,142,2,0.9442549347877502,0.055745065212249756,0.3339010775089264,True,False,False,False
STRAIN_000081,3,LOCAL_W10,242,3,0.9296083450317383,0.07039165496826172,0.37521103024482727,True,False,False,False
STRAIN_000081,3,LOCAL_W10,342,4,0.9364039897918701,0.06359601020812988,0.3566397726535797,True,False,False,False
STRAIN_000081,3,LOCAL_W10,442,5,0.922758936882019,0.07724106311798096,0.39304226636886597,True,False,False,False
STRAIN_000090,3,LOCAL_W10,42,1,0.9405790567398071,0.05942094326019287,0.3447343111038208,True,False,False,False
STRAIN_000090,3,LOCAL_W10,142,2,0.949544370174408,0.05045562982559204,0.31766536831855774,True,False,False,False
STRAIN_000090,3,LOCAL_W10,242,3,0.9366452693939209,0.0633547306060791,0.35596272349357605,True,False,False,False
STRAIN_000090,3,LOCAL_W10,342,4,0.9431117177009583,0.05688828229904175,0.3373076915740967,True,False,False,False
STRAIN_000090,3,LOCAL_W10,442,5,0.9484118819236755,0.05158811807632446,0.321210652589798,True,False,False,False
STRAIN_000091,3,LOCAL_W10,42,1,0.9419582486152649,0.05804175138473511,0.3407105505466461,True,False,False,False
STRAIN_000091,3,LOCAL_W10,142,2,0.9367957711219788,0.06320422887802124,0.35553979873657227,True,False,False,False
STRAIN_000091,3,LOCAL_W10,242,3,0.9437754154205322,0.05622458457946777,0.3353344798088074,True,False,False,False
STRAIN_000091,3,LOCAL_W10,342,4,0.9385276436805725,0.06147235631942749,0.35063451528549194,True,False,False,False
STRAIN_000091,3,LOCAL_W10,442,5,0.9509239196777344,0.049076080322265625,0.31329241394996643,True,False,False,False
STRAIN_000098,3,LOCAL_W10,42,1,0.9454090595245361,0.05459094047546387,0.3304266333580017,True,False,False,False
STRAIN_000098,3,LOCAL_W10,142,2,0.9322148561477661,0.06778514385223389,0.3681985139846802,True,False,False,False
STRAIN_000098,3,LOCAL_W10,242,3,0.9347260594367981,0.0652739405632019,0.3613140285015106,True,False,False,False
STRAIN_000098,3,LOCAL_W10,342,4,0.9430626630783081,0.056937336921691895,0.3374529778957367,True,False,False,False
STRAIN_000098,3,LOCAL_W10,442,5,0.9321706891059875,0.06782931089401245,0.368318647146225,True,False,False,False
STRAIN_000101,3,LOCAL_W10,42,1,0.9413928985595703,0.05860710144042969,0.3423655033111572,True,False,False,False
STRAIN_000101,3,LOCAL_W10,142,2,0.9467722177505493,0.053227782249450684,0.32627537846565247,True,False,False,False
STRAIN_000101,3,LOCAL_W10,242,3,0.9479072690010071,0.05209273099899292,0.3227776885032654,True,False,False,False
STRAIN_000101,3,LOCAL_W10,342,4,0.9543148279190063,0.04568517208099365,0.302275151014328,True,False,False,False
STRAIN_000101,3,LOCAL_W10,442,5,0.9478142261505127,0.052185773849487305,0.3230660855770111,True,False,False,False
STRAIN_000105,3,LOCAL_W10,42,1,0.9437012076377869,0.056298792362213135,0.33555567264556885,True,False,False,False
STRAIN_000105,3,LOCAL_W10,142,2,0.9435640573501587,0.05643594264984131,0.33596426248550415,True,False,False,False
STRAIN_000105,3,LOCAL_W10,242,3,0.9388813972473145,0.06111860275268555,0.34962424635887146,True,False,False,False
STRAIN_000105,3,LOCAL_W10,342,4,0.9486715793609619,0.051328420639038086,0.320401132106781,True,False,False,False
STRAIN_000105,3,LOCAL_W10,442,5,0.9516555666923523,0.048344433307647705,0.31094831228256226,True,False,False,False
STRAIN_000106,3,LOCAL_W10,42,1,0.9592331647872925,0.04076683521270752,0.2855408787727356,True,False,False,False
STRAIN_000106,3,LOCAL_W10,142,2,0.9593984484672546,0.04060155153274536,0.28496161103248596,True,False,False,False
STRAIN_000106,3,LOCAL_W10,242,3,0.953892171382904,0.04610782861709595,0.30367037653923035,True,False,False,False
STRAIN_000106,3,LOCAL_W10,342,4,0.9590280055999756,0.040971994400024414,0.28625842928886414,True,False,False,False
STRAIN_000106,3,LOCAL_W10,442,5,0.9516540765762329,0.04834592342376709,0.31095314025878906,True,False,False,False
STRAIN_000112,3,LOCAL_W10,42,1,0.9329856634140015,0.06701433658599854,0.36609935760498047,True,False,False,False
STRAIN_000112,3,LOCAL_W10,142,2,0.9377511143684387,0.06224888563156128,0.3528423607349396,True,False,False,False
STRAIN_000112,3,LOCAL_W10,242,3,0.9317805767059326,0.06821942329406738,0.36937597393989563,True,False,False,False
STRAIN_000112,3,LOCAL_W10,342,4,0.9361125230789185,0.06388747692108154,0.3574563264846802,True,False,False,False
STRAIN_000112,3,LOCAL_W10,442,5,0.9376224279403687,0.06237757205963135,0.35320690274238586,True,False,False,False
STRAIN_000119,3,LOCAL_W10,42,1,0.9560379385948181,0.043962061405181885,0.29651984572410583,True,False,False,False
STRAIN_000119,3,LOCAL_W10,142,2,0.9490455389022827,0.050954461097717285,0.31923168897628784,True,False,False,False
STRAIN_000119,3,LOCAL_W10,242,3,0.9518387317657471,0.04816126823425293,0.3103588819503784,True,False,False,False
STRAIN_000119,3,LOCAL_W10,342,4,0.9498497843742371,0.05015021562576294,0.3167024850845337,True,False,False,False
STRAIN_000119,3,LOCAL_W10,442,5,0.9479179382324219,0.052082061767578125,0.322744756937027,True,False,False,False
STRAIN_000121,3,LOCAL_W10,42,1,0.9475147128105164,0.05248528718948364,0.32399168610572815,True,False,False,False
STRAIN_000121,3,LOCAL_W10,142,2,0.9466044902801514,0.05339550971984863,0.3267892599105835,True,False,False,False
STRAIN_000121,3,LOCAL_W10,242,3,0.9485217332839966,0.05147826671600342,0.32086846232414246,True,False,False,False
STRAIN_000121,3,LOCAL_W10,342,4,0.9454281330108643,0.05457186698913574,0.3303689956665039,True,False,False,False
STRAIN_000121,3,LOCAL_W10,442,5,0.9492090344429016,0.05079096555709839,0.3187190592288971,True,False,False,False
STRAIN_000124,3,LOCAL_W10,42,1,0.945400595664978,0.05459940433502197,0.3304523527622223,True,False,False,False
STRAIN_000124,3,LOCAL_W10,142,2,0.9395935535430908,0.06040644645690918,0.3475814163684845,True,False,False,False
STRAIN_000124,3,LOCAL_W10,242,3,0.9449397325515747,0.05506026744842529,0.33184415102005005,True,False,False,False
STRAIN_000124,3,LOCAL_W10,342,4,0.9477545022964478,0.052245497703552246,0.32325056195259094,True,False,False,False
STRAIN_000124,3,LOCAL_W10,442,5,0.9445104002952576,0.05548959970474243,0.3331354856491089,True,False,False,False
STRAIN_000126,3,LOCAL_W10,42,1,0.9286726713180542,0.0713273286819458,0.3776964843273163,True,False,False,False
STRAIN_000126,3,LOCAL_W10,142,2,0.9299523234367371,0.07004767656326294,0.3742929697036743,True,False,False,False
STRAIN_000126,3,LOCAL_W10,242,3,0.9382815361022949,0.06171846389770508,0.351335734128952,True,False,False,False
STRAIN_000126,3,LOCAL_W10,342,4,0.9242961406707764,0.07570385932922363,0.38911139965057373,True,False,False,False
STRAIN_000126,3,LOCAL_W10,442,5,0.9300930500030518,0.06990694999694824,0.373916894197464,True,False,False,False
STRAIN_000130,3,LOCAL_W10,42,1,0.9605019688606262,0.03949803113937378,0.28106236457824707,True,False,False,False
STRAIN_000130,3,LOCAL_W10,142,2,0.967044472694397,0.03295552730560303,0.25673165917396545,True,False,False,False
STRAIN_000130,3,LOCAL_W10,242,3,0.9619066715240479,0.03809332847595215,0.2760193943977356,True,False,False,False
STRAIN_000130,3,LOCAL_W10,342,4,0.9610124826431274,0.03898751735687256,0.2792401909828186,True,False,False,False
STRAIN_000130,3,LOCAL_W10,442,5,0.9686450958251953,0.03135490417480469,0.25041908025741577,True,False,False,False
STRAIN_000131,3,LOCAL_W10,42,1,0.9643983244895935,0.035601675510406494,0.2668396234512329,True,False,False,False
STRAIN_000131,3,LOCAL_W10,142,2,0.9649112224578857,0.03508877754211426,0.26491039991378784,True,False,False,False
STRAIN_000131,3,LOCAL_W10,242,3,0.9660974740982056,0.033902525901794434,0.26039397716522217,True,False,False,False
STRAIN_000131,3,LOCAL_W10,342,4,0.9657555818557739,0.034244418144226074,0.26170384883880615,True,False,False,False
STRAIN_000131,3,LOCAL_W10,442,5,0.9680660963058472,0.03193390369415283,0.25272029638290405,True,False,False,False
STRAIN_000136,3,LOCAL_W10,42,1,0.9755966663360596,0.02440333366394043,0.22092236578464508,True,False,False,False
STRAIN_000136,3,LOCAL_W10,142,2,0.9733792543411255,0.02662074565887451,0.23074091970920563,True,False,False,False
STRAIN_000136,3,LOCAL_W10,242,3,0.9761340022087097,0.023865997791290283,0.21847616136074066,True,False,False,False
STRAIN_000136,3,LOCAL_W10,342,4,0.9745134711265564,0.025486528873443604,0.22577215731143951,True,False,False,False
STRAIN_000136,3,LOCAL_W10,442,5,0.9766514301300049,0.023348569869995117,0.21609486639499664,True,False,False,False
STRAIN_000144,3,LOCAL_W10,42,1,0.9457247257232666,0.0542752742767334,0.32947006821632385,True,False,False,False
STRAIN_000144,3,LOCAL_W10,142,2,0.9455713629722595,0.05442863702774048,0.3299354612827301,True,False,False,False
STRAIN_000144,3,LOCAL_W10,242,3,0.9370741844177246,0.06292581558227539,0.3547554910182953,True,False,False,False
STRAIN_000144,3,LOCAL_W10,342,4,0.9482975602149963,0.05170243978500366,0.3215661644935608,True,False,False,False
STRAIN_000144,3,LOCAL_W10,442,5,0.9408780932426453,0.059121906757354736,0.3438661992549896,True,False,False,False
STRAIN_000147,3,LOCAL_W10,42,1,0.9714158773422241,0.02858412265777588,0.23909859359264374,True,False,False,False
STRAIN_000147,3,LOCAL_W10,142,2,0.9677661061286926,0.03223389387130737,0.2539050579071045,True,False,False,False
STRAIN_000147,3,LOCAL_W10,242,3,0.9694346189498901,0.030565381050109863,0.24724601209163666,True,False,False,False
STRAIN_000147,3,LOCAL_W10,342,4,0.9663858413696289,0.033614158630371094,0.2592841684818268,True,False,False,False
STRAIN_000147,3,LOCAL_W10,442,5,0.9671101570129395,0.03288984298706055,0.2564751207828522,True,False,False,False
STRAIN_000148,3,LOCAL_W10,42,1,0.9569299817085266,0.04307001829147339,0.2934960126876831,True,False,False,False
STRAIN_000148,3,LOCAL_W10,142,2,0.9537777900695801,0.04622220993041992,0.3040466606616974,True,False,False,False
STRAIN_000148,3,LOCAL_W10,242,3,0.957685649394989,0.042314350605010986,0.2909100353717804,True,False,False,False
STRAIN_000148,3,LOCAL_W10,342,4,0.9554777145385742,0.04452228546142578,0.2984037399291992,True,False,False,False
STRAIN_000148,3,LOCAL_W10,442,5,0.9607526063919067,0.03924739360809326,0.28016918897628784,True,False,False,False
STRAIN_000150,3,LOCAL_W10,42,1,0.9454810619354248,0.054518938064575195,0.3302087187767029,True,False,False,False
STRAIN_000150,3,LOCAL_W10,142,2,0.9431421756744385,0.05685782432556152,0.33721739053726196,True,False,False,False
STRAIN_000150,3,LOCAL_W10,242,3,0.9477758407592773,0.052224159240722656,0.3231850564479828,True,False,False,False
STRAIN_000150,3,LOCAL_W10,342,4,0.9451167583465576,0.05488324165344238,0.3313102424144745,True,False,False,False
STRAIN_000150,3,LOCAL_W10,442,5,0.9380878806114197,0.06191211938858032,0.3518866002559662,True,False,False,False
STRAIN_000151,3,LOCAL_W10,42,1,0.9437127113342285,0.056287288665771484,0.33552154898643494,True,False,False,False
STRAIN_000151,3,LOCAL_W10,142,2,0.945239782333374,0.05476021766662598,0.3309389650821686,True,False,False,False
STRAIN_000151,3,LOCAL_W10,242,3,0.9516255259513855,0.0483744740486145,0.31104493141174316,True,False,False,False
STRAIN_000151,3,LOCAL_W10,342,4,0.9432870745658875,0.05671292543411255,0.3367876708507538,True,False,False,False
STRAIN_000151,3,LOCAL_W10,442,5,0.9462087154388428,0.05379128456115723,0.32799795269966125,True,False,False,False
STRAIN_000152,3,LOCAL_W10,42,1,0.9604908227920532,0.03950917720794678,0.2811022102832794,True,False,False,False
STRAIN_000152,3,LOCAL_W10,142,2,0.9513742327690125,0.04862576723098755,0.31185173988342285,True,False,False,False
STRAIN_000152,3,LOCAL_W10,242,3,0.9534701108932495,0.04652988910675049,0.30505692958831787,True,False,False,False
STRAIN_000152,3,LOCAL_W10,342,4,0.9521046876907349,0.04789531230926514,0.3095003366470337,True,False,False,False
STRAIN_000152,3,LOCAL_W10,442,5,0.9574137330055237,0.04258626699447632,0.29184332489967346,True,False,False,False
STRAIN_000153,3,LOCAL_W10,42,1,0.9561643600463867,0.04383563995361328,0.29609355330467224,True,False,False,False
STRAIN_000153,3,LOCAL_W10,142,2,0.9641340970993042,0.0358659029006958,0.2678278982639313,True,False,False,False
STRAIN_000153,3,LOCAL_W10,242,3,0.9513989090919495,0.04860109090805054,0.31177279353141785,True,False,False,False
STRAIN_000153,3,LOCAL_W10,342,4,0.9600863456726074,0.03991365432739258,0.28253746032714844,True,False,False,False
STRAIN_000153,3,LOCAL_W10,442,5,0.9509516358375549,0.04904836416244507,0.31320396065711975,True,False,False,False
STRAIN_000157,3,LOCAL_W10,42,1,0.9404222965240479,0.05957770347595215,0.3451888859272003,True,False,False,False
STRAIN_000157,3,LOCAL_W10,142,2,0.9441327452659607,0.05586725473403931,0.3342670798301697,True,False,False,False
STRAIN_000157,3,LOCAL_W10,242,3,0.9498220682144165,0.050177931785583496,0.31679001450538635,True,False,False,False
STRAIN_000157,3,LOCAL_W10,342,4,0.9384821653366089,0.06151783466339111,0.35076412558555603,True,False,False,False
STRAIN_000157,3,LOCAL_W10,442,5,0.9454607963562012,0.05453920364379883,0.3302699327468872,True,False,False,False
STRAIN_000169,3,LOCAL_W10,42,1,0.9418812394142151,0.05811876058578491,0.3409363031387329,True,False,False,False
STRAIN_000169,3,LOCAL_W10,142,2,0.9383593797683716,0.06164062023162842,0.3511143624782562,True,False,False,False
STRAIN_000169,3,LOCAL_W10,242,3,0.938225507736206,0.061774492263793945,0.3514951765537262,True,False,False,False
STRAIN_000169,3,LOCAL_W10,342,4,0.9443315267562866,0.05566847324371338,0.3336719870567322,True,False,False,False
STRAIN_000169,3,LOCAL_W10,442,5,0.9399978518486023,0.060002148151397705,0.3464163541793823,True,False,False,False
STRAIN_000181,3,LOCAL_W10,42,1,0.9367145299911499,0.0632854700088501,0.3557681441307068,True,False,False,False
STRAIN_000181,3,LOCAL_W10,142,2,0.9336809515953064,0.0663190484046936,0.36419543623924255,True,False,False,False
STRAIN_000181,3,LOCAL_W10,242,3,0.9366480112075806,0.06335198879241943,0.3559550642967224,True,False,False,False
STRAIN_000181,3,LOCAL_W10,342,4,0.9367268681526184,0.06327313184738159,0.3557334542274475,True,False,False,False
STRAIN_000181,3,LOCAL_W10,442,5,0.9350034594535828,0.06499654054641724,0.3605455160140991,True,False,False,False
STRAIN_000183,3,LOCAL_W10,42,1,0.9549791812896729,0.04502081871032715,0.30006930232048035,True,False,False,False
STRAIN_000183,3,LOCAL_W10,142,2,0.9519432783126831,0.048056721687316895,0.31002187728881836,True,False,False,False
STRAIN_000183,3,LOCAL_W10,242,3,0.9479700922966003,0.05202990770339966,0.32258304953575134,True,False,False,False
STRAIN_000183,3,LOCAL_W10,342,4,0.9468858242034912,0.05311417579650879,0.3259270489215851,True,False,False,False
STRAIN_000183,3,LOCAL_W10,442,5,0.9464565515518188,0.05354344844818115,0.32724136114120483,True,False,False,False
STRAIN_000188,3,LOCAL_W10,42,1,0.9509535431861877,0.049046456813812256,0.313198059797287,True,False,False,False
STRAIN_000188,3,LOCAL_W10,142,2,0.9517406225204468,0.04825937747955322,0.3106749355792999,True,False,False,False
STRAIN_000188,3,LOCAL_W10,242,3,0.9586496949195862,0.04135030508041382,0.28757721185684204,True,False,False,False
STRAIN_000188,3,LOCAL_W10,342,4,0.9491674304008484,0.05083256959915161,0.3188498318195343,True,False,False,False
STRAIN_000188,3,LOCAL_W10,442,5,0.9533833861351013,0.04661661386489868,0.3053414523601532,True,False,False,False
STRAIN_000189,3,LOCAL_W10,42,1,0.9422065615653992,0.05779343843460083,0.3399809002876282,True,False,False,False
STRAIN_000189,3,LOCAL_W10,142,2,0.9502271413803101,0.04977285861968994,0.3155086040496826,True,False,False,False
STRAIN_000189,3,LOCAL_W10,242,3,0.9439444541931152,0.056055545806884766,0.33483004570007324,True,False,False,False
STRAIN_000189,3,LOCAL_W10,342,4,0.9448896646499634,0.05511033535003662,0.33199506998062134,True,False,False,False
STRAIN_000189,3,LOCAL_W10,442,5,0.9440820217132568,0.055917978286743164,0.3344186246395111,True,False,False,False
STRAIN_000193,3,LOCAL_W10,42,1,0.9494267702102661,0.05057322978973389,0.3180350661277771,True,False,False,False
STRAIN_000193,3,LOCAL_W10,142,2,0.9538394212722778,0.04616057872772217,0.3038436770439148,True,False,False,False
STRAIN_000193,3,LOCAL_W10,242,3,0.9542057514190674,0.04579424858093262,0.30263563990592957,True,False,False,False
STRAIN_000193,3,LOCAL_W10,342,4,0.9438439607620239,0.056156039237976074,0.3351297974586487,True,False,False,False
STRAIN_000193,3,LOCAL_W10,442,5,0.9586189985275269,0.041381001472473145,0.28768372535705566,True,False,False,False
STRAIN_000204,3,LOCAL_W10,42,1,0.9328720569610596,0.06712794303894043,0.3664095997810364,True,False,False,False
STRAIN_000204,3,LOCAL_W10,142,2,0.9329161643981934,0.06708383560180664,0.3662889003753662,True,False,False,False
STRAIN_000204,3,LOCAL_W10,242,3,0.9413851499557495,0.05861485004425049,0.342388391494751,True,False,False,False
STRAIN_000204,3,LOCAL_W10,342,4,0.9469403624534607,0.05305963754653931,0.32575955986976624,True,False,False,False
STRAIN_000204,3,LOCAL_W10,442,5,0.9386739730834961,0.061326026916503906,0.35021716356277466,True,False,False,False
STRAIN_000208,3,LOCAL_W10,42,1,0.9346393346786499,0.0653606653213501,0.3615541458129883,True,False,False,False
STRAIN_000208,3,LOCAL_W10,142,2,0.9318655729293823,0.06813442707061768,0.369146466255188,True,False,False,False
STRAIN_000208,3,LOCAL_W10,242,3,0.9348965883255005,0.06510341167449951,0.3608418107032776,True,False,False,False
STRAIN_000208,3,LOCAL_W10,342,4,0.9338699579238892,0.06613004207611084,0.3636758029460907,True,False,False,False
STRAIN_000208,3,LOCAL_W10,442,5,0.9454283118247986,0.054571688175201416,0.3303687572479248,True,False,False,False
STRAIN_000209,3,LOCAL_W10,42,1,0.9446898698806763,0.05531013011932373,0.33259591460227966,True,False,False,False
STRAIN_000209,3,LOCAL_W10,142,2,0.9447392225265503,0.05526077747344971,0.33244773745536804,True,False,False,False
STRAIN_000209,3,LOCAL_W10,242,3,0.897661566734314,0.10233843326568604,0.45241206884384155,True,False,False,False
STRAIN_000209,3,LOCAL_W10,342,4,0.9497211575508118,0.05027884244918823,0.31710806488990784,True,False,False,False
STRAIN_000209,3,LOCAL_W10,442,5,0.9317864179611206,0.0682135820388794,0.36936038732528687,True,False,False,False
STRAIN_000211,3,LOCAL_W10,42,1,0.9369587898254395,0.06304121017456055,0.35508105158805847,True,False,False,False
STRAIN_000211,3,LOCAL_W10,142,2,0.9388742446899414,0.061125755310058594,0.34964486956596375,True,False,False,False
STRAIN_000211,3,LOCAL_W10,242,3,0.9320668578147888,0.06793314218521118,0.3686005771160126,True,False,False,False
STRAIN_000211,3,LOCAL_W10,342,4,0.9458938837051392,0.05410611629486084,0.32895612716674805,True,False,False,False
STRAIN_000211,3,LOCAL_W10,442,5,0.9421683549880981,0.057831645011901855,0.34009289741516113,True,False,False,False
STRAIN_000213,3,LOCAL_W10,42,1,0.9433056712150574,0.05669432878494263,0.33673232793807983,True,False,False,False
STRAIN_000213,3,LOCAL_W10,142,2,0.9379178881645203,0.062082111835479736,0.352369487285614,True,False,False,False
STRAIN_000213,3,LOCAL_W10,242,3,0.9313488006591797,0.06865119934082031,0.37054330110549927,True,False,False,False
STRAIN_000213,3,LOCAL_W10,342,4,0.9313976168632507,0.06860238313674927,0.37041178345680237,True,False,False,False
STRAIN_000213,3,LOCAL_W10,442,5,0.928511917591095,0.07148808240890503,0.37812188267707825,True,False,False,False
STRAIN_000224,3,LOCAL_W10,42,1,0.9617635607719421,0.03823643922805786,0.27653738856315613,True,False,False,False
STRAIN_000224,3,LOCAL_W10,142,2,0.964963436126709,0.035036563873291016,0.2647133767604828,True,False,False,False
STRAIN_000224,3,LOCAL_W10,242,3,0.9675266146659851,0.03247338533401489,0.25484663248062134,True,False,False,False
STRAIN_000224,3,LOCAL_W10,342,4,0.9623745083808899,0.03762549161911011,0.2743190824985504,True,False,False,False
STRAIN_000224,3,LOCAL_W10,442,5,0.9605564475059509,0.03944355249404907,0.28086841106414795,True,False,False,False
STRAIN_000229,3,LOCAL_W10,42,1,0.9352074861526489,0.06479251384735107,0.3599788546562195,True,False,False,False
STRAIN_000229,3,LOCAL_W10,142,2,0.9330300092697144,0.06696999073028564,0.3659781515598297,True,False,False,False
STRAIN_000229,3,LOCAL_W10,242,3,0.9174119830131531,0.08258801698684692,0.4064182937145233,True,False,False,False
STRAIN_000229,3,LOCAL_W10,342,4,0.9276368618011475,0.07236313819885254,0.38042914867401123,True,False,False,False
STRAIN_000229,3,LOCAL_W10,442,5,0.9235714673995972,0.07642853260040283,0.3909691870212555,True,False,False,False
STRAIN_000234,3,LOCAL_W10,42,1,0.9430928230285645,0.05690717697143555,0.33736371994018555,True,False,False,False
STRAIN_000234,3,LOCAL_W10,142,2,0.9496151804924011,0.05038481950759888,0.3174424469470978,True,False,False,False
STRAIN_000234,3,LOCAL_W10,242,3,0.9536000490188599,0.04639995098114014,0.3046305477619171,True,False,False,False
STRAIN_000234,3,LOCAL_W10,342,4,0.9474233984947205,0.05257660150527954,0.32427334785461426,True,False,False,False
STRAIN_000234,3,LOCAL_W10,442,5,0.9440127611160278,0.05598723888397217,0.3346257209777832,True,False,False,False
STRAIN_000247,3,LOCAL_W10,42,1,0.9308850765228271,0.06911492347717285,0.37179285287857056,True,False,False,False
STRAIN_000247,3,LOCAL_W10,142,2,0.9348293542861938,0.06517064571380615,0.3610278069972992,True,False,False,False
STRAIN_000247,3,LOCAL_W10,242,3,0.9390614032745361,0.06093859672546387,0.3491091728210449,True,False,False,False
STRAIN_000247,3,LOCAL_W10,342,4,0.9406365752220154,0.05936342477798462,0.34456777572631836,True,False,False,False
STRAIN_000247,3,LOCAL_W10,442,5,0.9381320476531982,0.06186795234680176,0.3517613410949707,True,False,False,False
STRAIN_000248,3,LOCAL_W10,42,1,0.93857342004776,0.06142657995223999,0.3505037724971771,True,False,False,False
STRAIN_000248,3,LOCAL_W10,142,2,0.9479750990867615,0.052024900913238525,0.3225673735141754,True,False,False,False
STRAIN_000248,3,LOCAL_W10,242,3,0.9446202516555786,0.05537974834442139,0.3328053653240204,True,False,False,False
STRAIN_000248,3,LOCAL_W10,342,4,0.9415549039840698,0.058445096015930176,0.34189197421073914,True,False,False,False
STRAIN_000248,3,LOCAL_W10,442,5,0.9330734610557556,0.06692653894424438,0.36585915088653564,True,False,False,False
STRAIN_000255,3,LOCAL_W10,42,1,0.9381410479545593,0.061858952045440674,0.35173550248146057,True,False,False,False
STRAIN_000255,3,LOCAL_W10,142,2,0.917030394077301,0.08296960592269897,0.407356321811676,True,False,False,False
STRAIN_000255,3,LOCAL_W10,242,3,0.949470579624176,0.050529420375823975,0.31789740920066833,True,False,False,False
STRAIN_000255,3,LOCAL_W10,342,4,0.9353009462356567,0.06469905376434326,0.35971933603286743,True,False,False,False
STRAIN_000255,3,LOCAL_W10,442,5,0.9323139190673828,0.06768608093261719,0.3679294288158417,True,False,False,False
STRAIN_000262,3,LOCAL_W10,42,1,0.9407368302345276,0.05926316976547241,0.34427645802497864,True,False,False,False
STRAIN_000262,3,LOCAL_W10,142,2,0.9436661005020142,0.05633389949798584,0.3356606960296631,True,False,False,False
STRAIN_000262,3,LOCAL_W10,242,3,0.9509718418121338,0.04902815818786621,0.3131396174430847,True,False,False,False
STRAIN_000262,3,LOCAL_W10,342,4,0.9485993981361389,0.051400601863861084,0.3206264078617096,True,False,False,False
STRAIN_000262,3,LOCAL_W10,442,5,0.9463483095169067,0.05365169048309326,0.327571839094162,True,False,False,False
STRAIN_000263,3,LOCAL_W10,42,1,0.942022442817688,0.05797755718231201,0.34052178263664246,True,False,False,False
STRAIN_000263,3,LOCAL_W10,142,2,0.9428020119667053,0.05719798803329468,0.3382248878479004,True,False,False,False
STRAIN_000263,3,LOCAL_W10,242,3,0.951722264289856,0.04827773571014404,0.3107336163520813,True,False,False,False
STRAIN_000263,3,LOCAL_W10,342,4,0.9479040503501892,0.05209594964981079,0.3227878510951996,True,False,False,False
STRAIN_000263,3,LOCAL_W10,442,5,0.9530172348022461,0.046982765197753906,0.3065378963947296,True,False,False,False
STRAIN_000264,3,LOCAL_W10,42,1,0.9482133388519287,0.05178666114807129,0.32182782888412476,True,False,False,False
STRAIN_000264,3,LOCAL_W10,142,2,0.9385946989059448,0.061405301094055176,0.35044318437576294,True,False,False,False
STRAIN_000264,3,LOCAL_W10,242,3,0.9424628019332886,0.057537198066711426,0.33922621607780457,True,False,False,False
STRAIN_000264,3,LOCAL_W10,342,4,0.9291481971740723,0.07085180282592773,0.37643516063690186,True,False,False,False
STRAIN_000264,3,LOCAL_W10,442,5,0.939987301826477,0.06001269817352295,0.3464469015598297,True,False,False,False
STRAIN_000267,3,LOCAL_W10,42,1,0.9433521032333374,0.0566478967666626,0.33659425377845764,True,False,False,False
STRAIN_000267,3,LOCAL_W10,142,2,0.9439834356307983,0.05601656436920166,0.3347133994102478,True,False,False,False
STRAIN_000267,3,LOCAL_W10,242,3,0.9492067098617554,0.05079329013824463,0.3187265694141388,True,False,False,False
STRAIN_000267,3,LOCAL_W10,342,4,0.936838686466217,0.06316131353378296,0.3554188907146454,True,False,False,False
STRAIN_000267,3,LOCAL_W10,442,5,0.9171836972236633,0.08281630277633667,0.40697988867759705,True,False,False,False
STRAIN_000273,3,LOCAL_W10,42,1,0.9302403926849365,0.06975960731506348,0.3735228180885315,True,False,False,False
STRAIN_000273,3,LOCAL_W10,142,2,0.9405257701873779,0.05947422981262207,0.3448893427848816,True,False,False,False
STRAIN_000273,3,LOCAL_W10,242,3,0.9463320970535278,0.05366790294647217,0.32762154936790466,True,False,False,False
STRAIN_000273,3,LOCAL_W10,342,4,0.9389407634735107,0.06105923652648926,0.3494546413421631,True,False,False,False
STRAIN_000273,3,LOCAL_W10,442,5,0.9308077096939087,0.06919229030609131,0.3720008134841919,True,False,False,False
STRAIN_000274,3,LOCAL_W10,42,1,0.9425630569458008,0.05743694305419922,0.33893054723739624,True,False,False,False
STRAIN_000274,3,LOCAL_W10,142,2,0.943313717842102,0.05668628215789795,0.3367083966732025,True,False,False,False
STRAIN_000274,3,LOCAL_W10,242,3,0.9407323002815247,0.05926769971847534,0.3442896604537964,True,False,False,False
STRAIN_000274,3,LOCAL_W10,342,4,0.932732343673706,0.06726765632629395,0.3667905628681183,True,False,False,False
STRAIN_000274,3,LOCAL_W10,442,5,0.9457661509513855,0.0542338490486145,0.32934442162513733,True,False,False,False
STRAIN_000275,3,LOCAL_W10,42,1,0.93635094165802,0.06364905834197998,0.3567887842655182,True,False,False,False
STRAIN_000275,3,LOCAL_W10,142,2,0.928095817565918,0.07190418243408203,0.3792206943035126,True,False,False,False
STRAIN_000275,3,LOCAL_W10,242,3,0.9251895546913147,0.0748104453086853,0.3868085443973541,True,False,False,False
STRAIN_000275,3,LOCAL_W10,342,4,0.9334169030189514,0.06658309698104858,0.3649195432662964,True,False,False,False
STRAIN_000275,3,LOCAL_W10,442,5,0.9367294311523438,0.06327056884765625,0.3557261824607849,True,False,False,False
STRAIN_000281,3,LOCAL_W10,42,1,0.9480069875717163,0.05199301242828369,0.3224686086177826,True,False,False,False
STRAIN_000281,3,LOCAL_W10,142,2,0.942724347114563,0.05727565288543701,0.3384544253349304,True,False,False,False
STRAIN_000281,3,LOCAL_W10,242,3,0.9389626979827881,0.061037302017211914,0.3493915796279907,True,False,False,False
STRAIN_000281,3,LOCAL_W10,342,4,0.9400163888931274,0.05998361110687256,0.34636297821998596,True,False,False,False
STRAIN_000281,3,LOCAL_W10,442,5,0.9493875503540039,0.050612449645996094,0.3181586265563965,True,False,False,False
STRAIN_000289,3,LOCAL_W10,42,1,0.9403579235076904,0.05964207649230957,0.3453754484653473,True,False,False,False
STRAIN_000289,3,LOCAL_W10,142,2,0.9363758563995361,0.06362414360046387,0.3567187786102295,True,False,False,False
STRAIN_000289,3,LOCAL_W10,242,3,0.9458886981010437,0.0541113018989563,0.3289720416069031,True,False,False,False
STRAIN_000289,3,LOCAL_W10,342,4,0.9381277561187744,0.061872243881225586,0.3517734110355377,True,False,False,False
STRAIN_000289,3,LOCAL_W10,442,5,0.949485182762146,0.050514817237854004,0.3178516626358032,True,False,False,False
STRAIN_000299,3,LOCAL_W10,42,1,0.9472105503082275,0.05278944969177246,0.3249288499355316,True,False,False,False
STRAIN_000299,3,LOCAL_W10,142,2,0.9420621395111084,0.0579378604888916,0.34040525555610657,True,False,False,False
STRAIN_000299,3,LOCAL_W10,242,3,0.943163275718689,0.056836724281311035,0.33715492486953735,True,False,False,False
STRAIN_000299,3,LOCAL_W10,342,4,0.9543650150299072,0.04563498497009277,0.3021091818809509,True,False,False,False
STRAIN_000299,3,LOCAL_W10,442,5,0.9469717741012573,0.053028225898742676,0.32566291093826294,True,False,False,False
STRAIN_000307,3,LOCAL_W10,42,1,0.9411499500274658,0.05885004997253418,0.3430745005607605,True,False,False,False
STRAIN_000307,3,LOCAL_W10,142,2,0.9329016208648682,0.06709837913513184,0.36632880568504333,True,False,False,False
STRAIN_000307,3,LOCAL_W10,242,3,0.9518275856971741,0.04817241430282593,0.3103947937488556,True,False,False,False
STRAIN_000307,3,LOCAL_W10,342,4,0.9462270140647888,0.05377298593521118,0.3279421925544739,True,False,False,False
STRAIN_000307,3,LOCAL_W10,442,5,0.9439527988433838,0.05604720115661621,0.33480530977249146,True,False,False,False
STRAIN_000319,3,LOCAL_W10,42,1,0.9602737426757812,0.03972625732421875,0.28187286853790283,True,False,False,False
STRAIN_000319,3,LOCAL_W10,142,2,0.9694788455963135,0.030521154403686523,0.24706727266311646,True,False,False,False
STRAIN_000319,3,LOCAL_W10,242,3,0.9617331027984619,0.038266897201538086,0.2766473889350891,True,False,False,False
STRAIN_000319,3,LOCAL_W10,342,4,0.9614936113357544,0.038506388664245605,0.2775117754936218,True,False,False,False
STRAIN_000319,3,LOCAL_W10,442,5,0.96453458070755,0.03546541929244995,0.26632848381996155,True,False,False,False
STRAIN_000320,3,LOCAL_W10,42,1,0.9457162022590637,0.05428379774093628,0.3294961452484131,True,False,False,False
STRAIN_000320,3,LOCAL_W10,142,2,0.9399530291557312,0.0600469708442688,0.34654608368873596,True,False,False,False
STRAIN_000320,3,LOCAL_W10,242,3,0.9388737678527832,0.0611262321472168,0.34964635968208313,True,False,False,False
STRAIN_000320,3,LOCAL_W10,342,4,0.9468250274658203,0.05317497253417969,0.32611316442489624,True,False,False,False
STRAIN_000320,3,LOCAL_W10,442,5,0.9454045295715332,0.0545954704284668,0.33044061064720154,True,False,False,False
STRAIN_000324,3,LOCAL_W10,42,1,0.9675042629241943,0.032495737075805664,0.2549344301223755,True,False,False,False
STRAIN_000324,3,LOCAL_W10,142,2,0.966286838054657,0.03371316194534302,0.25966575741767883,True,False,False,False
STRAIN_000324,3,LOCAL_W10,242,3,0.9610773324966431,0.038922667503356934,0.27900755405426025,True,False,False,False
STRAIN_000324,3,LOCAL_W10,342,4,0.9642025232315063,0.03579747676849365,0.26757240295410156,True,False,False,False
STRAIN_000324,3,LOCAL_W10,442,5,0.9616918563842773,0.038308143615722656,0.2767965495586395,True,False,False,False
STRAIN_000326,3,LOCAL_W10,42,1,0.9527631998062134,0.04723680019378662,0.30736514925956726,True,False,False,False
STRAIN_000326,3,LOCAL_W10,142,2,0.9474384784698486,0.05256152153015137,0.32422658801078796,True,False,False,False
STRAIN_000326,3,LOCAL_W10,242,3,0.9403852820396423,0.059614717960357666,0.34529584646224976,True,False,False,False
STRAIN_000326,3,LOCAL_W10,342,4,0.9524909257888794,0.047509074211120605,0.30824998021125793,True,False,False,False
STRAIN_000326,3,LOCAL_W10,442,5,0.9516078233718872,0.04839217662811279,0.3111015856266022,True,False,False,False
STRAIN_000335,3,LOCAL_W10,42,1,0.9479888081550598,0.052011191844940186,0.322524756193161,True,False,False,False
STRAIN_000335,3,LOCAL_W10,142,2,0.944975733757019,0.05502426624298096,0.3317357003688812,True,False,False,False
STRAIN_000335,3,LOCAL_W10,242,3,0.9421865940093994,0.057813405990600586,0.34003934264183044,True,False,False,False
STRAIN_000335,3,LOCAL_W10,342,4,0.9434055089950562,0.05659449100494385,0.33643555641174316,True,False,False,False
STRAIN_000335,3,LOCAL_W10,442,5,0.9486941695213318,0.05130583047866821,0.3203306496143341,True,False,False,False
STRAIN_000350,3,LOCAL_W10,42,1,0.9323777556419373,0.06762224435806274,0.367756187915802,True,False,False,False
STRAIN_000350,3,LOCAL_W10,142,2,0.9246515035629272,0.07534849643707275,0.38819706439971924,True,False,False,False
STRAIN_000350,3,LOCAL_W10,242,3,0.9344965815544128,0.06550341844558716,0.36194878816604614,True,False,False,False
STRAIN_000350,3,LOCAL_W10,342,4,0.9276942014694214,0.07230579853057861,0.38027843832969666,True,False,False,False
STRAIN_000350,3,LOCAL_W10,442,5,0.9224152565002441,0.07758474349975586,0.3939156234264374,True,False,False,False
STRAIN_000353,3,LOCAL_W10,42,1,0.9623012542724609,0.03769874572753906,0.27458617091178894,True,False,False,False
STRAIN_000353,3,LOCAL_W10,142,2,0.9584267735481262,0.04157322645187378,0.2883511483669281,True,False,False,False
STRAIN_000353,3,LOCAL_W10,242,3,0.9598957300186157,0.04010426998138428,0.2832111716270447,True,False,False,False
STRAIN_000353,3,LOCAL_W10,342,4,0.9679694771766663,0.03203052282333374,0.25310248136520386,True,False,False,False
STRAIN_000353,3,LOCAL_W10,442,5,0.9647927284240723,0.035207271575927734,0.2653571367263794,True,False,False,False
STRAIN_000357,3,LOCAL_W10,42,1,0.9323087334632874,0.06769126653671265,0.36794382333755493,True,False,False,False
STRAIN_000357,3,LOCAL_W10,142,2,0.9442065954208374,0.0557934045791626,0.33404630422592163,True,False,False,False
STRAIN_000357,3,LOCAL_W10,242,3,0.9258965849876404,0.07410341501235962,0.38497644662857056,True,False,False,False
STRAIN_000357,3,LOCAL_W10,342,4,0.9182144403457642,0.08178555965423584,0.40443918108940125,True,False,False,False
STRAIN_000357,3,LOCAL_W10,442,5,0.9331742525100708,0.0668257474899292,0.3655841052532196,True,False,False,False
STRAIN_000367,3,LOCAL_W10,42,1,0.9399954080581665,0.060004591941833496,0.34642332792282104,True,False,False,False
STRAIN_000367,3,LOCAL_W10,142,2,0.9501991271972656,0.049800872802734375,0.3155975937843323,True,False,False,False
STRAIN_000367,3,LOCAL_W10,242,3,0.9452626705169678,0.05473732948303223,0.3308693766593933,True,False,False,False
STRAIN_000367,3,LOCAL_W10,342,4,0.9392794370651245,0.06072056293487549,0.3484841287136078,True,False,False,False
STRAIN_000367,3,LOCAL_W10,442,5,0.9478267431259155,0.05217325687408447,0.32302698493003845,True,False,False,False
STRAIN_000375,3,LOCAL_W10,42,1,0.9737668633460999,0.026233136653900146,0.22905534505844116,True,False,False,False
STRAIN_000375,3,LOCAL_W10,142,2,0.9738579988479614,0.026142001152038574,0.2286570817232132,True,False,False,False
STRAIN_000375,3,LOCAL_W10,242,3,0.9759218692779541,0.0240781307220459,0.21944527328014374,True,False,False,False
STRAIN_000375,3,LOCAL_W10,342,4,0.9684505462646484,0.03154945373535156,0.2511948347091675,True,False,False,False
STRAIN_000375,3,LOCAL_W10,442,5,0.9753093719482422,0.024690628051757812,0.22221890091896057,True,False,False,False
STRAIN_000382,3,LOCAL_W10,42,1,0.9524983763694763,0.04750162363052368,0.3082258701324463,True,False,False,False
STRAIN_000382,3,LOCAL_W10,142,2,0.9457225799560547,0.05427742004394531,0.32947662472724915,True,False,False,False
STRAIN_000382,3,LOCAL_W10,242,3,0.9433565139770508,0.05664348602294922,0.33658111095428467,True,False,False,False
STRAIN_000382,3,LOCAL_W10,342,4,0.9510031938552856,0.048996806144714355,0.31303930282592773,True,False,False,False
STRAIN_000382,3,LOCAL_W10,442,5,0.9425389170646667,0.05746108293533325,0.33900177478790283,True,False,False,False
STRAIN_000383,3,LOCAL_W10,42,1,0.9420191645622253,0.05798083543777466,0.3405313491821289,True,False,False,False
STRAIN_000383,3,LOCAL_W10,142,2,0.940631091594696,0.059368908405303955,0.3445833623409271,True,False,False,False
STRAIN_000383,3,LOCAL_W10,242,3,0.9406736493110657,0.059326350688934326,0.34446007013320923,True,False,False,False
STRAIN_000383,3,LOCAL_W10,342,4,0.9433143734931946,0.05668562650680542,0.3367061913013458,True,False,False,False
STRAIN_000383,3,LOCAL_W10,442,5,0.947571337223053,0.05242866277694702,0.32381677627563477,True,False,False,False
STRAIN_000389,3,LOCAL_W10,42,1,0.9525446891784668,0.0474553108215332,0.3080759048461914,True,False,False,False
STRAIN_000389,3,LOCAL_W10,142,2,0.9545403718948364,0.045459628105163574,0.3015284240245819,True,False,False,False
STRAIN_000389,3,LOCAL_W10,242,3,0.951734721660614,0.048265278339385986,0.3106935918331146,True,False,False,False
STRAIN_000389,3,LOCAL_W10,342,4,0.9605148434638977,0.039485156536102295,0.28101661801338196,True,False,False,False
STRAIN_000389,3,LOCAL_W10,442,5,0.95222008228302,0.04777991771697998,0.30912789702415466,True,False,False,False
STRAIN_000401,3,LOCAL_W10,42,1,0.9436889886856079,0.05631101131439209,0.3355921506881714,True,False,False,False
STRAIN_000401,3,LOCAL_W10,142,2,0.9390631914138794,0.060936808586120605,0.34910428524017334,True,False,False,False
STRAIN_000401,3,LOCAL_W10,242,3,0.9436264038085938,0.05637359619140625,0.33577874302864075,True,False,False,False
STRAIN_000401,3,LOCAL_W10,342,4,0.9498071670532227,0.050192832946777344,0.3168371021747589,True,False,False,False
STRAIN_000401,3,LOCAL_W10,442,5,0.9355278015136719,0.06447219848632812,0.3590885400772095,True,False,False,False
STRAIN_000402,3,LOCAL_W10,42,1,0.9697597622871399,0.030240237712860107,0.2459280788898468,True,False,False,False
STRAIN_000402,3,LOCAL_W10,142,2,0.9654069542884827,0.034593045711517334,0.2630326747894287,True,False,False,False
STRAIN_000402,3,LOCAL_W10,242,3,0.9664968252182007,0.033503174781799316,0.2588559091091156,True,False,False,False
STRAIN_000402,3,LOCAL_W10,342,4,0.969407856464386,0.030592143535614014,0.24735483527183533,True,False,False,False
STRAIN_000402,3,LOCAL_W10,442,5,0.9646998643875122,0.03530013561248779,0.2657071352005005,True,False,False,False
STRAIN_000419,3,LOCAL_W10,42,1,0.9404872059822083,0.05951279401779175,0.3450007736682892,True,False,False,False
STRAIN_000419,3,LOCAL_W10,142,2,0.944270670413971,0.05572932958602905,0.3338541090488434,True,False,False,False
STRAIN_000419,3,LOCAL_W10,242,3,0.9431740045547485,0.056825995445251465,0.33712294697761536,True,False,False,False
STRAIN_000419,3,LOCAL_W10,342,4,0.9390311241149902,0.060968875885009766,0.3491959273815155,True,False,False,False
STRAIN_000419,3,LOCAL_W10,442,5,0.9456435441970825,0.05435645580291748,0.3297162652015686,True,False,False,False
STRAIN_000421,3,LOCAL_W10,42,1,0.9315446615219116,0.06845533847808838,0.37001439929008484,True,False,False,False
STRAIN_000421,3,LOCAL_W10,142,2,0.9369502663612366,0.06304973363876343,0.355104923248291,True,False,False,False
STRAIN_000421,3,LOCAL_W10,242,3,0.939072847366333,0.06092715263366699,0.34907639026641846,True,False,False,False
STRAIN_000421,3,LOCAL_W10,342,4,0.9303488731384277,0.06965112686157227,0.37323233485221863,True,False,False,False
STRAIN_000421,3,LOCAL_W10,442,5,0.9456981420516968,0.05430185794830322,0.3295506536960602,True,False,False,False
STRAIN_000428,3,LOCAL_W10,42,1,0.9370052814483643,0.06299471855163574,0.35495007038116455,True,False,False,False
STRAIN_000428,3,LOCAL_W10,142,2,0.9396337270736694,0.060366272926330566,0.34746620059013367,True,False,False,False
STRAIN_000428,3,LOCAL_W10,242,3,0.9412902593612671,0.05870974063873291,0.342665433883667,True,False,False,False
STRAIN_000428,3,LOCAL_W10,342,4,0.9330106973648071,0.06698930263519287,0.3660309612751007,True,False,False,False
STRAIN_000428,3,LOCAL_W10,442,5,0.9398156404495239,0.060184359550476074,0.34694215655326843,True,False,False,False
STRAIN_000431,3,LOCAL_W10,42,1,0.9540768265724182,0.04592317342758179,0.30306127667427063,True,False,False,False
STRAIN_000431,3,LOCAL_W10,142,2,0.9454580545425415,0.054541945457458496,0.3302784860134125,True,False,False,False
STRAIN_000431,3,LOCAL_W10,242,3,0.9480760097503662,0.05192399024963379,0.3222544491291046,True,False,False,False
STRAIN_000431,3,LOCAL_W10,342,4,0.9570390582084656,0.042960941791534424,0.29312437772750854,True,False,False,False
STRAIN_000431,3,LOCAL_W10,442,5,0.949341893196106,0.05065810680389404,0.31830230355262756,True,False,False,False
STRAIN_000445,3,LOCAL_W10,42,1,0.9588677883148193,0.041132211685180664,0.28681811690330505,True,False,False,False
STRAIN_000445,3,LOCAL_W10,142,2,0.9530197978019714,0.046980202198028564,0.3065299093723297,True,False,False,False
STRAIN_000445,3,LOCAL_W10,242,3,0.962972104549408,0.03702789545059204,0.27213236689567566,True,False,False,False
STRAIN_000445,3,LOCAL_W10,342,4,0.9593197107315063,0.04068028926849365,0.28523772954940796,True,False,False,False
STRAIN_000445,3,LOCAL_W10,442,5,0.9623231291770935,0.037676870822906494,0.27450650930404663,True,False,False,False
STRAIN_000446,3,LOCAL_W10,42,1,0.9511193037033081,0.048880696296691895,0.31266820430755615,True,False,False,False
STRAIN_000446,3,LOCAL_W10,142,2,0.9415939450263977,0.058406054973602295,0.3417777717113495,True,False,False,False
STRAIN_000446,3,LOCAL_W10,242,3,0.9480233192443848,0.051976680755615234,0.32241788506507874,True,False,False,False
STRAIN_000446,3,LOCAL_W10,342,4,0.9508967399597168,0.0491032600402832,0.3133792281150818,True,False,False,False
STRAIN_000446,3,LOCAL_W10,442,5,0.9481847286224365,0.05181527137756348,0.32191693782806396,True,False,False,False
STRAIN_000447,3,LOCAL_W10,42,1,0.9415457248687744,0.058454275131225586,0.3419191539287567,True,False,False,False
STRAIN_000447,3,LOCAL_W10,142,2,0.9397719502449036,0.060228049755096436,0.34706777334213257,True,False,False,False
STRAIN_000447,3,LOCAL_W10,242,3,0.9514550566673279,0.04854494333267212,0.3115924298763275,True,False,False,False
STRAIN_000447,3,LOCAL_W10,342,4,0.9361558556556702,0.06384414434432983,0.3573351502418518,True,False,False,False
STRAIN_000447,3,LOCAL_W10,442,5,0.950303316116333,0.04969668388366699,0.31526699662208557,True,False,False,False
STRAIN_000449,3,LOCAL_W10,42,1,0.9480294585227966,0.05197054147720337,0.3223991096019745,True,False,False,False
STRAIN_000449,3,LOCAL_W10,142,2,0.9426277279853821,0.05737227201461792,0.33873963356018066,True,False,False,False
STRAIN_000449,3,LOCAL_W10,242,3,0.9476218819618225,0.05237811803817749,0.32366079092025757,True,False,False,False
STRAIN_000449,3,LOCAL_W10,342,4,0.9435718059539795,0.05642819404602051,0.3359411358833313,True,False,False,False
STRAIN_000449,3,LOCAL_W10,442,5,0.9405816793441772,0.059418320655822754,0.34472721815109253,True,False,False,False
STRAIN_000450,3,LOCAL_W10,42,1,0.9576095342636108,0.04239046573638916,0.2911717891693115,True,False,False,False
STRAIN_000450,3,LOCAL_W10,142,2,0.9535042643547058,0.04649573564529419,0.3049447238445282,True,False,False,False
STRAIN_000450,3,LOCAL_W10,242,3,0.9612630605697632,0.038736939430236816,0.27834123373031616,True,False,False,False
STRAIN_000450,3,LOCAL_W10,342,4,0.9586199522018433,0.04138004779815674,0.28768056631088257,True,False,False,False
STRAIN_000450,3,LOCAL_W10,442,5,0.9534895420074463,0.04651045799255371,0.30499330163002014,True,False,False,False
STRAIN_000455,3,LOCAL_W10,42,1,0.9371200799942017,0.06287992000579834,0.35462650656700134,True,False,False,False
STRAIN_000455,3,LOCAL_W10,142,2,0.934289276599884,0.06571072340011597,0.36252108216285706,True,False,False,False
STRAIN_000455,3,LOCAL_W10,242,3,0.9451537132263184,0.05484628677368164,0.3311988115310669,True,False,False,False
STRAIN_000455,3,LOCAL_W10,342,4,0.9268025755882263,0.07319742441177368,0.38261571526527405,True,False,False,False
STRAIN_000455,3,LOCAL_W10,442,5,0.922640323638916,0.07735967636108398,0.39334386587142944,True,False,False,False
STRAIN_000457,3,LOCAL_W10,42,1,0.9428943395614624,0.0571056604385376,0.33795174956321716,True,False,False,False
STRAIN_000457,3,LOCAL_W10,142,2,0.9437156915664673,0.056284308433532715,0.3355124890804291,True,False,False,False
STRAIN_000457,3,LOCAL_W10,242,3,0.9341022372245789,0.06589776277542114,0.3630368113517761,True,False,False,False
STRAIN_000457,3,LOCAL_W10,342,4,0.9397622346878052,0.060237765312194824,0.347095787525177,True,False,False,False
STRAIN_000457,3,LOCAL_W10,442,5,0.9432453513145447,0.05675464868545532,0.3369113504886627,True,False,False,False
STRAIN_000458,3,LOCAL_W10,42,1,0.9381709694862366,0.06182903051376343,0.3516504168510437,True,False,False,False
STRAIN_000458,3,LOCAL_W10,142,2,0.9236629605293274,0.07633703947067261,0.39073529839515686,True,False,False,False
STRAIN_000458,3,LOCAL_W10,242,3,0.9212756156921387,0.07872438430786133,0.39679792523384094,True,False,False,False
STRAIN_000458,3,LOCAL_W10,342,4,0.9314777255058289,0.06852227449417114,0.3701952397823334,True,False,False,False
STRAIN_000458,3,LOCAL_W10,442,5,0.9331094026565552,0.06689059734344482,0.36576107144355774,True,False,False,False
STRAIN_000459,3,LOCAL_W10,42,1,0.9517748951911926,0.04822510480880737,0.31056472659111023,True,False,False,False
STRAIN_000459,3,LOCAL_W10,142,2,0.9463804364204407,0.053619563579559326,0.3274742364883423,True,False,False,False
STRAIN_000459,3,LOCAL_W10,242,3,0.9550553560256958,0.0449446439743042,0.29981571435928345,True,False,False,False
STRAIN_000459,3,LOCAL_W10,342,4,0.9566020965576172,0.04339790344238281,0.29461127519607544,True,False,False,False
STRAIN_000459,3,LOCAL_W10,442,5,0.952360987663269,0.04763901233673096,0.30867162346839905,True,False,False,False
STRAIN_000460,3,LOCAL_W10,42,1,0.9373126029968262,0.06268739700317383,0.35408300161361694,True,False,False,False
STRAIN_000460,3,LOCAL_W10,142,2,0.9482781887054443,0.051721811294555664,0.3216262459754944,True,False,False,False
STRAIN_000460,3,LOCAL_W10,242,3,0.9454393982887268,0.05456060171127319,0.3303346335887909,True,False,False,False
STRAIN_000460,3,LOCAL_W10,342,4,0.9359700679779053,0.06402993202209473,0.3578543961048126,True,False,False,False
STRAIN_000460,3,LOCAL_W10,442,5,0.9359285235404968,0.06407147645950317,0.35797059535980225,True,False,False,False
STRAIN_000461,3,LOCAL_W10,42,1,0.9411775469779968,0.058822453022003174,0.3429938554763794,True,False,False,False
STRAIN_000461,3,LOCAL_W10,142,2,0.9532228708267212,0.04677712917327881,0.30586615204811096,True,False,False,False
STRAIN_000461,3,LOCAL_W10,242,3,0.934140145778656,0.065859854221344,0.3629317581653595,True,False,False,False
STRAIN_000461,3,LOCAL_W10,342,4,0.9412639737129211,0.05873602628707886,0.34274163842201233,True,False,False,False
STRAIN_000461,3,LOCAL_W10,442,5,0.9387027621269226,0.06129723787307739,0.3501345217227936,True,False,False,False
STRAIN_000462,3,LOCAL_W10,42,1,0.950364351272583,0.04963564872741699,0.31507354974746704,True,False,False,False
STRAIN_000462,3,LOCAL_W10,142,2,0.952628493309021,0.047371506690979004,0.3078034818172455,True,False,False,False
STRAIN_000462,3,LOCAL_W10,242,3,0.9489725828170776,0.05102741718292236,0.31946033239364624,True,False,False,False
STRAIN_000462,3,LOCAL_W10,342,4,0.9323699474334717,0.06763005256652832,0.3677773177623749,True,False,False,False
STRAIN_000462,3,LOCAL_W10,442,5,0.9405101537704468,0.05948984622955322,0.344934344291687,True,False,False,False
STRAIN_000463,3,LOCAL_W10,42,1,0.9357908964157104,0.06420910358428955,0.3583548367023468,True,False,False,False
STRAIN_000463,3,LOCAL_W10,142,2,0.9318209886550903,0.06817901134490967,0.3692670464515686,True,False,False,False
STRAIN_000463,3,LOCAL_W10,242,3,0.9357061386108398,0.06429386138916016,0.35859134793281555,True,False,False,False
STRAIN_000463,3,LOCAL_W10,342,4,0.9299896955490112,0.07001030445098877,0.3741935193538666,True,False,False,False
STRAIN_000463,3,LOCAL_W10,442,5,0.9366374611854553,0.06336253881454468,0.3559848964214325,True,False,False,False
STRAIN_000464,3,LOCAL_W10,42,1,0.935504138469696,0.06449586153030396,0.35915401577949524,True,False,False,False
STRAIN_000464,3,LOCAL_W10,142,2,0.937899649143219,0.062100350856781006,0.35242149233818054,True,False,False,False
STRAIN_000464,3,LOCAL_W10,242,3,0.9376062154769897,0.062393784523010254,0.3532531261444092,True,False,False,False
STRAIN_000464,3,LOCAL_W10,342,4,0.9428160190582275,0.05718398094177246,0.33818328380584717,True,False,False,False
STRAIN_000464,3,LOCAL_W10,442,5,0.9374625086784363,0.06253749132156372,0.353659451007843,True,False,False,False
STRAIN_000465,3,LOCAL_W10,42,1,0.9460052847862244,0.053994715213775635,0.3286176025867462,True,False,False,False
STRAIN_000465,3,LOCAL_W10,142,2,0.9466526508331299,0.05334734916687012,0.3266415297985077,True,False,False,False
STRAIN_000465,3,LOCAL_W10,242,3,0.9410474300384521,0.05895256996154785,0.34337300062179565,True,False,False,False
STRAIN_000465,3,LOCAL_W10,342,4,0.9419227838516235,0.058077216148376465,0.34081408381462097,True,False,False,False
STRAIN_000465,3,LOCAL_W10,442,5,0.9457217454910278,0.05427825450897217,0.3294791579246521,True,False,False,False
STRAIN_000466,3,LOCAL_W10,42,1,0.9351697564125061,0.0648302435874939,0.3600836992263794,True,False,False,False
STRAIN_000466,3,LOCAL_W10,142,2,0.9305964708328247,0.06940352916717529,0.3725679814815521,True,False,False,False
STRAIN_000466,3,LOCAL_W10,242,3,0.9434548020362854,0.0565451979637146,0.3362888693809509,True,False,False,False
STRAIN_000466,3,LOCAL_W10,342,4,0.9250205159187317,0.07497948408126831,0.3872452974319458,True,False,False,False
STRAIN_000466,3,LOCAL_W10,442,5,0.9323852062225342,0.06761479377746582,0.36773553490638733,True,False,False,False
STRAIN_000467,3,LOCAL_W10,42,1,0.9410552382469177,0.058944761753082275,0.3433503210544586,True,False,False,False
STRAIN_000467,3,LOCAL_W10,142,2,0.938806414604187,0.06119358539581299,0.3498387336730957,True,False,False,False
STRAIN_000467,3,LOCAL_W10,242,3,0.9424598813056946,0.05754011869430542,0.3392346203327179,True,False,False,False
STRAIN_000467,3,LOCAL_W10,342,4,0.940940260887146,0.059059739112854004,0.3436852991580963,True,False,False,False
STRAIN_000467,3,LOCAL_W10,442,5,0.9456751346588135,0.05432486534118652,0.32962021231651306,True,False,False,False
STRAIN_000468,3,LOCAL_W10,42,1,0.9389932155609131,0.061006784439086914,0.3493044376373291,True,False,False,False
STRAIN_000468,3,LOCAL_W10,142,2,0.9473420977592468,0.052657902240753174,0.32452383637428284,True,False,False,False
STRAIN_000468,3,LOCAL_W10,242,3,0.9413411021232605,0.0586588978767395,0.34251704812049866,True,False,False,False
STRAIN_000468,3,LOCAL_W10,342,4,0.9557448029518127,0.044255197048187256,0.297507107257843,True,False,False,False
STRAIN_000468,3,LOCAL_W10,442,5,0.9492809772491455,0.05071902275085449,0.3184935748577118,True,False,False,False
STRAIN_000469,3,LOCAL_W10,42,1,0.9288605451583862,0.07113945484161377,0.3771985173225403,True,False,False,False
STRAIN_000469,3,LOCAL_W10,142,2,0.9359009861946106,0.0640990138053894,0.3580475151538849,True,False,False,False
STRAIN_000469,3,LOCAL_W10,242,3,0.947731614112854,0.052268385887145996,0.32332155108451843,True,False,False,False
STRAIN_000469,3,LOCAL_W10,342,4,0.9515160918235779,0.04848390817642212,0.31139662861824036,True,False,False,False
STRAIN_000469,3,LOCAL_W10,442,5,0.9392182230949402,0.060781776905059814,0.3486593961715698,True,False,False,False
STRAIN_000477,3,LOCAL_W10,42,1,0.9451771974563599,0.05482280254364014,0.3311278820037842,True,False,False,False
STRAIN_000477,3,LOCAL_W10,142,2,0.9420212507247925,0.05797874927520752,0.34052520990371704,True,False,False,False
STRAIN_000477,3,LOCAL_W10,242,3,0.9582650661468506,0.041734933853149414,0.2889114320278168,True,False,False,False
STRAIN_000477,3,LOCAL_W10,342,4,0.9445387125015259,0.05546128749847412,0.33305060863494873,True,False,False,False
STRAIN_000477,3,LOCAL_W10,442,5,0.9462698698043823,0.053730130195617676,0.3278110921382904,True,False,False,False
STRAIN_000478,3,LOCAL_W10,42,1,0.9466119408607483,0.05338805913925171,0.32676586508750916,True,False,False,False
STRAIN_000478,3,LOCAL_W10,142,2,0.9399492740631104,0.06005072593688965,0.3465564250946045,True,False,False,False
STRAIN_000478,3,LOCAL_W10,242,3,0.9482393264770508,0.05176067352294922,0.32174718379974365,True,False,False,False
STRAIN_000478,3,LOCAL_W10,342,4,0.9492944478988647,0.050705552101135254,0.31845101714134216,True,False,False,False
STRAIN_000478,3,LOCAL_W10,442,5,0.9534274339675903,0.04657256603240967,0.30519676208496094,True,False,False,False
STRAIN_000494,3,LOCAL_W10,42,1,0.9449015259742737,0.05509847402572632,0.3319595456123352,True,False,False,False
STRAIN_000494,3,LOCAL_W10,142,2,0.9484907388687134,0.05150926113128662,0.3209652602672577,True,False,False,False
STRAIN_000494,3,LOCAL_W10,242,3,0.9438515305519104,0.0561484694480896,0.33510732650756836,True,False,False,False
STRAIN_000494,3,LOCAL_W10,342,4,0.9448756575584412,0.05512434244155884,0.3320372998714447,True,False,False,False
STRAIN_000494,3,LOCAL_W10,442,5,0.9436506032943726,0.05634939670562744,0.33570680022239685,True,False,False,False
STRAIN_000503,3,LOCAL_W10,42,1,0.9364877939224243,0.06351220607757568,0.35640478134155273,True,False,False,False
STRAIN_000503,3,LOCAL_W10,142,2,0.9375925660133362,0.06240743398666382,0.35329145193099976,True,False,False,False
STRAIN_000503,3,LOCAL_W10,242,3,0.9376913905143738,0.06230860948562622,0.3530115485191345,True,False,False,False
STRAIN_000503,3,LOCAL_W10,342,4,0.9325218796730042,0.06747812032699585,0.36736389994621277,True,False,False,False
STRAIN_000503,3,LOCAL_W10,442,5,0.933387279510498,0.06661272048950195,0.36500051617622375,True,False,False,False
STRAIN_000506,3,LOCAL_W10,42,1,0.9429098963737488,0.05709010362625122,0.3379056453704834,True,False,False,False
STRAIN_000506,3,LOCAL_W10,142,2,0.9372752904891968,0.06272470951080322,0.35418838262557983,True,False,False,False
STRAIN_000506,3,LOCAL_W10,242,3,0.9415718913078308,0.05842810869216919,0.3418426215648651,True,False,False,False
STRAIN_000506,3,LOCAL_W10,342,4,0.9432297945022583,0.0567702054977417,0.336957722902298,True,False,False,False
STRAIN_000506,3,LOCAL_W10,442,5,0.9445226788520813,0.0554773211479187,0.33309850096702576,True,False,False,False
STRAIN_000507,3,LOCAL_W10,42,1,0.9397833347320557,0.060216665267944336,0.34703513979911804,True,False,False,False
STRAIN_000507,3,LOCAL_W10,142,2,0.9384943842887878,0.06150561571121216,0.35072949528694153,True,False,False,False
STRAIN_000507,3,LOCAL_W10,242,3,0.9372588396072388,0.06274116039276123,0.35423481464385986,True,False,False,False
STRAIN_000507,3,LOCAL_W10,342,4,0.9402969479560852,0.059703052043914795,0.3455521762371063,True,False,False,False
STRAIN_000507,3,LOCAL_W10,442,5,0.9375808238983154,0.06241917610168457,0.353324830532074,True,False,False,False
STRAIN_000516,3,LOCAL_W10,42,1,0.9584687948226929,0.04153120517730713,0.2882055640220642,True,False,False,False
STRAIN_000516,3,LOCAL_W10,142,2,0.9652974605560303,0.03470253944396973,0.2634488046169281,True,False,False,False
STRAIN_000516,3,LOCAL_W10,242,3,0.9675924777984619,0.032407522201538086,0.25458818674087524,True,False,False,False
STRAIN_000516,3,LOCAL_W10,342,4,0.9650441408157349,0.03495585918426514,0.26440826058387756,True,False,False,False
STRAIN_000516,3,LOCAL_W10,442,5,0.9631139636039734,0.03688603639602661,0.27160996198654175,True,False,False,False
STRAIN_000520,3,LOCAL_W10,42,1,0.9489058256149292,0.0510941743850708,0.3196690082550049,True,False,False,False
STRAIN_000520,3,LOCAL_W10,142,2,0.9468967914581299,0.05310320854187012,0.32589325308799744,True,False,False,False
STRAIN_000520,3,LOCAL_W10,242,3,0.9364138841629028,0.06358611583709717,0.35661208629608154,True,False,False,False
STRAIN_000520,3,LOCAL_W10,342,4,0.9482958316802979,0.05170416831970215,0.3215716481208801,True,False,False,False
STRAIN_000520,3,LOCAL_W10,442,5,0.9477298855781555,0.05227011442184448,0.3233267664909363,True,False,False,False
STRAIN_000521,3,LOCAL_W10,42,1,0.9477448463439941,0.05225515365600586,0.32328081130981445,True,False,False,False
STRAIN_000521,3,LOCAL_W10,142,2,0.933838427066803,0.06616157293319702,0.3637625277042389,True,False,False,False
STRAIN_000521,3,LOCAL_W10,242,3,0.9364138841629028,0.06358611583709717,0.3566124439239502,True,False,False,False
STRAIN_000521,3,LOCAL_W10,342,4,0.9382685422897339,0.06173145771026611,0.35137298703193665,True,False,False,False
STRAIN_000521,3,LOCAL_W10,442,5,0.9448660016059875,0.05513399839401245,0.3320663571357727,True,False,False,False
STRAIN_000524,3,LOCAL_W10,42,1,0.9492349624633789,0.050765037536621094,0.31863778829574585,True,False,False,False
STRAIN_000524,3,LOCAL_W10,142,2,0.9460891485214233,0.05391085147857666,0.3283621668815613,True,False,False,False
STRAIN_000524,3,LOCAL_W10,242,3,0.9431474208831787,0.05685257911682129,0.3372020125389099,True,False,False,False
STRAIN_000524,3,LOCAL_W10,342,4,0.9452175498008728,0.0547824501991272,0.33100590109825134,True,False,False,False
STRAIN_000524,3,LOCAL_W10,442,5,0.9471498727798462,0.05285012722015381,0.3251156508922577,True,False,False,False
STRAIN_000529,3,LOCAL_W10,42,1,0.9506011009216309,0.04939889907836914,0.3143211603164673,True,False,False,False
STRAIN_000529,3,LOCAL_W10,142,2,0.9401827454566956,0.05981725454330444,0.34588223695755005,True,False,False,False
STRAIN_000529,3,LOCAL_W10,242,3,0.9424498081207275,0.05755019187927246,0.33926424384117126,True,False,False,False
STRAIN_000529,3,LOCAL_W10,342,4,0.95073002576828,0.04926997423171997,0.3139108419418335,True,False,False,False
STRAIN_000529,3,LOCAL_W10,442,5,0.9445521831512451,0.05544781684875488,0.3330099284648895,True,False,False,False
STRAIN_000536,3,LOCAL_W10,42,1,0.941876232624054,0.058123767375946045,0.3409508764743805,True,False,False,False
STRAIN_000536,3,LOCAL_W10,142,2,0.9436078667640686,0.056392133235931396,0.3358336091041565,True,False,False,False
STRAIN_000536,3,LOCAL_W10,242,3,0.9470952153205872,0.05290478467941284,0.32528361678123474,True,False,False,False
STRAIN_000536,3,LOCAL_W10,342,4,0.9524564146995544,0.04754358530044556,0.30836206674575806,True,False,False,False
STRAIN_000536,3,LOCAL_W10,442,5,0.9495446681976318,0.050455331802368164,0.3176644444465637,True,False,False,False
STRAIN_000542,3,LOCAL_W10,42,1,0.948686420917511,0.051313579082489014,0.32035475969314575,True,False,False,False
STRAIN_000542,3,LOCAL_W10,142,2,0.9284967184066772,0.07150328159332275,0.37816205620765686,True,False,False,False
STRAIN_000542,3,LOCAL_W10,242,3,0.9397860765457153,0.06021392345428467,0.3470269739627838,True,False,False,False
STRAIN_000542,3,LOCAL_W10,342,4,0.9222548604011536,0.07774513959884644,0.3943226635456085,True,False,False,False
STRAIN_000542,3,LOCAL_W10,442,5,0.9410920739173889,0.058907926082611084,0.34324297308921814,True,False,False,False
STRAIN_000543,3,LOCAL_W10,42,1,0.9601845741271973,0.039815425872802734,0.28218933939933777,True,False,False,False
STRAIN_000543,3,LOCAL_W10,142,2,0.9640083312988281,0.035991668701171875,0.2682969570159912,True,False,False,False
STRAIN_000543,3,LOCAL_W10,242,3,0.9655004739761353,0.034499526023864746,0.26267680525779724,True,False,False,False
STRAIN_000543,3,LOCAL_W10,342,4,0.9647247195243835,0.035275280475616455,0.26561346650123596,True,False,False,False
STRAIN_000543,3,LOCAL_W10,442,5,0.9574892520904541,0.0425107479095459,0.2915843725204468,True,False,False,False
STRAIN_000545,3,LOCAL_W10,42,1,0.9449909925460815,0.05500900745391846,0.33168935775756836,True,False,False,False
STRAIN_000545,3,LOCAL_W10,142,2,0.9461545944213867,0.05384540557861328,0.32816281914711,True,False,False,False
STRAIN_000545,3,LOCAL_W10,242,3,0.9423815011978149,0.05761849880218506,0.33946576714515686,True,False,False,False
STRAIN_000545,3,LOCAL_W10,342,4,0.9483562707901001,0.0516437292098999,0.32138362526893616,True,False,False,False
STRAIN_000545,3,LOCAL_W10,442,5,0.9358463287353516,0.06415367126464844,0.35819998383522034,True,False,False,False
STRAIN_000551,3,LOCAL_W10,42,1,0.9414655566215515,0.058534443378448486,0.3421534597873688,True,False,False,False
STRAIN_000551,3,LOCAL_W10,142,2,0.9509793519973755,0.04902064800262451,0.31311559677124023,True,False,False,False
STRAIN_000551,3,LOCAL_W10,242,3,0.9569790363311768,0.04302096366882324,0.2933292090892792,True,False,False,False
STRAIN_000551,3,LOCAL_W10,342,4,0.9480342268943787,0.05196577310562134,0.32238444685935974,True,False,False,False
STRAIN_000551,3,LOCAL_W10,442,5,0.9507860541343689,0.049213945865631104,0.3137323260307312,True,False,False,False
STRAIN_000554,3,LOCAL_W10,42,1,0.9509948492050171,0.04900515079498291,0.313065767288208,True,False,False,False
STRAIN_000554,3,LOCAL_W10,142,2,0.9491705894470215,0.050829410552978516,0.3188398778438568,True,False,False,False
STRAIN_000554,3,LOCAL_W10,242,3,0.9438741207122803,0.05612587928771973,0.335039883852005,True,False,False,False
STRAIN_000554,3,LOCAL_W10,342,4,0.9489198327064514,0.051080167293548584,0.31962519884109497,True,False,False,False
STRAIN_000554,3,LOCAL_W10,442,5,0.9466564655303955,0.05334353446960449,0.3266299068927765,True,False,False,False
STRAIN_000559,3,LOCAL_W10,42,1,0.9518794417381287,0.04812055826187134,0.3102276027202606,True,False,False,False
STRAIN_000559,3,LOCAL_W10,142,2,0.9416879415512085,0.058312058448791504,0.34150272607803345,True,False,False,False
STRAIN_000559,3,LOCAL_W10,242,3,0.9349057078361511,0.06509429216384888,0.36081668734550476,True,False,False,False
STRAIN_000559,3,LOCAL_W10,342,4,0.9403451681137085,0.059654831886291504,0.3454122841358185,True,False,False,False
STRAIN_000559,3,LOCAL_W10,442,5,0.9465832710266113,0.05341672897338867,0.3268541395664215,True,False,False,False
STRAIN_000560,3,LOCAL_W10,42,1,0.937835693359375,0.062164306640625,0.35260263085365295,True,False,False,False
STRAIN_000560,3,LOCAL_W10,142,2,0.9314417839050293,0.0685582160949707,0.3702922463417053,True,False,False,False
STRAIN_000560,3,LOCAL_W10,242,3,0.9375902414321899,0.06240975856781006,0.35329797863960266,True,False,False,False
STRAIN_000560,3,LOCAL_W10,342,4,0.9430440664291382,0.056955933570861816,0.33750802278518677,True,False,False,False
STRAIN_000560,3,LOCAL_W10,442,5,0.926366925239563,0.07363307476043701,0.3837527930736542,True,False,False,False
STRAIN_000580,3,LOCAL_W10,42,1,0.9442192316055298,0.055780768394470215,0.33400827646255493,True,False,False,False
STRAIN_000580,3,LOCAL_W10,142,2,0.9455435276031494,0.054456472396850586,0.3300197422504425,True,False,False,False
STRAIN_000580,3,LOCAL_W10,242,3,0.9451346397399902,0.054865360260009766,0.33125633001327515,True,False,False,False
STRAIN_000580,3,LOCAL_W10,342,4,0.9353437423706055,0.06465625762939453,0.3596004843711853,True,False,False,False
STRAIN_000580,3,LOCAL_W10,442,5,0.9424114227294922,0.05758857727050781,0.3393775224685669,True,False,False,False
STRAIN_000599,3,LOCAL_W10,42,1,0.9556654691696167,0.0443345308303833,0.2977733314037323,True,False,False,False
STRAIN_000599,3,LOCAL_W10,142,2,0.9629396200180054,0.03706037998199463,0.27225106954574585,True,False,False,False
STRAIN_000599,3,LOCAL_W10,242,3,0.9727506637573242,0.02724933624267578,0.23344947397708893,True,False,False,False
STRAIN_000599,3,LOCAL_W10,342,4,0.9340665340423584,0.0659334659576416,0.3631347417831421,True,False,False,False
STRAIN_000599,3,LOCAL_W10,442,5,0.9689700603485107,0.031029939651489258,0.24911834299564362,True,False,False,False
STRAIN_000610,3,LOCAL_W10,42,1,0.9639761447906494,0.036023855209350586,0.2684171199798584,True,False,False,False
STRAIN_000610,3,LOCAL_W10,142,2,0.9571300148963928,0.04286998510360718,0.2928139865398407,True,False,False,False
STRAIN_000610,3,LOCAL_W10,242,3,0.964870274066925,0.03512972593307495,0.26506492495536804,True,False,False,False
STRAIN_000610,3,LOCAL_W10,342,4,0.9643190503120422,0.035680949687957764,0.26713675260543823,True,False,False,False
STRAIN_000610,3,LOCAL_W10,442,5,0.9656366109848022,0.034363389015197754,0.2621578872203827,True,False,False,False
STRAIN_000622,3,LOCAL_W10,42,1,0.9451305866241455,0.05486941337585449,0.33126896619796753,True,False,False,False
STRAIN_000622,3,LOCAL_W10,142,2,0.9432985782623291,0.0567014217376709,0.3367534577846527,True,False,False,False
STRAIN_000622,3,LOCAL_W10,242,3,0.9406013488769531,0.059398651123046875,0.3446696996688843,True,False,False,False
STRAIN_000622,3,LOCAL_W10,342,4,0.9436290264129639,0.05637097358703613,0.3357706665992737,True,False,False,False
STRAIN_000622,3,LOCAL_W10,442,5,0.9383687973022461,0.061631202697753906,0.35108745098114014,True,False,False,False
STRAIN_000626,3,LOCAL_W10,42,1,0.949677050113678,0.05032294988632202,0.317247211933136,True,False,False,False
STRAIN_000626,3,LOCAL_W10,142,2,0.9472108483314514,0.052789151668548584,0.3249281048774719,True,False,False,False
STRAIN_000626,3,LOCAL_W10,242,3,0.947278618812561,0.052721381187438965,0.32471963763237,True,False,False,False
STRAIN_000626,3,LOCAL_W10,342,4,0.950247585773468,0.04975241422653198,0.315443754196167,True,False,False,False
STRAIN_000626,3,LOCAL_W10,442,5,0.950893223285675,0.04910677671432495,0.3133905231952667,True,False,False,False
STRAIN_000633,3,LOCAL_W10,42,1,0.9456146359443665,0.054385364055633545,0.32980430126190186,True,False,False,False
STRAIN_000633,3,LOCAL_W10,142,2,0.9550904035568237,0.04490959644317627,0.2996986508369446,True,False,False,False
STRAIN_000633,3,LOCAL_W10,242,3,0.9320476055145264,0.06795239448547363,0.36865296959877014,True,False,False,False
STRAIN_000633,3,LOCAL_W10,342,4,0.9312582612037659,0.06874173879623413,0.3707878887653351,True,False,False,False
STRAIN_000633,3,LOCAL_W10,442,5,0.9379229545593262,0.06207704544067383,0.35235512256622314,True,False,False,False
STRAIN_000635,3,LOCAL_W10,42,1,0.9281123876571655,0.07188761234283447,0.3791772723197937,True,False,False,False
STRAIN_000635,3,LOCAL_W10,142,2,0.9390991926193237,0.06090080738067627,0.3490007519721985,True,False,False,False
STRAIN_000635,3,LOCAL_W10,242,3,0.9446802735328674,0.05531972646713257,0.33262526988983154,True,False,False,False
STRAIN_000635,3,LOCAL_W10,342,4,0.935179591178894,0.06482040882110596,0.3600568473339081,True,False,False,False
STRAIN_000635,3,LOCAL_W10,442,5,0.9319421052932739,0.06805789470672607,0.36893874406814575,True,False,False,False
STRAIN_000639,3,LOCAL_W10,42,1,0.9522800445556641,0.04771995544433594,0.3089334964752197,True,False,False,False
STRAIN_000639,3,LOCAL_W10,142,2,0.9426595568656921,0.05734044313430786,0.33864542841911316,True,False,False,False
STRAIN_000639,3,LOCAL_W10,242,3,0.9433573484420776,0.05664265155792236,0.3365788459777832,True,False,False,False
STRAIN_000639,3,LOCAL_W10,342,4,0.9460299611091614,0.05397003889083862,0.32854244112968445,True,False,False,False
STRAIN_000639,3,LOCAL_W10,442,5,0.938023030757904,0.06197696924209595,0.3520708382129669,True,False,False,False
STRAIN_000650,3,LOCAL_W10,42,1,0.9419904947280884,0.05800950527191162,0.34061554074287415,True,False,False,False
STRAIN_000650,3,LOCAL_W10,142,2,0.924679696559906,0.075320303440094,0.38812440633773804,True,False,False,False
STRAIN_000650,3,LOCAL_W10,242,3,0.9290510416030884,0.07094895839691162,0.37669312953948975,True,False,False,False
STRAIN_000650,3,LOCAL_W10,342,4,0.9497500061988831,0.05024999380111694,0.3170170485973358,True,False,False,False
STRAIN_000650,3,LOCAL_W10,442,5,0.9462507963180542,0.0537492036819458,0.3278696537017822,True,False,False,False
STRAIN_000651,3,LOCAL_W10,42,1,0.9391650557518005,0.06083494424819946,0.348812073469162,True,False,False,False
STRAIN_000651,3,LOCAL_W10,142,2,0.9424629807472229,0.0575370192527771,0.3392256796360016,True,False,False,False
STRAIN_000651,3,LOCAL_W10,242,3,0.9437524676322937,0.0562475323677063,0.33540287613868713,True,False,False,False
STRAIN_000651,3,LOCAL_W10,342,4,0.9462808966636658,0.05371910333633423,0.3277777433395386,True,False,False,False
STRAIN_000651,3,LOCAL_W10,442,5,0.9280300736427307,0.07196992635726929,0.37939396500587463,True,False,False,False
STRAIN_000652,3,LOCAL_W10,42,1,0.9516996741294861,0.048300325870513916,0.3108067512512207,True,False,False,False
STRAIN_000652,3,LOCAL_W10,142,2,0.941953182220459,0.058046817779541016,0.3407256305217743,True,False,False,False
STRAIN_000652,3,LOCAL_W10,242,3,0.9589298367500305,0.04107016324996948,0.28660157322883606,True,False,False,False
STRAIN_000652,3,LOCAL_W10,342,4,0.9466439485549927,0.053356051445007324,0.32666847109794617,True,False,False,False
STRAIN_000652,3,LOCAL_W10,442,5,0.9498254656791687,0.0501745343208313,0.3167795240879059,True,False,False,False
STRAIN_000654,3,LOCAL_W10,42,1,0.9421975016593933,0.05780249834060669,0.34000730514526367,True,False,False,False
STRAIN_000654,3,LOCAL_W10,142,2,0.9378201961517334,0.0621798038482666,0.3526466190814972,True,False,False,False
STRAIN_000654,3,LOCAL_W10,242,3,0.9407404661178589,0.05925953388214111,0.3442658483982086,True,False,False,False
STRAIN_000654,3,LOCAL_W10,342,4,0.942865252494812,0.05713474750518799,0.3380378484725952,True,False,False,False
STRAIN_000654,3,LOCAL_W10,442,5,0.948692798614502,0.05130720138549805,0.32033485174179077,True,False,False,False
STRAIN_000657,3,LOCAL_W10,42,1,0.9402791857719421,0.05972081422805786,0.3456030488014221,True,False,False,False
STRAIN_000657,3,LOCAL_W10,142,2,0.9385526180267334,0.0614473819732666,0.3505636155605316,True,False,False,False
STRAIN_000657,3,LOCAL_W10,242,3,0.9435198307037354,0.05648016929626465,0.336095929145813,True,False,False,False
STRAIN_000657,3,LOCAL_W10,342,4,0.9373800754547119,0.06261992454528809,0.3538925349712372,True,False,False,False
STRAIN_000657,3,LOCAL_W10,442,5,0.9365689754486084,0.0634310245513916,0.3561769425868988,True,False,False,False
STRAIN_000658,3,LOCAL_W10,42,1,0.9435385465621948,0.056461453437805176,0.33604007959365845,True,False,False,False
STRAIN_000658,3,LOCAL_W10,142,2,0.942550539970398,0.05744946002960205,0.3389674127101898,True,False,False,False
STRAIN_000658,3,LOCAL_W10,242,3,0.9411733746528625,0.05882662534713745,0.3430061340332031,True,False,False,False
STRAIN_000658,3,LOCAL_W10,342,4,0.9450083374977112,0.05499166250228882,0.33163750171661377,True,False,False,False
STRAIN_000658,3,LOCAL_W10,442,5,0.9435060024261475,0.05649399757385254,0.33613693714141846,True,False,False,False
STRAIN_000668,3,LOCAL_W10,42,1,0.9385558366775513,0.06144416332244873,0.3505539298057556,True,False,False,False
STRAIN_000668,3,LOCAL_W10,142,2,0.9501256346702576,0.04987436532974243,0.31582996249198914,True,False,False,False
STRAIN_000668,3,LOCAL_W10,242,3,0.9333364963531494,0.06666350364685059,0.36513960361480713,True,False,False,False
STRAIN_000668,3,LOCAL_W10,342,4,0.9454149007797241,0.05458509922027588,0.3304092288017273,True,False,False,False
STRAIN_000668,3,LOCAL_W10,442,5,0.9470223188400269,0.052977681159973145,0.32550761103630066,True,False,False,False
STRAIN_000687,3,LOCAL_W10,42,1,0.9469412565231323,0.053058743476867676,0.3257567584514618,True,False,False,False
STRAIN_000687,3,LOCAL_W10,142,2,0.9413955211639404,0.05860447883605957,0.3423579931259155,True,False,False,False
STRAIN_000687,3,LOCAL_W10,242,3,0.9465363621711731,0.053463637828826904,0.32699745893478394,True,False,False,False
STRAIN_000687,3,LOCAL_W10,342,4,0.9416898488998413,0.05831015110015869,0.34149742126464844,True,False,False,False
STRAIN_000687,3,LOCAL_W10,442,5,0.9437448382377625,0.05625516176223755,0.33542564511299133,True,False,False,False
STRAIN_000689,3,LOCAL_W10,42,1,0.9407994747161865,0.05920052528381348,0.34409430623054504,True,False,False,False
STRAIN_000689,3,LOCAL_W10,142,2,0.946121096611023,0.05387890338897705,0.3282647430896759,True,False,False,False
STRAIN_000689,3,LOCAL_W10,242,3,0.9522129893302917,0.04778701066970825,0.3091505765914917,True,False,False,False
STRAIN_000689,3,LOCAL_W10,342,4,0.945986807346344,0.054013192653656006,0.32867345213890076,True,False,False,False
STRAIN_000689,3,LOCAL_W10,442,5,0.9430854320526123,0.056914567947387695,0.3373854458332062,True,False,False,False
STRAIN_000692,3,LOCAL_W10,42,1,0.9355638027191162,0.06443619728088379,0.3589879274368286,True,False,False,False
STRAIN_000692,3,LOCAL_W10,142,2,0.9284605979919434,0.07153940200805664,0.37825748324394226,True,False,False,False
STRAIN_000692,3,LOCAL_W10,242,3,0.9460073709487915,0.053992629051208496,0.32861095666885376,True,False,False,False
STRAIN_000692,3,LOCAL_W10,342,4,0.9415426254272461,0.058457374572753906,0.3419279456138611,True,False,False,False
STRAIN_000692,3,LOCAL_W10,442,5,0.9360464811325073,0.06395351886749268,0.35764080286026,True,False,False,False
STRAIN_000696,3,LOCAL_W10,42,1,0.959757924079895,0.04024207592010498,0.2836970388889313,True,False,False,False
STRAIN_000696,3,LOCAL_W10,142,2,0.9531099796295166,0.0468900203704834,0.3062352240085602,True,False,False,False
STRAIN_000696,3,LOCAL_W10,242,3,0.9533803462982178,0.04661965370178223,0.30535078048706055,True,False,False,False
STRAIN_000696,3,LOCAL_W10,342,4,0.9576544761657715,0.042345523834228516,0.2910173535346985,True,False,False,False
STRAIN_000696,3,LOCAL_W10,442,5,0.9549307823181152,0.045069217681884766,0.30023059248924255,True,False,False,False
STRAIN_000697,3,LOCAL_W10,42,1,0.9350452423095703,0.06495475769042969,0.3604295253753662,True,False,False,False
STRAIN_000697,3,LOCAL_W10,142,2,0.9423099756240845,0.05769002437591553,0.33967623114585876,True,False,False,False
STRAIN_000697,3,LOCAL_W10,242,3,0.941260039806366,0.05873996019363403,0.3427532911300659,True,False,False,False
STRAIN_000697,3,LOCAL_W10,342,4,0.9292588829994202,0.07074111700057983,0.37614119052886963,True,False,False,False
STRAIN_000697,3,LOCAL_W10,442,5,0.9372739195823669,0.06272608041763306,0.35419198870658875,True,False,False,False
STRAIN_000698,3,LOCAL_W10,42,1,0.9380534291267395,0.0619465708732605,0.3519847095012665,True,False,False,False
STRAIN_000698,3,LOCAL_W10,142,2,0.9384773969650269,0.061522603034973145,0.3507784605026245,True,False,False,False
STRAIN_000698,3,LOCAL_W10,242,3,0.9363713264465332,0.0636286735534668,0.35673171281814575,True,False,False,False
STRAIN_000698,3,LOCAL_W10,342,4,0.9322050213813782,0.06779497861862183,0.3682253360748291,True,False,False,False
STRAIN_000698,3,LOCAL_W10,442,5,0.9375691413879395,0.06243085861206055,0.3533579409122467,True,False,False,False
STRAIN_000699,3,LOCAL_W10,42,1,0.9416201114654541,0.0583798885345459,0.3417013883590698,True,False,False,False
STRAIN_000699,3,LOCAL_W10,142,2,0.9476867914199829,0.05231320858001709,0.32346001267433167,True,False,False,False
STRAIN_000699,3,LOCAL_W10,242,3,0.9364469647407532,0.06355303525924683,0.35651952028274536,True,False,False,False
STRAIN_000699,3,LOCAL_W10,342,4,0.9354698061943054,0.06453019380569458,0.3592497706413269,True,False,False,False
STRAIN_000699,3,LOCAL_W10,442,5,0.9431247711181641,0.05687522888183594,0.3372691571712494,True,False,False,False
STRAIN_000700,3,LOCAL_W10,42,1,0.9425182938575745,0.05748170614242554,0.3390624225139618,True,False,False,False
STRAIN_000700,3,LOCAL_W10,142,2,0.9425075054168701,0.05749249458312988,0.3390944004058838,True,False,False,False
STRAIN_000700,3,LOCAL_W10,242,3,0.9457285404205322,0.05427145957946777,0.32945847511291504,True,False,False,False
STRAIN_000700,3,LOCAL_W10,342,4,0.9383730888366699,0.06162691116333008,0.3510749042034149,True,False,False,False
STRAIN_000700,3,LOCAL_W10,442,5,0.9392268061637878,0.06077319383621216,0.3486352264881134,True,False,False,False
STRAIN_000705,3,LOCAL_W10,42,1,0.9501840472221375,0.04981595277786255,0.315645307302475,True,False,False,False
STRAIN_000705,3,LOCAL_W10,142,2,0.9525540471076965,0.04744595289230347,0.30804550647735596,True,False,False,False
STRAIN_000705,3,LOCAL_W10,242,3,0.9388051629066467,0.06119483709335327,0.3498426079750061,True,False,False,False
STRAIN_000705,3,LOCAL_W10,342,4,0.945203959941864,0.054796040058135986,0.33104684948921204,True,False,False,False
STRAIN_000705,3,LOCAL_W10,442,5,0.9412776231765747,0.05872237682342529,0.3427022099494934,True,False,False,False
STRAIN_000709,3,LOCAL_W10,42,1,0.9502782821655273,0.049721717834472656,0.3153465688228607,True,False,False,False
STRAIN_000709,3,LOCAL_W10,142,2,0.9507128000259399,0.04928719997406006,0.31396588683128357,True,False,False,False
STRAIN_000709,3,LOCAL_W10,242,3,0.9459120035171509,0.05408799648284912,0.3289012610912323,True,False,False,False
STRAIN_000709,3,LOCAL_W10,342,4,0.9546192288398743,0.04538077116012573,0.30126699805259705,True,False,False,False
STRAIN_000709,3,LOCAL_W10,442,5,0.949034571647644,0.05096542835235596,0.3192662298679352,True,False,False,False
STRAIN_000711,3,LOCAL_W10,42,1,0.9482628107070923,0.051737189292907715,0.32167401909828186,True,False,False,False
STRAIN_000711,3,LOCAL_W10,142,2,0.9477113485336304,0.05228865146636963,0.323384165763855,True,False,False,False
STRAIN_000711,3,LOCAL_W10,242,3,0.9365490078926086,0.06345099210739136,0.3562331199645996,True,False,False,False
STRAIN_000711,3,LOCAL_W10,342,4,0.9361908435821533,0.06380915641784668,0.35723719000816345,True,False,False,False
STRAIN_000711,3,LOCAL_W10,442,5,0.935080349445343,0.06491965055465698,0.3603321611881256,True,False,False,False
STRAIN_000714,3,LOCAL_W10,42,1,0.9523628354072571,0.04763716459274292,0.30866560339927673,True,False,False,False
STRAIN_000714,3,LOCAL_W10,142,2,0.9402921795845032,0.059707820415496826,0.3455656170845032,True,False,False,False
STRAIN_000714,3,LOCAL_W10,242,3,0.9461486339569092,0.05385136604309082,0.3281812071800232,True,False,False,False
STRAIN_000714,3,LOCAL_W10,342,4,0.9599445462226868,0.04005545377731323,0.2830387353897095,True,False,False,False
STRAIN_000714,3,LOCAL_W10,442,5,0.948711633682251,0.05128836631774902,0.32027578353881836,True,False,False,False
STRAIN_000720,3,LOCAL_W10,42,1,0.9407232999801636,0.059276700019836426,0.34431588649749756,True,False,False,False
STRAIN_000720,3,LOCAL_W10,142,2,0.9384258985519409,0.06157410144805908,0.3509247303009033,True,False,False,False
STRAIN_000720,3,LOCAL_W10,242,3,0.9476980566978455,0.05230194330215454,0.32342520356178284,True,False,False,False
STRAIN_000720,3,LOCAL_W10,342,4,0.9393246173858643,0.06067538261413574,0.34835413098335266,True,False,False,False
STRAIN_000720,3,LOCAL_W10,442,5,0.9428362846374512,0.05716371536254883,0.3381232023239136,True,False,False,False
STRAIN_000723,3,LOCAL_W10,42,1,0.9433469772338867,0.05665302276611328,0.33660969138145447,True,False,False,False
STRAIN_000723,3,LOCAL_W10,142,2,0.9439688920974731,0.056031107902526855,0.33475688099861145,True,False,False,False
STRAIN_000723,3,LOCAL_W10,242,3,0.9478998780250549,0.05210012197494507,0.32280048727989197,True,False,False,False
STRAIN_000723,3,LOCAL_W10,342,4,0.9375430345535278,0.06245696544647217,0.3534316420555115,True,False,False,False
STRAIN_000723,3,LOCAL_W10,442,5,0.9427443146705627,0.057255685329437256,0.3383953869342804,True,False,False,False
STRAIN_000733,3,LOCAL_W10,42,1,0.946776270866394,0.05322372913360596,0.3262627422809601,True,False,False,False
STRAIN_000733,3,LOCAL_W10,142,2,0.949038565158844,0.050961434841156006,0.319253534078598,True,False,False,False
STRAIN_000733,3,LOCAL_W10,242,3,0.9405781626701355,0.0594218373298645,0.3447369337081909,True,False,False,False
STRAIN_000733,3,LOCAL_W10,342,4,0.9473193287849426,0.05268067121505737,0.3245941698551178,True,False,False,False
STRAIN_000733,3,LOCAL_W10,442,5,0.9419002532958984,0.05809974670410156,0.34088030457496643,True,False,False,False
STRAIN_000739,3,LOCAL_W10,42,1,0.9446163177490234,0.05538368225097656,0.3328171670436859,True,False,False,False
STRAIN_000739,3,LOCAL_W10,142,2,0.9438170194625854,0.05618298053741455,0.3352103531360626,True,False,False,False
STRAIN_000739,3,LOCAL_W10,242,3,0.9435939788818359,0.05640602111816406,0.3358750343322754,True,False,False,False
STRAIN_000739,3,LOCAL_W10,342,4,0.9408060908317566,0.05919390916824341,0.34407520294189453,True,False,False,False
STRAIN_000739,3,LOCAL_W10,442,5,0.9475974440574646,0.0524025559425354,0.3237362504005432,True,False,False,False
STRAIN_000740,3,LOCAL_W10,42,1,0.9455516934394836,0.05444830656051636,0.3299947679042816,True,False,False,False
STRAIN_000740,3,LOCAL_W10,142,2,0.9442522525787354,0.05574774742126465,0.3339093327522278,True,False,False,False
STRAIN_000740,3,LOCAL_W10,242,3,0.9408625364303589,0.05913746356964111,0.34391120076179504,True,False,False,False
STRAIN_000740,3,LOCAL_W10,342,4,0.9404810667037964,0.05951893329620361,0.34501874446868896,True,False,False,False
STRAIN_000740,3,LOCAL_W10,442,5,0.9483610391616821,0.05163896083831787,0.32136857509613037,True,False,False,False
STRAIN_000750,3,LOCAL_W10,42,1,0.9473233222961426,0.05267667770385742,0.3245818018913269,True,False,False,False
STRAIN_000750,3,LOCAL_W10,142,2,0.9434687495231628,0.05653125047683716,0.33624765276908875,True,False,False,False
STRAIN_000750,3,LOCAL_W10,242,3,0.9475864171981812,0.05241358280181885,0.3237702548503876,True,False,False,False
STRAIN_000750,3,LOCAL_W10,342,4,0.9526799917221069,0.047320008277893066,0.30763623118400574,True,False,False,False
STRAIN_000750,3,LOCAL_W10,442,5,0.9489471912384033,0.05105280876159668,0.31953975558280945,True,False,False,False
STRAIN_000766,3,LOCAL_W10,42,1,0.9728033542633057,0.027196645736694336,0.23322363197803497,True,False,False,False
STRAIN_000766,3,LOCAL_W10,142,2,0.952389657497406,0.047610342502593994,0.3085783123970032,True,False,False,False
STRAIN_000766,3,LOCAL_W10,242,3,0.9661559462547302,0.033844053745269775,0.2601694166660309,True,False,False,False
STRAIN_000766,3,LOCAL_W10,342,4,0.9542044401168823,0.045795559883117676,0.30264052748680115,True,False,False,False
STRAIN_000766,3,LOCAL_W10,442,5,0.9718787670135498,0.028121232986450195,0.2371549755334854,True,False,False,False
STRAIN_000777,3,LOCAL_W10,42,1,0.9389725923538208,0.0610274076461792,0.34936362504959106,True,False,False,False
STRAIN_000777,3,LOCAL_W10,142,2,0.9390695095062256,0.060930490493774414,0.3490859866142273,True,False,False,False
STRAIN_000777,3,LOCAL_W10,242,3,0.9365423917770386,0.06345760822296143,0.35625165700912476,True,False,False,False
STRAIN_000777,3,LOCAL_W10,342,4,0.9389193654060364,0.06108063459396362,0.3495158851146698,True,False,False,False
STRAIN_000777,3,LOCAL_W10,442,5,0.9436627626419067,0.05633723735809326,0.3356700837612152,True,False,False,False
STRAIN_000784,3,LOCAL_W10,42,1,0.9504329562187195,0.04956704378128052,0.3148556351661682,True,False,False,False
STRAIN_000784,3,LOCAL_W10,142,2,0.9394350051879883,0.06056499481201172,0.34803739190101624,True,False,False,False
STRAIN_000784,3,LOCAL_W10,242,3,0.9473689794540405,0.05263102054595947,0.32444098591804504,True,False,False,False
STRAIN_000784,3,LOCAL_W10,342,4,0.9348259568214417,0.06517404317855835,0.36103734374046326,True,False,False,False
STRAIN_000784,3,LOCAL_W10,442,5,0.9311876893043518,0.0688123106956482,0.37097784876823425,True,False,False,False
STRAIN_000787,3,LOCAL_W10,42,1,0.9473592042922974,0.05264079570770264,0.3244710862636566,True,False,False,False
STRAIN_000787,3,LOCAL_W10,142,2,0.9572885036468506,0.042711496353149414,0.2922722101211548,True,False,False,False
STRAIN_000787,3,LOCAL_W10,242,3,0.9365252256393433,0.06347477436065674,0.35629957914352417,True,False,False,False
STRAIN_000787,3,LOCAL_W10,342,4,0.9454920291900635,0.05450797080993652,0.33017560839653015,True,False,False,False
STRAIN_000787,3,LOCAL_W10,442,5,0.9351701736450195,0.06482982635498047,0.3600829243659973,True,False,False,False
STRAIN_000794,3,LOCAL_W10,42,1,0.9324957132339478,0.06750428676605225,0.3674349784851074,True,False,False,False
STRAIN_000794,3,LOCAL_W10,142,2,0.9400023221969604,0.05999767780303955,0.3464033603668213,True,False,False,False
STRAIN_000794,3,LOCAL_W10,242,3,0.9314751029014587,0.06852489709854126,0.3702024519443512,True,False,False,False
STRAIN_000794,3,LOCAL_W10,342,4,0.9279720783233643,0.07202792167663574,0.3795468509197235,True,False,False,False
STRAIN_000794,3,LOCAL_W10,442,5,0.930297315120697,0.06970268487930298,0.37337031960487366,True,False,False,False
STRAIN_000800,3,LOCAL_W10,42,1,0.9424272775650024,0.05757272243499756,0.33933067321777344,True,False,False,False
STRAIN_000800,3,LOCAL_W10,142,2,0.9476485848426819,0.052351415157318115,0.3235780596733093,True,False,False,False
STRAIN_000800,3,LOCAL_W10,242,3,0.9446748495101929,0.05532515048980713,0.3326413631439209,True,False,False,False
STRAIN_000800,3,LOCAL_W10,342,4,0.9444926977157593,0.05550730228424072,0.3331884741783142,True,False,False,False
STRAIN_000800,3,LOCAL_W10,442,5,0.9445174932479858,0.05548250675201416,0.3331138491630554,True,False,False,False
STRAIN_000812,3,LOCAL_W10,42,1,0.9327893257141113,0.06721067428588867,0.36663541197776794,True,False,False,False
STRAIN_000812,3,LOCAL_W10,142,2,0.9270290732383728,0.0729709267616272,0.3820233941078186,True,False,False,False
STRAIN_000812,3,LOCAL_W10,242,3,0.93267822265625,0.06732177734375,0.36693811416625977,True,False,False,False
STRAIN_000812,3,LOCAL_W10,342,4,0.9326907992362976,0.06730920076370239,0.36690372228622437,True,False,False,False
STRAIN_000812,3,LOCAL_W10,442,5,0.9329506158828735,0.06704938411712646,0.3661951422691345,True,False,False,False
STRAIN_000814,3,LOCAL_W10,42,1,0.9346359968185425,0.06536400318145752,0.36156317591667175,True,False,False,False
STRAIN_000814,3,LOCAL_W10,142,2,0.9311277866363525,0.06887221336364746,0.37113937735557556,True,False,False,False
STRAIN_000814,3,LOCAL_W10,242,3,0.9391549229621887,0.06084507703781128,0.34884124994277954,True,False,False,False
STRAIN_000814,3,LOCAL_W10,342,4,0.9388704299926758,0.06112957000732422,0.34965574741363525,True,False,False,False
STRAIN_000814,3,LOCAL_W10,442,5,0.941228985786438,0.05877101421356201,0.3428440988063812,True,False,False,False
STRAIN_000820,3,LOCAL_W10,42,1,0.9607114791870117,0.03928852081298828,0.28031620383262634,True,False,False,False
STRAIN_000820,3,LOCAL_W10,142,2,0.9579667448997498,0.042033255100250244,0.2899422347545624,True,False,False,False
STRAIN_000820,3,LOCAL_W10,242,3,0.9460219144821167,0.0539780855178833,0.32856687903404236,True,False,False,False
STRAIN_000820,3,LOCAL_W10,342,4,0.9526329636573792,0.04736703634262085,0.3077892065048218,True,False,False,False
STRAIN_000820,3,LOCAL_W10,442,5,0.949550211429596,0.05044978857040405,0.3176470100879669,True,False,False,False
STRAIN_000825,3,LOCAL_W10,42,1,0.9433773756027222,0.05662262439727783,0.3365190923213959,True,False,False,False
STRAIN_000825,3,LOCAL_W10,142,2,0.9467756748199463,0.05322432518005371,0.3262641429901123,True,False,False,False
STRAIN_000825,3,LOCAL_W10,242,3,0.9539178013801575,0.04608219861984253,0.30358558893203735,True,False,False,False
STRAIN_000825,3,LOCAL_W10,342,4,0.9484425783157349,0.05155742168426514,0.321115106344223,True,False,False,False
STRAIN_000825,3,LOCAL_W10,442,5,0.9377689361572266,0.06223106384277344,0.35279178619384766,True,False,False,False
STRAIN_000826,3,LOCAL_W10,42,1,0.9443473815917969,0.055652618408203125,0.33362412452697754,True,False,False,False
STRAIN_000826,3,LOCAL_W10,142,2,0.9379600882530212,0.06203991174697876,0.3522494435310364,True,False,False,False
STRAIN_000826,3,LOCAL_W10,242,3,0.9306497573852539,0.0693502426147461,0.37242522835731506,True,False,False,False
STRAIN_000826,3,LOCAL_W10,342,4,0.954057514667511,0.045942485332489014,0.30312520265579224,True,False,False,False
STRAIN_000826,3,LOCAL_W10,442,5,0.9388265609741211,0.061173439025878906,0.3497809171676636,True,False,False,False
STRAIN_000827,3,LOCAL_W10,42,1,0.9514474868774414,0.048552513122558594,0.311616986989975,True,False,False,False
STRAIN_000827,3,LOCAL_W10,142,2,0.9470797777175903,0.05292022228240967,0.3253316581249237,True,False,False,False
STRAIN_000827,3,LOCAL_W10,242,3,0.9485208988189697,0.05147910118103027,0.3208712637424469,True,False,False,False
STRAIN_000827,3,LOCAL_W10,342,4,0.9486004114151001,0.0513995885848999,0.3206230401992798,True,False,False,False
STRAIN_000827,3,LOCAL_W10,442,5,0.9521890878677368,0.047810912132263184,0.3092278838157654,True,False,False,False
STRAIN_000855,3,LOCAL_W10,42,1,0.9408566355705261,0.05914336442947388,0.34392857551574707,True,False,False,False
STRAIN_000855,3,LOCAL_W10,142,2,0.9408958554267883,0.05910414457321167,0.3438144326210022,True,False,False,False
STRAIN_000855,3,LOCAL_W10,242,3,0.9405794143676758,0.05942058563232422,0.3447336256504059,True,False,False,False
STRAIN_000855,3,LOCAL_W10,342,4,0.9387191534042358,0.06128084659576416,0.35008808970451355,True,False,False,False
STRAIN_000855,3,LOCAL_W10,442,5,0.937402606010437,0.06259739398956299,0.3538287281990051,True,False,False,False
STRAIN_000858,3,LOCAL_W10,42,1,0.9383299350738525,0.06167006492614746,0.3511984050273895,True,False,False,False
STRAIN_000858,3,LOCAL_W10,142,2,0.9345402717590332,0.0654597282409668,0.36182817816734314,True,False,False,False
STRAIN_000858,3,LOCAL_W10,242,3,0.9402185678482056,0.059781432151794434,0.34577858448028564,True,False,False,False
STRAIN_000858,3,LOCAL_W10,342,4,0.9399236440658569,0.060076355934143066,0.34663042426109314,True,False,False,False
STRAIN_000858,3,LOCAL_W10,442,5,0.9342886209487915,0.0657113790512085,0.36252278089523315,True,False,False,False
STRAIN_000869,3,LOCAL_W10,42,1,0.9410238265991211,0.058976173400878906,0.3434418737888336,True,False,False,False
STRAIN_000869,3,LOCAL_W10,142,2,0.9421412348747253,0.05785876512527466,0.34017273783683777,True,False,False,False
STRAIN_000869,3,LOCAL_W10,242,3,0.9469108581542969,0.053089141845703125,0.3258500397205353,True,False,False,False
STRAIN_000869,3,LOCAL_W10,342,4,0.950286865234375,0.049713134765625,0.3153194785118103,True,False,False,False
STRAIN_000869,3,LOCAL_W10,442,5,0.9522228240966797,0.04777717590332031,0.30911877751350403,True,False,False,False
STRAIN_000873,3,LOCAL_W10,42,1,0.9483568668365479,0.05164313316345215,0.32138189673423767,True,False,False,False
STRAIN_000873,3,LOCAL_W10,142,2,0.9512431621551514,0.04875683784484863,0.31227195262908936,True,False,False,False
STRAIN_000873,3,LOCAL_W10,242,3,0.9494545459747314,0.050545454025268555,0.3179481029510498,True,False,False,False
STRAIN_000873,3,LOCAL_W10,342,4,0.9496210813522339,0.05037891864776611,0.31742388010025024,True,False,False,False
STRAIN_000873,3,LOCAL_W10,442,5,0.9549715518951416,0.0450284481048584,0.3000951409339905,True,False,False,False
STRAIN_000874,3,LOCAL_W10,42,1,0.9555560350418091,0.04444396495819092,0.29814058542251587,True,False,False,False
STRAIN_000874,3,LOCAL_W10,142,2,0.9434328675270081,0.05656713247299194,0.3363543748855591,True,False,False,False
STRAIN_000874,3,LOCAL_W10,242,3,0.9476356506347656,0.052364349365234375,0.3236179053783417,True,False,False,False
STRAIN_000874,3,LOCAL_W10,342,4,0.9439940452575684,0.05600595474243164,0.33468198776245117,True,False,False,False
STRAIN_000874,3,LOCAL_W10,442,5,0.9437794089317322,0.05622059106826782,0.3353222906589508,True,False,False,False
STRAIN_000876,3,LOCAL_W10,42,1,0.9280756711959839,0.07192432880401611,0.37927377223968506,True,False,False,False
STRAIN_000876,3,LOCAL_W10,142,2,0.9198629856109619,0.08013701438903809,0.4003423750400543,True,False,False,False
STRAIN_000876,3,LOCAL_W10,242,3,0.9306419491767883,0.06935805082321167,0.37244656682014465,True,False,False,False
STRAIN_000876,3,LOCAL_W10,342,4,0.9318211078643799,0.06817889213562012,0.3692668676376343,True,False,False,False
STRAIN_000876,3,LOCAL_W10,442,5,0.927770733833313,0.07222926616668701,0.38007715344429016,True,False,False,False
STRAIN_000879,3,LOCAL_W10,42,1,0.9480347633361816,0.05196523666381836,0.32238271832466125,True,False,False,False
STRAIN_000879,3,LOCAL_W10,142,2,0.937915563583374,0.06208443641662598,0.3523760139942169,True,False,False,False
STRAIN_000879,3,LOCAL_W10,242,3,0.9359840154647827,0.06401598453521729,0.3578154742717743,True,False,False,False
STRAIN_000879,3,LOCAL_W10,342,4,0.9408520460128784,0.05914795398712158,0.3439417779445648,True,False,False,False
STRAIN_000879,3,LOCAL_W10,442,5,0.9385168552398682,0.061483144760131836,0.35066550970077515,True,False,False,False
STRAIN_000889,3,LOCAL_W10,42,1,0.9492096900939941,0.05079030990600586,0.3187170624732971,True,False,False,False
STRAIN_000889,3,LOCAL_W10,142,2,0.9471572637557983,0.05284273624420166,0.32509303092956543,True,False,False,False
STRAIN_000889,3,LOCAL_W10,242,3,0.9468258023262024,0.05317419767379761,0.32611119747161865,True,False,False,False
STRAIN_000889,3,LOCAL_W10,342,4,0.9428868293762207,0.0571131706237793,0.3379739820957184,True,False,False,False
STRAIN_000889,3,LOCAL_W10,442,5,0.9485777616500854,0.05142223834991455,0.3206936717033386,True,False,False,False
STRAIN_000893,3,LOCAL_W10,42,1,0.9399325847625732,0.06006741523742676,0.3466048538684845,True,False,False,False
STRAIN_000893,3,LOCAL_W10,142,2,0.9358950853347778,0.06410491466522217,0.3580637574195862,True,False,False,False
STRAIN_000893,3,LOCAL_W10,242,3,0.9360240697860718,0.06397593021392822,0.35770368576049805,True,False,False,False
STRAIN_000893,3,LOCAL_W10,342,4,0.9515948295593262,0.04840517044067383,0.3111436665058136,True,False,False,False
STRAIN_000893,3,LOCAL_W10,442,5,0.9314287900924683,0.06857120990753174,0.3703273832798004,True,False,False,False
STRAIN_000901,3,LOCAL_W10,42,1,0.931763231754303,0.06823676824569702,0.36942341923713684,True,False,False,False
STRAIN_000901,3,LOCAL_W10,142,2,0.93812096118927,0.06187903881072998,0.3517926335334778,True,False,False,False
STRAIN_000901,3,LOCAL_W10,242,3,0.9356225728988647,0.06437742710113525,0.35882413387298584,True,False,False,False
STRAIN_000901,3,LOCAL_W10,342,4,0.9346832036972046,0.06531679630279541,0.3614327311515808,True,False,False,False
STRAIN_000901,3,LOCAL_W10,442,5,0.9308450818061829,0.06915491819381714,0.3719003200531006,True,False,False,False
STRAIN_000903,3,LOCAL_W10,42,1,0.936194658279419,0.06380534172058105,0.35722628235816956,True,False,False,False
STRAIN_000903,3,LOCAL_W10,142,2,0.9320887923240662,0.06791120767593384,0.36854061484336853,True,False,False,False
STRAIN_000903,3,LOCAL_W10,242,3,0.9351670742034912,0.06483292579650879,0.36009135842323303,True,False,False,False
STRAIN_000903,3,LOCAL_W10,342,4,0.9308152198791504,0.06918478012084961,0.3719804584980011,True,False,False,False
STRAIN_000903,3,LOCAL_W10,442,5,0.9416208267211914,0.058379173278808594,0.3416990339756012,True,False,False,False
STRAIN_000904,3,LOCAL_W10,42,1,0.9381490349769592,0.06185096502304077,0.3517124056816101,True,False,False,False
STRAIN_000904,3,LOCAL_W10,142,2,0.939301609992981,0.06069839000701904,0.3484199345111847,True,False,False,False
STRAIN_000904,3,LOCAL_W10,242,3,0.9356745481491089,0.06432545185089111,0.35867902636528015,True,False,False,False
STRAIN_000904,3,LOCAL_W10,342,4,0.9349592924118042,0.0650407075881958,0.36066779494285583,True,False,False,False
STRAIN_000904,3,LOCAL_W10,442,5,0.9415347576141357,0.05846524238586426,0.34195074439048767,True,False,False,False
STRAIN_000910,3,LOCAL_W10,42,1,0.9326054453849792,0.06739455461502075,0.36713653802871704,True,False,False,False
STRAIN_000910,3,LOCAL_W10,142,2,0.9409040808677673,0.059095919132232666,0.34379076957702637,True,False,False,False
STRAIN_000910,3,LOCAL_W10,242,3,0.928187906742096,0.07181209325790405,0.37897801399230957,True,False,False,False
STRAIN_000910,3,LOCAL_W10,342,4,0.9300914406776428,0.06990855932235718,0.37392139434814453,True,False,False,False
STRAIN_000910,3,LOCAL_W10,442,5,0.9389206171035767,0.06107938289642334,0.3495121896266937,True,False,False,False
STRAIN_000914,3,LOCAL_W10,42,1,0.9373018741607666,0.0626981258392334,0.35411328077316284,True,False,False,False
STRAIN_000914,3,LOCAL_W10,142,2,0.9385675191879272,0.061432480812072754,0.35052114725112915,True,False,False,False
STRAIN_000914,3,LOCAL_W10,242,3,0.9283031225204468,0.07169687747955322,0.37867388129234314,True,False,False,False
STRAIN_000914,3,LOCAL_W10,342,4,0.9439611434936523,0.056038856506347656,0.33478015661239624,True,False,False,False
STRAIN_000914,3,LOCAL_W10,442,5,0.946258544921875,0.053741455078125,0.327845960855484,True,False,False,False
STRAIN_000925,3,LOCAL_W10,42,1,0.9432313442230225,0.05676865577697754,0.33695322275161743,True,False,False,False
STRAIN_000925,3,LOCAL_W10,142,2,0.9392079710960388,0.06079202890396118,0.3486891984939575,True,False,False,False
STRAIN_000925,3,LOCAL_W10,242,3,0.9428582787513733,0.05714172124862671,0.3380582928657532,True,False,False,False
STRAIN_000925,3,LOCAL_W10,342,4,0.9396833181381226,0.06031668186187744,0.3473234176635742,True,False,False,False
STRAIN_000925,3,LOCAL_W10,442,5,0.9377543926239014,0.06224560737609863,0.3528330326080322,True,False,False,False
STRAIN_000930,3,LOCAL_W10,42,1,0.9464945793151855,0.05350542068481445,0.32712510228157043,True,False,False,False
STRAIN_000930,3,LOCAL_W10,142,2,0.9389312863349915,0.061068713665008545,0.349481999874115,True,False,False,False
STRAIN_000930,3,LOCAL_W10,242,3,0.9382930994033813,0.06170690059661865,0.35130324959754944,True,False,False,False
STRAIN_000930,3,LOCAL_W10,342,4,0.9474173784255981,0.052582621574401855,0.32429224252700806,True,False,False,False
STRAIN_000930,3,LOCAL_W10,442,5,0.9366592764854431,0.06334072351455688,0.3559234142303467,True,False,False,False
STRAIN_000940,3,LOCAL_W10,42,1,0.9330705404281616,0.06692945957183838,0.3658673167228699,True,False,False,False
STRAIN_000940,3,LOCAL_W10,142,2,0.945037841796875,0.054962158203125,0.33154812455177307,True,False,False,False
STRAIN_000940,3,LOCAL_W10,242,3,0.9440053701400757,0.055994629859924316,0.33464813232421875,True,False,False,False
STRAIN_000940,3,LOCAL_W10,342,4,0.9474289417266846,0.05257105827331543,0.3242564797401428,True,False,False,False
STRAIN_000940,3,LOCAL_W10,442,5,0.94106125831604,0.05893874168395996,0.3433329164981842,True,False,False,False
STRAIN_000943,3,LOCAL_W10,42,1,0.9393234848976135,0.060676515102386475,0.34835755825042725,True,False,False,False
STRAIN_000943,3,LOCAL_W10,142,2,0.9532601237297058,0.04673987627029419,0.3057447373867035,True,False,False,False
STRAIN_000943,3,LOCAL_W10,242,3,0.9462667107582092,0.05373328924179077,0.32782095670700073,True,False,False,False
STRAIN_000943,3,LOCAL_W10,342,4,0.9348466396331787,0.06515336036682129,0.3609802722930908,True,False,False,False
STRAIN_000943,3,LOCAL_W10,442,5,0.941344141960144,0.05865585803985596,0.3425079882144928,True,False,False,False
STRAIN_000947,3,LOCAL_W10,42,1,0.9457733631134033,0.05422663688659668,0.3293227553367615,True,False,False,False
STRAIN_000947,3,LOCAL_W10,142,2,0.935518741607666,0.06448125839233398,0.3591134250164032,True,False,False,False
STRAIN_000947,3,LOCAL_W10,242,3,0.9406024217605591,0.05939757823944092,0.344666987657547,True,False,False,False
STRAIN_000947,3,LOCAL_W10,342,4,0.946927547454834,0.053072452545166016,0.32579901814460754,True,False,False,False
STRAIN_000947,3,LOCAL_W10,442,5,0.9396235346794128,0.06037646532058716,0.3474952280521393,True,False,False,False
STRAIN_000950,3,LOCAL_W10,42,1,0.9393462538719177,0.060653746128082275,0.34829220175743103,True,False,False,False
STRAIN_000950,3,LOCAL_W10,142,2,0.956010103225708,0.04398989677429199,0.2966136336326599,True,False,False,False
STRAIN_000950,3,LOCAL_W10,242,3,0.9401553869247437,0.05984461307525635,0.3459612727165222,True,False,False,False
STRAIN_000950,3,LOCAL_W10,342,4,0.9461157321929932,0.053884267807006836,0.32828113436698914,True,False,False,False
STRAIN_000950,3,LOCAL_W10,442,5,0.9420371651649475,0.05796283483505249,0.34047847986221313,True,False,False,False
STRAIN_000955,3,LOCAL_W10,42,1,0.9543848037719727,0.045615196228027344,0.30204352736473083,True,False,False,False
STRAIN_000955,3,LOCAL_W10,142,2,0.9531083106994629,0.04689168930053711,0.3062407076358795,True,False,False,False
STRAIN_000955,3,LOCAL_W10,242,3,0.9652144312858582,0.034785568714141846,0.26376330852508545,True,False,False,False
STRAIN_000955,3,LOCAL_W10,342,4,0.9632893800735474,0.03671061992645264,0.2709634602069855,True,False,False,False
STRAIN_000955,3,LOCAL_W10,442,5,0.9633826613426208,0.03661733865737915,0.27061885595321655,True,False,False,False
STRAIN_000998,3,LOCAL_W10,42,1,0.924501895904541,0.07549810409545898,0.38858258724212646,True,False,False,False
STRAIN_000998,3,LOCAL_W10,142,2,0.9352273941040039,0.0647726058959961,0.3599240779876709,True,False,False,False
STRAIN_000998,3,LOCAL_W10,242,3,0.9441230297088623,0.055876970291137695,0.33429646492004395,True,False,False,False
STRAIN_000998,3,LOCAL_W10,342,4,0.9409167170524597,0.05908328294754028,0.3437539041042328,True,False,False,False
STRAIN_000998,3,LOCAL_W10,442,5,0.9359006881713867,0.06409931182861328,0.3580487370491028,True,False,False,False
STRAIN_001008,3,LOCAL_W10,42,1,0.9543392658233643,0.04566073417663574,0.30219388008117676,True,False,False,False
STRAIN_001008,3,LOCAL_W10,142,2,0.9394521117210388,0.06054788827896118,0.34798797965049744,True,False,False,False
STRAIN_001008,3,LOCAL_W10,242,3,0.9519943594932556,0.048005640506744385,0.3098568618297577,True,False,False,False
STRAIN_001008,3,LOCAL_W10,342,4,0.9433547258377075,0.05664527416229248,0.3365864157676697,True,False,False,False
STRAIN_001008,3,LOCAL_W10,442,5,0.9499523043632507,0.05004769563674927,0.3163783550262451,True,False,False,False
STRAIN_001016,3,LOCAL_W10,42,1,0.9453600645065308,0.05463993549346924,0.3305753171443939,True,False,False,False
STRAIN_001016,3,LOCAL_W10,142,2,0.9440736770629883,0.05592632293701172,0.33444395661354065,True,False,False,False
STRAIN_001016,3,LOCAL_W10,242,3,0.9368047714233398,0.06319522857666016,0.3555143475532532,True,False,False,False
STRAIN_001016,3,LOCAL_W10,342,4,0.9342684745788574,0.06573152542114258,0.36257845163345337,True,False,False,False
STRAIN_001016,3,LOCAL_W10,442,5,0.9489532709121704,0.05104672908782959,0.3195207118988037,True,False,False,False
STRAIN_001022,3,LOCAL_W10,42,1,0.9486162662506104,0.05138373374938965,0.3205733895301819,True,False,False,False
STRAIN_001022,3,LOCAL_W10,142,2,0.9458022117614746,0.05419778823852539,0.3292343020439148,True,False,False,False
STRAIN_001022,3,LOCAL_W10,242,3,0.9535671472549438,0.04643285274505615,0.3047381341457367,True,False,False,False
STRAIN_001022,3,LOCAL_W10,342,4,0.9468258619308472,0.05317413806915283,0.32611051201820374,True,False,False,False
STRAIN_001022,3,LOCAL_W10,442,5,0.9460945129394531,0.053905487060546875,0.3283455967903137,True,False,False,False
