strain_entity_id,outer_fold,control_type,seed,replicate,cosine_TRUE_control,embedding_displacement,l2_distance,fold_matched_lineage95_encoder,phenotype_labels_used,encoder_retrained,encoder_finetuned
STRAIN_000002,1,LOCAL_W10,42,1,0.9479225873947144,0.052077412605285645,0.3227303624153137,True,False,False,False
STRAIN_000002,1,LOCAL_W10,142,2,0.950757622718811,0.049242377281188965,0.31382283568382263,True,False,False,False
STRAIN_000002,1,LOCAL_W10,242,3,0.9512828588485718,0.04871714115142822,0.3121447265148163,True,False,False,False
STRAIN_000002,1,LOCAL_W10,342,4,0.9416112899780273,0.058388710021972656,0.3417269289493561,True,False,False,False
STRAIN_000002,1,LOCAL_W10,442,5,0.9499091506004333,0.05009084939956665,0.3165149390697479,True,False,False,False
STRAIN_000025,1,LOCAL_W10,42,1,0.9306472539901733,0.06935274600982666,0.3724318742752075,True,False,False,False
STRAIN_000025,1,LOCAL_W10,142,2,0.9276043176651001,0.0723956823348999,0.3805146813392639,True,False,False,False
STRAIN_000025,1,LOCAL_W10,242,3,0.9254565834999084,0.07454341650009155,0.3861176669597626,True,False,False,False
STRAIN_000025,1,LOCAL_W10,342,4,0.9358120560646057,0.06418794393539429,0.35829588770866394,True,False,False,False
STRAIN_000025,1,LOCAL_W10,442,5,0.9371858835220337,0.06281411647796631,0.3544408082962036,True,False,False,False
STRAIN_000035,1,LOCAL_W10,42,1,0.9280321598052979,0.07196784019470215,0.3793884217739105,True,False,False,False
STRAIN_000035,1,LOCAL_W10,142,2,0.9400210380554199,0.05997896194458008,0.3463493585586548,True,False,False,False
STRAIN_000035,1,LOCAL_W10,242,3,0.9349110126495361,0.06508898735046387,0.36080169677734375,True,False,False,False
STRAIN_000035,1,LOCAL_W10,342,4,0.9316221475601196,0.06837785243988037,0.3698050081729889,True,False,False,False
STRAIN_000035,1,LOCAL_W10,442,5,0.9395284056663513,0.06047159433364868,0.3477689027786255,True,False,False,False
STRAIN_000036,1,LOCAL_W10,42,1,0.9264683723449707,0.0735316276550293,0.38348856568336487,True,False,False,False
STRAIN_000036,1,LOCAL_W10,142,2,0.9448645114898682,0.055135488510131836,0.33207082748413086,True,False,False,False
STRAIN_000036,1,LOCAL_W10,242,3,0.927893877029419,0.07210612297058105,0.3797529935836792,True,False,False,False
STRAIN_000036,1,LOCAL_W10,342,4,0.9328591823577881,0.06714081764221191,0.3664447069168091,True,False,False,False
STRAIN_000036,1,LOCAL_W10,442,5,0.9293386936187744,0.07066130638122559,0.37592893838882446,True,False,False,False
STRAIN_000037,1,LOCAL_W10,42,1,0.9238348007202148,0.07616519927978516,0.39029502868652344,True,False,False,False
STRAIN_000037,1,LOCAL_W10,142,2,0.9324036240577698,0.06759637594223022,0.3676854968070984,True,False,False,False
STRAIN_000037,1,LOCAL_W10,242,3,0.9218704104423523,0.0781295895576477,0.3952963948249817,True,False,False,False
STRAIN_000037,1,LOCAL_W10,342,4,0.9303755760192871,0.06962442398071289,0.37316063046455383,True,False,False,False
STRAIN_000037,1,LOCAL_W10,442,5,0.9292224645614624,0.0707775354385376,0.37623804807662964,True,False,False,False
STRAIN_000038,1,LOCAL_W10,42,1,0.912487268447876,0.08751273155212402,0.4183603525161743,True,False,False,False
STRAIN_000038,1,LOCAL_W10,142,2,0.9238753914833069,0.07612460851669312,0.39019128680229187,True,False,False,False
STRAIN_000038,1,LOCAL_W10,242,3,0.9211660623550415,0.0788339376449585,0.3970743417739868,True,False,False,False
STRAIN_000038,1,LOCAL_W10,342,4,0.934712827205658,0.06528717279434204,0.36135056614875793,True,False,False,False
STRAIN_000038,1,LOCAL_W10,442,5,0.9089637398719788,0.09103626012802124,0.42669957876205444,True,False,False,False
STRAIN_000039,1,LOCAL_W10,42,1,0.9301407337188721,0.06985926628112793,0.3737894594669342,True,False,False,False
STRAIN_000039,1,LOCAL_W10,142,2,0.9335810542106628,0.06641894578933716,0.3644695281982422,True,False,False,False
STRAIN_000039,1,LOCAL_W10,242,3,0.9346054196357727,0.0653945803642273,0.36164793372154236,True,False,False,False
STRAIN_000039,1,LOCAL_W10,342,4,0.9249207377433777,0.07507926225662231,0.3875029981136322,True,False,False,False
STRAIN_000039,1,LOCAL_W10,442,5,0.9298315048217773,0.07016849517822266,0.3746158182621002,True,False,False,False
STRAIN_000040,1,LOCAL_W10,42,1,0.9348822236061096,0.06511777639389038,0.3608816862106323,True,False,False,False
STRAIN_000040,1,LOCAL_W10,142,2,0.9258493185043335,0.0741506814956665,0.38509926199913025,True,False,False,False
STRAIN_000040,1,LOCAL_W10,242,3,0.9263264536857605,0.0736735463142395,0.3838581442832947,True,False,False,False
STRAIN_000040,1,LOCAL_W10,342,4,0.9179868698120117,0.08201313018798828,0.4050014019012451,True,False,False,False
STRAIN_000040,1,LOCAL_W10,442,5,0.923509418964386,0.07649058103561401,0.39112788438796997,True,False,False,False
STRAIN_000041,1,LOCAL_W10,42,1,0.9198591113090515,0.08014088869094849,0.4003520607948303,True,False,False,False
STRAIN_000041,1,LOCAL_W10,142,2,0.9342961311340332,0.0657038688659668,0.3625018894672394,True,False,False,False
STRAIN_000041,1,LOCAL_W10,242,3,0.9361928701400757,0.06380712985992432,0.3572314977645874,True,False,False,False
STRAIN_000041,1,LOCAL_W10,342,4,0.9339386224746704,0.06606137752532959,0.3634869456291199,True,False,False,False
STRAIN_000041,1,LOCAL_W10,442,5,0.9380306005477905,0.06196939945220947,0.3520492911338806,True,False,False,False
STRAIN_000042,1,LOCAL_W10,42,1,0.9304829835891724,0.06951701641082764,0.372872531414032,True,False,False,False
STRAIN_000042,1,LOCAL_W10,142,2,0.927725076675415,0.07227492332458496,0.3801971673965454,True,False,False,False
STRAIN_000042,1,LOCAL_W10,242,3,0.9279616475105286,0.07203835248947144,0.37957414984703064,True,False,False,False
STRAIN_000042,1,LOCAL_W10,342,4,0.9244908094406128,0.07550919055938721,0.38861075043678284,True,False,False,False
STRAIN_000042,1,LOCAL_W10,442,5,0.927376389503479,0.072623610496521,0.38111305236816406,True,False,False,False
STRAIN_000060,1,LOCAL_W10,42,1,0.9354194402694702,0.06458055973052979,0.3593900799751282,True,False,False,False
STRAIN_000060,1,LOCAL_W10,142,2,0.9475530982017517,0.05244690179824829,0.3238733410835266,True,False,False,False
STRAIN_000060,1,LOCAL_W10,242,3,0.9424648880958557,0.05753511190414429,0.3392201066017151,True,False,False,False
STRAIN_000060,1,LOCAL_W10,342,4,0.9384239912033081,0.061576008796691895,0.35093045234680176,True,False,False,False
STRAIN_000060,1,LOCAL_W10,442,5,0.9425473213195801,0.05745267868041992,0.33897724747657776,True,False,False,False
STRAIN_000066,1,LOCAL_W10,42,1,0.9277396202087402,0.07226037979125977,0.380158931016922,True,False,False,False
STRAIN_000066,1,LOCAL_W10,142,2,0.9338932037353516,0.06610679626464844,0.3636120557785034,True,False,False,False
STRAIN_000066,1,LOCAL_W10,242,3,0.9320166110992432,0.06798338890075684,0.3687366247177124,True,False,False,False
STRAIN_000066,1,LOCAL_W10,342,4,0.9315208196640015,0.06847918033599854,0.37007901072502136,True,False,False,False
STRAIN_000066,1,LOCAL_W10,442,5,0.9361586570739746,0.06384134292602539,0.35732701420783997,True,False,False,False
STRAIN_000092,1,LOCAL_W10,42,1,0.9277763366699219,0.07222366333007812,0.3800622224807739,True,False,False,False
STRAIN_000092,1,LOCAL_W10,142,2,0.9361990094184875,0.06380099058151245,0.3572141230106354,True,False,False,False
STRAIN_000092,1,LOCAL_W10,242,3,0.9299748539924622,0.07002514600753784,0.3742331266403198,True,False,False,False
STRAIN_000092,1,LOCAL_W10,342,4,0.9312828779220581,0.0687171220779419,0.37072139978408813,True,False,False,False
STRAIN_000092,1,LOCAL_W10,442,5,0.9323453307151794,0.06765466928482056,0.3678441047668457,True,False,False,False
STRAIN_000140,1,LOCAL_W10,42,1,0.9308112859725952,0.06918871402740479,0.37199124693870544,True,False,False,False
STRAIN_000140,1,LOCAL_W10,142,2,0.9270451068878174,0.07295489311218262,0.3819812834262848,True,False,False,False
STRAIN_000140,1,LOCAL_W10,242,3,0.921421468257904,0.07857853174209595,0.3964303731918335,True,False,False,False
STRAIN_000140,1,LOCAL_W10,342,4,0.9131212830543518,0.0868787169456482,0.41684210300445557,True,False,False,False
STRAIN_000140,1,LOCAL_W10,442,5,0.929134726524353,0.07086527347564697,0.3764708340167999,True,False,False,False
STRAIN_000159,1,LOCAL_W10,42,1,0.9413983225822449,0.05860167741775513,0.34234973788261414,True,False,False,False
STRAIN_000159,1,LOCAL_W10,142,2,0.9328851699829102,0.06711483001708984,0.36637377738952637,True,False,False,False
STRAIN_000159,1,LOCAL_W10,242,3,0.9182503819465637,0.08174961805343628,0.4043501913547516,True,False,False,False
STRAIN_000159,1,LOCAL_W10,342,4,0.9307363629341125,0.06926363706588745,0.3721924424171448,True,False,False,False
STRAIN_000159,1,LOCAL_W10,442,5,0.9358282089233398,0.06417179107666016,0.3582506775856018,True,False,False,False
STRAIN_000162,1,LOCAL_W10,42,1,0.9261938333511353,0.07380616664886475,0.38420355319976807,True,False,False,False
STRAIN_000162,1,LOCAL_W10,142,2,0.9360893964767456,0.0639106035232544,0.357521116733551,True,False,False,False
STRAIN_000162,1,LOCAL_W10,242,3,0.9332525134086609,0.06674748659133911,0.3653697073459625,True,False,False,False
STRAIN_000162,1,LOCAL_W10,342,4,0.9250723123550415,0.0749276876449585,0.3871115446090698,True,False,False,False
STRAIN_000162,1,LOCAL_W10,442,5,0.9301299452781677,0.06987005472183228,0.37381845712661743,True,False,False,False
STRAIN_000199,1,LOCAL_W10,42,1,0.9239493608474731,0.07605063915252686,0.3900018334388733,True,False,False,False
STRAIN_000199,1,LOCAL_W10,142,2,0.931944727897644,0.06805527210235596,0.3689316511154175,True,False,False,False
STRAIN_000199,1,LOCAL_W10,242,3,0.928814709186554,0.07118529081344604,0.377320259809494,True,False,False,False
STRAIN_000199,1,LOCAL_W10,342,4,0.93863844871521,0.06136155128479004,0.35031840205192566,True,False,False,False
STRAIN_000199,1,LOCAL_W10,442,5,0.9187302589416504,0.08126974105834961,0.403161883354187,True,False,False,False
STRAIN_000214,1,LOCAL_W10,42,1,0.9364049434661865,0.06359505653381348,0.35663729906082153,True,False,False,False
STRAIN_000214,1,LOCAL_W10,142,2,0.9324716329574585,0.0675283670425415,0.36750081181526184,True,False,False,False
STRAIN_000214,1,LOCAL_W10,242,3,0.9237629175186157,0.07623708248138428,0.39047932624816895,True,False,False,False
STRAIN_000214,1,LOCAL_W10,342,4,0.9250689744949341,0.07493102550506592,0.3871200978755951,True,False,False,False
STRAIN_000214,1,LOCAL_W10,442,5,0.9282037019729614,0.07179629802703857,0.37893614172935486,True,False,False,False
STRAIN_000233,1,LOCAL_W10,42,1,0.931096076965332,0.06890392303466797,0.37122470140457153,True,False,False,False
STRAIN_000233,1,LOCAL_W10,142,2,0.9291822910308838,0.07081770896911621,0.3763448894023895,True,False,False,False
STRAIN_000233,1,LOCAL_W10,242,3,0.9280835390090942,0.07191646099090576,0.37925300002098083,True,False,False,False
STRAIN_000233,1,LOCAL_W10,342,4,0.9378067851066589,0.062193214893341064,0.3526846766471863,True,False,False,False
STRAIN_000233,1,LOCAL_W10,442,5,0.9351221323013306,0.06487786769866943,0.36021608114242554,True,False,False,False
STRAIN_000241,1,LOCAL_W10,42,1,0.924219012260437,0.07578098773956299,0.38930946588516235,True,False,False,False
STRAIN_000241,1,LOCAL_W10,142,2,0.919463038444519,0.08053696155548096,0.4013400673866272,True,False,False,False
STRAIN_000241,1,LOCAL_W10,242,3,0.9236605167388916,0.0763394832611084,0.39074137806892395,True,False,False,False
STRAIN_000241,1,LOCAL_W10,342,4,0.9214021563529968,0.07859784364700317,0.39647895097732544,True,False,False,False
STRAIN_000241,1,LOCAL_W10,442,5,0.9321852922439575,0.06781470775604248,0.36827898025512695,True,False,False,False
STRAIN_000245,1,LOCAL_W10,42,1,0.9173917770385742,0.08260822296142578,0.40646839141845703,True,False,False,False
STRAIN_000245,1,LOCAL_W10,142,2,0.9269589185714722,0.07304108142852783,0.38220706582069397,True,False,False,False
STRAIN_000245,1,LOCAL_W10,242,3,0.9283506870269775,0.07164931297302246,0.3785479664802551,True,False,False,False
STRAIN_000245,1,LOCAL_W10,342,4,0.923964262008667,0.07603573799133301,0.3899635374546051,True,False,False,False
STRAIN_000245,1,LOCAL_W10,442,5,0.9187562465667725,0.08124375343322754,0.40309736132621765,True,False,False,False
STRAIN_000260,1,LOCAL_W10,42,1,0.9470343589782715,0.052965641021728516,0.325470894575119,True,False,False,False
STRAIN_000260,1,LOCAL_W10,142,2,0.9256060123443604,0.07439398765563965,0.38573047518730164,True,False,False,False
STRAIN_000260,1,LOCAL_W10,242,3,0.9473500847816467,0.05264991521835327,0.3244992792606354,True,False,False,False
STRAIN_000260,1,LOCAL_W10,342,4,0.9409550428390503,0.05904495716094971,0.3436419665813446,True,False,False,False
STRAIN_000260,1,LOCAL_W10,442,5,0.9421355724334717,0.05786442756652832,0.3401893377304077,True,False,False,False
STRAIN_000292,1,LOCAL_W10,42,1,0.9359014630317688,0.0640985369682312,0.3580463230609894,True,False,False,False
STRAIN_000292,1,LOCAL_W10,142,2,0.9281927347183228,0.07180726528167725,0.3789651691913605,True,False,False,False
STRAIN_000292,1,LOCAL_W10,242,3,0.921855092048645,0.07814490795135498,0.39533495903015137,True,False,False,False
STRAIN_000292,1,LOCAL_W10,342,4,0.9162784814834595,0.08372151851654053,0.4091981053352356,True,False,False,False
STRAIN_000292,1,LOCAL_W10,442,5,0.9308793544769287,0.06912064552307129,0.3718082904815674,True,False,False,False
STRAIN_000301,1,LOCAL_W10,42,1,0.9371734261512756,0.06282657384872437,0.35447579622268677,True,False,False,False
STRAIN_000301,1,LOCAL_W10,142,2,0.9348031282424927,0.06519687175750732,0.36110052466392517,True,False,False,False
STRAIN_000301,1,LOCAL_W10,242,3,0.931102991104126,0.06889700889587402,0.37120601534843445,True,False,False,False
STRAIN_000301,1,LOCAL_W10,342,4,0.9384424090385437,0.0615575909614563,0.35087746381759644,True,False,False,False
STRAIN_000301,1,LOCAL_W10,442,5,0.9321657419204712,0.06783425807952881,0.36833202838897705,True,False,False,False
STRAIN_000302,1,LOCAL_W10,42,1,0.9336507320404053,0.06634926795959473,0.364278107881546,True,False,False,False
STRAIN_000302,1,LOCAL_W10,142,2,0.9373646974563599,0.06263530254364014,0.3539358377456665,True,False,False,False
STRAIN_000302,1,LOCAL_W10,242,3,0.9362815618515015,0.06371843814849854,0.3569830358028412,True,False,False,False
STRAIN_000302,1,LOCAL_W10,342,4,0.936028778553009,0.06397122144699097,0.35769036412239075,True,False,False,False
STRAIN_000302,1,LOCAL_W10,442,5,0.9441951513290405,0.05580484867095947,0.3340803384780884,True,False,False,False
STRAIN_000318,1,LOCAL_W10,42,1,0.9304416179656982,0.06955838203430176,0.37298375368118286,True,False,False,False
STRAIN_000318,1,LOCAL_W10,142,2,0.9152761697769165,0.0847238302230835,0.4116402864456177,True,False,False,False
STRAIN_000318,1,LOCAL_W10,242,3,0.9245842695236206,0.0754157304763794,0.3883703052997589,True,False,False,False
STRAIN_000318,1,LOCAL_W10,342,4,0.9307178258895874,0.0692821741104126,0.3722422420978546,True,False,False,False
STRAIN_000318,1,LOCAL_W10,442,5,0.9393002986907959,0.0606997013092041,0.3484242558479309,True,False,False,False
STRAIN_000325,1,LOCAL_W10,42,1,0.9283870458602905,0.07161295413970947,0.3784518837928772,True,False,False,False
STRAIN_000325,1,LOCAL_W10,142,2,0.9189794659614563,0.0810205340385437,0.4025430977344513,True,False,False,False
STRAIN_000325,1,LOCAL_W10,242,3,0.9267721176147461,0.0732278823852539,0.38269519805908203,True,False,False,False
STRAIN_000325,1,LOCAL_W10,342,4,0.9246875047683716,0.07531249523162842,0.38810408115386963,True,False,False,False
STRAIN_000325,1,LOCAL_W10,442,5,0.9311341047286987,0.06886589527130127,0.3711221516132355,True,False,False,False
STRAIN_000330,1,LOCAL_W10,42,1,0.9273086190223694,0.07269138097763062,0.38129088282585144,True,False,False,False
STRAIN_000330,1,LOCAL_W10,142,2,0.9299019575119019,0.07009804248809814,0.3744277060031891,True,False,False,False
STRAIN_000330,1,LOCAL_W10,242,3,0.9278402924537659,0.07215970754623413,0.3798941671848297,True,False,False,False
STRAIN_000330,1,LOCAL_W10,342,4,0.9232579469680786,0.07674205303192139,0.3917704224586487,True,False,False,False
STRAIN_000330,1,LOCAL_W10,442,5,0.9197918176651001,0.0802081823348999,0.40052008628845215,True,False,False,False
STRAIN_000336,1,LOCAL_W10,42,1,0.9500999450683594,0.049900054931640625,0.3159114718437195,True,False,False,False
STRAIN_000336,1,LOCAL_W10,142,2,0.9278222322463989,0.07217776775360107,0.37994128465652466,True,False,False,False
STRAIN_000336,1,LOCAL_W10,242,3,0.924204409122467,0.07579559087753296,0.3893470764160156,True,False,False,False
STRAIN_000336,1,LOCAL_W10,342,4,0.9333215951919556,0.06667840480804443,0.36518046259880066,True,False,False,False
STRAIN_000336,1,LOCAL_W10,442,5,0.9371561408042908,0.06284385919570923,0.35452452301979065,True,False,False,False
STRAIN_000337,1,LOCAL_W10,42,1,0.9352573752403259,0.06474262475967407,0.35984060168266296,True,False,False,False
STRAIN_000337,1,LOCAL_W10,142,2,0.9399276375770569,0.060072362422943115,0.34661877155303955,True,False,False,False
STRAIN_000337,1,LOCAL_W10,242,3,0.9305719137191772,0.06942808628082275,0.37263405323028564,True,False,False,False
STRAIN_000337,1,LOCAL_W10,342,4,0.9326537251472473,0.06734627485275269,0.3670046329498291,True,False,False,False
STRAIN_000337,1,LOCAL_W10,442,5,0.9275895357131958,0.0724104642868042,0.38055333495140076,True,False,False,False
STRAIN_000340,1,LOCAL_W10,42,1,0.9351216554641724,0.06487834453582764,0.36021751165390015,True,False,False,False
STRAIN_000340,1,LOCAL_W10,142,2,0.9402886629104614,0.059711337089538574,0.34557583928108215,True,False,False,False
STRAIN_000340,1,LOCAL_W10,242,3,0.9288269281387329,0.07117307186126709,0.37728777527809143,True,False,False,False
STRAIN_000340,1,LOCAL_W10,342,4,0.9322506189346313,0.06774938106536865,0.3681015968322754,True,False,False,False
STRAIN_000340,1,LOCAL_W10,442,5,0.9222220182418823,0.07777798175811768,0.3944057524204254,True,False,False,False
STRAIN_000362,1,LOCAL_W10,42,1,0.9351961612701416,0.0648038387298584,0.3600108027458191,True,False,False,False
STRAIN_000362,1,LOCAL_W10,142,2,0.922631561756134,0.07736843824386597,0.3933660089969635,True,False,False,False
STRAIN_000362,1,LOCAL_W10,242,3,0.9279279708862305,0.07207202911376953,0.3796631991863251,True,False,False,False
STRAIN_000362,1,LOCAL_W10,342,4,0.9262808561325073,0.07371914386749268,0.3839767873287201,True,False,False,False
STRAIN_000362,1,LOCAL_W10,442,5,0.9266158938407898,0.0733841061592102,0.3831034004688263,True,False,False,False
STRAIN_000363,1,LOCAL_W10,42,1,0.9266045093536377,0.0733954906463623,0.383133202791214,True,False,False,False
STRAIN_000363,1,LOCAL_W10,142,2,0.9335253238677979,0.06647467613220215,0.3646223247051239,True,False,False,False
STRAIN_000363,1,LOCAL_W10,242,3,0.9294737577438354,0.07052624225616455,0.37556949257850647,True,False,False,False
STRAIN_000363,1,LOCAL_W10,342,4,0.9297223687171936,0.0702776312828064,0.3749069571495056,True,False,False,False
STRAIN_000363,1,LOCAL_W10,442,5,0.9195146560668945,0.08048534393310547,0.4012114405632019,True,False,False,False
STRAIN_000369,1,LOCAL_W10,42,1,0.931841254234314,0.06815874576568604,0.3692123591899872,True,False,False,False
STRAIN_000369,1,LOCAL_W10,142,2,0.9332094192504883,0.06679058074951172,0.3654876947402954,True,False,False,False
STRAIN_000369,1,LOCAL_W10,242,3,0.9269179105758667,0.0730820894241333,0.38231438398361206,True,False,False,False
STRAIN_000369,1,LOCAL_W10,342,4,0.9159390330314636,0.08406096696853638,0.41002678871154785,True,False,False,False
STRAIN_000369,1,LOCAL_W10,442,5,0.9271566867828369,0.07284331321716309,0.3816891610622406,True,False,False,False
STRAIN_000372,1,LOCAL_W10,42,1,0.9223806858062744,0.07761931419372559,0.3940032422542572,True,False,False,False
STRAIN_000372,1,LOCAL_W10,142,2,0.933860719203949,0.06613928079605103,0.3637011647224426,True,False,False,False
STRAIN_000372,1,LOCAL_W10,242,3,0.9228085875511169,0.07719141244888306,0.3929157257080078,True,False,False,False
STRAIN_000372,1,LOCAL_W10,342,4,0.9322766065597534,0.06772339344024658,0.3680310845375061,True,False,False,False
STRAIN_000372,1,LOCAL_W10,442,5,0.9249590039253235,0.07504099607467651,0.38740402460098267,True,False,False,False
STRAIN_000374,1,LOCAL_W10,42,1,0.9471185207366943,0.052881479263305664,0.3252122104167938,True,False,False,False
STRAIN_000374,1,LOCAL_W10,142,2,0.9362550973892212,0.06374490261077881,0.35705703496932983,True,False,False,False
STRAIN_000374,1,LOCAL_W10,242,3,0.9348161220550537,0.06518387794494629,0.36106476187705994,True,False,False,False
STRAIN_000374,1,LOCAL_W10,342,4,0.93492591381073,0.06507408618927002,0.3607604205608368,True,False,False,False
STRAIN_000374,1,LOCAL_W10,442,5,0.9288361072540283,0.07116389274597168,0.37726354598999023,True,False,False,False
STRAIN_000376,1,LOCAL_W10,42,1,0.9329524040222168,0.0670475959777832,0.366190105676651,True,False,False,False
STRAIN_000376,1,LOCAL_W10,142,2,0.9229211807250977,0.07707881927490234,0.39262914657592773,True,False,False,False
STRAIN_000376,1,LOCAL_W10,242,3,0.9280358552932739,0.07196414470672607,0.3793787956237793,True,False,False,False
STRAIN_000376,1,LOCAL_W10,342,4,0.9331766366958618,0.06682336330413818,0.36557716131210327,True,False,False,False
STRAIN_000376,1,LOCAL_W10,442,5,0.9282560348510742,0.07174396514892578,0.3787979185581207,True,False,False,False
STRAIN_000378,1,LOCAL_W10,42,1,0.928513765335083,0.07148623466491699,0.3781169354915619,True,False,False,False
STRAIN_000378,1,LOCAL_W10,142,2,0.92931067943573,0.07068932056427002,0.3760034143924713,True,False,False,False
STRAIN_000378,1,LOCAL_W10,242,3,0.9370050430297852,0.06299495697021484,0.35495054721832275,True,False,False,False
STRAIN_000378,1,LOCAL_W10,342,4,0.9437851905822754,0.05621480941772461,0.33530494570732117,True,False,False,False
STRAIN_000378,1,LOCAL_W10,442,5,0.9471622109413147,0.0528377890586853,0.325077623128891,True,False,False,False
STRAIN_000385,1,LOCAL_W10,42,1,0.9271919131278992,0.07280808687210083,0.38159698247909546,True,False,False,False
STRAIN_000385,1,LOCAL_W10,142,2,0.9195560216903687,0.08044397830963135,0.4011083245277405,True,False,False,False
STRAIN_000385,1,LOCAL_W10,242,3,0.916304349899292,0.08369565010070801,0.40913504362106323,True,False,False,False
STRAIN_000385,1,LOCAL_W10,342,4,0.9169632196426392,0.08303678035736084,0.40752139687538147,True,False,False,False
STRAIN_000385,1,LOCAL_W10,442,5,0.912882924079895,0.08711707592010498,0.4174138009548187,True,False,False,False
STRAIN_000390,1,LOCAL_W10,42,1,0.9269237518310547,0.07307624816894531,0.3822992444038391,True,False,False,False
STRAIN_000390,1,LOCAL_W10,142,2,0.9266595244407654,0.07334047555923462,0.3829894959926605,True,False,False,False
STRAIN_000390,1,LOCAL_W10,242,3,0.9325885772705078,0.06741142272949219,0.36718231439590454,True,False,False,False
STRAIN_000390,1,LOCAL_W10,342,4,0.9331706762313843,0.06682932376861572,0.36559367179870605,True,False,False,False
STRAIN_000390,1,LOCAL_W10,442,5,0.9250064492225647,0.0749935507774353,0.38728174567222595,True,False,False,False
STRAIN_000396,1,LOCAL_W10,42,1,0.9349313974380493,0.06506860256195068,0.36074554920196533,True,False,False,False
STRAIN_000396,1,LOCAL_W10,142,2,0.9151214957237244,0.08487850427627563,0.4120158553123474,True,False,False,False
STRAIN_000396,1,LOCAL_W10,242,3,0.9229384660720825,0.07706153392791748,0.3925853669643402,True,False,False,False
STRAIN_000396,1,LOCAL_W10,342,4,0.9330296516418457,0.0669703483581543,0.3659791648387909,True,False,False,False
STRAIN_000396,1,LOCAL_W10,442,5,0.925112247467041,0.07488775253295898,0.3870087265968323,True,False,False,False
STRAIN_000397,1,LOCAL_W10,42,1,0.914074182510376,0.08592581748962402,0.41454997658729553,True,False,False,False
STRAIN_000397,1,LOCAL_W10,142,2,0.9264172315597534,0.07358276844024658,0.3836214542388916,True,False,False,False
STRAIN_000397,1,LOCAL_W10,242,3,0.9258803725242615,0.07411962747573853,0.38501858711242676,True,False,False,False
STRAIN_000397,1,LOCAL_W10,342,4,0.9206103086471558,0.07938969135284424,0.39847132563591003,True,False,False,False
STRAIN_000397,1,LOCAL_W10,442,5,0.9341189861297607,0.06588101387023926,0.36299046874046326,True,False,False,False
STRAIN_000399,1,LOCAL_W10,42,1,0.9295609593391418,0.07043904066085815,0.37533730268478394,True,False,False,False
STRAIN_000399,1,LOCAL_W10,142,2,0.9397501945495605,0.06024980545043945,0.34713077545166016,True,False,False,False
STRAIN_000399,1,LOCAL_W10,242,3,0.9438632726669312,0.05613672733306885,0.33507239818573,True,False,False,False
STRAIN_000399,1,LOCAL_W10,342,4,0.9286484718322754,0.07135152816772461,0.3777606785297394,True,False,False,False
STRAIN_000399,1,LOCAL_W10,442,5,0.9342490434646606,0.06575095653533936,0.3626318573951721,True,False,False,False
STRAIN_000400,1,LOCAL_W10,42,1,0.9328969717025757,0.06710302829742432,0.36634141206741333,True,False,False,False
STRAIN_000400,1,LOCAL_W10,142,2,0.9211178421974182,0.07888215780258179,0.3971954882144928,True,False,False,False
STRAIN_000400,1,LOCAL_W10,242,3,0.9394202828407288,0.06057971715927124,0.3480796813964844,True,False,False,False
STRAIN_000400,1,LOCAL_W10,342,4,0.9292851686477661,0.07071483135223389,0.37607115507125854,True,False,False,False
STRAIN_000400,1,LOCAL_W10,442,5,0.9192124605178833,0.0807875394821167,0.40196412801742554,True,False,False,False
STRAIN_000404,1,LOCAL_W10,42,1,0.9351049065589905,0.06489509344100952,0.36026430130004883,True,False,False,False
STRAIN_000404,1,LOCAL_W10,142,2,0.9283595085144043,0.0716404914855957,0.3785247802734375,True,False,False,False
STRAIN_000404,1,LOCAL_W10,242,3,0.9288139939308167,0.07118600606918335,0.3773222267627716,True,False,False,False
STRAIN_000404,1,LOCAL_W10,342,4,0.923462986946106,0.07653701305389404,0.3912469446659088,True,False,False,False
STRAIN_000404,1,LOCAL_W10,442,5,0.9257837533950806,0.07421624660491943,0.3852694630622864,True,False,False,False
STRAIN_000405,1,LOCAL_W10,42,1,0.9328802227973938,0.0671197772026062,0.3663870692253113,True,False,False,False
STRAIN_000405,1,LOCAL_W10,142,2,0.928550124168396,0.071449875831604,0.37802085280418396,True,False,False,False
STRAIN_000405,1,LOCAL_W10,242,3,0.9363875389099121,0.06361246109008789,0.35668614506721497,True,False,False,False
STRAIN_000405,1,LOCAL_W10,342,4,0.9289512634277344,0.07104873657226562,0.37695831060409546,True,False,False,False
STRAIN_000405,1,LOCAL_W10,442,5,0.9301002025604248,0.0698997974395752,0.3738977909088135,True,False,False,False
STRAIN_000409,1,LOCAL_W10,42,1,0.9245744347572327,0.07542556524276733,0.3883955776691437,True,False,False,False
STRAIN_000409,1,LOCAL_W10,142,2,0.9321116805076599,0.06788831949234009,0.36847880482673645,True,False,False,False
STRAIN_000409,1,LOCAL_W10,242,3,0.9440193176269531,0.055980682373046875,0.3346061408519745,True,False,False,False
STRAIN_000409,1,LOCAL_W10,342,4,0.9417739510536194,0.058226048946380615,0.3412509262561798,True,False,False,False
STRAIN_000409,1,LOCAL_W10,442,5,0.9533904790878296,0.04660952091217041,0.3053182065486908,True,False,False,False
STRAIN_000416,1,LOCAL_W10,42,1,0.9190845489501953,0.08091545104980469,0.40228205919265747,True,False,False,False
STRAIN_000416,1,LOCAL_W10,142,2,0.9132745265960693,0.08672547340393066,0.41647446155548096,True,False,False,False
STRAIN_000416,1,LOCAL_W10,242,3,0.9133727550506592,0.08662724494934082,0.41623860597610474,True,False,False,False
STRAIN_000416,1,LOCAL_W10,342,4,0.9176928997039795,0.08230710029602051,0.4057266414165497,True,False,False,False
STRAIN_000416,1,LOCAL_W10,442,5,0.930362343788147,0.06963765621185303,0.37319591641426086,True,False,False,False
STRAIN_000418,1,LOCAL_W10,42,1,0.9398212432861328,0.06017875671386719,0.34692591428756714,True,False,False,False
STRAIN_000418,1,LOCAL_W10,142,2,0.9278400540351868,0.07215994596481323,0.37989479303359985,True,False,False,False
STRAIN_000418,1,LOCAL_W10,242,3,0.9446264505386353,0.055373549461364746,0.33278703689575195,True,False,False,False
STRAIN_000418,1,LOCAL_W10,342,4,0.9216318726539612,0.07836812734603882,0.39589932560920715,True,False,False,False
STRAIN_000418,1,LOCAL_W10,442,5,0.9221454858779907,0.07785451412200928,0.39459991455078125,True,False,False,False
STRAIN_000424,1,LOCAL_W10,42,1,0.9335578680038452,0.06644213199615479,0.364533007144928,True,False,False,False
STRAIN_000424,1,LOCAL_W10,142,2,0.9392119646072388,0.06078803539276123,0.3486776053905487,True,False,False,False
STRAIN_000424,1,LOCAL_W10,242,3,0.9328432083129883,0.06715679168701172,0.36648818850517273,True,False,False,False
STRAIN_000424,1,LOCAL_W10,342,4,0.9289389848709106,0.07106101512908936,0.37699082493782043,True,False,False,False
STRAIN_000424,1,LOCAL_W10,442,5,0.9435873031616211,0.056412696838378906,0.3358948826789856,True,False,False,False
STRAIN_000427,1,LOCAL_W10,42,1,0.9369711875915527,0.06302881240844727,0.35504600405693054,True,False,False,False
STRAIN_000427,1,LOCAL_W10,142,2,0.9326615333557129,0.06733846664428711,0.3669836223125458,True,False,False,False
STRAIN_000427,1,LOCAL_W10,242,3,0.9383670091629028,0.06163299083709717,0.35109269618988037,True,False,False,False
STRAIN_000427,1,LOCAL_W10,342,4,0.9343475699424744,0.06565243005752563,0.36236003041267395,True,False,False,False
STRAIN_000427,1,LOCAL_W10,442,5,0.9134714603424072,0.08652853965759277,0.4160013198852539,True,False,False,False
STRAIN_000432,1,LOCAL_W10,42,1,0.9282400608062744,0.07175993919372559,0.3788400888442993,True,False,False,False
STRAIN_000432,1,LOCAL_W10,142,2,0.9409555196762085,0.059044480323791504,0.34364062547683716,True,False,False,False
STRAIN_000432,1,LOCAL_W10,242,3,0.9366077184677124,0.0633922815322876,0.35606807470321655,True,False,False,False
STRAIN_000432,1,LOCAL_W10,342,4,0.9263967275619507,0.07360327243804932,0.38367488980293274,True,False,False,False
STRAIN_000432,1,LOCAL_W10,442,5,0.9301046133041382,0.06989538669586182,0.3738859295845032,True,False,False,False
STRAIN_000434,1,LOCAL_W10,42,1,0.9239331483840942,0.07606685161590576,0.3900434076786041,True,False,False,False
STRAIN_000434,1,LOCAL_W10,142,2,0.9389550089836121,0.06104499101638794,0.34941366314888,True,False,False,False
STRAIN_000434,1,LOCAL_W10,242,3,0.9339163899421692,0.06608361005783081,0.3635480999946594,True,False,False,False
STRAIN_000434,1,LOCAL_W10,342,4,0.9360901117324829,0.06390988826751709,0.3575187921524048,True,False,False,False
STRAIN_000434,1,LOCAL_W10,442,5,0.9471166133880615,0.05288338661193848,0.325218141078949,True,False,False,False
STRAIN_000435,1,LOCAL_W10,42,1,0.9362752437591553,0.06372475624084473,0.3570009171962738,True,False,False,False
STRAIN_000435,1,LOCAL_W10,142,2,0.929806113243103,0.07019388675689697,0.3746836185455322,True,False,False,False
STRAIN_000435,1,LOCAL_W10,242,3,0.9362885355949402,0.06371146440505981,0.3569636642932892,True,False,False,False
STRAIN_000435,1,LOCAL_W10,342,4,0.9391285181045532,0.06087148189544678,0.34891703724861145,True,False,False,False
STRAIN_000435,1,LOCAL_W10,442,5,0.9339691400527954,0.06603085994720459,0.3634031414985657,True,False,False,False
STRAIN_000436,1,LOCAL_W10,42,1,0.9268163442611694,0.07318365573883057,0.3825798034667969,True,False,False,False
STRAIN_000436,1,LOCAL_W10,142,2,0.9333162903785706,0.06668370962142944,0.3651948869228363,True,False,False,False
STRAIN_000436,1,LOCAL_W10,242,3,0.9326019287109375,0.0673980712890625,0.3671458065509796,True,False,False,False
STRAIN_000436,1,LOCAL_W10,342,4,0.917300820350647,0.08269917964935303,0.40669190883636475,True,False,False,False
STRAIN_000436,1,LOCAL_W10,442,5,0.9253466129302979,0.07465338706970215,0.38640207052230835,True,False,False,False
STRAIN_000437,1,LOCAL_W10,42,1,0.9256649017333984,0.07433509826660156,0.38557809591293335,True,False,False,False
STRAIN_000437,1,LOCAL_W10,142,2,0.9279361963272095,0.07206380367279053,0.3796415627002716,True,False,False,False
STRAIN_000437,1,LOCAL_W10,242,3,0.9304035902023315,0.06959640979766846,0.37308555841445923,True,False,False,False
STRAIN_000437,1,LOCAL_W10,342,4,0.9355484247207642,0.06445157527923584,0.3590310513973236,True,False,False,False
STRAIN_000437,1,LOCAL_W10,442,5,0.9242801666259766,0.07571983337402344,0.3891525864601135,True,False,False,False
STRAIN_000438,1,LOCAL_W10,42,1,0.9348156452178955,0.06518435478210449,0.3610662519931793,True,False,False,False
STRAIN_000438,1,LOCAL_W10,142,2,0.9303100109100342,0.06968998908996582,0.3733363747596741,True,False,False,False
STRAIN_000438,1,LOCAL_W10,242,3,0.9330958127975464,0.06690418720245361,0.36579832434654236,True,False,False,False
STRAIN_000438,1,LOCAL_W10,342,4,0.9360607862472534,0.06393921375274658,0.3576009273529053,True,False,False,False
STRAIN_000438,1,LOCAL_W10,442,5,0.9198010563850403,0.08019894361495972,0.4004972279071808,True,False,False,False
STRAIN_000440,1,LOCAL_W10,42,1,0.9291499853134155,0.07085001468658447,0.3764307200908661,True,False,False,False
STRAIN_000440,1,LOCAL_W10,142,2,0.9380165338516235,0.061983466148376465,0.3520895838737488,True,False,False,False
STRAIN_000440,1,LOCAL_W10,242,3,0.9288464784622192,0.07115352153778076,0.377236008644104,True,False,False,False
STRAIN_000440,1,LOCAL_W10,342,4,0.9286515712738037,0.07134842872619629,0.3777521550655365,True,False,False,False
STRAIN_000440,1,LOCAL_W10,442,5,0.9371407628059387,0.06285923719406128,0.3545679748058319,True,False,False,False
STRAIN_000448,1,LOCAL_W10,42,1,0.9376143217086792,0.0623856782913208,0.35322973132133484,True,False,False,False
STRAIN_000448,1,LOCAL_W10,142,2,0.935336709022522,0.06466329097747803,0.35961997509002686,True,False,False,False
STRAIN_000448,1,LOCAL_W10,242,3,0.9334297180175781,0.06657028198242188,0.3648843467235565,True,False,False,False
STRAIN_000448,1,LOCAL_W10,342,4,0.9303069114685059,0.06969308853149414,0.3733445107936859,True,False,False,False
STRAIN_000448,1,LOCAL_W10,442,5,0.9364664554595947,0.06353354454040527,0.3564646542072296,True,False,False,False
STRAIN_000451,1,LOCAL_W10,42,1,0.9294602870941162,0.07053971290588379,0.3756054937839508,True,False,False,False
STRAIN_000451,1,LOCAL_W10,142,2,0.939505934715271,0.060494065284729004,0.3478333652019501,True,False,False,False
STRAIN_000451,1,LOCAL_W10,242,3,0.9333258867263794,0.0666741132736206,0.36516857147216797,True,False,False,False
STRAIN_000451,1,LOCAL_W10,342,4,0.933586835861206,0.06641316413879395,0.3644534647464752,True,False,False,False
STRAIN_000451,1,LOCAL_W10,442,5,0.926105797290802,0.073894202709198,0.38443270325660706,True,False,False,False
STRAIN_000454,1,LOCAL_W10,42,1,0.9310325980186462,0.06896740198135376,0.37139594554901123,True,False,False,False
STRAIN_000454,1,LOCAL_W10,142,2,0.9343525171279907,0.06564748287200928,0.36234650015830994,True,False,False,False
STRAIN_000454,1,LOCAL_W10,242,3,0.9326876401901245,0.06731235980987549,0.3669125735759735,True,False,False,False
STRAIN_000454,1,LOCAL_W10,342,4,0.9310241341590881,0.06897586584091187,0.37141844630241394,True,False,False,False
STRAIN_000454,1,LOCAL_W10,442,5,0.936676025390625,0.063323974609375,0.35587623715400696,True,False,False,False
STRAIN_000479,1,LOCAL_W10,42,1,0.9232029914855957,0.0767970085144043,0.3919106125831604,True,False,False,False
STRAIN_000479,1,LOCAL_W10,142,2,0.9213473200798035,0.07865267992019653,0.3966173827648163,True,False,False,False
STRAIN_000479,1,LOCAL_W10,242,3,0.92612224817276,0.07387775182723999,0.3843896687030792,True,False,False,False
STRAIN_000479,1,LOCAL_W10,342,4,0.9291319847106934,0.07086801528930664,0.376478374004364,True,False,False,False
STRAIN_000479,1,LOCAL_W10,442,5,0.9135391116142273,0.0864608883857727,0.41583871841430664,True,False,False,False
STRAIN_000480,1,LOCAL_W10,42,1,0.9337365627288818,0.06626343727111816,0.3640424609184265,True,False,False,False
STRAIN_000480,1,LOCAL_W10,142,2,0.917098879814148,0.08290112018585205,0.4071883261203766,True,False,False,False
STRAIN_000480,1,LOCAL_W10,242,3,0.9123458862304688,0.08765411376953125,0.4186983108520508,True,False,False,False
STRAIN_000480,1,LOCAL_W10,342,4,0.9213429689407349,0.07865703105926514,0.39662840962409973,True,False,False,False
STRAIN_000480,1,LOCAL_W10,442,5,0.924271821975708,0.07572817802429199,0.38917413353919983,True,False,False,False
STRAIN_000490,1,LOCAL_W10,42,1,0.9218509793281555,0.07814902067184448,0.39534568786621094,True,False,False,False
STRAIN_000490,1,LOCAL_W10,142,2,0.9342173337936401,0.06578266620635986,0.3627195954322815,True,False,False,False
STRAIN_000490,1,LOCAL_W10,242,3,0.9335064888000488,0.06649351119995117,0.36467382311820984,True,False,False,False
STRAIN_000490,1,LOCAL_W10,342,4,0.9318760633468628,0.06812393665313721,0.36911773681640625,True,False,False,False
STRAIN_000490,1,LOCAL_W10,442,5,0.9335681200027466,0.06643187999725342,0.3645051121711731,True,False,False,False
STRAIN_000492,1,LOCAL_W10,42,1,0.9183183908462524,0.08168160915374756,0.4041823446750641,True,False,False,False
STRAIN_000492,1,LOCAL_W10,142,2,0.9359922409057617,0.06400775909423828,0.35779261589050293,True,False,False,False
STRAIN_000492,1,LOCAL_W10,242,3,0.9199248552322388,0.08007514476776123,0.40018773078918457,True,False,False,False
STRAIN_000492,1,LOCAL_W10,342,4,0.9268319010734558,0.07316809892654419,0.38253915309906006,True,False,False,False
STRAIN_000492,1,LOCAL_W10,442,5,0.9328608512878418,0.0671391487121582,0.36644041538238525,True,False,False,False
STRAIN_000496,1,LOCAL_W10,42,1,0.9253551363945007,0.07464486360549927,0.386380136013031,True,False,False,False
STRAIN_000496,1,LOCAL_W10,142,2,0.9331629872322083,0.06683701276779175,0.36561471223831177,True,False,False,False
STRAIN_000496,1,LOCAL_W10,242,3,0.9207236170768738,0.07927638292312622,0.39818671345710754,True,False,False,False
STRAIN_000496,1,LOCAL_W10,342,4,0.9209492206573486,0.07905077934265137,0.39761975407600403,True,False,False,False
STRAIN_000496,1,LOCAL_W10,442,5,0.9261488914489746,0.07385110855102539,0.384320467710495,True,False,False,False
STRAIN_000501,1,LOCAL_W10,42,1,0.9268805384635925,0.07311946153640747,0.38241177797317505,True,False,False,False
STRAIN_000501,1,LOCAL_W10,142,2,0.9356569051742554,0.06434309482574463,0.3587285578250885,True,False,False,False
STRAIN_000501,1,LOCAL_W10,242,3,0.9341364502906799,0.06586354970932007,0.36294227838516235,True,False,False,False
STRAIN_000501,1,LOCAL_W10,342,4,0.9413448572158813,0.05865514278411865,0.34250572323799133,True,False,False,False
STRAIN_000501,1,LOCAL_W10,442,5,0.9345681667327881,0.06543183326721191,0.3617507517337799,True,False,False,False
STRAIN_000508,1,LOCAL_W10,42,1,0.9276357293128967,0.07236427068710327,0.38043200969696045,True,False,False,False
STRAIN_000508,1,LOCAL_W10,142,2,0.929304838180542,0.07069516181945801,0.37601912021636963,True,False,False,False
STRAIN_000508,1,LOCAL_W10,242,3,0.9441484212875366,0.05585157871246338,0.3342203199863434,True,False,False,False
STRAIN_000508,1,LOCAL_W10,342,4,0.9435617923736572,0.05643820762634277,0.3359706997871399,True,False,False,False
STRAIN_000508,1,LOCAL_W10,442,5,0.9364291429519653,0.06357085704803467,0.35656920075416565,True,False,False,False
STRAIN_000511,1,LOCAL_W10,42,1,0.9406760334968567,0.05932396650314331,0.34445294737815857,True,False,False,False
STRAIN_000511,1,LOCAL_W10,142,2,0.9299036860466003,0.07009631395339966,0.3744228184223175,True,False,False,False
STRAIN_000511,1,LOCAL_W10,242,3,0.9320815205574036,0.06791847944259644,0.36856070160865784,True,False,False,False
STRAIN_000511,1,LOCAL_W10,342,4,0.9389431476593018,0.06105685234069824,0.34944772720336914,True,False,False,False
STRAIN_000511,1,LOCAL_W10,442,5,0.9354099035263062,0.06459009647369385,0.35941657423973083,True,False,False,False
STRAIN_000514,1,LOCAL_W10,42,1,0.9366922378540039,0.0633077621459961,0.35583043098449707,True,False,False,False
STRAIN_000514,1,LOCAL_W10,142,2,0.9310213327407837,0.06897866725921631,0.3714258372783661,True,False,False,False
STRAIN_000514,1,LOCAL_W10,242,3,0.9333009719848633,0.06669902801513672,0.36523693799972534,True,False,False,False
STRAIN_000514,1,LOCAL_W10,342,4,0.9388359189033508,0.06116408109664917,0.3497542440891266,True,False,False,False
STRAIN_000514,1,LOCAL_W10,442,5,0.9333343505859375,0.0666656494140625,0.36514559388160706,True,False,False,False
STRAIN_000535,1,LOCAL_W10,42,1,0.9296423196792603,0.07035768032073975,0.3751203417778015,True,False,False,False
STRAIN_000535,1,LOCAL_W10,142,2,0.9357504844665527,0.06424951553344727,0.3584676682949066,True,False,False,False
STRAIN_000535,1,LOCAL_W10,242,3,0.9355307817459106,0.06446921825408936,0.3590799868106842,True,False,False,False
STRAIN_000535,1,LOCAL_W10,342,4,0.92576003074646,0.07423996925354004,0.38533082604408264,True,False,False,False
STRAIN_000535,1,LOCAL_W10,442,5,0.928804874420166,0.07119512557983398,0.3773462176322937,True,False,False,False
STRAIN_000537,1,LOCAL_W10,42,1,0.9328008890151978,0.06719911098480225,0.3666034936904907,True,False,False,False
STRAIN_000537,1,LOCAL_W10,142,2,0.9394882917404175,0.06051170825958252,0.34788408875465393,True,False,False,False
STRAIN_000537,1,LOCAL_W10,242,3,0.9331636428833008,0.06683635711669922,0.3656127452850342,True,False,False,False
STRAIN_000537,1,LOCAL_W10,342,4,0.9288266897201538,0.07117331027984619,0.37728843092918396,True,False,False,False
STRAIN_000537,1,LOCAL_W10,442,5,0.9368835687637329,0.06311643123626709,0.35529273748397827,True,False,False,False
STRAIN_000541,1,LOCAL_W10,42,1,0.9253378510475159,0.07466214895248413,0.3864247798919678,True,False,False,False
STRAIN_000541,1,LOCAL_W10,142,2,0.9217239618301392,0.07827603816986084,0.39566656947135925,True,False,False,False
STRAIN_000541,1,LOCAL_W10,242,3,0.9295055866241455,0.07049441337585449,0.3754844069480896,True,False,False,False
STRAIN_000541,1,LOCAL_W10,342,4,0.9329097867012024,0.06709021329879761,0.36630651354789734,True,False,False,False
STRAIN_000541,1,LOCAL_W10,442,5,0.9312911033630371,0.06870889663696289,0.3706988990306854,True,False,False,False
STRAIN_000544,1,LOCAL_W10,42,1,0.9295933246612549,0.07040667533874512,0.37525102496147156,True,False,False,False
STRAIN_000544,1,LOCAL_W10,142,2,0.9292168021202087,0.07078319787979126,0.3762530982494354,True,False,False,False
STRAIN_000544,1,LOCAL_W10,242,3,0.9293824434280396,0.07061755657196045,0.375812828540802,True,False,False,False
STRAIN_000544,1,LOCAL_W10,342,4,0.9329075217247009,0.06709247827529907,0.36631259322166443,True,False,False,False
STRAIN_000544,1,LOCAL_W10,442,5,0.9249019622802734,0.07509803771972656,0.3875513970851898,True,False,False,False
STRAIN_000546,1,LOCAL_W10,42,1,0.9297783374786377,0.0702216625213623,0.37475764751434326,True,False,False,False
STRAIN_000546,1,LOCAL_W10,142,2,0.9273248314857483,0.07267516851425171,0.38124844431877136,True,False,False,False
STRAIN_000546,1,LOCAL_W10,242,3,0.9284420609474182,0.07155793905258179,0.37830665707588196,True,False,False,False
STRAIN_000546,1,LOCAL_W10,342,4,0.9362622499465942,0.06373775005340576,0.35703712701797485,True,False,False,False
STRAIN_000546,1,LOCAL_W10,442,5,0.936054527759552,0.063945472240448,0.3576183617115021,True,False,False,False
STRAIN_000547,1,LOCAL_W10,42,1,0.9261081218719482,0.07389187812805176,0.38442641496658325,True,False,False,False
STRAIN_000547,1,LOCAL_W10,142,2,0.9278672933578491,0.07213270664215088,0.3798227310180664,True,False,False,False
STRAIN_000547,1,LOCAL_W10,242,3,0.9312386512756348,0.06876134872436523,0.37084057927131653,True,False,False,False
STRAIN_000547,1,LOCAL_W10,342,4,0.9304038286209106,0.06959617137908936,0.37308481335639954,True,False,False,False
STRAIN_000547,1,LOCAL_W10,442,5,0.9244121313095093,0.07558786869049072,0.38881319761276245,True,False,False,False
STRAIN_000548,1,LOCAL_W10,42,1,0.9282345771789551,0.07176542282104492,0.37885451316833496,True,False,False,False
STRAIN_000548,1,LOCAL_W10,142,2,0.9399512410163879,0.06004875898361206,0.3465507924556732,True,False,False,False
STRAIN_000548,1,LOCAL_W10,242,3,0.9245249032974243,0.07547509670257568,0.3885232210159302,True,False,False,False
STRAIN_000548,1,LOCAL_W10,342,4,0.9350868463516235,0.06491315364837646,0.36031439900398254,True,False,False,False
STRAIN_000548,1,LOCAL_W10,442,5,0.9287945032119751,0.0712054967880249,0.37737390398979187,True,False,False,False
STRAIN_000550,1,LOCAL_W10,42,1,0.9279351830482483,0.07206481695175171,0.3796442449092865,True,False,False,False
STRAIN_000550,1,LOCAL_W10,142,2,0.9418321847915649,0.05816781520843506,0.3410802483558655,True,False,False,False
STRAIN_000550,1,LOCAL_W10,242,3,0.9366485476493835,0.06335145235061646,0.3559534251689911,True,False,False,False
STRAIN_000550,1,LOCAL_W10,342,4,0.935943603515625,0.064056396484375,0.35792845487594604,True,False,False,False
STRAIN_000550,1,LOCAL_W10,442,5,0.9245798587799072,0.07542014122009277,0.3883815109729767,True,False,False,False
STRAIN_000558,1,LOCAL_W10,42,1,0.9322993159294128,0.06770068407058716,0.3679693043231964,True,False,False,False
STRAIN_000558,1,LOCAL_W10,142,2,0.9168633222579956,0.0831366777420044,0.40776631236076355,True,False,False,False
STRAIN_000558,1,LOCAL_W10,242,3,0.915846049785614,0.08415395021438599,0.41025346517562866,True,False,False,False
STRAIN_000558,1,LOCAL_W10,342,4,0.9387292861938477,0.061270713806152344,0.35005924105644226,True,False,False,False
STRAIN_000558,1,LOCAL_W10,442,5,0.9243265986442566,0.07567340135574341,0.38903316855430603,True,False,False,False
STRAIN_000562,1,LOCAL_W10,42,1,0.9280392527580261,0.07196074724197388,0.379369854927063,True,False,False,False
STRAIN_000562,1,LOCAL_W10,142,2,0.9211298227310181,0.07887017726898193,0.3971656560897827,True,False,False,False
STRAIN_000562,1,LOCAL_W10,242,3,0.9277233481407166,0.07227665185928345,0.38020163774490356,True,False,False,False
STRAIN_000562,1,LOCAL_W10,342,4,0.9179734587669373,0.08202654123306274,0.40503445267677307,True,False,False,False
STRAIN_000562,1,LOCAL_W10,442,5,0.9257041215896606,0.07429587841033936,0.38547590374946594,True,False,False,False
STRAIN_000568,1,LOCAL_W10,42,1,0.92189621925354,0.07810378074645996,0.3952311873435974,True,False,False,False
STRAIN_000568,1,LOCAL_W10,142,2,0.9365633130073547,0.06343668699264526,0.3561929762363434,True,False,False,False
STRAIN_000568,1,LOCAL_W10,242,3,0.932651698589325,0.06734830141067505,0.36701053380966187,True,False,False,False
STRAIN_000568,1,LOCAL_W10,342,4,0.9289568662643433,0.07104313373565674,0.3769434988498688,True,False,False,False
STRAIN_000568,1,LOCAL_W10,442,5,0.930115282535553,0.06988471746444702,0.3738572299480438,True,False,False,False
STRAIN_000570,1,LOCAL_W10,42,1,0.9274379014968872,0.07256209850311279,0.38095173239707947,True,False,False,False
STRAIN_000570,1,LOCAL_W10,142,2,0.9205968379974365,0.07940316200256348,0.39850500226020813,True,False,False,False
STRAIN_000570,1,LOCAL_W10,242,3,0.926525354385376,0.07347464561462402,0.3833395838737488,True,False,False,False
STRAIN_000570,1,LOCAL_W10,342,4,0.929512083530426,0.07048791646957397,0.3754674196243286,True,False,False,False
STRAIN_000570,1,LOCAL_W10,442,5,0.9401654005050659,0.05983459949493408,0.345932275056839,True,False,False,False
STRAIN_000571,1,LOCAL_W10,42,1,0.9399851560592651,0.06001484394073486,0.3464530408382416,True,False,False,False
STRAIN_000571,1,LOCAL_W10,142,2,0.9162554740905762,0.08374452590942383,0.4092541038990021,True,False,False,False
STRAIN_000571,1,LOCAL_W10,242,3,0.9224652051925659,0.07753479480743408,0.3937888443470001,True,False,False,False
STRAIN_000571,1,LOCAL_W10,342,4,0.932366132736206,0.06763386726379395,0.3677878677845001,True,False,False,False
STRAIN_000571,1,LOCAL_W10,442,5,0.9335533976554871,0.06644660234451294,0.3645452857017517,True,False,False,False
STRAIN_000573,1,LOCAL_W10,42,1,0.9297785758972168,0.0702214241027832,0.3747568130493164,True,False,False,False
STRAIN_000573,1,LOCAL_W10,142,2,0.924161434173584,0.07583856582641602,0.3894575238227844,True,False,False,False
STRAIN_000573,1,LOCAL_W10,242,3,0.9283672571182251,0.0716327428817749,0.37850427627563477,True,False,False,False
STRAIN_000573,1,LOCAL_W10,342,4,0.930302619934082,0.06969738006591797,0.37335607409477234,True,False,False,False
STRAIN_000573,1,LOCAL_W10,442,5,0.9379171133041382,0.062082886695861816,0.35237154364585876,True,False,False,False
STRAIN_000574,1,LOCAL_W10,42,1,0.9439449310302734,0.05605506896972656,0.33482852578163147,True,False,False,False
STRAIN_000574,1,LOCAL_W10,142,2,0.935822606086731,0.06417739391326904,0.3582664132118225,True,False,False,False
STRAIN_000574,1,LOCAL_W10,242,3,0.921385645866394,0.07861435413360596,0.39652082324028015,True,False,False,False
STRAIN_000574,1,LOCAL_W10,342,4,0.9250828623771667,0.07491713762283325,0.3870844841003418,True,False,False,False
STRAIN_000574,1,LOCAL_W10,442,5,0.9364476799964905,0.06355232000350952,0.3565172851085663,True,False,False,False
STRAIN_000577,1,LOCAL_W10,42,1,0.9357398152351379,0.06426018476486206,0.35849735140800476,True,False,False,False
STRAIN_000577,1,LOCAL_W10,142,2,0.9348033666610718,0.06519663333892822,0.36110037565231323,True,False,False,False
STRAIN_000577,1,LOCAL_W10,242,3,0.9336391091346741,0.06636089086532593,0.36430981755256653,True,False,False,False
STRAIN_000577,1,LOCAL_W10,342,4,0.9332475662231445,0.06675243377685547,0.3653830587863922,True,False,False,False
STRAIN_000577,1,LOCAL_W10,442,5,0.9236263036727905,0.07637369632720947,0.3908291459083557,True,False,False,False
STRAIN_000578,1,LOCAL_W10,42,1,0.9444839358329773,0.055516064167022705,0.33321499824523926,True,False,False,False
STRAIN_000578,1,LOCAL_W10,142,2,0.9346073865890503,0.06539261341094971,0.361642450094223,True,False,False,False
STRAIN_000578,1,LOCAL_W10,242,3,0.9336402416229248,0.0663597583770752,0.3643069267272949,True,False,False,False
STRAIN_000578,1,LOCAL_W10,342,4,0.9352758526802063,0.0647241473197937,0.3597894608974457,True,False,False,False
STRAIN_000578,1,LOCAL_W10,442,5,0.9422218799591064,0.057778120040893555,0.33993566036224365,True,False,False,False
STRAIN_000579,1,LOCAL_W10,42,1,0.9296347498893738,0.07036525011062622,0.3751406669616699,True,False,False,False
STRAIN_000579,1,LOCAL_W10,142,2,0.92652428150177,0.07347571849822998,0.3833423852920532,True,False,False,False
STRAIN_000579,1,LOCAL_W10,242,3,0.9201136231422424,0.07988637685775757,0.3997158408164978,True,False,False,False
STRAIN_000579,1,LOCAL_W10,342,4,0.9254044890403748,0.07459551095962524,0.38625258207321167,True,False,False,False
STRAIN_000579,1,LOCAL_W10,442,5,0.9342265725135803,0.06577342748641968,0.36269378662109375,True,False,False,False
STRAIN_000582,1,LOCAL_W10,42,1,0.9281041026115417,0.07189589738845825,0.3791988790035248,True,False,False,False
STRAIN_000582,1,LOCAL_W10,142,2,0.9348258972167969,0.06517410278320312,0.3610377311706543,True,False,False,False
STRAIN_000582,1,LOCAL_W10,242,3,0.9373059272766113,0.06269407272338867,0.35410189628601074,True,False,False,False
STRAIN_000582,1,LOCAL_W10,342,4,0.9383183717727661,0.06168162822723389,0.35123103857040405,True,False,False,False
STRAIN_000582,1,LOCAL_W10,442,5,0.9279173612594604,0.07208263874053955,0.37969115376472473,True,False,False,False
STRAIN_000583,1,LOCAL_W10,42,1,0.9297419786453247,0.07025802135467529,0.37485477328300476,True,False,False,False
STRAIN_000583,1,LOCAL_W10,142,2,0.9340077638626099,0.06599223613739014,0.36329686641693115,True,False,False,False
STRAIN_000583,1,LOCAL_W10,242,3,0.9337263107299805,0.06627368927001953,0.3640706241130829,True,False,False,False
STRAIN_000583,1,LOCAL_W10,342,4,0.9235387444496155,0.07646125555038452,0.39105308055877686,True,False,False,False
STRAIN_000583,1,LOCAL_W10,442,5,0.9293049573898315,0.07069504261016846,0.3760188817977905,True,False,False,False
STRAIN_000584,1,LOCAL_W10,42,1,0.9251744151115417,0.07482558488845825,0.38684776425361633,True,False,False,False
STRAIN_000584,1,LOCAL_W10,142,2,0.9162803888320923,0.08371961116790771,0.40919336676597595,True,False,False,False
STRAIN_000584,1,LOCAL_W10,242,3,0.9219205379486084,0.0780794620513916,0.3951694965362549,True,False,False,False
STRAIN_000584,1,LOCAL_W10,342,4,0.918433427810669,0.08156657218933105,0.40389737486839294,True,False,False,False
STRAIN_000584,1,LOCAL_W10,442,5,0.921729564666748,0.07827043533325195,0.39565253257751465,True,False,False,False
STRAIN_000586,1,LOCAL_W10,42,1,0.9282952547073364,0.07170474529266357,0.3786945641040802,True,False,False,False
STRAIN_000586,1,LOCAL_W10,142,2,0.9172329306602478,0.0827670693397522,0.406858891248703,True,False,False,False
STRAIN_000586,1,LOCAL_W10,242,3,0.9283989071846008,0.07160109281539917,0.3784206509590149,True,False,False,False
STRAIN_000586,1,LOCAL_W10,342,4,0.925266683101654,0.07473331689834595,0.3866092562675476,True,False,False,False
STRAIN_000586,1,LOCAL_W10,442,5,0.9347831010818481,0.06521689891815186,0.36115625500679016,True,False,False,False
STRAIN_000588,1,LOCAL_W10,42,1,0.9308269023895264,0.06917309761047363,0.37194910645484924,True,False,False,False
STRAIN_000588,1,LOCAL_W10,142,2,0.9394603967666626,0.0605396032333374,0.3479643762111664,True,False,False,False
STRAIN_000588,1,LOCAL_W10,242,3,0.9220067262649536,0.07799327373504639,0.39495131373405457,True,False,False,False
STRAIN_000588,1,LOCAL_W10,342,4,0.9268380403518677,0.07316195964813232,0.3825227916240692,True,False,False,False
STRAIN_000588,1,LOCAL_W10,442,5,0.9213796854019165,0.0786203145980835,0.3965356647968292,True,False,False,False
STRAIN_000591,1,LOCAL_W10,42,1,0.9324610233306885,0.06753897666931152,0.36752960085868835,True,False,False,False
STRAIN_000591,1,LOCAL_W10,142,2,0.9329177141189575,0.06708228588104248,0.36628487706184387,True,False,False,False
STRAIN_000591,1,LOCAL_W10,242,3,0.9384823441505432,0.06151765584945679,0.3507640063762665,True,False,False,False
STRAIN_000591,1,LOCAL_W10,342,4,0.9322071671485901,0.06779283285140991,0.3682197630405426,True,False,False,False
STRAIN_000591,1,LOCAL_W10,442,5,0.9257913827896118,0.07420861721038818,0.38524970412254333,True,False,False,False
STRAIN_000594,1,LOCAL_W10,42,1,0.9308347105979919,0.06916528940200806,0.37192848324775696,True,False,False,False
STRAIN_000594,1,LOCAL_W10,142,2,0.9372791051864624,0.0627208948135376,0.3541775941848755,True,False,False,False
STRAIN_000594,1,LOCAL_W10,242,3,0.9249881505966187,0.07501184940338135,0.3873289227485657,True,False,False,False
STRAIN_000594,1,LOCAL_W10,342,4,0.9371389150619507,0.06286108493804932,0.35457342863082886,True,False,False,False
STRAIN_000594,1,LOCAL_W10,442,5,0.9242044687271118,0.07579553127288818,0.38934698700904846,True,False,False,False
STRAIN_000598,1,LOCAL_W10,42,1,0.9346224069595337,0.06537759304046631,0.36160099506378174,True,False,False,False
STRAIN_000598,1,LOCAL_W10,142,2,0.9303547143936157,0.06964528560638428,0.3732167184352875,True,False,False,False
STRAIN_000598,1,LOCAL_W10,242,3,0.9377529621124268,0.06224703788757324,0.3528372645378113,True,False,False,False
STRAIN_000598,1,LOCAL_W10,342,4,0.9365795850753784,0.06342041492462158,0.35614731907844543,True,False,False,False
STRAIN_000598,1,LOCAL_W10,442,5,0.9308069944381714,0.06919300556182861,0.3720027506351471,True,False,False,False
STRAIN_000603,1,LOCAL_W10,42,1,0.9269161224365234,0.07308387756347656,0.38231906294822693,True,False,False,False
STRAIN_000603,1,LOCAL_W10,142,2,0.9259127378463745,0.07408726215362549,0.3849344253540039,True,False,False,False
STRAIN_000603,1,LOCAL_W10,242,3,0.9300878047943115,0.06991219520568848,0.3739311993122101,True,False,False,False
STRAIN_000603,1,LOCAL_W10,342,4,0.9264184236526489,0.07358157634735107,0.3836185336112976,True,False,False,False
STRAIN_000603,1,LOCAL_W10,442,5,0.9356026649475098,0.06439733505249023,0.35887983441352844,True,False,False,False
STRAIN_000605,1,LOCAL_W10,42,1,0.9336496591567993,0.06635034084320068,0.3642810881137848,True,False,False,False
STRAIN_000605,1,LOCAL_W10,142,2,0.9369295835494995,0.06307041645050049,0.3551630973815918,True,False,False,False
STRAIN_000605,1,LOCAL_W10,242,3,0.9300538301467896,0.06994616985321045,0.37402209639549255,True,False,False,False
STRAIN_000605,1,LOCAL_W10,342,4,0.9285101890563965,0.07148981094360352,0.37812671065330505,True,False,False,False
STRAIN_000605,1,LOCAL_W10,442,5,0.9356823563575745,0.06431764364242554,0.3586576282978058,True,False,False,False
STRAIN_000606,1,LOCAL_W10,42,1,0.9225412011146545,0.07745879888534546,0.3935958445072174,True,False,False,False
STRAIN_000606,1,LOCAL_W10,142,2,0.9226984977722168,0.0773015022277832,0.3931959867477417,True,False,False,False
STRAIN_000606,1,LOCAL_W10,242,3,0.9225761294364929,0.07742387056350708,0.3935069739818573,True,False,False,False
STRAIN_000606,1,LOCAL_W10,342,4,0.9222504496574402,0.07774955034255981,0.3943338394165039,True,False,False,False
STRAIN_000606,1,LOCAL_W10,442,5,0.9276076555252075,0.07239234447479248,0.3805059790611267,True,False,False,False
STRAIN_000607,1,LOCAL_W10,42,1,0.923202395439148,0.07679760456085205,0.3919123113155365,True,False,False,False
STRAIN_000607,1,LOCAL_W10,142,2,0.9194748401641846,0.08052515983581543,0.40131068229675293,True,False,False,False
STRAIN_000607,1,LOCAL_W10,242,3,0.9280519485473633,0.07194805145263672,0.37933626770973206,True,False,False,False
STRAIN_000607,1,LOCAL_W10,342,4,0.9234315752983093,0.07656842470169067,0.39132705330848694,True,False,False,False
STRAIN_000607,1,LOCAL_W10,442,5,0.9210435152053833,0.0789564847946167,0.39738258719444275,True,False,False,False
STRAIN_000608,1,LOCAL_W10,42,1,0.9250935912132263,0.07490640878677368,0.3870565593242645,True,False,False,False
STRAIN_000608,1,LOCAL_W10,142,2,0.9309594631195068,0.06904053688049316,0.3715926706790924,True,False,False,False
STRAIN_000608,1,LOCAL_W10,242,3,0.9281660318374634,0.07183396816253662,0.3790355324745178,True,False,False,False
STRAIN_000608,1,LOCAL_W10,342,4,0.9241595268249512,0.07584047317504883,0.38946253061294556,True,False,False,False
STRAIN_000608,1,LOCAL_W10,442,5,0.9248121976852417,0.0751878023147583,0.3877828121185303,True,False,False,False
STRAIN_000609,1,LOCAL_W10,42,1,0.9317585229873657,0.06824147701263428,0.36943599581718445,True,False,False,False
STRAIN_000609,1,LOCAL_W10,142,2,0.9271875023841858,0.07281249761581421,0.3816083073616028,True,False,False,False
STRAIN_000609,1,LOCAL_W10,242,3,0.9230650067329407,0.07693499326705933,0.3922625482082367,True,False,False,False
STRAIN_000609,1,LOCAL_W10,342,4,0.92537522315979,0.07462477684020996,0.3863280415534973,True,False,False,False
STRAIN_000609,1,LOCAL_W10,442,5,0.9281033277511597,0.07189667224884033,0.3792007863521576,True,False,False,False
STRAIN_000611,1,LOCAL_W10,42,1,0.9425303339958191,0.05746966600418091,0.33902695775032043,True,False,False,False
STRAIN_000611,1,LOCAL_W10,142,2,0.9403088688850403,0.05969113111495972,0.3455171585083008,True,False,False,False
STRAIN_000611,1,LOCAL_W10,242,3,0.9381334781646729,0.06186652183532715,0.3517567813396454,True,False,False,False
STRAIN_000611,1,LOCAL_W10,342,4,0.9461879730224609,0.05381202697753906,0.3280608654022217,True,False,False,False
STRAIN_000611,1,LOCAL_W10,442,5,0.945932149887085,0.05406785011291504,0.3288396894931793,True,False,False,False
STRAIN_000612,1,LOCAL_W10,42,1,0.9368018507957458,0.06319814920425415,0.3555225431919098,True,False,False,False
STRAIN_000612,1,LOCAL_W10,142,2,0.9393026232719421,0.06069737672805786,0.34841740131378174,True,False,False,False
STRAIN_000612,1,LOCAL_W10,242,3,0.9215192198753357,0.0784807801246643,0.396183580160141,True,False,False,False
STRAIN_000612,1,LOCAL_W10,342,4,0.9332650303840637,0.06673496961593628,0.3653354346752167,True,False,False,False
STRAIN_000612,1,LOCAL_W10,442,5,0.9427851438522339,0.05721485614776611,0.33827486634254456,True,False,False,False
STRAIN_000613,1,LOCAL_W10,42,1,0.9294503331184387,0.07054966688156128,0.37563207745552063,True,False,False,False
STRAIN_000613,1,LOCAL_W10,142,2,0.9306100606918335,0.0693899393081665,0.37253162264823914,True,False,False,False
STRAIN_000613,1,LOCAL_W10,242,3,0.9258065223693848,0.07419347763061523,0.3852101266384125,True,False,False,False
STRAIN_000613,1,LOCAL_W10,342,4,0.9140239953994751,0.0859760046005249,0.41467103362083435,True,False,False,False
STRAIN_000613,1,LOCAL_W10,442,5,0.9248756766319275,0.07512432336807251,0.3876191973686218,True,False,False,False
STRAIN_000617,1,LOCAL_W10,42,1,0.9011936783790588,0.09880632162094116,0.44453632831573486,True,False,False,False
STRAIN_000617,1,LOCAL_W10,142,2,0.9122157096862793,0.0877842903137207,0.41900891065597534,True,False,False,False
STRAIN_000617,1,LOCAL_W10,242,3,0.924781322479248,0.07521867752075195,0.3878623843193054,True,False,False,False
STRAIN_000617,1,LOCAL_W10,342,4,0.9224247336387634,0.07757526636123657,0.3938915729522705,True,False,False,False
STRAIN_000617,1,LOCAL_W10,442,5,0.907525897026062,0.09247410297393799,0.4300561249256134,True,False,False,False
STRAIN_000618,1,LOCAL_W10,42,1,0.9210890531539917,0.0789109468460083,0.39726823568344116,True,False,False,False
STRAIN_000618,1,LOCAL_W10,142,2,0.9235748052597046,0.07642519474029541,0.39096081256866455,True,False,False,False
STRAIN_000618,1,LOCAL_W10,242,3,0.921710729598999,0.07828927040100098,0.3957001268863678,True,False,False,False
STRAIN_000618,1,LOCAL_W10,342,4,0.9191763997077942,0.08082360029220581,0.4020538628101349,True,False,False,False
STRAIN_000618,1,LOCAL_W10,442,5,0.9137749671936035,0.08622503280639648,0.41527122259140015,True,False,False,False
STRAIN_000619,1,LOCAL_W10,42,1,0.9183906316757202,0.08160936832427979,0.4040033221244812,True,False,False,False
STRAIN_000619,1,LOCAL_W10,142,2,0.9275914430618286,0.07240855693817139,0.3805484473705292,True,False,False,False
STRAIN_000619,1,LOCAL_W10,242,3,0.9300910234451294,0.0699089765548706,0.37392234802246094,True,False,False,False
STRAIN_000619,1,LOCAL_W10,342,4,0.9256969690322876,0.0743030309677124,0.38549476861953735,True,False,False,False
STRAIN_000619,1,LOCAL_W10,442,5,0.935908854007721,0.06409114599227905,0.3580254912376404,True,False,False,False
STRAIN_000620,1,LOCAL_W10,42,1,0.9331703186035156,0.06682968139648438,0.3655942976474762,True,False,False,False
STRAIN_000620,1,LOCAL_W10,142,2,0.9279670715332031,0.07203292846679688,0.37955984473228455,True,False,False,False
STRAIN_000620,1,LOCAL_W10,242,3,0.9352905750274658,0.06470942497253418,0.35974809527397156,True,False,False,False
STRAIN_000620,1,LOCAL_W10,342,4,0.9287140369415283,0.07128596305847168,0.3775871694087982,True,False,False,False
STRAIN_000620,1,LOCAL_W10,442,5,0.9171930551528931,0.08280694484710693,0.40695691108703613,True,False,False,False
STRAIN_000621,1,LOCAL_W10,42,1,0.9370498657226562,0.06295013427734375,0.35482439398765564,True,False,False,False
STRAIN_000621,1,LOCAL_W10,142,2,0.9284994602203369,0.07150053977966309,0.3781547546386719,True,False,False,False
STRAIN_000621,1,LOCAL_W10,242,3,0.9412356615066528,0.05876433849334717,0.3428245186805725,True,False,False,False
STRAIN_000621,1,LOCAL_W10,342,4,0.9407812356948853,0.059218764305114746,0.3441476821899414,True,False,False,False
STRAIN_000621,1,LOCAL_W10,442,5,0.9372192621231079,0.06278073787689209,0.3543466627597809,True,False,False,False
STRAIN_000623,1,LOCAL_W10,42,1,0.9344468116760254,0.06555318832397461,0.36208629608154297,True,False,False,False
STRAIN_000623,1,LOCAL_W10,142,2,0.9254762530326843,0.07452374696731567,0.386066734790802,True,False,False,False
STRAIN_000623,1,LOCAL_W10,242,3,0.9407120943069458,0.0592879056930542,0.34434840083122253,True,False,False,False
STRAIN_000623,1,LOCAL_W10,342,4,0.936411440372467,0.06358855962753296,0.3566189408302307,True,False,False,False
STRAIN_000623,1,LOCAL_W10,442,5,0.938776969909668,0.06122303009033203,0.34992292523384094,True,False,False,False
STRAIN_000630,1,LOCAL_W10,42,1,0.9342018365859985,0.06579816341400146,0.36276179552078247,True,False,False,False
STRAIN_000630,1,LOCAL_W10,142,2,0.928361177444458,0.07163882255554199,0.3785201907157898,True,False,False,False
STRAIN_000630,1,LOCAL_W10,242,3,0.9226628541946411,0.07733714580535889,0.39328649640083313,True,False,False,False
STRAIN_000630,1,LOCAL_W10,342,4,0.9453543424606323,0.054645657539367676,0.3305923640727997,True,False,False,False
STRAIN_000630,1,LOCAL_W10,442,5,0.9277510643005371,0.07224893569946289,0.38012856245040894,True,False,False,False
STRAIN_000632,1,LOCAL_W10,42,1,0.9370441436767578,0.06295585632324219,0.3548404574394226,True,False,False,False
STRAIN_000632,1,LOCAL_W10,142,2,0.931847095489502,0.06815290451049805,0.3691962957382202,True,False,False,False
STRAIN_000632,1,LOCAL_W10,242,3,0.9406318664550781,0.059368133544921875,0.3445812463760376,True,False,False,False
STRAIN_000632,1,LOCAL_W10,342,4,0.9315178394317627,0.0684821605682373,0.37008678913116455,True,False,False,False
STRAIN_000632,1,LOCAL_W10,442,5,0.9375271201133728,0.0624728798866272,0.3534766435623169,True,False,False,False
STRAIN_000644,1,LOCAL_W10,42,1,0.9247738122940063,0.07522618770599365,0.38788190484046936,True,False,False,False
STRAIN_000644,1,LOCAL_W10,142,2,0.9292066693305969,0.07079333066940308,0.3762800693511963,True,False,False,False
STRAIN_000644,1,LOCAL_W10,242,3,0.9317095279693604,0.06829047203063965,0.36956873536109924,True,False,False,False
STRAIN_000644,1,LOCAL_W10,342,4,0.9309635162353516,0.06903648376464844,0.3715818226337433,True,False,False,False
STRAIN_000644,1,LOCAL_W10,442,5,0.9360486268997192,0.06395137310028076,0.3576350212097168,True,False,False,False
STRAIN_000646,1,LOCAL_W10,42,1,0.9298491477966309,0.07015085220336914,0.37456876039505005,True,False,False,False
STRAIN_000646,1,LOCAL_W10,142,2,0.9338242411613464,0.06617575883865356,0.36380138993263245,True,False,False,False
STRAIN_000646,1,LOCAL_W10,242,3,0.9379243850708008,0.06207561492919922,0.35235121846199036,True,False,False,False
STRAIN_000646,1,LOCAL_W10,342,4,0.9199621677398682,0.08003783226013184,0.400094598531723,True,False,False,False
STRAIN_000646,1,LOCAL_W10,442,5,0.9329851865768433,0.06701481342315674,0.3661006987094879,True,False,False,False
STRAIN_000656,1,LOCAL_W10,42,1,0.935872495174408,0.06412750482559204,0.35812702775001526,True,False,False,False
STRAIN_000656,1,LOCAL_W10,142,2,0.9265871644020081,0.07341283559799194,0.38317838311195374,True,False,False,False
STRAIN_000656,1,LOCAL_W10,242,3,0.9154708385467529,0.08452916145324707,0.4111667573451996,True,False,False,False
STRAIN_000656,1,LOCAL_W10,342,4,0.9254779815673828,0.07452201843261719,0.3860621452331543,True,False,False,False
STRAIN_000656,1,LOCAL_W10,442,5,0.9275975823402405,0.07240241765975952,0.3805324137210846,True,False,False,False
STRAIN_000661,1,LOCAL_W10,42,1,0.9337772130966187,0.06622278690338135,0.36393076181411743,True,False,False,False
STRAIN_000661,1,LOCAL_W10,142,2,0.9293725490570068,0.07062745094299316,0.3758390545845032,True,False,False,False
STRAIN_000661,1,LOCAL_W10,242,3,0.9359457492828369,0.06405425071716309,0.35792261362075806,True,False,False,False
STRAIN_000661,1,LOCAL_W10,342,4,0.9234507083892822,0.07654929161071777,0.39127808809280396,True,False,False,False
STRAIN_000661,1,LOCAL_W10,442,5,0.9304122924804688,0.06958770751953125,0.3730621039867401,True,False,False,False
STRAIN_000664,1,LOCAL_W10,42,1,0.9197931289672852,0.08020687103271484,0.40051692724227905,True,False,False,False
STRAIN_000664,1,LOCAL_W10,142,2,0.943303108215332,0.05669689178466797,0.3367399573326111,True,False,False,False
STRAIN_000664,1,LOCAL_W10,242,3,0.9319379925727844,0.06806200742721558,0.3689497709274292,True,False,False,False
STRAIN_000664,1,LOCAL_W10,342,4,0.93553626537323,0.06446373462677002,0.35906466841697693,True,False,False,False
STRAIN_000664,1,LOCAL_W10,442,5,0.9315952062606812,0.06840479373931885,0.3698778450489044,True,False,False,False
STRAIN_000667,1,LOCAL_W10,42,1,0.9240686297416687,0.0759313702583313,0.3896956145763397,True,False,False,False
STRAIN_000667,1,LOCAL_W10,142,2,0.9267746210098267,0.07322537899017334,0.382688969373703,True,False,False,False
STRAIN_000667,1,LOCAL_W10,242,3,0.9192981123924255,0.08070188760757446,0.40175074338912964,True,False,False,False
STRAIN_000667,1,LOCAL_W10,342,4,0.9160001277923584,0.0839998722076416,0.4098775386810303,True,False,False,False
STRAIN_000667,1,LOCAL_W10,442,5,0.9210411310195923,0.07895886898040771,0.3973885476589203,True,False,False,False
STRAIN_000669,1,LOCAL_W10,42,1,0.9340994358062744,0.06590056419372559,0.3630443215370178,True,False,False,False
STRAIN_000669,1,LOCAL_W10,142,2,0.9266650676727295,0.07333493232727051,0.382974773645401,True,False,False,False
STRAIN_000669,1,LOCAL_W10,242,3,0.9214683771133423,0.07853162288665771,0.39631205797195435,True,False,False,False
STRAIN_000669,1,LOCAL_W10,342,4,0.9303338527679443,0.06966614723205566,0.3732722997665405,True,False,False,False
STRAIN_000669,1,LOCAL_W10,442,5,0.9369227886199951,0.06307721138000488,0.3551822900772095,True,False,False,False
STRAIN_000674,1,LOCAL_W10,42,1,0.9337121844291687,0.0662878155708313,0.364109605550766,True,False,False,False
STRAIN_000674,1,LOCAL_W10,142,2,0.9249649047851562,0.07503509521484375,0.3873889744281769,True,False,False,False
STRAIN_000674,1,LOCAL_W10,242,3,0.9394079446792603,0.060592055320739746,0.3481151759624481,True,False,False,False
STRAIN_000674,1,LOCAL_W10,342,4,0.9262402057647705,0.07375979423522949,0.38408294320106506,True,False,False,False
STRAIN_000674,1,LOCAL_W10,442,5,0.9336726665496826,0.06632733345031738,0.3642176687717438,True,False,False,False
STRAIN_000675,1,LOCAL_W10,42,1,0.9437471628189087,0.05625283718109131,0.33541855216026306,True,False,False,False
STRAIN_000675,1,LOCAL_W10,142,2,0.9292097091674805,0.07079029083251953,0.3762716054916382,True,False,False,False
STRAIN_000675,1,LOCAL_W10,242,3,0.9339619874954224,0.06603801250457764,0.363422691822052,True,False,False,False
STRAIN_000675,1,LOCAL_W10,342,4,0.9320691227912903,0.06793087720870972,0.368594229221344,True,False,False,False
STRAIN_000675,1,LOCAL_W10,442,5,0.929690957069397,0.07030904293060303,0.3749907314777374,True,False,False,False
STRAIN_000682,1,LOCAL_W10,42,1,0.9286614656448364,0.07133853435516357,0.3777262270450592,True,False,False,False
STRAIN_000682,1,LOCAL_W10,142,2,0.9197221994400024,0.08027780055999756,0.40069374442100525,True,False,False,False
STRAIN_000682,1,LOCAL_W10,242,3,0.9443327188491821,0.05566728115081787,0.3336683213710785,True,False,False,False
STRAIN_000682,1,LOCAL_W10,342,4,0.935135006904602,0.06486499309539795,0.36018049716949463,True,False,False,False
STRAIN_000682,1,LOCAL_W10,442,5,0.9388085007667542,0.06119149923324585,0.34983259439468384,True,False,False,False
STRAIN_000683,1,LOCAL_W10,42,1,0.9122655987739563,0.0877344012260437,0.41888973116874695,True,False,False,False
STRAIN_000683,1,LOCAL_W10,142,2,0.9251934885978699,0.07480651140213013,0.3867982029914856,True,False,False,False
STRAIN_000683,1,LOCAL_W10,242,3,0.9248369336128235,0.07516306638717651,0.38771918416023254,True,False,False,False
STRAIN_000683,1,LOCAL_W10,342,4,0.9217013120651245,0.07829868793487549,0.3957238495349884,True,False,False,False
STRAIN_000683,1,LOCAL_W10,442,5,0.9190874099731445,0.08091259002685547,0.40227484703063965,True,False,False,False
STRAIN_000685,1,LOCAL_W10,42,1,0.9246083498001099,0.07539165019989014,0.38830825686454773,True,False,False,False
STRAIN_000685,1,LOCAL_W10,142,2,0.9324110746383667,0.0675889253616333,0.367665559053421,True,False,False,False
STRAIN_000685,1,LOCAL_W10,242,3,0.9294689893722534,0.07053101062774658,0.37558236718177795,True,False,False,False
STRAIN_000685,1,LOCAL_W10,342,4,0.9254649877548218,0.07453501224517822,0.3860958218574524,True,False,False,False
STRAIN_000685,1,LOCAL_W10,442,5,0.9262228012084961,0.0737771987915039,0.384128212928772,True,False,False,False
STRAIN_000690,1,LOCAL_W10,42,1,0.9214668869972229,0.0785331130027771,0.39631590247154236,True,False,False,False
STRAIN_000690,1,LOCAL_W10,142,2,0.9326534867286682,0.06734651327133179,0.3670053780078888,True,False,False,False
STRAIN_000690,1,LOCAL_W10,242,3,0.9425039887428284,0.05749601125717163,0.3391047418117523,True,False,False,False
STRAIN_000690,1,LOCAL_W10,342,4,0.9298567771911621,0.07014322280883789,0.37454840540885925,True,False,False,False
STRAIN_000690,1,LOCAL_W10,442,5,0.9403343200683594,0.059665679931640625,0.3454436957836151,True,False,False,False
STRAIN_000691,1,LOCAL_W10,42,1,0.9334177374839783,0.06658226251602173,0.36491715908050537,True,False,False,False
STRAIN_000691,1,LOCAL_W10,142,2,0.9322335720062256,0.06776642799377441,0.3681478798389435,True,False,False,False
STRAIN_000691,1,LOCAL_W10,242,3,0.9407209753990173,0.059279024600982666,0.3443226218223572,True,False,False,False
STRAIN_000691,1,LOCAL_W10,342,4,0.9408129453659058,0.05918705463409424,0.34405502676963806,True,False,False,False
STRAIN_000691,1,LOCAL_W10,442,5,0.924647867679596,0.07535213232040405,0.38820645213127136,True,False,False,False
STRAIN_000694,1,LOCAL_W10,42,1,0.9229620695114136,0.07703793048858643,0.39252492785453796,True,False,False,False
STRAIN_000694,1,LOCAL_W10,142,2,0.9319028854370117,0.06809711456298828,0.36904487013816833,True,False,False,False
STRAIN_000694,1,LOCAL_W10,242,3,0.9273978471755981,0.07260215282440186,0.38105687499046326,True,False,False,False
STRAIN_000694,1,LOCAL_W10,342,4,0.9257190823554993,0.07428091764450073,0.3854373097419739,True,False,False,False
STRAIN_000694,1,LOCAL_W10,442,5,0.9250133037567139,0.07498669624328613,0.3872638940811157,True,False,False,False
STRAIN_000701,1,LOCAL_W10,42,1,0.9286561012268066,0.07134389877319336,0.37774038314819336,True,False,False,False
STRAIN_000701,1,LOCAL_W10,142,2,0.9257649779319763,0.07423502206802368,0.38531824946403503,True,False,False,False
STRAIN_000701,1,LOCAL_W10,242,3,0.9235798120498657,0.07642018795013428,0.39094817638397217,True,False,False,False
STRAIN_000701,1,LOCAL_W10,342,4,0.9249910712242126,0.07500892877578735,0.38732147216796875,True,False,False,False
STRAIN_000701,1,LOCAL_W10,442,5,0.9360378980636597,0.06396210193634033,0.3576647937297821,True,False,False,False
STRAIN_000703,1,LOCAL_W10,42,1,0.9186838865280151,0.08131611347198486,0.40327703952789307,True,False,False,False
STRAIN_000703,1,LOCAL_W10,142,2,0.9383722543716431,0.061627745628356934,0.3510779142379761,True,False,False,False
STRAIN_000703,1,LOCAL_W10,242,3,0.9309893250465393,0.0690106749534607,0.3715123236179352,True,False,False,False
STRAIN_000703,1,LOCAL_W10,342,4,0.9312136173248291,0.0687863826751709,0.37090814113616943,True,False,False,False
STRAIN_000703,1,LOCAL_W10,442,5,0.9261144399642944,0.07388556003570557,0.38441020250320435,True,False,False,False
STRAIN_000704,1,LOCAL_W10,42,1,0.9366149306297302,0.06338506937026978,0.356048047542572,True,False,False,False
STRAIN_000704,1,LOCAL_W10,142,2,0.9328045845031738,0.06719541549682617,0.36659350991249084,True,False,False,False
STRAIN_000704,1,LOCAL_W10,242,3,0.9359220266342163,0.06407797336578369,0.3579888939857483,True,False,False,False
STRAIN_000704,1,LOCAL_W10,342,4,0.9352902770042419,0.06470972299575806,0.35974934697151184,True,False,False,False
STRAIN_000704,1,LOCAL_W10,442,5,0.9335988163948059,0.06640118360519409,0.364420622587204,True,False,False,False
STRAIN_000710,1,LOCAL_W10,42,1,0.9331276416778564,0.06687235832214355,0.36571142077445984,True,False,False,False
STRAIN_000710,1,LOCAL_W10,142,2,0.9305537939071655,0.06944620609283447,0.37268275022506714,True,False,False,False
STRAIN_000710,1,LOCAL_W10,242,3,0.9262090921401978,0.07379090785980225,0.3841639757156372,True,False,False,False
STRAIN_000710,1,LOCAL_W10,342,4,0.9188644886016846,0.08113551139831543,0.4028288722038269,True,False,False,False
STRAIN_000710,1,LOCAL_W10,442,5,0.9273036122322083,0.07269638776779175,0.3813042640686035,True,False,False,False
STRAIN_000712,1,LOCAL_W10,42,1,0.931666374206543,0.06833362579345703,0.36968526244163513,True,False,False,False
STRAIN_000712,1,LOCAL_W10,142,2,0.9284751415252686,0.07152485847473145,0.3782190680503845,True,False,False,False
STRAIN_000712,1,LOCAL_W10,242,3,0.9297460913658142,0.07025390863418579,0.374843955039978,True,False,False,False
STRAIN_000712,1,LOCAL_W10,342,4,0.9363290667533875,0.06367093324661255,0.3568499982357025,True,False,False,False
STRAIN_000712,1,LOCAL_W10,442,5,0.9331969022750854,0.06680309772491455,0.36552193760871887,True,False,False,False
STRAIN_000713,1,LOCAL_W10,42,1,0.9167397022247314,0.08326029777526855,0.4080694913864136,True,False,False,False
STRAIN_000713,1,LOCAL_W10,142,2,0.9291600584983826,0.07083994150161743,0.37640392780303955,True,False,False,False
STRAIN_000713,1,LOCAL_W10,242,3,0.9305038452148438,0.06949615478515625,0.3728165328502655,True,False,False,False
STRAIN_000713,1,LOCAL_W10,342,4,0.9207000732421875,0.0792999267578125,0.3982461988925934,True,False,False,False
STRAIN_000713,1,LOCAL_W10,442,5,0.9350813627243042,0.0649186372756958,0.36032935976982117,True,False,False,False
STRAIN_000716,1,LOCAL_W10,42,1,0.9271643161773682,0.07283568382263184,0.38166943192481995,True,False,False,False
STRAIN_000716,1,LOCAL_W10,142,2,0.9323796033859253,0.06762039661407471,0.3677510619163513,True,False,False,False
STRAIN_000716,1,LOCAL_W10,242,3,0.9311224222183228,0.06887757778167725,0.37115395069122314,True,False,False,False
STRAIN_000716,1,LOCAL_W10,342,4,0.9252411127090454,0.07475888729095459,0.38667556643486023,True,False,False,False
STRAIN_000716,1,LOCAL_W10,442,5,0.9215367436408997,0.07846325635910034,0.39613959193229675,True,False,False,False
STRAIN_000718,1,LOCAL_W10,42,1,0.9336615800857544,0.0663384199142456,0.3642483949661255,True,False,False,False
STRAIN_000718,1,LOCAL_W10,142,2,0.9351067543029785,0.06489324569702148,0.3602588474750519,True,False,False,False
STRAIN_000718,1,LOCAL_W10,242,3,0.9346750378608704,0.06532496213912964,0.36145514249801636,True,False,False,False
STRAIN_000718,1,LOCAL_W10,342,4,0.922534704208374,0.07746529579162598,0.3936123251914978,True,False,False,False
STRAIN_000718,1,LOCAL_W10,442,5,0.9157819747924805,0.08421802520751953,0.41040942072868347,True,False,False,False
STRAIN_000722,1,LOCAL_W10,42,1,0.9340965747833252,0.0659034252166748,0.363052099943161,True,False,False,False
STRAIN_000722,1,LOCAL_W10,142,2,0.9410653114318848,0.058934688568115234,0.34332114458084106,True,False,False,False
STRAIN_000722,1,LOCAL_W10,242,3,0.9259862899780273,0.07401371002197266,0.3847433030605316,True,False,False,False
STRAIN_000722,1,LOCAL_W10,342,4,0.9340673685073853,0.06593263149261475,0.36313268542289734,True,False,False,False
STRAIN_000722,1,LOCAL_W10,442,5,0.9268823862075806,0.07311761379241943,0.3824073076248169,True,False,False,False
STRAIN_000727,1,LOCAL_W10,42,1,0.9323508739471436,0.06764912605285645,0.36782902479171753,True,False,False,False
STRAIN_000727,1,LOCAL_W10,142,2,0.9302111268043518,0.0697888731956482,0.37360090017318726,True,False,False,False
STRAIN_000727,1,LOCAL_W10,242,3,0.9216341376304626,0.07836586236953735,0.3958936035633087,True,False,False,False
STRAIN_000727,1,LOCAL_W10,342,4,0.9278787970542908,0.07212120294570923,0.3797926604747772,True,False,False,False
STRAIN_000727,1,LOCAL_W10,442,5,0.9148911237716675,0.08510887622833252,0.41257444024086,True,False,False,False
STRAIN_000730,1,LOCAL_W10,42,1,0.9451148509979248,0.054885149002075195,0.3313159942626953,True,False,False,False
STRAIN_000730,1,LOCAL_W10,142,2,0.9311110377311707,0.06888896226882935,0.3711843490600586,True,False,False,False
STRAIN_000730,1,LOCAL_W10,242,3,0.9287444353103638,0.07125556468963623,0.3775063157081604,True,False,False,False
STRAIN_000730,1,LOCAL_W10,342,4,0.9246070384979248,0.0753929615020752,0.3883114457130432,True,False,False,False
STRAIN_000730,1,LOCAL_W10,442,5,0.9319357872009277,0.06806421279907227,0.3689558207988739,True,False,False,False
STRAIN_000734,1,LOCAL_W10,42,1,0.9329562783241272,0.0670437216758728,0.366179496049881,True,False,False,False
STRAIN_000734,1,LOCAL_W10,142,2,0.9324390888214111,0.06756091117858887,0.3675888478755951,True,False,False,False
STRAIN_000734,1,LOCAL_W10,242,3,0.9261345863342285,0.07386541366577148,0.38435763120651245,True,False,False,False
STRAIN_000734,1,LOCAL_W10,342,4,0.9212695360183716,0.07873046398162842,0.39681342244148254,True,False,False,False
STRAIN_000734,1,LOCAL_W10,442,5,0.9247657060623169,0.0752342939376831,0.38790270686149597,True,False,False,False
STRAIN_000741,1,LOCAL_W10,42,1,0.9204657077789307,0.07953429222106934,0.3988337814807892,True,False,False,False
STRAIN_000741,1,LOCAL_W10,142,2,0.9412567615509033,0.05874323844909668,0.34276288747787476,True,False,False,False
STRAIN_000741,1,LOCAL_W10,242,3,0.9337382316589355,0.06626176834106445,0.36403754353523254,True,False,False,False
STRAIN_000741,1,LOCAL_W10,342,4,0.9334779381752014,0.06652206182479858,0.36475205421447754,True,False,False,False
STRAIN_000741,1,LOCAL_W10,442,5,0.9322234392166138,0.06777656078338623,0.36817511916160583,True,False,False,False
STRAIN_000753,1,LOCAL_W10,42,1,0.9399157762527466,0.06008422374725342,0.3466532826423645,True,False,False,False
STRAIN_000753,1,LOCAL_W10,142,2,0.942206859588623,0.05779314041137695,0.3399796187877655,True,False,False,False
STRAIN_000753,1,LOCAL_W10,242,3,0.9330037832260132,0.06699621677398682,0.36604976654052734,True,False,False,False
STRAIN_000753,1,LOCAL_W10,342,4,0.939885675907135,0.06011432409286499,0.3467400372028351,True,False,False,False
STRAIN_000753,1,LOCAL_W10,442,5,0.9269706010818481,0.07302939891815186,0.3821764290332794,True,False,False,False
STRAIN_000755,1,LOCAL_W10,42,1,0.9271411895751953,0.07285881042480469,0.3817299008369446,True,False,False,False
STRAIN_000755,1,LOCAL_W10,142,2,0.926794707775116,0.07320529222488403,0.3826364278793335,True,False,False,False
STRAIN_000755,1,LOCAL_W10,242,3,0.9256107807159424,0.07438921928405762,0.3857181668281555,True,False,False,False
STRAIN_000755,1,LOCAL_W10,342,4,0.9331981539726257,0.06680184602737427,0.3655184805393219,True,False,False,False
STRAIN_000755,1,LOCAL_W10,442,5,0.9254645109176636,0.07453548908233643,0.38609713315963745,True,False,False,False
STRAIN_000760,1,LOCAL_W10,42,1,0.931736946105957,0.06826305389404297,0.3694942593574524,True,False,False,False
STRAIN_000760,1,LOCAL_W10,142,2,0.9327591061592102,0.0672408938407898,0.3667176067829132,True,False,False,False
STRAIN_000760,1,LOCAL_W10,242,3,0.925382137298584,0.07461786270141602,0.3863102197647095,True,False,False,False
STRAIN_000760,1,LOCAL_W10,342,4,0.9304021596908569,0.06959784030914307,0.37308934330940247,True,False,False,False
STRAIN_000760,1,LOCAL_W10,442,5,0.9346693158149719,0.06533068418502808,0.3614712357521057,True,False,False,False
STRAIN_000768,1,LOCAL_W10,42,1,0.9422885179519653,0.05771148204803467,0.33973947167396545,True,False,False,False
STRAIN_000768,1,LOCAL_W10,142,2,0.9329180121421814,0.0670819878578186,0.3662841320037842,True,False,False,False
STRAIN_000768,1,LOCAL_W10,242,3,0.9397031664848328,0.060296833515167236,0.34726598858833313,True,False,False,False
STRAIN_000768,1,LOCAL_W10,342,4,0.9393117427825928,0.06068825721740723,0.34839150309562683,True,False,False,False
STRAIN_000768,1,LOCAL_W10,442,5,0.9390263557434082,0.0609736442565918,0.34920963644981384,True,False,False,False
STRAIN_000782,1,LOCAL_W10,42,1,0.9261534214019775,0.07384657859802246,0.3843086063861847,True,False,False,False
STRAIN_000782,1,LOCAL_W10,142,2,0.9334888458251953,0.06651115417480469,0.3647221624851227,True,False,False,False
STRAIN_000782,1,LOCAL_W10,242,3,0.9319368600845337,0.06806313991546631,0.36895307898521423,True,False,False,False
STRAIN_000782,1,LOCAL_W10,342,4,0.9324712157249451,0.06752878427505493,0.3675019145011902,True,False,False,False
STRAIN_000782,1,LOCAL_W10,442,5,0.9298900365829468,0.07010996341705322,0.3744593858718872,True,False,False,False
STRAIN_000785,1,LOCAL_W10,42,1,0.934798002243042,0.06520199775695801,0.3611147701740265,True,False,False,False
STRAIN_000785,1,LOCAL_W10,142,2,0.9230301380157471,0.07696986198425293,0.39235174655914307,True,False,False,False
STRAIN_000785,1,LOCAL_W10,242,3,0.9278503060340881,0.07214969396591187,0.37986743450164795,True,False,False,False
STRAIN_000785,1,LOCAL_W10,342,4,0.9297784566879272,0.07022154331207275,0.37475717067718506,True,False,False,False
STRAIN_000785,1,LOCAL_W10,442,5,0.9209563136100769,0.0790436863899231,0.3976022005081177,True,False,False,False
STRAIN_000789,1,LOCAL_W10,42,1,0.9300824403762817,0.06991755962371826,0.3739452660083771,True,False,False,False
STRAIN_000789,1,LOCAL_W10,142,2,0.9420043230056763,0.05799567699432373,0.3405751883983612,True,False,False,False
STRAIN_000789,1,LOCAL_W10,242,3,0.9312503337860107,0.06874966621398926,0.37080925703048706,True,False,False,False
STRAIN_000789,1,LOCAL_W10,342,4,0.9303838014602661,0.06961619853973389,0.37313851714134216,True,False,False,False
STRAIN_000789,1,LOCAL_W10,442,5,0.9335930347442627,0.0664069652557373,0.36443665623664856,True,False,False,False
STRAIN_000790,1,LOCAL_W10,42,1,0.9284003973007202,0.07159960269927979,0.3784168064594269,True,False,False,False
STRAIN_000790,1,LOCAL_W10,142,2,0.9288212060928345,0.07117879390716553,0.3773030936717987,True,False,False,False
STRAIN_000790,1,LOCAL_W10,242,3,0.9196929931640625,0.0803070068359375,0.4007667899131775,True,False,False,False
STRAIN_000790,1,LOCAL_W10,342,4,0.928438663482666,0.07156133651733398,0.37831559777259827,True,False,False,False
STRAIN_000790,1,LOCAL_W10,442,5,0.9238582849502563,0.07614171504974365,0.3902352750301361,True,False,False,False
STRAIN_000791,1,LOCAL_W10,42,1,0.9296640157699585,0.0703359842300415,0.37506288290023804,True,False,False,False
STRAIN_000791,1,LOCAL_W10,142,2,0.9285610914230347,0.07143890857696533,0.3779917061328888,True,False,False,False
STRAIN_000791,1,LOCAL_W10,242,3,0.9285985231399536,0.07140147686004639,0.37789297103881836,True,False,False,False
STRAIN_000791,1,LOCAL_W10,342,4,0.9320417642593384,0.06795823574066162,0.3686685860157013,True,False,False,False
STRAIN_000791,1,LOCAL_W10,442,5,0.9316108226776123,0.0683891773223877,0.3698357045650482,True,False,False,False
STRAIN_000792,1,LOCAL_W10,42,1,0.9277397394180298,0.07226026058197021,0.3801584541797638,True,False,False,False
STRAIN_000792,1,LOCAL_W10,142,2,0.9280213713645935,0.0719786286354065,0.37941673398017883,True,False,False,False
STRAIN_000792,1,LOCAL_W10,242,3,0.9290404319763184,0.07095956802368164,0.3767212927341461,True,False,False,False
STRAIN_000792,1,LOCAL_W10,342,4,0.9414649605751038,0.05853503942489624,0.3421548008918762,True,False,False,False
STRAIN_000792,1,LOCAL_W10,442,5,0.9321917295455933,0.06780827045440674,0.3682614266872406,True,False,False,False
STRAIN_000793,1,LOCAL_W10,42,1,0.9236446619033813,0.07635533809661865,0.390781968832016,True,False,False,False
STRAIN_000793,1,LOCAL_W10,142,2,0.9415751695632935,0.05842483043670654,0.34183284640312195,True,False,False,False
STRAIN_000793,1,LOCAL_W10,242,3,0.9277561902999878,0.07224380970001221,0.3801155388355255,True,False,False,False
STRAIN_000793,1,LOCAL_W10,342,4,0.9281052350997925,0.07189476490020752,0.3791959583759308,True,False,False,False
STRAIN_000793,1,LOCAL_W10,442,5,0.9355946183204651,0.06440538167953491,0.3589022159576416,True,False,False,False
STRAIN_000796,1,LOCAL_W10,42,1,0.9283467531204224,0.07165324687957764,0.3785586655139923,True,False,False,False
STRAIN_000796,1,LOCAL_W10,142,2,0.9272104501724243,0.07278954982757568,0.3815484046936035,True,False,False,False
STRAIN_000796,1,LOCAL_W10,242,3,0.9318230748176575,0.06817692518234253,0.36926141381263733,True,False,False,False
STRAIN_000796,1,LOCAL_W10,342,4,0.9386062622070312,0.06139373779296875,0.3504106104373932,True,False,False,False
STRAIN_000796,1,LOCAL_W10,442,5,0.9316158294677734,0.06838417053222656,0.3698221445083618,True,False,False,False
STRAIN_000797,1,LOCAL_W10,42,1,0.926594078540802,0.073405921459198,0.38316017389297485,True,False,False,False
STRAIN_000797,1,LOCAL_W10,142,2,0.9247950315475464,0.07520496845245361,0.3878271281719208,True,False,False,False
STRAIN_000797,1,LOCAL_W10,242,3,0.9371178150177002,0.0628821849822998,0.35463258624076843,True,False,False,False
STRAIN_000797,1,LOCAL_W10,342,4,0.9326660633087158,0.06733393669128418,0.36697137355804443,True,False,False,False
STRAIN_000797,1,LOCAL_W10,442,5,0.9310685992240906,0.06893140077590942,0.3712989091873169,True,False,False,False
STRAIN_000802,1,LOCAL_W10,42,1,0.9279031157493591,0.07209688425064087,0.3797284662723541,True,False,False,False
STRAIN_000802,1,LOCAL_W10,142,2,0.9187566041946411,0.08124339580535889,0.40309643745422363,True,False,False,False
STRAIN_000802,1,LOCAL_W10,242,3,0.9276884198188782,0.07231158018112183,0.38029348850250244,True,False,False,False
STRAIN_000802,1,LOCAL_W10,342,4,0.9334110021591187,0.06658899784088135,0.3649357259273529,True,False,False,False
STRAIN_000802,1,LOCAL_W10,442,5,0.9285648465156555,0.07143515348434448,0.377981960773468,True,False,False,False
STRAIN_000803,1,LOCAL_W10,42,1,0.920983076095581,0.07901692390441895,0.39753487706184387,True,False,False,False
STRAIN_000803,1,LOCAL_W10,142,2,0.9187324047088623,0.0812675952911377,0.4031565189361572,True,False,False,False
STRAIN_000803,1,LOCAL_W10,242,3,0.9231062531471252,0.07689374685287476,0.3921577036380768,True,False,False,False
STRAIN_000803,1,LOCAL_W10,342,4,0.9354066848754883,0.06459331512451172,0.3594256341457367,True,False,False,False
STRAIN_000803,1,LOCAL_W10,442,5,0.9290273785591125,0.07097262144088745,0.37675637006759644,True,False,False,False
STRAIN_000817,1,LOCAL_W10,42,1,0.9203925728797913,0.07960742712020874,0.3990175426006317,True,False,False,False
STRAIN_000817,1,LOCAL_W10,142,2,0.9256819486618042,0.0743180513381958,0.3855336010456085,True,False,False,False
STRAIN_000817,1,LOCAL_W10,242,3,0.9235594272613525,0.07644057273864746,0.3910003900527954,True,False,False,False
STRAIN_000817,1,LOCAL_W10,342,4,0.9356461763381958,0.0643538236618042,0.35875844955444336,True,False,False,False
STRAIN_000817,1,LOCAL_W10,442,5,0.9206568002700806,0.07934319972991943,0.3983544707298279,True,False,False,False
STRAIN_000818,1,LOCAL_W10,42,1,0.9298531413078308,0.07014685869216919,0.3745579421520233,True,False,False,False
STRAIN_000818,1,LOCAL_W10,142,2,0.940085768699646,0.059914231300354004,0.3461625576019287,True,False,False,False
STRAIN_000818,1,LOCAL_W10,242,3,0.9120609760284424,0.08793902397155762,0.4193781912326813,True,False,False,False
STRAIN_000818,1,LOCAL_W10,342,4,0.9467867612838745,0.05321323871612549,0.326230525970459,True,False,False,False
STRAIN_000818,1,LOCAL_W10,442,5,0.9167482256889343,0.08325177431106567,0.4080484211444855,True,False,False,False
STRAIN_000828,1,LOCAL_W10,42,1,0.9220444560050964,0.07795554399490356,0.3948558270931244,True,False,False,False
STRAIN_000828,1,LOCAL_W10,142,2,0.9218999147415161,0.07810008525848389,0.3952217102050781,True,False,False,False
STRAIN_000828,1,LOCAL_W10,242,3,0.9277099370956421,0.07229006290435791,0.3802371323108673,True,False,False,False
STRAIN_000828,1,LOCAL_W10,342,4,0.933035135269165,0.06696486473083496,0.36596426367759705,True,False,False,False
STRAIN_000828,1,LOCAL_W10,442,5,0.9381229281425476,0.06187707185745239,0.35178712010383606,True,False,False,False
STRAIN_000829,1,LOCAL_W10,42,1,0.9184900522232056,0.08150994777679443,0.4037573039531708,True,False,False,False
STRAIN_000829,1,LOCAL_W10,142,2,0.8941628932952881,0.10583710670471191,0.4600805938243866,True,False,False,False
STRAIN_000829,1,LOCAL_W10,242,3,0.916452169418335,0.08354783058166504,0.40877336263656616,True,False,False,False
STRAIN_000829,1,LOCAL_W10,342,4,0.9174104332923889,0.08258956670761108,0.40642231702804565,True,False,False,False
STRAIN_000829,1,LOCAL_W10,442,5,0.9203977584838867,0.07960224151611328,0.39900457859039307,True,False,False,False
STRAIN_000830,1,LOCAL_W10,42,1,0.9198218584060669,0.0801781415939331,0.4004449248313904,True,False,False,False
STRAIN_000830,1,LOCAL_W10,142,2,0.9302704930305481,0.0697295069694519,0.3734420835971832,True,False,False,False
STRAIN_000830,1,LOCAL_W10,242,3,0.9321223497390747,0.06787765026092529,0.36844998598098755,True,False,False,False
STRAIN_000830,1,LOCAL_W10,342,4,0.9342871308326721,0.06571286916732788,0.3625270128250122,True,False,False,False
STRAIN_000830,1,LOCAL_W10,442,5,0.9212111234664917,0.0787888765335083,0.3969605267047882,True,False,False,False
STRAIN_000838,1,LOCAL_W10,42,1,0.9250274896621704,0.07497251033782959,0.38722729682922363,True,False,False,False
STRAIN_000838,1,LOCAL_W10,142,2,0.9291313886642456,0.0708686113357544,0.3764801323413849,True,False,False,False
STRAIN_000838,1,LOCAL_W10,242,3,0.9065742492675781,0.09342575073242188,0.43226322531700134,True,False,False,False
STRAIN_000838,1,LOCAL_W10,342,4,0.9197198748588562,0.0802801251411438,0.40069976449012756,True,False,False,False
STRAIN_000838,1,LOCAL_W10,442,5,0.9165221452713013,0.08347785472869873,0.40860214829444885,True,False,False,False
STRAIN_000841,1,LOCAL_W10,42,1,0.923004150390625,0.076995849609375,0.39241793751716614,True,False,False,False
STRAIN_000841,1,LOCAL_W10,142,2,0.9265143275260925,0.07348567247390747,0.3833683133125305,True,False,False,False
STRAIN_000841,1,LOCAL_W10,242,3,0.9261794090270996,0.07382059097290039,0.38424110412597656,True,False,False,False
STRAIN_000841,1,LOCAL_W10,342,4,0.9170069694519043,0.0829930305480957,0.4074135422706604,True,False,False,False
STRAIN_000841,1,LOCAL_W10,442,5,0.937110424041748,0.06288957595825195,0.3546534776687622,True,False,False,False
STRAIN_000842,1,LOCAL_W10,42,1,0.9315291047096252,0.06847089529037476,0.3700564205646515,True,False,False,False
STRAIN_000842,1,LOCAL_W10,142,2,0.9341000318527222,0.06589996814727783,0.36304256319999695,True,False,False,False
STRAIN_000842,1,LOCAL_W10,242,3,0.9352825880050659,0.06471741199493408,0.35977038741111755,True,False,False,False
STRAIN_000842,1,LOCAL_W10,342,4,0.9282499551773071,0.07175004482269287,0.37881389260292053,True,False,False,False
STRAIN_000842,1,LOCAL_W10,442,5,0.9262856245040894,0.07371437549591064,0.38396427035331726,True,False,False,False
STRAIN_000843,1,LOCAL_W10,42,1,0.9302625060081482,0.0697374939918518,0.37346333265304565,True,False,False,False
STRAIN_000843,1,LOCAL_W10,142,2,0.9081428647041321,0.09185713529586792,0.42861905694007874,True,False,False,False
STRAIN_000843,1,LOCAL_W10,242,3,0.9434197545051575,0.05658024549484253,0.3363933563232422,True,False,False,False
STRAIN_000843,1,LOCAL_W10,342,4,0.9166781306266785,0.08332186937332153,0.4082202911376953,True,False,False,False
STRAIN_000843,1,LOCAL_W10,442,5,0.948529064655304,0.051470935344696045,0.32084548473358154,True,False,False,False
STRAIN_000844,1,LOCAL_W10,42,1,0.9160405993461609,0.08395940065383911,0.40977904200553894,True,False,False,False
STRAIN_000844,1,LOCAL_W10,142,2,0.9179724454879761,0.08202755451202393,0.4050370454788208,True,False,False,False
STRAIN_000844,1,LOCAL_W10,242,3,0.9255703687667847,0.07442963123321533,0.38582295179367065,True,False,False,False
STRAIN_000844,1,LOCAL_W10,342,4,0.9280909299850464,0.07190907001495361,0.3792336583137512,True,False,False,False
STRAIN_000844,1,LOCAL_W10,442,5,0.9289615154266357,0.07103848457336426,0.3769310414791107,True,False,False,False
STRAIN_000846,1,LOCAL_W10,42,1,0.9221924543380737,0.07780754566192627,0.3944806754589081,True,False,False,False
STRAIN_000846,1,LOCAL_W10,142,2,0.931064784526825,0.06893521547317505,0.37130895256996155,True,False,False,False
STRAIN_000846,1,LOCAL_W10,242,3,0.9399873614311218,0.060012638568878174,0.3464464843273163,True,False,False,False
STRAIN_000846,1,LOCAL_W10,342,4,0.9243205785751343,0.07567942142486572,0.38904857635498047,True,False,False,False
STRAIN_000846,1,LOCAL_W10,442,5,0.9282366037368774,0.07176339626312256,0.37884944677352905,True,False,False,False
STRAIN_000848,1,LOCAL_W10,42,1,0.9317399859428406,0.06826001405715942,0.36948609352111816,True,False,False,False
STRAIN_000848,1,LOCAL_W10,142,2,0.9198172092437744,0.08018279075622559,0.40045663714408875,True,False,False,False
STRAIN_000848,1,LOCAL_W10,242,3,0.9244550466537476,0.07554495334625244,0.3887026011943817,True,False,False,False
STRAIN_000848,1,LOCAL_W10,342,4,0.9331343770027161,0.06686562299728394,0.36569270491600037,True,False,False,False
STRAIN_000848,1,LOCAL_W10,442,5,0.9343347549438477,0.06566524505615234,0.3623952269554138,True,False,False,False
STRAIN_000849,1,LOCAL_W10,42,1,0.919320821762085,0.08067917823791504,0.4016944169998169,True,False,False,False
STRAIN_000849,1,LOCAL_W10,142,2,0.921164870262146,0.078835129737854,0.39707738161087036,True,False,False,False
STRAIN_000849,1,LOCAL_W10,242,3,0.9270195960998535,0.07298040390014648,0.3820483088493347,True,False,False,False
STRAIN_000849,1,LOCAL_W10,342,4,0.9337650537490845,0.06623494625091553,0.3639640808105469,True,False,False,False
STRAIN_000849,1,LOCAL_W10,442,5,0.9339032769203186,0.0660967230796814,0.36358433961868286,True,False,False,False
STRAIN_000850,1,LOCAL_W10,42,1,0.9370279312133789,0.0629720687866211,0.35488608479499817,True,False,False,False
STRAIN_000850,1,LOCAL_W10,142,2,0.9389623403549194,0.061037659645080566,0.3493926227092743,True,False,False,False
STRAIN_000850,1,LOCAL_W10,242,3,0.9396008253097534,0.06039917469024658,0.34756049513816833,True,False,False,False
STRAIN_000850,1,LOCAL_W10,342,4,0.9335724711418152,0.06642752885818481,0.36449286341667175,True,False,False,False
STRAIN_000850,1,LOCAL_W10,442,5,0.9391337633132935,0.06086623668670654,0.3489018976688385,True,False,False,False
STRAIN_000854,1,LOCAL_W10,42,1,0.9315265417098999,0.0684734582901001,0.3700636625289917,True,False,False,False
STRAIN_000854,1,LOCAL_W10,142,2,0.9373515844345093,0.06264841556549072,0.3539729416370392,True,False,False,False
STRAIN_000854,1,LOCAL_W10,242,3,0.9160274267196655,0.08397257328033447,0.4098110795021057,True,False,False,False
STRAIN_000854,1,LOCAL_W10,342,4,0.9274994134902954,0.07250058650970459,0.38079026341438293,True,False,False,False
STRAIN_000854,1,LOCAL_W10,442,5,0.9214038252830505,0.07859617471694946,0.3964749276638031,True,False,False,False
STRAIN_000857,1,LOCAL_W10,42,1,0.9346034526824951,0.06539654731750488,0.361653208732605,True,False,False,False
STRAIN_000857,1,LOCAL_W10,142,2,0.9243780374526978,0.07562196254730225,0.3889009952545166,True,False,False,False
STRAIN_000857,1,LOCAL_W10,242,3,0.9311276078224182,0.06887239217758179,0.37113967537879944,True,False,False,False
STRAIN_000857,1,LOCAL_W10,342,4,0.9310169816017151,0.06898301839828491,0.37143760919570923,True,False,False,False
STRAIN_000857,1,LOCAL_W10,442,5,0.9362859129905701,0.06371408700942993,0.3569706976413727,True,False,False,False
STRAIN_000859,1,LOCAL_W10,42,1,0.9328007698059082,0.0671992301940918,0.3666040003299713,True,False,False,False
STRAIN_000859,1,LOCAL_W10,142,2,0.926547646522522,0.07345235347747803,0.3832816779613495,True,False,False,False
STRAIN_000859,1,LOCAL_W10,242,3,0.9261692762374878,0.07383072376251221,0.38426733016967773,True,False,False,False
STRAIN_000859,1,LOCAL_W10,342,4,0.9346444606781006,0.06535553932189941,0.3615400493144989,True,False,False,False
STRAIN_000859,1,LOCAL_W10,442,5,0.9254958629608154,0.07450413703918457,0.3860158324241638,True,False,False,False
STRAIN_000862,1,LOCAL_W10,42,1,0.928718626499176,0.07128137350082397,0.377574622631073,True,False,False,False
STRAIN_000862,1,LOCAL_W10,142,2,0.9340760707855225,0.06592392921447754,0.3631085157394409,True,False,False,False
STRAIN_000862,1,LOCAL_W10,242,3,0.9282256960868835,0.07177430391311646,0.3788778483867645,True,False,False,False
STRAIN_000862,1,LOCAL_W10,342,4,0.9307094216346741,0.06929057836532593,0.37226489186286926,True,False,False,False
STRAIN_000862,1,LOCAL_W10,442,5,0.9316575527191162,0.06834244728088379,0.3697093725204468,True,False,False,False
STRAIN_000864,1,LOCAL_W10,42,1,0.9267295598983765,0.07327044010162354,0.3828064203262329,True,False,False,False
STRAIN_000864,1,LOCAL_W10,142,2,0.9159924983978271,0.08400750160217285,0.40989625453948975,True,False,False,False
STRAIN_000864,1,LOCAL_W10,242,3,0.9353756308555603,0.0646243691444397,0.35951149463653564,True,False,False,False
STRAIN_000864,1,LOCAL_W10,342,4,0.9274202585220337,0.07257974147796631,0.3809977173805237,True,False,False,False
STRAIN_000864,1,LOCAL_W10,442,5,0.9269323348999023,0.07306766510009766,0.38227638602256775,True,False,False,False
STRAIN_000865,1,LOCAL_W10,42,1,0.9267330169677734,0.07326698303222656,0.38279733061790466,True,False,False,False
STRAIN_000865,1,LOCAL_W10,142,2,0.9255838394165039,0.0744161605834961,0.38578811287879944,True,False,False,False
STRAIN_000865,1,LOCAL_W10,242,3,0.9322975873947144,0.06770241260528564,0.36797386407852173,True,False,False,False
STRAIN_000865,1,LOCAL_W10,342,4,0.9387399554252625,0.06126004457473755,0.3500285744667053,True,False,False,False
STRAIN_000865,1,LOCAL_W10,442,5,0.9274845123291016,0.07251548767089844,0.3808292746543884,True,False,False,False
STRAIN_000868,1,LOCAL_W10,42,1,0.9267328977584839,0.07326710224151611,0.3827979564666748,True,False,False,False
STRAIN_000868,1,LOCAL_W10,142,2,0.9228149652481079,0.07718503475189209,0.3928997218608856,True,False,False,False
STRAIN_000868,1,LOCAL_W10,242,3,0.9282410144805908,0.07175898551940918,0.37883785367012024,True,False,False,False
STRAIN_000868,1,LOCAL_W10,342,4,0.9257640242576599,0.07423597574234009,0.3853207230567932,True,False,False,False
STRAIN_000868,1,LOCAL_W10,442,5,0.9312703609466553,0.06872963905334473,0.37075525522232056,True,False,False,False
STRAIN_000877,1,LOCAL_W10,42,1,0.9294953346252441,0.07050466537475586,0.3755122423171997,True,False,False,False
STRAIN_000877,1,LOCAL_W10,142,2,0.9293651580810547,0.07063484191894531,0.3758585453033447,True,False,False,False
STRAIN_000877,1,LOCAL_W10,242,3,0.9231145977973938,0.0768854022026062,0.3921361565589905,True,False,False,False
STRAIN_000877,1,LOCAL_W10,342,4,0.9214637875556946,0.07853621244430542,0.39632368087768555,True,False,False,False
STRAIN_000877,1,LOCAL_W10,442,5,0.942362368106842,0.05763763189315796,0.3395223617553711,True,False,False,False
STRAIN_000882,1,LOCAL_W10,42,1,0.9358929395675659,0.06410706043243408,0.35807010531425476,True,False,False,False
STRAIN_000882,1,LOCAL_W10,142,2,0.9337831735610962,0.06621682643890381,0.36391445994377136,True,False,False,False
STRAIN_000882,1,LOCAL_W10,242,3,0.9294023513793945,0.07059764862060547,0.3757598400115967,True,False,False,False
STRAIN_000882,1,LOCAL_W10,342,4,0.9340623617172241,0.06593763828277588,0.36314642429351807,True,False,False,False
STRAIN_000882,1,LOCAL_W10,442,5,0.930543065071106,0.06945693492889404,0.37271153926849365,True,False,False,False
STRAIN_000883,1,LOCAL_W10,42,1,0.9299840927124023,0.07001590728759766,0.3742082417011261,True,False,False,False
STRAIN_000883,1,LOCAL_W10,142,2,0.9265872240066528,0.07341277599334717,0.38317811489105225,True,False,False,False
STRAIN_000883,1,LOCAL_W10,242,3,0.9257871508598328,0.07421284914016724,0.38526037335395813,True,False,False,False
STRAIN_000883,1,LOCAL_W10,342,4,0.9243212938308716,0.07567870616912842,0.38904649019241333,True,False,False,False
STRAIN_000883,1,LOCAL_W10,442,5,0.9261918067932129,0.07380819320678711,0.384208619594574,True,False,False,False
STRAIN_000884,1,LOCAL_W10,42,1,0.9313699007034302,0.06863009929656982,0.37048664689064026,True,False,False,False
STRAIN_000884,1,LOCAL_W10,142,2,0.931995153427124,0.06800484657287598,0.3687950074672699,True,False,False,False
STRAIN_000884,1,LOCAL_W10,242,3,0.9348732233047485,0.06512677669525146,0.3609065115451813,True,False,False,False
STRAIN_000884,1,LOCAL_W10,342,4,0.9241847395896912,0.07581526041030884,0.38939765095710754,True,False,False,False
STRAIN_000884,1,LOCAL_W10,442,5,0.9219870567321777,0.07801294326782227,0.3950011432170868,True,False,False,False
STRAIN_000887,1,LOCAL_W10,42,1,0.9260005354881287,0.07399946451187134,0.3847063481807709,True,False,False,False
STRAIN_000887,1,LOCAL_W10,142,2,0.9354339241981506,0.06456607580184937,0.35934969782829285,True,False,False,False
STRAIN_000887,1,LOCAL_W10,242,3,0.9376885890960693,0.062311410903930664,0.3530195653438568,True,False,False,False
STRAIN_000887,1,LOCAL_W10,342,4,0.9286321401596069,0.07136785984039307,0.37780386209487915,True,False,False,False
STRAIN_000887,1,LOCAL_W10,442,5,0.9243705868721008,0.07562941312789917,0.3889201581478119,True,False,False,False
STRAIN_000888,1,LOCAL_W10,42,1,0.934234082698822,0.06576591730117798,0.36267316341400146,True,False,False,False
STRAIN_000888,1,LOCAL_W10,142,2,0.9339936971664429,0.06600630283355713,0.36333543062210083,True,False,False,False
STRAIN_000888,1,LOCAL_W10,242,3,0.9239499568939209,0.0760500431060791,0.3900003731250763,True,False,False,False
STRAIN_000888,1,LOCAL_W10,342,4,0.9305201172828674,0.06947988271713257,0.3727731704711914,True,False,False,False
STRAIN_000888,1,LOCAL_W10,442,5,0.9275732636451721,0.07242673635482788,0.38059622049331665,True,False,False,False
STRAIN_000897,1,LOCAL_W10,42,1,0.9342328310012817,0.06576716899871826,0.3626764118671417,True,False,False,False
STRAIN_000897,1,LOCAL_W10,142,2,0.9336386919021606,0.06636130809783936,0.36431097984313965,True,False,False,False
STRAIN_000897,1,LOCAL_W10,242,3,0.9257590174674988,0.07424098253250122,0.38533350825309753,True,False,False,False
STRAIN_000897,1,LOCAL_W10,342,4,0.9239000082015991,0.07609999179840088,0.39012813568115234,True,False,False,False
STRAIN_000897,1,LOCAL_W10,442,5,0.9141858816146851,0.08581411838531494,0.4142804741859436,True,False,False,False
STRAIN_000898,1,LOCAL_W10,42,1,0.915251612663269,0.08474838733673096,0.41169989109039307,True,False,False,False
STRAIN_000898,1,LOCAL_W10,142,2,0.9184116125106812,0.08158838748931885,0.4039515256881714,True,False,False,False
STRAIN_000898,1,LOCAL_W10,242,3,0.9213964939117432,0.07860350608825684,0.39649346470832825,True,False,False,False
STRAIN_000898,1,LOCAL_W10,342,4,0.9296194911003113,0.07038050889968872,0.37518128752708435,True,False,False,False
STRAIN_000898,1,LOCAL_W10,442,5,0.9203910827636719,0.07960891723632812,0.3990212380886078,True,False,False,False
STRAIN_000899,1,LOCAL_W10,42,1,0.9333286881446838,0.06667131185531616,0.36516106128692627,True,False,False,False
STRAIN_000899,1,LOCAL_W10,142,2,0.9256730675697327,0.07432693243026733,0.3855566084384918,True,False,False,False
STRAIN_000899,1,LOCAL_W10,242,3,0.9275308847427368,0.07246911525726318,0.38070768117904663,True,False,False,False
STRAIN_000899,1,LOCAL_W10,342,4,0.9244632720947266,0.07553672790527344,0.3886817693710327,True,False,False,False
STRAIN_000899,1,LOCAL_W10,442,5,0.9315575361251831,0.0684424638748169,0.3699796795845032,True,False,False,False
STRAIN_000902,1,LOCAL_W10,42,1,0.9589152932167053,0.04108470678329468,0.2866520583629608,True,False,False,False
STRAIN_000902,1,LOCAL_W10,142,2,0.9505670070648193,0.049432992935180664,0.31442928314208984,True,False,False,False
STRAIN_000902,1,LOCAL_W10,242,3,0.9582138061523438,0.04178619384765625,0.28908872604370117,True,False,False,False
STRAIN_000902,1,LOCAL_W10,342,4,0.9710367321968079,0.02896326780319214,0.24067877233028412,True,False,False,False
STRAIN_000902,1,LOCAL_W10,442,5,0.9520683288574219,0.047931671142578125,0.309617817401886,True,False,False,False
STRAIN_000906,1,LOCAL_W10,42,1,0.9138613939285278,0.08613860607147217,0.41506269574165344,True,False,False,False
STRAIN_000906,1,LOCAL_W10,142,2,0.9195315837860107,0.08046841621398926,0.40116941928863525,True,False,False,False
STRAIN_000906,1,LOCAL_W10,242,3,0.9157137274742126,0.08428627252578735,0.41057586669921875,True,False,False,False
STRAIN_000906,1,LOCAL_W10,342,4,0.9254745244979858,0.07452547550201416,0.38607126474380493,True,False,False,False
STRAIN_000906,1,LOCAL_W10,442,5,0.9373807311058044,0.06261926889419556,0.3538905680179596,True,False,False,False
STRAIN_000909,1,LOCAL_W10,42,1,0.9252076745033264,0.07479232549667358,0.38676175475120544,True,False,False,False
STRAIN_000909,1,LOCAL_W10,142,2,0.9317260384559631,0.06827396154403687,0.36952370405197144,True,False,False,False
STRAIN_000909,1,LOCAL_W10,242,3,0.9237625598907471,0.07623744010925293,0.39048027992248535,True,False,False,False
STRAIN_000909,1,LOCAL_W10,342,4,0.9310285449028015,0.06897145509719849,0.3714066743850708,True,False,False,False
STRAIN_000909,1,LOCAL_W10,442,5,0.9212236404418945,0.07877635955810547,0.3969293236732483,True,False,False,False
STRAIN_000913,1,LOCAL_W10,42,1,0.9258277416229248,0.0741722583770752,0.38515517115592957,True,False,False,False
STRAIN_000913,1,LOCAL_W10,142,2,0.9378821849822998,0.062117815017700195,0.3524707555770874,True,False,False,False
STRAIN_000913,1,LOCAL_W10,242,3,0.9248493909835815,0.07515060901641846,0.38768693804740906,True,False,False,False
STRAIN_000913,1,LOCAL_W10,342,4,0.9338885545730591,0.06611144542694092,0.36362454295158386,True,False,False,False
STRAIN_000913,1,LOCAL_W10,442,5,0.9320334196090698,0.06796658039093018,0.36869099736213684,True,False,False,False
STRAIN_000920,1,LOCAL_W10,42,1,0.9365401864051819,0.06345981359481812,0.35625752806663513,True,False,False,False
STRAIN_000920,1,LOCAL_W10,142,2,0.9360480308532715,0.06395196914672852,0.35763639211654663,True,False,False,False
STRAIN_000920,1,LOCAL_W10,242,3,0.9242247343063354,0.07577526569366455,0.3892945647239685,True,False,False,False
STRAIN_000920,1,LOCAL_W10,342,4,0.9355592727661133,0.06444072723388672,0.35900071263313293,True,False,False,False
STRAIN_000920,1,LOCAL_W10,442,5,0.929896354675293,0.07010364532470703,0.37444257736206055,True,False,False,False
STRAIN_000924,1,LOCAL_W10,42,1,0.9233492612838745,0.07665073871612549,0.39153727889060974,True,False,False,False
STRAIN_000924,1,LOCAL_W10,142,2,0.9309560060501099,0.06904399394989014,0.3716016709804535,True,False,False,False
STRAIN_000924,1,LOCAL_W10,242,3,0.9247909784317017,0.07520902156829834,0.387837678194046,True,False,False,False
STRAIN_000924,1,LOCAL_W10,342,4,0.9217280149459839,0.07827198505401611,0.3956563174724579,True,False,False,False
STRAIN_000924,1,LOCAL_W10,442,5,0.921678900718689,0.07832109928131104,0.395780473947525,True,False,False,False
STRAIN_000927,1,LOCAL_W10,42,1,0.9404345750808716,0.05956542491912842,0.3451535701751709,True,False,False,False
STRAIN_000927,1,LOCAL_W10,142,2,0.9375550746917725,0.06244492530822754,0.3533974289894104,True,False,False,False
STRAIN_000927,1,LOCAL_W10,242,3,0.9373620748519897,0.06263792514801025,0.353943407535553,True,False,False,False
STRAIN_000927,1,LOCAL_W10,342,4,0.9370656609535217,0.06293433904647827,0.3547797203063965,True,False,False,False
STRAIN_000927,1,LOCAL_W10,442,5,0.9406923055648804,0.05930769443511963,0.3444057106971741,True,False,False,False
STRAIN_000928,1,LOCAL_W10,42,1,0.9303240776062012,0.06967592239379883,0.373298317193985,True,False,False,False
STRAIN_000928,1,LOCAL_W10,142,2,0.9296356439590454,0.07036435604095459,0.37513813376426697,True,False,False,False
STRAIN_000928,1,LOCAL_W10,242,3,0.9303529262542725,0.06964707374572754,0.37322109937667847,True,False,False,False
STRAIN_000928,1,LOCAL_W10,342,4,0.9302094578742981,0.0697905421257019,0.37360525131225586,True,False,False,False
STRAIN_000928,1,LOCAL_W10,442,5,0.932510495185852,0.06748950481414795,0.36739474534988403,True,False,False,False
STRAIN_000932,1,LOCAL_W10,42,1,0.9272662401199341,0.07273375988006592,0.3814018666744232,True,False,False,False
STRAIN_000932,1,LOCAL_W10,142,2,0.9331894516944885,0.06681054830551147,0.3655422627925873,True,False,False,False
STRAIN_000932,1,LOCAL_W10,242,3,0.9335002303123474,0.06649976968765259,0.3646910488605499,True,False,False,False
STRAIN_000932,1,LOCAL_W10,342,4,0.9409451484680176,0.05905485153198242,0.3436707556247711,True,False,False,False
STRAIN_000932,1,LOCAL_W10,442,5,0.9384715557098389,0.06152844429016113,0.3507944643497467,True,False,False,False
STRAIN_000935,1,LOCAL_W10,42,1,0.9245902299880981,0.07540977001190186,0.38835498690605164,True,False,False,False
STRAIN_000935,1,LOCAL_W10,142,2,0.9263423681259155,0.07365763187408447,0.3838166296482086,True,False,False,False
STRAIN_000935,1,LOCAL_W10,242,3,0.9334557056427002,0.0665442943572998,0.364812970161438,True,False,False,False
STRAIN_000935,1,LOCAL_W10,342,4,0.9441179037094116,0.05588209629058838,0.33431148529052734,True,False,False,False
STRAIN_000935,1,LOCAL_W10,442,5,0.931739091873169,0.06826090812683105,0.36948859691619873,True,False,False,False
STRAIN_000938,1,LOCAL_W10,42,1,0.9232766628265381,0.07672333717346191,0.39172282814979553,True,False,False,False
STRAIN_000938,1,LOCAL_W10,142,2,0.9314758777618408,0.06852412223815918,0.37020018696784973,True,False,False,False
STRAIN_000938,1,LOCAL_W10,242,3,0.9149914383888245,0.08500856161117554,0.41233131289482117,True,False,False,False
STRAIN_000938,1,LOCAL_W10,342,4,0.9259570240974426,0.07404297590255737,0.3848194181919098,True,False,False,False
STRAIN_000938,1,LOCAL_W10,442,5,0.9309518337249756,0.06904816627502441,0.3716132342815399,True,False,False,False
STRAIN_000939,1,LOCAL_W10,42,1,0.920643150806427,0.079356849193573,0.39838889241218567,True,False,False,False
STRAIN_000939,1,LOCAL_W10,142,2,0.9241253137588501,0.0758746862411499,0.38955000042915344,True,False,False,False
STRAIN_000939,1,LOCAL_W10,242,3,0.9281066656112671,0.07189333438873291,0.379192054271698,True,False,False,False
STRAIN_000939,1,LOCAL_W10,342,4,0.9203751683235168,0.07962483167648315,0.39906075596809387,True,False,False,False
STRAIN_000939,1,LOCAL_W10,442,5,0.9240495562553406,0.07595044374465942,0.38974449038505554,True,False,False,False
STRAIN_000942,1,LOCAL_W10,42,1,0.9410369396209717,0.05896306037902832,0.34340396523475647,True,False,False,False
STRAIN_000942,1,LOCAL_W10,142,2,0.9327157735824585,0.0672842264175415,0.3668355643749237,True,False,False,False
STRAIN_000942,1,LOCAL_W10,242,3,0.9382323026657104,0.06176769733428955,0.35147637128829956,True,False,False,False
STRAIN_000942,1,LOCAL_W10,342,4,0.9285186529159546,0.07148134708404541,0.37810415029525757,True,False,False,False
STRAIN_000942,1,LOCAL_W10,442,5,0.9445045590400696,0.05549544095993042,0.3331528902053833,True,False,False,False
STRAIN_000945,1,LOCAL_W10,42,1,0.9312429428100586,0.0687570571899414,0.3708292245864868,True,False,False,False
STRAIN_000945,1,LOCAL_W10,142,2,0.9338191747665405,0.06618082523345947,0.3638155162334442,True,False,False,False
STRAIN_000945,1,LOCAL_W10,242,3,0.9362571835517883,0.06374281644821167,0.3570515215396881,True,False,False,False
STRAIN_000945,1,LOCAL_W10,342,4,0.9207759499549866,0.07922405004501343,0.39805546402931213,True,False,False,False
STRAIN_000945,1,LOCAL_W10,442,5,0.9235979318618774,0.07640206813812256,0.3909018039703369,True,False,False,False
STRAIN_000946,1,LOCAL_W10,42,1,0.9208187460899353,0.0791812539100647,0.39794790744781494,True,False,False,False
STRAIN_000946,1,LOCAL_W10,142,2,0.9206984043121338,0.07930159568786621,0.3982502818107605,True,False,False,False
STRAIN_000946,1,LOCAL_W10,242,3,0.9343567490577698,0.06564325094223022,0.3623347878456116,True,False,False,False
STRAIN_000946,1,LOCAL_W10,342,4,0.9342619180679321,0.06573808193206787,0.3625965118408203,True,False,False,False
STRAIN_000946,1,LOCAL_W10,442,5,0.9205511808395386,0.07944881916046143,0.3986195921897888,True,False,False,False
STRAIN_000949,1,LOCAL_W10,42,1,0.9218875765800476,0.07811242341995239,0.3952527642250061,True,False,False,False
STRAIN_000949,1,LOCAL_W10,142,2,0.9290964603424072,0.07090353965759277,0.376572847366333,True,False,False,False
STRAIN_000949,1,LOCAL_W10,242,3,0.9227408170700073,0.07725918292999268,0.39308834075927734,True,False,False,False
STRAIN_000949,1,LOCAL_W10,342,4,0.933454692363739,0.06654530763626099,0.3648158609867096,True,False,False,False
STRAIN_000949,1,LOCAL_W10,442,5,0.9260785579681396,0.07392144203186035,0.3845033347606659,True,False,False,False
STRAIN_000951,1,LOCAL_W10,42,1,0.9319435358047485,0.06805646419525146,0.3689350187778473,True,False,False,False
STRAIN_000951,1,LOCAL_W10,142,2,0.9149366617202759,0.08506333827972412,0.4124642610549927,True,False,False,False
STRAIN_000951,1,LOCAL_W10,242,3,0.9225338101387024,0.07746618986129761,0.39361444115638733,True,False,False,False
STRAIN_000951,1,LOCAL_W10,342,4,0.9261826276779175,0.07381737232208252,0.3842324912548065,True,False,False,False
STRAIN_000951,1,LOCAL_W10,442,5,0.9223027229309082,0.0776972770690918,0.3942016065120697,True,False,False,False
STRAIN_000957,1,LOCAL_W10,42,1,0.9167622923851013,0.08323770761489868,0.4080139398574829,True,False,False,False
STRAIN_000957,1,LOCAL_W10,142,2,0.9142037630081177,0.08579623699188232,0.41423746943473816,True,False,False,False
STRAIN_000957,1,LOCAL_W10,242,3,0.9234442710876465,0.07655572891235352,0.3912946581840515,True,False,False,False
STRAIN_000957,1,LOCAL_W10,342,4,0.9242883920669556,0.07571160793304443,0.3891313970088959,True,False,False,False
STRAIN_000957,1,LOCAL_W10,442,5,0.9109511375427246,0.08904886245727539,0.4220162630081177,True,False,False,False
STRAIN_000958,1,LOCAL_W10,42,1,0.9347860813140869,0.06521391868591309,0.36114832758903503,True,False,False,False
STRAIN_000958,1,LOCAL_W10,142,2,0.930827796459198,0.069172203540802,0.37194687128067017,True,False,False,False
STRAIN_000958,1,LOCAL_W10,242,3,0.9369008541107178,0.06309914588928223,0.35524433851242065,True,False,False,False
STRAIN_000958,1,LOCAL_W10,342,4,0.9384024143218994,0.061597585678100586,0.350991815328598,True,False,False,False
STRAIN_000958,1,LOCAL_W10,442,5,0.9324550628662109,0.06754493713378906,0.3675461411476135,True,False,False,False
STRAIN_000959,1,LOCAL_W10,42,1,0.9256669282913208,0.0743330717086792,0.3855724036693573,True,False,False,False
STRAIN_000959,1,LOCAL_W10,142,2,0.9282248020172119,0.07177519798278809,0.37888041138648987,True,False,False,False
STRAIN_000959,1,LOCAL_W10,242,3,0.9274775385856628,0.07252246141433716,0.38084763288497925,True,False,False,False
STRAIN_000959,1,LOCAL_W10,342,4,0.9180476665496826,0.08195233345031738,0.40485116839408875,True,False,False,False
STRAIN_000959,1,LOCAL_W10,442,5,0.9241664409637451,0.07583355903625488,0.3894445300102234,True,False,False,False
STRAIN_000964,1,LOCAL_W10,42,1,0.9405502080917358,0.05944979190826416,0.34481802582740784,True,False,False,False
STRAIN_000964,1,LOCAL_W10,142,2,0.9379812479019165,0.062018752098083496,0.35218966007232666,True,False,False,False
STRAIN_000964,1,LOCAL_W10,242,3,0.9207825660705566,0.07921743392944336,0.39803871512413025,True,False,False,False
STRAIN_000964,1,LOCAL_W10,342,4,0.9277721643447876,0.0722278356552124,0.38007304072380066,True,False,False,False
STRAIN_000964,1,LOCAL_W10,442,5,0.9381657242774963,0.06183427572250366,0.3516652584075928,True,False,False,False
STRAIN_000970,1,LOCAL_W10,42,1,0.9268066883087158,0.07319331169128418,0.38260507583618164,True,False,False,False
STRAIN_000970,1,LOCAL_W10,142,2,0.9143602252006531,0.08563977479934692,0.4138593077659607,True,False,False,False
STRAIN_000970,1,LOCAL_W10,242,3,0.9115751385688782,0.08842486143112183,0.4205350875854492,True,False,False,False
STRAIN_000970,1,LOCAL_W10,342,4,0.9347184896469116,0.06528151035308838,0.3613350987434387,True,False,False,False
STRAIN_000970,1,LOCAL_W10,442,5,0.9252023696899414,0.0747976303100586,0.3867756128311157,True,False,False,False
STRAIN_000976,1,LOCAL_W10,42,1,0.9352542757987976,0.06474572420120239,0.35984915494918823,True,False,False,False
STRAIN_000976,1,LOCAL_W10,142,2,0.9247500896453857,0.07524991035461426,0.3879431486129761,True,False,False,False
STRAIN_000976,1,LOCAL_W10,242,3,0.9371213316917419,0.06287866830825806,0.35462281107902527,True,False,False,False
STRAIN_000976,1,LOCAL_W10,342,4,0.9329624176025391,0.06703758239746094,0.366163045167923,True,False,False,False
STRAIN_000976,1,LOCAL_W10,442,5,0.9333692789077759,0.06663072109222412,0.36504998803138733,True,False,False,False
STRAIN_000977,1,LOCAL_W10,42,1,0.9290086030960083,0.0709913969039917,0.37680602073669434,True,False,False,False
STRAIN_000977,1,LOCAL_W10,142,2,0.9279670119285583,0.07203298807144165,0.37956011295318604,True,False,False,False
STRAIN_000977,1,LOCAL_W10,242,3,0.9417939782142639,0.058206021785736084,0.3411921262741089,True,False,False,False
STRAIN_000977,1,LOCAL_W10,342,4,0.9349725246429443,0.06502747535705566,0.36063137650489807,True,False,False,False
STRAIN_000977,1,LOCAL_W10,442,5,0.9325735569000244,0.06742644309997559,0.3672231435775757,True,False,False,False
STRAIN_000980,1,LOCAL_W10,42,1,0.9278384447097778,0.07216155529022217,0.3798985481262207,True,False,False,False
STRAIN_000980,1,LOCAL_W10,142,2,0.9340458512306213,0.06595414876937866,0.363191694021225,True,False,False,False
STRAIN_000980,1,LOCAL_W10,242,3,0.9222360253334045,0.07776397466659546,0.3943702280521393,True,False,False,False
STRAIN_000980,1,LOCAL_W10,342,4,0.9258244633674622,0.07417553663253784,0.38516372442245483,True,False,False,False
STRAIN_000980,1,LOCAL_W10,442,5,0.9205067157745361,0.07949328422546387,0.3987312316894531,True,False,False,False
STRAIN_000989,1,LOCAL_W10,42,1,0.9267638921737671,0.07323610782623291,0.38271692395210266,True,False,False,False
STRAIN_000989,1,LOCAL_W10,142,2,0.9258999824523926,0.07410001754760742,0.384967565536499,True,False,False,False
STRAIN_000989,1,LOCAL_W10,242,3,0.9257359504699707,0.0742640495300293,0.38539350032806396,True,False,False,False
STRAIN_000989,1,LOCAL_W10,342,4,0.9216426610946655,0.07835733890533447,0.3958718478679657,True,False,False,False
STRAIN_000989,1,LOCAL_W10,442,5,0.9319632053375244,0.06803679466247559,0.36888158321380615,True,False,False,False
STRAIN_000990,1,LOCAL_W10,42,1,0.9196648597717285,0.08033514022827148,0.40083691477775574,True,False,False,False
STRAIN_000990,1,LOCAL_W10,142,2,0.923738420009613,0.07626157999038696,0.39054223895072937,True,False,False,False
STRAIN_000990,1,LOCAL_W10,242,3,0.9358161687850952,0.06418383121490479,0.3582842946052551,True,False,False,False
STRAIN_000990,1,LOCAL_W10,342,4,0.9236297011375427,0.07637029886245728,0.39082059264183044,True,False,False,False
STRAIN_000990,1,LOCAL_W10,442,5,0.9330064058303833,0.0669935941696167,0.3660428524017334,True,False,False,False
STRAIN_000994,1,LOCAL_W10,42,1,0.9351067543029785,0.06489324569702148,0.36025896668434143,True,False,False,False
STRAIN_000994,1,LOCAL_W10,142,2,0.9304919838905334,0.06950801610946655,0.3728488087654114,True,False,False,False
STRAIN_000994,1,LOCAL_W10,242,3,0.9360063672065735,0.06399363279342651,0.3577532172203064,True,False,False,False
STRAIN_000994,1,LOCAL_W10,342,4,0.9453502297401428,0.05464977025985718,0.33060479164123535,True,False,False,False
STRAIN_000994,1,LOCAL_W10,442,5,0.9392887353897095,0.06071126461029053,0.34845730662345886,True,False,False,False
STRAIN_001005,1,LOCAL_W10,42,1,0.9369639158248901,0.06303608417510986,0.35506632924079895,True,False,False,False
STRAIN_001005,1,LOCAL_W10,142,2,0.9414148330688477,0.058585166931152344,0.3423015773296356,True,False,False,False
STRAIN_001005,1,LOCAL_W10,242,3,0.9355301260948181,0.06446987390518188,0.3590816855430603,True,False,False,False
STRAIN_001005,1,LOCAL_W10,342,4,0.9288719892501831,0.0711280107498169,0.37716832756996155,True,False,False,False
STRAIN_001005,1,LOCAL_W10,442,5,0.9223921298980713,0.07760787010192871,0.3939741849899292,True,False,False,False
STRAIN_001006,1,LOCAL_W10,42,1,0.9368672370910645,0.06313276290893555,0.3553386628627777,True,False,False,False
STRAIN_001006,1,LOCAL_W10,142,2,0.930694580078125,0.069305419921875,0.372304767370224,True,False,False,False
STRAIN_001006,1,LOCAL_W10,242,3,0.9401284456253052,0.059871554374694824,0.3460389971733093,True,False,False,False
STRAIN_001006,1,LOCAL_W10,342,4,0.9559942483901978,0.044005751609802246,0.2966674864292145,True,False,False,False
STRAIN_001006,1,LOCAL_W10,442,5,0.9356082677841187,0.06439173221588135,0.35886403918266296,True,False,False,False
STRAIN_001007,1,LOCAL_W10,42,1,0.930388867855072,0.06961113214492798,0.3731250762939453,True,False,False,False
STRAIN_001007,1,LOCAL_W10,142,2,0.9263319969177246,0.07366800308227539,0.38384369015693665,True,False,False,False
STRAIN_001007,1,LOCAL_W10,242,3,0.927924633026123,0.07207536697387695,0.3796718120574951,True,False,False,False
STRAIN_001007,1,LOCAL_W10,342,4,0.9219930171966553,0.07800698280334473,0.3949860632419586,True,False,False,False
STRAIN_001007,1,LOCAL_W10,442,5,0.9188868999481201,0.08111310005187988,0.4027731120586395,True,False,False,False
STRAIN_001014,1,LOCAL_W10,42,1,0.9273790717124939,0.0726209282875061,0.38110604882240295,True,False,False,False
STRAIN_001014,1,LOCAL_W10,142,2,0.9209215641021729,0.07907843589782715,0.3976893723011017,True,False,False,False
STRAIN_001014,1,LOCAL_W10,242,3,0.9178868532180786,0.08211314678192139,0.4052484929561615,True,False,False,False
STRAIN_001014,1,LOCAL_W10,342,4,0.9300267696380615,0.06997323036193848,0.3740940988063812,True,False,False,False
STRAIN_001014,1,LOCAL_W10,442,5,0.9344435930252075,0.06555640697479248,0.3620949387550354,True,False,False,False
STRAIN_001018,1,LOCAL_W10,42,1,0.9217218160629272,0.07827818393707275,0.3956722617149353,True,False,False,False
STRAIN_001018,1,LOCAL_W10,142,2,0.9342856407165527,0.06571435928344727,0.36253124475479126,True,False,False,False
STRAIN_001018,1,LOCAL_W10,242,3,0.9369691610336304,0.06303083896636963,0.35505184531211853,True,False,False,False
STRAIN_001018,1,LOCAL_W10,342,4,0.9269856810569763,0.07301431894302368,0.38213708996772766,True,False,False,False
STRAIN_001018,1,LOCAL_W10,442,5,0.9287192225456238,0.07128077745437622,0.3775731921195984,True,False,False,False
STRAIN_001021,1,LOCAL_W10,42,1,0.924920380115509,0.07507961988449097,0.38750386238098145,True,False,False,False
STRAIN_001021,1,LOCAL_W10,142,2,0.9398152828216553,0.06018471717834473,0.34694284200668335,True,False,False,False
STRAIN_001021,1,LOCAL_W10,242,3,0.9282609224319458,0.0717390775680542,0.3787848949432373,True,False,False,False
STRAIN_001021,1,LOCAL_W10,342,4,0.9196375012397766,0.08036249876022339,0.4009050726890564,True,False,False,False
STRAIN_001021,1,LOCAL_W10,442,5,0.92466139793396,0.07533860206604004,0.3881714940071106,True,False,False,False
STRAIN_001025,1,LOCAL_W10,42,1,0.9164954423904419,0.0835045576095581,0.4086672067642212,True,False,False,False
STRAIN_001025,1,LOCAL_W10,142,2,0.9194461107254028,0.08055388927459717,0.40138211846351624,True,False,False,False
STRAIN_001025,1,LOCAL_W10,242,3,0.9375661611557007,0.062433838844299316,0.353365957736969,True,False,False,False
STRAIN_001025,1,LOCAL_W10,342,4,0.9363232851028442,0.06367671489715576,0.35686609148979187,True,False,False,False
STRAIN_001025,1,LOCAL_W10,442,5,0.9363188743591309,0.06368112564086914,0.3568783104419708,True,False,False,False
