strain_entity_id,outer_fold,control_type,seed,replicate,cosine_TRUE_control,embedding_displacement,l2_distance,fold_matched_lineage95_encoder,phenotype_labels_used,encoder_retrained,encoder_finetuned
STRAIN_000015,5,LOCAL_W10,42,1,0.9460023641586304,0.05399763584136963,0.32862624526023865,True,False,False,False
STRAIN_000015,5,LOCAL_W10,142,2,0.9416635036468506,0.058336496353149414,0.3415743410587311,True,False,False,False
STRAIN_000015,5,LOCAL_W10,242,3,0.9333488941192627,0.0666511058807373,0.3651058077812195,True,False,False,False
STRAIN_000015,5,LOCAL_W10,342,4,0.943822979927063,0.05617702007293701,0.33519238233566284,True,False,False,False
STRAIN_000015,5,LOCAL_W10,442,5,0.9277200698852539,0.0722799301147461,0.38021039962768555,True,False,False,False
STRAIN_000017,5,LOCAL_W10,42,1,0.9137585759162903,0.08624142408370972,0.41531047224998474,True,False,False,False
STRAIN_000017,5,LOCAL_W10,142,2,0.9384119510650635,0.06158804893493652,0.35096463561058044,True,False,False,False
STRAIN_000017,5,LOCAL_W10,242,3,0.9235025644302368,0.07649743556976318,0.3911454677581787,True,False,False,False
STRAIN_000017,5,LOCAL_W10,342,4,0.942219614982605,0.05778038501739502,0.3399425148963928,True,False,False,False
STRAIN_000017,5,LOCAL_W10,442,5,0.9376776218414307,0.062322378158569336,0.3530506193637848,True,False,False,False
STRAIN_000028,5,LOCAL_W10,42,1,0.9266501069068909,0.07334989309310913,0.38301408290863037,True,False,False,False
STRAIN_000028,5,LOCAL_W10,142,2,0.9293664693832397,0.07063353061676025,0.37585511803627014,True,False,False,False
STRAIN_000028,5,LOCAL_W10,242,3,0.9279735088348389,0.07202649116516113,0.37954309582710266,True,False,False,False
STRAIN_000028,5,LOCAL_W10,342,4,0.9245986938476562,0.07540130615234375,0.38833296298980713,True,False,False,False
STRAIN_000028,5,LOCAL_W10,442,5,0.9259475469589233,0.07405245304107666,0.38484394550323486,True,False,False,False
STRAIN_000029,5,LOCAL_W10,42,1,0.9391055107116699,0.06089448928833008,0.3489828109741211,True,False,False,False
STRAIN_000029,5,LOCAL_W10,142,2,0.9322152137756348,0.06778478622436523,0.3681977093219757,True,False,False,False
STRAIN_000029,5,LOCAL_W10,242,3,0.9390749931335449,0.06092500686645508,0.34907010197639465,True,False,False,False
STRAIN_000029,5,LOCAL_W10,342,4,0.9322465062141418,0.06775349378585815,0.3681127429008484,True,False,False,False
STRAIN_000029,5,LOCAL_W10,442,5,0.9309055805206299,0.06909441947937012,0.371737539768219,True,False,False,False
STRAIN_000033,5,LOCAL_W10,42,1,0.9460916519165039,0.053908348083496094,0.3283546268939972,True,False,False,False
STRAIN_000033,5,LOCAL_W10,142,2,0.9294196367263794,0.0705803632736206,0.375713586807251,True,False,False,False
STRAIN_000033,5,LOCAL_W10,242,3,0.9420907497406006,0.057909250259399414,0.34032103419303894,True,False,False,False
STRAIN_000033,5,LOCAL_W10,342,4,0.9398821592330933,0.06011784076690674,0.34674981236457825,True,False,False,False
STRAIN_000033,5,LOCAL_W10,442,5,0.9341894388198853,0.06581056118011475,0.36279624700546265,True,False,False,False
STRAIN_000044,5,LOCAL_W10,42,1,0.9817500114440918,0.018249988555908203,0.19104894995689392,True,False,False,False
STRAIN_000044,5,LOCAL_W10,142,2,0.8406668901443481,0.15933310985565186,0.5645051598548889,True,False,False,False
STRAIN_000044,5,LOCAL_W10,242,3,0.9086453914642334,0.0913546085357666,0.4274449944496155,True,False,False,False
STRAIN_000044,5,LOCAL_W10,342,4,0.9813523888587952,0.018647611141204834,0.19311927258968353,True,False,False,False
STRAIN_000044,5,LOCAL_W10,442,5,0.8562019467353821,0.14379805326461792,0.5362796187400818,True,False,False,False
STRAIN_000063,5,LOCAL_W10,42,1,0.9322413206100464,0.06775867938995361,0.368126779794693,True,False,False,False
STRAIN_000063,5,LOCAL_W10,142,2,0.9255209565162659,0.07447904348373413,0.38595089316368103,True,False,False,False
STRAIN_000063,5,LOCAL_W10,242,3,0.941065788269043,0.05893421173095703,0.34331974387168884,True,False,False,False
STRAIN_000063,5,LOCAL_W10,342,4,0.9332616329193115,0.06673836708068848,0.36534491181373596,True,False,False,False
STRAIN_000063,5,LOCAL_W10,442,5,0.9429402351379395,0.05705976486206055,0.33781588077545166,True,False,False,False
STRAIN_000071,5,LOCAL_W10,42,1,0.9299083948135376,0.0700916051864624,0.3744107484817505,True,False,False,False
STRAIN_000071,5,LOCAL_W10,142,2,0.9191362857818604,0.08086371421813965,0.40215346217155457,True,False,False,False
STRAIN_000071,5,LOCAL_W10,242,3,0.9367080926895142,0.06329190731048584,0.35578611493110657,True,False,False,False
STRAIN_000071,5,LOCAL_W10,342,4,0.9324991703033447,0.06750082969665527,0.367425799369812,True,False,False,False
STRAIN_000071,5,LOCAL_W10,442,5,0.9304249286651611,0.06957507133483887,0.373028427362442,True,False,False,False
STRAIN_000072,5,LOCAL_W10,42,1,0.9467200040817261,0.053279995918273926,0.32643547654151917,True,False,False,False
STRAIN_000072,5,LOCAL_W10,142,2,0.9438107013702393,0.05618929862976074,0.3352293074131012,True,False,False,False
STRAIN_000072,5,LOCAL_W10,242,3,0.9460813999176025,0.05391860008239746,0.32838574051856995,True,False,False,False
STRAIN_000072,5,LOCAL_W10,342,4,0.9553200602531433,0.04467993974685669,0.2989310920238495,True,False,False,False
STRAIN_000072,5,LOCAL_W10,442,5,0.9359289407730103,0.06407105922698975,0.35796934366226196,True,False,False,False
STRAIN_000075,5,LOCAL_W10,42,1,0.8967362642288208,0.1032637357711792,0.45445290207862854,True,False,False,False
STRAIN_000075,5,LOCAL_W10,142,2,0.8505517244338989,0.14944827556610107,0.5467144250869751,True,False,False,False
STRAIN_000075,5,LOCAL_W10,242,3,0.8953438997268677,0.10465610027313232,0.45750659704208374,True,False,False,False
STRAIN_000075,5,LOCAL_W10,342,4,0.8253452777862549,0.17465472221374512,0.5910241603851318,True,False,False,False
STRAIN_000075,5,LOCAL_W10,442,5,0.9352837800979614,0.06471621990203857,0.35976698994636536,True,False,False,False
STRAIN_000083,5,LOCAL_W10,42,1,0.6898530721664429,0.31014692783355713,0.7875873446464539,True,False,False,False
STRAIN_000083,5,LOCAL_W10,142,2,0.796547532081604,0.203452467918396,0.6378911137580872,True,False,False,False
STRAIN_000083,5,LOCAL_W10,242,3,0.8229888081550598,0.17701119184494019,0.594997763633728,True,False,False,False
STRAIN_000083,5,LOCAL_W10,342,4,0.7890489101409912,0.2109510898590088,0.6495399475097656,True,False,False,False
STRAIN_000083,5,LOCAL_W10,442,5,0.6426171660423279,0.3573828339576721,0.8454382419586182,True,False,False,False
STRAIN_000086,5,LOCAL_W10,42,1,0.9151332378387451,0.08486676216125488,0.41198718547821045,True,False,False,False
STRAIN_000086,5,LOCAL_W10,142,2,0.9384965896606445,0.06150341033935547,0.35072311758995056,True,False,False,False
STRAIN_000086,5,LOCAL_W10,242,3,0.9735218286514282,0.026478171348571777,0.23012207448482513,True,False,False,False
STRAIN_000086,5,LOCAL_W10,342,4,0.9385819435119629,0.06141805648803711,0.3504798114299774,True,False,False,False
STRAIN_000086,5,LOCAL_W10,442,5,0.9426184296607971,0.05738157033920288,0.3387669324874878,True,False,False,False
STRAIN_000102,5,LOCAL_W10,42,1,0.9364397525787354,0.06356024742126465,0.35653945803642273,True,False,False,False
STRAIN_000102,5,LOCAL_W10,142,2,0.9342093467712402,0.06579065322875977,0.3627414107322693,True,False,False,False
STRAIN_000102,5,LOCAL_W10,242,3,0.9424142837524414,0.057585716247558594,0.33936893939971924,True,False,False,False
STRAIN_000102,5,LOCAL_W10,342,4,0.9405174255371094,0.059482574462890625,0.34491318464279175,True,False,False,False
STRAIN_000102,5,LOCAL_W10,442,5,0.935300886631012,0.06469911336898804,0.35971972346305847,True,False,False,False
STRAIN_000104,5,LOCAL_W10,42,1,0.965071439743042,0.03492856025695801,0.2643049657344818,True,False,False,False
STRAIN_000104,5,LOCAL_W10,142,2,0.9605330228805542,0.0394669771194458,0.280952125787735,True,False,False,False
STRAIN_000104,5,LOCAL_W10,242,3,0.9657888412475586,0.034211158752441406,0.26157647371292114,True,False,False,False
STRAIN_000104,5,LOCAL_W10,342,4,0.9544421434402466,0.04555785655975342,0.301853746175766,True,False,False,False
STRAIN_000104,5,LOCAL_W10,442,5,0.9657857418060303,0.03421425819396973,0.261588454246521,True,False,False,False
STRAIN_000107,5,LOCAL_W10,42,1,0.9202209711074829,0.07977902889251709,0.3994472920894623,True,False,False,False
STRAIN_000107,5,LOCAL_W10,142,2,0.9353806376457214,0.06461936235427856,0.3594978451728821,True,False,False,False
STRAIN_000107,5,LOCAL_W10,242,3,0.9261345267295837,0.07386547327041626,0.38435792922973633,True,False,False,False
STRAIN_000107,5,LOCAL_W10,342,4,0.933724582195282,0.06627541780471802,0.3640751540660858,True,False,False,False
STRAIN_000107,5,LOCAL_W10,442,5,0.9372037053108215,0.06279629468917847,0.354390412569046,True,False,False,False
STRAIN_000108,5,LOCAL_W10,42,1,0.9422467947006226,0.05775320529937744,0.33986228704452515,True,False,False,False
STRAIN_000108,5,LOCAL_W10,142,2,0.9455747604370117,0.05442523956298828,0.3299250900745392,True,False,False,False
STRAIN_000108,5,LOCAL_W10,242,3,0.9348402619361877,0.06515973806381226,0.36099791526794434,True,False,False,False
STRAIN_000108,5,LOCAL_W10,342,4,0.9474694132804871,0.05253058671951294,0.32413139939308167,True,False,False,False
STRAIN_000108,5,LOCAL_W10,442,5,0.9298107624053955,0.07018923759460449,0.37467119097709656,True,False,False,False
STRAIN_000110,5,LOCAL_W10,42,1,0.9594953060150146,0.04050469398498535,0.28462162613868713,True,False,False,False
STRAIN_000110,5,LOCAL_W10,142,2,0.9668725728988647,0.033127427101135254,0.25739994645118713,True,False,False,False
STRAIN_000110,5,LOCAL_W10,242,3,0.9644542932510376,0.0355457067489624,0.2666298747062683,True,False,False,False
STRAIN_000110,5,LOCAL_W10,342,4,0.9623743295669556,0.037625670433044434,0.274319589138031,True,False,False,False
STRAIN_000110,5,LOCAL_W10,442,5,0.9621009826660156,0.037899017333984375,0.27531465888023376,True,False,False,False
STRAIN_000113,5,LOCAL_W10,42,1,0.9656444787979126,0.0343555212020874,0.26212775707244873,True,False,False,False
STRAIN_000113,5,LOCAL_W10,142,2,0.9659477472305298,0.034052252769470215,0.26096808910369873,True,False,False,False
STRAIN_000113,5,LOCAL_W10,242,3,0.967811107635498,0.03218889236450195,0.25372764468193054,True,False,False,False
STRAIN_000113,5,LOCAL_W10,342,4,0.966575026512146,0.033424973487854004,0.25855353474617004,True,False,False,False
STRAIN_000113,5,LOCAL_W10,442,5,0.9654369950294495,0.03456300497055054,0.26291826367378235,True,False,False,False
STRAIN_000116,5,LOCAL_W10,42,1,0.9674493670463562,0.0325506329536438,0.25514957308769226,True,False,False,False
STRAIN_000116,5,LOCAL_W10,142,2,0.9680436849594116,0.03195631504058838,0.25280943512916565,True,False,False,False
STRAIN_000116,5,LOCAL_W10,242,3,0.9621434211730957,0.0378565788269043,0.27516016364097595,True,False,False,False
STRAIN_000116,5,LOCAL_W10,342,4,0.9647623896598816,0.03523761034011841,0.2654716968536377,True,False,False,False
STRAIN_000116,5,LOCAL_W10,442,5,0.9615787267684937,0.03842127323150635,0.2772047519683838,True,False,False,False
STRAIN_000120,5,LOCAL_W10,42,1,0.923777163028717,0.07622283697128296,0.39044299721717834,True,False,False,False
STRAIN_000120,5,LOCAL_W10,142,2,0.9291703701019287,0.07082962989807129,0.37637636065483093,True,False,False,False
STRAIN_000120,5,LOCAL_W10,242,3,0.934005081653595,0.06599491834640503,0.3633042573928833,True,False,False,False
STRAIN_000120,5,LOCAL_W10,342,4,0.9103856086730957,0.0896143913269043,0.42335405945777893,True,False,False,False
STRAIN_000120,5,LOCAL_W10,442,5,0.936967134475708,0.06303286552429199,0.3550572693347931,True,False,False,False
STRAIN_000128,5,LOCAL_W10,42,1,0.9473997354507446,0.05260026454925537,0.32434627413749695,True,False,False,False
STRAIN_000128,5,LOCAL_W10,142,2,0.9453213214874268,0.05467867851257324,0.330692321062088,True,False,False,False
STRAIN_000128,5,LOCAL_W10,242,3,0.9448667764663696,0.05513322353363037,0.3320638835430145,True,False,False,False
STRAIN_000128,5,LOCAL_W10,342,4,0.9528698325157166,0.04713016748428345,0.30701830983161926,True,False,False,False
STRAIN_000128,5,LOCAL_W10,442,5,0.9466383457183838,0.05336165428161621,0.32668524980545044,True,False,False,False
STRAIN_000129,5,LOCAL_W10,42,1,0.9475305080413818,0.052469491958618164,0.32394272089004517,True,False,False,False
STRAIN_000129,5,LOCAL_W10,142,2,0.93603515625,0.06396484375,0.3576725423336029,True,False,False,False
STRAIN_000129,5,LOCAL_W10,242,3,0.943305492401123,0.05669450759887695,0.33673253655433655,True,False,False,False
STRAIN_000129,5,LOCAL_W10,342,4,0.9363179206848145,0.06368207931518555,0.3568810820579529,True,False,False,False
STRAIN_000129,5,LOCAL_W10,442,5,0.9302679300308228,0.06973206996917725,0.3734492063522339,True,False,False,False
STRAIN_000141,5,LOCAL_W10,42,1,0.9775549173355103,0.022445082664489746,0.211872860789299,True,False,False,False
STRAIN_000141,5,LOCAL_W10,142,2,0.9750092029571533,0.02499079704284668,0.22356559336185455,True,False,False,False
STRAIN_000141,5,LOCAL_W10,242,3,0.9755078554153442,0.02449214458465576,0.2213239222764969,True,False,False,False
STRAIN_000141,5,LOCAL_W10,342,4,0.9774680733680725,0.02253192663192749,0.2122824341058731,True,False,False,False
STRAIN_000141,5,LOCAL_W10,442,5,0.975767195224762,0.024232804775238037,0.22014924883842468,True,False,False,False
STRAIN_000146,5,LOCAL_W10,42,1,0.974890947341919,0.025109052658081055,0.2240939885377884,True,False,False,False
STRAIN_000146,5,LOCAL_W10,142,2,0.9734538793563843,0.026546120643615723,0.230417400598526,True,False,False,False
STRAIN_000146,5,LOCAL_W10,242,3,0.9755192399024963,0.024480760097503662,0.22127275168895721,True,False,False,False
STRAIN_000146,5,LOCAL_W10,342,4,0.9760081171989441,0.023991882801055908,0.21905212104320526,True,False,False,False
STRAIN_000146,5,LOCAL_W10,442,5,0.9761132001876831,0.023886799812316895,0.2185717672109604,True,False,False,False
STRAIN_000158,5,LOCAL_W10,42,1,0.928270697593689,0.07172930240631104,0.3787596821784973,True,False,False,False
STRAIN_000158,5,LOCAL_W10,142,2,0.9378666877746582,0.0621333122253418,0.3525148332118988,True,False,False,False
STRAIN_000158,5,LOCAL_W10,242,3,0.9386184215545654,0.06138157844543457,0.35037606954574585,True,False,False,False
STRAIN_000158,5,LOCAL_W10,342,4,0.9203479290008545,0.07965207099914551,0.39912956953048706,True,False,False,False
STRAIN_000158,5,LOCAL_W10,442,5,0.9398950934410095,0.06010490655899048,0.3467133045196533,True,False,False,False
STRAIN_000160,5,LOCAL_W10,42,1,0.9775092601776123,0.022490739822387695,0.2120881825685501,True,False,False,False
STRAIN_000160,5,LOCAL_W10,142,2,0.9805537462234497,0.019446253776550293,0.1972118318080902,True,False,False,False
STRAIN_000160,5,LOCAL_W10,242,3,0.9750467538833618,0.024953246116638184,0.22339795529842377,True,False,False,False
STRAIN_000160,5,LOCAL_W10,342,4,0.9782288074493408,0.02177119255065918,0.20866794884204865,True,False,False,False
STRAIN_000160,5,LOCAL_W10,442,5,0.9776859879493713,0.022314012050628662,0.2112535685300827,True,False,False,False
STRAIN_000165,5,LOCAL_W10,42,1,0.9592517614364624,0.0407482385635376,0.2854757606983185,True,False,False,False
STRAIN_000165,5,LOCAL_W10,142,2,0.9642335176467896,0.03576648235321045,0.2674563229084015,True,False,False,False
STRAIN_000165,5,LOCAL_W10,242,3,0.963646411895752,0.03635358810424805,0.26964256167411804,True,False,False,False
STRAIN_000165,5,LOCAL_W10,342,4,0.9626748561859131,0.037325143814086914,0.2732222378253937,True,False,False,False
STRAIN_000165,5,LOCAL_W10,442,5,0.9657795429229736,0.03422045707702637,0.2616124451160431,True,False,False,False
STRAIN_000166,5,LOCAL_W10,42,1,0.9592113494873047,0.04078865051269531,0.2856176495552063,True,False,False,False
STRAIN_000166,5,LOCAL_W10,142,2,0.9651397466659546,0.03486025333404541,0.26404646039009094,True,False,False,False
STRAIN_000166,5,LOCAL_W10,242,3,0.9640580415725708,0.0359419584274292,0.26811179518699646,True,False,False,False
STRAIN_000166,5,LOCAL_W10,342,4,0.9646553993225098,0.035344600677490234,0.2658746540546417,True,False,False,False
STRAIN_000166,5,LOCAL_W10,442,5,0.9661059379577637,0.03389406204223633,0.2603611648082733,True,False,False,False
STRAIN_000170,5,LOCAL_W10,42,1,0.9430643916130066,0.05693560838699341,0.33744820952415466,True,False,False,False
STRAIN_000170,5,LOCAL_W10,142,2,0.9465160369873047,0.05348396301269531,0.3270595967769623,True,False,False,False
STRAIN_000170,5,LOCAL_W10,242,3,0.9391422867774963,0.06085771322250366,0.34887728095054626,True,False,False,False
STRAIN_000170,5,LOCAL_W10,342,4,0.9445750713348389,0.05542492866516113,0.3329412043094635,True,False,False,False
STRAIN_000170,5,LOCAL_W10,442,5,0.9437922239303589,0.05620777606964111,0.3352842926979065,True,False,False,False
STRAIN_000171,5,LOCAL_W10,42,1,0.9255954027175903,0.07440459728240967,0.3857578933238983,True,False,False,False
STRAIN_000171,5,LOCAL_W10,142,2,0.9388169050216675,0.06118309497833252,0.3498086929321289,True,False,False,False
STRAIN_000171,5,LOCAL_W10,242,3,0.9393595457077026,0.06064045429229736,0.34825390577316284,True,False,False,False
STRAIN_000171,5,LOCAL_W10,342,4,0.9334771037101746,0.06652289628982544,0.36475443840026855,True,False,False,False
STRAIN_000171,5,LOCAL_W10,442,5,0.931422233581543,0.06857776641845703,0.37034520506858826,True,False,False,False
STRAIN_000172,5,LOCAL_W10,42,1,0.9395619630813599,0.06043803691864014,0.34767258167266846,True,False,False,False
STRAIN_000172,5,LOCAL_W10,142,2,0.939292311668396,0.060707688331604004,0.34844738245010376,True,False,False,False
STRAIN_000172,5,LOCAL_W10,242,3,0.944208025932312,0.05579197406768799,0.3340417742729187,True,False,False,False
STRAIN_000172,5,LOCAL_W10,342,4,0.941303014755249,0.05869698524475098,0.34262824058532715,True,False,False,False
STRAIN_000172,5,LOCAL_W10,442,5,0.9385010600090027,0.061498939990997314,0.3507106900215149,True,False,False,False
STRAIN_000173,5,LOCAL_W10,42,1,0.9501014947891235,0.049898505210876465,0.3159063756465912,True,False,False,False
STRAIN_000173,5,LOCAL_W10,142,2,0.9426306486129761,0.057369351387023926,0.3387307822704315,True,False,False,False
STRAIN_000173,5,LOCAL_W10,242,3,0.9370694160461426,0.06293058395385742,0.3547690212726593,True,False,False,False
STRAIN_000173,5,LOCAL_W10,342,4,0.9364145994186401,0.06358540058135986,0.3566098213195801,True,False,False,False
STRAIN_000173,5,LOCAL_W10,442,5,0.9363561868667603,0.06364381313323975,0.35677388310432434,True,False,False,False
STRAIN_000174,5,LOCAL_W10,42,1,0.948776364326477,0.05122363567352295,0.3200739026069641,True,False,False,False
STRAIN_000174,5,LOCAL_W10,142,2,0.9387154579162598,0.061284542083740234,0.35009872913360596,True,False,False,False
STRAIN_000174,5,LOCAL_W10,242,3,0.9111934900283813,0.08880650997161865,0.4214416444301605,True,False,False,False
STRAIN_000174,5,LOCAL_W10,342,4,0.9318109750747681,0.06818902492523193,0.3692939877510071,True,False,False,False
STRAIN_000174,5,LOCAL_W10,442,5,0.9312278032302856,0.06877219676971436,0.37086957693099976,True,False,False,False
STRAIN_000177,5,LOCAL_W10,42,1,0.9413291811943054,0.05867081880569458,0.3425518870353699,True,False,False,False
STRAIN_000177,5,LOCAL_W10,142,2,0.941114604473114,0.058885395526885986,0.3431776165962219,True,False,False,False
STRAIN_000177,5,LOCAL_W10,242,3,0.9348165988922119,0.06518340110778809,0.3610634505748749,True,False,False,False
STRAIN_000177,5,LOCAL_W10,342,4,0.9410614967346191,0.05893850326538086,0.34333232045173645,True,False,False,False
STRAIN_000177,5,LOCAL_W10,442,5,0.9427286982536316,0.05727130174636841,0.33844172954559326,True,False,False,False
STRAIN_000180,5,LOCAL_W10,42,1,0.9425548315048218,0.05744516849517822,0.3389548063278198,True,False,False,False
STRAIN_000180,5,LOCAL_W10,142,2,0.9305383563041687,0.0694616436958313,0.3727242052555084,True,False,False,False
STRAIN_000180,5,LOCAL_W10,242,3,0.936395525932312,0.06360447406768799,0.3566637337207794,True,False,False,False
STRAIN_000180,5,LOCAL_W10,342,4,0.9343938827514648,0.06560611724853516,0.3622322082519531,True,False,False,False
STRAIN_000180,5,LOCAL_W10,442,5,0.9282103776931763,0.07178962230682373,0.3789188861846924,True,False,False,False
STRAIN_000185,5,LOCAL_W10,42,1,0.9595544338226318,0.040445566177368164,0.28441375494003296,True,False,False,False
STRAIN_000185,5,LOCAL_W10,142,2,0.9620623588562012,0.03793764114379883,0.27545493841171265,True,False,False,False
STRAIN_000185,5,LOCAL_W10,242,3,0.9633179306983948,0.036682069301605225,0.2708583474159241,True,False,False,False
STRAIN_000185,5,LOCAL_W10,342,4,0.9598430395126343,0.04015696048736572,0.2833971679210663,True,False,False,False
STRAIN_000185,5,LOCAL_W10,442,5,0.9634933471679688,0.03650665283203125,0.27020975947380066,True,False,False,False
STRAIN_000186,5,LOCAL_W10,42,1,0.9397055506706238,0.06029444932937622,0.34725913405418396,True,False,False,False
STRAIN_000186,5,LOCAL_W10,142,2,0.9395634531974792,0.06043654680252075,0.34766823053359985,True,False,False,False
STRAIN_000186,5,LOCAL_W10,242,3,0.9448402523994446,0.05515974760055542,0.3321436941623688,True,False,False,False
STRAIN_000186,5,LOCAL_W10,342,4,0.941862940788269,0.05813705921173096,0.3409897983074188,True,False,False,False
STRAIN_000186,5,LOCAL_W10,442,5,0.936335563659668,0.06366443634033203,0.35683178901672363,True,False,False,False
STRAIN_000210,5,LOCAL_W10,42,1,0.950340986251831,0.049659013748168945,0.3151474893093109,True,False,False,False
STRAIN_000210,5,LOCAL_W10,142,2,0.9601404070854187,0.0398595929145813,0.28234541416168213,True,False,False,False
STRAIN_000210,5,LOCAL_W10,242,3,0.9560736417770386,0.043926358222961426,0.29639962315559387,True,False,False,False
STRAIN_000210,5,LOCAL_W10,342,4,0.955366849899292,0.04463315010070801,0.29877468943595886,True,False,False,False
STRAIN_000210,5,LOCAL_W10,442,5,0.9624646902084351,0.03753530979156494,0.27399006485939026,True,False,False,False
STRAIN_000212,5,LOCAL_W10,42,1,0.9523133635520935,0.047686636447906494,0.3088255822658539,True,False,False,False
STRAIN_000212,5,LOCAL_W10,142,2,0.936950147151947,0.06304985284805298,0.3551051914691925,True,False,False,False
STRAIN_000212,5,LOCAL_W10,242,3,0.9472309350967407,0.05276906490325928,0.3248662054538727,True,False,False,False
STRAIN_000212,5,LOCAL_W10,342,4,0.9448503255844116,0.05514967441558838,0.33211326599121094,True,False,False,False
STRAIN_000212,5,LOCAL_W10,442,5,0.9408330917358398,0.059166908264160156,0.343996524810791,True,False,False,False
STRAIN_000225,5,LOCAL_W10,42,1,0.9437255859375,0.0562744140625,0.335483193397522,True,False,False,False
STRAIN_000225,5,LOCAL_W10,142,2,0.956618070602417,0.04338192939758301,0.29455751180648804,True,False,False,False
STRAIN_000225,5,LOCAL_W10,242,3,0.9510270357131958,0.0489729642868042,0.31296345591545105,True,False,False,False
STRAIN_000225,5,LOCAL_W10,342,4,0.9425904750823975,0.05740952491760254,0.33884966373443604,True,False,False,False
STRAIN_000225,5,LOCAL_W10,442,5,0.9400267601013184,0.05997323989868164,0.3463331460952759,True,False,False,False
STRAIN_000231,5,LOCAL_W10,42,1,0.9594441652297974,0.04055583477020264,0.28480103611946106,True,False,False,False
STRAIN_000231,5,LOCAL_W10,142,2,0.9654347896575928,0.03456521034240723,0.26292669773101807,True,False,False,False
STRAIN_000231,5,LOCAL_W10,242,3,0.9625757932662964,0.03742420673370361,0.2735843360424042,True,False,False,False
STRAIN_000231,5,LOCAL_W10,342,4,0.9655300378799438,0.03446996212005615,0.2625642418861389,True,False,False,False
STRAIN_000231,5,LOCAL_W10,442,5,0.9594714641571045,0.04052853584289551,0.2847053110599518,True,False,False,False
STRAIN_000235,5,LOCAL_W10,42,1,0.9557735919952393,0.04422640800476074,0.29741016030311584,True,False,False,False
STRAIN_000235,5,LOCAL_W10,142,2,0.9661397933959961,0.033860206604003906,0.26023149490356445,True,False,False,False
STRAIN_000235,5,LOCAL_W10,242,3,0.9601557850837708,0.03984421491622925,0.282291442155838,True,False,False,False
STRAIN_000235,5,LOCAL_W10,342,4,0.9610869884490967,0.03891301155090332,0.2789735198020935,True,False,False,False
STRAIN_000235,5,LOCAL_W10,442,5,0.9643341302871704,0.03566586971282959,0.2670801877975464,True,False,False,False
STRAIN_000237,5,LOCAL_W10,42,1,0.9616169929504395,0.03838300704956055,0.27706676721572876,True,False,False,False
STRAIN_000237,5,LOCAL_W10,142,2,0.9579938650131226,0.04200613498687744,0.2898488938808441,True,False,False,False
STRAIN_000237,5,LOCAL_W10,242,3,0.957467257976532,0.04253274202346802,0.2916598916053772,True,False,False,False
STRAIN_000237,5,LOCAL_W10,342,4,0.9579538106918335,0.042046189308166504,0.28998667001724243,True,False,False,False
STRAIN_000237,5,LOCAL_W10,442,5,0.958579957485199,0.041420042514801025,0.28781965374946594,True,False,False,False
STRAIN_000240,5,LOCAL_W10,42,1,0.9375154972076416,0.0624845027923584,0.3535096347332001,True,False,False,False
STRAIN_000240,5,LOCAL_W10,142,2,0.9344357252120972,0.06556427478790283,0.3621169328689575,True,False,False,False
STRAIN_000240,5,LOCAL_W10,242,3,0.9377305507659912,0.06226944923400879,0.352900892496109,True,False,False,False
STRAIN_000240,5,LOCAL_W10,342,4,0.9306398034095764,0.06936019659042358,0.3724518120288849,True,False,False,False
STRAIN_000240,5,LOCAL_W10,442,5,0.9493485689163208,0.0506514310836792,0.3182813227176666,True,False,False,False
STRAIN_000242,5,LOCAL_W10,42,1,0.9334098100662231,0.06659018993377686,0.36493903398513794,True,False,False,False
STRAIN_000242,5,LOCAL_W10,142,2,0.9362702369689941,0.06372976303100586,0.357014536857605,True,False,False,False
STRAIN_000242,5,LOCAL_W10,242,3,0.9425631165504456,0.05743688344955444,0.33893051743507385,True,False,False,False
STRAIN_000242,5,LOCAL_W10,342,4,0.9339978694915771,0.06600213050842285,0.36332377791404724,True,False,False,False
STRAIN_000242,5,LOCAL_W10,442,5,0.9314854145050049,0.06851458549499512,0.3701744079589844,True,False,False,False
STRAIN_000244,5,LOCAL_W10,42,1,0.9237470626831055,0.07625293731689453,0.3905198574066162,True,False,False,False
STRAIN_000244,5,LOCAL_W10,142,2,0.9467228651046753,0.05327713489532471,0.3264264166355133,True,False,False,False
STRAIN_000244,5,LOCAL_W10,242,3,0.9385875463485718,0.06141245365142822,0.3504638969898224,True,False,False,False
STRAIN_000244,5,LOCAL_W10,342,4,0.9366809129714966,0.06331908702850342,0.3558625280857086,True,False,False,False
STRAIN_000244,5,LOCAL_W10,442,5,0.9428187608718872,0.05718123912811279,0.3381752669811249,True,False,False,False
STRAIN_000251,5,LOCAL_W10,42,1,0.9279352426528931,0.07206475734710693,0.37964412569999695,True,False,False,False
STRAIN_000251,5,LOCAL_W10,142,2,0.9245297908782959,0.0754702091217041,0.3885105848312378,True,False,False,False
STRAIN_000251,5,LOCAL_W10,242,3,0.9372738599777222,0.06272614002227783,0.3541924059391022,True,False,False,False
STRAIN_000251,5,LOCAL_W10,342,4,0.9271174669265747,0.07288253307342529,0.38179194927215576,True,False,False,False
STRAIN_000251,5,LOCAL_W10,442,5,0.9403166770935059,0.05968332290649414,0.34549498558044434,True,False,False,False
STRAIN_000253,5,LOCAL_W10,42,1,0.929202675819397,0.07079732418060303,0.3762907087802887,True,False,False,False
STRAIN_000253,5,LOCAL_W10,142,2,0.9389463663101196,0.06105363368988037,0.3494383692741394,True,False,False,False
STRAIN_000253,5,LOCAL_W10,242,3,0.915786623954773,0.08421337604522705,0.4103981852531433,True,False,False,False
STRAIN_000253,5,LOCAL_W10,342,4,0.9432254433631897,0.0567745566368103,0.3369705379009247,True,False,False,False
STRAIN_000253,5,LOCAL_W10,442,5,0.9391996264457703,0.060800373554229736,0.34871309995651245,True,False,False,False
STRAIN_000257,5,LOCAL_W10,42,1,0.9399523735046387,0.06004762649536133,0.3465476334095001,True,False,False,False
STRAIN_000257,5,LOCAL_W10,142,2,0.9427317380905151,0.05726826190948486,0.33843275904655457,True,False,False,False
STRAIN_000257,5,LOCAL_W10,242,3,0.9461662173271179,0.05383378267288208,0.32812735438346863,True,False,False,False
STRAIN_000257,5,LOCAL_W10,342,4,0.9312296509742737,0.06877034902572632,0.3708648085594177,True,False,False,False
STRAIN_000257,5,LOCAL_W10,442,5,0.935418963432312,0.06458103656768799,0.35939106345176697,True,False,False,False
STRAIN_000259,5,LOCAL_W10,42,1,0.9463493227958679,0.05365067720413208,0.32756879925727844,True,False,False,False
STRAIN_000259,5,LOCAL_W10,142,2,0.9610024690628052,0.038997530937194824,0.2792760133743286,True,False,False,False
STRAIN_000259,5,LOCAL_W10,242,3,0.9587935209274292,0.0412064790725708,0.28707632422447205,True,False,False,False
STRAIN_000259,5,LOCAL_W10,342,4,0.9562448859214783,0.04375511407852173,0.2958213984966278,True,False,False,False
STRAIN_000259,5,LOCAL_W10,442,5,0.9337694048881531,0.06623059511184692,0.3639523983001709,True,False,False,False
STRAIN_000261,5,LOCAL_W10,42,1,0.9358132481575012,0.06418675184249878,0.3582923114299774,True,False,False,False
STRAIN_000261,5,LOCAL_W10,142,2,0.9489174485206604,0.0510825514793396,0.319632887840271,True,False,False,False
STRAIN_000261,5,LOCAL_W10,242,3,0.9545301795005798,0.045469820499420166,0.30156198143959045,True,False,False,False
STRAIN_000261,5,LOCAL_W10,342,4,0.9455218315124512,0.05447816848754883,0.3300853669643402,True,False,False,False
STRAIN_000261,5,LOCAL_W10,442,5,0.940815806388855,0.05918419361114502,0.34404703974723816,True,False,False,False
STRAIN_000266,5,LOCAL_W10,42,1,0.9273865818977356,0.0726134181022644,0.381086528301239,True,False,False,False
STRAIN_000266,5,LOCAL_W10,142,2,0.9456448554992676,0.05435514450073242,0.3297126889228821,True,False,False,False
STRAIN_000266,5,LOCAL_W10,242,3,0.9384926557540894,0.061507344245910645,0.35073456168174744,True,False,False,False
STRAIN_000266,5,LOCAL_W10,342,4,0.9390120506286621,0.06098794937133789,0.34925058484077454,True,False,False,False
STRAIN_000266,5,LOCAL_W10,442,5,0.9311197996139526,0.06888020038604736,0.3711607754230499,True,False,False,False
STRAIN_000284,5,LOCAL_W10,42,1,0.9593890905380249,0.0406109094619751,0.2849946618080139,True,False,False,False
STRAIN_000284,5,LOCAL_W10,142,2,0.9593970775604248,0.040602922439575195,0.28496646881103516,True,False,False,False
STRAIN_000284,5,LOCAL_W10,242,3,0.9572417140007019,0.042758285999298096,0.29243203997612,True,False,False,False
STRAIN_000284,5,LOCAL_W10,342,4,0.9508213400840759,0.04917865991592407,0.3136196434497833,True,False,False,False
STRAIN_000284,5,LOCAL_W10,442,5,0.9567451477050781,0.043254852294921875,0.29412558674812317,True,False,False,False
STRAIN_000285,5,LOCAL_W10,42,1,0.9592451453208923,0.040754854679107666,0.28549861907958984,True,False,False,False
STRAIN_000285,5,LOCAL_W10,142,2,0.9560518860816956,0.04394811391830444,0.2964729964733124,True,False,False,False
STRAIN_000285,5,LOCAL_W10,242,3,0.958609938621521,0.041390061378479004,0.28771522641181946,True,False,False,False
STRAIN_000285,5,LOCAL_W10,342,4,0.9511353969573975,0.04886460304260254,0.31261661648750305,True,False,False,False
STRAIN_000285,5,LOCAL_W10,442,5,0.955817699432373,0.04418230056762695,0.2972618043422699,True,False,False,False
STRAIN_000287,5,LOCAL_W10,42,1,0.9612412452697754,0.03875875473022461,0.2784198224544525,True,False,False,False
STRAIN_000287,5,LOCAL_W10,142,2,0.9605473875999451,0.03945261240005493,0.28090062737464905,True,False,False,False
STRAIN_000287,5,LOCAL_W10,242,3,0.9599993228912354,0.04000067710876465,0.28284522891044617,True,False,False,False
STRAIN_000287,5,LOCAL_W10,342,4,0.9578753709793091,0.04212462902069092,0.29025718569755554,True,False,False,False
STRAIN_000287,5,LOCAL_W10,442,5,0.9581310749053955,0.04186892509460449,0.2893750071525574,True,False,False,False
STRAIN_000290,5,LOCAL_W10,42,1,0.9499914646148682,0.050008535385131836,0.3162549138069153,True,False,False,False
STRAIN_000290,5,LOCAL_W10,142,2,0.9346976280212402,0.06530237197875977,0.36139246821403503,True,False,False,False
STRAIN_000290,5,LOCAL_W10,242,3,0.947090744972229,0.052909255027770996,0.32529765367507935,True,False,False,False
STRAIN_000290,5,LOCAL_W10,342,4,0.9337255954742432,0.06627440452575684,0.36407238245010376,True,False,False,False
STRAIN_000290,5,LOCAL_W10,442,5,0.9441452026367188,0.05585479736328125,0.33422979712486267,True,False,False,False
STRAIN_000300,5,LOCAL_W10,42,1,0.9302385449409485,0.06976145505905151,0.3735276162624359,True,False,False,False
STRAIN_000300,5,LOCAL_W10,142,2,0.9128758907318115,0.08712410926818848,0.4174306392669678,True,False,False,False
STRAIN_000300,5,LOCAL_W10,242,3,0.9357638359069824,0.06423616409301758,0.35843023657798767,True,False,False,False
STRAIN_000300,5,LOCAL_W10,342,4,0.9335465431213379,0.06645345687866211,0.364563912153244,True,False,False,False
STRAIN_000300,5,LOCAL_W10,442,5,0.9243981838226318,0.07560181617736816,0.388849139213562,True,False,False,False
STRAIN_000314,5,LOCAL_W10,42,1,0.955632746219635,0.04436725378036499,0.29788345098495483,True,False,False,False
STRAIN_000314,5,LOCAL_W10,142,2,0.9616766571998596,0.03832334280014038,0.2768514156341553,True,False,False,False
STRAIN_000314,5,LOCAL_W10,242,3,0.9581459760665894,0.041854023933410645,0.2893233299255371,True,False,False,False
STRAIN_000314,5,LOCAL_W10,342,4,0.950645923614502,0.04935407638549805,0.3141782581806183,True,False,False,False
STRAIN_000314,5,LOCAL_W10,442,5,0.9599987268447876,0.0400012731552124,0.2828473448753357,True,False,False,False
STRAIN_000327,5,LOCAL_W10,42,1,0.9352923035621643,0.0647076964378357,0.3597434163093567,True,False,False,False
STRAIN_000327,5,LOCAL_W10,142,2,0.9412006139755249,0.0587993860244751,0.34292685985565186,True,False,False,False
STRAIN_000327,5,LOCAL_W10,242,3,0.935600757598877,0.06439924240112305,0.35888516902923584,True,False,False,False
STRAIN_000327,5,LOCAL_W10,342,4,0.9390560388565063,0.06094396114349365,0.34912458062171936,True,False,False,False
STRAIN_000327,5,LOCAL_W10,442,5,0.9395170211791992,0.06048297882080078,0.34780189394950867,True,False,False,False
STRAIN_000333,5,LOCAL_W10,42,1,0.9409849047660828,0.059015095233917236,0.343555212020874,True,False,False,False
STRAIN_000333,5,LOCAL_W10,142,2,0.948114812374115,0.05188518762588501,0.3221343159675598,True,False,False,False
STRAIN_000333,5,LOCAL_W10,242,3,0.9493025541305542,0.0506974458694458,0.31842559576034546,True,False,False,False
STRAIN_000333,5,LOCAL_W10,342,4,0.9412915706634521,0.05870842933654785,0.34266161918640137,True,False,False,False
STRAIN_000333,5,LOCAL_W10,442,5,0.9443806409835815,0.05561935901641846,0.333524614572525,True,False,False,False
STRAIN_000341,5,LOCAL_W10,42,1,0.945756196975708,0.05424380302429199,0.329374760389328,True,False,False,False
STRAIN_000341,5,LOCAL_W10,142,2,0.9581798911094666,0.04182010889053345,0.28920653462409973,True,False,False,False
STRAIN_000341,5,LOCAL_W10,242,3,0.9255057573318481,0.07449424266815186,0.3859904706478119,True,False,False,False
STRAIN_000341,5,LOCAL_W10,342,4,0.9512242674827576,0.04877573251724243,0.312332421541214,True,False,False,False
STRAIN_000341,5,LOCAL_W10,442,5,0.9363918304443359,0.06360816955566406,0.3566741943359375,True,False,False,False
STRAIN_000342,5,LOCAL_W10,42,1,0.9725530743598938,0.0274469256401062,0.23429416120052338,True,False,False,False
STRAIN_000342,5,LOCAL_W10,142,2,0.9567469358444214,0.04325306415557861,0.29411932826042175,True,False,False,False
STRAIN_000342,5,LOCAL_W10,242,3,0.965522050857544,0.034477949142456055,0.2625945210456848,True,False,False,False
STRAIN_000342,5,LOCAL_W10,342,4,0.9383736848831177,0.061626315116882324,0.3510735332965851,True,False,False,False
STRAIN_000342,5,LOCAL_W10,442,5,0.9703733921051025,0.02962660789489746,0.2434198558330536,True,False,False,False
STRAIN_000370,5,LOCAL_W10,42,1,0.950790286064148,0.04920971393585205,0.3137187659740448,True,False,False,False
STRAIN_000370,5,LOCAL_W10,142,2,0.952268123626709,0.047731876373291016,0.30897220969200134,True,False,False,False
STRAIN_000370,5,LOCAL_W10,242,3,0.9524499177932739,0.047550082206726074,0.30838319659233093,True,False,False,False
STRAIN_000370,5,LOCAL_W10,342,4,0.9536766409873962,0.04632335901260376,0.30437928438186646,True,False,False,False
STRAIN_000370,5,LOCAL_W10,442,5,0.9435174465179443,0.056482553482055664,0.336102694272995,True,False,False,False
STRAIN_000377,5,LOCAL_W10,42,1,0.9543957710266113,0.04560422897338867,0.3020074665546417,True,False,False,False
STRAIN_000377,5,LOCAL_W10,142,2,0.9488370418548584,0.0511629581451416,0.319884330034256,True,False,False,False
STRAIN_000377,5,LOCAL_W10,242,3,0.937308132648468,0.06269186735153198,0.35409581661224365,True,False,False,False
STRAIN_000377,5,LOCAL_W10,342,4,0.9410767555236816,0.05892324447631836,0.34328779578208923,True,False,False,False
STRAIN_000377,5,LOCAL_W10,442,5,0.9549025893211365,0.045097410678863525,0.30032455921173096,True,False,False,False
STRAIN_000381,5,LOCAL_W10,42,1,0.9329478144645691,0.06705218553543091,0.3662026822566986,True,False,False,False
STRAIN_000381,5,LOCAL_W10,142,2,0.9322717189788818,0.06772828102111816,0.3680444061756134,True,False,False,False
STRAIN_000381,5,LOCAL_W10,242,3,0.9241166114807129,0.07588338851928711,0.3895724415779114,True,False,False,False
STRAIN_000381,5,LOCAL_W10,342,4,0.9371940493583679,0.06280595064163208,0.3544175624847412,True,False,False,False
STRAIN_000381,5,LOCAL_W10,442,5,0.924481987953186,0.07551801204681396,0.3886336386203766,True,False,False,False
STRAIN_000388,5,LOCAL_W10,42,1,0.9628980159759521,0.03710198402404785,0.2724039852619171,True,False,False,False
STRAIN_000388,5,LOCAL_W10,142,2,0.9658007025718689,0.034199297428131104,0.26153162121772766,True,False,False,False
STRAIN_000388,5,LOCAL_W10,242,3,0.9566934108734131,0.043306589126586914,0.2943013608455658,True,False,False,False
STRAIN_000388,5,LOCAL_W10,342,4,0.9595029354095459,0.0404970645904541,0.2845948040485382,True,False,False,False
STRAIN_000388,5,LOCAL_W10,442,5,0.952725887298584,0.047274112701416016,0.3074871599674225,True,False,False,False
STRAIN_000395,5,LOCAL_W10,42,1,0.9619548916816711,0.03804510831832886,0.2758444547653198,True,False,False,False
STRAIN_000395,5,LOCAL_W10,142,2,0.9578043222427368,0.042195677757263184,0.2905018925666809,True,False,False,False
STRAIN_000395,5,LOCAL_W10,242,3,0.9626598954200745,0.03734010457992554,0.27327683568000793,True,False,False,False
STRAIN_000395,5,LOCAL_W10,342,4,0.9601385593414307,0.039861440658569336,0.2823525071144104,True,False,False,False
STRAIN_000395,5,LOCAL_W10,442,5,0.9623467922210693,0.037653207778930664,0.27442046999931335,True,False,False,False
STRAIN_000398,5,LOCAL_W10,42,1,0.9257100820541382,0.07428991794586182,0.3854602575302124,True,False,False,False
STRAIN_000398,5,LOCAL_W10,142,2,0.9350836277008057,0.06491637229919434,0.3603229522705078,True,False,False,False
STRAIN_000398,5,LOCAL_W10,242,3,0.9416409730911255,0.05835902690887451,0.34164005517959595,True,False,False,False
STRAIN_000398,5,LOCAL_W10,342,4,0.9346944689750671,0.06530553102493286,0.36140137910842896,True,False,False,False
STRAIN_000398,5,LOCAL_W10,442,5,0.9337391257286072,0.06626087427139282,0.3640352785587311,True,False,False,False
STRAIN_000403,5,LOCAL_W10,42,1,0.9406710863113403,0.05932891368865967,0.3444675803184509,True,False,False,False
STRAIN_000403,5,LOCAL_W10,142,2,0.9381113052368164,0.061888694763183594,0.3518199026584625,True,False,False,False
STRAIN_000403,5,LOCAL_W10,242,3,0.9342194199562073,0.06578058004379272,0.36271345615386963,True,False,False,False
STRAIN_000403,5,LOCAL_W10,342,4,0.9205864667892456,0.0794135332107544,0.39853110909461975,True,False,False,False
STRAIN_000403,5,LOCAL_W10,442,5,0.9440639019012451,0.05593609809875488,0.33447274565696716,True,False,False,False
STRAIN_000406,5,LOCAL_W10,42,1,0.9637645483016968,0.03623545169830322,0.2692040801048279,True,False,False,False
STRAIN_000406,5,LOCAL_W10,142,2,0.9565186500549316,0.04348134994506836,0.29489460587501526,True,False,False,False
STRAIN_000406,5,LOCAL_W10,242,3,0.9599725008010864,0.040027499198913574,0.2829400897026062,True,False,False,False
STRAIN_000406,5,LOCAL_W10,342,4,0.9511981010437012,0.04880189895629883,0.3124162256717682,True,False,False,False
STRAIN_000406,5,LOCAL_W10,442,5,0.9596551060676575,0.04034489393234253,0.2840595245361328,True,False,False,False
STRAIN_000412,5,LOCAL_W10,42,1,0.967237114906311,0.032762885093688965,0.25598034262657166,True,False,False,False
STRAIN_000412,5,LOCAL_W10,142,2,0.9652608633041382,0.034739136695861816,0.26358750462532043,True,False,False,False
STRAIN_000412,5,LOCAL_W10,242,3,0.9679912328720093,0.03200876712799072,0.2530171871185303,True,False,False,False
STRAIN_000412,5,LOCAL_W10,342,4,0.9643819332122803,0.03561806678771973,0.2669011950492859,True,False,False,False
STRAIN_000412,5,LOCAL_W10,442,5,0.9652661085128784,0.03473389148712158,0.2635676860809326,True,False,False,False
STRAIN_000414,5,LOCAL_W10,42,1,0.9642610549926758,0.03573894500732422,0.26735371351242065,True,False,False,False
STRAIN_000414,5,LOCAL_W10,142,2,0.9647477865219116,0.03525221347808838,0.2655268907546997,True,False,False,False
STRAIN_000414,5,LOCAL_W10,242,3,0.9618330001831055,0.03816699981689453,0.27628639340400696,True,False,False,False
STRAIN_000414,5,LOCAL_W10,342,4,0.9591534733772278,0.04084652662277222,0.2858203649520874,True,False,False,False
STRAIN_000414,5,LOCAL_W10,442,5,0.956141471862793,0.04385852813720703,0.29617050290107727,True,False,False,False
STRAIN_000423,5,LOCAL_W10,42,1,0.9370145797729492,0.06298542022705078,0.3549236059188843,True,False,False,False
STRAIN_000423,5,LOCAL_W10,142,2,0.9368331432342529,0.06316685676574707,0.355434387922287,True,False,False,False
STRAIN_000423,5,LOCAL_W10,242,3,0.9431732296943665,0.056826770305633545,0.337125301361084,True,False,False,False
STRAIN_000423,5,LOCAL_W10,342,4,0.934653639793396,0.065346360206604,0.36151447892189026,True,False,False,False
STRAIN_000423,5,LOCAL_W10,442,5,0.9479101300239563,0.0520898699760437,0.32276856899261475,True,False,False,False
STRAIN_000426,5,LOCAL_W10,42,1,0.9619470238685608,0.03805297613143921,0.2758732736110687,True,False,False,False
STRAIN_000426,5,LOCAL_W10,142,2,0.9614511728286743,0.038548827171325684,0.2776646316051483,True,False,False,False
STRAIN_000426,5,LOCAL_W10,242,3,0.9583178758621216,0.04168212413787842,0.2887285053730011,True,False,False,False
STRAIN_000426,5,LOCAL_W10,342,4,0.9566712975502014,0.043328702449798584,0.2943763732910156,True,False,False,False
STRAIN_000426,5,LOCAL_W10,442,5,0.9654386043548584,0.0345613956451416,0.2629125118255615,True,False,False,False
STRAIN_000429,5,LOCAL_W10,42,1,0.9524508714675903,0.04754912853240967,0.30837997794151306,True,False,False,False
STRAIN_000429,5,LOCAL_W10,142,2,0.9543630480766296,0.04563695192337036,0.302115797996521,True,False,False,False
STRAIN_000429,5,LOCAL_W10,242,3,0.9511513710021973,0.048848628997802734,0.3125653564929962,True,False,False,False
STRAIN_000429,5,LOCAL_W10,342,4,0.9557061195373535,0.044293880462646484,0.29763683676719666,True,False,False,False
STRAIN_000429,5,LOCAL_W10,442,5,0.948458194732666,0.051541805267333984,0.32106637954711914,True,False,False,False
STRAIN_000439,5,LOCAL_W10,42,1,0.9426672458648682,0.057332754135131836,0.3386230766773224,True,False,False,False
STRAIN_000439,5,LOCAL_W10,142,2,0.9350602030754089,0.06493979692459106,0.36038804054260254,True,False,False,False
STRAIN_000439,5,LOCAL_W10,242,3,0.9287898540496826,0.07121014595031738,0.37738609313964844,True,False,False,False
STRAIN_000439,5,LOCAL_W10,342,4,0.9325098991394043,0.0674901008605957,0.36739665269851685,True,False,False,False
STRAIN_000439,5,LOCAL_W10,442,5,0.9464277029037476,0.05357229709625244,0.32732948660850525,True,False,False,False
STRAIN_000443,5,LOCAL_W10,42,1,0.9341621398925781,0.06583786010742188,0.36287128925323486,True,False,False,False
STRAIN_000443,5,LOCAL_W10,142,2,0.9450136423110962,0.05498635768890381,0.3316209614276886,True,False,False,False
STRAIN_000443,5,LOCAL_W10,242,3,0.9386332631111145,0.0613667368888855,0.35033318400382996,True,False,False,False
STRAIN_000443,5,LOCAL_W10,342,4,0.9370243549346924,0.06297564506530762,0.35489600896835327,True,False,False,False
STRAIN_000443,5,LOCAL_W10,442,5,0.9437298774719238,0.05627012252807617,0.3354699909687042,True,False,False,False
STRAIN_000444,5,LOCAL_W10,42,1,0.9320472478866577,0.06795275211334229,0.36865362524986267,True,False,False,False
STRAIN_000444,5,LOCAL_W10,142,2,0.9195144176483154,0.08048558235168457,0.40121203660964966,True,False,False,False
STRAIN_000444,5,LOCAL_W10,242,3,0.9215483069419861,0.07845169305801392,0.39611029624938965,True,False,False,False
STRAIN_000444,5,LOCAL_W10,342,4,0.9432595372200012,0.05674046277999878,0.3368692100048065,True,False,False,False
STRAIN_000444,5,LOCAL_W10,442,5,0.9327071905136108,0.06729280948638916,0.36685919761657715,True,False,False,False
STRAIN_000456,5,LOCAL_W10,42,1,0.9430208802223206,0.05697911977767944,0.33757710456848145,True,False,False,False
STRAIN_000456,5,LOCAL_W10,142,2,0.932733416557312,0.06726658344268799,0.3667875826358795,True,False,False,False
STRAIN_000456,5,LOCAL_W10,242,3,0.9233332276344299,0.07666677236557007,0.39157816767692566,True,False,False,False
STRAIN_000456,5,LOCAL_W10,342,4,0.9315693378448486,0.06843066215515137,0.36994776129722595,True,False,False,False
STRAIN_000456,5,LOCAL_W10,442,5,0.9294604063034058,0.07053959369659424,0.37560516595840454,True,False,False,False
STRAIN_000475,5,LOCAL_W10,42,1,0.9432545900344849,0.05674540996551514,0.336884081363678,True,False,False,False
STRAIN_000475,5,LOCAL_W10,142,2,0.9571036696434021,0.0428963303565979,0.29290372133255005,True,False,False,False
STRAIN_000475,5,LOCAL_W10,242,3,0.9417628049850464,0.05823719501495361,0.34128350019454956,True,False,False,False
STRAIN_000475,5,LOCAL_W10,342,4,0.9453132152557373,0.054686784744262695,0.3307168483734131,True,False,False,False
STRAIN_000475,5,LOCAL_W10,442,5,0.95786452293396,0.04213547706604004,0.2902944087982178,True,False,False,False
STRAIN_000476,5,LOCAL_W10,42,1,0.9345611333847046,0.06543886661529541,0.36176997423171997,True,False,False,False
STRAIN_000476,5,LOCAL_W10,142,2,0.9450259208679199,0.05497407913208008,0.3315841257572174,True,False,False,False
STRAIN_000476,5,LOCAL_W10,242,3,0.9457945227622986,0.054205477237701416,0.32925811409950256,True,False,False,False
STRAIN_000476,5,LOCAL_W10,342,4,0.9344651699066162,0.06553483009338379,0.3620353043079376,True,False,False,False
STRAIN_000476,5,LOCAL_W10,442,5,0.9422518014907837,0.05774819850921631,0.33984753489494324,True,False,False,False
STRAIN_000481,5,LOCAL_W10,42,1,0.9550526738166809,0.04494732618331909,0.29982420802116394,True,False,False,False
STRAIN_000481,5,LOCAL_W10,142,2,0.9512400031089783,0.04875999689102173,0.31228184700012207,True,False,False,False
STRAIN_000481,5,LOCAL_W10,242,3,0.9595370292663574,0.04046297073364258,0.28447476029396057,True,False,False,False
STRAIN_000481,5,LOCAL_W10,342,4,0.9582076668739319,0.041792333126068115,0.28910985589027405,True,False,False,False
STRAIN_000481,5,LOCAL_W10,442,5,0.9605071544647217,0.03949284553527832,0.28104397654533386,True,False,False,False
STRAIN_000482,5,LOCAL_W10,42,1,0.9576248526573181,0.042375147342681885,0.291118860244751,True,False,False,False
STRAIN_000482,5,LOCAL_W10,142,2,0.9528587460517883,0.04714125394821167,0.3070545494556427,True,False,False,False
STRAIN_000482,5,LOCAL_W10,242,3,0.9567055702209473,0.043294429779052734,0.29425954818725586,True,False,False,False
STRAIN_000482,5,LOCAL_W10,342,4,0.9564156532287598,0.043584346771240234,0.2952430248260498,True,False,False,False
STRAIN_000482,5,LOCAL_W10,442,5,0.9583438634872437,0.04165613651275635,0.28863829374313354,True,False,False,False
STRAIN_000485,5,LOCAL_W10,42,1,0.9315677881240845,0.06843221187591553,0.36995187401771545,True,False,False,False
STRAIN_000485,5,LOCAL_W10,142,2,0.9284625053405762,0.07153749465942383,0.3782523572444916,True,False,False,False
STRAIN_000485,5,LOCAL_W10,242,3,0.9426188468933105,0.05738115310668945,0.3387656807899475,True,False,False,False
STRAIN_000485,5,LOCAL_W10,342,4,0.9294884204864502,0.0705115795135498,0.37553057074546814,True,False,False,False
STRAIN_000485,5,LOCAL_W10,442,5,0.9477266669273376,0.052273333072662354,0.32333678007125854,True,False,False,False
STRAIN_000486,5,LOCAL_W10,42,1,0.9604744911193848,0.039525508880615234,0.2811602056026459,True,False,False,False
STRAIN_000486,5,LOCAL_W10,142,2,0.9593119621276855,0.04068803787231445,0.28526484966278076,True,False,False,False
STRAIN_000486,5,LOCAL_W10,242,3,0.9557532072067261,0.044246792793273926,0.2974785566329956,True,False,False,False
STRAIN_000486,5,LOCAL_W10,342,4,0.9616581201553345,0.03834187984466553,0.2769181728363037,True,False,False,False
STRAIN_000486,5,LOCAL_W10,442,5,0.9578405618667603,0.042159438133239746,0.290377140045166,True,False,False,False
STRAIN_000487,5,LOCAL_W10,42,1,0.9512025713920593,0.048797428607940674,0.3124018609523773,True,False,False,False
STRAIN_000487,5,LOCAL_W10,142,2,0.9536310434341431,0.046368956565856934,0.30452919006347656,True,False,False,False
STRAIN_000487,5,LOCAL_W10,242,3,0.9534292221069336,0.046570777893066406,0.30519089102745056,True,False,False,False
STRAIN_000487,5,LOCAL_W10,342,4,0.9537850618362427,0.046214938163757324,0.304022878408432,True,False,False,False
STRAIN_000487,5,LOCAL_W10,442,5,0.9544448256492615,0.045555174350738525,0.30184510350227356,True,False,False,False
STRAIN_000488,5,LOCAL_W10,42,1,0.9575591087341309,0.04244089126586914,0.2913447618484497,True,False,False,False
STRAIN_000488,5,LOCAL_W10,142,2,0.9615418314933777,0.038458168506622314,0.2773381471633911,True,False,False,False
STRAIN_000488,5,LOCAL_W10,242,3,0.9603418707847595,0.03965812921524048,0.28163158893585205,True,False,False,False
STRAIN_000488,5,LOCAL_W10,342,4,0.9560149312019348,0.043985068798065186,0.2965976595878601,True,False,False,False
STRAIN_000488,5,LOCAL_W10,442,5,0.9590213298797607,0.04097867012023926,0.2862820029258728,True,False,False,False
STRAIN_000489,5,LOCAL_W10,42,1,0.9371973872184753,0.06280261278152466,0.35440826416015625,True,False,False,False
STRAIN_000489,5,LOCAL_W10,142,2,0.9434579014778137,0.05654209852218628,0.33627983927726746,True,False,False,False
STRAIN_000489,5,LOCAL_W10,242,3,0.9275516271591187,0.07244837284088135,0.38065290451049805,True,False,False,False
STRAIN_000489,5,LOCAL_W10,342,4,0.9402112364768982,0.05978876352310181,0.34579992294311523,True,False,False,False
STRAIN_000489,5,LOCAL_W10,442,5,0.9502180814743042,0.0497819185256958,0.3155374526977539,True,False,False,False
STRAIN_000493,5,LOCAL_W10,42,1,0.9375736713409424,0.06242632865905762,0.35334500670433044,True,False,False,False
STRAIN_000493,5,LOCAL_W10,142,2,0.9310222268104553,0.06897777318954468,0.3714238405227661,True,False,False,False
STRAIN_000493,5,LOCAL_W10,242,3,0.9148008823394775,0.08519911766052246,0.41279321908950806,True,False,False,False
STRAIN_000493,5,LOCAL_W10,342,4,0.9303855895996094,0.06961441040039062,0.37313395738601685,True,False,False,False
STRAIN_000493,5,LOCAL_W10,442,5,0.9283772706985474,0.07162272930145264,0.3784778416156769,True,False,False,False
STRAIN_000495,5,LOCAL_W10,42,1,0.9355326294898987,0.06446737051010132,0.3590746223926544,True,False,False,False
STRAIN_000495,5,LOCAL_W10,142,2,0.9455404281616211,0.054459571838378906,0.33002880215644836,True,False,False,False
STRAIN_000495,5,LOCAL_W10,242,3,0.942483127117157,0.05751687288284302,0.3391660451889038,True,False,False,False
STRAIN_000495,5,LOCAL_W10,342,4,0.9416838884353638,0.05831611156463623,0.3415141999721527,True,False,False,False
STRAIN_000495,5,LOCAL_W10,442,5,0.9366803765296936,0.0633196234703064,0.35586392879486084,True,False,False,False
STRAIN_000499,5,LOCAL_W10,42,1,0.9334254860877991,0.06657451391220093,0.36489567160606384,True,False,False,False
STRAIN_000499,5,LOCAL_W10,142,2,0.9336709380149841,0.06632906198501587,0.3642224967479706,True,False,False,False
STRAIN_000499,5,LOCAL_W10,242,3,0.9328814744949341,0.06711852550506592,0.36638376116752625,True,False,False,False
STRAIN_000499,5,LOCAL_W10,342,4,0.9165827035903931,0.08341729640960693,0.40845394134521484,True,False,False,False
STRAIN_000499,5,LOCAL_W10,442,5,0.9401930570602417,0.0598069429397583,0.34585246443748474,True,False,False,False
STRAIN_000502,5,LOCAL_W10,42,1,0.947841227054596,0.05215877294540405,0.32298222184181213,True,False,False,False
STRAIN_000502,5,LOCAL_W10,142,2,0.9371011257171631,0.06289887428283691,0.3546796441078186,True,False,False,False
STRAIN_000502,5,LOCAL_W10,242,3,0.9423753023147583,0.0576246976852417,0.33948397636413574,True,False,False,False
STRAIN_000502,5,LOCAL_W10,342,4,0.9342657923698425,0.06573420763015747,0.3625856935977936,True,False,False,False
STRAIN_000502,5,LOCAL_W10,442,5,0.9324029088020325,0.06759709119796753,0.3676875829696655,True,False,False,False
STRAIN_000505,5,LOCAL_W10,42,1,0.9361059069633484,0.06389409303665161,0.35747453570365906,True,False,False,False
STRAIN_000505,5,LOCAL_W10,142,2,0.936274528503418,0.06372547149658203,0.3570028841495514,True,False,False,False
STRAIN_000505,5,LOCAL_W10,242,3,0.9491909742355347,0.05080902576446533,0.31877583265304565,True,False,False,False
STRAIN_000505,5,LOCAL_W10,342,4,0.9579039812088013,0.04209601879119873,0.29015856981277466,True,False,False,False
STRAIN_000505,5,LOCAL_W10,442,5,0.9454292058944702,0.054570794105529785,0.3303658664226532,True,False,False,False
STRAIN_000515,5,LOCAL_W10,42,1,0.9108224511146545,0.08917754888534546,0.42232105135917664,True,False,False,False
STRAIN_000515,5,LOCAL_W10,142,2,0.9347506165504456,0.06524938344955444,0.3612461984157562,True,False,False,False
STRAIN_000515,5,LOCAL_W10,242,3,0.9171591997146606,0.08284080028533936,0.40703997015953064,True,False,False,False
STRAIN_000515,5,LOCAL_W10,342,4,0.9214175939559937,0.07858240604400635,0.3964403569698334,True,False,False,False
STRAIN_000515,5,LOCAL_W10,442,5,0.9262471795082092,0.07375282049179077,0.3840646743774414,True,False,False,False
STRAIN_000517,5,LOCAL_W10,42,1,0.9542876482009888,0.04571235179901123,0.30236533284187317,True,False,False,False
STRAIN_000517,5,LOCAL_W10,142,2,0.9561938047409058,0.04380619525909424,0.2959941029548645,True,False,False,False
STRAIN_000517,5,LOCAL_W10,242,3,0.9397803544998169,0.060219645500183105,0.34704360365867615,True,False,False,False
STRAIN_000517,5,LOCAL_W10,342,4,0.9645993709564209,0.0354006290435791,0.26608529686927795,True,False,False,False
STRAIN_000517,5,LOCAL_W10,442,5,0.9450744390487671,0.05492556095123291,0.33143794536590576,True,False,False,False
STRAIN_000518,5,LOCAL_W10,42,1,0.9549151659011841,0.04508483409881592,0.3002827763557434,True,False,False,False
STRAIN_000518,5,LOCAL_W10,142,2,0.9395458698272705,0.06045413017272949,0.3477187156677246,True,False,False,False
STRAIN_000518,5,LOCAL_W10,242,3,0.9469007849693298,0.053099215030670166,0.3258812129497528,True,False,False,False
STRAIN_000518,5,LOCAL_W10,342,4,0.9567916393280029,0.04320836067199707,0.29396745562553406,True,False,False,False
STRAIN_000518,5,LOCAL_W10,442,5,0.9540923237800598,0.045907676219940186,0.30301064252853394,True,False,False,False
STRAIN_000519,5,LOCAL_W10,42,1,0.9517568945884705,0.04824310541152954,0.3106221854686737,True,False,False,False
STRAIN_000519,5,LOCAL_W10,142,2,0.9561898708343506,0.043810129165649414,0.2960071563720703,True,False,False,False
STRAIN_000519,5,LOCAL_W10,242,3,0.9487818479537964,0.05121815204620361,0.32005661725997925,True,False,False,False
STRAIN_000519,5,LOCAL_W10,342,4,0.9547687768936157,0.04523122310638428,0.30076971650123596,True,False,False,False
STRAIN_000519,5,LOCAL_W10,442,5,0.9657277464866638,0.03427225351333618,0.26180997490882874,True,False,False,False
STRAIN_000538,5,LOCAL_W10,42,1,0.9438790082931519,0.056120991706848145,0.3350253105163574,True,False,False,False
STRAIN_000538,5,LOCAL_W10,142,2,0.9400025010108948,0.059997498989105225,0.34640270471572876,True,False,False,False
STRAIN_000538,5,LOCAL_W10,242,3,0.9416015148162842,0.05839848518371582,0.34175556898117065,True,False,False,False
STRAIN_000538,5,LOCAL_W10,342,4,0.9438862800598145,0.05611371994018555,0.3350037634372711,True,False,False,False
STRAIN_000538,5,LOCAL_W10,442,5,0.9553688764572144,0.044631123542785645,0.2987678647041321,True,False,False,False
STRAIN_000549,5,LOCAL_W10,42,1,0.9273291826248169,0.0726708173751831,0.38123682141304016,True,False,False,False
STRAIN_000549,5,LOCAL_W10,142,2,0.9309017062187195,0.06909829378128052,0.3717478811740875,True,False,False,False
STRAIN_000549,5,LOCAL_W10,242,3,0.9289900660514832,0.07100993394851685,0.37685516476631165,True,False,False,False
STRAIN_000549,5,LOCAL_W10,342,4,0.9351636171340942,0.06483638286590576,0.36010104417800903,True,False,False,False
STRAIN_000549,5,LOCAL_W10,442,5,0.9421710968017578,0.05782890319824219,0.34008488059043884,True,False,False,False
STRAIN_000552,5,LOCAL_W10,42,1,0.9306730031967163,0.06932699680328369,0.37236276268959045,True,False,False,False
STRAIN_000552,5,LOCAL_W10,142,2,0.9384160041809082,0.0615839958190918,0.350953072309494,True,False,False,False
STRAIN_000552,5,LOCAL_W10,242,3,0.934992790222168,0.06500720977783203,0.36057519912719727,True,False,False,False
STRAIN_000552,5,LOCAL_W10,342,4,0.9355056285858154,0.06449437141418457,0.35915014147758484,True,False,False,False
STRAIN_000552,5,LOCAL_W10,442,5,0.92413330078125,0.07586669921875,0.3895297646522522,True,False,False,False
STRAIN_000556,5,LOCAL_W10,42,1,0.9405433535575867,0.05945664644241333,0.34483805298805237,True,False,False,False
STRAIN_000556,5,LOCAL_W10,142,2,0.9276140928268433,0.07238590717315674,0.3804888129234314,True,False,False,False
STRAIN_000556,5,LOCAL_W10,242,3,0.9347584247589111,0.06524157524108887,0.36122432351112366,True,False,False,False
STRAIN_000556,5,LOCAL_W10,342,4,0.9178388118743896,0.08216118812561035,0.40536677837371826,True,False,False,False
STRAIN_000556,5,LOCAL_W10,442,5,0.9311738014221191,0.06882619857788086,0.3710152506828308,True,False,False,False
STRAIN_000557,5,LOCAL_W10,42,1,0.9328708648681641,0.06712913513183594,0.3664126396179199,True,False,False,False
STRAIN_000557,5,LOCAL_W10,142,2,0.9442034959793091,0.05579650402069092,0.3340553641319275,True,False,False,False
STRAIN_000557,5,LOCAL_W10,242,3,0.9423285126686096,0.05767148733139038,0.3396216928958893,True,False,False,False
STRAIN_000557,5,LOCAL_W10,342,4,0.9284470081329346,0.07155299186706543,0.37829315662384033,True,False,False,False
STRAIN_000557,5,LOCAL_W10,442,5,0.9274406433105469,0.07255935668945312,0.38094449043273926,True,False,False,False
STRAIN_000563,5,LOCAL_W10,42,1,0.930259644985199,0.06974035501480103,0.3734711706638336,True,False,False,False
STRAIN_000563,5,LOCAL_W10,142,2,0.9573948383331299,0.04260516166687012,0.2919083535671234,True,False,False,False
STRAIN_000563,5,LOCAL_W10,242,3,0.9256583452224731,0.07434165477752686,0.38559460639953613,True,False,False,False
STRAIN_000563,5,LOCAL_W10,342,4,0.9277143478393555,0.07228565216064453,0.3802255094051361,True,False,False,False
STRAIN_000563,5,LOCAL_W10,442,5,0.9154289960861206,0.0845710039138794,0.41126877069473267,True,False,False,False
STRAIN_000564,5,LOCAL_W10,42,1,0.948299765586853,0.05170023441314697,0.3215595781803131,True,False,False,False
STRAIN_000564,5,LOCAL_W10,142,2,0.9505363702774048,0.049463629722595215,0.31452706456184387,True,False,False,False
STRAIN_000564,5,LOCAL_W10,242,3,0.9565556049346924,0.04344439506530762,0.2947690784931183,True,False,False,False
STRAIN_000564,5,LOCAL_W10,342,4,0.9650105237960815,0.03498947620391846,0.2645353078842163,True,False,False,False
STRAIN_000564,5,LOCAL_W10,442,5,0.9507479667663574,0.04925203323364258,0.31385359168052673,True,False,False,False
STRAIN_000566,5,LOCAL_W10,42,1,0.9593563079833984,0.04064369201660156,0.285109281539917,True,False,False,False
STRAIN_000566,5,LOCAL_W10,142,2,0.9513967633247375,0.04860323667526245,0.31177961826324463,True,False,False,False
STRAIN_000566,5,LOCAL_W10,242,3,0.9520158171653748,0.047984182834625244,0.3097876012325287,True,False,False,False
STRAIN_000566,5,LOCAL_W10,342,4,0.9649343490600586,0.035065650939941406,0.26482295989990234,True,False,False,False
STRAIN_000566,5,LOCAL_W10,442,5,0.9508290886878967,0.04917091131210327,0.3135947585105896,True,False,False,False
STRAIN_000567,5,LOCAL_W10,42,1,0.9492449164390564,0.050755083560943604,0.3186067044734955,True,False,False,False
STRAIN_000567,5,LOCAL_W10,142,2,0.969867467880249,0.030132532119750977,0.24548950791358948,True,False,False,False
STRAIN_000567,5,LOCAL_W10,242,3,0.9432065486907959,0.0567934513092041,0.33702653646469116,True,False,False,False
STRAIN_000567,5,LOCAL_W10,342,4,0.9545789957046509,0.04542100429534912,0.3013998866081238,True,False,False,False
STRAIN_000567,5,LOCAL_W10,442,5,0.9604300260543823,0.039569973945617676,0.28131842613220215,True,False,False,False
STRAIN_000569,5,LOCAL_W10,42,1,0.9391481280326843,0.060851871967315674,0.34886056184768677,True,False,False,False
STRAIN_000569,5,LOCAL_W10,142,2,0.932671070098877,0.06732892990112305,0.3669574558734894,True,False,False,False
STRAIN_000569,5,LOCAL_W10,242,3,0.9387998580932617,0.06120014190673828,0.3498574495315552,True,False,False,False
STRAIN_000569,5,LOCAL_W10,342,4,0.9286881685256958,0.0713118314743042,0.3776555359363556,True,False,False,False
STRAIN_000569,5,LOCAL_W10,442,5,0.9457759857177734,0.05422401428222656,0.3293145000934601,True,False,False,False
STRAIN_000576,5,LOCAL_W10,42,1,0.9594331979751587,0.04056680202484131,0.28483957052230835,True,False,False,False
STRAIN_000576,5,LOCAL_W10,142,2,0.9519329071044922,0.04806709289550781,0.3100551962852478,True,False,False,False
STRAIN_000576,5,LOCAL_W10,242,3,0.949263334274292,0.05073666572570801,0.31854894757270813,True,False,False,False
STRAIN_000576,5,LOCAL_W10,342,4,0.9586920738220215,0.041307926177978516,0.2874300181865692,True,False,False,False
STRAIN_000576,5,LOCAL_W10,442,5,0.9506919384002686,0.049308061599731445,0.3140324354171753,True,False,False,False
STRAIN_000589,5,LOCAL_W10,42,1,0.931831419467926,0.06816858053207397,0.3692389130592346,True,False,False,False
STRAIN_000589,5,LOCAL_W10,142,2,0.9338066577911377,0.0661933422088623,0.36385002732276917,True,False,False,False
STRAIN_000589,5,LOCAL_W10,242,3,0.9340487122535706,0.06595128774642944,0.36318424344062805,True,False,False,False
STRAIN_000589,5,LOCAL_W10,342,4,0.9142518043518066,0.08574819564819336,0.4141212999820709,True,False,False,False
STRAIN_000589,5,LOCAL_W10,442,5,0.9296978712081909,0.07030212879180908,0.37497231364250183,True,False,False,False
STRAIN_000590,5,LOCAL_W10,42,1,0.9521013498306274,0.04789865016937256,0.3095116913318634,True,False,False,False
STRAIN_000590,5,LOCAL_W10,142,2,0.9472676515579224,0.05273234844207764,0.32475316524505615,True,False,False,False
STRAIN_000590,5,LOCAL_W10,242,3,0.9455204010009766,0.05447959899902344,0.3300899565219879,True,False,False,False
STRAIN_000590,5,LOCAL_W10,342,4,0.9445920586585999,0.055407941341400146,0.3328901529312134,True,False,False,False
STRAIN_000590,5,LOCAL_W10,442,5,0.9506930112838745,0.04930698871612549,0.31402891874313354,True,False,False,False
STRAIN_000592,5,LOCAL_W10,42,1,0.9337093830108643,0.06629061698913574,0.36411747336387634,True,False,False,False
STRAIN_000592,5,LOCAL_W10,142,2,0.9486515522003174,0.05134844779968262,0.3204638361930847,True,False,False,False
STRAIN_000592,5,LOCAL_W10,242,3,0.9291208982467651,0.07087910175323486,0.37650811672210693,True,False,False,False
STRAIN_000592,5,LOCAL_W10,342,4,0.9438976049423218,0.05610239505767822,0.33496972918510437,True,False,False,False
STRAIN_000592,5,LOCAL_W10,442,5,0.9412637948989868,0.058736205101013184,0.3427427411079407,True,False,False,False
STRAIN_000593,5,LOCAL_W10,42,1,0.9171619415283203,0.08283805847167969,0.40703335404396057,True,False,False,False
STRAIN_000593,5,LOCAL_W10,142,2,0.928145170211792,0.07185482978820801,0.37909039855003357,True,False,False,False
STRAIN_000593,5,LOCAL_W10,242,3,0.9188227653503418,0.0811772346496582,0.40293222665786743,True,False,False,False
STRAIN_000593,5,LOCAL_W10,342,4,0.9188060164451599,0.08119398355484009,0.40297383069992065,True,False,False,False
STRAIN_000593,5,LOCAL_W10,442,5,0.9413061141967773,0.058693885803222656,0.34261903166770935,True,False,False,False
STRAIN_000595,5,LOCAL_W10,42,1,0.9432529211044312,0.05674707889556885,0.3368886709213257,True,False,False,False
STRAIN_000595,5,LOCAL_W10,142,2,0.9479347467422485,0.052065253257751465,0.3226923942565918,True,False,False,False
STRAIN_000595,5,LOCAL_W10,242,3,0.9445427656173706,0.055457234382629395,0.33303818106651306,True,False,False,False
STRAIN_000595,5,LOCAL_W10,342,4,0.9553584456443787,0.04464155435562134,0.2988026738166809,True,False,False,False
STRAIN_000595,5,LOCAL_W10,442,5,0.9490656852722168,0.0509343147277832,0.3191683292388916,True,False,False,False
STRAIN_000596,5,LOCAL_W10,42,1,0.9376447200775146,0.06235527992248535,0.3531438112258911,True,False,False,False
STRAIN_000596,5,LOCAL_W10,142,2,0.9389004111289978,0.0610995888710022,0.34956997632980347,True,False,False,False
STRAIN_000596,5,LOCAL_W10,242,3,0.9379544258117676,0.06204557418823242,0.35226577520370483,True,False,False,False
STRAIN_000596,5,LOCAL_W10,342,4,0.936831533908844,0.063168466091156,0.3554389476776123,True,False,False,False
STRAIN_000596,5,LOCAL_W10,442,5,0.9452121257781982,0.05478787422180176,0.3310224413871765,True,False,False,False
STRAIN_000601,5,LOCAL_W10,42,1,0.928604245185852,0.07139575481414795,0.37787753343582153,True,False,False,False
STRAIN_000601,5,LOCAL_W10,142,2,0.936539351940155,0.06346064805984497,0.35626015067100525,True,False,False,False
STRAIN_000601,5,LOCAL_W10,242,3,0.9453935623168945,0.05460643768310547,0.33047372102737427,True,False,False,False
STRAIN_000601,5,LOCAL_W10,342,4,0.9387830495834351,0.06121695041656494,0.34990552067756653,True,False,False,False
STRAIN_000601,5,LOCAL_W10,442,5,0.9441468119621277,0.055853188037872314,0.3342251777648926,True,False,False,False
STRAIN_000616,5,LOCAL_W10,42,1,0.9475851058959961,0.052414894104003906,0.32377442717552185,True,False,False,False
STRAIN_000616,5,LOCAL_W10,142,2,0.9541701078414917,0.0458298921585083,0.30275383591651917,True,False,False,False
STRAIN_000616,5,LOCAL_W10,242,3,0.9530876874923706,0.046912312507629395,0.30630818009376526,True,False,False,False
STRAIN_000616,5,LOCAL_W10,342,4,0.9445177316665649,0.05548226833343506,0.33311375975608826,True,False,False,False
STRAIN_000616,5,LOCAL_W10,442,5,0.9491491317749023,0.050850868225097656,0.31890732049942017,True,False,False,False
STRAIN_000624,5,LOCAL_W10,42,1,0.9258601069450378,0.07413989305496216,0.3850712478160858,True,False,False,False
STRAIN_000624,5,LOCAL_W10,142,2,0.9328869581222534,0.06711304187774658,0.36636877059936523,True,False,False,False
STRAIN_000624,5,LOCAL_W10,242,3,0.9323887825012207,0.0676112174987793,0.36772599816322327,True,False,False,False
STRAIN_000624,5,LOCAL_W10,342,4,0.9475247859954834,0.0524752140045166,0.3239605128765106,True,False,False,False
STRAIN_000624,5,LOCAL_W10,442,5,0.9250471591949463,0.07495284080505371,0.3871764838695526,True,False,False,False
STRAIN_000625,5,LOCAL_W10,42,1,0.9330021739006042,0.06699782609939575,0.3660541772842407,True,False,False,False
STRAIN_000625,5,LOCAL_W10,142,2,0.938328742980957,0.06167125701904297,0.3512015640735626,True,False,False,False
STRAIN_000625,5,LOCAL_W10,242,3,0.928648829460144,0.07135117053985596,0.37775975465774536,True,False,False,False
STRAIN_000625,5,LOCAL_W10,342,4,0.9442832469940186,0.055716753005981445,0.3338164985179901,True,False,False,False
STRAIN_000625,5,LOCAL_W10,442,5,0.943468451499939,0.056531548500061035,0.3362485468387604,True,False,False,False
STRAIN_000628,5,LOCAL_W10,42,1,0.9264670610427856,0.07353293895721436,0.3834916949272156,True,False,False,False
STRAIN_000628,5,LOCAL_W10,142,2,0.9268396496772766,0.07316035032272339,0.38251885771751404,True,False,False,False
STRAIN_000628,5,LOCAL_W10,242,3,0.9276139736175537,0.07238602638244629,0.3804891109466553,True,False,False,False
STRAIN_000628,5,LOCAL_W10,342,4,0.9199997186660767,0.08000028133392334,0.40000078082084656,True,False,False,False
STRAIN_000628,5,LOCAL_W10,442,5,0.9148590564727783,0.08514094352722168,0.41265225410461426,True,False,False,False
STRAIN_000631,5,LOCAL_W10,42,1,0.9535742998123169,0.046425700187683105,0.3047153651714325,True,False,False,False
STRAIN_000631,5,LOCAL_W10,142,2,0.939111590385437,0.06088840961456299,0.34896519780158997,True,False,False,False
STRAIN_000631,5,LOCAL_W10,242,3,0.9627526998519897,0.037247300148010254,0.27293723821640015,True,False,False,False
STRAIN_000631,5,LOCAL_W10,342,4,0.9460049867630005,0.05399501323699951,0.328618586063385,True,False,False,False
STRAIN_000631,5,LOCAL_W10,442,5,0.9567978382110596,0.04320216178894043,0.29394620656967163,True,False,False,False
STRAIN_000645,5,LOCAL_W10,42,1,0.9426550269126892,0.05734497308731079,0.3386589586734772,True,False,False,False
STRAIN_000645,5,LOCAL_W10,142,2,0.9432022571563721,0.05679774284362793,0.3370389938354492,True,False,False,False
STRAIN_000645,5,LOCAL_W10,242,3,0.9373906850814819,0.06260931491851807,0.3538624048233032,True,False,False,False
STRAIN_000645,5,LOCAL_W10,342,4,0.9442043304443359,0.05579566955566406,0.33405283093452454,True,False,False,False
STRAIN_000645,5,LOCAL_W10,442,5,0.9508209824562073,0.049179017543792725,0.31362077593803406,True,False,False,False
STRAIN_000655,5,LOCAL_W10,42,1,0.9280674457550049,0.07193255424499512,0.37929534912109375,True,False,False,False
STRAIN_000655,5,LOCAL_W10,142,2,0.9336463809013367,0.06635361909866333,0.3642902374267578,True,False,False,False
STRAIN_000655,5,LOCAL_W10,242,3,0.9419207572937012,0.05807924270629883,0.3408202826976776,True,False,False,False
STRAIN_000655,5,LOCAL_W10,342,4,0.9407040476799011,0.05929595232009888,0.3443715274333954,True,False,False,False
STRAIN_000655,5,LOCAL_W10,442,5,0.9410161972045898,0.058983802795410156,0.34346428513526917,True,False,False,False
STRAIN_000659,5,LOCAL_W10,42,1,0.9198306798934937,0.08016932010650635,0.40042322874069214,True,False,False,False
STRAIN_000659,5,LOCAL_W10,142,2,0.9387688636779785,0.061231136322021484,0.34994617104530334,True,False,False,False
STRAIN_000659,5,LOCAL_W10,242,3,0.9365054368972778,0.06349456310272217,0.356355220079422,True,False,False,False
STRAIN_000659,5,LOCAL_W10,342,4,0.9276688098907471,0.07233119010925293,0.3803451955318451,True,False,False,False
STRAIN_000659,5,LOCAL_W10,442,5,0.9322515726089478,0.06774842739105225,0.3680991232395172,True,False,False,False
STRAIN_000660,5,LOCAL_W10,42,1,0.9479609727859497,0.05203902721405029,0.3226114809513092,True,False,False,False
STRAIN_000660,5,LOCAL_W10,142,2,0.9370927810668945,0.06290721893310547,0.3547031283378601,True,False,False,False
STRAIN_000660,5,LOCAL_W10,242,3,0.9415940046310425,0.05840599536895752,0.3417777717113495,True,False,False,False
STRAIN_000660,5,LOCAL_W10,342,4,0.9350411295890808,0.06495887041091919,0.36044102907180786,True,False,False,False
STRAIN_000660,5,LOCAL_W10,442,5,0.9182054400444031,0.08179455995559692,0.404461532831192,True,False,False,False
STRAIN_000670,5,LOCAL_W10,42,1,0.9483479261398315,0.05165207386016846,0.3214094638824463,True,False,False,False
STRAIN_000670,5,LOCAL_W10,142,2,0.9527354836463928,0.04726451635360718,0.30745571851730347,True,False,False,False
STRAIN_000670,5,LOCAL_W10,242,3,0.9537302255630493,0.046269774436950684,0.3042028546333313,True,False,False,False
STRAIN_000670,5,LOCAL_W10,342,4,0.9464149475097656,0.053585052490234375,0.3273683488368988,True,False,False,False
STRAIN_000670,5,LOCAL_W10,442,5,0.9549371004104614,0.045062899589538574,0.3002091646194458,True,False,False,False
STRAIN_000677,5,LOCAL_W10,42,1,0.9284286499023438,0.07157135009765625,0.37834203243255615,True,False,False,False
STRAIN_000677,5,LOCAL_W10,142,2,0.9290425181388855,0.0709574818611145,0.37671613693237305,True,False,False,False
STRAIN_000677,5,LOCAL_W10,242,3,0.928869366645813,0.07113063335418701,0.3771752715110779,True,False,False,False
STRAIN_000677,5,LOCAL_W10,342,4,0.9261270761489868,0.07387292385101318,0.38437753915786743,True,False,False,False
STRAIN_000677,5,LOCAL_W10,442,5,0.9358986616134644,0.06410133838653564,0.3580540120601654,True,False,False,False
STRAIN_000678,5,LOCAL_W10,42,1,0.9325985312461853,0.0674014687538147,0.3671552240848541,True,False,False,False
STRAIN_000678,5,LOCAL_W10,142,2,0.9481868743896484,0.05181312561035156,0.3219103217124939,True,False,False,False
STRAIN_000678,5,LOCAL_W10,242,3,0.9424792528152466,0.05752074718475342,0.3391777276992798,True,False,False,False
STRAIN_000678,5,LOCAL_W10,342,4,0.9492053985595703,0.05079460144042969,0.3187306225299835,True,False,False,False
STRAIN_000678,5,LOCAL_W10,442,5,0.936301589012146,0.063698410987854,0.3569270670413971,True,False,False,False
STRAIN_000679,5,LOCAL_W10,42,1,0.972772479057312,0.02722752094268799,0.2333562821149826,True,False,False,False
STRAIN_000679,5,LOCAL_W10,142,2,0.9752911925315857,0.024708807468414307,0.22230084240436554,True,False,False,False
STRAIN_000679,5,LOCAL_W10,242,3,0.9506312012672424,0.04936879873275757,0.3142256438732147,True,False,False,False
STRAIN_000679,5,LOCAL_W10,342,4,0.9631209373474121,0.03687906265258789,0.2715844213962555,True,False,False,False
STRAIN_000679,5,LOCAL_W10,442,5,0.9740583896636963,0.02594161033630371,0.2277793288230896,True,False,False,False
STRAIN_000680,5,LOCAL_W10,42,1,0.9587968587875366,0.04120314121246338,0.2870650589466095,True,False,False,False
STRAIN_000680,5,LOCAL_W10,142,2,0.954300045967102,0.04569995403289795,0.30232417583465576,True,False,False,False
STRAIN_000680,5,LOCAL_W10,242,3,0.9396504163742065,0.06034958362579346,0.3474177420139313,True,False,False,False
STRAIN_000680,5,LOCAL_W10,342,4,0.9573526382446289,0.042647361755371094,0.2920527458190918,True,False,False,False
STRAIN_000680,5,LOCAL_W10,442,5,0.9372076988220215,0.06279230117797852,0.3543790876865387,True,False,False,False
STRAIN_000686,5,LOCAL_W10,42,1,0.9377459287643433,0.06225407123565674,0.3528572618961334,True,False,False,False
STRAIN_000686,5,LOCAL_W10,142,2,0.9296524524688721,0.07034754753112793,0.3750932812690735,True,False,False,False
STRAIN_000686,5,LOCAL_W10,242,3,0.9378941059112549,0.06210589408874512,0.35243695974349976,True,False,False,False
STRAIN_000686,5,LOCAL_W10,342,4,0.9300829172134399,0.06991708278656006,0.37394407391548157,True,False,False,False
STRAIN_000686,5,LOCAL_W10,442,5,0.9354345202445984,0.06456547975540161,0.3593480587005615,True,False,False,False
STRAIN_000693,5,LOCAL_W10,42,1,0.9411807656288147,0.0588192343711853,0.3429843783378601,True,False,False,False
STRAIN_000693,5,LOCAL_W10,142,2,0.9438822269439697,0.05611777305603027,0.3350158631801605,True,False,False,False
STRAIN_000693,5,LOCAL_W10,242,3,0.9459142684936523,0.054085731506347656,0.3288939595222473,True,False,False,False
STRAIN_000693,5,LOCAL_W10,342,4,0.9457069635391235,0.054293036460876465,0.3295240104198456,True,False,False,False
STRAIN_000693,5,LOCAL_W10,442,5,0.9524006843566895,0.04759931564331055,0.30854249000549316,True,False,False,False
STRAIN_000695,5,LOCAL_W10,42,1,0.9391381144523621,0.06086188554763794,0.3488892912864685,True,False,False,False
STRAIN_000695,5,LOCAL_W10,142,2,0.9220045804977417,0.0779954195022583,0.39495670795440674,True,False,False,False
STRAIN_000695,5,LOCAL_W10,242,3,0.9364944696426392,0.06350553035736084,0.3563859760761261,True,False,False,False
STRAIN_000695,5,LOCAL_W10,342,4,0.9248958826065063,0.07510411739349365,0.38756704330444336,True,False,False,False
STRAIN_000695,5,LOCAL_W10,442,5,0.9288262128829956,0.0711737871170044,0.37728965282440186,True,False,False,False
STRAIN_000707,5,LOCAL_W10,42,1,0.9540642499923706,0.045935750007629395,0.30310311913490295,True,False,False,False
STRAIN_000707,5,LOCAL_W10,142,2,0.9451407790184021,0.0548592209815979,0.33123788237571716,True,False,False,False
STRAIN_000707,5,LOCAL_W10,242,3,0.9628420472145081,0.03715795278549194,0.2726091742515564,True,False,False,False
STRAIN_000707,5,LOCAL_W10,342,4,0.9542375802993774,0.04576241970062256,0.30253058671951294,True,False,False,False
STRAIN_000707,5,LOCAL_W10,442,5,0.9664450883865356,0.033554911613464355,0.2590559124946594,True,False,False,False
STRAIN_000724,5,LOCAL_W10,42,1,0.9379435777664185,0.06205642223358154,0.3522964119911194,True,False,False,False
STRAIN_000724,5,LOCAL_W10,142,2,0.9469838738441467,0.05301612615585327,0.3256258964538574,True,False,False,False
STRAIN_000724,5,LOCAL_W10,242,3,0.9435936212539673,0.056406378746032715,0.33587634563446045,True,False,False,False
STRAIN_000724,5,LOCAL_W10,342,4,0.9330475330352783,0.06695246696472168,0.36593011021614075,True,False,False,False
STRAIN_000724,5,LOCAL_W10,442,5,0.9403115510940552,0.059688448905944824,0.34550970792770386,True,False,False,False
STRAIN_000725,5,LOCAL_W10,42,1,0.9324817657470703,0.06751823425292969,0.3674730360507965,True,False,False,False
STRAIN_000725,5,LOCAL_W10,142,2,0.941889762878418,0.05811023712158203,0.3409111797809601,True,False,False,False
STRAIN_000725,5,LOCAL_W10,242,3,0.9396139979362488,0.06038600206375122,0.34752267599105835,True,False,False,False
STRAIN_000725,5,LOCAL_W10,342,4,0.9383392930030823,0.061660706996917725,0.35117143392562866,True,False,False,False
STRAIN_000725,5,LOCAL_W10,442,5,0.9401903748512268,0.05980962514877319,0.34586015343666077,True,False,False,False
STRAIN_000749,5,LOCAL_W10,42,1,0.9260395765304565,0.07396042346954346,0.38460487127304077,True,False,False,False
STRAIN_000749,5,LOCAL_W10,142,2,0.9336501359939575,0.06634986400604248,0.36427974700927734,True,False,False,False
STRAIN_000749,5,LOCAL_W10,242,3,0.9314772486686707,0.06852275133132935,0.37019652128219604,True,False,False,False
STRAIN_000749,5,LOCAL_W10,342,4,0.9291757345199585,0.0708242654800415,0.37636232376098633,True,False,False,False
STRAIN_000749,5,LOCAL_W10,442,5,0.9338312745094299,0.06616872549057007,0.3637823462486267,True,False,False,False
STRAIN_000751,5,LOCAL_W10,42,1,0.9458798170089722,0.05412018299102783,0.3289989233016968,True,False,False,False
STRAIN_000751,5,LOCAL_W10,142,2,0.9457055330276489,0.054294466972351074,0.32952845096588135,True,False,False,False
STRAIN_000751,5,LOCAL_W10,242,3,0.9373127222061157,0.06268727779388428,0.35408273339271545,True,False,False,False
STRAIN_000751,5,LOCAL_W10,342,4,0.917404055595398,0.08259594440460205,0.40643787384033203,True,False,False,False
STRAIN_000751,5,LOCAL_W10,442,5,0.9459160566329956,0.054083943367004395,0.3288889229297638,True,False,False,False
STRAIN_000752,5,LOCAL_W10,42,1,0.9359511137008667,0.0640488862991333,0.35790732502937317,True,False,False,False
STRAIN_000752,5,LOCAL_W10,142,2,0.9313362836837769,0.06866371631622314,0.37057721614837646,True,False,False,False
STRAIN_000752,5,LOCAL_W10,242,3,0.9334620237350464,0.06653797626495361,0.36479562520980835,True,False,False,False
STRAIN_000752,5,LOCAL_W10,342,4,0.9233399629592896,0.07666003704071045,0.39156100153923035,True,False,False,False
STRAIN_000752,5,LOCAL_W10,442,5,0.9212642908096313,0.07873570919036865,0.3968264162540436,True,False,False,False
STRAIN_000756,5,LOCAL_W10,42,1,0.9365894794464111,0.06341052055358887,0.3561193645000458,True,False,False,False
STRAIN_000756,5,LOCAL_W10,142,2,0.9433765411376953,0.05662345886230469,0.3365219533443451,True,False,False,False
STRAIN_000756,5,LOCAL_W10,242,3,0.9310201406478882,0.06897985935211182,0.37142929434776306,True,False,False,False
STRAIN_000756,5,LOCAL_W10,342,4,0.9447996616363525,0.05520033836364746,0.3322659730911255,True,False,False,False
STRAIN_000756,5,LOCAL_W10,442,5,0.9345741868019104,0.0654258131980896,0.36173418164253235,True,False,False,False
STRAIN_000763,5,LOCAL_W10,42,1,0.90805983543396,0.09194016456604004,0.4288126826286316,True,False,False,False
STRAIN_000763,5,LOCAL_W10,142,2,0.9493470191955566,0.05065298080444336,0.31828612089157104,True,False,False,False
STRAIN_000763,5,LOCAL_W10,242,3,0.9792109727859497,0.020789027214050293,0.20390678942203522,True,False,False,False
STRAIN_000763,5,LOCAL_W10,342,4,0.9574974775314331,0.042502522468566895,0.29155635833740234,True,False,False,False
STRAIN_000763,5,LOCAL_W10,442,5,0.941999077796936,0.058000922203063965,0.3405904769897461,True,False,False,False
STRAIN_000765,5,LOCAL_W10,42,1,0.9381394386291504,0.06186056137084961,0.3517402112483978,True,False,False,False
STRAIN_000765,5,LOCAL_W10,142,2,0.9422608017921448,0.057739198207855225,0.3398211896419525,True,False,False,False
STRAIN_000765,5,LOCAL_W10,242,3,0.9473352432250977,0.052664756774902344,0.3245452046394348,True,False,False,False
STRAIN_000765,5,LOCAL_W10,342,4,0.9410305619239807,0.05896943807601929,0.3434222638607025,True,False,False,False
STRAIN_000765,5,LOCAL_W10,442,5,0.945710301399231,0.05428969860076904,0.3295135498046875,True,False,False,False
STRAIN_000798,5,LOCAL_W10,42,1,0.9451134204864502,0.054886579513549805,0.3313201367855072,True,False,False,False
STRAIN_000798,5,LOCAL_W10,142,2,0.9291926622390747,0.07080733776092529,0.3763171136379242,True,False,False,False
STRAIN_000798,5,LOCAL_W10,242,3,0.9301714301109314,0.0698285698890686,0.37370720505714417,True,False,False,False
STRAIN_000798,5,LOCAL_W10,342,4,0.9410980939865112,0.05890190601348877,0.3432253897190094,True,False,False,False
STRAIN_000798,5,LOCAL_W10,442,5,0.9295588731765747,0.07044112682342529,0.3753427565097809,True,False,False,False
STRAIN_000808,5,LOCAL_W10,42,1,0.9416425824165344,0.058357417583465576,0.3416353464126587,True,False,False,False
STRAIN_000808,5,LOCAL_W10,142,2,0.951912522315979,0.048087477684020996,0.31012076139450073,True,False,False,False
STRAIN_000808,5,LOCAL_W10,242,3,0.9472166299819946,0.05278337001800537,0.32491016387939453,True,False,False,False
STRAIN_000808,5,LOCAL_W10,342,4,0.9368348717689514,0.06316512823104858,0.3554297089576721,True,False,False,False
STRAIN_000808,5,LOCAL_W10,442,5,0.9547926187515259,0.04520738124847412,0.30069053173065186,True,False,False,False
STRAIN_000809,5,LOCAL_W10,42,1,0.9399739503860474,0.06002604961395264,0.34648531675338745,True,False,False,False
STRAIN_000809,5,LOCAL_W10,142,2,0.9311950206756592,0.06880497932434082,0.37095820903778076,True,False,False,False
STRAIN_000809,5,LOCAL_W10,242,3,0.9365193247795105,0.0634806752204895,0.35631638765335083,True,False,False,False
STRAIN_000809,5,LOCAL_W10,342,4,0.9307613968849182,0.06923860311508179,0.3721253275871277,True,False,False,False
STRAIN_000809,5,LOCAL_W10,442,5,0.9367318153381348,0.06326818466186523,0.35571959614753723,True,False,False,False
STRAIN_000810,5,LOCAL_W10,42,1,0.9466122984886169,0.05338770151138306,0.32676494121551514,True,False,False,False
STRAIN_000810,5,LOCAL_W10,142,2,0.9451116323471069,0.054888367652893066,0.33132559061050415,True,False,False,False
STRAIN_000810,5,LOCAL_W10,242,3,0.9303098917007446,0.06969010829925537,0.3733367621898651,True,False,False,False
STRAIN_000810,5,LOCAL_W10,342,4,0.937946081161499,0.06205391883850098,0.35228922963142395,True,False,False,False
STRAIN_000810,5,LOCAL_W10,442,5,0.9374723434448242,0.06252765655517578,0.3536314368247986,True,False,False,False
STRAIN_000813,5,LOCAL_W10,42,1,0.9257867336273193,0.07421326637268066,0.38526153564453125,True,False,False,False
STRAIN_000813,5,LOCAL_W10,142,2,0.9305646419525146,0.06943535804748535,0.37265366315841675,True,False,False,False
STRAIN_000813,5,LOCAL_W10,242,3,0.9261420369148254,0.07385796308517456,0.3843384385108948,True,False,False,False
STRAIN_000813,5,LOCAL_W10,342,4,0.9342446327209473,0.06575536727905273,0.36264392733573914,True,False,False,False
STRAIN_000813,5,LOCAL_W10,442,5,0.9359480142593384,0.06405198574066162,0.35791611671447754,True,False,False,False
STRAIN_000822,5,LOCAL_W10,42,1,0.9513171911239624,0.0486828088760376,0.3120346963405609,True,False,False,False
STRAIN_000822,5,LOCAL_W10,142,2,0.9283190369606018,0.0716809630393982,0.3786316514015198,True,False,False,False
STRAIN_000822,5,LOCAL_W10,242,3,0.920308530330658,0.07969146966934204,0.39922791719436646,True,False,False,False
STRAIN_000822,5,LOCAL_W10,342,4,0.9436651468276978,0.056334853172302246,0.33566319942474365,True,False,False,False
STRAIN_000822,5,LOCAL_W10,442,5,0.9550331830978394,0.044966816902160645,0.2998892664909363,True,False,False,False
STRAIN_000833,5,LOCAL_W10,42,1,0.8982948064804077,0.10170519351959229,0.4510103762149811,True,False,False,False
STRAIN_000833,5,LOCAL_W10,142,2,0.9753757119178772,0.024624288082122803,0.22192011773586273,True,False,False,False
STRAIN_000833,5,LOCAL_W10,242,3,0.9232118129730225,0.07678818702697754,0.39188826084136963,True,False,False,False
STRAIN_000833,5,LOCAL_W10,342,4,0.8659627437591553,0.13403725624084473,0.5177590847015381,True,False,False,False
STRAIN_000833,5,LOCAL_W10,442,5,0.9487826824188232,0.05121731758117676,0.32005417346954346,True,False,False,False
STRAIN_000835,5,LOCAL_W10,42,1,0.9107832908630371,0.08921670913696289,0.42241355776786804,True,False,False,False
STRAIN_000835,5,LOCAL_W10,142,2,0.9313077926635742,0.06869220733642578,0.37065374851226807,True,False,False,False
STRAIN_000835,5,LOCAL_W10,242,3,0.9225852489471436,0.07741475105285645,0.3934837877750397,True,False,False,False
STRAIN_000835,5,LOCAL_W10,342,4,0.9314846992492676,0.06851530075073242,0.37017637491226196,True,False,False,False
STRAIN_000835,5,LOCAL_W10,442,5,0.9240261912345886,0.07597380876541138,0.3898046910762787,True,False,False,False
STRAIN_000837,5,LOCAL_W10,42,1,0.943435549736023,0.05656445026397705,0.33634668588638306,True,False,False,False
STRAIN_000837,5,LOCAL_W10,142,2,0.9291125535964966,0.07088744640350342,0.3765300512313843,True,False,False,False
STRAIN_000837,5,LOCAL_W10,242,3,0.9368452429771423,0.06315475702285767,0.35540062189102173,True,False,False,False
STRAIN_000837,5,LOCAL_W10,342,4,0.9487109184265137,0.05128908157348633,0.3202781081199646,True,False,False,False
STRAIN_000837,5,LOCAL_W10,442,5,0.9303687810897827,0.06963121891021729,0.37317898869514465,True,False,False,False
STRAIN_000852,5,LOCAL_W10,42,1,0.9445675611495972,0.05543243885040283,0.3329635560512543,True,False,False,False
STRAIN_000852,5,LOCAL_W10,142,2,0.9167237281799316,0.08327627182006836,0.4081083834171295,True,False,False,False
STRAIN_000852,5,LOCAL_W10,242,3,0.9352258443832397,0.06477415561676025,0.35992807149887085,True,False,False,False
STRAIN_000852,5,LOCAL_W10,342,4,0.9321693778038025,0.06783062219619751,0.3683221936225891,True,False,False,False
STRAIN_000852,5,LOCAL_W10,442,5,0.9481147527694702,0.051885247230529785,0.32213422656059265,True,False,False,False
STRAIN_000856,5,LOCAL_W10,42,1,0.9500342607498169,0.049965739250183105,0.3161197006702423,True,False,False,False
STRAIN_000856,5,LOCAL_W10,142,2,0.9224323630332947,0.07756763696670532,0.39387211203575134,True,False,False,False
STRAIN_000856,5,LOCAL_W10,242,3,0.9581814408302307,0.04181855916976929,0.28920087218284607,True,False,False,False
STRAIN_000856,5,LOCAL_W10,342,4,0.9389946460723877,0.061005353927612305,0.3493002653121948,True,False,False,False
STRAIN_000856,5,LOCAL_W10,442,5,0.9567192792892456,0.043280720710754395,0.2942131757736206,True,False,False,False
STRAIN_000863,5,LOCAL_W10,42,1,0.9265941381454468,0.07340586185455322,0.38316014409065247,True,False,False,False
STRAIN_000863,5,LOCAL_W10,142,2,0.9504767656326294,0.049523234367370605,0.3147164285182953,True,False,False,False
STRAIN_000863,5,LOCAL_W10,242,3,0.931393563747406,0.068606436252594,0.3704226016998291,True,False,False,False
STRAIN_000863,5,LOCAL_W10,342,4,0.9542771577835083,0.0457228422164917,0.3023999035358429,True,False,False,False
STRAIN_000863,5,LOCAL_W10,442,5,0.9099404811859131,0.09005951881408691,0.42440420389175415,True,False,False,False
STRAIN_000870,5,LOCAL_W10,42,1,0.9331129789352417,0.0668870210647583,0.36575138568878174,True,False,False,False
STRAIN_000870,5,LOCAL_W10,142,2,0.9417868256568909,0.05821317434310913,0.34121304750442505,True,False,False,False
STRAIN_000870,5,LOCAL_W10,242,3,0.9418423175811768,0.05815768241882324,0.34105023741722107,True,False,False,False
STRAIN_000870,5,LOCAL_W10,342,4,0.9390644431114197,0.06093555688858032,0.3491005003452301,True,False,False,False
STRAIN_000870,5,LOCAL_W10,442,5,0.9353296160697937,0.0646703839302063,0.35963961482048035,True,False,False,False
STRAIN_000871,5,LOCAL_W10,42,1,0.9452219009399414,0.054778099060058594,0.3309929370880127,True,False,False,False
STRAIN_000871,5,LOCAL_W10,142,2,0.9377401471138,0.06225985288619995,0.35287365317344666,True,False,False,False
STRAIN_000871,5,LOCAL_W10,242,3,0.9379205703735352,0.062079429626464844,0.3523618280887604,True,False,False,False
STRAIN_000871,5,LOCAL_W10,342,4,0.9432030916213989,0.056796908378601074,0.33703702688217163,True,False,False,False
STRAIN_000871,5,LOCAL_W10,442,5,0.9407357573509216,0.05926424264907837,0.34427961707115173,True,False,False,False
STRAIN_000875,5,LOCAL_W10,42,1,0.9207464456558228,0.07925355434417725,0.3981296122074127,True,False,False,False
STRAIN_000875,5,LOCAL_W10,142,2,0.9258221387863159,0.07417786121368408,0.3851698338985443,True,False,False,False
STRAIN_000875,5,LOCAL_W10,242,3,0.9261235594749451,0.07387644052505493,0.3843863308429718,True,False,False,False
STRAIN_000875,5,LOCAL_W10,342,4,0.9206410646438599,0.07935893535614014,0.3983941376209259,True,False,False,False
STRAIN_000875,5,LOCAL_W10,442,5,0.9265985488891602,0.07340145111083984,0.38314875960350037,True,False,False,False
STRAIN_000880,5,LOCAL_W10,42,1,0.9332177639007568,0.06678223609924316,0.36546456813812256,True,False,False,False
STRAIN_000880,5,LOCAL_W10,142,2,0.9302083253860474,0.06979167461395264,0.37360861897468567,True,False,False,False
STRAIN_000880,5,LOCAL_W10,242,3,0.9256458282470703,0.07435417175292969,0.38562706112861633,True,False,False,False
STRAIN_000880,5,LOCAL_W10,342,4,0.9460470676422119,0.053952932357788086,0.32849010825157166,True,False,False,False
STRAIN_000880,5,LOCAL_W10,442,5,0.9298751354217529,0.07012486457824707,0.37449923157691956,True,False,False,False
STRAIN_000881,5,LOCAL_W10,42,1,0.932144284248352,0.06785571575164795,0.368390291929245,True,False,False,False
STRAIN_000881,5,LOCAL_W10,142,2,0.9391778111457825,0.06082218885421753,0.34877562522888184,True,False,False,False
STRAIN_000881,5,LOCAL_W10,242,3,0.9418224096298218,0.05817759037017822,0.3411088287830353,True,False,False,False
STRAIN_000881,5,LOCAL_W10,342,4,0.9385660886764526,0.06143391132354736,0.3505251407623291,True,False,False,False
STRAIN_000881,5,LOCAL_W10,442,5,0.9422316551208496,0.05776834487915039,0.33990687131881714,True,False,False,False
STRAIN_000885,5,LOCAL_W10,42,1,0.9298149347305298,0.07018506526947021,0.3746601939201355,True,False,False,False
STRAIN_000885,5,LOCAL_W10,142,2,0.9357136487960815,0.06428635120391846,0.3585704565048218,True,False,False,False
STRAIN_000885,5,LOCAL_W10,242,3,0.9439375400543213,0.05606245994567871,0.33485108613967896,True,False,False,False
STRAIN_000885,5,LOCAL_W10,342,4,0.9378854036331177,0.062114596366882324,0.35246193408966064,True,False,False,False
STRAIN_000885,5,LOCAL_W10,442,5,0.9382189512252808,0.06178104877471924,0.3515143394470215,True,False,False,False
STRAIN_000890,5,LOCAL_W10,42,1,0.9457112550735474,0.05428874492645264,0.32951119542121887,True,False,False,False
STRAIN_000890,5,LOCAL_W10,142,2,0.9194678068161011,0.08053219318389893,0.4013284742832184,True,False,False,False
STRAIN_000890,5,LOCAL_W10,242,3,0.9418864250183105,0.05811357498168945,0.3409210443496704,True,False,False,False
STRAIN_000890,5,LOCAL_W10,342,4,0.9388843178749084,0.06111568212509155,0.3496159315109253,True,False,False,False
STRAIN_000890,5,LOCAL_W10,442,5,0.9418356418609619,0.058164358139038086,0.3410699665546417,True,False,False,False
STRAIN_000891,5,LOCAL_W10,42,1,0.9350796937942505,0.06492030620574951,0.3603340983390808,True,False,False,False
STRAIN_000891,5,LOCAL_W10,142,2,0.9326682090759277,0.06733179092407227,0.36696547269821167,True,False,False,False
STRAIN_000891,5,LOCAL_W10,242,3,0.924390435218811,0.07560956478118896,0.388869047164917,True,False,False,False
STRAIN_000891,5,LOCAL_W10,342,4,0.9295285940170288,0.07047140598297119,0.37542375922203064,True,False,False,False
STRAIN_000891,5,LOCAL_W10,442,5,0.934807300567627,0.06519269943237305,0.3610892593860626,True,False,False,False
STRAIN_000892,5,LOCAL_W10,42,1,0.9532538652420044,0.046746134757995605,0.3057647943496704,True,False,False,False
STRAIN_000892,5,LOCAL_W10,142,2,0.9334853887557983,0.06651461124420166,0.3647315204143524,True,False,False,False
STRAIN_000892,5,LOCAL_W10,242,3,0.9495565891265869,0.050443410873413086,0.3176266551017761,True,False,False,False
STRAIN_000892,5,LOCAL_W10,342,4,0.9434807300567627,0.056519269943237305,0.33621203899383545,True,False,False,False
STRAIN_000892,5,LOCAL_W10,442,5,0.9574094414710999,0.042590558528900146,0.29185786843299866,True,False,False,False
STRAIN_000895,5,LOCAL_W10,42,1,0.941554605960846,0.05844539403915405,0.34189295768737793,True,False,False,False
STRAIN_000895,5,LOCAL_W10,142,2,0.9432846903800964,0.056715309619903564,0.3367944657802582,True,False,False,False
STRAIN_000895,5,LOCAL_W10,242,3,0.9431449174880981,0.056855082511901855,0.3372092545032501,True,False,False,False
STRAIN_000895,5,LOCAL_W10,342,4,0.9396329522132874,0.060367047786712646,0.3474680781364441,True,False,False,False
STRAIN_000895,5,LOCAL_W10,442,5,0.9317828416824341,0.06821715831756592,0.36937013268470764,True,False,False,False
STRAIN_000896,5,LOCAL_W10,42,1,0.9375153183937073,0.062484681606292725,0.3535100221633911,True,False,False,False
STRAIN_000896,5,LOCAL_W10,142,2,0.9285650253295898,0.07143497467041016,0.37798160314559937,True,False,False,False
STRAIN_000896,5,LOCAL_W10,242,3,0.9304693937301636,0.06953060626983643,0.3729091286659241,True,False,False,False
STRAIN_000896,5,LOCAL_W10,342,4,0.9289146661758423,0.07108533382415771,0.3770553469657898,True,False,False,False
STRAIN_000896,5,LOCAL_W10,442,5,0.9297176599502563,0.07028234004974365,0.3749196529388428,True,False,False,False
STRAIN_000905,5,LOCAL_W10,42,1,0.9230177998542786,0.07698220014572144,0.39238283038139343,True,False,False,False
STRAIN_000905,5,LOCAL_W10,142,2,0.9380666613578796,0.06193333864212036,0.3519468605518341,True,False,False,False
STRAIN_000905,5,LOCAL_W10,242,3,0.9163438081741333,0.0836561918258667,0.4090383052825928,True,False,False,False
STRAIN_000905,5,LOCAL_W10,342,4,0.9271557331085205,0.07284426689147949,0.38169175386428833,True,False,False,False
STRAIN_000905,5,LOCAL_W10,442,5,0.9273827075958252,0.0726172924041748,0.381096750497818,True,False,False,False
STRAIN_000907,5,LOCAL_W10,42,1,0.9274052977561951,0.07259470224380493,0.38103732466697693,True,False,False,False
STRAIN_000907,5,LOCAL_W10,142,2,0.9401178359985352,0.059882164001464844,0.34606996178627014,True,False,False,False
STRAIN_000907,5,LOCAL_W10,242,3,0.9368168115615845,0.06318318843841553,0.3554806411266327,True,False,False,False
STRAIN_000907,5,LOCAL_W10,342,4,0.9341091513633728,0.0658908486366272,0.3630174994468689,True,False,False,False
STRAIN_000907,5,LOCAL_W10,442,5,0.943623423576355,0.05637657642364502,0.33578741550445557,True,False,False,False
STRAIN_000911,5,LOCAL_W10,42,1,0.924347996711731,0.07565200328826904,0.38897794485092163,True,False,False,False
STRAIN_000911,5,LOCAL_W10,142,2,0.9279333353042603,0.07206666469573975,0.37964871525764465,True,False,False,False
STRAIN_000911,5,LOCAL_W10,242,3,0.9271301627159119,0.07286983728408813,0.38175857067108154,True,False,False,False
STRAIN_000911,5,LOCAL_W10,342,4,0.9258542060852051,0.07414579391479492,0.3850862681865692,True,False,False,False
STRAIN_000911,5,LOCAL_W10,442,5,0.9444118738174438,0.05558812618255615,0.3334309458732605,True,False,False,False
STRAIN_000922,5,LOCAL_W10,42,1,0.9359489679336548,0.06405103206634521,0.3579133152961731,True,False,False,False
STRAIN_000922,5,LOCAL_W10,142,2,0.9303408861160278,0.06965911388397217,0.37325364351272583,True,False,False,False
STRAIN_000922,5,LOCAL_W10,242,3,0.931763768196106,0.06823623180389404,0.3694218099117279,True,False,False,False
STRAIN_000922,5,LOCAL_W10,342,4,0.9275651574134827,0.07243484258651733,0.3806174695491791,True,False,False,False
STRAIN_000922,5,LOCAL_W10,442,5,0.9219123125076294,0.0780876874923706,0.39519017934799194,True,False,False,False
STRAIN_000931,5,LOCAL_W10,42,1,0.9337111711502075,0.06628882884979248,0.36411207914352417,True,False,False,False
STRAIN_000931,5,LOCAL_W10,142,2,0.929534912109375,0.070465087890625,0.3754066526889801,True,False,False,False
STRAIN_000931,5,LOCAL_W10,242,3,0.9407335519790649,0.05926644802093506,0.34428608417510986,True,False,False,False
STRAIN_000931,5,LOCAL_W10,342,4,0.9278029203414917,0.0721970796585083,0.3799925446510315,True,False,False,False
STRAIN_000931,5,LOCAL_W10,442,5,0.9340518116950989,0.06594818830490112,0.3631754517555237,True,False,False,False
STRAIN_000934,5,LOCAL_W10,42,1,0.956744372844696,0.043255627155303955,0.2941281497478485,True,False,False,False
STRAIN_000934,5,LOCAL_W10,142,2,0.9228525161743164,0.0771474838256836,0.3928039073944092,True,False,False,False
STRAIN_000934,5,LOCAL_W10,242,3,0.9543095827102661,0.04569041728973389,0.3022926449775696,True,False,False,False
STRAIN_000934,5,LOCAL_W10,342,4,0.9577121734619141,0.04228782653808594,0.29081884026527405,True,False,False,False
STRAIN_000934,5,LOCAL_W10,442,5,0.940370500087738,0.05962949991226196,0.3453390300273895,True,False,False,False
STRAIN_000936,5,LOCAL_W10,42,1,0.9458437561988831,0.05415624380111694,0.32910874485969543,True,False,False,False
STRAIN_000936,5,LOCAL_W10,142,2,0.9420003890991211,0.057999610900878906,0.34058669209480286,True,False,False,False
STRAIN_000936,5,LOCAL_W10,242,3,0.9430395364761353,0.056960463523864746,0.337522029876709,True,False,False,False
STRAIN_000936,5,LOCAL_W10,342,4,0.9433276653289795,0.05667233467102051,0.33666688203811646,True,False,False,False
STRAIN_000936,5,LOCAL_W10,442,5,0.9302459955215454,0.06975400447845459,0.37350770831108093,True,False,False,False
STRAIN_000937,5,LOCAL_W10,42,1,0.932440996170044,0.06755900382995605,0.36758410930633545,True,False,False,False
STRAIN_000937,5,LOCAL_W10,142,2,0.9532600045204163,0.04673999547958374,0.3057447373867035,True,False,False,False
STRAIN_000937,5,LOCAL_W10,242,3,0.9450746774673462,0.05492532253265381,0.3314371407032013,True,False,False,False
STRAIN_000937,5,LOCAL_W10,342,4,0.9477109909057617,0.05228900909423828,0.3233850598335266,True,False,False,False
STRAIN_000937,5,LOCAL_W10,442,5,0.9476673603057861,0.05233263969421387,0.32352012395858765,True,False,False,False
STRAIN_000941,5,LOCAL_W10,42,1,0.9337226748466492,0.06627732515335083,0.3640806972980499,True,False,False,False
STRAIN_000941,5,LOCAL_W10,142,2,0.9548171758651733,0.04518282413482666,0.3006090521812439,True,False,False,False
STRAIN_000941,5,LOCAL_W10,242,3,0.9543169140815735,0.045683085918426514,0.3022681772708893,True,False,False,False
STRAIN_000941,5,LOCAL_W10,342,4,0.9641852974891663,0.03581470251083374,0.2676365375518799,True,False,False,False
STRAIN_000941,5,LOCAL_W10,442,5,0.9554771184921265,0.044522881507873535,0.2984052300453186,True,False,False,False
STRAIN_000948,5,LOCAL_W10,42,1,0.9433709383010864,0.056629061698913574,0.3365384340286255,True,False,False,False
STRAIN_000948,5,LOCAL_W10,142,2,0.9388851523399353,0.0611148476600647,0.349613755941391,True,False,False,False
STRAIN_000948,5,LOCAL_W10,242,3,0.964110255241394,0.03588974475860596,0.2679171860218048,True,False,False,False
STRAIN_000948,5,LOCAL_W10,342,4,0.8959406614303589,0.10405933856964111,0.4562003016471863,True,False,False,False
STRAIN_000948,5,LOCAL_W10,442,5,0.9487215280532837,0.05127847194671631,0.3202451467514038,True,False,False,False
STRAIN_000952,5,LOCAL_W10,42,1,0.9351503849029541,0.0648496150970459,0.360137939453125,True,False,False,False
STRAIN_000952,5,LOCAL_W10,142,2,0.9539743065834045,0.04602569341659546,0.3033997714519501,True,False,False,False
STRAIN_000952,5,LOCAL_W10,242,3,0.9520694017410278,0.04793059825897217,0.30961477756500244,True,False,False,False
STRAIN_000952,5,LOCAL_W10,342,4,0.9470552802085876,0.052944719791412354,0.32540661096572876,True,False,False,False
STRAIN_000952,5,LOCAL_W10,442,5,0.9449682235717773,0.055031776428222656,0.3317581117153168,True,False,False,False
STRAIN_000956,5,LOCAL_W10,42,1,0.9193240404129028,0.08067595958709717,0.401686429977417,True,False,False,False
STRAIN_000956,5,LOCAL_W10,142,2,0.9405377507209778,0.05946224927902222,0.3448544442653656,True,False,False,False
STRAIN_000956,5,LOCAL_W10,242,3,0.8910415172576904,0.10895848274230957,0.46681585907936096,True,False,False,False
STRAIN_000956,5,LOCAL_W10,342,4,0.92646324634552,0.07353675365447998,0.38350167870521545,True,False,False,False
STRAIN_000956,5,LOCAL_W10,442,5,0.939413845539093,0.06058615446090698,0.3480982184410095,True,False,False,False
STRAIN_000967,5,LOCAL_W10,42,1,0.9464229941368103,0.0535770058631897,0.32734400033950806,True,False,False,False
STRAIN_000967,5,LOCAL_W10,142,2,0.9266690015792847,0.07333099842071533,0.3829649090766907,True,False,False,False
STRAIN_000967,5,LOCAL_W10,242,3,0.9307820796966553,0.06921792030334473,0.3720696270465851,True,False,False,False
STRAIN_000967,5,LOCAL_W10,342,4,0.9365531206130981,0.06344687938690186,0.3562217056751251,True,False,False,False
STRAIN_000967,5,LOCAL_W10,442,5,0.9400142431259155,0.05998575687408447,0.3463691771030426,True,False,False,False
STRAIN_000969,5,LOCAL_W10,42,1,0.9482325315475464,0.05176746845245361,0.32176828384399414,True,False,False,False
STRAIN_000969,5,LOCAL_W10,142,2,0.9346715807914734,0.06532841920852661,0.36146479845046997,True,False,False,False
STRAIN_000969,5,LOCAL_W10,242,3,0.9378856420516968,0.06211435794830322,0.352461040019989,True,False,False,False
STRAIN_000969,5,LOCAL_W10,342,4,0.9611460566520691,0.03885394334793091,0.2787613272666931,True,False,False,False
STRAIN_000969,5,LOCAL_W10,442,5,0.9433737993240356,0.056626200675964355,0.33652982115745544,True,False,False,False
STRAIN_000979,5,LOCAL_W10,42,1,0.9396032691001892,0.06039673089981079,0.3475534915924072,True,False,False,False
STRAIN_000979,5,LOCAL_W10,142,2,0.9523524641990662,0.04764753580093384,0.3086991012096405,True,False,False,False
STRAIN_000979,5,LOCAL_W10,242,3,0.9479213356971741,0.05207866430282593,0.32273417711257935,True,False,False,False
STRAIN_000979,5,LOCAL_W10,342,4,0.9619494676589966,0.03805053234100342,0.2758644223213196,True,False,False,False
STRAIN_000979,5,LOCAL_W10,442,5,0.9409304857254028,0.05906951427459717,0.34371379017829895,True,False,False,False
STRAIN_000991,5,LOCAL_W10,42,1,0.9468780755996704,0.05312192440032959,0.32595059275627136,True,False,False,False
STRAIN_000991,5,LOCAL_W10,142,2,0.9366825222969055,0.06331747770309448,0.3558580279350281,True,False,False,False
STRAIN_000991,5,LOCAL_W10,242,3,0.9413516521453857,0.05864834785461426,0.34248629212379456,True,False,False,False
STRAIN_000991,5,LOCAL_W10,342,4,0.9387400150299072,0.06125998497009277,0.3500288128852844,True,False,False,False
STRAIN_000991,5,LOCAL_W10,442,5,0.9451967477798462,0.05480325222015381,0.3310686945915222,True,False,False,False
STRAIN_001011,5,LOCAL_W10,42,1,0.9280747175216675,0.07192528247833252,0.37927669286727905,True,False,False,False
STRAIN_001011,5,LOCAL_W10,142,2,0.9083565473556519,0.09164345264434814,0.42812031507492065,True,False,False,False
STRAIN_001011,5,LOCAL_W10,242,3,0.9019267559051514,0.09807324409484863,0.4428842067718506,True,False,False,False
STRAIN_001011,5,LOCAL_W10,342,4,0.9300968050956726,0.06990319490432739,0.37390705943107605,True,False,False,False
STRAIN_001011,5,LOCAL_W10,442,5,0.9371433258056641,0.06285667419433594,0.35456061363220215,True,False,False,False
STRAIN_001012,5,LOCAL_W10,42,1,0.939385175704956,0.060614824295043945,0.34818035364151,True,False,False,False
STRAIN_001012,5,LOCAL_W10,142,2,0.9402726292610168,0.059727370738983154,0.34562239050865173,True,False,False,False
STRAIN_001012,5,LOCAL_W10,242,3,0.9227776527404785,0.07722234725952148,0.3929944932460785,True,False,False,False
STRAIN_001012,5,LOCAL_W10,342,4,0.9383608102798462,0.06163918972015381,0.35111016035079956,True,False,False,False
STRAIN_001012,5,LOCAL_W10,442,5,0.9387050867080688,0.06129491329193115,0.35012802481651306,True,False,False,False
STRAIN_001013,5,LOCAL_W10,42,1,0.9298517107963562,0.0701482892036438,0.3745618760585785,True,False,False,False
STRAIN_001013,5,LOCAL_W10,142,2,0.9333853721618652,0.06661462783813477,0.36500588059425354,True,False,False,False
STRAIN_001013,5,LOCAL_W10,242,3,0.9333655834197998,0.0666344165802002,0.36506009101867676,True,False,False,False
STRAIN_001013,5,LOCAL_W10,342,4,0.9427299499511719,0.057270050048828125,0.3384375274181366,True,False,False,False
STRAIN_001013,5,LOCAL_W10,442,5,0.9388036727905273,0.061196327209472656,0.34984660148620605,True,False,False,False
STRAIN_001015,5,LOCAL_W10,42,1,0.9628217220306396,0.03717827796936035,0.2726842164993286,True,False,False,False
STRAIN_001015,5,LOCAL_W10,142,2,0.9539169669151306,0.046083033084869385,0.3035889267921448,True,False,False,False
STRAIN_001015,5,LOCAL_W10,242,3,0.9854749441146851,0.014525055885314941,0.1704414337873459,True,False,False,False
STRAIN_001015,5,LOCAL_W10,342,4,0.9752762913703918,0.024723708629608154,0.22236783802509308,True,False,False,False
STRAIN_001015,5,LOCAL_W10,442,5,0.9654942750930786,0.03450572490692139,0.2627004086971283,True,False,False,False
STRAIN_001023,5,LOCAL_W10,42,1,0.9518904685974121,0.04810953140258789,0.3101920485496521,True,False,False,False
STRAIN_001023,5,LOCAL_W10,142,2,0.9419757127761841,0.05802428722381592,0.34065893292427063,True,False,False,False
STRAIN_001023,5,LOCAL_W10,242,3,0.9444478154182434,0.05555218458175659,0.3333231210708618,True,False,False,False
STRAIN_001023,5,LOCAL_W10,342,4,0.9649330973625183,0.03506690263748169,0.2648278474807739,True,False,False,False
STRAIN_001023,5,LOCAL_W10,442,5,0.9435227513313293,0.056477248668670654,0.33608686923980713,True,False,False,False
STRAIN_001024,5,LOCAL_W10,42,1,0.9604650735855103,0.039534926414489746,0.2811940312385559,True,False,False,False
STRAIN_001024,5,LOCAL_W10,142,2,0.946151852607727,0.05384814739227295,0.32817137241363525,True,False,False,False
STRAIN_001024,5,LOCAL_W10,242,3,0.9330289363861084,0.0669710636138916,0.3659808933734894,True,False,False,False
STRAIN_001024,5,LOCAL_W10,342,4,0.9491646885871887,0.05083531141281128,0.31885838508605957,True,False,False,False
STRAIN_001024,5,LOCAL_W10,442,5,0.9408191442489624,0.0591808557510376,0.344037264585495,True,False,False,False
