strain_entity_id,outer_fold,control_type,seed,replicate,cosine_TRUE_control,embedding_displacement,l2_distance,fold_matched_lineage95_encoder,phenotype_labels_used,encoder_retrained,encoder_finetuned
STRAIN_000004,4,TIGHTBLOCK50,42,1,0.982806384563446,0.017193615436553955,0.18543794751167297,True,False,False,False
STRAIN_000004,4,TIGHTBLOCK50,142,2,0.977055013179779,0.022944986820220947,0.2142191380262375,True,False,False,False
STRAIN_000004,4,TIGHTBLOCK50,242,3,0.9863793253898621,0.01362067461013794,0.1650492548942566,True,False,False,False
STRAIN_000004,4,TIGHTBLOCK50,342,4,0.9751175045967102,0.024882495403289795,0.22308066487312317,True,False,False,False
STRAIN_000004,4,TIGHTBLOCK50,442,5,0.9841099977493286,0.015890002250671387,0.17826958000659943,True,False,False,False
STRAIN_000005,4,TIGHTBLOCK50,42,1,0.9810512661933899,0.018948733806610107,0.1946728676557541,True,False,False,False
STRAIN_000005,4,TIGHTBLOCK50,142,2,0.9703774452209473,0.029622554779052734,0.2434031069278717,True,False,False,False
STRAIN_000005,4,TIGHTBLOCK50,242,3,0.984838604927063,0.015161395072937012,0.17413398623466492,True,False,False,False
STRAIN_000005,4,TIGHTBLOCK50,342,4,0.9782596826553345,0.021740317344665527,0.20851999521255493,True,False,False,False
STRAIN_000005,4,TIGHTBLOCK50,442,5,0.9755979180335999,0.024402081966400146,0.22091639041900635,True,False,False,False
STRAIN_000006,4,TIGHTBLOCK50,42,1,0.9862616062164307,0.013738393783569336,0.16576071083545685,True,False,False,False
STRAIN_000006,4,TIGHTBLOCK50,142,2,0.9802470207214355,0.019752979278564453,0.19876083731651306,True,False,False,False
STRAIN_000006,4,TIGHTBLOCK50,242,3,0.978398323059082,0.02160167694091797,0.2078537791967392,True,False,False,False
STRAIN_000006,4,TIGHTBLOCK50,342,4,0.9770417213439941,0.02295827865600586,0.21428118646144867,True,False,False,False
STRAIN_000006,4,TIGHTBLOCK50,442,5,0.9770780801773071,0.02292191982269287,0.2141118049621582,True,False,False,False
STRAIN_000024,4,TIGHTBLOCK50,42,1,0.9615905284881592,0.03840947151184082,0.2771623134613037,True,False,False,False
STRAIN_000024,4,TIGHTBLOCK50,142,2,0.9628663063049316,0.03713369369506836,0.2725207209587097,True,False,False,False
STRAIN_000024,4,TIGHTBLOCK50,242,3,0.9644134044647217,0.03558659553527832,0.266783207654953,True,False,False,False
STRAIN_000024,4,TIGHTBLOCK50,342,4,0.9671305418014526,0.03286945819854736,0.2563961148262024,True,False,False,False
STRAIN_000024,4,TIGHTBLOCK50,442,5,0.9634519815444946,0.03654801845550537,0.27036309242248535,True,False,False,False
STRAIN_000109,4,TIGHTBLOCK50,42,1,0.9651823043823242,0.03481769561767578,0.2638853192329407,True,False,False,False
STRAIN_000109,4,TIGHTBLOCK50,142,2,0.967300534248352,0.03269946575164795,0.2557319104671478,True,False,False,False
STRAIN_000109,4,TIGHTBLOCK50,242,3,0.9691796898841858,0.03082031011581421,0.24827547371387482,True,False,False,False
STRAIN_000109,4,TIGHTBLOCK50,342,4,0.9756653308868408,0.02433466911315918,0.22061124444007874,True,False,False,False
STRAIN_000109,4,TIGHTBLOCK50,442,5,0.971853494644165,0.02814650535583496,0.23726142942905426,True,False,False,False
STRAIN_000114,4,TIGHTBLOCK50,42,1,0.9835643768310547,0.016435623168945312,0.18130402266979218,True,False,False,False
STRAIN_000114,4,TIGHTBLOCK50,142,2,0.9795686602592468,0.020431339740753174,0.20214496552944183,True,False,False,False
STRAIN_000114,4,TIGHTBLOCK50,242,3,0.9843263030052185,0.015673696994781494,0.17705199122428894,True,False,False,False
STRAIN_000114,4,TIGHTBLOCK50,342,4,0.9816529154777527,0.018347084522247314,0.191557377576828,True,False,False,False
STRAIN_000114,4,TIGHTBLOCK50,442,5,0.9817506074905396,0.01824939250946045,0.19104650616645813,True,False,False,False
STRAIN_000115,4,TIGHTBLOCK50,42,1,0.9833354949951172,0.016664505004882812,0.1825627088546753,True,False,False,False
STRAIN_000115,4,TIGHTBLOCK50,142,2,0.9821258783340454,0.01787412166595459,0.1890718638896942,True,False,False,False
STRAIN_000115,4,TIGHTBLOCK50,242,3,0.9806807041168213,0.01931929588317871,0.19656701385974884,True,False,False,False
STRAIN_000115,4,TIGHTBLOCK50,342,4,0.9840660095214844,0.015933990478515625,0.17851613461971283,True,False,False,False
STRAIN_000115,4,TIGHTBLOCK50,442,5,0.9809623956680298,0.019037604331970215,0.1951286345720291,True,False,False,False
STRAIN_000117,4,TIGHTBLOCK50,42,1,0.9917277693748474,0.008272230625152588,0.12862488627433777,True,False,False,False
STRAIN_000117,4,TIGHTBLOCK50,142,2,0.9911279678344727,0.008872032165527344,0.13320644199848175,True,False,False,False
STRAIN_000117,4,TIGHTBLOCK50,242,3,0.9909875392913818,0.009012460708618164,0.1342565417289734,True,False,False,False
STRAIN_000117,4,TIGHTBLOCK50,342,4,0.9899678230285645,0.010032176971435547,0.14164891839027405,True,False,False,False
STRAIN_000117,4,TIGHTBLOCK50,442,5,0.991682767868042,0.008317232131958008,0.12897388637065887,True,False,False,False
STRAIN_000118,4,TIGHTBLOCK50,42,1,0.9930068850517273,0.006993114948272705,0.11826353520154953,True,False,False,False
STRAIN_000118,4,TIGHTBLOCK50,142,2,0.993944525718689,0.006055474281311035,0.1100500226020813,True,False,False,False
STRAIN_000118,4,TIGHTBLOCK50,242,3,0.9946060180664062,0.00539398193359375,0.10386478900909424,True,False,False,False
STRAIN_000118,4,TIGHTBLOCK50,342,4,0.9933379888534546,0.00666201114654541,0.11542970687150955,True,False,False,False
STRAIN_000118,4,TIGHTBLOCK50,442,5,0.9950968027114868,0.004903197288513184,0.09902648627758026,True,False,False,False
STRAIN_000123,4,TIGHTBLOCK50,42,1,0.981723427772522,0.018276572227478027,0.1911887377500534,True,False,False,False
STRAIN_000123,4,TIGHTBLOCK50,142,2,0.9818479418754578,0.018152058124542236,0.19053657352924347,True,False,False,False
STRAIN_000123,4,TIGHTBLOCK50,242,3,0.9822103977203369,0.017789602279663086,0.18862470984458923,True,False,False,False
STRAIN_000123,4,TIGHTBLOCK50,342,4,0.9788317084312439,0.021168291568756104,0.20575842261314392,True,False,False,False
STRAIN_000123,4,TIGHTBLOCK50,442,5,0.978249192237854,0.021750807762145996,0.20857040584087372,True,False,False,False
STRAIN_000125,4,TIGHTBLOCK50,42,1,0.9830191135406494,0.016980886459350586,0.18428736925125122,True,False,False,False
STRAIN_000125,4,TIGHTBLOCK50,142,2,0.9798635244369507,0.020136475563049316,0.2006809413433075,True,False,False,False
STRAIN_000125,4,TIGHTBLOCK50,242,3,0.9837777018547058,0.01622229814529419,0.18012291193008423,True,False,False,False
STRAIN_000125,4,TIGHTBLOCK50,342,4,0.9796133041381836,0.020386695861816406,0.20192380249500275,True,False,False,False
STRAIN_000125,4,TIGHTBLOCK50,442,5,0.9803929328918457,0.019607067108154297,0.19802457094192505,True,False,False,False
STRAIN_000132,4,TIGHTBLOCK50,42,1,0.9829854965209961,0.017014503479003906,0.18446920812129974,True,False,False,False
STRAIN_000132,4,TIGHTBLOCK50,142,2,0.9806427359580994,0.019357264041900635,0.19675980508327484,True,False,False,False
STRAIN_000132,4,TIGHTBLOCK50,242,3,0.9826363921165466,0.01736360788345337,0.18635223805904388,True,False,False,False
STRAIN_000132,4,TIGHTBLOCK50,342,4,0.9813114404678345,0.018688559532165527,0.19333148002624512,True,False,False,False
STRAIN_000132,4,TIGHTBLOCK50,442,5,0.9835323691368103,0.016467630863189697,0.1814805567264557,True,False,False,False
STRAIN_000133,4,TIGHTBLOCK50,42,1,0.9845602512359619,0.015439748764038086,0.17572557926177979,True,False,False,False
STRAIN_000133,4,TIGHTBLOCK50,142,2,0.9836897850036621,0.01631021499633789,0.18061144649982452,True,False,False,False
STRAIN_000133,4,TIGHTBLOCK50,242,3,0.984045147895813,0.01595485210418701,0.17863300442695618,True,False,False,False
STRAIN_000133,4,TIGHTBLOCK50,342,4,0.9836299419403076,0.016370058059692383,0.18094252049922943,True,False,False,False
STRAIN_000133,4,TIGHTBLOCK50,442,5,0.9841125011444092,0.01588749885559082,0.17825594544410706,True,False,False,False
STRAIN_000143,4,TIGHTBLOCK50,42,1,0.966156542301178,0.03384345769882202,0.2601667046546936,True,False,False,False
STRAIN_000143,4,TIGHTBLOCK50,142,2,0.9709430932998657,0.029056906700134277,0.24106767773628235,True,False,False,False
STRAIN_000143,4,TIGHTBLOCK50,242,3,0.9681864976882935,0.03181350231170654,0.25224393606185913,True,False,False,False
STRAIN_000143,4,TIGHTBLOCK50,342,4,0.9682897329330444,0.031710267066955566,0.25183412432670593,True,False,False,False
STRAIN_000143,4,TIGHTBLOCK50,442,5,0.9653757810592651,0.03462421894073486,0.2631506323814392,True,False,False,False
STRAIN_000149,4,TIGHTBLOCK50,42,1,0.9858313798904419,0.014168620109558105,0.16833598911762238,True,False,False,False
STRAIN_000149,4,TIGHTBLOCK50,142,2,0.984097957611084,0.015902042388916016,0.17833608388900757,True,False,False,False
STRAIN_000149,4,TIGHTBLOCK50,242,3,0.9840365052223206,0.015963494777679443,0.17868083715438843,True,False,False,False
STRAIN_000149,4,TIGHTBLOCK50,342,4,0.9835259914398193,0.016474008560180664,0.18151581287384033,True,False,False,False
STRAIN_000149,4,TIGHTBLOCK50,442,5,0.9794694185256958,0.0205305814743042,0.20263509452342987,True,False,False,False
STRAIN_000154,4,TIGHTBLOCK50,42,1,0.9904510974884033,0.00954890251159668,0.13819478452205658,True,False,False,False
STRAIN_000154,4,TIGHTBLOCK50,142,2,0.9917282462120056,0.008271753787994385,0.12862220406532288,True,False,False,False
STRAIN_000154,4,TIGHTBLOCK50,242,3,0.9912146329879761,0.008785367012023926,0.13255544006824493,True,False,False,False
STRAIN_000154,4,TIGHTBLOCK50,342,4,0.9917713403701782,0.008228659629821777,0.1282859444618225,True,False,False,False
STRAIN_000154,4,TIGHTBLOCK50,442,5,0.9909244179725647,0.009075582027435303,0.13472676277160645,True,False,False,False
STRAIN_000161,4,TIGHTBLOCK50,42,1,0.9744669795036316,0.025533020496368408,0.2259778380393982,True,False,False,False
STRAIN_000161,4,TIGHTBLOCK50,142,2,0.9698768258094788,0.03012317419052124,0.2454511523246765,True,False,False,False
STRAIN_000161,4,TIGHTBLOCK50,242,3,0.9767360687255859,0.023263931274414062,0.2157035768032074,True,False,False,False
STRAIN_000161,4,TIGHTBLOCK50,342,4,0.9734480381011963,0.02655196189880371,0.2304430454969406,True,False,False,False
STRAIN_000161,4,TIGHTBLOCK50,442,5,0.9695547819137573,0.030445218086242676,0.24675986170768738,True,False,False,False
STRAIN_000163,4,TIGHTBLOCK50,42,1,0.9735058546066284,0.026494145393371582,0.2301916927099228,True,False,False,False
STRAIN_000163,4,TIGHTBLOCK50,142,2,0.97249436378479,0.02750563621520996,0.23454473912715912,True,False,False,False
STRAIN_000163,4,TIGHTBLOCK50,242,3,0.9721969366073608,0.02780306339263916,0.2358100265264511,True,False,False,False
STRAIN_000163,4,TIGHTBLOCK50,342,4,0.9762020707130432,0.023797929286956787,0.21816463768482208,True,False,False,False
STRAIN_000163,4,TIGHTBLOCK50,442,5,0.9722436666488647,0.027756333351135254,0.23561134934425354,True,False,False,False
STRAIN_000164,4,TIGHTBLOCK50,42,1,0.9902896285057068,0.009710371494293213,0.13935768604278564,True,False,False,False
STRAIN_000164,4,TIGHTBLOCK50,142,2,0.9904259443283081,0.009574055671691895,0.13837644457817078,True,False,False,False
STRAIN_000164,4,TIGHTBLOCK50,242,3,0.9916585087776184,0.008341491222381592,0.12916263937950134,True,False,False,False
STRAIN_000164,4,TIGHTBLOCK50,342,4,0.9905705451965332,0.009429454803466797,0.13732774555683136,True,False,False,False
STRAIN_000164,4,TIGHTBLOCK50,442,5,0.9916648864746094,0.008335113525390625,0.12911270558834076,True,False,False,False
STRAIN_000167,4,TIGHTBLOCK50,42,1,0.9688577651977539,0.031142234802246094,0.24956867098808289,True,False,False,False
STRAIN_000167,4,TIGHTBLOCK50,142,2,0.971042275428772,0.028957724571228027,0.24065662920475006,True,False,False,False
STRAIN_000167,4,TIGHTBLOCK50,242,3,0.9748836159706116,0.025116384029388428,0.2241266518831253,True,False,False,False
STRAIN_000167,4,TIGHTBLOCK50,342,4,0.9740528464317322,0.025947153568267822,0.22780296206474304,True,False,False,False
STRAIN_000167,4,TIGHTBLOCK50,442,5,0.9636919498443604,0.03630805015563965,0.26947352290153503,True,False,False,False
STRAIN_000168,4,TIGHTBLOCK50,42,1,0.9828850030899048,0.017114996910095215,0.18501359224319458,True,False,False,False
STRAIN_000168,4,TIGHTBLOCK50,142,2,0.9832711219787598,0.016728878021240234,0.18291445076465607,True,False,False,False
STRAIN_000168,4,TIGHTBLOCK50,242,3,0.9821370244026184,0.017862975597381592,0.18901300430297852,True,False,False,False
STRAIN_000168,4,TIGHTBLOCK50,342,4,0.982945442199707,0.01705455780029297,0.18468649685382843,True,False,False,False
STRAIN_000168,4,TIGHTBLOCK50,442,5,0.9849671125411987,0.01503288745880127,0.1733946055173874,True,False,False,False
STRAIN_000175,4,TIGHTBLOCK50,42,1,0.9681849479675293,0.0318150520324707,0.25225016474723816,True,False,False,False
STRAIN_000175,4,TIGHTBLOCK50,142,2,0.9639445543289185,0.03605544567108154,0.26853469014167786,True,False,False,False
STRAIN_000175,4,TIGHTBLOCK50,242,3,0.9693604111671448,0.030639588832855225,0.2475460320711136,True,False,False,False
STRAIN_000175,4,TIGHTBLOCK50,342,4,0.968845784664154,0.031154215335845947,0.2496165931224823,True,False,False,False
STRAIN_000175,4,TIGHTBLOCK50,442,5,0.9705935716629028,0.029406428337097168,0.24251370131969452,True,False,False,False
STRAIN_000178,4,TIGHTBLOCK50,42,1,0.964592456817627,0.03540754318237305,0.26611122488975525,True,False,False,False
STRAIN_000178,4,TIGHTBLOCK50,142,2,0.9668171405792236,0.03318285942077637,0.257615864276886,True,False,False,False
STRAIN_000178,4,TIGHTBLOCK50,242,3,0.9664604663848877,0.033539533615112305,0.25899624824523926,True,False,False,False
STRAIN_000178,4,TIGHTBLOCK50,342,4,0.9695190191268921,0.03048098087310791,0.24690502882003784,True,False,False,False
STRAIN_000178,4,TIGHTBLOCK50,442,5,0.9628827571868896,0.03711724281311035,0.2724599838256836,True,False,False,False
STRAIN_000184,4,TIGHTBLOCK50,42,1,0.9846932888031006,0.015306711196899414,0.17496713995933533,True,False,False,False
STRAIN_000184,4,TIGHTBLOCK50,142,2,0.9817588329315186,0.018241167068481445,0.19100411236286163,True,False,False,False
STRAIN_000184,4,TIGHTBLOCK50,242,3,0.9768592119216919,0.023140788078308105,0.21513165533542633,True,False,False,False
STRAIN_000184,4,TIGHTBLOCK50,342,4,0.9813886284828186,0.018611371517181396,0.19293266534805298,True,False,False,False
STRAIN_000184,4,TIGHTBLOCK50,442,5,0.9824819564819336,0.017518043518066406,0.18717972934246063,True,False,False,False
STRAIN_000190,4,TIGHTBLOCK50,42,1,0.9841272234916687,0.0158727765083313,0.17817288637161255,True,False,False,False
STRAIN_000190,4,TIGHTBLOCK50,142,2,0.9810149669647217,0.01898503303527832,0.19485948979854584,True,False,False,False
STRAIN_000190,4,TIGHTBLOCK50,242,3,0.9839407205581665,0.016059279441833496,0.17921601235866547,True,False,False,False
STRAIN_000190,4,TIGHTBLOCK50,342,4,0.9836894273757935,0.016310572624206543,0.18061324954032898,True,False,False,False
STRAIN_000190,4,TIGHTBLOCK50,442,5,0.9823781251907349,0.017621874809265137,0.18773293495178223,True,False,False,False
STRAIN_000191,4,TIGHTBLOCK50,42,1,0.9832008481025696,0.01679915189743042,0.1832982450723648,True,False,False,False
STRAIN_000191,4,TIGHTBLOCK50,142,2,0.9842855334281921,0.01571446657180786,0.1772821545600891,True,False,False,False
STRAIN_000191,4,TIGHTBLOCK50,242,3,0.9814755916595459,0.0185244083404541,0.19248069822788239,True,False,False,False
STRAIN_000191,4,TIGHTBLOCK50,342,4,0.9814856648445129,0.01851433515548706,0.1924283355474472,True,False,False,False
STRAIN_000191,4,TIGHTBLOCK50,442,5,0.9821633100509644,0.017836689949035645,0.18887419998645782,True,False,False,False
STRAIN_000195,4,TIGHTBLOCK50,42,1,0.9982923865318298,0.001707613468170166,0.05844039097428322,True,False,False,False
STRAIN_000195,4,TIGHTBLOCK50,142,2,0.9985692501068115,0.0014307498931884766,0.05349317938089371,True,False,False,False
STRAIN_000195,4,TIGHTBLOCK50,242,3,0.9982335567474365,0.0017664432525634766,0.05943820998072624,True,False,False,False
STRAIN_000195,4,TIGHTBLOCK50,342,4,0.9982342720031738,0.0017657279968261719,0.05942579358816147,True,False,False,False
STRAIN_000195,4,TIGHTBLOCK50,442,5,0.998051106929779,0.0019488930702209473,0.062431544065475464,True,False,False,False
STRAIN_000201,4,TIGHTBLOCK50,42,1,0.991947591304779,0.008052408695220947,0.12690438330173492,True,False,False,False
STRAIN_000201,4,TIGHTBLOCK50,142,2,0.9902408123016357,0.009759187698364258,0.13970805704593658,True,False,False,False
STRAIN_000201,4,TIGHTBLOCK50,242,3,0.9935338497161865,0.0064661502838134766,0.113719642162323,True,False,False,False
STRAIN_000201,4,TIGHTBLOCK50,342,4,0.9916303157806396,0.008369684219360352,0.1293799877166748,True,False,False,False
STRAIN_000201,4,TIGHTBLOCK50,442,5,0.9917211532592773,0.008278846740722656,0.12867584824562073,True,False,False,False
STRAIN_000203,4,TIGHTBLOCK50,42,1,0.9901992082595825,0.00980079174041748,0.1400056928396225,True,False,False,False
STRAIN_000203,4,TIGHTBLOCK50,142,2,0.9915330410003662,0.008466958999633789,0.13013076782226562,True,False,False,False
STRAIN_000203,4,TIGHTBLOCK50,242,3,0.9905388951301575,0.00946110486984253,0.13755789399147034,True,False,False,False
STRAIN_000203,4,TIGHTBLOCK50,342,4,0.9854126572608948,0.014587342739105225,0.17080576717853546,True,False,False,False
STRAIN_000203,4,TIGHTBLOCK50,442,5,0.9912191033363342,0.008780896663665771,0.1325206607580185,True,False,False,False
STRAIN_000216,4,TIGHTBLOCK50,42,1,0.9865496158599854,0.013450384140014648,0.16401435434818268,True,False,False,False
STRAIN_000216,4,TIGHTBLOCK50,142,2,0.9829186797142029,0.01708132028579712,0.1848314106464386,True,False,False,False
STRAIN_000216,4,TIGHTBLOCK50,242,3,0.9815715551376343,0.018428444862365723,0.19198116660118103,True,False,False,False
STRAIN_000216,4,TIGHTBLOCK50,342,4,0.9813589453697205,0.01864105463027954,0.19308602809906006,True,False,False,False
STRAIN_000216,4,TIGHTBLOCK50,442,5,0.9826785922050476,0.017321407794952393,0.1861259490251541,True,False,False,False
STRAIN_000218,4,TIGHTBLOCK50,42,1,0.9961161613464355,0.003883838653564453,0.08813482522964478,True,False,False,False
STRAIN_000218,4,TIGHTBLOCK50,142,2,0.9953435063362122,0.004656493663787842,0.0965033620595932,True,False,False,False
STRAIN_000218,4,TIGHTBLOCK50,242,3,0.995555579662323,0.004444420337677002,0.0942801758646965,True,False,False,False
STRAIN_000218,4,TIGHTBLOCK50,342,4,0.9948475956916809,0.005152404308319092,0.10151267051696777,True,False,False,False
STRAIN_000218,4,TIGHTBLOCK50,442,5,0.9954875707626343,0.004512429237365723,0.09499823302030563,True,False,False,False
STRAIN_000219,4,TIGHTBLOCK50,42,1,0.9846319556236267,0.015368044376373291,0.17531687021255493,True,False,False,False
STRAIN_000219,4,TIGHTBLOCK50,142,2,0.9837490320205688,0.016250967979431152,0.18028287589550018,True,False,False,False
STRAIN_000219,4,TIGHTBLOCK50,242,3,0.9836081862449646,0.0163918137550354,0.1810629516839981,True,False,False,False
STRAIN_000219,4,TIGHTBLOCK50,342,4,0.9856688380241394,0.014331161975860596,0.16929951310157776,True,False,False,False
STRAIN_000219,4,TIGHTBLOCK50,442,5,0.9833627343177795,0.01663726568222046,0.18241332471370697,True,False,False,False
STRAIN_000220,4,TIGHTBLOCK50,42,1,0.9690287113189697,0.030971288681030273,0.2488829493522644,True,False,False,False
STRAIN_000220,4,TIGHTBLOCK50,142,2,0.9672301411628723,0.032769858837127686,0.25600743293762207,True,False,False,False
STRAIN_000220,4,TIGHTBLOCK50,242,3,0.9693402647972107,0.030659735202789307,0.24762780964374542,True,False,False,False
STRAIN_000220,4,TIGHTBLOCK50,342,4,0.9702128171920776,0.029787182807922363,0.24407906830310822,True,False,False,False
STRAIN_000220,4,TIGHTBLOCK50,442,5,0.9698448777198792,0.03015512228012085,0.2455817461013794,True,False,False,False
STRAIN_000227,4,TIGHTBLOCK50,42,1,0.9850974082946777,0.014902591705322266,0.17264169454574585,True,False,False,False
STRAIN_000227,4,TIGHTBLOCK50,142,2,0.9821411967277527,0.017858803272247314,0.18899141252040863,True,False,False,False
STRAIN_000227,4,TIGHTBLOCK50,242,3,0.9847418665885925,0.01525813341140747,0.1746896505355835,True,False,False,False
STRAIN_000227,4,TIGHTBLOCK50,342,4,0.9852145910263062,0.014785408973693848,0.17196159064769745,True,False,False,False
STRAIN_000227,4,TIGHTBLOCK50,442,5,0.9858835935592651,0.014116406440734863,0.1680266410112381,True,False,False,False
STRAIN_000228,4,TIGHTBLOCK50,42,1,0.979755699634552,0.020244300365447998,0.20121775567531586,True,False,False,False
STRAIN_000228,4,TIGHTBLOCK50,142,2,0.9825055599212646,0.01749444007873535,0.18705277144908905,True,False,False,False
STRAIN_000228,4,TIGHTBLOCK50,242,3,0.9832066297531128,0.016793370246887207,0.18326717615127563,True,False,False,False
STRAIN_000228,4,TIGHTBLOCK50,342,4,0.9841515421867371,0.01584845781326294,0.17803606390953064,True,False,False,False
STRAIN_000228,4,TIGHTBLOCK50,442,5,0.9830275774002075,0.01697242259979248,0.18424104154109955,True,False,False,False
STRAIN_000230,4,TIGHTBLOCK50,42,1,0.9833842515945435,0.016615748405456543,0.18229465186595917,True,False,False,False
STRAIN_000230,4,TIGHTBLOCK50,142,2,0.9811949729919434,0.01880502700805664,0.19393323361873627,True,False,False,False
STRAIN_000230,4,TIGHTBLOCK50,242,3,0.9821093082427979,0.01789069175720215,0.18916009366512299,True,False,False,False
STRAIN_000230,4,TIGHTBLOCK50,342,4,0.9812989234924316,0.01870107650756836,0.19339676201343536,True,False,False,False
STRAIN_000230,4,TIGHTBLOCK50,442,5,0.9823958873748779,0.01760411262512207,0.1876388043165207,True,False,False,False
STRAIN_000232,4,TIGHTBLOCK50,42,1,0.9945164322853088,0.005483567714691162,0.10472346097230911,True,False,False,False
STRAIN_000232,4,TIGHTBLOCK50,142,2,0.9860312938690186,0.013968706130981445,0.16714444756507874,True,False,False,False
STRAIN_000232,4,TIGHTBLOCK50,242,3,0.9874594211578369,0.012540578842163086,0.15837064385414124,True,False,False,False
STRAIN_000232,4,TIGHTBLOCK50,342,4,0.9924291968345642,0.007570803165435791,0.12305177748203278,True,False,False,False
STRAIN_000232,4,TIGHTBLOCK50,442,5,0.993253767490387,0.006746232509613037,0.11615724116563797,True,False,False,False
STRAIN_000239,4,TIGHTBLOCK50,42,1,0.9824758768081665,0.017524123191833496,0.18721219897270203,True,False,False,False
STRAIN_000239,4,TIGHTBLOCK50,142,2,0.9845837950706482,0.015416204929351807,0.1755916029214859,True,False,False,False
STRAIN_000239,4,TIGHTBLOCK50,242,3,0.9858304262161255,0.014169573783874512,0.1683424413204193,True,False,False,False
STRAIN_000239,4,TIGHTBLOCK50,342,4,0.983641505241394,0.016358494758605957,0.18087823688983917,True,False,False,False
STRAIN_000239,4,TIGHTBLOCK50,442,5,0.9832999110221863,0.01670008897781372,0.18275699019432068,True,False,False,False
STRAIN_000243,4,TIGHTBLOCK50,42,1,0.9820836782455444,0.017916321754455566,0.1892949342727661,True,False,False,False
STRAIN_000243,4,TIGHTBLOCK50,142,2,0.9832009673118591,0.01679903268814087,0.18329797685146332,True,False,False,False
STRAIN_000243,4,TIGHTBLOCK50,242,3,0.983932375907898,0.01606762409210205,0.179263174533844,True,False,False,False
STRAIN_000243,4,TIGHTBLOCK50,342,4,0.9804899096488953,0.019510090351104736,0.1975356638431549,True,False,False,False
STRAIN_000243,4,TIGHTBLOCK50,442,5,0.982990026473999,0.017009973526000977,0.1844453513622284,True,False,False,False
STRAIN_000249,4,TIGHTBLOCK50,42,1,0.9833325147628784,0.016667485237121582,0.18257872760295868,True,False,False,False
STRAIN_000249,4,TIGHTBLOCK50,142,2,0.982121467590332,0.01787853240966797,0.1890953928232193,True,False,False,False
STRAIN_000249,4,TIGHTBLOCK50,242,3,0.9809068441390991,0.01909315586090088,0.19541305303573608,True,False,False,False
STRAIN_000249,4,TIGHTBLOCK50,342,4,0.984247088432312,0.01575291156768799,0.17749889194965363,True,False,False,False
STRAIN_000249,4,TIGHTBLOCK50,442,5,0.9840177297592163,0.01598227024078369,0.17878644168376923,True,False,False,False
STRAIN_000252,4,TIGHTBLOCK50,42,1,0.9757537841796875,0.0242462158203125,0.220210000872612,True,False,False,False
STRAIN_000252,4,TIGHTBLOCK50,142,2,0.9727840423583984,0.027215957641601562,0.23330628871917725,True,False,False,False
STRAIN_000252,4,TIGHTBLOCK50,242,3,0.9779555797576904,0.02204442024230957,0.20997315645217896,True,False,False,False
STRAIN_000252,4,TIGHTBLOCK50,342,4,0.9758419990539551,0.024158000946044922,0.21980895102024078,True,False,False,False
STRAIN_000252,4,TIGHTBLOCK50,442,5,0.9766590595245361,0.023340940475463867,0.2160603255033493,True,False,False,False
STRAIN_000268,4,TIGHTBLOCK50,42,1,0.9853577613830566,0.01464223861694336,0.17112717032432556,True,False,False,False
STRAIN_000268,4,TIGHTBLOCK50,142,2,0.9885350465774536,0.011464953422546387,0.15142656862735748,True,False,False,False
STRAIN_000268,4,TIGHTBLOCK50,242,3,0.9867619276046753,0.013238072395324707,0.16271451115608215,True,False,False,False
STRAIN_000268,4,TIGHTBLOCK50,342,4,0.9846077561378479,0.0153922438621521,0.17545542120933533,True,False,False,False
STRAIN_000268,4,TIGHTBLOCK50,442,5,0.9872995615005493,0.012700438499450684,0.15937656164169312,True,False,False,False
STRAIN_000269,4,TIGHTBLOCK50,42,1,0.9829190969467163,0.01708090305328369,0.1848289519548416,True,False,False,False
STRAIN_000269,4,TIGHTBLOCK50,142,2,0.9840066432952881,0.015993356704711914,0.17884843051433563,True,False,False,False
STRAIN_000269,4,TIGHTBLOCK50,242,3,0.9817138314247131,0.018286168575286865,0.19123879075050354,True,False,False,False
STRAIN_000269,4,TIGHTBLOCK50,342,4,0.9824800491333008,0.01751995086669922,0.1871889978647232,True,False,False,False
STRAIN_000269,4,TIGHTBLOCK50,442,5,0.9848504066467285,0.015149593353271484,0.17406673729419708,True,False,False,False
STRAIN_000270,4,TIGHTBLOCK50,42,1,0.9820677042007446,0.01793229579925537,0.1893794983625412,True,False,False,False
STRAIN_000270,4,TIGHTBLOCK50,142,2,0.9837815761566162,0.01621842384338379,0.1801024228334427,True,False,False,False
STRAIN_000270,4,TIGHTBLOCK50,242,3,0.9822456240653992,0.01775437593460083,0.18843775987625122,True,False,False,False
STRAIN_000270,4,TIGHTBLOCK50,342,4,0.981158971786499,0.018841028213500977,0.19411788880825043,True,False,False,False
STRAIN_000270,4,TIGHTBLOCK50,442,5,0.9768427610397339,0.023157238960266113,0.21520784497261047,True,False,False,False
STRAIN_000271,4,TIGHTBLOCK50,42,1,0.9819342494010925,0.01806575059890747,0.19008290767669678,True,False,False,False
STRAIN_000271,4,TIGHTBLOCK50,142,2,0.9792165160179138,0.02078348398208618,0.20387983322143555,True,False,False,False
STRAIN_000271,4,TIGHTBLOCK50,242,3,0.9777605533599854,0.02223944664001465,0.21090050041675568,True,False,False,False
STRAIN_000271,4,TIGHTBLOCK50,342,4,0.9784896373748779,0.02151036262512207,0.2074144333600998,True,False,False,False
STRAIN_000271,4,TIGHTBLOCK50,442,5,0.9801495671272278,0.019850432872772217,0.19925059378147125,True,False,False,False
STRAIN_000276,4,TIGHTBLOCK50,42,1,0.9845895767211914,0.015410423278808594,0.1755588799715042,True,False,False,False
STRAIN_000276,4,TIGHTBLOCK50,142,2,0.9855353236198425,0.01446467638015747,0.17008623480796814,True,False,False,False
STRAIN_000276,4,TIGHTBLOCK50,242,3,0.9856898784637451,0.014310121536254883,0.16917535662651062,True,False,False,False
STRAIN_000276,4,TIGHTBLOCK50,342,4,0.9835569858551025,0.01644301414489746,0.18134501576423645,True,False,False,False
STRAIN_000276,4,TIGHTBLOCK50,442,5,0.9875807166099548,0.012419283390045166,0.15760239958763123,True,False,False,False
STRAIN_000277,4,TIGHTBLOCK50,42,1,0.9760255813598633,0.02397441864013672,0.21897178888320923,True,False,False,False
STRAIN_000277,4,TIGHTBLOCK50,142,2,0.9828368425369263,0.01716315746307373,0.1852736473083496,True,False,False,False
STRAIN_000277,4,TIGHTBLOCK50,242,3,0.9832080602645874,0.016791939735412598,0.1832588016986847,True,False,False,False
STRAIN_000277,4,TIGHTBLOCK50,342,4,0.9828996658325195,0.01710033416748047,0.18493394553661346,True,False,False,False
STRAIN_000277,4,TIGHTBLOCK50,442,5,0.9793418049812317,0.02065819501876831,0.20326398313045502,True,False,False,False
STRAIN_000278,4,TIGHTBLOCK50,42,1,0.9790984392166138,0.02090156078338623,0.20445817708969116,True,False,False,False
STRAIN_000278,4,TIGHTBLOCK50,142,2,0.9813334941864014,0.018666505813598633,0.19321760535240173,True,False,False,False
STRAIN_000278,4,TIGHTBLOCK50,242,3,0.9802426695823669,0.019757330417633057,0.19878298044204712,True,False,False,False
STRAIN_000278,4,TIGHTBLOCK50,342,4,0.9806831479072571,0.01931685209274292,0.19655466079711914,True,False,False,False
STRAIN_000278,4,TIGHTBLOCK50,442,5,0.981174647808075,0.01882535219192505,0.19403775036334991,True,False,False,False
STRAIN_000280,4,TIGHTBLOCK50,42,1,0.9867088794708252,0.013291120529174805,0.1630403846502304,True,False,False,False
STRAIN_000280,4,TIGHTBLOCK50,142,2,0.9869607090950012,0.01303929090499878,0.1614881455898285,True,False,False,False
STRAIN_000280,4,TIGHTBLOCK50,242,3,0.9838588833808899,0.016141116619110107,0.17967209219932556,True,False,False,False
STRAIN_000280,4,TIGHTBLOCK50,342,4,0.9874778389930725,0.01252216100692749,0.15825346112251282,True,False,False,False
STRAIN_000280,4,TIGHTBLOCK50,442,5,0.9806936979293823,0.019306302070617676,0.19650053977966309,True,False,False,False
STRAIN_000283,4,TIGHTBLOCK50,42,1,0.9849682450294495,0.015031754970550537,0.1733883172273636,True,False,False,False
STRAIN_000283,4,TIGHTBLOCK50,142,2,0.9813387393951416,0.0186612606048584,0.1931905448436737,True,False,False,False
STRAIN_000283,4,TIGHTBLOCK50,242,3,0.9837266206741333,0.0162733793258667,0.18040770292282104,True,False,False,False
STRAIN_000283,4,TIGHTBLOCK50,342,4,0.9826499223709106,0.017350077629089355,0.18627963960170746,True,False,False,False
STRAIN_000283,4,TIGHTBLOCK50,442,5,0.9822836518287659,0.01771634817123413,0.1882355511188507,True,False,False,False
STRAIN_000286,4,TIGHTBLOCK50,42,1,0.9723614454269409,0.027638554573059082,0.23511062562465668,True,False,False,False
STRAIN_000286,4,TIGHTBLOCK50,142,2,0.9749760031700134,0.025023996829986572,0.22371366620063782,True,False,False,False
STRAIN_000286,4,TIGHTBLOCK50,242,3,0.9751437902450562,0.024856209754943848,0.22296291589736938,True,False,False,False
STRAIN_000286,4,TIGHTBLOCK50,342,4,0.9742158651351929,0.02578413486480713,0.22708621621131897,True,False,False,False
STRAIN_000286,4,TIGHTBLOCK50,442,5,0.97642982006073,0.02357017993927002,0.21711842715740204,True,False,False,False
STRAIN_000294,4,TIGHTBLOCK50,42,1,0.9709447622299194,0.029055237770080566,0.24106107652187347,True,False,False,False
STRAIN_000294,4,TIGHTBLOCK50,142,2,0.9719609022140503,0.028039097785949707,0.2368081659078598,True,False,False,False
STRAIN_000294,4,TIGHTBLOCK50,242,3,0.9734448194503784,0.026555180549621582,0.23045703768730164,True,False,False,False
STRAIN_000294,4,TIGHTBLOCK50,342,4,0.9714248776435852,0.028575122356414795,0.23906080424785614,True,False,False,False
STRAIN_000294,4,TIGHTBLOCK50,442,5,0.9753644466400146,0.02463555335998535,0.2219706028699875,True,False,False,False
STRAIN_000295,4,TIGHTBLOCK50,42,1,0.966989278793335,0.03301072120666504,0.25694623589515686,True,False,False,False
STRAIN_000295,4,TIGHTBLOCK50,142,2,0.9571717977523804,0.04282820224761963,0.29267096519470215,True,False,False,False
STRAIN_000295,4,TIGHTBLOCK50,242,3,0.9719791412353516,0.028020858764648438,0.23673108220100403,True,False,False,False
STRAIN_000295,4,TIGHTBLOCK50,342,4,0.9663531184196472,0.03364688158035278,0.2594103515148163,True,False,False,False
STRAIN_000295,4,TIGHTBLOCK50,442,5,0.9640725255012512,0.03592747449874878,0.2680578827857971,True,False,False,False
STRAIN_000297,4,TIGHTBLOCK50,42,1,0.9745927453041077,0.025407254695892334,0.22542069852352142,True,False,False,False
STRAIN_000297,4,TIGHTBLOCK50,142,2,0.9744274020195007,0.025572597980499268,0.22615282237529755,True,False,False,False
STRAIN_000297,4,TIGHTBLOCK50,242,3,0.9753040075302124,0.024695992469787598,0.2222430408000946,True,False,False,False
STRAIN_000297,4,TIGHTBLOCK50,342,4,0.9765016436576843,0.023498356342315674,0.21678733825683594,True,False,False,False
STRAIN_000297,4,TIGHTBLOCK50,442,5,0.9738709926605225,0.02612900733947754,0.22859987616539001,True,False,False,False
STRAIN_000304,4,TIGHTBLOCK50,42,1,0.9757936000823975,0.02420639991760254,0.2200283408164978,True,False,False,False
STRAIN_000304,4,TIGHTBLOCK50,142,2,0.9672988653182983,0.03270113468170166,0.2557385265827179,True,False,False,False
STRAIN_000304,4,TIGHTBLOCK50,242,3,0.973675012588501,0.026324987411499023,0.22945542633533478,True,False,False,False
STRAIN_000304,4,TIGHTBLOCK50,342,4,0.9778227210044861,0.022177278995513916,0.21060456335544586,True,False,False,False
STRAIN_000304,4,TIGHTBLOCK50,442,5,0.9759691953659058,0.02403080463409424,0.21922925114631653,True,False,False,False
STRAIN_000306,4,TIGHTBLOCK50,42,1,0.9715384244918823,0.028461575508117676,0.23858602344989777,True,False,False,False
STRAIN_000306,4,TIGHTBLOCK50,142,2,0.9682182669639587,0.03178173303604126,0.2521181106567383,True,False,False,False
STRAIN_000306,4,TIGHTBLOCK50,242,3,0.9716553092002869,0.028344690799713135,0.23809517920017242,True,False,False,False
STRAIN_000306,4,TIGHTBLOCK50,342,4,0.9734472036361694,0.026552796363830566,0.23044690489768982,True,False,False,False
STRAIN_000306,4,TIGHTBLOCK50,442,5,0.9654864072799683,0.03451359272003174,0.26273036003112793,True,False,False,False
STRAIN_000311,4,TIGHTBLOCK50,42,1,0.9956474900245667,0.00435250997543335,0.09330107271671295,True,False,False,False
STRAIN_000311,4,TIGHTBLOCK50,142,2,0.995150089263916,0.004849910736083984,0.09848789125680923,True,False,False,False
STRAIN_000311,4,TIGHTBLOCK50,242,3,0.9957298040390015,0.004270195960998535,0.0924154743552208,True,False,False,False
STRAIN_000311,4,TIGHTBLOCK50,342,4,0.9955816268920898,0.004418373107910156,0.09400467574596405,True,False,False,False
STRAIN_000311,4,TIGHTBLOCK50,442,5,0.9958899021148682,0.004110097885131836,0.09066516906023026,True,False,False,False
STRAIN_000312,4,TIGHTBLOCK50,42,1,0.9685882329940796,0.03141176700592041,0.2506459951400757,True,False,False,False
STRAIN_000312,4,TIGHTBLOCK50,142,2,0.9648054838180542,0.0351945161819458,0.26530924439430237,True,False,False,False
STRAIN_000312,4,TIGHTBLOCK50,242,3,0.9704921245574951,0.029507875442504883,0.24293175339698792,True,False,False,False
STRAIN_000312,4,TIGHTBLOCK50,342,4,0.971375584602356,0.028624415397644043,0.23926709592342377,True,False,False,False
STRAIN_000312,4,TIGHTBLOCK50,442,5,0.9668241143226624,0.033175885677337646,0.2575885057449341,True,False,False,False
STRAIN_000315,4,TIGHTBLOCK50,42,1,0.9777315855026245,0.02226841449737549,0.21103714406490326,True,False,False,False
STRAIN_000315,4,TIGHTBLOCK50,142,2,0.9817414283752441,0.01825857162475586,0.1910947561264038,True,False,False,False
STRAIN_000315,4,TIGHTBLOCK50,242,3,0.9791169166564941,0.02088308334350586,0.20436745882034302,True,False,False,False
STRAIN_000315,4,TIGHTBLOCK50,342,4,0.9815682768821716,0.01843172311782837,0.19199788570404053,True,False,False,False
STRAIN_000315,4,TIGHTBLOCK50,442,5,0.983128547668457,0.01687145233154297,0.18369251489639282,True,False,False,False
STRAIN_000316,4,TIGHTBLOCK50,42,1,0.9820636510848999,0.017936348915100098,0.18940073251724243,True,False,False,False
STRAIN_000316,4,TIGHTBLOCK50,142,2,0.9814154505729675,0.01858454942703247,0.19279298186302185,True,False,False,False
STRAIN_000316,4,TIGHTBLOCK50,242,3,0.981469452381134,0.018530547618865967,0.1925128698348999,True,False,False,False
STRAIN_000316,4,TIGHTBLOCK50,342,4,0.9841839671134949,0.015816032886505127,0.17785406112670898,True,False,False,False
STRAIN_000316,4,TIGHTBLOCK50,442,5,0.9849383234977722,0.015061676502227783,0.1735610067844391,True,False,False,False
STRAIN_000321,4,TIGHTBLOCK50,42,1,0.9848669767379761,0.015133023262023926,0.1739710122346878,True,False,False,False
STRAIN_000321,4,TIGHTBLOCK50,142,2,0.9826380610466003,0.017361938953399658,0.18634362518787384,True,False,False,False
STRAIN_000321,4,TIGHTBLOCK50,242,3,0.9794216156005859,0.020578384399414062,0.20287148654460907,True,False,False,False
STRAIN_000321,4,TIGHTBLOCK50,342,4,0.9847592115402222,0.015240788459777832,0.17459003627300262,True,False,False,False
STRAIN_000321,4,TIGHTBLOCK50,442,5,0.9846908450126648,0.015309154987335205,0.174981027841568,True,False,False,False
STRAIN_000322,4,TIGHTBLOCK50,42,1,0.9789175987243652,0.021082401275634766,0.20534098148345947,True,False,False,False
STRAIN_000322,4,TIGHTBLOCK50,142,2,0.9832479953765869,0.016752004623413086,0.18304121494293213,True,False,False,False
STRAIN_000322,4,TIGHTBLOCK50,242,3,0.9862645268440247,0.013735473155975342,0.1657436192035675,True,False,False,False
STRAIN_000322,4,TIGHTBLOCK50,342,4,0.9795340299606323,0.020465970039367676,0.2023162692785263,True,False,False,False
STRAIN_000322,4,TIGHTBLOCK50,442,5,0.9841954708099365,0.015804529190063477,0.17778967320919037,True,False,False,False
STRAIN_000329,4,TIGHTBLOCK50,42,1,0.9882025718688965,0.011797428131103516,0.1536056101322174,True,False,False,False
STRAIN_000329,4,TIGHTBLOCK50,142,2,0.9874365329742432,0.012563467025756836,0.15851491689682007,True,False,False,False
STRAIN_000329,4,TIGHTBLOCK50,242,3,0.9851880669593811,0.014811933040618896,0.1721155047416687,True,False,False,False
STRAIN_000329,4,TIGHTBLOCK50,342,4,0.9844697713851929,0.015530228614807129,0.17623957991600037,True,False,False,False
STRAIN_000329,4,TIGHTBLOCK50,442,5,0.9844282865524292,0.0155717134475708,0.17647503316402435,True,False,False,False
STRAIN_000334,4,TIGHTBLOCK50,42,1,0.9844738841056824,0.015526115894317627,0.176216259598732,True,False,False,False
STRAIN_000334,4,TIGHTBLOCK50,142,2,0.9795531034469604,0.02044689655303955,0.20222193002700806,True,False,False,False
STRAIN_000334,4,TIGHTBLOCK50,242,3,0.983171284198761,0.016828715801239014,0.18345946073532104,True,False,False,False
STRAIN_000334,4,TIGHTBLOCK50,342,4,0.9840916395187378,0.015908360481262207,0.17837215960025787,True,False,False,False
STRAIN_000334,4,TIGHTBLOCK50,442,5,0.9843955039978027,0.015604496002197266,0.176660418510437,True,False,False,False
STRAIN_000339,4,TIGHTBLOCK50,42,1,0.9805635809898376,0.019436419010162354,0.19716230034828186,True,False,False,False
STRAIN_000339,4,TIGHTBLOCK50,142,2,0.98573237657547,0.01426762342453003,0.16892388463020325,True,False,False,False
STRAIN_000339,4,TIGHTBLOCK50,242,3,0.9849711060523987,0.015028893947601318,0.17337186634540558,True,False,False,False
STRAIN_000339,4,TIGHTBLOCK50,342,4,0.9820811748504639,0.017918825149536133,0.18930847942829132,True,False,False,False
STRAIN_000339,4,TIGHTBLOCK50,442,5,0.9845540523529053,0.015445947647094727,0.1757606565952301,True,False,False,False
STRAIN_000343,4,TIGHTBLOCK50,42,1,0.9772747755050659,0.022725224494934082,0.21319109201431274,True,False,False,False
STRAIN_000343,4,TIGHTBLOCK50,142,2,0.9771867990493774,0.02281320095062256,0.21360337734222412,True,False,False,False
STRAIN_000343,4,TIGHTBLOCK50,242,3,0.9725732207298279,0.02742677927017212,0.234207883477211,True,False,False,False
STRAIN_000343,4,TIGHTBLOCK50,342,4,0.9776014089584351,0.02239859104156494,0.21165327727794647,True,False,False,False
STRAIN_000343,4,TIGHTBLOCK50,442,5,0.9761176705360413,0.02388232946395874,0.21855121850967407,True,False,False,False
STRAIN_000345,4,TIGHTBLOCK50,42,1,0.9875879287719727,0.012412071228027344,0.15755639970302582,True,False,False,False
STRAIN_000345,4,TIGHTBLOCK50,142,2,0.9898477792739868,0.010152220726013184,0.14249345660209656,True,False,False,False
STRAIN_000345,4,TIGHTBLOCK50,242,3,0.9897464513778687,0.010253548622131348,0.14320337772369385,True,False,False,False
STRAIN_000345,4,TIGHTBLOCK50,342,4,0.9877520799636841,0.012247920036315918,0.15651154518127441,True,False,False,False
STRAIN_000345,4,TIGHTBLOCK50,442,5,0.9896339178085327,0.010366082191467285,0.14398591220378876,True,False,False,False
STRAIN_000346,4,TIGHTBLOCK50,42,1,0.9747824668884277,0.025217533111572266,0.2245774269104004,True,False,False,False
STRAIN_000346,4,TIGHTBLOCK50,142,2,0.9650675058364868,0.034932494163513184,0.26431989669799805,True,False,False,False
STRAIN_000346,4,TIGHTBLOCK50,242,3,0.9765340089797974,0.023465991020202637,0.2166379690170288,True,False,False,False
STRAIN_000346,4,TIGHTBLOCK50,342,4,0.9779491424560547,0.022050857543945312,0.210004061460495,True,False,False,False
STRAIN_000346,4,TIGHTBLOCK50,442,5,0.973682165145874,0.026317834854125977,0.22942452132701874,True,False,False,False
STRAIN_000347,4,TIGHTBLOCK50,42,1,0.9716399312019348,0.028360068798065186,0.23816010355949402,True,False,False,False
STRAIN_000347,4,TIGHTBLOCK50,142,2,0.9728290438652039,0.027170956134796143,0.2331138253211975,True,False,False,False
STRAIN_000347,4,TIGHTBLOCK50,242,3,0.9646567106246948,0.035343289375305176,0.2658695578575134,True,False,False,False
STRAIN_000347,4,TIGHTBLOCK50,342,4,0.9749526977539062,0.02504730224609375,0.22381828725337982,True,False,False,False
STRAIN_000347,4,TIGHTBLOCK50,442,5,0.969544529914856,0.030455470085144043,0.24680198729038239,True,False,False,False
STRAIN_000348,4,TIGHTBLOCK50,42,1,0.9673326015472412,0.03266739845275879,0.255607008934021,True,False,False,False
STRAIN_000348,4,TIGHTBLOCK50,142,2,0.9753435254096985,0.024656474590301514,0.22206534445285797,True,False,False,False
STRAIN_000348,4,TIGHTBLOCK50,242,3,0.9710017442703247,0.028998255729675293,0.24082498252391815,True,False,False,False
STRAIN_000348,4,TIGHTBLOCK50,342,4,0.9676688313484192,0.03233116865158081,0.2542881369590759,True,False,False,False
STRAIN_000348,4,TIGHTBLOCK50,442,5,0.9675500392913818,0.032449960708618164,0.25475460290908813,True,False,False,False
STRAIN_000349,4,TIGHTBLOCK50,42,1,0.9705812931060791,0.0294187068939209,0.24256430566310883,True,False,False,False
STRAIN_000349,4,TIGHTBLOCK50,142,2,0.9624540209770203,0.037545979022979736,0.27402880787849426,True,False,False,False
STRAIN_000349,4,TIGHTBLOCK50,242,3,0.9647954702377319,0.035204529762268066,0.26534706354141235,True,False,False,False
STRAIN_000349,4,TIGHTBLOCK50,342,4,0.9641122817993164,0.035887718200683594,0.26790928840637207,True,False,False,False
STRAIN_000349,4,TIGHTBLOCK50,442,5,0.9667715430259705,0.03322845697402954,0.25779226422309875,True,False,False,False
STRAIN_000351,4,TIGHTBLOCK50,42,1,0.9687384366989136,0.031261563301086426,0.2500461935997009,True,False,False,False
STRAIN_000351,4,TIGHTBLOCK50,142,2,0.9648048877716064,0.035195112228393555,0.265311598777771,True,False,False,False
STRAIN_000351,4,TIGHTBLOCK50,242,3,0.9545753002166748,0.045424699783325195,0.3014124631881714,True,False,False,False
STRAIN_000351,4,TIGHTBLOCK50,342,4,0.9637961983680725,0.03620380163192749,0.2690865099430084,True,False,False,False
STRAIN_000351,4,TIGHTBLOCK50,442,5,0.9628272652626038,0.03717273473739624,0.27266353368759155,True,False,False,False
STRAIN_000354,4,TIGHTBLOCK50,42,1,0.9677270650863647,0.032272934913635254,0.2540584206581116,True,False,False,False
STRAIN_000354,4,TIGHTBLOCK50,142,2,0.9674993753433228,0.032500624656677246,0.2549532949924469,True,False,False,False
STRAIN_000354,4,TIGHTBLOCK50,242,3,0.9704247117042542,0.02957528829574585,0.2432088404893875,True,False,False,False
STRAIN_000354,4,TIGHTBLOCK50,342,4,0.9712209701538086,0.028779029846191406,0.23991276323795319,True,False,False,False
STRAIN_000354,4,TIGHTBLOCK50,442,5,0.9630677700042725,0.03693222999572754,0.2717801630496979,True,False,False,False
STRAIN_000358,4,TIGHTBLOCK50,42,1,0.9790620803833008,0.02093791961669922,0.20463591814041138,True,False,False,False
STRAIN_000358,4,TIGHTBLOCK50,142,2,0.9806323051452637,0.019367694854736328,0.19681300222873688,True,False,False,False
STRAIN_000358,4,TIGHTBLOCK50,242,3,0.9793456792831421,0.02065432071685791,0.2032448947429657,True,False,False,False
STRAIN_000358,4,TIGHTBLOCK50,342,4,0.980309009552002,0.019690990447998047,0.19844892621040344,True,False,False,False
STRAIN_000358,4,TIGHTBLOCK50,442,5,0.9801142811775208,0.019885718822479248,0.1994277387857437,True,False,False,False
STRAIN_000359,4,TIGHTBLOCK50,42,1,0.9826317429542542,0.01736825704574585,0.18637715280056,True,False,False,False
STRAIN_000359,4,TIGHTBLOCK50,142,2,0.9822648763656616,0.01773512363433838,0.18833541870117188,True,False,False,False
STRAIN_000359,4,TIGHTBLOCK50,242,3,0.9840766191482544,0.015923380851745605,0.17845623195171356,True,False,False,False
STRAIN_000359,4,TIGHTBLOCK50,342,4,0.9834334850311279,0.01656651496887207,0.18202507495880127,True,False,False,False
STRAIN_000359,4,TIGHTBLOCK50,442,5,0.9816088676452637,0.018391132354736328,0.1917869746685028,True,False,False,False
STRAIN_000364,4,TIGHTBLOCK50,42,1,0.9815648198127747,0.018435180187225342,0.19201675057411194,True,False,False,False
STRAIN_000364,4,TIGHTBLOCK50,142,2,0.9794700145721436,0.020529985427856445,0.20263268053531647,True,False,False,False
STRAIN_000364,4,TIGHTBLOCK50,242,3,0.9807149767875671,0.01928502321243286,0.19639292359352112,True,False,False,False
STRAIN_000364,4,TIGHTBLOCK50,342,4,0.9816606640815735,0.018339335918426514,0.19151674211025238,True,False,False,False
STRAIN_000364,4,TIGHTBLOCK50,442,5,0.9815860986709595,0.018413901329040527,0.19190602004528046,True,False,False,False
STRAIN_000366,4,TIGHTBLOCK50,42,1,0.9665464162826538,0.03345358371734619,0.2586643695831299,True,False,False,False
STRAIN_000366,4,TIGHTBLOCK50,142,2,0.9650992155075073,0.034900784492492676,0.264199823141098,True,False,False,False
STRAIN_000366,4,TIGHTBLOCK50,242,3,0.9705680012702942,0.02943199872970581,0.24261914193630219,True,False,False,False
STRAIN_000366,4,TIGHTBLOCK50,342,4,0.9686830639839172,0.031316936016082764,0.2502678334712982,True,False,False,False
STRAIN_000366,4,TIGHTBLOCK50,442,5,0.9668542146682739,0.033145785331726074,0.25747185945510864,True,False,False,False
STRAIN_000371,4,TIGHTBLOCK50,42,1,0.9863357543945312,0.01366424560546875,0.165313720703125,True,False,False,False
STRAIN_000371,4,TIGHTBLOCK50,142,2,0.9932056665420532,0.006794333457946777,0.11657007038593292,True,False,False,False
STRAIN_000371,4,TIGHTBLOCK50,242,3,0.9921111464500427,0.007888853549957275,0.1256093978881836,True,False,False,False
STRAIN_000371,4,TIGHTBLOCK50,342,4,0.9910521507263184,0.00894784927368164,0.13377471268177032,True,False,False,False
STRAIN_000371,4,TIGHTBLOCK50,442,5,0.9948980808258057,0.005101919174194336,0.1010146290063858,True,False,False,False
STRAIN_000379,4,TIGHTBLOCK50,42,1,0.9828104972839355,0.017189502716064453,0.18541543185710907,True,False,False,False
STRAIN_000379,4,TIGHTBLOCK50,142,2,0.9854440093040466,0.01455599069595337,0.17062172293663025,True,False,False,False
STRAIN_000379,4,TIGHTBLOCK50,242,3,0.9809833765029907,0.019016623497009277,0.19502055644989014,True,False,False,False
STRAIN_000379,4,TIGHTBLOCK50,342,4,0.9827740788459778,0.017225921154022217,0.1856115758419037,True,False,False,False
STRAIN_000379,4,TIGHTBLOCK50,442,5,0.9801323413848877,0.019867658615112305,0.1993371695280075,True,False,False,False
STRAIN_000391,4,TIGHTBLOCK50,42,1,0.982114315032959,0.017885684967041016,0.18913322687149048,True,False,False,False
STRAIN_000391,4,TIGHTBLOCK50,142,2,0.9825435876846313,0.017456412315368652,0.1868499219417572,True,False,False,False
STRAIN_000391,4,TIGHTBLOCK50,242,3,0.9822627305984497,0.017737269401550293,0.18834704160690308,True,False,False,False
STRAIN_000391,4,TIGHTBLOCK50,342,4,0.9813499450683594,0.018650054931640625,0.19313231110572815,True,False,False,False
STRAIN_000391,4,TIGHTBLOCK50,442,5,0.9816439151763916,0.0183560848236084,0.19160453975200653,True,False,False,False
STRAIN_000392,4,TIGHTBLOCK50,42,1,0.9852988719940186,0.014701128005981445,0.17147018015384674,True,False,False,False
STRAIN_000392,4,TIGHTBLOCK50,142,2,0.9855037927627563,0.014496207237243652,0.17027176916599274,True,False,False,False
STRAIN_000392,4,TIGHTBLOCK50,242,3,0.9834355711936951,0.01656442880630493,0.18201349675655365,True,False,False,False
STRAIN_000392,4,TIGHTBLOCK50,342,4,0.9817907214164734,0.01820927858352661,0.1908363252878189,True,False,False,False
STRAIN_000392,4,TIGHTBLOCK50,442,5,0.9819991588592529,0.01800084114074707,0.18974082171916962,True,False,False,False
STRAIN_000408,4,TIGHTBLOCK50,42,1,0.981696605682373,0.018303394317626953,0.1913289576768875,True,False,False,False
STRAIN_000408,4,TIGHTBLOCK50,142,2,0.9818426370620728,0.018157362937927246,0.19056446850299835,True,False,False,False
STRAIN_000408,4,TIGHTBLOCK50,242,3,0.9855541586875916,0.014445841312408447,0.1699751913547516,True,False,False,False
STRAIN_000408,4,TIGHTBLOCK50,342,4,0.9826286435127258,0.01737135648727417,0.1863938570022583,True,False,False,False
STRAIN_000408,4,TIGHTBLOCK50,442,5,0.9833779335021973,0.016622066497802734,0.1823299378156662,True,False,False,False
STRAIN_000411,4,TIGHTBLOCK50,42,1,0.9821468591690063,0.017853140830993652,0.18896086513996124,True,False,False,False
STRAIN_000411,4,TIGHTBLOCK50,142,2,0.9812214970588684,0.018778502941131592,0.19379620254039764,True,False,False,False
STRAIN_000411,4,TIGHTBLOCK50,242,3,0.9833964705467224,0.016603529453277588,0.18222805857658386,True,False,False,False
STRAIN_000411,4,TIGHTBLOCK50,342,4,0.983537495136261,0.016462504863739014,0.18145202100276947,True,False,False,False
STRAIN_000411,4,TIGHTBLOCK50,442,5,0.9826365113258362,0.01736348867416382,0.18635176122188568,True,False,False,False
STRAIN_000415,4,TIGHTBLOCK50,42,1,0.9814748764038086,0.018525123596191406,0.19248439371585846,True,False,False,False
STRAIN_000415,4,TIGHTBLOCK50,142,2,0.9810193181037903,0.018980681896209717,0.19483686983585358,True,False,False,False
STRAIN_000415,4,TIGHTBLOCK50,242,3,0.9816104173660278,0.018389582633972168,0.1917790323495865,True,False,False,False
STRAIN_000415,4,TIGHTBLOCK50,342,4,0.9834926724433899,0.016507327556610107,0.1816992163658142,True,False,False,False
STRAIN_000415,4,TIGHTBLOCK50,442,5,0.9816288948059082,0.018371105194091797,0.19168305397033691,True,False,False,False
STRAIN_000430,4,TIGHTBLOCK50,42,1,0.9834510087966919,0.016548991203308105,0.18192832171916962,True,False,False,False
STRAIN_000430,4,TIGHTBLOCK50,142,2,0.980439305305481,0.019560694694519043,0.1977912336587906,True,False,False,False
STRAIN_000430,4,TIGHTBLOCK50,242,3,0.9830940961837769,0.016905903816223145,0.18388023972511292,True,False,False,False
STRAIN_000430,4,TIGHTBLOCK50,342,4,0.9826874732971191,0.01731252670288086,0.18607838451862335,True,False,False,False
STRAIN_000430,4,TIGHTBLOCK50,442,5,0.9855117797851562,0.01448822021484375,0.1702246367931366,True,False,False,False
STRAIN_000433,4,TIGHTBLOCK50,42,1,0.9903486967086792,0.0096513032913208,0.13893382251262665,True,False,False,False
STRAIN_000433,4,TIGHTBLOCK50,142,2,0.9899743795394897,0.010025620460510254,0.14160270988941193,True,False,False,False
STRAIN_000433,4,TIGHTBLOCK50,242,3,0.9854615926742554,0.014538407325744629,0.17051929235458374,True,False,False,False
STRAIN_000433,4,TIGHTBLOCK50,342,4,0.9868308305740356,0.013169169425964355,0.16229064762592316,True,False,False,False
STRAIN_000433,4,TIGHTBLOCK50,442,5,0.9880324602127075,0.01196753978729248,0.15470941364765167,True,False,False,False
STRAIN_000452,4,TIGHTBLOCK50,42,1,0.9834580421447754,0.01654195785522461,0.1818898618221283,True,False,False,False
STRAIN_000452,4,TIGHTBLOCK50,142,2,0.9837400913238525,0.01625990867614746,0.18033285439014435,True,False,False,False
STRAIN_000452,4,TIGHTBLOCK50,242,3,0.984451413154602,0.01554858684539795,0.17634376883506775,True,False,False,False
STRAIN_000452,4,TIGHTBLOCK50,342,4,0.980684220790863,0.019315779209136963,0.19654911756515503,True,False,False,False
STRAIN_000452,4,TIGHTBLOCK50,442,5,0.9860919713973999,0.013908028602600098,0.1667819768190384,True,False,False,False
STRAIN_000470,4,TIGHTBLOCK50,42,1,0.985243558883667,0.014756441116333008,0.17179280519485474,True,False,False,False
STRAIN_000470,4,TIGHTBLOCK50,142,2,0.9842574000358582,0.015742599964141846,0.17744040489196777,True,False,False,False
STRAIN_000470,4,TIGHTBLOCK50,242,3,0.9827135801315308,0.01728641986846924,0.18593785166740417,True,False,False,False
STRAIN_000470,4,TIGHTBLOCK50,342,4,0.9839746356010437,0.0160253643989563,0.17902688682079315,True,False,False,False
STRAIN_000470,4,TIGHTBLOCK50,442,5,0.9823518991470337,0.01764810085296631,0.1878727525472641,True,False,False,False
STRAIN_000471,4,TIGHTBLOCK50,42,1,0.9860895872116089,0.013910412788391113,0.16679562628269196,True,False,False,False
STRAIN_000471,4,TIGHTBLOCK50,142,2,0.9883884191513062,0.011611580848693848,0.1523912250995636,True,False,False,False
STRAIN_000471,4,TIGHTBLOCK50,242,3,0.988045871257782,0.011954128742218018,0.15462298691272736,True,False,False,False
STRAIN_000471,4,TIGHTBLOCK50,342,4,0.9889760613441467,0.011023938655853271,0.14848557114601135,True,False,False,False
STRAIN_000471,4,TIGHTBLOCK50,442,5,0.9890371561050415,0.010962843894958496,0.14807362854480743,True,False,False,False
STRAIN_000474,4,TIGHTBLOCK50,42,1,0.9741202592849731,0.025879740715026855,0.227507084608078,True,False,False,False
STRAIN_000474,4,TIGHTBLOCK50,142,2,0.9754404425621033,0.02455955743789673,0.22162841260433197,True,False,False,False
STRAIN_000474,4,TIGHTBLOCK50,242,3,0.97994065284729,0.02005934715270996,0.20029695332050323,True,False,False,False
STRAIN_000474,4,TIGHTBLOCK50,342,4,0.9746671915054321,0.02533280849456787,0.22509057819843292,True,False,False,False
STRAIN_000474,4,TIGHTBLOCK50,442,5,0.9754366874694824,0.024563312530517578,0.2216455042362213,True,False,False,False
STRAIN_000484,4,TIGHTBLOCK50,42,1,0.9839328527450562,0.016067147254943848,0.17926007509231567,True,False,False,False
STRAIN_000484,4,TIGHTBLOCK50,142,2,0.9864987730979919,0.013501226902008057,0.16432377696037292,True,False,False,False
STRAIN_000484,4,TIGHTBLOCK50,242,3,0.9850729703903198,0.014927029609680176,0.17278346419334412,True,False,False,False
STRAIN_000484,4,TIGHTBLOCK50,342,4,0.9860695600509644,0.013930439949035645,0.1669161170721054,True,False,False,False
STRAIN_000484,4,TIGHTBLOCK50,442,5,0.9846773147583008,0.015322685241699219,0.17505834996700287,True,False,False,False
STRAIN_000497,4,TIGHTBLOCK50,42,1,0.982112467288971,0.017887532711029053,0.18914279341697693,True,False,False,False
STRAIN_000497,4,TIGHTBLOCK50,142,2,0.9828305244445801,0.017169475555419922,0.18530775606632233,True,False,False,False
STRAIN_000497,4,TIGHTBLOCK50,242,3,0.9834825992584229,0.01651740074157715,0.18175473809242249,True,False,False,False
STRAIN_000497,4,TIGHTBLOCK50,342,4,0.9841264486312866,0.01587355136871338,0.17817696928977966,True,False,False,False
STRAIN_000497,4,TIGHTBLOCK50,442,5,0.9820972681045532,0.017902731895446777,0.18922358751296997,True,False,False,False
STRAIN_000498,4,TIGHTBLOCK50,42,1,0.9810755252838135,0.018924474716186523,0.19454804062843323,True,False,False,False
STRAIN_000498,4,TIGHTBLOCK50,142,2,0.9724993705749512,0.027500629425048828,0.2345232367515564,True,False,False,False
STRAIN_000498,4,TIGHTBLOCK50,242,3,0.9776664972305298,0.022333502769470215,0.2113458216190338,True,False,False,False
STRAIN_000498,4,TIGHTBLOCK50,342,4,0.9750143885612488,0.02498561143875122,0.22354237735271454,True,False,False,False
STRAIN_000498,4,TIGHTBLOCK50,442,5,0.9718848466873169,0.028115153312683105,0.23712924122810364,True,False,False,False
STRAIN_000500,4,TIGHTBLOCK50,42,1,0.983105480670929,0.016894519329071045,0.18381783366203308,True,False,False,False
STRAIN_000500,4,TIGHTBLOCK50,142,2,0.9834500551223755,0.01654994487762451,0.1819346696138382,True,False,False,False
STRAIN_000500,4,TIGHTBLOCK50,242,3,0.979758083820343,0.020241916179656982,0.20120608806610107,True,False,False,False
STRAIN_000500,4,TIGHTBLOCK50,342,4,0.9802530407905579,0.01974695920944214,0.19873134791851044,True,False,False,False
STRAIN_000500,4,TIGHTBLOCK50,442,5,0.9810762405395508,0.01892375946044922,0.19454479217529297,True,False,False,False
STRAIN_000509,4,TIGHTBLOCK50,42,1,0.9828948974609375,0.0171051025390625,0.18495973944664001,True,False,False,False
STRAIN_000509,4,TIGHTBLOCK50,142,2,0.9819560050964355,0.018043994903564453,0.18996815383434296,True,False,False,False
STRAIN_000509,4,TIGHTBLOCK50,242,3,0.9833529591560364,0.016647040843963623,0.18246690928936005,True,False,False,False
STRAIN_000509,4,TIGHTBLOCK50,342,4,0.9826679229736328,0.017332077026367188,0.18618325889110565,True,False,False,False
STRAIN_000509,4,TIGHTBLOCK50,442,5,0.9825611114501953,0.017438888549804688,0.18675561249256134,True,False,False,False
STRAIN_000510,4,TIGHTBLOCK50,42,1,0.9823179841041565,0.017682015895843506,0.18805353343486786,True,False,False,False
STRAIN_000510,4,TIGHTBLOCK50,142,2,0.9803555607795715,0.019644439220428467,0.19821453094482422,True,False,False,False
STRAIN_000510,4,TIGHTBLOCK50,242,3,0.9817467331886292,0.01825326681137085,0.19106711447238922,True,False,False,False
STRAIN_000510,4,TIGHTBLOCK50,342,4,0.9808517694473267,0.01914823055267334,0.1956946700811386,True,False,False,False
STRAIN_000510,4,TIGHTBLOCK50,442,5,0.9821574091911316,0.017842590808868408,0.18890538811683655,True,False,False,False
STRAIN_000522,4,TIGHTBLOCK50,42,1,0.9815781712532043,0.018421828746795654,0.19194655120372772,True,False,False,False
STRAIN_000522,4,TIGHTBLOCK50,142,2,0.9825210571289062,0.01747894287109375,0.18697020411491394,True,False,False,False
STRAIN_000522,4,TIGHTBLOCK50,242,3,0.977889895439148,0.02211010456085205,0.21028567850589752,True,False,False,False
STRAIN_000522,4,TIGHTBLOCK50,342,4,0.9816266298294067,0.01837337017059326,0.19169390201568604,True,False,False,False
STRAIN_000522,4,TIGHTBLOCK50,442,5,0.9812658429145813,0.0187341570854187,0.1935667246580124,True,False,False,False
STRAIN_000525,4,TIGHTBLOCK50,42,1,0.9856802225112915,0.014319777488708496,0.16923274099826813,True,False,False,False
STRAIN_000525,4,TIGHTBLOCK50,142,2,0.9829752445220947,0.017024755477905273,0.18452493846416473,True,False,False,False
STRAIN_000525,4,TIGHTBLOCK50,242,3,0.9819439649581909,0.018056035041809082,0.1900322139263153,True,False,False,False
STRAIN_000525,4,TIGHTBLOCK50,342,4,0.9817607402801514,0.018239259719848633,0.19099383056163788,True,False,False,False
STRAIN_000525,4,TIGHTBLOCK50,442,5,0.980983555316925,0.01901644468307495,0.19502058625221252,True,False,False,False
STRAIN_000526,4,TIGHTBLOCK50,42,1,0.9765912890434265,0.023408710956573486,0.21637354791164398,True,False,False,False
STRAIN_000526,4,TIGHTBLOCK50,142,2,0.9707484245300293,0.029251575469970703,0.241874560713768,True,False,False,False
STRAIN_000526,4,TIGHTBLOCK50,242,3,0.965822696685791,0.034177303314208984,0.2614472508430481,True,False,False,False
STRAIN_000526,4,TIGHTBLOCK50,342,4,0.9695376753807068,0.030462324619293213,0.24682913720607758,True,False,False,False
STRAIN_000526,4,TIGHTBLOCK50,442,5,0.9759663939476013,0.02403360605239868,0.21924231946468353,True,False,False,False
STRAIN_000527,4,TIGHTBLOCK50,42,1,0.9819124937057495,0.01808750629425049,0.19019708037376404,True,False,False,False
STRAIN_000527,4,TIGHTBLOCK50,142,2,0.9841548800468445,0.015845119953155518,0.1780172735452652,True,False,False,False
STRAIN_000527,4,TIGHTBLOCK50,242,3,0.9815911650657654,0.01840883493423462,0.19187931716442108,True,False,False,False
STRAIN_000527,4,TIGHTBLOCK50,342,4,0.9836325645446777,0.016367435455322266,0.18092766404151917,True,False,False,False
STRAIN_000527,4,TIGHTBLOCK50,442,5,0.9818539619445801,0.018146038055419922,0.19050517678260803,True,False,False,False
STRAIN_000528,4,TIGHTBLOCK50,42,1,0.9795267581939697,0.020473241806030273,0.20235219597816467,True,False,False,False
STRAIN_000528,4,TIGHTBLOCK50,142,2,0.9791961908340454,0.02080380916595459,0.20397958159446716,True,False,False,False
STRAIN_000528,4,TIGHTBLOCK50,242,3,0.9826534986495972,0.017346501350402832,0.18626095354557037,True,False,False,False
STRAIN_000528,4,TIGHTBLOCK50,342,4,0.9844504594802856,0.015549540519714355,0.17634974420070648,True,False,False,False
STRAIN_000528,4,TIGHTBLOCK50,442,5,0.9796266555786133,0.02037334442138672,0.20185783505439758,True,False,False,False
STRAIN_000530,4,TIGHTBLOCK50,42,1,0.9841887950897217,0.01581120491027832,0.17782653868198395,True,False,False,False
STRAIN_000530,4,TIGHTBLOCK50,142,2,0.9834862947463989,0.016513705253601074,0.1817348748445511,True,False,False,False
STRAIN_000530,4,TIGHTBLOCK50,242,3,0.9830584526062012,0.016941547393798828,0.18407391011714935,True,False,False,False
STRAIN_000530,4,TIGHTBLOCK50,342,4,0.9834048748016357,0.016595125198364258,0.18218167126178741,True,False,False,False
STRAIN_000530,4,TIGHTBLOCK50,442,5,0.9830332398414612,0.01696676015853882,0.184210404753685,True,False,False,False
STRAIN_000534,4,TIGHTBLOCK50,42,1,0.9793260097503662,0.02067399024963379,0.20334196090698242,True,False,False,False
STRAIN_000534,4,TIGHTBLOCK50,142,2,0.98085618019104,0.01914381980895996,0.1956721693277359,True,False,False,False
STRAIN_000534,4,TIGHTBLOCK50,242,3,0.9804967045783997,0.019503295421600342,0.19750116765499115,True,False,False,False
STRAIN_000534,4,TIGHTBLOCK50,342,4,0.9844298958778381,0.015570104122161865,0.17646561563014984,True,False,False,False
STRAIN_000534,4,TIGHTBLOCK50,442,5,0.9818772077560425,0.01812279224395752,0.1903829425573349,True,False,False,False
STRAIN_000539,4,TIGHTBLOCK50,42,1,0.9826496243476868,0.017350375652313232,0.18628105521202087,True,False,False,False
STRAIN_000539,4,TIGHTBLOCK50,142,2,0.9823621511459351,0.01763784885406494,0.1878177970647812,True,False,False,False
STRAIN_000539,4,TIGHTBLOCK50,242,3,0.9838247299194336,0.016175270080566406,0.17986270785331726,True,False,False,False
STRAIN_000539,4,TIGHTBLOCK50,342,4,0.9805384278297424,0.01946157217025757,0.19728992879390717,True,False,False,False
STRAIN_000539,4,TIGHTBLOCK50,442,5,0.9825341701507568,0.017465829849243164,0.18689998984336853,True,False,False,False
STRAIN_000540,4,TIGHTBLOCK50,42,1,0.9820199608802795,0.01798003911972046,0.18963120877742767,True,False,False,False
STRAIN_000540,4,TIGHTBLOCK50,142,2,0.982056200504303,0.01794379949569702,0.18944033980369568,True,False,False,False
STRAIN_000540,4,TIGHTBLOCK50,242,3,0.9809805154800415,0.019019484519958496,0.1950361132621765,True,False,False,False
STRAIN_000540,4,TIGHTBLOCK50,342,4,0.9830954670906067,0.01690453290939331,0.1838722676038742,True,False,False,False
STRAIN_000540,4,TIGHTBLOCK50,442,5,0.9824207425117493,0.017579257488250732,0.18750624358654022,True,False,False,False
STRAIN_000553,4,TIGHTBLOCK50,42,1,0.9901397824287415,0.009860217571258545,0.14042919874191284,True,False,False,False
STRAIN_000553,4,TIGHTBLOCK50,142,2,0.9874862432479858,0.01251375675201416,0.1582009643316269,True,False,False,False
STRAIN_000553,4,TIGHTBLOCK50,242,3,0.9899545311927795,0.010045468807220459,0.14174219965934753,True,False,False,False
STRAIN_000553,4,TIGHTBLOCK50,342,4,0.9891051054000854,0.01089489459991455,0.14761368930339813,True,False,False,False
STRAIN_000553,4,TIGHTBLOCK50,442,5,0.988689124584198,0.011310875415802002,0.15040528774261475,True,False,False,False
STRAIN_000561,4,TIGHTBLOCK50,42,1,0.9944506287574768,0.005549371242523193,0.10534986108541489,True,False,False,False
STRAIN_000561,4,TIGHTBLOCK50,142,2,0.9926679134368896,0.0073320865631103516,0.12109479308128357,True,False,False,False
STRAIN_000561,4,TIGHTBLOCK50,242,3,0.9926676154136658,0.0073323845863342285,0.12109822779893875,True,False,False,False
STRAIN_000561,4,TIGHTBLOCK50,342,4,0.9953300356864929,0.00466996431350708,0.09664279967546463,True,False,False,False
STRAIN_000561,4,TIGHTBLOCK50,442,5,0.9899619817733765,0.010038018226623535,0.14168936014175415,True,False,False,False
STRAIN_000581,4,TIGHTBLOCK50,42,1,0.9665582776069641,0.03344172239303589,0.25861847400665283,True,False,False,False
STRAIN_000581,4,TIGHTBLOCK50,142,2,0.9686199426651001,0.0313800573348999,0.2505197525024414,True,False,False,False
STRAIN_000581,4,TIGHTBLOCK50,242,3,0.9717512130737305,0.02824878692626953,0.23769201338291168,True,False,False,False
STRAIN_000581,4,TIGHTBLOCK50,342,4,0.9699803590774536,0.030019640922546387,0.24502892792224884,True,False,False,False
STRAIN_000581,4,TIGHTBLOCK50,442,5,0.9674514532089233,0.03254854679107666,0.25514155626296997,True,False,False,False
STRAIN_000587,4,TIGHTBLOCK50,42,1,0.9826309680938721,0.01736903190612793,0.18638187646865845,True,False,False,False
STRAIN_000587,4,TIGHTBLOCK50,142,2,0.9841846227645874,0.015815377235412598,0.1778501570224762,True,False,False,False
STRAIN_000587,4,TIGHTBLOCK50,242,3,0.9820163249969482,0.017983675003051758,0.1896512508392334,True,False,False,False
STRAIN_000587,4,TIGHTBLOCK50,342,4,0.982635498046875,0.017364501953125,0.18635740876197815,True,False,False,False
STRAIN_000587,4,TIGHTBLOCK50,442,5,0.9826351404190063,0.017364859580993652,0.18635942041873932,True,False,False,False
STRAIN_000597,4,TIGHTBLOCK50,42,1,0.9792841076850891,0.02071589231491089,0.2035478949546814,True,False,False,False
STRAIN_000597,4,TIGHTBLOCK50,142,2,0.9818089604377747,0.018191039562225342,0.19074080884456635,True,False,False,False
STRAIN_000597,4,TIGHTBLOCK50,242,3,0.9802086353302002,0.019791364669799805,0.19895415008068085,True,False,False,False
STRAIN_000597,4,TIGHTBLOCK50,342,4,0.9828683137893677,0.017131686210632324,0.18510350584983826,True,False,False,False
STRAIN_000597,4,TIGHTBLOCK50,442,5,0.9819761514663696,0.01802384853363037,0.18986214697360992,True,False,False,False
STRAIN_000600,4,TIGHTBLOCK50,42,1,0.9760211706161499,0.023978829383850098,0.2189921885728836,True,False,False,False
STRAIN_000600,4,TIGHTBLOCK50,142,2,0.9745908975601196,0.02540910243988037,0.22542929649353027,True,False,False,False
STRAIN_000600,4,TIGHTBLOCK50,242,3,0.9721434116363525,0.02785658836364746,0.2360362708568573,True,False,False,False
STRAIN_000600,4,TIGHTBLOCK50,342,4,0.9694350361824036,0.030564963817596436,0.24724481999874115,True,False,False,False
STRAIN_000600,4,TIGHTBLOCK50,442,5,0.9729504585266113,0.027049541473388672,0.23259210586547852,True,False,False,False
STRAIN_000602,4,TIGHTBLOCK50,42,1,0.9821683168411255,0.01783168315887451,0.18884767591953278,True,False,False,False
STRAIN_000602,4,TIGHTBLOCK50,142,2,0.9800635576248169,0.019936442375183105,0.19968198239803314,True,False,False,False
STRAIN_000602,4,TIGHTBLOCK50,242,3,0.9844992160797119,0.015500783920288086,0.17607273161411285,True,False,False,False
STRAIN_000602,4,TIGHTBLOCK50,342,4,0.985056459903717,0.014943540096282959,0.17287857830524445,True,False,False,False
STRAIN_000602,4,TIGHTBLOCK50,442,5,0.9857097864151001,0.014290213584899902,0.16905687749385834,True,False,False,False
STRAIN_000627,4,TIGHTBLOCK50,42,1,0.9820441007614136,0.017955899238586426,0.18950408697128296,True,False,False,False
STRAIN_000627,4,TIGHTBLOCK50,142,2,0.9819660782814026,0.018033921718597412,0.189915269613266,True,False,False,False
STRAIN_000627,4,TIGHTBLOCK50,242,3,0.9839171767234802,0.016082823276519775,0.17934797704219818,True,False,False,False
STRAIN_000627,4,TIGHTBLOCK50,342,4,0.9796274900436401,0.020372509956359863,0.20185387134552002,True,False,False,False
STRAIN_000627,4,TIGHTBLOCK50,442,5,0.979411244392395,0.02058875560760498,0.20292216539382935,True,False,False,False
STRAIN_000629,4,TIGHTBLOCK50,42,1,0.9847463369369507,0.015253663063049316,0.17466285824775696,True,False,False,False
STRAIN_000629,4,TIGHTBLOCK50,142,2,0.98460853099823,0.01539146900177002,0.17545047402381897,True,False,False,False
STRAIN_000629,4,TIGHTBLOCK50,242,3,0.9853734970092773,0.014626502990722656,0.17103524506092072,True,False,False,False
STRAIN_000629,4,TIGHTBLOCK50,342,4,0.9876081347465515,0.012391865253448486,0.15742763876914978,True,False,False,False
STRAIN_000629,4,TIGHTBLOCK50,442,5,0.9873342514038086,0.012665748596191406,0.15915830433368683,True,False,False,False
STRAIN_000634,4,TIGHTBLOCK50,42,1,0.9729418158531189,0.027058184146881104,0.2326291799545288,True,False,False,False
STRAIN_000634,4,TIGHTBLOCK50,142,2,0.9685049057006836,0.031495094299316406,0.2509787678718567,True,False,False,False
STRAIN_000634,4,TIGHTBLOCK50,242,3,0.9694316983222961,0.030568301677703857,0.24725836515426636,True,False,False,False
STRAIN_000634,4,TIGHTBLOCK50,342,4,0.971137523651123,0.028862476348876953,0.24026040732860565,True,False,False,False
STRAIN_000634,4,TIGHTBLOCK50,442,5,0.9719827175140381,0.028017282485961914,0.2367163449525833,True,False,False,False
STRAIN_000647,4,TIGHTBLOCK50,42,1,0.9804606437683105,0.019539356231689453,0.19768308103084564,True,False,False,False
STRAIN_000647,4,TIGHTBLOCK50,142,2,0.9836387634277344,0.016361236572265625,0.18089346587657928,True,False,False,False
STRAIN_000647,4,TIGHTBLOCK50,242,3,0.9818156957626343,0.018184304237365723,0.1907052844762802,True,False,False,False
STRAIN_000647,4,TIGHTBLOCK50,342,4,0.9779259562492371,0.02207404375076294,0.21011413633823395,True,False,False,False
STRAIN_000647,4,TIGHTBLOCK50,442,5,0.9827306270599365,0.017269372940063477,0.18584603071212769,True,False,False,False
STRAIN_000649,4,TIGHTBLOCK50,42,1,0.9885408878326416,0.011459112167358398,0.1513877511024475,True,False,False,False
STRAIN_000649,4,TIGHTBLOCK50,142,2,0.985957145690918,0.014042854309082031,0.1675880402326584,True,False,False,False
STRAIN_000649,4,TIGHTBLOCK50,242,3,0.987634003162384,0.012365996837615967,0.15726421773433685,True,False,False,False
STRAIN_000649,4,TIGHTBLOCK50,342,4,0.9866272211074829,0.01337277889251709,0.16354112327098846,True,False,False,False
STRAIN_000649,4,TIGHTBLOCK50,442,5,0.9874277114868164,0.012572288513183594,0.15857073664665222,True,False,False,False
STRAIN_000653,4,TIGHTBLOCK50,42,1,0.9893699288368225,0.01063007116317749,0.14580875635147095,True,False,False,False
STRAIN_000653,4,TIGHTBLOCK50,142,2,0.9897570610046387,0.010242938995361328,0.14312933385372162,True,False,False,False
STRAIN_000653,4,TIGHTBLOCK50,242,3,0.9899893403053284,0.01001065969467163,0.14149723947048187,True,False,False,False
STRAIN_000653,4,TIGHTBLOCK50,342,4,0.9873652458190918,0.012634754180908203,0.15896464884281158,True,False,False,False
STRAIN_000653,4,TIGHTBLOCK50,442,5,0.9875676035881042,0.012432396411895752,0.15768606960773468,True,False,False,False
STRAIN_000663,4,TIGHTBLOCK50,42,1,0.9838008284568787,0.016199171543121338,0.1799951046705246,True,False,False,False
STRAIN_000663,4,TIGHTBLOCK50,142,2,0.9835834503173828,0.016416549682617188,0.18119868636131287,True,False,False,False
STRAIN_000663,4,TIGHTBLOCK50,242,3,0.9828035831451416,0.0171964168548584,0.18545277416706085,True,False,False,False
STRAIN_000663,4,TIGHTBLOCK50,342,4,0.9850154519081116,0.014984548091888428,0.17311565577983856,True,False,False,False
STRAIN_000663,4,TIGHTBLOCK50,442,5,0.9816423654556274,0.01835763454437256,0.19161169230937958,True,False,False,False
STRAIN_000665,4,TIGHTBLOCK50,42,1,0.9840760231018066,0.01592397689819336,0.17846006155014038,True,False,False,False
STRAIN_000665,4,TIGHTBLOCK50,142,2,0.9866346120834351,0.013365387916564941,0.1634952574968338,True,False,False,False
STRAIN_000665,4,TIGHTBLOCK50,242,3,0.9885945916175842,0.011405408382415771,0.15103156864643097,True,False,False,False
STRAIN_000665,4,TIGHTBLOCK50,342,4,0.9839638471603394,0.016036152839660645,0.179087296128273,True,False,False,False
STRAIN_000665,4,TIGHTBLOCK50,442,5,0.9859288930892944,0.014071106910705566,0.1677560955286026,True,False,False,False
STRAIN_000666,4,TIGHTBLOCK50,42,1,0.9798315763473511,0.020168423652648926,0.20084048807621002,True,False,False,False
STRAIN_000666,4,TIGHTBLOCK50,142,2,0.983255922794342,0.01674407720565796,0.18299773335456848,True,False,False,False
STRAIN_000666,4,TIGHTBLOCK50,242,3,0.9817901253700256,0.018209874629974365,0.19084008038043976,True,False,False,False
STRAIN_000666,4,TIGHTBLOCK50,342,4,0.9806604981422424,0.01933950185775757,0.19666995108127594,True,False,False,False
STRAIN_000666,4,TIGHTBLOCK50,442,5,0.9827156066894531,0.017284393310546875,0.1859274059534073,True,False,False,False
STRAIN_000671,4,TIGHTBLOCK50,42,1,0.9884073138237,0.011592686176300049,0.1522676646709442,True,False,False,False
STRAIN_000671,4,TIGHTBLOCK50,142,2,0.9879642128944397,0.012035787105560303,0.15515007078647614,True,False,False,False
STRAIN_000671,4,TIGHTBLOCK50,242,3,0.988216757774353,0.011783242225646973,0.15351402759552002,True,False,False,False
STRAIN_000671,4,TIGHTBLOCK50,342,4,0.9868630170822144,0.013136982917785645,0.16209261119365692,True,False,False,False
STRAIN_000671,4,TIGHTBLOCK50,442,5,0.9865578413009644,0.013442158699035645,0.16396428644657135,True,False,False,False
STRAIN_000672,4,TIGHTBLOCK50,42,1,0.9823733568191528,0.017626643180847168,0.18775935471057892,True,False,False,False
STRAIN_000672,4,TIGHTBLOCK50,142,2,0.9833513498306274,0.01664865016937256,0.1824757605791092,True,False,False,False
STRAIN_000672,4,TIGHTBLOCK50,242,3,0.9822210669517517,0.01777893304824829,0.18856854736804962,True,False,False,False
STRAIN_000672,4,TIGHTBLOCK50,342,4,0.9854323863983154,0.01456761360168457,0.1706911027431488,True,False,False,False
STRAIN_000672,4,TIGHTBLOCK50,442,5,0.9811525344848633,0.01884746551513672,0.19415153563022614,True,False,False,False
STRAIN_000676,4,TIGHTBLOCK50,42,1,0.9764031171798706,0.023596882820129395,0.21724142134189606,True,False,False,False
STRAIN_000676,4,TIGHTBLOCK50,142,2,0.9760466814041138,0.02395331859588623,0.2188757359981537,True,False,False,False
STRAIN_000676,4,TIGHTBLOCK50,242,3,0.9708322286605835,0.029167771339416504,0.24152761697769165,True,False,False,False
STRAIN_000676,4,TIGHTBLOCK50,342,4,0.9742354154586792,0.0257645845413208,0.2270001471042633,True,False,False,False
STRAIN_000676,4,TIGHTBLOCK50,442,5,0.9727039337158203,0.027296066284179688,0.2336498349905014,True,False,False,False
STRAIN_000684,4,TIGHTBLOCK50,42,1,0.9839732050895691,0.016026794910430908,0.17903515696525574,True,False,False,False
STRAIN_000684,4,TIGHTBLOCK50,142,2,0.983096718788147,0.016903281211853027,0.1838657259941101,True,False,False,False
STRAIN_000684,4,TIGHTBLOCK50,242,3,0.9839258790016174,0.01607412099838257,0.17929914593696594,True,False,False,False
STRAIN_000684,4,TIGHTBLOCK50,342,4,0.9848037958145142,0.01519620418548584,0.17433413863182068,True,False,False,False
STRAIN_000684,4,TIGHTBLOCK50,442,5,0.9827780723571777,0.017221927642822266,0.18559028208255768,True,False,False,False
STRAIN_000688,4,TIGHTBLOCK50,42,1,0.9845735430717468,0.015426456928253174,0.1756500005722046,True,False,False,False
STRAIN_000688,4,TIGHTBLOCK50,142,2,0.982918918132782,0.017081081867218018,0.18483006954193115,True,False,False,False
STRAIN_000688,4,TIGHTBLOCK50,242,3,0.9854953289031982,0.014504671096801758,0.17032122611999512,True,False,False,False
STRAIN_000688,4,TIGHTBLOCK50,342,4,0.9845579862594604,0.01544201374053955,0.17573820054531097,True,False,False,False
STRAIN_000688,4,TIGHTBLOCK50,442,5,0.9827485680580139,0.017251431941986084,0.18574945628643036,True,False,False,False
STRAIN_000702,4,TIGHTBLOCK50,42,1,0.9808493256568909,0.01915067434310913,0.19570736587047577,True,False,False,False
STRAIN_000702,4,TIGHTBLOCK50,142,2,0.9839011430740356,0.016098856925964355,0.17943719029426575,True,False,False,False
STRAIN_000702,4,TIGHTBLOCK50,242,3,0.9850316047668457,0.014968395233154297,0.17302218079566956,True,False,False,False
STRAIN_000702,4,TIGHTBLOCK50,342,4,0.9846329689025879,0.01536703109741211,0.1753111630678177,True,False,False,False
STRAIN_000702,4,TIGHTBLOCK50,442,5,0.980414628982544,0.019585371017456055,0.19791653752326965,True,False,False,False
STRAIN_000708,4,TIGHTBLOCK50,42,1,0.9767382144927979,0.02326178550720215,0.2156936675310135,True,False,False,False
STRAIN_000708,4,TIGHTBLOCK50,142,2,0.9736285209655762,0.026371479034423828,0.22965852916240692,True,False,False,False
STRAIN_000708,4,TIGHTBLOCK50,242,3,0.9719188809394836,0.028081119060516357,0.23698613047599792,True,False,False,False
STRAIN_000708,4,TIGHTBLOCK50,342,4,0.9690837860107422,0.030916213989257812,0.248661607503891,True,False,False,False
STRAIN_000708,4,TIGHTBLOCK50,442,5,0.9796805381774902,0.020319461822509766,0.20159117877483368,True,False,False,False
STRAIN_000715,4,TIGHTBLOCK50,42,1,0.9867052435874939,0.013294756412506104,0.16306273639202118,True,False,False,False
STRAIN_000715,4,TIGHTBLOCK50,142,2,0.9884408712387085,0.011559128761291504,0.15204620361328125,True,False,False,False
STRAIN_000715,4,TIGHTBLOCK50,242,3,0.985779881477356,0.014220118522644043,0.16864222288131714,True,False,False,False
STRAIN_000715,4,TIGHTBLOCK50,342,4,0.9889043569564819,0.011095643043518066,0.1489671766757965,True,False,False,False
STRAIN_000715,4,TIGHTBLOCK50,442,5,0.988736629486084,0.011263370513916016,0.15008878707885742,True,False,False,False
STRAIN_000717,4,TIGHTBLOCK50,42,1,0.9673479795455933,0.03265202045440674,0.2555464804172516,True,False,False,False
STRAIN_000717,4,TIGHTBLOCK50,142,2,0.9710149168968201,0.02898508310317993,0.24076992273330688,True,False,False,False
STRAIN_000717,4,TIGHTBLOCK50,242,3,0.9736319780349731,0.026368021965026855,0.22964300215244293,True,False,False,False
STRAIN_000717,4,TIGHTBLOCK50,342,4,0.9695066213607788,0.03049337863922119,0.2469547688961029,True,False,False,False
STRAIN_000717,4,TIGHTBLOCK50,442,5,0.9667748212814331,0.033225178718566895,0.2577798068523407,True,False,False,False
STRAIN_000728,4,TIGHTBLOCK50,42,1,0.9890627861022949,0.010937213897705078,0.14790016412734985,True,False,False,False
STRAIN_000728,4,TIGHTBLOCK50,142,2,0.9867970943450928,0.013202905654907227,0.16249872744083405,True,False,False,False
STRAIN_000728,4,TIGHTBLOCK50,242,3,0.9865344762802124,0.013465523719787598,0.16410712897777557,True,False,False,False
STRAIN_000728,4,TIGHTBLOCK50,342,4,0.9878374338150024,0.012162566184997559,0.1559656858444214,True,False,False,False
STRAIN_000728,4,TIGHTBLOCK50,442,5,0.9907780885696411,0.009221911430358887,0.13580761849880219,True,False,False,False
STRAIN_000729,4,TIGHTBLOCK50,42,1,0.991061806678772,0.008938193321228027,0.13370230793952942,True,False,False,False
STRAIN_000729,4,TIGHTBLOCK50,142,2,0.9900171756744385,0.009982824325561523,0.1412995308637619,True,False,False,False
STRAIN_000729,4,TIGHTBLOCK50,242,3,0.9860434532165527,0.013956546783447266,0.16707226634025574,True,False,False,False
STRAIN_000729,4,TIGHTBLOCK50,342,4,0.990006685256958,0.009993314743041992,0.14137324690818787,True,False,False,False
STRAIN_000729,4,TIGHTBLOCK50,442,5,0.9852136373519897,0.014786362648010254,0.1719667762517929,True,False,False,False
STRAIN_000732,4,TIGHTBLOCK50,42,1,0.9734101295471191,0.02658987045288086,0.2306077480316162,True,False,False,False
STRAIN_000732,4,TIGHTBLOCK50,142,2,0.9681748151779175,0.03182518482208252,0.25229039788246155,True,False,False,False
STRAIN_000732,4,TIGHTBLOCK50,242,3,0.9693604707717896,0.03063952922821045,0.2475462555885315,True,False,False,False
STRAIN_000732,4,TIGHTBLOCK50,342,4,0.9743742942810059,0.02562570571899414,0.2263876497745514,True,False,False,False
STRAIN_000732,4,TIGHTBLOCK50,442,5,0.9755552411079407,0.024444758892059326,0.22111007571220398,True,False,False,False
STRAIN_000735,4,TIGHTBLOCK50,42,1,0.9685878753662109,0.03141212463378906,0.2506474554538727,True,False,False,False
STRAIN_000735,4,TIGHTBLOCK50,142,2,0.9703569412231445,0.02964305877685547,0.24348697066307068,True,False,False,False
STRAIN_000735,4,TIGHTBLOCK50,242,3,0.9711222648620605,0.028877735137939453,0.24032343924045563,True,False,False,False
STRAIN_000735,4,TIGHTBLOCK50,342,4,0.9711240530014038,0.02887594699859619,0.24031631648540497,True,False,False,False
STRAIN_000735,4,TIGHTBLOCK50,442,5,0.9745742082595825,0.02542579174041748,0.22550255060195923,True,False,False,False
STRAIN_000736,4,TIGHTBLOCK50,42,1,0.9669844508171082,0.033015549182891846,0.256965309381485,True,False,False,False
STRAIN_000736,4,TIGHTBLOCK50,142,2,0.9638477563858032,0.03615224361419678,0.268894761800766,True,False,False,False
STRAIN_000736,4,TIGHTBLOCK50,242,3,0.9641116857528687,0.03588831424713135,0.2679113447666168,True,False,False,False
STRAIN_000736,4,TIGHTBLOCK50,342,4,0.9687538146972656,0.031246185302734375,0.24998445808887482,True,False,False,False
STRAIN_000736,4,TIGHTBLOCK50,442,5,0.9632062315940857,0.03679376840591431,0.27127018570899963,True,False,False,False
STRAIN_000738,4,TIGHTBLOCK50,42,1,0.9822763204574585,0.017723679542541504,0.18827487528324127,True,False,False,False
STRAIN_000738,4,TIGHTBLOCK50,142,2,0.9809200167655945,0.019079983234405518,0.1953456699848175,True,False,False,False
STRAIN_000738,4,TIGHTBLOCK50,242,3,0.9804216623306274,0.01957833766937256,0.19787999987602234,True,False,False,False
STRAIN_000738,4,TIGHTBLOCK50,342,4,0.9822899103164673,0.017710089683532715,0.1882021725177765,True,False,False,False
STRAIN_000738,4,TIGHTBLOCK50,442,5,0.9818576574325562,0.018142342567443848,0.19048525393009186,True,False,False,False
STRAIN_000757,4,TIGHTBLOCK50,42,1,0.9754853844642639,0.024514615535736084,0.22142523527145386,True,False,False,False
STRAIN_000757,4,TIGHTBLOCK50,142,2,0.9684652090072632,0.031534790992736816,0.2511366307735443,True,False,False,False
STRAIN_000757,4,TIGHTBLOCK50,242,3,0.9766360521316528,0.023363947868347168,0.21616637706756592,True,False,False,False
STRAIN_000757,4,TIGHTBLOCK50,342,4,0.972564160823822,0.02743583917617798,0.23424719274044037,True,False,False,False
STRAIN_000757,4,TIGHTBLOCK50,442,5,0.970881998538971,0.029118001461029053,0.2413213700056076,True,False,False,False
STRAIN_000761,4,TIGHTBLOCK50,42,1,0.9926447868347168,0.007355213165283203,0.12128741294145584,True,False,False,False
STRAIN_000761,4,TIGHTBLOCK50,142,2,0.9942711591720581,0.0057288408279418945,0.1070406511425972,True,False,False,False
STRAIN_000761,4,TIGHTBLOCK50,242,3,0.9938278198242188,0.00617218017578125,0.1111050397157669,True,False,False,False
STRAIN_000761,4,TIGHTBLOCK50,342,4,0.9912310838699341,0.008768916130065918,0.13243088126182556,True,False,False,False
STRAIN_000761,4,TIGHTBLOCK50,442,5,0.9948157072067261,0.005184292793273926,0.10182633250951767,True,False,False,False
STRAIN_000762,4,TIGHTBLOCK50,42,1,0.9897629022598267,0.01023709774017334,0.14308781921863556,True,False,False,False
STRAIN_000762,4,TIGHTBLOCK50,142,2,0.9902260303497314,0.009773969650268555,0.13981357216835022,True,False,False,False
STRAIN_000762,4,TIGHTBLOCK50,242,3,0.9908206462860107,0.009179353713989258,0.1354939192533493,True,False,False,False
STRAIN_000762,4,TIGHTBLOCK50,342,4,0.9873417615890503,0.012658238410949707,0.15911118686199188,True,False,False,False
STRAIN_000762,4,TIGHTBLOCK50,442,5,0.9902667999267578,0.009733200073242188,0.1395220160484314,True,False,False,False
STRAIN_000764,4,TIGHTBLOCK50,42,1,0.9696203470230103,0.030379652976989746,0.24649381637573242,True,False,False,False
STRAIN_000764,4,TIGHTBLOCK50,142,2,0.9645652770996094,0.035434722900390625,0.2662130892276764,True,False,False,False
STRAIN_000764,4,TIGHTBLOCK50,242,3,0.9650880098342896,0.03491199016571045,0.2642424702644348,True,False,False,False
STRAIN_000764,4,TIGHTBLOCK50,342,4,0.9716538786888123,0.028346121311187744,0.23810118436813354,True,False,False,False
STRAIN_000764,4,TIGHTBLOCK50,442,5,0.967832088470459,0.032167911529541016,0.25364506244659424,True,False,False,False
STRAIN_000769,4,TIGHTBLOCK50,42,1,0.9940193295478821,0.00598067045211792,0.10936816781759262,True,False,False,False
STRAIN_000769,4,TIGHTBLOCK50,142,2,0.9912484288215637,0.00875157117843628,0.13229887187480927,True,False,False,False
STRAIN_000769,4,TIGHTBLOCK50,242,3,0.991647481918335,0.008352518081665039,0.1292475014925003,True,False,False,False
STRAIN_000769,4,TIGHTBLOCK50,342,4,0.9917358756065369,0.008264124393463135,0.1285623162984848,True,False,False,False
STRAIN_000769,4,TIGHTBLOCK50,442,5,0.9931877851486206,0.0068122148513793945,0.11672326177358627,True,False,False,False
STRAIN_000770,4,TIGHTBLOCK50,42,1,0.9860270023345947,0.013972997665405273,0.16717037558555603,True,False,False,False
STRAIN_000770,4,TIGHTBLOCK50,142,2,0.9878354072570801,0.012164592742919922,0.1559782475233078,True,False,False,False
STRAIN_000770,4,TIGHTBLOCK50,242,3,0.9890022873878479,0.0109977126121521,0.14830827713012695,True,False,False,False
STRAIN_000770,4,TIGHTBLOCK50,342,4,0.9899617433547974,0.010038256645202637,0.14169131219387054,True,False,False,False
STRAIN_000770,4,TIGHTBLOCK50,442,5,0.9893799424171448,0.010620057582855225,0.14574000239372253,True,False,False,False
STRAIN_000771,4,TIGHTBLOCK50,42,1,0.9878178238868713,0.012182176113128662,0.15609058737754822,True,False,False,False
STRAIN_000771,4,TIGHTBLOCK50,142,2,0.9899520874023438,0.01004791259765625,0.14176002144813538,True,False,False,False
STRAIN_000771,4,TIGHTBLOCK50,242,3,0.9938069581985474,0.006193041801452637,0.11129283905029297,True,False,False,False
STRAIN_000771,4,TIGHTBLOCK50,342,4,0.9894386529922485,0.010561347007751465,0.14533638954162598,True,False,False,False
STRAIN_000771,4,TIGHTBLOCK50,442,5,0.9880174398422241,0.011982560157775879,0.15480676293373108,True,False,False,False
STRAIN_000772,4,TIGHTBLOCK50,42,1,0.9906265139579773,0.009373486042022705,0.13691948354244232,True,False,False,False
STRAIN_000772,4,TIGHTBLOCK50,142,2,0.9899832606315613,0.01001673936843872,0.1415398269891739,True,False,False,False
STRAIN_000772,4,TIGHTBLOCK50,242,3,0.9924445152282715,0.007555484771728516,0.12292687594890594,True,False,False,False
STRAIN_000772,4,TIGHTBLOCK50,342,4,0.991618812084198,0.008381187915802002,0.12946996092796326,True,False,False,False
STRAIN_000772,4,TIGHTBLOCK50,442,5,0.9900907874107361,0.009909212589263916,0.14077772200107574,True,False,False,False
STRAIN_000773,4,TIGHTBLOCK50,42,1,0.9804598689079285,0.019540131092071533,0.19768749177455902,True,False,False,False
STRAIN_000773,4,TIGHTBLOCK50,142,2,0.9900250434875488,0.009974956512451172,0.14124378561973572,True,False,False,False
STRAIN_000773,4,TIGHTBLOCK50,242,3,0.986273467540741,0.013726532459259033,0.1656896322965622,True,False,False,False
STRAIN_000773,4,TIGHTBLOCK50,342,4,0.9861682653427124,0.013831734657287598,0.16632311046123505,True,False,False,False
STRAIN_000773,4,TIGHTBLOCK50,442,5,0.986054003238678,0.013945996761322021,0.16700886189937592,True,False,False,False
STRAIN_000774,4,TIGHTBLOCK50,42,1,0.9912112355232239,0.008788764476776123,0.13258026540279388,True,False,False,False
STRAIN_000774,4,TIGHTBLOCK50,142,2,0.9883778691291809,0.011622130870819092,0.1524604856967926,True,False,False,False
STRAIN_000774,4,TIGHTBLOCK50,242,3,0.9868510961532593,0.013148903846740723,0.16216643154621124,True,False,False,False
STRAIN_000774,4,TIGHTBLOCK50,342,4,0.9851325154304504,0.01486748456954956,0.17243848741054535,True,False,False,False
STRAIN_000774,4,TIGHTBLOCK50,442,5,0.9899888634681702,0.010011136531829834,0.1415005475282669,True,False,False,False
STRAIN_000775,4,TIGHTBLOCK50,42,1,0.9914029836654663,0.008597016334533691,0.1311263144016266,True,False,False,False
STRAIN_000775,4,TIGHTBLOCK50,142,2,0.9903793334960938,0.00962066650390625,0.1387135535478592,True,False,False,False
STRAIN_000775,4,TIGHTBLOCK50,242,3,0.9904025793075562,0.009597420692443848,0.1385459452867508,True,False,False,False
STRAIN_000775,4,TIGHTBLOCK50,342,4,0.9919118285179138,0.008088171482086182,0.12718741595745087,True,False,False,False
STRAIN_000775,4,TIGHTBLOCK50,442,5,0.9925478100776672,0.007452189922332764,0.12208359688520432,True,False,False,False
STRAIN_000776,4,TIGHTBLOCK50,42,1,0.9880093932151794,0.011990606784820557,0.15485893189907074,True,False,False,False
STRAIN_000776,4,TIGHTBLOCK50,142,2,0.9902267456054688,0.00977325439453125,0.13980932533740997,True,False,False,False
STRAIN_000776,4,TIGHTBLOCK50,242,3,0.9889764785766602,0.011023521423339844,0.1484820544719696,True,False,False,False
STRAIN_000776,4,TIGHTBLOCK50,342,4,0.9872952699661255,0.012704730033874512,0.15940387547016144,True,False,False,False
STRAIN_000776,4,TIGHTBLOCK50,442,5,0.9918406009674072,0.008159399032592773,0.12774482369422913,True,False,False,False
STRAIN_000783,4,TIGHTBLOCK50,42,1,0.972036600112915,0.02796339988708496,0.23648850619792938,True,False,False,False
STRAIN_000783,4,TIGHTBLOCK50,142,2,0.9740158915519714,0.025984108448028564,0.22796562314033508,True,False,False,False
STRAIN_000783,4,TIGHTBLOCK50,242,3,0.9732316732406616,0.02676832675933838,0.2313799262046814,True,False,False,False
STRAIN_000783,4,TIGHTBLOCK50,342,4,0.9675418138504028,0.03245818614959717,0.2547869086265564,True,False,False,False
STRAIN_000783,4,TIGHTBLOCK50,442,5,0.9680271148681641,0.03197288513183594,0.2528752088546753,True,False,False,False
STRAIN_000788,4,TIGHTBLOCK50,42,1,0.9778047800064087,0.02219521999359131,0.21069064736366272,True,False,False,False
STRAIN_000788,4,TIGHTBLOCK50,142,2,0.9712364673614502,0.028763532638549805,0.2398480474948883,True,False,False,False
STRAIN_000788,4,TIGHTBLOCK50,242,3,0.9743688106536865,0.025631189346313477,0.2264120727777481,True,False,False,False
STRAIN_000788,4,TIGHTBLOCK50,342,4,0.9735389947891235,0.026461005210876465,0.23004770278930664,True,False,False,False
STRAIN_000788,4,TIGHTBLOCK50,442,5,0.9781209826469421,0.02187901735305786,0.2091842144727707,True,False,False,False
STRAIN_000795,4,TIGHTBLOCK50,42,1,0.9861756563186646,0.01382434368133545,0.16627907752990723,True,False,False,False
STRAIN_000795,4,TIGHTBLOCK50,142,2,0.9801141023635864,0.019885897636413574,0.1994291990995407,True,False,False,False
STRAIN_000795,4,TIGHTBLOCK50,242,3,0.9837065935134888,0.01629340648651123,0.18051843345165253,True,False,False,False
STRAIN_000795,4,TIGHTBLOCK50,342,4,0.9855974912643433,0.014402508735656738,0.16971997916698456,True,False,False,False
STRAIN_000795,4,TIGHTBLOCK50,442,5,0.9860666394233704,0.013933360576629639,0.16693343222141266,True,False,False,False
STRAIN_000799,4,TIGHTBLOCK50,42,1,0.9847986698150635,0.015201330184936523,0.17436401546001434,True,False,False,False
STRAIN_000799,4,TIGHTBLOCK50,142,2,0.9816287159919739,0.018371284008026123,0.19168345630168915,True,False,False,False
STRAIN_000799,4,TIGHTBLOCK50,242,3,0.9840877056121826,0.015912294387817383,0.1783946007490158,True,False,False,False
STRAIN_000799,4,TIGHTBLOCK50,342,4,0.9830063581466675,0.01699364185333252,0.18435585498809814,True,False,False,False
STRAIN_000799,4,TIGHTBLOCK50,442,5,0.9862285852432251,0.013771414756774902,0.165960431098938,True,False,False,False
STRAIN_000801,4,TIGHTBLOCK50,42,1,0.9736834168434143,0.026316583156585693,0.22941970825195312,True,False,False,False
STRAIN_000801,4,TIGHTBLOCK50,142,2,0.9719761610031128,0.028023838996887207,0.23674382269382477,True,False,False,False
STRAIN_000801,4,TIGHTBLOCK50,242,3,0.9733859300613403,0.026614069938659668,0.2307126373052597,True,False,False,False
STRAIN_000801,4,TIGHTBLOCK50,342,4,0.9696411490440369,0.030358850955963135,0.24640943109989166,True,False,False,False
STRAIN_000801,4,TIGHTBLOCK50,442,5,0.9717670679092407,0.028232932090759277,0.23762573301792145,True,False,False,False
STRAIN_000804,4,TIGHTBLOCK50,42,1,0.9912430047988892,0.00875699520111084,0.1323407143354416,True,False,False,False
STRAIN_000804,4,TIGHTBLOCK50,142,2,0.9871745109558105,0.012825489044189453,0.1601589471101761,True,False,False,False
STRAIN_000804,4,TIGHTBLOCK50,242,3,0.987675666809082,0.012324333190917969,0.15699903666973114,True,False,False,False
STRAIN_000804,4,TIGHTBLOCK50,342,4,0.9862920641899109,0.013707935810089111,0.16557712852954865,True,False,False,False
STRAIN_000804,4,TIGHTBLOCK50,442,5,0.9874829053878784,0.012517094612121582,0.1582220494747162,True,False,False,False
STRAIN_000805,4,TIGHTBLOCK50,42,1,0.9852806925773621,0.01471930742263794,0.17157720029354095,True,False,False,False
STRAIN_000805,4,TIGHTBLOCK50,142,2,0.9823876619338989,0.017612338066101074,0.18768170475959778,True,False,False,False
STRAIN_000805,4,TIGHTBLOCK50,242,3,0.9835331439971924,0.016466856002807617,0.18147674202919006,True,False,False,False
STRAIN_000805,4,TIGHTBLOCK50,342,4,0.9831870794296265,0.016812920570373535,0.18337291479110718,True,False,False,False
STRAIN_000805,4,TIGHTBLOCK50,442,5,0.9851691722869873,0.014830827713012695,0.17222608625888824,True,False,False,False
STRAIN_000807,4,TIGHTBLOCK50,42,1,0.9813787937164307,0.018621206283569336,0.19298303127288818,True,False,False,False
STRAIN_000807,4,TIGHTBLOCK50,142,2,0.979915201663971,0.020084798336029053,0.20042356848716736,True,False,False,False
STRAIN_000807,4,TIGHTBLOCK50,242,3,0.9837338328361511,0.016266167163848877,0.18036705255508423,True,False,False,False
STRAIN_000807,4,TIGHTBLOCK50,342,4,0.9822529554367065,0.017747044563293457,0.18839876353740692,True,False,False,False
STRAIN_000807,4,TIGHTBLOCK50,442,5,0.9809293746948242,0.01907062530517578,0.19529815018177032,True,False,False,False
STRAIN_000811,4,TIGHTBLOCK50,42,1,0.9851430654525757,0.014856934547424316,0.172376811504364,True,False,False,False
STRAIN_000811,4,TIGHTBLOCK50,142,2,0.9848400354385376,0.015159964561462402,0.17412561178207397,True,False,False,False
STRAIN_000811,4,TIGHTBLOCK50,242,3,0.9850001335144043,0.014999866485595703,0.1732044368982315,True,False,False,False
STRAIN_000811,4,TIGHTBLOCK50,342,4,0.9815751314163208,0.0184248685836792,0.19196271896362305,True,False,False,False
STRAIN_000811,4,TIGHTBLOCK50,442,5,0.9839314818382263,0.01606851816177368,0.17926782369613647,True,False,False,False
STRAIN_000816,4,TIGHTBLOCK50,42,1,0.98204106092453,0.01795893907546997,0.18951943516731262,True,False,False,False
STRAIN_000816,4,TIGHTBLOCK50,142,2,0.9830362200737,0.01696377992630005,0.1841936856508255,True,False,False,False
STRAIN_000816,4,TIGHTBLOCK50,242,3,0.9834514856338501,0.016548514366149902,0.18192559480667114,True,False,False,False
STRAIN_000816,4,TIGHTBLOCK50,342,4,0.9837356805801392,0.01626431941986084,0.1803564727306366,True,False,False,False
STRAIN_000816,4,TIGHTBLOCK50,442,5,0.9842187762260437,0.0157812237739563,0.17765775322914124,True,False,False,False
STRAIN_000819,4,TIGHTBLOCK50,42,1,0.9908337593078613,0.009166240692138672,0.13539722561836243,True,False,False,False
STRAIN_000819,4,TIGHTBLOCK50,142,2,0.9874358177185059,0.01256418228149414,0.15851952135562897,True,False,False,False
STRAIN_000819,4,TIGHTBLOCK50,242,3,0.9867362380027771,0.0132637619972229,0.1628730446100235,True,False,False,False
STRAIN_000819,4,TIGHTBLOCK50,342,4,0.9898420572280884,0.010157942771911621,0.1425338238477707,True,False,False,False
STRAIN_000819,4,TIGHTBLOCK50,442,5,0.9851623773574829,0.01483762264251709,0.1722654104232788,True,False,False,False
STRAIN_000821,4,TIGHTBLOCK50,42,1,0.9844120144844055,0.015587985515594482,0.17656755447387695,True,False,False,False
STRAIN_000821,4,TIGHTBLOCK50,142,2,0.983405590057373,0.016594409942626953,0.18217816948890686,True,False,False,False
STRAIN_000821,4,TIGHTBLOCK50,242,3,0.9827465415000916,0.017253458499908447,0.18576043844223022,True,False,False,False
STRAIN_000821,4,TIGHTBLOCK50,342,4,0.983851432800293,0.01614856719970703,0.1797141283750534,True,False,False,False
STRAIN_000821,4,TIGHTBLOCK50,442,5,0.9824745655059814,0.017525434494018555,0.1872192919254303,True,False,False,False
STRAIN_000823,4,TIGHTBLOCK50,42,1,0.9903730154037476,0.009626984596252441,0.13875852525234222,True,False,False,False
STRAIN_000823,4,TIGHTBLOCK50,142,2,0.9933930039405823,0.006606996059417725,0.11495254933834076,True,False,False,False
STRAIN_000823,4,TIGHTBLOCK50,242,3,0.9903225302696228,0.009677469730377197,0.13912197947502136,True,False,False,False
STRAIN_000823,4,TIGHTBLOCK50,342,4,0.9858695864677429,0.01413041353225708,0.1681094765663147,True,False,False,False
STRAIN_000823,4,TIGHTBLOCK50,442,5,0.9934772253036499,0.006522774696350098,0.11421694606542587,True,False,False,False
STRAIN_000824,4,TIGHTBLOCK50,42,1,0.9873567223548889,0.012643277645111084,0.15901696681976318,True,False,False,False
STRAIN_000824,4,TIGHTBLOCK50,142,2,0.9910755753517151,0.008924424648284912,0.1335994005203247,True,False,False,False
STRAIN_000824,4,TIGHTBLOCK50,242,3,0.9918345212936401,0.008165478706359863,0.12779264152050018,True,False,False,False
STRAIN_000824,4,TIGHTBLOCK50,342,4,0.9883551597595215,0.011644840240478516,0.15260915458202362,True,False,False,False
STRAIN_000824,4,TIGHTBLOCK50,442,5,0.9899546504020691,0.010045349597930908,0.14174115657806396,True,False,False,False
STRAIN_000831,4,TIGHTBLOCK50,42,1,0.9893836975097656,0.010616302490234375,0.14571425318717957,True,False,False,False
STRAIN_000831,4,TIGHTBLOCK50,142,2,0.9851541519165039,0.014845848083496094,0.17231258749961853,True,False,False,False
STRAIN_000831,4,TIGHTBLOCK50,242,3,0.9871217608451843,0.012878239154815674,0.16048794984817505,True,False,False,False
STRAIN_000831,4,TIGHTBLOCK50,342,4,0.9888525009155273,0.011147499084472656,0.14931514859199524,True,False,False,False
STRAIN_000831,4,TIGHTBLOCK50,442,5,0.9832695126533508,0.01673048734664917,0.18292324244976044,True,False,False,False
STRAIN_000839,4,TIGHTBLOCK50,42,1,0.9826682209968567,0.01733177900314331,0.18618132174015045,True,False,False,False
STRAIN_000839,4,TIGHTBLOCK50,142,2,0.9823158979415894,0.017684102058410645,0.1880643665790558,True,False,False,False
STRAIN_000839,4,TIGHTBLOCK50,242,3,0.9803552627563477,0.019644737243652344,0.19821611046791077,True,False,False,False
STRAIN_000839,4,TIGHTBLOCK50,342,4,0.9805479049682617,0.01945209503173828,0.19724147021770477,True,False,False,False
STRAIN_000839,4,TIGHTBLOCK50,442,5,0.9826728105545044,0.017327189445495605,0.1861569732427597,True,False,False,False
STRAIN_000840,4,TIGHTBLOCK50,42,1,0.9820055961608887,0.017994403839111328,0.189707413315773,True,False,False,False
STRAIN_000840,4,TIGHTBLOCK50,142,2,0.9846351146697998,0.015364885330200195,0.1752990335226059,True,False,False,False
STRAIN_000840,4,TIGHTBLOCK50,242,3,0.9838460683822632,0.016153931617736816,0.17974385619163513,True,False,False,False
STRAIN_000840,4,TIGHTBLOCK50,342,4,0.9830029010772705,0.016997098922729492,0.18437489867210388,True,False,False,False
STRAIN_000840,4,TIGHTBLOCK50,442,5,0.9837668538093567,0.01623314619064331,0.18018418550491333,True,False,False,False
STRAIN_000845,4,TIGHTBLOCK50,42,1,0.9664750695228577,0.033524930477142334,0.25893980264663696,True,False,False,False
STRAIN_000845,4,TIGHTBLOCK50,142,2,0.9678655862808228,0.032134413719177246,0.2535126507282257,True,False,False,False
STRAIN_000845,4,TIGHTBLOCK50,242,3,0.9636099934577942,0.03639000654220581,0.26977765560150146,True,False,False,False
STRAIN_000845,4,TIGHTBLOCK50,342,4,0.966792106628418,0.03320789337158203,0.2577129006385803,True,False,False,False
STRAIN_000845,4,TIGHTBLOCK50,442,5,0.9641561508178711,0.035843849182128906,0.2677456736564636,True,False,False,False
STRAIN_000847,4,TIGHTBLOCK50,42,1,0.9870872497558594,0.012912750244140625,0.16070342063903809,True,False,False,False
STRAIN_000847,4,TIGHTBLOCK50,142,2,0.9887557625770569,0.011244237422943115,0.14996159076690674,True,False,False,False
STRAIN_000847,4,TIGHTBLOCK50,242,3,0.9879090785980225,0.012090921401977539,0.15550515055656433,True,False,False,False
STRAIN_000847,4,TIGHTBLOCK50,342,4,0.9859100580215454,0.01408994197845459,0.16786856949329376,True,False,False,False
STRAIN_000847,4,TIGHTBLOCK50,442,5,0.9865942001342773,0.013405799865722656,0.16374288499355316,True,False,False,False
STRAIN_000851,4,TIGHTBLOCK50,42,1,0.973842978477478,0.026157021522521973,0.22872260212898254,True,False,False,False
STRAIN_000851,4,TIGHTBLOCK50,142,2,0.9782093167304993,0.021790683269500732,0.20876142382621765,True,False,False,False
STRAIN_000851,4,TIGHTBLOCK50,242,3,0.969810962677002,0.030189037322998047,0.24571940302848816,True,False,False,False
STRAIN_000851,4,TIGHTBLOCK50,342,4,0.9773675203323364,0.022632479667663574,0.21275585889816284,True,False,False,False
STRAIN_000851,4,TIGHTBLOCK50,442,5,0.971066951751709,0.028933048248291016,0.2405535876750946,True,False,False,False
STRAIN_000853,4,TIGHTBLOCK50,42,1,0.9892892837524414,0.010710716247558594,0.14636056125164032,True,False,False,False
STRAIN_000853,4,TIGHTBLOCK50,142,2,0.9855191707611084,0.014480829238891602,0.17018121480941772,True,False,False,False
STRAIN_000853,4,TIGHTBLOCK50,242,3,0.9870232343673706,0.012976765632629395,0.16110022366046906,True,False,False,False
STRAIN_000853,4,TIGHTBLOCK50,342,4,0.9889301061630249,0.011069893836975098,0.1487937718629837,True,False,False,False
STRAIN_000853,4,TIGHTBLOCK50,442,5,0.9882103204727173,0.011789679527282715,0.1535550206899643,True,False,False,False
STRAIN_000866,4,TIGHTBLOCK50,42,1,0.9770409464836121,0.02295905351638794,0.21428483724594116,True,False,False,False
STRAIN_000866,4,TIGHTBLOCK50,142,2,0.9705086350440979,0.0294913649559021,0.24286383390426636,True,False,False,False
STRAIN_000866,4,TIGHTBLOCK50,242,3,0.9710983037948608,0.02890169620513916,0.2404235452413559,True,False,False,False
STRAIN_000866,4,TIGHTBLOCK50,342,4,0.9708134531974792,0.029186546802520752,0.24160520732402802,True,False,False,False
STRAIN_000866,4,TIGHTBLOCK50,442,5,0.9699450135231018,0.030054986476898193,0.24517318606376648,True,False,False,False
STRAIN_000867,4,TIGHTBLOCK50,42,1,0.9809310436248779,0.01906895637512207,0.1952889859676361,True,False,False,False
STRAIN_000867,4,TIGHTBLOCK50,142,2,0.980109691619873,0.019890308380126953,0.19944995641708374,True,False,False,False
STRAIN_000867,4,TIGHTBLOCK50,242,3,0.9812197685241699,0.018780231475830078,0.19380521774291992,True,False,False,False
STRAIN_000867,4,TIGHTBLOCK50,342,4,0.9814751744270325,0.01852482557296753,0.1924828737974167,True,False,False,False
STRAIN_000867,4,TIGHTBLOCK50,442,5,0.9806450605392456,0.019354939460754395,0.19674815237522125,True,False,False,False
STRAIN_000878,4,TIGHTBLOCK50,42,1,0.9812808036804199,0.018719196319580078,0.19349034130573273,True,False,False,False
STRAIN_000878,4,TIGHTBLOCK50,142,2,0.9822303056716919,0.017769694328308105,0.18851904571056366,True,False,False,False
STRAIN_000878,4,TIGHTBLOCK50,242,3,0.9847389459609985,0.015261054039001465,0.17470552027225494,True,False,False,False
STRAIN_000878,4,TIGHTBLOCK50,342,4,0.9843034744262695,0.01569652557373047,0.17718051373958588,True,False,False,False
STRAIN_000878,4,TIGHTBLOCK50,442,5,0.9846149682998657,0.015385031700134277,0.17541372776031494,True,False,False,False
STRAIN_000886,4,TIGHTBLOCK50,42,1,0.9832742214202881,0.016725778579711914,0.18289770185947418,True,False,False,False
STRAIN_000886,4,TIGHTBLOCK50,142,2,0.9865635633468628,0.013436436653137207,0.16392940282821655,True,False,False,False
STRAIN_000886,4,TIGHTBLOCK50,242,3,0.9839827418327332,0.016017258167266846,0.17898167669773102,True,False,False,False
STRAIN_000886,4,TIGHTBLOCK50,342,4,0.9849314093589783,0.015068590641021729,0.173600435256958,True,False,False,False
STRAIN_000886,4,TIGHTBLOCK50,442,5,0.9841041564941406,0.015895843505859375,0.17830215394496918,True,False,False,False
STRAIN_000894,4,TIGHTBLOCK50,42,1,0.9706360697746277,0.029363930225372314,0.24233824014663696,True,False,False,False
STRAIN_000894,4,TIGHTBLOCK50,142,2,0.9737730026245117,0.02622699737548828,0.22902821004390717,True,False,False,False
STRAIN_000894,4,TIGHTBLOCK50,242,3,0.9718207716941833,0.02817922830581665,0.23739945888519287,True,False,False,False
STRAIN_000894,4,TIGHTBLOCK50,342,4,0.9815031290054321,0.01849687099456787,0.19233696162700653,True,False,False,False
STRAIN_000894,4,TIGHTBLOCK50,442,5,0.9690994620323181,0.030900537967681885,0.24859823286533356,True,False,False,False
STRAIN_000908,4,TIGHTBLOCK50,42,1,0.9897276163101196,0.010272383689880371,0.1433340609073639,True,False,False,False
STRAIN_000908,4,TIGHTBLOCK50,142,2,0.991368293762207,0.008631706237792969,0.13139042258262634,True,False,False,False
STRAIN_000908,4,TIGHTBLOCK50,242,3,0.9878530502319336,0.012146949768066406,0.15586493909358978,True,False,False,False
STRAIN_000908,4,TIGHTBLOCK50,342,4,0.9896470308303833,0.0103529691696167,0.14389576017856598,True,False,False,False
STRAIN_000908,4,TIGHTBLOCK50,442,5,0.9904893636703491,0.009510636329650879,0.13791747391223907,True,False,False,False
STRAIN_000912,4,TIGHTBLOCK50,42,1,0.9845158457756042,0.015484154224395752,0.17597806453704834,True,False,False,False
STRAIN_000912,4,TIGHTBLOCK50,142,2,0.9842039942741394,0.015796005725860596,0.17774157226085663,True,False,False,False
STRAIN_000912,4,TIGHTBLOCK50,242,3,0.9827708005905151,0.017229199409484863,0.18562959134578705,True,False,False,False
STRAIN_000912,4,TIGHTBLOCK50,342,4,0.9822959303855896,0.0177040696144104,0.18817083537578583,True,False,False,False
STRAIN_000912,4,TIGHTBLOCK50,442,5,0.9829758405685425,0.01702415943145752,0.18452128767967224,True,False,False,False
STRAIN_000915,4,TIGHTBLOCK50,42,1,0.9826123714447021,0.01738762855529785,0.18648089468479156,True,False,False,False
STRAIN_000915,4,TIGHTBLOCK50,142,2,0.9813320636749268,0.018667936325073242,0.19322453439235687,True,False,False,False
STRAIN_000915,4,TIGHTBLOCK50,242,3,0.9820215106010437,0.0179784893989563,0.18962335586547852,True,False,False,False
STRAIN_000915,4,TIGHTBLOCK50,342,4,0.9826722145080566,0.01732778549194336,0.18616001307964325,True,False,False,False
STRAIN_000915,4,TIGHTBLOCK50,442,5,0.9823275804519653,0.017672419548034668,0.18800212442874908,True,False,False,False
STRAIN_000917,4,TIGHTBLOCK50,42,1,0.9837297201156616,0.01627027988433838,0.18039055168628693,True,False,False,False
STRAIN_000917,4,TIGHTBLOCK50,142,2,0.982903242111206,0.017096757888793945,0.18491481244564056,True,False,False,False
STRAIN_000917,4,TIGHTBLOCK50,242,3,0.9853041172027588,0.014695882797241211,0.17144007980823517,True,False,False,False
STRAIN_000917,4,TIGHTBLOCK50,342,4,0.9869803190231323,0.013019680976867676,0.1613669991493225,True,False,False,False
STRAIN_000917,4,TIGHTBLOCK50,442,5,0.9830977320671082,0.016902267932891846,0.18386004865169525,True,False,False,False
STRAIN_000918,4,TIGHTBLOCK50,42,1,0.9843000173568726,0.01569998264312744,0.1772005558013916,True,False,False,False
STRAIN_000918,4,TIGHTBLOCK50,142,2,0.9883387088775635,0.011661291122436523,0.15271688997745514,True,False,False,False
STRAIN_000918,4,TIGHTBLOCK50,242,3,0.9876723885536194,0.012327611446380615,0.1570195108652115,True,False,False,False
STRAIN_000918,4,TIGHTBLOCK50,342,4,0.9869552254676819,0.013044774532318115,0.161522775888443,True,False,False,False
STRAIN_000918,4,TIGHTBLOCK50,442,5,0.9855680465698242,0.014431953430175781,0.1698937863111496,True,False,False,False
STRAIN_000919,4,TIGHTBLOCK50,42,1,0.9884141087532043,0.011585891246795654,0.15222260355949402,True,False,False,False
STRAIN_000919,4,TIGHTBLOCK50,142,2,0.9892111420631409,0.01078885793685913,0.1468934714794159,True,False,False,False
STRAIN_000919,4,TIGHTBLOCK50,242,3,0.9905660152435303,0.009433984756469727,0.13736073672771454,True,False,False,False
STRAIN_000919,4,TIGHTBLOCK50,342,4,0.9881241321563721,0.01187586784362793,0.15411540865898132,True,False,False,False
STRAIN_000919,4,TIGHTBLOCK50,442,5,0.9895260334014893,0.010473966598510742,0.14473330974578857,True,False,False,False
STRAIN_000921,4,TIGHTBLOCK50,42,1,0.9792665243148804,0.02073347568511963,0.20363450050354004,True,False,False,False
STRAIN_000921,4,TIGHTBLOCK50,142,2,0.9833813905715942,0.01661860942840576,0.18231099843978882,True,False,False,False
STRAIN_000921,4,TIGHTBLOCK50,242,3,0.9805558919906616,0.01944410800933838,0.1972011923789978,True,False,False,False
STRAIN_000921,4,TIGHTBLOCK50,342,4,0.9832637310028076,0.016736268997192383,0.18295466899871826,True,False,False,False
STRAIN_000921,4,TIGHTBLOCK50,442,5,0.9850075840950012,0.01499241590499878,0.17316149175167084,True,False,False,False
STRAIN_000923,4,TIGHTBLOCK50,42,1,0.9928771257400513,0.0071228742599487305,0.11935535818338394,True,False,False,False
STRAIN_000923,4,TIGHTBLOCK50,142,2,0.9937179088592529,0.00628209114074707,0.11209001392126083,True,False,False,False
STRAIN_000923,4,TIGHTBLOCK50,242,3,0.9931381940841675,0.0068618059158325195,0.11714773625135422,True,False,False,False
STRAIN_000923,4,TIGHTBLOCK50,342,4,0.9927043914794922,0.0072956085205078125,0.12079361081123352,True,False,False,False
STRAIN_000923,4,TIGHTBLOCK50,442,5,0.9913380146026611,0.008661985397338867,0.1316196769475937,True,False,False,False
STRAIN_000929,4,TIGHTBLOCK50,42,1,0.9859626293182373,0.014037370681762695,0.16755525767803192,True,False,False,False
STRAIN_000929,4,TIGHTBLOCK50,142,2,0.9857380390167236,0.014261960983276367,0.1688900887966156,True,False,False,False
STRAIN_000929,4,TIGHTBLOCK50,242,3,0.9912792444229126,0.008720755577087402,0.13206598162651062,True,False,False,False
STRAIN_000929,4,TIGHTBLOCK50,342,4,0.9889051914215088,0.011094808578491211,0.14896172285079956,True,False,False,False
STRAIN_000929,4,TIGHTBLOCK50,442,5,0.9899297952651978,0.010070204734802246,0.14191675186157227,True,False,False,False
STRAIN_000953,4,TIGHTBLOCK50,42,1,0.9775882363319397,0.022411763668060303,0.2117159366607666,True,False,False,False
STRAIN_000953,4,TIGHTBLOCK50,142,2,0.9809551239013672,0.019044876098632812,0.19516651332378387,True,False,False,False
STRAIN_000953,4,TIGHTBLOCK50,242,3,0.9818340539932251,0.018165946006774902,0.1906096488237381,True,False,False,False
STRAIN_000953,4,TIGHTBLOCK50,342,4,0.9846577048301697,0.015342295169830322,0.17517054080963135,True,False,False,False
STRAIN_000953,4,TIGHTBLOCK50,442,5,0.9838684797286987,0.01613152027130127,0.17961940169334412,True,False,False,False
STRAIN_000985,4,TIGHTBLOCK50,42,1,0.9807618856430054,0.01923811435699463,0.19615323841571808,True,False,False,False
STRAIN_000985,4,TIGHTBLOCK50,142,2,0.9824380874633789,0.017561912536621094,0.18741275370121002,True,False,False,False
STRAIN_000985,4,TIGHTBLOCK50,242,3,0.9812828302383423,0.018717169761657715,0.19347889721393585,True,False,False,False
STRAIN_000985,4,TIGHTBLOCK50,342,4,0.9806508421897888,0.01934915781021118,0.19671878218650818,True,False,False,False
STRAIN_000985,4,TIGHTBLOCK50,442,5,0.9803807735443115,0.019619226455688477,0.19808703660964966,True,False,False,False
STRAIN_001009,4,TIGHTBLOCK50,42,1,0.9833014607429504,0.01669853925704956,0.18274818360805511,True,False,False,False
STRAIN_001009,4,TIGHTBLOCK50,142,2,0.9845284223556519,0.015471577644348145,0.17590691149234772,True,False,False,False
STRAIN_001009,4,TIGHTBLOCK50,242,3,0.9797105193138123,0.020289480686187744,0.20144209265708923,True,False,False,False
STRAIN_001009,4,TIGHTBLOCK50,342,4,0.9838907122612,0.01610928773880005,0.1794952154159546,True,False,False,False
STRAIN_001009,4,TIGHTBLOCK50,442,5,0.9836168885231018,0.016383111476898193,0.18101467192173004,True,False,False,False
