strain_entity_id,outer_fold,control_type,seed,replicate,cosine_TRUE_control,embedding_displacement,l2_distance,fold_matched_lineage95_encoder,phenotype_labels_used,encoder_retrained,encoder_finetuned
STRAIN_000004,4,LOCAL_W10,42,1,0.957757294178009,0.04224270582199097,0.29066359996795654,True,False,False,False
STRAIN_000004,4,LOCAL_W10,142,2,0.9552674293518066,0.04473257064819336,0.29910725355148315,True,False,False,False
STRAIN_000004,4,LOCAL_W10,242,3,0.9504703283309937,0.04952967166900635,0.314736932516098,True,False,False,False
STRAIN_000004,4,LOCAL_W10,342,4,0.9483625888824463,0.05163741111755371,0.3213639557361603,True,False,False,False
STRAIN_000004,4,LOCAL_W10,442,5,0.9565829038619995,0.04341709613800049,0.29467660188674927,True,False,False,False
STRAIN_000005,4,LOCAL_W10,42,1,0.9388697147369385,0.06113028526306152,0.34965774416923523,True,False,False,False
STRAIN_000005,4,LOCAL_W10,142,2,0.967247724533081,0.032752275466918945,0.2559387981891632,True,False,False,False
STRAIN_000005,4,LOCAL_W10,242,3,0.953112006187439,0.046887993812561035,0.30622875690460205,True,False,False,False
STRAIN_000005,4,LOCAL_W10,342,4,0.9562965631484985,0.043703436851501465,0.2956467568874359,True,False,False,False
STRAIN_000005,4,LOCAL_W10,442,5,0.9676558971405029,0.03234410285949707,0.2543388307094574,True,False,False,False
STRAIN_000006,4,LOCAL_W10,42,1,0.9613965749740601,0.03860342502593994,0.27786093950271606,True,False,False,False
STRAIN_000006,4,LOCAL_W10,142,2,0.9445973634719849,0.05540263652801514,0.3328742980957031,True,False,False,False
STRAIN_000006,4,LOCAL_W10,242,3,0.9612715244293213,0.03872847557067871,0.27831074595451355,True,False,False,False
STRAIN_000006,4,LOCAL_W10,342,4,0.9504618644714355,0.04953813552856445,0.31476372480392456,True,False,False,False
STRAIN_000006,4,LOCAL_W10,442,5,0.9491348266601562,0.05086517333984375,0.318951815366745,True,False,False,False
STRAIN_000024,4,LOCAL_W10,42,1,0.9552197456359863,0.04478025436401367,0.2992667555809021,True,False,False,False
STRAIN_000024,4,LOCAL_W10,142,2,0.9574156403541565,0.042584359645843506,0.2918367385864258,True,False,False,False
STRAIN_000024,4,LOCAL_W10,242,3,0.9573203921318054,0.04267960786819458,0.2921628952026367,True,False,False,False
STRAIN_000024,4,LOCAL_W10,342,4,0.9457536935806274,0.05424630641937256,0.32938212156295776,True,False,False,False
STRAIN_000024,4,LOCAL_W10,442,5,0.9496901035308838,0.05030989646911621,0.3172064423561096,True,False,False,False
STRAIN_000109,4,LOCAL_W10,42,1,0.9448902606964111,0.05510973930358887,0.331993043422699,True,False,False,False
STRAIN_000109,4,LOCAL_W10,142,2,0.9366322755813599,0.06336772441864014,0.35599932074546814,True,False,False,False
STRAIN_000109,4,LOCAL_W10,242,3,0.9338291883468628,0.06617081165313721,0.363787978887558,True,False,False,False
STRAIN_000109,4,LOCAL_W10,342,4,0.943212628364563,0.05678737163543701,0.33700838685035706,True,False,False,False
STRAIN_000109,4,LOCAL_W10,442,5,0.9426599740982056,0.057340025901794434,0.33864423632621765,True,False,False,False
STRAIN_000114,4,LOCAL_W10,42,1,0.9245443344116211,0.0754556655883789,0.38847312331199646,True,False,False,False
STRAIN_000114,4,LOCAL_W10,142,2,0.9299720525741577,0.07002794742584229,0.3742403984069824,True,False,False,False
STRAIN_000114,4,LOCAL_W10,242,3,0.9296890497207642,0.07031095027923584,0.37499579787254333,True,False,False,False
STRAIN_000114,4,LOCAL_W10,342,4,0.9283945560455322,0.07160544395446777,0.3784322142601013,True,False,False,False
STRAIN_000114,4,LOCAL_W10,442,5,0.9310272932052612,0.06897270679473877,0.37141019105911255,True,False,False,False
STRAIN_000115,4,LOCAL_W10,42,1,0.927214503288269,0.07278549671173096,0.3815375566482544,True,False,False,False
STRAIN_000115,4,LOCAL_W10,142,2,0.9356202483177185,0.0643797516822815,0.35883083939552307,True,False,False,False
STRAIN_000115,4,LOCAL_W10,242,3,0.9357405304908752,0.06425946950912476,0.3584953844547272,True,False,False,False
STRAIN_000115,4,LOCAL_W10,342,4,0.9182338118553162,0.08176618814468384,0.40439122915267944,True,False,False,False
STRAIN_000115,4,LOCAL_W10,442,5,0.9313253164291382,0.06867468357086182,0.37060683965682983,True,False,False,False
STRAIN_000117,4,LOCAL_W10,42,1,0.9810761213302612,0.01892387866973877,0.19454504549503326,True,False,False,False
STRAIN_000117,4,LOCAL_W10,142,2,0.9819149374961853,0.018085062503814697,0.19018442928791046,True,False,False,False
STRAIN_000117,4,LOCAL_W10,242,3,0.9800127744674683,0.01998722553253174,0.19993557035923004,True,False,False,False
STRAIN_000117,4,LOCAL_W10,342,4,0.9806491732597351,0.019350826740264893,0.19672685861587524,True,False,False,False
STRAIN_000117,4,LOCAL_W10,442,5,0.979905903339386,0.020094096660614014,0.20046955347061157,True,False,False,False
STRAIN_000118,4,LOCAL_W10,42,1,0.9469376802444458,0.0530623197555542,0.3257681429386139,True,False,False,False
STRAIN_000118,4,LOCAL_W10,142,2,0.9441260099411011,0.055873990058898926,0.3342873156070709,True,False,False,False
STRAIN_000118,4,LOCAL_W10,242,3,0.9468798637390137,0.05312013626098633,0.3259452283382416,True,False,False,False
STRAIN_000118,4,LOCAL_W10,342,4,0.9484430551528931,0.051556944847106934,0.3211134672164917,True,False,False,False
STRAIN_000118,4,LOCAL_W10,442,5,0.9438537359237671,0.05614626407623291,0.33510076999664307,True,False,False,False
STRAIN_000123,4,LOCAL_W10,42,1,0.9384176731109619,0.061582326889038086,0.35094812512397766,True,False,False,False
STRAIN_000123,4,LOCAL_W10,142,2,0.9445069432258606,0.055493056774139404,0.3331458270549774,True,False,False,False
STRAIN_000123,4,LOCAL_W10,242,3,0.9335285425186157,0.06647145748138428,0.36461326479911804,True,False,False,False
STRAIN_000123,4,LOCAL_W10,342,4,0.9333720207214355,0.06662797927856445,0.3650423586368561,True,False,False,False
STRAIN_000123,4,LOCAL_W10,442,5,0.9406741261482239,0.05932587385177612,0.344458669424057,True,False,False,False
STRAIN_000125,4,LOCAL_W10,42,1,0.9396458864212036,0.06035411357879639,0.34743058681488037,True,False,False,False
STRAIN_000125,4,LOCAL_W10,142,2,0.9439468383789062,0.05605316162109375,0.3348229229450226,True,False,False,False
STRAIN_000125,4,LOCAL_W10,242,3,0.9389340281486511,0.06106597185134888,0.34947362542152405,True,False,False,False
STRAIN_000125,4,LOCAL_W10,342,4,0.9380152225494385,0.06198477745056152,0.3520931601524353,True,False,False,False
STRAIN_000125,4,LOCAL_W10,442,5,0.933962345123291,0.06603765487670898,0.3634216785430908,True,False,False,False
STRAIN_000132,4,LOCAL_W10,42,1,0.9456989169120789,0.05430108308792114,0.3295482397079468,True,False,False,False
STRAIN_000132,4,LOCAL_W10,142,2,0.9402172565460205,0.05978274345397949,0.34578225016593933,True,False,False,False
STRAIN_000132,4,LOCAL_W10,242,3,0.9349113702774048,0.06508862972259521,0.3608008921146393,True,False,False,False
STRAIN_000132,4,LOCAL_W10,342,4,0.9451770782470703,0.05482292175292969,0.33112776279449463,True,False,False,False
STRAIN_000132,4,LOCAL_W10,442,5,0.9374563694000244,0.06254363059997559,0.35367682576179504,True,False,False,False
STRAIN_000133,4,LOCAL_W10,42,1,0.9807313680648804,0.01926863193511963,0.19630926847457886,True,False,False,False
STRAIN_000133,4,LOCAL_W10,142,2,0.9797857999801636,0.020214200019836426,0.20106865465641022,True,False,False,False
STRAIN_000133,4,LOCAL_W10,242,3,0.9818472862243652,0.018152713775634766,0.1905401051044464,True,False,False,False
STRAIN_000133,4,LOCAL_W10,342,4,0.9805901050567627,0.019409894943237305,0.19702790677547455,True,False,False,False
STRAIN_000133,4,LOCAL_W10,442,5,0.9838082790374756,0.016191720962524414,0.17995409667491913,True,False,False,False
STRAIN_000143,4,LOCAL_W10,42,1,0.9475486874580383,0.05245131254196167,0.3238866925239563,True,False,False,False
STRAIN_000143,4,LOCAL_W10,142,2,0.9452075958251953,0.05479240417480469,0.3310357332229614,True,False,False,False
STRAIN_000143,4,LOCAL_W10,242,3,0.9537280797958374,0.0462719202041626,0.30421000719070435,True,False,False,False
STRAIN_000143,4,LOCAL_W10,342,4,0.9434959292411804,0.05650407075881958,0.33616673946380615,True,False,False,False
STRAIN_000143,4,LOCAL_W10,442,5,0.9554399251937866,0.04456007480621338,0.29852986335754395,True,False,False,False
STRAIN_000149,4,LOCAL_W10,42,1,0.9486621618270874,0.0513378381729126,0.32043030858039856,True,False,False,False
STRAIN_000149,4,LOCAL_W10,142,2,0.9448530673980713,0.05514693260192871,0.3321051001548767,True,False,False,False
STRAIN_000149,4,LOCAL_W10,242,3,0.946438729763031,0.053561270236968994,0.3272956609725952,True,False,False,False
STRAIN_000149,4,LOCAL_W10,342,4,0.9550074338912964,0.04499256610870361,0.29997488856315613,True,False,False,False
STRAIN_000149,4,LOCAL_W10,442,5,0.9457374811172485,0.054262518882751465,0.3294311463832855,True,False,False,False
STRAIN_000154,4,LOCAL_W10,42,1,0.9585654139518738,0.04143458604812622,0.287869930267334,True,False,False,False
STRAIN_000154,4,LOCAL_W10,142,2,0.9539631605148315,0.04603683948516846,0.30343618988990784,True,False,False,False
STRAIN_000154,4,LOCAL_W10,242,3,0.950444221496582,0.04955577850341797,0.31481972336769104,True,False,False,False
STRAIN_000154,4,LOCAL_W10,342,4,0.9558722972869873,0.044127702713012695,0.2970781624317169,True,False,False,False
STRAIN_000154,4,LOCAL_W10,442,5,0.9635361433029175,0.03646385669708252,0.27005118131637573,True,False,False,False
STRAIN_000161,4,LOCAL_W10,42,1,0.9505700469017029,0.04942995309829712,0.3144201934337616,True,False,False,False
STRAIN_000161,4,LOCAL_W10,142,2,0.9378367066383362,0.06216329336166382,0.3525998592376709,True,False,False,False
STRAIN_000161,4,LOCAL_W10,242,3,0.9491778612136841,0.05082213878631592,0.3188170790672302,True,False,False,False
STRAIN_000161,4,LOCAL_W10,342,4,0.945349931716919,0.054650068283081055,0.33060577511787415,True,False,False,False
STRAIN_000161,4,LOCAL_W10,442,5,0.9458999633789062,0.05410003662109375,0.3289381265640259,True,False,False,False
STRAIN_000163,4,LOCAL_W10,42,1,0.9477674961090088,0.05223250389099121,0.32321032881736755,True,False,False,False
STRAIN_000163,4,LOCAL_W10,142,2,0.9443937540054321,0.05560624599456787,0.3334852159023285,True,False,False,False
STRAIN_000163,4,LOCAL_W10,242,3,0.9484308958053589,0.05156910419464111,0.3211512267589569,True,False,False,False
STRAIN_000163,4,LOCAL_W10,342,4,0.9437941908836365,0.056205809116363525,0.33527839183807373,True,False,False,False
STRAIN_000163,4,LOCAL_W10,442,5,0.9434196352958679,0.05658036470413208,0.33639341592788696,True,False,False,False
STRAIN_000164,4,LOCAL_W10,42,1,0.9610610604286194,0.038938939571380615,0.2790657579898834,True,False,False,False
STRAIN_000164,4,LOCAL_W10,142,2,0.9599225521087646,0.04007744789123535,0.2831162214279175,True,False,False,False
STRAIN_000164,4,LOCAL_W10,242,3,0.9645874500274658,0.03541254997253418,0.26612985134124756,True,False,False,False
STRAIN_000164,4,LOCAL_W10,342,4,0.9623681306838989,0.037631869316101074,0.2743421196937561,True,False,False,False
STRAIN_000164,4,LOCAL_W10,442,5,0.9609167575836182,0.039083242416381836,0.27958235144615173,True,False,False,False
STRAIN_000167,4,LOCAL_W10,42,1,0.9453448057174683,0.05465519428253174,0.33062124252319336,True,False,False,False
STRAIN_000167,4,LOCAL_W10,142,2,0.9388814568519592,0.06111854314804077,0.3496241569519043,True,False,False,False
STRAIN_000167,4,LOCAL_W10,242,3,0.9514352083206177,0.048564791679382324,0.3116562068462372,True,False,False,False
STRAIN_000167,4,LOCAL_W10,342,4,0.951134443283081,0.048865556716918945,0.31261971592903137,True,False,False,False
STRAIN_000167,4,LOCAL_W10,442,5,0.9417539238929749,0.058246076107025146,0.34130924940109253,True,False,False,False
STRAIN_000168,4,LOCAL_W10,42,1,0.937498927116394,0.06250107288360596,0.3535563051700592,True,False,False,False
STRAIN_000168,4,LOCAL_W10,142,2,0.9381028413772583,0.0618971586227417,0.35184401273727417,True,False,False,False
STRAIN_000168,4,LOCAL_W10,242,3,0.934406042098999,0.06559395790100098,0.3621988892555237,True,False,False,False
STRAIN_000168,4,LOCAL_W10,342,4,0.9393627643585205,0.06063723564147949,0.34824466705322266,True,False,False,False
STRAIN_000168,4,LOCAL_W10,442,5,0.9339963793754578,0.06600362062454224,0.3633277714252472,True,False,False,False
STRAIN_000175,4,LOCAL_W10,42,1,0.943958044052124,0.05604195594787598,0.33478954434394836,True,False,False,False
STRAIN_000175,4,LOCAL_W10,142,2,0.9454556703567505,0.05454432964324951,0.3302859961986542,True,False,False,False
STRAIN_000175,4,LOCAL_W10,242,3,0.9472989439964294,0.05270105600357056,0.32465681433677673,True,False,False,False
STRAIN_000175,4,LOCAL_W10,342,4,0.948265790939331,0.051734209060668945,0.3216649889945984,True,False,False,False
STRAIN_000175,4,LOCAL_W10,442,5,0.951265811920166,0.048734188079833984,0.31219929456710815,True,False,False,False
STRAIN_000178,4,LOCAL_W10,42,1,0.9527575969696045,0.04724240303039551,0.30738386511802673,True,False,False,False
STRAIN_000178,4,LOCAL_W10,142,2,0.9447034001350403,0.05529659986495972,0.3325555920600891,True,False,False,False
STRAIN_000178,4,LOCAL_W10,242,3,0.9484509229660034,0.05154907703399658,0.32108908891677856,True,False,False,False
STRAIN_000178,4,LOCAL_W10,342,4,0.9506548643112183,0.04934513568878174,0.3141500949859619,True,False,False,False
STRAIN_000178,4,LOCAL_W10,442,5,0.9578386545181274,0.04216134548187256,0.29038387537002563,True,False,False,False
STRAIN_000184,4,LOCAL_W10,42,1,0.9234170913696289,0.0765829086303711,0.39136412739753723,True,False,False,False
STRAIN_000184,4,LOCAL_W10,142,2,0.9414998292922974,0.05850017070770264,0.34205320477485657,True,False,False,False
STRAIN_000184,4,LOCAL_W10,242,3,0.9301990866661072,0.06980091333389282,0.3736332654953003,True,False,False,False
STRAIN_000184,4,LOCAL_W10,342,4,0.9384174346923828,0.06158256530761719,0.35094889998435974,True,False,False,False
STRAIN_000184,4,LOCAL_W10,442,5,0.9182091951370239,0.08179080486297607,0.4044523239135742,True,False,False,False
STRAIN_000190,4,LOCAL_W10,42,1,0.949315071105957,0.05068492889404297,0.3183865547180176,True,False,False,False
STRAIN_000190,4,LOCAL_W10,142,2,0.9389801025390625,0.0610198974609375,0.34934183955192566,True,False,False,False
STRAIN_000190,4,LOCAL_W10,242,3,0.9433687329292297,0.056631267070770264,0.336544930934906,True,False,False,False
STRAIN_000190,4,LOCAL_W10,342,4,0.9385721683502197,0.06142783164978027,0.35050779581069946,True,False,False,False
STRAIN_000190,4,LOCAL_W10,442,5,0.9432425498962402,0.056757450103759766,0.3369196951389313,True,False,False,False
STRAIN_000191,4,LOCAL_W10,42,1,0.9428662061691284,0.05713379383087158,0.3380347192287445,True,False,False,False
STRAIN_000191,4,LOCAL_W10,142,2,0.9405280947685242,0.05947190523147583,0.3448822498321533,True,False,False,False
STRAIN_000191,4,LOCAL_W10,242,3,0.9417004585266113,0.05829954147338867,0.3414660096168518,True,False,False,False
STRAIN_000191,4,LOCAL_W10,342,4,0.9445165395736694,0.055483460426330566,0.33311691880226135,True,False,False,False
STRAIN_000191,4,LOCAL_W10,442,5,0.9505988955497742,0.04940110445022583,0.31432825326919556,True,False,False,False
STRAIN_000195,4,LOCAL_W10,42,1,0.9703021049499512,0.029697895050048828,0.2437121868133545,True,False,False,False
STRAIN_000195,4,LOCAL_W10,142,2,0.9784940481185913,0.02150595188140869,0.2073926329612732,True,False,False,False
STRAIN_000195,4,LOCAL_W10,242,3,0.9739732146263123,0.026026785373687744,0.22815245389938354,True,False,False,False
STRAIN_000195,4,LOCAL_W10,342,4,0.9735426306724548,0.026457369327545166,0.23003213107585907,True,False,False,False
STRAIN_000195,4,LOCAL_W10,442,5,0.9732083082199097,0.026791691780090332,0.23148073256015778,True,False,False,False
STRAIN_000201,4,LOCAL_W10,42,1,0.9455032348632812,0.05449676513671875,0.33014142513275146,True,False,False,False
STRAIN_000201,4,LOCAL_W10,142,2,0.9314513206481934,0.06854867935180664,0.3702661097049713,True,False,False,False
STRAIN_000201,4,LOCAL_W10,242,3,0.9376264810562134,0.06237351894378662,0.3531952202320099,True,False,False,False
STRAIN_000201,4,LOCAL_W10,342,4,0.944863498210907,0.05513650178909302,0.3320733904838562,True,False,False,False
STRAIN_000201,4,LOCAL_W10,442,5,0.9315193891525269,0.06848061084747314,0.3700825870037079,True,False,False,False
STRAIN_000203,4,LOCAL_W10,42,1,0.9329416751861572,0.06705832481384277,0.36621955037117004,True,False,False,False
STRAIN_000203,4,LOCAL_W10,142,2,0.9402004480361938,0.05979955196380615,0.3458310663700104,True,False,False,False
STRAIN_000203,4,LOCAL_W10,242,3,0.9282370209693909,0.07176297903060913,0.3788480758666992,True,False,False,False
STRAIN_000203,4,LOCAL_W10,342,4,0.9336738586425781,0.06632614135742188,0.3642146587371826,True,False,False,False
STRAIN_000203,4,LOCAL_W10,442,5,0.9335982799530029,0.06640172004699707,0.36442214250564575,True,False,False,False
STRAIN_000216,4,LOCAL_W10,42,1,0.9261544942855835,0.0738455057144165,0.3843059241771698,True,False,False,False
STRAIN_000216,4,LOCAL_W10,142,2,0.9285238981246948,0.07147610187530518,0.37809011340141296,True,False,False,False
STRAIN_000216,4,LOCAL_W10,242,3,0.9327965378761292,0.06720346212387085,0.36661529541015625,True,False,False,False
STRAIN_000216,4,LOCAL_W10,342,4,0.9262826442718506,0.07371735572814941,0.38397228717803955,True,False,False,False
STRAIN_000216,4,LOCAL_W10,442,5,0.9181990027427673,0.08180099725723267,0.40447747707366943,True,False,False,False
STRAIN_000218,4,LOCAL_W10,42,1,0.9700914621353149,0.02990853786468506,0.24457505345344543,True,False,False,False
STRAIN_000218,4,LOCAL_W10,142,2,0.9695442914962769,0.030455708503723145,0.2468026578426361,True,False,False,False
STRAIN_000218,4,LOCAL_W10,242,3,0.9696128368377686,0.030387163162231445,0.24652434885501862,True,False,False,False
STRAIN_000218,4,LOCAL_W10,342,4,0.9691298604011536,0.030870139598846436,0.24847568571567535,True,False,False,False
STRAIN_000218,4,LOCAL_W10,442,5,0.9689055681228638,0.03109443187713623,0.24937669932842255,True,False,False,False
STRAIN_000219,4,LOCAL_W10,42,1,0.9381904602050781,0.061809539794921875,0.35159504413604736,True,False,False,False
STRAIN_000219,4,LOCAL_W10,142,2,0.9349138140678406,0.06508618593215942,0.36079421639442444,True,False,False,False
STRAIN_000219,4,LOCAL_W10,242,3,0.9377185702323914,0.06228142976760864,0.3529347777366638,True,False,False,False
STRAIN_000219,4,LOCAL_W10,342,4,0.94444739818573,0.05555260181427002,0.3333246409893036,True,False,False,False
STRAIN_000219,4,LOCAL_W10,442,5,0.9258373379707336,0.07416266202926636,0.3851303458213806,True,False,False,False
STRAIN_000220,4,LOCAL_W10,42,1,0.9496729969978333,0.05032700300216675,0.31726008653640747,True,False,False,False
STRAIN_000220,4,LOCAL_W10,142,2,0.9527592658996582,0.0472407341003418,0.3073786199092865,True,False,False,False
STRAIN_000220,4,LOCAL_W10,242,3,0.9628831744194031,0.037116825580596924,0.27245888113975525,True,False,False,False
STRAIN_000220,4,LOCAL_W10,342,4,0.9529102444648743,0.04708975553512573,0.3068870007991791,True,False,False,False
STRAIN_000220,4,LOCAL_W10,442,5,0.9538161754608154,0.04618382453918457,0.30392056703567505,True,False,False,False
STRAIN_000227,4,LOCAL_W10,42,1,0.9286601543426514,0.07133984565734863,0.377729594707489,True,False,False,False
STRAIN_000227,4,LOCAL_W10,142,2,0.937146782875061,0.06285321712493896,0.3545510470867157,True,False,False,False
STRAIN_000227,4,LOCAL_W10,242,3,0.9466819763183594,0.053318023681640625,0.32655200362205505,True,False,False,False
STRAIN_000227,4,LOCAL_W10,342,4,0.9368388652801514,0.06316113471984863,0.35541853308677673,True,False,False,False
STRAIN_000227,4,LOCAL_W10,442,5,0.9374703168869019,0.06252968311309814,0.35363730788230896,True,False,False,False
STRAIN_000228,4,LOCAL_W10,42,1,0.9426287412643433,0.05737125873565674,0.338736891746521,True,False,False,False
STRAIN_000228,4,LOCAL_W10,142,2,0.9397615194320679,0.06023848056793213,0.3470979928970337,True,False,False,False
STRAIN_000228,4,LOCAL_W10,242,3,0.9389277696609497,0.06107223033905029,0.34949174523353577,True,False,False,False
STRAIN_000228,4,LOCAL_W10,342,4,0.9363366961479187,0.0636633038520813,0.356828510761261,True,False,False,False
STRAIN_000228,4,LOCAL_W10,442,5,0.932947039604187,0.06705296039581299,0.36620450019836426,True,False,False,False
STRAIN_000230,4,LOCAL_W10,42,1,0.940575122833252,0.05942487716674805,0.3447458744049072,True,False,False,False
STRAIN_000230,4,LOCAL_W10,142,2,0.9484270811080933,0.05157291889190674,0.3211630880832672,True,False,False,False
STRAIN_000230,4,LOCAL_W10,242,3,0.9476965665817261,0.052303433418273926,0.323429673910141,True,False,False,False
STRAIN_000230,4,LOCAL_W10,342,4,0.9400477409362793,0.0599522590637207,0.3462722599506378,True,False,False,False
STRAIN_000230,4,LOCAL_W10,442,5,0.9548840522766113,0.04511594772338867,0.3003862202167511,True,False,False,False
STRAIN_000232,4,LOCAL_W10,42,1,0.9244405031204224,0.07555949687957764,0.3887401223182678,True,False,False,False
STRAIN_000232,4,LOCAL_W10,142,2,0.9330512881278992,0.06694871187210083,0.3659200370311737,True,False,False,False
STRAIN_000232,4,LOCAL_W10,242,3,0.9361778497695923,0.06382215023040771,0.3572734296321869,True,False,False,False
STRAIN_000232,4,LOCAL_W10,342,4,0.9408003091812134,0.05919969081878662,0.34409213066101074,True,False,False,False
STRAIN_000232,4,LOCAL_W10,442,5,0.9451718330383301,0.05482816696166992,0.33114373683929443,True,False,False,False
STRAIN_000239,4,LOCAL_W10,42,1,0.9409326910972595,0.05906730890274048,0.34370744228363037,True,False,False,False
STRAIN_000239,4,LOCAL_W10,142,2,0.9335585236549377,0.06644147634506226,0.36453118920326233,True,False,False,False
STRAIN_000239,4,LOCAL_W10,242,3,0.9464292526245117,0.05357074737548828,0.3273245692253113,True,False,False,False
STRAIN_000239,4,LOCAL_W10,342,4,0.9309220910072327,0.06907790899276733,0.3716931939125061,True,False,False,False
STRAIN_000239,4,LOCAL_W10,442,5,0.9392217397689819,0.060778260231018066,0.3486495316028595,True,False,False,False
STRAIN_000243,4,LOCAL_W10,42,1,0.9430891275405884,0.05691087245941162,0.3373744785785675,True,False,False,False
STRAIN_000243,4,LOCAL_W10,142,2,0.9400275349617004,0.05997246503829956,0.3463306725025177,True,False,False,False
STRAIN_000243,4,LOCAL_W10,242,3,0.936345636844635,0.06365436315536499,0.3568035364151001,True,False,False,False
STRAIN_000243,4,LOCAL_W10,342,4,0.9377210140228271,0.06227898597717285,0.35292741656303406,True,False,False,False
STRAIN_000243,4,LOCAL_W10,442,5,0.948838472366333,0.05116152763366699,0.31987982988357544,True,False,False,False
STRAIN_000249,4,LOCAL_W10,42,1,0.9356446266174316,0.06435537338256836,0.3587627708911896,True,False,False,False
STRAIN_000249,4,LOCAL_W10,142,2,0.9360464811325073,0.06395351886749268,0.3576408922672272,True,False,False,False
STRAIN_000249,4,LOCAL_W10,242,3,0.939005970954895,0.06099402904510498,0.3492680490016937,True,False,False,False
STRAIN_000249,4,LOCAL_W10,342,4,0.9414883852005005,0.05851161479949951,0.3420864939689636,True,False,False,False
STRAIN_000249,4,LOCAL_W10,442,5,0.9370574951171875,0.0629425048828125,0.3548026382923126,True,False,False,False
STRAIN_000252,4,LOCAL_W10,42,1,0.9347226023674011,0.06527739763259888,0.3613234758377075,True,False,False,False
STRAIN_000252,4,LOCAL_W10,142,2,0.9483230113983154,0.05167698860168457,0.3214872181415558,True,False,False,False
STRAIN_000252,4,LOCAL_W10,242,3,0.9395740628242493,0.06042593717575073,0.3476375639438629,True,False,False,False
STRAIN_000252,4,LOCAL_W10,342,4,0.9390590190887451,0.06094098091125488,0.34911587834358215,True,False,False,False
STRAIN_000252,4,LOCAL_W10,442,5,0.9441279172897339,0.05587208271026611,0.33428141474723816,True,False,False,False
STRAIN_000268,4,LOCAL_W10,42,1,0.9306117296218872,0.06938827037811279,0.3725273013114929,True,False,False,False
STRAIN_000268,4,LOCAL_W10,142,2,0.9489765167236328,0.05102348327636719,0.319447785615921,True,False,False,False
STRAIN_000268,4,LOCAL_W10,242,3,0.942002534866333,0.05799746513366699,0.3405802547931671,True,False,False,False
STRAIN_000268,4,LOCAL_W10,342,4,0.9395034313201904,0.06049656867980957,0.347840815782547,True,False,False,False
STRAIN_000268,4,LOCAL_W10,442,5,0.9379280805587769,0.062071919441223145,0.3523406982421875,True,False,False,False
STRAIN_000269,4,LOCAL_W10,42,1,0.9391825199127197,0.06081748008728027,0.3487619161605835,True,False,False,False
STRAIN_000269,4,LOCAL_W10,142,2,0.9408067464828491,0.05919325351715088,0.3440733253955841,True,False,False,False
STRAIN_000269,4,LOCAL_W10,242,3,0.9377143383026123,0.062285661697387695,0.35294657945632935,True,False,False,False
STRAIN_000269,4,LOCAL_W10,342,4,0.9292863011360168,0.07071369886398315,0.3760683834552765,True,False,False,False
STRAIN_000269,4,LOCAL_W10,442,5,0.9452521800994873,0.054747819900512695,0.33090123534202576,True,False,False,False
STRAIN_000270,4,LOCAL_W10,42,1,0.9355088472366333,0.0644911527633667,0.3591409921646118,True,False,False,False
STRAIN_000270,4,LOCAL_W10,142,2,0.9271489381790161,0.07285106182098389,0.38170915842056274,True,False,False,False
STRAIN_000270,4,LOCAL_W10,242,3,0.9345572590827942,0.06544274091720581,0.36178097128868103,True,False,False,False
STRAIN_000270,4,LOCAL_W10,342,4,0.9282309412956238,0.07176905870437622,0.37886419892311096,True,False,False,False
STRAIN_000270,4,LOCAL_W10,442,5,0.9339439868927002,0.0660560131072998,0.3634723126888275,True,False,False,False
STRAIN_000271,4,LOCAL_W10,42,1,0.9327502250671387,0.06724977493286133,0.3667418360710144,True,False,False,False
STRAIN_000271,4,LOCAL_W10,142,2,0.9452797174453735,0.054720282554626465,0.3308180570602417,True,False,False,False
STRAIN_000271,4,LOCAL_W10,242,3,0.9421985149383545,0.05780148506164551,0.34000444412231445,True,False,False,False
STRAIN_000271,4,LOCAL_W10,342,4,0.9367748498916626,0.0632251501083374,0.35559868812561035,True,False,False,False
STRAIN_000271,4,LOCAL_W10,442,5,0.921421229839325,0.07857877016067505,0.3964309096336365,True,False,False,False
STRAIN_000276,4,LOCAL_W10,42,1,0.9432860016822815,0.056713998317718506,0.33679068088531494,True,False,False,False
STRAIN_000276,4,LOCAL_W10,142,2,0.9305959939956665,0.0694040060043335,0.37256956100463867,True,False,False,False
STRAIN_000276,4,LOCAL_W10,242,3,0.9317278861999512,0.06827211380004883,0.36951902508735657,True,False,False,False
STRAIN_000276,4,LOCAL_W10,342,4,0.9393672943115234,0.06063270568847656,0.3482317626476288,True,False,False,False
STRAIN_000276,4,LOCAL_W10,442,5,0.9301689863204956,0.0698310136795044,0.3737139105796814,True,False,False,False
STRAIN_000277,4,LOCAL_W10,42,1,0.9423922896385193,0.05760771036148071,0.3394336402416229,True,False,False,False
STRAIN_000277,4,LOCAL_W10,142,2,0.933469295501709,0.06653070449829102,0.3647756576538086,True,False,False,False
STRAIN_000277,4,LOCAL_W10,242,3,0.9356285333633423,0.06437146663665771,0.35880768299102783,True,False,False,False
STRAIN_000277,4,LOCAL_W10,342,4,0.9379810094833374,0.0620189905166626,0.3521901071071625,True,False,False,False
STRAIN_000277,4,LOCAL_W10,442,5,0.9225234985351562,0.07747650146484375,0.39364051818847656,True,False,False,False
STRAIN_000278,4,LOCAL_W10,42,1,0.9448625445365906,0.055137455463409424,0.33207663893699646,True,False,False,False
STRAIN_000278,4,LOCAL_W10,142,2,0.9412989616394043,0.0587010383605957,0.34263962507247925,True,False,False,False
STRAIN_000278,4,LOCAL_W10,242,3,0.9424927234649658,0.05750727653503418,0.3391377925872803,True,False,False,False
STRAIN_000278,4,LOCAL_W10,342,4,0.9397870302200317,0.06021296977996826,0.3470243215560913,True,False,False,False
STRAIN_000278,4,LOCAL_W10,442,5,0.9367342591285706,0.06326574087142944,0.35571250319480896,True,False,False,False
STRAIN_000280,4,LOCAL_W10,42,1,0.9572066068649292,0.0427933931350708,0.2925519347190857,True,False,False,False
STRAIN_000280,4,LOCAL_W10,142,2,0.9655982255935669,0.034401774406433105,0.26230388879776,True,False,False,False
STRAIN_000280,4,LOCAL_W10,242,3,0.9486954212188721,0.05130457878112793,0.32032641768455505,True,False,False,False
STRAIN_000280,4,LOCAL_W10,342,4,0.9531892538070679,0.04681074619293213,0.30597612261772156,True,False,False,False
STRAIN_000280,4,LOCAL_W10,442,5,0.9538179636001587,0.04618203639984131,0.3039141297340393,True,False,False,False
STRAIN_000283,4,LOCAL_W10,42,1,0.942097544670105,0.05790245532989502,0.34030112624168396,True,False,False,False
STRAIN_000283,4,LOCAL_W10,142,2,0.9324305057525635,0.06756949424743652,0.36761265993118286,True,False,False,False
STRAIN_000283,4,LOCAL_W10,242,3,0.9428410530090332,0.0571589469909668,0.33810925483703613,True,False,False,False
STRAIN_000283,4,LOCAL_W10,342,4,0.936471700668335,0.06352829933166504,0.35645005106925964,True,False,False,False
STRAIN_000283,4,LOCAL_W10,442,5,0.9280672669410706,0.07193273305892944,0.3792960047721863,True,False,False,False
STRAIN_000286,4,LOCAL_W10,42,1,0.9498738050460815,0.05012619495391846,0.3166264295578003,True,False,False,False
STRAIN_000286,4,LOCAL_W10,142,2,0.9435544013977051,0.05644559860229492,0.33599287271499634,True,False,False,False
STRAIN_000286,4,LOCAL_W10,242,3,0.9530454874038696,0.04695451259613037,0.30644574761390686,True,False,False,False
STRAIN_000286,4,LOCAL_W10,342,4,0.9492287635803223,0.050771236419677734,0.3186572790145874,True,False,False,False
STRAIN_000286,4,LOCAL_W10,442,5,0.9492294788360596,0.05077052116394043,0.31865477561950684,True,False,False,False
STRAIN_000294,4,LOCAL_W10,42,1,0.9401253461837769,0.059874653816223145,0.3460483253002167,True,False,False,False
STRAIN_000294,4,LOCAL_W10,142,2,0.945925772190094,0.054074227809906006,0.32885923981666565,True,False,False,False
STRAIN_000294,4,LOCAL_W10,242,3,0.9520667791366577,0.047933220863342285,0.30962327122688293,True,False,False,False
STRAIN_000294,4,LOCAL_W10,342,4,0.9442086219787598,0.055791378021240234,0.33404016494750977,True,False,False,False
STRAIN_000294,4,LOCAL_W10,442,5,0.9408847093582153,0.05911529064178467,0.34384670853614807,True,False,False,False
STRAIN_000295,4,LOCAL_W10,42,1,0.9481216073036194,0.051878392696380615,0.32211294770240784,True,False,False,False
STRAIN_000295,4,LOCAL_W10,142,2,0.9519472122192383,0.04805278778076172,0.31000927090644836,True,False,False,False
STRAIN_000295,4,LOCAL_W10,242,3,0.9564927816390991,0.04350721836090088,0.2949821650981903,True,False,False,False
STRAIN_000295,4,LOCAL_W10,342,4,0.9550483822822571,0.04495161771774292,0.2998388707637787,True,False,False,False
STRAIN_000295,4,LOCAL_W10,442,5,0.9514905214309692,0.04850947856903076,0.31147879362106323,True,False,False,False
STRAIN_000297,4,LOCAL_W10,42,1,0.9523155093193054,0.04768449068069458,0.3088185787200928,True,False,False,False
STRAIN_000297,4,LOCAL_W10,142,2,0.9534919261932373,0.046508073806762695,0.3049853444099426,True,False,False,False
STRAIN_000297,4,LOCAL_W10,242,3,0.9568468928337097,0.04315310716629028,0.2937791049480438,True,False,False,False
STRAIN_000297,4,LOCAL_W10,342,4,0.9529787302017212,0.04702126979827881,0.3066636919975281,True,False,False,False
STRAIN_000297,4,LOCAL_W10,442,5,0.9505239725112915,0.049476027488708496,0.3145662844181061,True,False,False,False
STRAIN_000304,4,LOCAL_W10,42,1,0.9450373649597168,0.0549626350402832,0.33154958486557007,True,False,False,False
STRAIN_000304,4,LOCAL_W10,142,2,0.9395537376403809,0.06044626235961914,0.34769561886787415,True,False,False,False
STRAIN_000304,4,LOCAL_W10,242,3,0.9341025352478027,0.06589746475219727,0.3630354404449463,True,False,False,False
STRAIN_000304,4,LOCAL_W10,342,4,0.9442480802536011,0.055751919746398926,0.33392149209976196,True,False,False,False
STRAIN_000304,4,LOCAL_W10,442,5,0.9417906999588013,0.05820930004119873,0.341201514005661,True,False,False,False
STRAIN_000306,4,LOCAL_W10,42,1,0.9433885812759399,0.05661141872406006,0.33648619055747986,True,False,False,False
STRAIN_000306,4,LOCAL_W10,142,2,0.9395837783813477,0.060416221618652344,0.3476096987724304,True,False,False,False
STRAIN_000306,4,LOCAL_W10,242,3,0.9418225288391113,0.05817747116088867,0.341108500957489,True,False,False,False
STRAIN_000306,4,LOCAL_W10,342,4,0.9371160268783569,0.06288397312164307,0.35463786125183105,True,False,False,False
STRAIN_000306,4,LOCAL_W10,442,5,0.9489463567733765,0.051053643226623535,0.3195423483848572,True,False,False,False
STRAIN_000311,4,LOCAL_W10,42,1,0.9759172201156616,0.02408277988433838,0.21946647763252258,True,False,False,False
STRAIN_000311,4,LOCAL_W10,142,2,0.976893961429596,0.023106038570404053,0.21496976912021637,True,False,False,False
STRAIN_000311,4,LOCAL_W10,242,3,0.9786543846130371,0.02134561538696289,0.20661891996860504,True,False,False,False
STRAIN_000311,4,LOCAL_W10,342,4,0.977184534072876,0.022815465927124023,0.21361427009105682,True,False,False,False
STRAIN_000311,4,LOCAL_W10,442,5,0.9754460453987122,0.024553954601287842,0.22160302102565765,True,False,False,False
STRAIN_000312,4,LOCAL_W10,42,1,0.9455292820930481,0.054470717906951904,0.33006301522254944,True,False,False,False
STRAIN_000312,4,LOCAL_W10,142,2,0.949722170829773,0.05027782917022705,0.3171052038669586,True,False,False,False
STRAIN_000312,4,LOCAL_W10,242,3,0.9431031346321106,0.056896865367889404,0.33733347058296204,True,False,False,False
STRAIN_000312,4,LOCAL_W10,342,4,0.9544811844825745,0.04551881551742554,0.3017246425151825,True,False,False,False
STRAIN_000312,4,LOCAL_W10,442,5,0.9347718954086304,0.06522810459136963,0.361187219619751,True,False,False,False
STRAIN_000315,4,LOCAL_W10,42,1,0.9451175928115845,0.05488240718841553,0.33130767941474915,True,False,False,False
STRAIN_000315,4,LOCAL_W10,142,2,0.9437152743339539,0.05628472566604614,0.3355136215686798,True,False,False,False
STRAIN_000315,4,LOCAL_W10,242,3,0.938759446144104,0.061240553855895996,0.34997284412384033,True,False,False,False
STRAIN_000315,4,LOCAL_W10,342,4,0.9402885437011719,0.059711456298828125,0.34557604789733887,True,False,False,False
STRAIN_000315,4,LOCAL_W10,442,5,0.9378046989440918,0.0621953010559082,0.3526902496814728,True,False,False,False
STRAIN_000316,4,LOCAL_W10,42,1,0.9444979429244995,0.05550205707550049,0.33317264914512634,True,False,False,False
STRAIN_000316,4,LOCAL_W10,142,2,0.9392268657684326,0.06077313423156738,0.3486349284648895,True,False,False,False
STRAIN_000316,4,LOCAL_W10,242,3,0.9471431970596313,0.05285680294036865,0.3251362442970276,True,False,False,False
STRAIN_000316,4,LOCAL_W10,342,4,0.9458856582641602,0.054114341735839844,0.32898131012916565,True,False,False,False
STRAIN_000316,4,LOCAL_W10,442,5,0.9445335865020752,0.055466413497924805,0.33306562900543213,True,False,False,False
STRAIN_000321,4,LOCAL_W10,42,1,0.9203815460205078,0.07961845397949219,0.3990452289581299,True,False,False,False
STRAIN_000321,4,LOCAL_W10,142,2,0.9359466433525085,0.06405335664749146,0.3579199016094208,True,False,False,False
STRAIN_000321,4,LOCAL_W10,242,3,0.9261098504066467,0.07389014959335327,0.3844220042228699,True,False,False,False
STRAIN_000321,4,LOCAL_W10,342,4,0.904632031917572,0.09536796808242798,0.4367333650588989,True,False,False,False
STRAIN_000321,4,LOCAL_W10,442,5,0.926851749420166,0.07314825057983398,0.38248729705810547,True,False,False,False
STRAIN_000322,4,LOCAL_W10,42,1,0.9361234903335571,0.06387650966644287,0.3574255406856537,True,False,False,False
STRAIN_000322,4,LOCAL_W10,142,2,0.9396191835403442,0.06038081645965576,0.34750768542289734,True,False,False,False
STRAIN_000322,4,LOCAL_W10,242,3,0.9412111639976501,0.058788836002349854,0.3428959250450134,True,False,False,False
STRAIN_000322,4,LOCAL_W10,342,4,0.9363338947296143,0.06366610527038574,0.356836199760437,True,False,False,False
STRAIN_000322,4,LOCAL_W10,442,5,0.9317909479141235,0.06820905208587646,0.3693481683731079,True,False,False,False
STRAIN_000329,4,LOCAL_W10,42,1,0.9285027980804443,0.07149720191955566,0.3781460225582123,True,False,False,False
STRAIN_000329,4,LOCAL_W10,142,2,0.9532233476638794,0.046776652336120605,0.30586498975753784,True,False,False,False
STRAIN_000329,4,LOCAL_W10,242,3,0.945518434047699,0.054481565952301025,0.3300955593585968,True,False,False,False
STRAIN_000329,4,LOCAL_W10,342,4,0.9576858282089233,0.04231417179107666,0.2909095883369446,True,False,False,False
STRAIN_000329,4,LOCAL_W10,442,5,0.9450230598449707,0.0549769401550293,0.3315928280353546,True,False,False,False
STRAIN_000334,4,LOCAL_W10,42,1,0.9282437562942505,0.07175624370574951,0.3788304626941681,True,False,False,False
STRAIN_000334,4,LOCAL_W10,142,2,0.9358415603637695,0.06415843963623047,0.35821324586868286,True,False,False,False
STRAIN_000334,4,LOCAL_W10,242,3,0.9354009628295898,0.06459903717041016,0.35944122076034546,True,False,False,False
STRAIN_000334,4,LOCAL_W10,342,4,0.9468669891357422,0.05313301086425781,0.32598453760147095,True,False,False,False
STRAIN_000334,4,LOCAL_W10,442,5,0.9329649209976196,0.06703507900238037,0.36615562438964844,True,False,False,False
STRAIN_000339,4,LOCAL_W10,42,1,0.9280077815055847,0.07199221849441528,0.37945303320884705,True,False,False,False
STRAIN_000339,4,LOCAL_W10,142,2,0.9404224753379822,0.05957752466201782,0.3451884686946869,True,False,False,False
STRAIN_000339,4,LOCAL_W10,242,3,0.9255329370498657,0.07446706295013428,0.38591983914375305,True,False,False,False
STRAIN_000339,4,LOCAL_W10,342,4,0.9361599683761597,0.06384003162384033,0.35732340812683105,True,False,False,False
STRAIN_000339,4,LOCAL_W10,442,5,0.9322369694709778,0.06776303052902222,0.3681386709213257,True,False,False,False
STRAIN_000343,4,LOCAL_W10,42,1,0.9408650994300842,0.05913490056991577,0.34390363097190857,True,False,False,False
STRAIN_000343,4,LOCAL_W10,142,2,0.9458701014518738,0.05412989854812622,0.3290286362171173,True,False,False,False
STRAIN_000343,4,LOCAL_W10,242,3,0.9522528648376465,0.047747135162353516,0.30902135372161865,True,False,False,False
STRAIN_000343,4,LOCAL_W10,342,4,0.9497076272964478,0.050292372703552246,0.3171509802341461,True,False,False,False
STRAIN_000343,4,LOCAL_W10,442,5,0.9574930667877197,0.04250693321228027,0.2915710508823395,True,False,False,False
STRAIN_000345,4,LOCAL_W10,42,1,0.9351023435592651,0.06489765644073486,0.3602709472179413,True,False,False,False
STRAIN_000345,4,LOCAL_W10,142,2,0.9406625628471375,0.05933743715286255,0.34449222683906555,True,False,False,False
STRAIN_000345,4,LOCAL_W10,242,3,0.9406095743179321,0.05939042568206787,0.3446458876132965,True,False,False,False
STRAIN_000345,4,LOCAL_W10,342,4,0.9463393092155457,0.053660690784454346,0.3275991678237915,True,False,False,False
STRAIN_000345,4,LOCAL_W10,442,5,0.9433004260063171,0.05669957399368286,0.3367479145526886,True,False,False,False
STRAIN_000346,4,LOCAL_W10,42,1,0.939926028251648,0.06007397174835205,0.3466237783432007,True,False,False,False
STRAIN_000346,4,LOCAL_W10,142,2,0.947149395942688,0.05285060405731201,0.3251170516014099,True,False,False,False
STRAIN_000346,4,LOCAL_W10,242,3,0.9547361135482788,0.04526388645172119,0.3008784055709839,True,False,False,False
STRAIN_000346,4,LOCAL_W10,342,4,0.9462624788284302,0.053737521171569824,0.3278341293334961,True,False,False,False
STRAIN_000346,4,LOCAL_W10,442,5,0.9495741128921509,0.05042588710784912,0.3175714612007141,True,False,False,False
STRAIN_000347,4,LOCAL_W10,42,1,0.9518839716911316,0.04811602830886841,0.3102134168148041,True,False,False,False
STRAIN_000347,4,LOCAL_W10,142,2,0.9531859159469604,0.04681408405303955,0.30598750710487366,True,False,False,False
STRAIN_000347,4,LOCAL_W10,242,3,0.9543821811676025,0.04561781883239746,0.3020525574684143,True,False,False,False
STRAIN_000347,4,LOCAL_W10,342,4,0.9507032632827759,0.04929673671722412,0.31399616599082947,True,False,False,False
STRAIN_000347,4,LOCAL_W10,442,5,0.9445083141326904,0.05549168586730957,0.3331417143344879,True,False,False,False
STRAIN_000348,4,LOCAL_W10,42,1,0.9447768330574036,0.055223166942596436,0.33233463764190674,True,False,False,False
STRAIN_000348,4,LOCAL_W10,142,2,0.9433045387268066,0.05669546127319336,0.3367358446121216,True,False,False,False
STRAIN_000348,4,LOCAL_W10,242,3,0.944250226020813,0.05574977397918701,0.3339156210422516,True,False,False,False
STRAIN_000348,4,LOCAL_W10,342,4,0.9347640872001648,0.0652359127998352,0.3612089455127716,True,False,False,False
STRAIN_000348,4,LOCAL_W10,442,5,0.9453459978103638,0.05465400218963623,0.3306176960468292,True,False,False,False
STRAIN_000349,4,LOCAL_W10,42,1,0.9432588815689087,0.05674111843109131,0.3368712067604065,True,False,False,False
STRAIN_000349,4,LOCAL_W10,142,2,0.9477444887161255,0.05225551128387451,0.32328155636787415,True,False,False,False
STRAIN_000349,4,LOCAL_W10,242,3,0.9441379308700562,0.05586206912994385,0.33425161242485046,True,False,False,False
STRAIN_000349,4,LOCAL_W10,342,4,0.9508765339851379,0.04912346601486206,0.3134435713291168,True,False,False,False
STRAIN_000349,4,LOCAL_W10,442,5,0.9571256637573242,0.04287433624267578,0.292828768491745,True,False,False,False
STRAIN_000351,4,LOCAL_W10,42,1,0.9537866711616516,0.04621332883834839,0.30401745438575745,True,False,False,False
STRAIN_000351,4,LOCAL_W10,142,2,0.9533910751342773,0.046608924865722656,0.3053158223628998,True,False,False,False
STRAIN_000351,4,LOCAL_W10,242,3,0.957195520401001,0.04280447959899902,0.29258978366851807,True,False,False,False
STRAIN_000351,4,LOCAL_W10,342,4,0.9496176242828369,0.050382375717163086,0.3174344599246979,True,False,False,False
STRAIN_000351,4,LOCAL_W10,442,5,0.9544991254806519,0.045500874519348145,0.30166465044021606,True,False,False,False
STRAIN_000354,4,LOCAL_W10,42,1,0.9524276256561279,0.04757237434387207,0.3084554076194763,True,False,False,False
STRAIN_000354,4,LOCAL_W10,142,2,0.9469388723373413,0.05306112766265869,0.32576408982276917,True,False,False,False
STRAIN_000354,4,LOCAL_W10,242,3,0.940179705619812,0.05982029438018799,0.34589076042175293,True,False,False,False
STRAIN_000354,4,LOCAL_W10,342,4,0.9409208297729492,0.05907917022705078,0.34374168515205383,True,False,False,False
STRAIN_000354,4,LOCAL_W10,442,5,0.9473471641540527,0.052652835845947266,0.3245082199573517,True,False,False,False
STRAIN_000358,4,LOCAL_W10,42,1,0.9447349309921265,0.055265069007873535,0.33246082067489624,True,False,False,False
STRAIN_000358,4,LOCAL_W10,142,2,0.9376446604728699,0.06235533952713013,0.3531440198421478,True,False,False,False
STRAIN_000358,4,LOCAL_W10,242,3,0.9399234056472778,0.06007659435272217,0.34663113951683044,True,False,False,False
STRAIN_000358,4,LOCAL_W10,342,4,0.9362474679946899,0.06375253200531006,0.3570784032344818,True,False,False,False
STRAIN_000358,4,LOCAL_W10,442,5,0.9396814107894897,0.060318589210510254,0.3473284840583801,True,False,False,False
STRAIN_000359,4,LOCAL_W10,42,1,0.9324337840080261,0.06756621599197388,0.36760351061820984,True,False,False,False
STRAIN_000359,4,LOCAL_W10,142,2,0.9403684139251709,0.0596315860748291,0.3453449308872223,True,False,False,False
STRAIN_000359,4,LOCAL_W10,242,3,0.9412267208099365,0.05877327919006348,0.34285077452659607,True,False,False,False
STRAIN_000359,4,LOCAL_W10,342,4,0.9457533359527588,0.05424666404724121,0.32938337326049805,True,False,False,False
STRAIN_000359,4,LOCAL_W10,442,5,0.9492882490158081,0.050711750984191895,0.3184707760810852,True,False,False,False
STRAIN_000364,4,LOCAL_W10,42,1,0.9389300346374512,0.06106996536254883,0.34948527812957764,True,False,False,False
STRAIN_000364,4,LOCAL_W10,142,2,0.9458028674125671,0.05419713258743286,0.32923293113708496,True,False,False,False
STRAIN_000364,4,LOCAL_W10,242,3,0.9336283206939697,0.06637167930603027,0.3643397092819214,True,False,False,False
STRAIN_000364,4,LOCAL_W10,342,4,0.932652473449707,0.06734752655029297,0.36700838804244995,True,False,False,False
STRAIN_000364,4,LOCAL_W10,442,5,0.9275788068771362,0.07242119312286377,0.38058167695999146,True,False,False,False
STRAIN_000366,4,LOCAL_W10,42,1,0.9443516135215759,0.05564838647842407,0.33361154794692993,True,False,False,False
STRAIN_000366,4,LOCAL_W10,142,2,0.950760543346405,0.04923945665359497,0.31381353735923767,True,False,False,False
STRAIN_000366,4,LOCAL_W10,242,3,0.9567427039146423,0.043257296085357666,0.2941337525844574,True,False,False,False
STRAIN_000366,4,LOCAL_W10,342,4,0.943854033946991,0.05614596605300903,0.3350997269153595,True,False,False,False
STRAIN_000366,4,LOCAL_W10,442,5,0.9421122074127197,0.05788779258728027,0.34025803208351135,True,False,False,False
STRAIN_000371,4,LOCAL_W10,42,1,0.9121989011764526,0.08780109882354736,0.4190491735935211,True,False,False,False
STRAIN_000371,4,LOCAL_W10,142,2,0.9416398406028748,0.058360159397125244,0.3416435122489929,True,False,False,False
STRAIN_000371,4,LOCAL_W10,242,3,0.9343258142471313,0.06567418575286865,0.36242029070854187,True,False,False,False
STRAIN_000371,4,LOCAL_W10,342,4,0.9142916202545166,0.0857083797454834,0.41402536630630493,True,False,False,False
STRAIN_000371,4,LOCAL_W10,442,5,0.9382451772689819,0.061754822731018066,0.351439505815506,True,False,False,False
STRAIN_000379,4,LOCAL_W10,42,1,0.9416972398757935,0.05830276012420654,0.34147533774375916,True,False,False,False
STRAIN_000379,4,LOCAL_W10,142,2,0.9445638656616211,0.055436134338378906,0.3329748511314392,True,False,False,False
STRAIN_000379,4,LOCAL_W10,242,3,0.9448860883712769,0.055113911628723145,0.3320055603981018,True,False,False,False
STRAIN_000379,4,LOCAL_W10,342,4,0.9393858909606934,0.06061410903930664,0.34817805886268616,True,False,False,False
STRAIN_000379,4,LOCAL_W10,442,5,0.9329584836959839,0.06704151630401611,0.36617332696914673,True,False,False,False
STRAIN_000391,4,LOCAL_W10,42,1,0.948659360408783,0.05134063959121704,0.32043901085853577,True,False,False,False
STRAIN_000391,4,LOCAL_W10,142,2,0.944022536277771,0.055977463722229004,0.33459654450416565,True,False,False,False
STRAIN_000391,4,LOCAL_W10,242,3,0.9429315328598022,0.057068467140197754,0.3378417491912842,True,False,False,False
STRAIN_000391,4,LOCAL_W10,342,4,0.9383000135421753,0.06169998645782471,0.3512832522392273,True,False,False,False
STRAIN_000391,4,LOCAL_W10,442,5,0.945672869682312,0.05432713031768799,0.3296273350715637,True,False,False,False
STRAIN_000392,4,LOCAL_W10,42,1,0.9441560506820679,0.05584394931793213,0.3341972231864929,True,False,False,False
STRAIN_000392,4,LOCAL_W10,142,2,0.9401893615722656,0.059810638427734375,0.34586313366889954,True,False,False,False
STRAIN_000392,4,LOCAL_W10,242,3,0.9345605969429016,0.06543940305709839,0.36177176237106323,True,False,False,False
STRAIN_000392,4,LOCAL_W10,342,4,0.9405914545059204,0.05940854549407959,0.34469860792160034,True,False,False,False
STRAIN_000392,4,LOCAL_W10,442,5,0.9370119571685791,0.0629880428314209,0.35493072867393494,True,False,False,False
STRAIN_000408,4,LOCAL_W10,42,1,0.930507242679596,0.06949275732040405,0.37280747294425964,True,False,False,False
STRAIN_000408,4,LOCAL_W10,142,2,0.931228518486023,0.06877148151397705,0.37086763978004456,True,False,False,False
STRAIN_000408,4,LOCAL_W10,242,3,0.9402035474777222,0.05979645252227783,0.34582218527793884,True,False,False,False
STRAIN_000408,4,LOCAL_W10,342,4,0.929233193397522,0.07076680660247803,0.37620940804481506,True,False,False,False
STRAIN_000408,4,LOCAL_W10,442,5,0.9253414869308472,0.07465851306915283,0.38641542196273804,True,False,False,False
STRAIN_000411,4,LOCAL_W10,42,1,0.9301465749740601,0.06985342502593994,0.3737736642360687,True,False,False,False
STRAIN_000411,4,LOCAL_W10,142,2,0.919911801815033,0.08008819818496704,0.4002205729484558,True,False,False,False
STRAIN_000411,4,LOCAL_W10,242,3,0.9261608719825745,0.07383912801742554,0.38428911566734314,True,False,False,False
STRAIN_000411,4,LOCAL_W10,342,4,0.9277397394180298,0.07226026058197021,0.3801584541797638,True,False,False,False
STRAIN_000411,4,LOCAL_W10,442,5,0.925666093826294,0.07433390617370605,0.3855745494365692,True,False,False,False
STRAIN_000415,4,LOCAL_W10,42,1,0.9388320446014404,0.06116795539855957,0.34976550936698914,True,False,False,False
STRAIN_000415,4,LOCAL_W10,142,2,0.9308985471725464,0.06910145282745361,0.3717564046382904,True,False,False,False
STRAIN_000415,4,LOCAL_W10,242,3,0.9351115226745605,0.06488847732543945,0.360245943069458,True,False,False,False
STRAIN_000415,4,LOCAL_W10,342,4,0.9349849224090576,0.06501507759094238,0.3605971336364746,True,False,False,False
STRAIN_000415,4,LOCAL_W10,442,5,0.9401212930679321,0.05987870693206787,0.3460600674152374,True,False,False,False
STRAIN_000430,4,LOCAL_W10,42,1,0.9426365494728088,0.05736345052719116,0.3387136459350586,True,False,False,False
STRAIN_000430,4,LOCAL_W10,142,2,0.9347942471504211,0.06520575284957886,0.36112532019615173,True,False,False,False
STRAIN_000430,4,LOCAL_W10,242,3,0.9323896169662476,0.06761038303375244,0.36772391200065613,True,False,False,False
STRAIN_000430,4,LOCAL_W10,342,4,0.9304075241088867,0.06959247589111328,0.37307512760162354,True,False,False,False
STRAIN_000430,4,LOCAL_W10,442,5,0.9333124160766602,0.06668758392333984,0.36520543694496155,True,False,False,False
STRAIN_000433,4,LOCAL_W10,42,1,0.9413116574287415,0.058688342571258545,0.34260281920433044,True,False,False,False
STRAIN_000433,4,LOCAL_W10,142,2,0.9525398015975952,0.047460198402404785,0.308091402053833,True,False,False,False
STRAIN_000433,4,LOCAL_W10,242,3,0.9287809729576111,0.07121902704238892,0.3774096965789795,True,False,False,False
STRAIN_000433,4,LOCAL_W10,342,4,0.9409981966018677,0.059001803398132324,0.34351667761802673,True,False,False,False
STRAIN_000433,4,LOCAL_W10,442,5,0.9447122812271118,0.055287718772888184,0.33252888917922974,True,False,False,False
STRAIN_000452,4,LOCAL_W10,42,1,0.932959258556366,0.06704074144363403,0.366171270608902,True,False,False,False
STRAIN_000452,4,LOCAL_W10,142,2,0.9317419528961182,0.06825804710388184,0.3694809675216675,True,False,False,False
STRAIN_000452,4,LOCAL_W10,242,3,0.9361251592636108,0.06387484073638916,0.35742083191871643,True,False,False,False
STRAIN_000452,4,LOCAL_W10,342,4,0.9325306415557861,0.06746935844421387,0.3673403263092041,True,False,False,False
STRAIN_000452,4,LOCAL_W10,442,5,0.9291123151779175,0.07088768482208252,0.37653058767318726,True,False,False,False
STRAIN_000470,4,LOCAL_W10,42,1,0.9447051286697388,0.05529487133026123,0.3325500190258026,True,False,False,False
STRAIN_000470,4,LOCAL_W10,142,2,0.9523688554763794,0.047631144523620605,0.30864566564559937,True,False,False,False
STRAIN_000470,4,LOCAL_W10,242,3,0.9395990371704102,0.060400962829589844,0.34756550192832947,True,False,False,False
STRAIN_000470,4,LOCAL_W10,342,4,0.9508858919143677,0.049114108085632324,0.3134140372276306,True,False,False,False
STRAIN_000470,4,LOCAL_W10,442,5,0.9425032138824463,0.05749678611755371,0.3391071557998657,True,False,False,False
STRAIN_000471,4,LOCAL_W10,42,1,0.9408723711967468,0.059127628803253174,0.3438827097415924,True,False,False,False
STRAIN_000471,4,LOCAL_W10,142,2,0.9361114501953125,0.0638885498046875,0.35745909810066223,True,False,False,False
STRAIN_000471,4,LOCAL_W10,242,3,0.9408283829689026,0.05917161703109741,0.34401044249534607,True,False,False,False
STRAIN_000471,4,LOCAL_W10,342,4,0.947685956954956,0.052314043045043945,0.3234627842903137,True,False,False,False
STRAIN_000471,4,LOCAL_W10,442,5,0.9443575143814087,0.05564248561859131,0.33359387516975403,True,False,False,False
STRAIN_000474,4,LOCAL_W10,42,1,0.9325391054153442,0.06746089458465576,0.3673170208930969,True,False,False,False
STRAIN_000474,4,LOCAL_W10,142,2,0.9557018280029297,0.04429817199707031,0.2976514995098114,True,False,False,False
STRAIN_000474,4,LOCAL_W10,242,3,0.9445838928222656,0.055416107177734375,0.332914799451828,True,False,False,False
STRAIN_000474,4,LOCAL_W10,342,4,0.9467794895172119,0.053220510482788086,0.3262532651424408,True,False,False,False
STRAIN_000474,4,LOCAL_W10,442,5,0.9454836845397949,0.05451631546020508,0.3302009403705597,True,False,False,False
STRAIN_000484,4,LOCAL_W10,42,1,0.9383481740951538,0.06165182590484619,0.35114607214927673,True,False,False,False
STRAIN_000484,4,LOCAL_W10,142,2,0.9457850456237793,0.0542149543762207,0.3292869031429291,True,False,False,False
STRAIN_000484,4,LOCAL_W10,242,3,0.944305419921875,0.055694580078125,0.333750456571579,True,False,False,False
STRAIN_000484,4,LOCAL_W10,342,4,0.9373289346694946,0.06267106533050537,0.3540368676185608,True,False,False,False
STRAIN_000484,4,LOCAL_W10,442,5,0.941055417060852,0.05894458293914795,0.3433499038219452,True,False,False,False
STRAIN_000497,4,LOCAL_W10,42,1,0.9397063255310059,0.06029367446899414,0.34725669026374817,True,False,False,False
STRAIN_000497,4,LOCAL_W10,142,2,0.9412500858306885,0.05874991416931152,0.342782586812973,True,False,False,False
STRAIN_000497,4,LOCAL_W10,242,3,0.9385159015655518,0.06148409843444824,0.3506679832935333,True,False,False,False
STRAIN_000497,4,LOCAL_W10,342,4,0.9402287006378174,0.05977129936218262,0.34574946761131287,True,False,False,False
STRAIN_000497,4,LOCAL_W10,442,5,0.9363609552383423,0.06363904476165771,0.3567603528499603,True,False,False,False
STRAIN_000498,4,LOCAL_W10,42,1,0.9461146593093872,0.05388534069061279,0.3282846510410309,True,False,False,False
STRAIN_000498,4,LOCAL_W10,142,2,0.944331169128418,0.05566883087158203,0.3336729407310486,True,False,False,False
STRAIN_000498,4,LOCAL_W10,242,3,0.9509955644607544,0.049004435539245605,0.31306371092796326,True,False,False,False
STRAIN_000498,4,LOCAL_W10,342,4,0.952733039855957,0.04726696014404297,0.30746373534202576,True,False,False,False
STRAIN_000498,4,LOCAL_W10,442,5,0.9493185877799988,0.05068141222000122,0.3183753192424774,True,False,False,False
STRAIN_000500,4,LOCAL_W10,42,1,0.9339262247085571,0.06607377529144287,0.36352109909057617,True,False,False,False
STRAIN_000500,4,LOCAL_W10,142,2,0.9294123649597168,0.0705876350402832,0.37573328614234924,True,False,False,False
STRAIN_000500,4,LOCAL_W10,242,3,0.9358700513839722,0.06412994861602783,0.35813412070274353,True,False,False,False
STRAIN_000500,4,LOCAL_W10,342,4,0.9388381838798523,0.061161816120147705,0.3497481346130371,True,False,False,False
STRAIN_000500,4,LOCAL_W10,442,5,0.9350398778915405,0.06496012210845947,0.36044472455978394,True,False,False,False
STRAIN_000509,4,LOCAL_W10,42,1,0.9428504705429077,0.057149529457092285,0.3380814790725708,True,False,False,False
STRAIN_000509,4,LOCAL_W10,142,2,0.9437230825424194,0.056276917457580566,0.3354905843734741,True,False,False,False
STRAIN_000509,4,LOCAL_W10,242,3,0.9432578682899475,0.05674213171005249,0.33687421679496765,True,False,False,False
STRAIN_000509,4,LOCAL_W10,342,4,0.9466619491577148,0.053338050842285156,0.3266131281852722,True,False,False,False
STRAIN_000509,4,LOCAL_W10,442,5,0.9466325640678406,0.053367435932159424,0.32670295238494873,True,False,False,False
STRAIN_000510,4,LOCAL_W10,42,1,0.9370005130767822,0.06299948692321777,0.3549632132053375,True,False,False,False
STRAIN_000510,4,LOCAL_W10,142,2,0.9359711408615112,0.06402885913848877,0.3578515350818634,True,False,False,False
STRAIN_000510,4,LOCAL_W10,242,3,0.9354583024978638,0.06454169750213623,0.3592817783355713,True,False,False,False
STRAIN_000510,4,LOCAL_W10,342,4,0.9356099367141724,0.06439006328582764,0.35885927081108093,True,False,False,False
STRAIN_000510,4,LOCAL_W10,442,5,0.9297473430633545,0.07025265693664551,0.37484028935432434,True,False,False,False
STRAIN_000522,4,LOCAL_W10,42,1,0.9420432448387146,0.0579567551612854,0.34046056866645813,True,False,False,False
STRAIN_000522,4,LOCAL_W10,142,2,0.9374432563781738,0.06255674362182617,0.3537139296531677,True,False,False,False
STRAIN_000522,4,LOCAL_W10,242,3,0.9376925230026245,0.06230747699737549,0.353008508682251,True,False,False,False
STRAIN_000522,4,LOCAL_W10,342,4,0.93692547082901,0.06307452917098999,0.35517457127571106,True,False,False,False
STRAIN_000522,4,LOCAL_W10,442,5,0.9382259249687195,0.06177407503128052,0.3514941334724426,True,False,False,False
STRAIN_000525,4,LOCAL_W10,42,1,0.9307793378829956,0.0692206621170044,0.37207749485969543,True,False,False,False
STRAIN_000525,4,LOCAL_W10,142,2,0.9245176315307617,0.07548236846923828,0.3885418772697449,True,False,False,False
STRAIN_000525,4,LOCAL_W10,242,3,0.9444360733032227,0.055563926696777344,0.3333585262298584,True,False,False,False
STRAIN_000525,4,LOCAL_W10,342,4,0.9407586455345154,0.05924135446548462,0.34421324729919434,True,False,False,False
STRAIN_000525,4,LOCAL_W10,442,5,0.9370851516723633,0.06291484832763672,0.35472482442855835,True,False,False,False
STRAIN_000526,4,LOCAL_W10,42,1,0.9520511627197266,0.04794883728027344,0.30967357754707336,True,False,False,False
STRAIN_000526,4,LOCAL_W10,142,2,0.9481862783432007,0.051813721656799316,0.3219120502471924,True,False,False,False
STRAIN_000526,4,LOCAL_W10,242,3,0.9400252103805542,0.0599747896194458,0.3463371992111206,True,False,False,False
STRAIN_000526,4,LOCAL_W10,342,4,0.9435285925865173,0.056471407413482666,0.3360694944858551,True,False,False,False
STRAIN_000526,4,LOCAL_W10,442,5,0.9474996328353882,0.052500367164611816,0.3240378797054291,True,False,False,False
STRAIN_000527,4,LOCAL_W10,42,1,0.9163740873336792,0.0836259126663208,0.40896445512771606,True,False,False,False
STRAIN_000527,4,LOCAL_W10,142,2,0.9336729049682617,0.06632709503173828,0.36421722173690796,True,False,False,False
STRAIN_000527,4,LOCAL_W10,242,3,0.9326996803283691,0.06730031967163086,0.3668796718120575,True,False,False,False
STRAIN_000527,4,LOCAL_W10,342,4,0.9398918151855469,0.060108184814453125,0.3467223048210144,True,False,False,False
STRAIN_000527,4,LOCAL_W10,442,5,0.9387145042419434,0.06128549575805664,0.3501015901565552,True,False,False,False
STRAIN_000528,4,LOCAL_W10,42,1,0.9224623441696167,0.0775376558303833,0.39379599690437317,True,False,False,False
STRAIN_000528,4,LOCAL_W10,142,2,0.9364223480224609,0.06357765197753906,0.35658860206604004,True,False,False,False
STRAIN_000528,4,LOCAL_W10,242,3,0.9362614154815674,0.06373858451843262,0.35703927278518677,True,False,False,False
STRAIN_000528,4,LOCAL_W10,342,4,0.9381257891654968,0.061874210834503174,0.3517790734767914,True,False,False,False
STRAIN_000528,4,LOCAL_W10,442,5,0.9416202306747437,0.05837976932525635,0.34170109033584595,True,False,False,False
STRAIN_000530,4,LOCAL_W10,42,1,0.9345689415931702,0.06543105840682983,0.36174872517585754,True,False,False,False
STRAIN_000530,4,LOCAL_W10,142,2,0.9375569820404053,0.06244301795959473,0.35339224338531494,True,False,False,False
STRAIN_000530,4,LOCAL_W10,242,3,0.9440687894821167,0.0559312105178833,0.33445829153060913,True,False,False,False
STRAIN_000530,4,LOCAL_W10,342,4,0.9394869804382324,0.06051301956176758,0.34788793325424194,True,False,False,False
STRAIN_000530,4,LOCAL_W10,442,5,0.9451941847801208,0.05480581521987915,0.33107662200927734,True,False,False,False
STRAIN_000534,4,LOCAL_W10,42,1,0.9378081560134888,0.06219184398651123,0.35268065333366394,True,False,False,False
STRAIN_000534,4,LOCAL_W10,142,2,0.9454737901687622,0.05452620983123779,0.3302307426929474,True,False,False,False
STRAIN_000534,4,LOCAL_W10,242,3,0.9445989727973938,0.0554010272026062,0.3328695297241211,True,False,False,False
STRAIN_000534,4,LOCAL_W10,342,4,0.9418898820877075,0.05811011791229248,0.3409110903739929,True,False,False,False
STRAIN_000534,4,LOCAL_W10,442,5,0.9452037811279297,0.05479621887207031,0.33104774355888367,True,False,False,False
STRAIN_000539,4,LOCAL_W10,42,1,0.9442070722579956,0.055792927742004395,0.33404460549354553,True,False,False,False
STRAIN_000539,4,LOCAL_W10,142,2,0.9401618242263794,0.059838175773620605,0.34594252705574036,True,False,False,False
STRAIN_000539,4,LOCAL_W10,242,3,0.9449245929718018,0.05507540702819824,0.3318895697593689,True,False,False,False
STRAIN_000539,4,LOCAL_W10,342,4,0.9419679641723633,0.05803203582763672,0.34068164229393005,True,False,False,False
STRAIN_000539,4,LOCAL_W10,442,5,0.9452993869781494,0.054700613021850586,0.33075836300849915,True,False,False,False
STRAIN_000540,4,LOCAL_W10,42,1,0.9361478686332703,0.06385213136672974,0.3573574423789978,True,False,False,False
STRAIN_000540,4,LOCAL_W10,142,2,0.9334864616394043,0.0665135383605957,0.36472877860069275,True,False,False,False
STRAIN_000540,4,LOCAL_W10,242,3,0.9449200630187988,0.05507993698120117,0.33190345764160156,True,False,False,False
STRAIN_000540,4,LOCAL_W10,342,4,0.9422421455383301,0.05775785446166992,0.3398759067058563,True,False,False,False
STRAIN_000540,4,LOCAL_W10,442,5,0.9424939751625061,0.057506024837493896,0.33913397789001465,True,False,False,False
STRAIN_000553,4,LOCAL_W10,42,1,0.9323333501815796,0.06766664981842041,0.36787673830986023,True,False,False,False
STRAIN_000553,4,LOCAL_W10,142,2,0.9507913589477539,0.049208641052246094,0.3137153685092926,True,False,False,False
STRAIN_000553,4,LOCAL_W10,242,3,0.9390415549278259,0.06095844507217407,0.3491661548614502,True,False,False,False
STRAIN_000553,4,LOCAL_W10,342,4,0.9388250112533569,0.061174988746643066,0.34978529810905457,True,False,False,False
STRAIN_000553,4,LOCAL_W10,442,5,0.9411512613296509,0.05884873867034912,0.34307050704956055,True,False,False,False
STRAIN_000561,4,LOCAL_W10,42,1,0.9307905435562134,0.06920945644378662,0.37204697728157043,True,False,False,False
STRAIN_000561,4,LOCAL_W10,142,2,0.9329001903533936,0.06709980964660645,0.3663325011730194,True,False,False,False
STRAIN_000561,4,LOCAL_W10,242,3,0.9466731548309326,0.05332684516906738,0.3265785574913025,True,False,False,False
STRAIN_000561,4,LOCAL_W10,342,4,0.9395655393600464,0.06043446063995361,0.34766215085983276,True,False,False,False
STRAIN_000561,4,LOCAL_W10,442,5,0.9512356519699097,0.04876434803009033,0.3122958242893219,True,False,False,False
STRAIN_000581,4,LOCAL_W10,42,1,0.9443721771240234,0.05562782287597656,0.33354997634887695,True,False,False,False
STRAIN_000581,4,LOCAL_W10,142,2,0.9497877359390259,0.05021226406097412,0.316898375749588,True,False,False,False
STRAIN_000581,4,LOCAL_W10,242,3,0.9386887550354004,0.06131124496459961,0.35017502307891846,True,False,False,False
STRAIN_000581,4,LOCAL_W10,342,4,0.9504828453063965,0.049517154693603516,0.3146972358226776,True,False,False,False
STRAIN_000581,4,LOCAL_W10,442,5,0.9442743062973022,0.055725693702697754,0.33384352922439575,True,False,False,False
STRAIN_000587,4,LOCAL_W10,42,1,0.9454079866409302,0.054592013359069824,0.33042994141578674,True,False,False,False
STRAIN_000587,4,LOCAL_W10,142,2,0.93833988904953,0.06166011095046997,0.3511697053909302,True,False,False,False
STRAIN_000587,4,LOCAL_W10,242,3,0.9446309804916382,0.055369019508361816,0.33277326822280884,True,False,False,False
STRAIN_000587,4,LOCAL_W10,342,4,0.9434224367141724,0.05657756328582764,0.3363853693008423,True,False,False,False
STRAIN_000587,4,LOCAL_W10,442,5,0.9491292238235474,0.05087077617645264,0.31896963715553284,True,False,False,False
STRAIN_000597,4,LOCAL_W10,42,1,0.9416139125823975,0.05838608741760254,0.34171950817108154,True,False,False,False
STRAIN_000597,4,LOCAL_W10,142,2,0.9457256197929382,0.05427438020706177,0.3294672966003418,True,False,False,False
STRAIN_000597,4,LOCAL_W10,242,3,0.9495633244514465,0.05043667554855347,0.31760576367378235,True,False,False,False
STRAIN_000597,4,LOCAL_W10,342,4,0.9395143389701843,0.060485661029815674,0.3478092849254608,True,False,False,False
STRAIN_000597,4,LOCAL_W10,442,5,0.9429613351821899,0.05703866481781006,0.3377532362937927,True,False,False,False
STRAIN_000600,4,LOCAL_W10,42,1,0.9591253995895386,0.040874600410461426,0.28591808676719666,True,False,False,False
STRAIN_000600,4,LOCAL_W10,142,2,0.946884036064148,0.05311596393585205,0.32593223452568054,True,False,False,False
STRAIN_000600,4,LOCAL_W10,242,3,0.9453868865966797,0.05461311340332031,0.33049383759498596,True,False,False,False
STRAIN_000600,4,LOCAL_W10,342,4,0.9501774907112122,0.04982250928878784,0.3156660795211792,True,False,False,False
STRAIN_000600,4,LOCAL_W10,442,5,0.9535375833511353,0.046462416648864746,0.30483579635620117,True,False,False,False
STRAIN_000602,4,LOCAL_W10,42,1,0.9481303095817566,0.05186969041824341,0.3220859169960022,True,False,False,False
STRAIN_000602,4,LOCAL_W10,142,2,0.9424997568130493,0.057500243186950684,0.33911722898483276,True,False,False,False
STRAIN_000602,4,LOCAL_W10,242,3,0.9335976839065552,0.06640231609344482,0.36442357301712036,True,False,False,False
STRAIN_000602,4,LOCAL_W10,342,4,0.9474806785583496,0.05251932144165039,0.3240966498851776,True,False,False,False
STRAIN_000602,4,LOCAL_W10,442,5,0.9425393342971802,0.057460665702819824,0.3390005826950073,True,False,False,False
STRAIN_000627,4,LOCAL_W10,42,1,0.9400882720947266,0.05991172790527344,0.3461551368236542,True,False,False,False
STRAIN_000627,4,LOCAL_W10,142,2,0.9431906342506409,0.05680936574935913,0.3370734751224518,True,False,False,False
STRAIN_000627,4,LOCAL_W10,242,3,0.9307220578193665,0.06927794218063354,0.37223103642463684,True,False,False,False
STRAIN_000627,4,LOCAL_W10,342,4,0.9407380819320679,0.05926191806793213,0.3442729711532593,True,False,False,False
STRAIN_000627,4,LOCAL_W10,442,5,0.9473966360092163,0.05260336399078369,0.3243558406829834,True,False,False,False
STRAIN_000629,4,LOCAL_W10,42,1,0.9251657724380493,0.07483422756195068,0.38686972856521606,True,False,False,False
STRAIN_000629,4,LOCAL_W10,142,2,0.9357777237892151,0.06422227621078491,0.35839125514030457,True,False,False,False
STRAIN_000629,4,LOCAL_W10,242,3,0.9516615867614746,0.04833841323852539,0.31092891097068787,True,False,False,False
STRAIN_000629,4,LOCAL_W10,342,4,0.932327926158905,0.06767207384109497,0.367891401052475,True,False,False,False
STRAIN_000629,4,LOCAL_W10,442,5,0.9533318281173706,0.046668171882629395,0.30550986528396606,True,False,False,False
STRAIN_000634,4,LOCAL_W10,42,1,0.951242208480835,0.04875779151916504,0.3122749328613281,True,False,False,False
STRAIN_000634,4,LOCAL_W10,142,2,0.9497602581977844,0.050239741802215576,0.3169851005077362,True,False,False,False
STRAIN_000634,4,LOCAL_W10,242,3,0.9492075443267822,0.05079245567321777,0.318724125623703,True,False,False,False
STRAIN_000634,4,LOCAL_W10,342,4,0.9501699209213257,0.049830079078674316,0.3156902492046356,True,False,False,False
STRAIN_000634,4,LOCAL_W10,442,5,0.9494606256484985,0.050539374351501465,0.31792885065078735,True,False,False,False
STRAIN_000647,4,LOCAL_W10,42,1,0.9476872086524963,0.05231279134750366,0.3234587609767914,True,False,False,False
STRAIN_000647,4,LOCAL_W10,142,2,0.9492533802986145,0.0507466197013855,0.31857991218566895,True,False,False,False
STRAIN_000647,4,LOCAL_W10,242,3,0.9325704574584961,0.0674295425415039,0.36723169684410095,True,False,False,False
STRAIN_000647,4,LOCAL_W10,342,4,0.944819450378418,0.05518054962158203,0.33220648765563965,True,False,False,False
STRAIN_000647,4,LOCAL_W10,442,5,0.9364402294158936,0.06355977058410645,0.35653820633888245,True,False,False,False
STRAIN_000649,4,LOCAL_W10,42,1,0.942251443862915,0.05774855613708496,0.3398488759994507,True,False,False,False
STRAIN_000649,4,LOCAL_W10,142,2,0.953127384185791,0.046872615814208984,0.30617839097976685,True,False,False,False
STRAIN_000649,4,LOCAL_W10,242,3,0.9399302005767822,0.06006979942321777,0.3466116487979889,True,False,False,False
STRAIN_000649,4,LOCAL_W10,342,4,0.9474440813064575,0.05255591869354248,0.3242095112800598,True,False,False,False
STRAIN_000649,4,LOCAL_W10,442,5,0.9530928134918213,0.04690718650817871,0.30629172921180725,True,False,False,False
STRAIN_000653,4,LOCAL_W10,42,1,0.936856746673584,0.06314325332641602,0.3553684651851654,True,False,False,False
STRAIN_000653,4,LOCAL_W10,142,2,0.9381725788116455,0.06182742118835449,0.351645827293396,True,False,False,False
STRAIN_000653,4,LOCAL_W10,242,3,0.9485461711883545,0.05145382881164551,0.32079240679740906,True,False,False,False
STRAIN_000653,4,LOCAL_W10,342,4,0.9452943801879883,0.05470561981201172,0.33077406883239746,True,False,False,False
STRAIN_000653,4,LOCAL_W10,442,5,0.9321938753128052,0.06780612468719482,0.3682557940483093,True,False,False,False
STRAIN_000663,4,LOCAL_W10,42,1,0.947799801826477,0.05220019817352295,0.3231104016304016,True,False,False,False
STRAIN_000663,4,LOCAL_W10,142,2,0.9481918811798096,0.05180811882019043,0.32189449667930603,True,False,False,False
STRAIN_000663,4,LOCAL_W10,242,3,0.9463237524032593,0.05367624759674072,0.3276463747024536,True,False,False,False
STRAIN_000663,4,LOCAL_W10,342,4,0.9473491907119751,0.0526508092880249,0.3245019316673279,True,False,False,False
STRAIN_000663,4,LOCAL_W10,442,5,0.9415614604949951,0.05843853950500488,0.34187278151512146,True,False,False,False
STRAIN_000665,4,LOCAL_W10,42,1,0.929552435874939,0.07044756412506104,0.3753598630428314,True,False,False,False
STRAIN_000665,4,LOCAL_W10,142,2,0.9322018027305603,0.0677981972694397,0.36823391914367676,True,False,False,False
STRAIN_000665,4,LOCAL_W10,242,3,0.928055465221405,0.07194453477859497,0.3793269097805023,True,False,False,False
STRAIN_000665,4,LOCAL_W10,342,4,0.9396045804023743,0.06039541959762573,0.34754976630210876,True,False,False,False
STRAIN_000665,4,LOCAL_W10,442,5,0.9166892766952515,0.08331072330474854,0.40819284319877625,True,False,False,False
STRAIN_000666,4,LOCAL_W10,42,1,0.9491596221923828,0.05084037780761719,0.318874329328537,True,False,False,False
STRAIN_000666,4,LOCAL_W10,142,2,0.935164749622345,0.06483525037765503,0.3600979745388031,True,False,False,False
STRAIN_000666,4,LOCAL_W10,242,3,0.9450247287750244,0.054975271224975586,0.3315880596637726,True,False,False,False
STRAIN_000666,4,LOCAL_W10,342,4,0.9367373585700989,0.06326264142990112,0.3557041883468628,True,False,False,False
STRAIN_000666,4,LOCAL_W10,442,5,0.9506792426109314,0.049320757389068604,0.3140724003314972,True,False,False,False
STRAIN_000671,4,LOCAL_W10,42,1,0.942659854888916,0.057340145111083984,0.3386448621749878,True,False,False,False
STRAIN_000671,4,LOCAL_W10,142,2,0.9350072145462036,0.06499278545379639,0.360535204410553,True,False,False,False
STRAIN_000671,4,LOCAL_W10,242,3,0.9439443349838257,0.056055665016174316,0.3348304033279419,True,False,False,False
STRAIN_000671,4,LOCAL_W10,342,4,0.9438910484313965,0.056108951568603516,0.33498910069465637,True,False,False,False
STRAIN_000671,4,LOCAL_W10,442,5,0.9425227046012878,0.05747729539871216,0.33904948830604553,True,False,False,False
STRAIN_000672,4,LOCAL_W10,42,1,0.9508029222488403,0.04919707775115967,0.31367889046669006,True,False,False,False
STRAIN_000672,4,LOCAL_W10,142,2,0.9358059167861938,0.06419408321380615,0.3583129942417145,True,False,False,False
STRAIN_000672,4,LOCAL_W10,242,3,0.9352920651435852,0.0647079348564148,0.35974442958831787,True,False,False,False
STRAIN_000672,4,LOCAL_W10,342,4,0.9394331574440002,0.060566842555999756,0.34804272651672363,True,False,False,False
STRAIN_000672,4,LOCAL_W10,442,5,0.9273210167884827,0.07267898321151733,0.38125869631767273,True,False,False,False
STRAIN_000676,4,LOCAL_W10,42,1,0.9336487054824829,0.06635129451751709,0.3642835319042206,True,False,False,False
STRAIN_000676,4,LOCAL_W10,142,2,0.9309263825416565,0.0690736174583435,0.37168166041374207,True,False,False,False
STRAIN_000676,4,LOCAL_W10,242,3,0.9413596391677856,0.058640360832214355,0.3424628674983978,True,False,False,False
STRAIN_000676,4,LOCAL_W10,342,4,0.9242501258850098,0.07574987411499023,0.38922956585884094,True,False,False,False
STRAIN_000676,4,LOCAL_W10,442,5,0.9430326223373413,0.05696737766265869,0.33754226565361023,True,False,False,False
STRAIN_000684,4,LOCAL_W10,42,1,0.931704044342041,0.06829595565795898,0.36958351731300354,True,False,False,False
STRAIN_000684,4,LOCAL_W10,142,2,0.9431133270263672,0.05688667297363281,0.3373028635978699,True,False,False,False
STRAIN_000684,4,LOCAL_W10,242,3,0.9445366859436035,0.055463314056396484,0.33305636048316956,True,False,False,False
STRAIN_000684,4,LOCAL_W10,342,4,0.9410640597343445,0.05893594026565552,0.3433246910572052,True,False,False,False
STRAIN_000684,4,LOCAL_W10,442,5,0.9387098550796509,0.06129014492034912,0.35011446475982666,True,False,False,False
STRAIN_000688,4,LOCAL_W10,42,1,0.9416046142578125,0.0583953857421875,0.3417466878890991,True,False,False,False
STRAIN_000688,4,LOCAL_W10,142,2,0.9416788816452026,0.05832111835479736,0.3415291905403137,True,False,False,False
STRAIN_000688,4,LOCAL_W10,242,3,0.9389479756355286,0.061052024364471436,0.34943369030952454,True,False,False,False
STRAIN_000688,4,LOCAL_W10,342,4,0.9377884864807129,0.06221151351928711,0.35273653268814087,True,False,False,False
STRAIN_000688,4,LOCAL_W10,442,5,0.9241963624954224,0.07580363750457764,0.3893676698207855,True,False,False,False
STRAIN_000702,4,LOCAL_W10,42,1,0.9495962858200073,0.050403714179992676,0.31750184297561646,True,False,False,False
STRAIN_000702,4,LOCAL_W10,142,2,0.9418621063232422,0.05813789367675781,0.3409922122955322,True,False,False,False
STRAIN_000702,4,LOCAL_W10,242,3,0.9488452672958374,0.0511547327041626,0.31985852122306824,True,False,False,False
STRAIN_000702,4,LOCAL_W10,342,4,0.9373286962509155,0.06267130374908447,0.3540375828742981,True,False,False,False
STRAIN_000702,4,LOCAL_W10,442,5,0.9529666304588318,0.04703336954116821,0.3067031502723694,True,False,False,False
STRAIN_000708,4,LOCAL_W10,42,1,0.9500043988227844,0.049995601177215576,0.31621405482292175,True,False,False,False
STRAIN_000708,4,LOCAL_W10,142,2,0.9400193095207214,0.059980690479278564,0.3463544547557831,True,False,False,False
STRAIN_000708,4,LOCAL_W10,242,3,0.9407346248626709,0.0592653751373291,0.34428292512893677,True,False,False,False
STRAIN_000708,4,LOCAL_W10,342,4,0.9424198865890503,0.05758011341094971,0.33935248851776123,True,False,False,False
STRAIN_000708,4,LOCAL_W10,442,5,0.9422658681869507,0.057734131813049316,0.33980631828308105,True,False,False,False
STRAIN_000715,4,LOCAL_W10,42,1,0.9254157543182373,0.0745842456817627,0.3862232565879822,True,False,False,False
STRAIN_000715,4,LOCAL_W10,142,2,0.9278616309165955,0.07213836908340454,0.3798377513885498,True,False,False,False
STRAIN_000715,4,LOCAL_W10,242,3,0.928318440914154,0.07168155908584595,0.37863314151763916,True,False,False,False
STRAIN_000715,4,LOCAL_W10,342,4,0.9336776733398438,0.06632232666015625,0.3642041087150574,True,False,False,False
STRAIN_000715,4,LOCAL_W10,442,5,0.9289387464523315,0.07106125354766846,0.37699130177497864,True,False,False,False
STRAIN_000717,4,LOCAL_W10,42,1,0.9525794386863708,0.04742056131362915,0.30796265602111816,True,False,False,False
STRAIN_000717,4,LOCAL_W10,142,2,0.9335750341415405,0.06642496585845947,0.3644859790802002,True,False,False,False
STRAIN_000717,4,LOCAL_W10,242,3,0.9418138265609741,0.05818617343902588,0.3411336839199066,True,False,False,False
STRAIN_000717,4,LOCAL_W10,342,4,0.9480369091033936,0.051963090896606445,0.3223753869533539,True,False,False,False
STRAIN_000717,4,LOCAL_W10,442,5,0.9477874040603638,0.05221259593963623,0.3231488764286041,True,False,False,False
STRAIN_000728,4,LOCAL_W10,42,1,0.9523565173149109,0.04764348268508911,0.3086858093738556,True,False,False,False
STRAIN_000728,4,LOCAL_W10,142,2,0.9462137222290039,0.053786277770996094,0.3279825747013092,True,False,False,False
STRAIN_000728,4,LOCAL_W10,242,3,0.9382734298706055,0.06172657012939453,0.35135918855667114,True,False,False,False
STRAIN_000728,4,LOCAL_W10,342,4,0.948448121547699,0.051551878452301025,0.3210979104042053,True,False,False,False
STRAIN_000728,4,LOCAL_W10,442,5,0.9507008790969849,0.04929912090301514,0.3140032887458801,True,False,False,False
STRAIN_000729,4,LOCAL_W10,42,1,0.9501032829284668,0.0498967170715332,0.315900981426239,True,False,False,False
STRAIN_000729,4,LOCAL_W10,142,2,0.964998722076416,0.035001277923583984,0.2645799517631531,True,False,False,False
STRAIN_000729,4,LOCAL_W10,242,3,0.9578377604484558,0.04216223955154419,0.2903869152069092,True,False,False,False
STRAIN_000729,4,LOCAL_W10,342,4,0.9596396684646606,0.040360331535339355,0.28411394357681274,True,False,False,False
STRAIN_000729,4,LOCAL_W10,442,5,0.9417725801467896,0.05822741985321045,0.34125474095344543,True,False,False,False
STRAIN_000732,4,LOCAL_W10,42,1,0.9374988675117493,0.06250113248825073,0.3535567820072174,True,False,False,False
STRAIN_000732,4,LOCAL_W10,142,2,0.9445902705192566,0.05540972948074341,0.3328957259654999,True,False,False,False
STRAIN_000732,4,LOCAL_W10,242,3,0.9434675574302673,0.056532442569732666,0.3362514078617096,True,False,False,False
STRAIN_000732,4,LOCAL_W10,342,4,0.9425910711288452,0.057408928871154785,0.33884793519973755,True,False,False,False
STRAIN_000732,4,LOCAL_W10,442,5,0.9398161768913269,0.060183823108673096,0.34694045782089233,True,False,False,False
STRAIN_000735,4,LOCAL_W10,42,1,0.9456822872161865,0.05431771278381348,0.3295988440513611,True,False,False,False
STRAIN_000735,4,LOCAL_W10,142,2,0.9407404661178589,0.05925953388214111,0.3442658483982086,True,False,False,False
STRAIN_000735,4,LOCAL_W10,242,3,0.9507603049278259,0.04923969507217407,0.3138142228126526,True,False,False,False
STRAIN_000735,4,LOCAL_W10,342,4,0.9403362274169922,0.05966377258300781,0.34543803334236145,True,False,False,False
STRAIN_000735,4,LOCAL_W10,442,5,0.9529421925544739,0.04705780744552612,0.30678263306617737,True,False,False,False
STRAIN_000736,4,LOCAL_W10,42,1,0.9501744508743286,0.04982554912567139,0.3156755864620209,True,False,False,False
STRAIN_000736,4,LOCAL_W10,142,2,0.9476794004440308,0.05232059955596924,0.32348278164863586,True,False,False,False
STRAIN_000736,4,LOCAL_W10,242,3,0.9490123987197876,0.0509876012802124,0.3193354308605194,True,False,False,False
STRAIN_000736,4,LOCAL_W10,342,4,0.9480528831481934,0.05194711685180664,0.3223263621330261,True,False,False,False
STRAIN_000736,4,LOCAL_W10,442,5,0.9421118497848511,0.057888150215148926,0.340259313583374,True,False,False,False
STRAIN_000738,4,LOCAL_W10,42,1,0.9447876811027527,0.055212318897247314,0.33230188488960266,True,False,False,False
STRAIN_000738,4,LOCAL_W10,142,2,0.9445900321006775,0.05540996789932251,0.3328962028026581,True,False,False,False
STRAIN_000738,4,LOCAL_W10,242,3,0.9472973346710205,0.05270266532897949,0.32466164231300354,True,False,False,False
STRAIN_000738,4,LOCAL_W10,342,4,0.9419796466827393,0.05802035331726074,0.34064748883247375,True,False,False,False
STRAIN_000738,4,LOCAL_W10,442,5,0.9464282989501953,0.05357170104980469,0.32732757925987244,True,False,False,False
STRAIN_000757,4,LOCAL_W10,42,1,0.9482637643814087,0.05173623561859131,0.32167133688926697,True,False,False,False
STRAIN_000757,4,LOCAL_W10,142,2,0.9447267055511475,0.05527329444885254,0.332485169172287,True,False,False,False
STRAIN_000757,4,LOCAL_W10,242,3,0.9447243809700012,0.05527561902999878,0.33249253034591675,True,False,False,False
STRAIN_000757,4,LOCAL_W10,342,4,0.9428902864456177,0.057109713554382324,0.33796367049217224,True,False,False,False
STRAIN_000757,4,LOCAL_W10,442,5,0.9511791467666626,0.0488208532333374,0.3124765455722809,True,False,False,False
STRAIN_000761,4,LOCAL_W10,42,1,0.9335434436798096,0.06645655632019043,0.3645726442337036,True,False,False,False
STRAIN_000761,4,LOCAL_W10,142,2,0.9273294806480408,0.07267051935195923,0.38123610615730286,True,False,False,False
STRAIN_000761,4,LOCAL_W10,242,3,0.9450181126594543,0.054981887340545654,0.33160802721977234,True,False,False,False
STRAIN_000761,4,LOCAL_W10,342,4,0.9294723272323608,0.07052767276763916,0.37557339668273926,True,False,False,False
STRAIN_000761,4,LOCAL_W10,442,5,0.9330428838729858,0.06695711612701416,0.36594298481941223,True,False,False,False
STRAIN_000762,4,LOCAL_W10,42,1,0.9430979490280151,0.05690205097198486,0.33734872937202454,True,False,False,False
STRAIN_000762,4,LOCAL_W10,142,2,0.9347034096717834,0.06529659032821655,0.36137691140174866,True,False,False,False
STRAIN_000762,4,LOCAL_W10,242,3,0.9355803728103638,0.06441962718963623,0.3589416444301605,True,False,False,False
STRAIN_000762,4,LOCAL_W10,342,4,0.9426784515380859,0.05732154846191406,0.3385896682739258,True,False,False,False
STRAIN_000762,4,LOCAL_W10,442,5,0.9272680878639221,0.07273191213607788,0.3813970386981964,True,False,False,False
STRAIN_000764,4,LOCAL_W10,42,1,0.9596154689788818,0.040384531021118164,0.28419896960258484,True,False,False,False
STRAIN_000764,4,LOCAL_W10,142,2,0.9506643414497375,0.04933565855026245,0.3141199052333832,True,False,False,False
STRAIN_000764,4,LOCAL_W10,242,3,0.9434611797332764,0.05653882026672363,0.3362702429294586,True,False,False,False
STRAIN_000764,4,LOCAL_W10,342,4,0.9564497470855713,0.04355025291442871,0.295127809047699,True,False,False,False
STRAIN_000764,4,LOCAL_W10,442,5,0.9543917179107666,0.0456082820892334,0.30202069878578186,True,False,False,False
STRAIN_000769,4,LOCAL_W10,42,1,0.9407030344009399,0.05929696559906006,0.3443743884563446,True,False,False,False
STRAIN_000769,4,LOCAL_W10,142,2,0.9469395875930786,0.05306041240692139,0.32576167583465576,True,False,False,False
STRAIN_000769,4,LOCAL_W10,242,3,0.9490402936935425,0.05095970630645752,0.3192482590675354,True,False,False,False
STRAIN_000769,4,LOCAL_W10,342,4,0.9436650276184082,0.0563349723815918,0.3356635272502899,True,False,False,False
STRAIN_000769,4,LOCAL_W10,442,5,0.9458780884742737,0.05412191152572632,0.3290044069290161,True,False,False,False
STRAIN_000770,4,LOCAL_W10,42,1,0.9371631145477295,0.06283688545227051,0.35450512170791626,True,False,False,False
STRAIN_000770,4,LOCAL_W10,142,2,0.9469718933105469,0.053028106689453125,0.3256627321243286,True,False,False,False
STRAIN_000770,4,LOCAL_W10,242,3,0.9326027035713196,0.06739729642868042,0.3671437203884125,True,False,False,False
STRAIN_000770,4,LOCAL_W10,342,4,0.9283720254898071,0.07162797451019287,0.37849172949790955,True,False,False,False
STRAIN_000770,4,LOCAL_W10,442,5,0.9421653747558594,0.057834625244140625,0.34010177850723267,True,False,False,False
STRAIN_000771,4,LOCAL_W10,42,1,0.9185605049133301,0.08143949508666992,0.40358272194862366,True,False,False,False
STRAIN_000771,4,LOCAL_W10,142,2,0.9093207120895386,0.09067928791046143,0.4258621335029602,True,False,False,False
STRAIN_000771,4,LOCAL_W10,242,3,0.9494929313659668,0.0505070686340332,0.31782737374305725,True,False,False,False
STRAIN_000771,4,LOCAL_W10,342,4,0.93076491355896,0.06923508644104004,0.3721158504486084,True,False,False,False
STRAIN_000771,4,LOCAL_W10,442,5,0.9134845733642578,0.08651542663574219,0.41596996784210205,True,False,False,False
STRAIN_000772,4,LOCAL_W10,42,1,0.9442249536514282,0.05577504634857178,0.3339914381504059,True,False,False,False
STRAIN_000772,4,LOCAL_W10,142,2,0.9495234489440918,0.0504765510559082,0.31773102283477783,True,False,False,False
STRAIN_000772,4,LOCAL_W10,242,3,0.9388504028320312,0.06114959716796875,0.34971320629119873,True,False,False,False
STRAIN_000772,4,LOCAL_W10,342,4,0.9470992684364319,0.052900731563568115,0.3252716362476349,True,False,False,False
STRAIN_000772,4,LOCAL_W10,442,5,0.9313939809799194,0.06860601902008057,0.37042170763015747,True,False,False,False
STRAIN_000773,4,LOCAL_W10,42,1,0.9337391257286072,0.06626087427139282,0.36403530836105347,True,False,False,False
STRAIN_000773,4,LOCAL_W10,142,2,0.9407906532287598,0.059209346771240234,0.34412023425102234,True,False,False,False
STRAIN_000773,4,LOCAL_W10,242,3,0.9402583837509155,0.05974161624908447,0.34566330909729004,True,False,False,False
STRAIN_000773,4,LOCAL_W10,342,4,0.9478576183319092,0.05214238166809082,0.32293131947517395,True,False,False,False
STRAIN_000773,4,LOCAL_W10,442,5,0.9438703060150146,0.05612969398498535,0.3350512683391571,True,False,False,False
STRAIN_000774,4,LOCAL_W10,42,1,0.9306746125221252,0.06932538747787476,0.37235838174819946,True,False,False,False
STRAIN_000774,4,LOCAL_W10,142,2,0.9315372705459595,0.06846272945404053,0.3700343668460846,True,False,False,False
STRAIN_000774,4,LOCAL_W10,242,3,0.9291104078292847,0.07088959217071533,0.3765357434749603,True,False,False,False
STRAIN_000774,4,LOCAL_W10,342,4,0.9422683715820312,0.05773162841796875,0.3397989869117737,True,False,False,False
STRAIN_000774,4,LOCAL_W10,442,5,0.9437897205352783,0.05621027946472168,0.3352920114994049,True,False,False,False
STRAIN_000775,4,LOCAL_W10,42,1,0.9403337836265564,0.059666216373443604,0.34544557332992554,True,False,False,False
STRAIN_000775,4,LOCAL_W10,142,2,0.9471383094787598,0.052861690521240234,0.32515156269073486,True,False,False,False
STRAIN_000775,4,LOCAL_W10,242,3,0.9471153020858765,0.052884697914123535,0.3252224028110504,True,False,False,False
STRAIN_000775,4,LOCAL_W10,342,4,0.9437453150749207,0.056254684925079346,0.33542439341545105,True,False,False,False
STRAIN_000775,4,LOCAL_W10,442,5,0.9402549862861633,0.05974501371383667,0.34567341208457947,True,False,False,False
STRAIN_000776,4,LOCAL_W10,42,1,0.9484462141990662,0.05155378580093384,0.32110366225242615,True,False,False,False
STRAIN_000776,4,LOCAL_W10,142,2,0.9520447850227356,0.047955214977264404,0.30969396233558655,True,False,False,False
STRAIN_000776,4,LOCAL_W10,242,3,0.9613781571388245,0.03862184286117554,0.27792736887931824,True,False,False,False
STRAIN_000776,4,LOCAL_W10,342,4,0.9543840885162354,0.04561591148376465,0.30204594135284424,True,False,False,False
STRAIN_000776,4,LOCAL_W10,442,5,0.9406903386116028,0.05930966138839722,0.34441155195236206,True,False,False,False
STRAIN_000783,4,LOCAL_W10,42,1,0.9466874599456787,0.05331254005432129,0.32653504610061646,True,False,False,False
STRAIN_000783,4,LOCAL_W10,142,2,0.9516193270683289,0.04838067293167114,0.3110649883747101,True,False,False,False
STRAIN_000783,4,LOCAL_W10,242,3,0.9479353427886963,0.05206465721130371,0.32269084453582764,True,False,False,False
STRAIN_000783,4,LOCAL_W10,342,4,0.9369606375694275,0.06303936243057251,0.3550759255886078,True,False,False,False
STRAIN_000783,4,LOCAL_W10,442,5,0.9363484382629395,0.06365156173706055,0.3567957282066345,True,False,False,False
STRAIN_000788,4,LOCAL_W10,42,1,0.9423086047172546,0.05769139528274536,0.339680552482605,True,False,False,False
STRAIN_000788,4,LOCAL_W10,142,2,0.9487123489379883,0.05128765106201172,0.32027411460876465,True,False,False,False
STRAIN_000788,4,LOCAL_W10,242,3,0.9466843605041504,0.05331563949584961,0.3265443444252014,True,False,False,False
STRAIN_000788,4,LOCAL_W10,342,4,0.9418911933898926,0.05810880661010742,0.34090712666511536,True,False,False,False
STRAIN_000788,4,LOCAL_W10,442,5,0.9407572746276855,0.05924272537231445,0.344217449426651,True,False,False,False
STRAIN_000795,4,LOCAL_W10,42,1,0.9507668018341064,0.049233198165893555,0.31379377841949463,True,False,False,False
STRAIN_000795,4,LOCAL_W10,142,2,0.9410549402236938,0.05894505977630615,0.3433513939380646,True,False,False,False
STRAIN_000795,4,LOCAL_W10,242,3,0.9418026804924011,0.05819731950759888,0.3411666452884674,True,False,False,False
STRAIN_000795,4,LOCAL_W10,342,4,0.9600630402565002,0.039936959743499756,0.28262004256248474,True,False,False,False
STRAIN_000795,4,LOCAL_W10,442,5,0.9392637014389038,0.06073629856109619,0.3485293388366699,True,False,False,False
STRAIN_000799,4,LOCAL_W10,42,1,0.9456456303596497,0.05435436964035034,0.32971006631851196,True,False,False,False
STRAIN_000799,4,LOCAL_W10,142,2,0.945397138595581,0.054602861404418945,0.3304629921913147,True,False,False,False
STRAIN_000799,4,LOCAL_W10,242,3,0.9369197487831116,0.06308025121688843,0.35519084334373474,True,False,False,False
STRAIN_000799,4,LOCAL_W10,342,4,0.9439055323600769,0.056094467639923096,0.3349463641643524,True,False,False,False
STRAIN_000799,4,LOCAL_W10,442,5,0.9406628608703613,0.05933713912963867,0.3444911241531372,True,False,False,False
STRAIN_000801,4,LOCAL_W10,42,1,0.9508280754089355,0.04917192459106445,0.31359851360321045,True,False,False,False
STRAIN_000801,4,LOCAL_W10,142,2,0.9500688910484314,0.049931108951568604,0.3160097301006317,True,False,False,False
STRAIN_000801,4,LOCAL_W10,242,3,0.9530510306358337,0.04694896936416626,0.3064279556274414,True,False,False,False
STRAIN_000801,4,LOCAL_W10,342,4,0.9512027502059937,0.04879724979400635,0.31240150332450867,True,False,False,False
STRAIN_000801,4,LOCAL_W10,442,5,0.9470483064651489,0.052951693534851074,0.3254282772541046,True,False,False,False
STRAIN_000804,4,LOCAL_W10,42,1,0.9279897809028625,0.07201021909713745,0.37950024008750916,True,False,False,False
STRAIN_000804,4,LOCAL_W10,142,2,0.9418293237686157,0.05817067623138428,0.34108859300613403,True,False,False,False
STRAIN_000804,4,LOCAL_W10,242,3,0.9400573968887329,0.05994260311126709,0.3462444245815277,True,False,False,False
STRAIN_000804,4,LOCAL_W10,342,4,0.9518512487411499,0.0481487512588501,0.31031838059425354,True,False,False,False
STRAIN_000804,4,LOCAL_W10,442,5,0.9451168775558472,0.05488312244415283,0.33131006360054016,True,False,False,False
STRAIN_000805,4,LOCAL_W10,42,1,0.9332031011581421,0.06679689884185791,0.36550500988960266,True,False,False,False
STRAIN_000805,4,LOCAL_W10,142,2,0.9255914688110352,0.07440853118896484,0.38576799631118774,True,False,False,False
STRAIN_000805,4,LOCAL_W10,242,3,0.9314252138137817,0.06857478618621826,0.3703373372554779,True,False,False,False
STRAIN_000805,4,LOCAL_W10,342,4,0.935055136680603,0.06494486331939697,0.3604021668434143,True,False,False,False
STRAIN_000805,4,LOCAL_W10,442,5,0.9265658855438232,0.07343411445617676,0.3832339942455292,True,False,False,False
STRAIN_000807,4,LOCAL_W10,42,1,0.930671215057373,0.06932878494262695,0.37236765027046204,True,False,False,False
STRAIN_000807,4,LOCAL_W10,142,2,0.9379249811172485,0.062075018882751465,0.35234928131103516,True,False,False,False
STRAIN_000807,4,LOCAL_W10,242,3,0.9380073547363281,0.061992645263671875,0.35211554169654846,True,False,False,False
STRAIN_000807,4,LOCAL_W10,342,4,0.9355391263961792,0.0644608736038208,0.35905686020851135,True,False,False,False
STRAIN_000807,4,LOCAL_W10,442,5,0.9374221563339233,0.06257784366607666,0.3537735342979431,True,False,False,False
STRAIN_000811,4,LOCAL_W10,42,1,0.9242039322853088,0.07579606771469116,0.38934844732284546,True,False,False,False
STRAIN_000811,4,LOCAL_W10,142,2,0.9337543249130249,0.0662456750869751,0.3639933168888092,True,False,False,False
STRAIN_000811,4,LOCAL_W10,242,3,0.9240914583206177,0.07590854167938232,0.3896368741989136,True,False,False,False
STRAIN_000811,4,LOCAL_W10,342,4,0.9308573007583618,0.06914269924163818,0.3718673586845398,True,False,False,False
STRAIN_000811,4,LOCAL_W10,442,5,0.9134712219238281,0.08652877807617188,0.4160017967224121,True,False,False,False
STRAIN_000816,4,LOCAL_W10,42,1,0.9464941024780273,0.053505897521972656,0.32712647318840027,True,False,False,False
STRAIN_000816,4,LOCAL_W10,142,2,0.9371844530105591,0.06281554698944092,0.3544444739818573,True,False,False,False
STRAIN_000816,4,LOCAL_W10,242,3,0.9353412389755249,0.0646587610244751,0.3596075177192688,True,False,False,False
STRAIN_000816,4,LOCAL_W10,342,4,0.9495925903320312,0.05040740966796875,0.3175131380558014,True,False,False,False
STRAIN_000816,4,LOCAL_W10,442,5,0.9416519403457642,0.05834805965423584,0.34160804748535156,True,False,False,False
STRAIN_000819,4,LOCAL_W10,42,1,0.9399347305297852,0.060065269470214844,0.34659844636917114,True,False,False,False
STRAIN_000819,4,LOCAL_W10,142,2,0.9402710795402527,0.059728920459747314,0.3456268906593323,True,False,False,False
STRAIN_000819,4,LOCAL_W10,242,3,0.9457373023033142,0.05426269769668579,0.3294317126274109,True,False,False,False
STRAIN_000819,4,LOCAL_W10,342,4,0.931526780128479,0.068473219871521,0.3700625002384186,True,False,False,False
STRAIN_000819,4,LOCAL_W10,442,5,0.9448615312576294,0.055138468742370605,0.3320799171924591,True,False,False,False
STRAIN_000821,4,LOCAL_W10,42,1,0.9380035400390625,0.0619964599609375,0.35212650895118713,True,False,False,False
STRAIN_000821,4,LOCAL_W10,142,2,0.9400531053543091,0.05994689464569092,0.34625691175460815,True,False,False,False
STRAIN_000821,4,LOCAL_W10,242,3,0.9341985583305359,0.06580144166946411,0.36277133226394653,True,False,False,False
STRAIN_000821,4,LOCAL_W10,342,4,0.9398543834686279,0.06014561653137207,0.3468303084373474,True,False,False,False
STRAIN_000821,4,LOCAL_W10,442,5,0.9347289800643921,0.06527101993560791,0.3613062798976898,True,False,False,False
STRAIN_000823,4,LOCAL_W10,42,1,0.9479254484176636,0.052074551582336426,0.3227211534976959,True,False,False,False
STRAIN_000823,4,LOCAL_W10,142,2,0.9357943534851074,0.06420564651489258,0.3583451211452484,True,False,False,False
STRAIN_000823,4,LOCAL_W10,242,3,0.9489718079566956,0.05102819204330444,0.31946268677711487,True,False,False,False
STRAIN_000823,4,LOCAL_W10,342,4,0.9360684156417847,0.06393158435821533,0.35757964849472046,True,False,False,False
STRAIN_000823,4,LOCAL_W10,442,5,0.945231556892395,0.05476844310760498,0.3309635818004608,True,False,False,False
STRAIN_000824,4,LOCAL_W10,42,1,0.9472646713256836,0.052735328674316406,0.32476240396499634,True,False,False,False
STRAIN_000824,4,LOCAL_W10,142,2,0.953029453754425,0.04697054624557495,0.3064977526664734,True,False,False,False
STRAIN_000824,4,LOCAL_W10,242,3,0.934626579284668,0.06537342071533203,0.3615895211696625,True,False,False,False
STRAIN_000824,4,LOCAL_W10,342,4,0.945101797580719,0.054898202419281006,0.3313552141189575,True,False,False,False
STRAIN_000824,4,LOCAL_W10,442,5,0.9390119314193726,0.06098806858062744,0.3492507338523865,True,False,False,False
STRAIN_000831,4,LOCAL_W10,42,1,0.9442340135574341,0.05576598644256592,0.33396393060684204,True,False,False,False
STRAIN_000831,4,LOCAL_W10,142,2,0.9407243728637695,0.05927562713623047,0.3443126678466797,True,False,False,False
STRAIN_000831,4,LOCAL_W10,242,3,0.943301796913147,0.05669820308685303,0.33674362301826477,True,False,False,False
STRAIN_000831,4,LOCAL_W10,342,4,0.9457639455795288,0.05423605442047119,0.32935091853141785,True,False,False,False
STRAIN_000831,4,LOCAL_W10,442,5,0.9413360357284546,0.05866396427154541,0.3425317406654358,True,False,False,False
STRAIN_000839,4,LOCAL_W10,42,1,0.9380854368209839,0.06191456317901611,0.35189369320869446,True,False,False,False
STRAIN_000839,4,LOCAL_W10,142,2,0.9326944947242737,0.06730550527572632,0.3668937683105469,True,False,False,False
STRAIN_000839,4,LOCAL_W10,242,3,0.9405065774917603,0.059493422508239746,0.3449447751045227,True,False,False,False
STRAIN_000839,4,LOCAL_W10,342,4,0.9387859106063843,0.06121408939361572,0.3498975336551666,True,False,False,False
STRAIN_000839,4,LOCAL_W10,442,5,0.9405219554901123,0.059478044509887695,0.34490036964416504,True,False,False,False
STRAIN_000840,4,LOCAL_W10,42,1,0.9371772408485413,0.06282275915145874,0.35446518659591675,True,False,False,False
STRAIN_000840,4,LOCAL_W10,142,2,0.9385602474212646,0.06143975257873535,0.35054200887680054,True,False,False,False
STRAIN_000840,4,LOCAL_W10,242,3,0.9360795617103577,0.06392043828964233,0.3575485646724701,True,False,False,False
STRAIN_000840,4,LOCAL_W10,342,4,0.9373028874397278,0.06269711256027222,0.354110449552536,True,False,False,False
STRAIN_000840,4,LOCAL_W10,442,5,0.9394013285636902,0.060598671436309814,0.34813418984413147,True,False,False,False
STRAIN_000845,4,LOCAL_W10,42,1,0.9549185037612915,0.045081496238708496,0.3002714216709137,True,False,False,False
STRAIN_000845,4,LOCAL_W10,142,2,0.9380334615707397,0.061966538429260254,0.3520412743091583,True,False,False,False
STRAIN_000845,4,LOCAL_W10,242,3,0.9347268342971802,0.06527316570281982,0.36131182312965393,True,False,False,False
STRAIN_000845,4,LOCAL_W10,342,4,0.9447721838951111,0.055227816104888916,0.33234861493110657,True,False,False,False
STRAIN_000845,4,LOCAL_W10,442,5,0.9485650658607483,0.05143493413925171,0.32073336839675903,True,False,False,False
STRAIN_000847,4,LOCAL_W10,42,1,0.9388664364814758,0.06113356351852417,0.34966719150543213,True,False,False,False
STRAIN_000847,4,LOCAL_W10,142,2,0.9371668696403503,0.06283313035964966,0.35449424386024475,True,False,False,False
STRAIN_000847,4,LOCAL_W10,242,3,0.9324864149093628,0.06751358509063721,0.3674605190753937,True,False,False,False
STRAIN_000847,4,LOCAL_W10,342,4,0.9438425302505493,0.056157469749450684,0.3351341187953949,True,False,False,False
STRAIN_000847,4,LOCAL_W10,442,5,0.9406349658966064,0.059365034103393555,0.344572514295578,True,False,False,False
STRAIN_000851,4,LOCAL_W10,42,1,0.9504051208496094,0.049594879150390625,0.3149442970752716,True,False,False,False
STRAIN_000851,4,LOCAL_W10,142,2,0.9607479572296143,0.03925204277038574,0.2801856994628906,True,False,False,False
STRAIN_000851,4,LOCAL_W10,242,3,0.948483407497406,0.051516592502593994,0.32098767161369324,True,False,False,False
STRAIN_000851,4,LOCAL_W10,342,4,0.9597262144088745,0.04027378559112549,0.2838090658187866,True,False,False,False
STRAIN_000851,4,LOCAL_W10,442,5,0.9584230780601501,0.041576921939849854,0.28836432099342346,True,False,False,False
STRAIN_000853,4,LOCAL_W10,42,1,0.9398460984230042,0.06015390157699585,0.34685397148132324,True,False,False,False
STRAIN_000853,4,LOCAL_W10,142,2,0.9473748207092285,0.052625179290771484,0.3244229555130005,True,False,False,False
STRAIN_000853,4,LOCAL_W10,242,3,0.9370933175086975,0.06290668249130249,0.35470137000083923,True,False,False,False
STRAIN_000853,4,LOCAL_W10,342,4,0.9438707828521729,0.05612921714782715,0.335049569606781,True,False,False,False
STRAIN_000853,4,LOCAL_W10,442,5,0.9388762712478638,0.06112372875213623,0.3496389091014862,True,False,False,False
STRAIN_000866,4,LOCAL_W10,42,1,0.9495426416397095,0.05045735836029053,0.3176710307598114,True,False,False,False
STRAIN_000866,4,LOCAL_W10,142,2,0.9509930610656738,0.04900693893432617,0.31307172775268555,True,False,False,False
STRAIN_000866,4,LOCAL_W10,242,3,0.94185471534729,0.05814528465270996,0.3410140872001648,True,False,False,False
STRAIN_000866,4,LOCAL_W10,342,4,0.9447447657585144,0.055255234241485596,0.3324313759803772,True,False,False,False
STRAIN_000866,4,LOCAL_W10,442,5,0.9483349323272705,0.05166506767272949,0.32144999504089355,True,False,False,False
STRAIN_000867,4,LOCAL_W10,42,1,0.9339127540588379,0.06608724594116211,0.3635581135749817,True,False,False,False
STRAIN_000867,4,LOCAL_W10,142,2,0.9401868581771851,0.05981314182281494,0.34587016701698303,True,False,False,False
STRAIN_000867,4,LOCAL_W10,242,3,0.9384451508522034,0.06155484914779663,0.35086989402770996,True,False,False,False
STRAIN_000867,4,LOCAL_W10,342,4,0.9401613473892212,0.05983865261077881,0.34594404697418213,True,False,False,False
STRAIN_000867,4,LOCAL_W10,442,5,0.942468523979187,0.05753147602081299,0.3392091393470764,True,False,False,False
STRAIN_000878,4,LOCAL_W10,42,1,0.9402602314949036,0.059739768505096436,0.34565794467926025,True,False,False,False
STRAIN_000878,4,LOCAL_W10,142,2,0.9303888082504272,0.06961119174957275,0.3731250464916229,True,False,False,False
STRAIN_000878,4,LOCAL_W10,242,3,0.9384528398513794,0.061547160148620605,0.35084784030914307,True,False,False,False
STRAIN_000878,4,LOCAL_W10,342,4,0.9446409940719604,0.05535900592803955,0.3327430784702301,True,False,False,False
STRAIN_000878,4,LOCAL_W10,442,5,0.9394824504852295,0.06051754951477051,0.34790077805519104,True,False,False,False
STRAIN_000886,4,LOCAL_W10,42,1,0.9327785968780518,0.06722140312194824,0.3666645288467407,True,False,False,False
STRAIN_000886,4,LOCAL_W10,142,2,0.9409402012825012,0.05905979871749878,0.3436853885650635,True,False,False,False
STRAIN_000886,4,LOCAL_W10,242,3,0.9437053203582764,0.05629467964172363,0.3355434238910675,True,False,False,False
STRAIN_000886,4,LOCAL_W10,342,4,0.9454578161239624,0.0545421838760376,0.33027926087379456,True,False,False,False
STRAIN_000886,4,LOCAL_W10,442,5,0.9323633909225464,0.06763660907745361,0.3677951693534851,True,False,False,False
STRAIN_000894,4,LOCAL_W10,42,1,0.9517394304275513,0.04826056957244873,0.3106786012649536,True,False,False,False
STRAIN_000894,4,LOCAL_W10,142,2,0.9477254152297974,0.05227458477020264,0.3233407437801361,True,False,False,False
STRAIN_000894,4,LOCAL_W10,242,3,0.9304653406143188,0.06953465938568115,0.3729199469089508,True,False,False,False
STRAIN_000894,4,LOCAL_W10,342,4,0.9495257139205933,0.05047428607940674,0.3177241384983063,True,False,False,False
STRAIN_000894,4,LOCAL_W10,442,5,0.9373262524604797,0.06267374753952026,0.35404446721076965,True,False,False,False
STRAIN_000908,4,LOCAL_W10,42,1,0.9537127614021301,0.04628723859786987,0.3042605221271515,True,False,False,False
STRAIN_000908,4,LOCAL_W10,142,2,0.9491367340087891,0.05086326599121094,0.3189461827278137,True,False,False,False
STRAIN_000908,4,LOCAL_W10,242,3,0.9503377676010132,0.049662232398986816,0.3151577115058899,True,False,False,False
STRAIN_000908,4,LOCAL_W10,342,4,0.9526214599609375,0.0473785400390625,0.30782634019851685,True,False,False,False
STRAIN_000908,4,LOCAL_W10,442,5,0.9506162405014038,0.04938375949859619,0.31427305936813354,True,False,False,False
STRAIN_000912,4,LOCAL_W10,42,1,0.9598693251609802,0.040130674839019775,0.283304363489151,True,False,False,False
STRAIN_000912,4,LOCAL_W10,142,2,0.9574415683746338,0.04255843162536621,0.29174789786338806,True,False,False,False
STRAIN_000912,4,LOCAL_W10,242,3,0.9540032148361206,0.045996785163879395,0.303304523229599,True,False,False,False
STRAIN_000912,4,LOCAL_W10,342,4,0.9500298500061035,0.049970149993896484,0.3161337375640869,True,False,False,False
STRAIN_000912,4,LOCAL_W10,442,5,0.9535216689109802,0.046478331089019775,0.3048882484436035,True,False,False,False
STRAIN_000915,4,LOCAL_W10,42,1,0.9375028014183044,0.06249719858169556,0.35354527831077576,True,False,False,False
STRAIN_000915,4,LOCAL_W10,142,2,0.9436411261558533,0.05635887384414673,0.33573439717292786,True,False,False,False
STRAIN_000915,4,LOCAL_W10,242,3,0.9510297179222107,0.04897028207778931,0.3129545748233795,True,False,False,False
STRAIN_000915,4,LOCAL_W10,342,4,0.948081374168396,0.051918625831604004,0.3222379684448242,True,False,False,False
STRAIN_000915,4,LOCAL_W10,442,5,0.9421732425689697,0.05782675743103027,0.3400786221027374,True,False,False,False
STRAIN_000917,4,LOCAL_W10,42,1,0.9467520713806152,0.053247928619384766,0.32633692026138306,True,False,False,False
STRAIN_000917,4,LOCAL_W10,142,2,0.9502993822097778,0.04970061779022217,0.3152797520160675,True,False,False,False
STRAIN_000917,4,LOCAL_W10,242,3,0.9511697888374329,0.04883021116256714,0.3125064969062805,True,False,False,False
STRAIN_000917,4,LOCAL_W10,342,4,0.9423542022705078,0.05764579772949219,0.3395463526248932,True,False,False,False
STRAIN_000917,4,LOCAL_W10,442,5,0.9373472929000854,0.06265270709991455,0.35398510098457336,True,False,False,False
STRAIN_000918,4,LOCAL_W10,42,1,0.9571864604949951,0.04281353950500488,0.29262083768844604,True,False,False,False
STRAIN_000918,4,LOCAL_W10,142,2,0.9250787496566772,0.07492125034332275,0.3870948255062103,True,False,False,False
STRAIN_000918,4,LOCAL_W10,242,3,0.9553405046463013,0.04465949535369873,0.29886266589164734,True,False,False,False
STRAIN_000918,4,LOCAL_W10,342,4,0.9342669248580933,0.06573307514190674,0.36258259415626526,True,False,False,False
STRAIN_000918,4,LOCAL_W10,442,5,0.9412945508956909,0.05870544910430908,0.342652827501297,True,False,False,False
STRAIN_000919,4,LOCAL_W10,42,1,0.9404746294021606,0.059525370597839355,0.3450371026992798,True,False,False,False
STRAIN_000919,4,LOCAL_W10,142,2,0.9390437602996826,0.06095623970031738,0.3491596281528473,True,False,False,False
STRAIN_000919,4,LOCAL_W10,242,3,0.9359426498413086,0.0640573501586914,0.3579309582710266,True,False,False,False
STRAIN_000919,4,LOCAL_W10,342,4,0.9442986845970154,0.05570131540298462,0.33377042412757874,True,False,False,False
STRAIN_000919,4,LOCAL_W10,442,5,0.9462995529174805,0.05370044708251953,0.3277204930782318,True,False,False,False
STRAIN_000921,4,LOCAL_W10,42,1,0.9428502321243286,0.05714976787567139,0.3380821943283081,True,False,False,False
STRAIN_000921,4,LOCAL_W10,142,2,0.9455410242080688,0.05445897579193115,0.33002734184265137,True,False,False,False
STRAIN_000921,4,LOCAL_W10,242,3,0.9336951971054077,0.06630480289459229,0.3641562759876251,True,False,False,False
STRAIN_000921,4,LOCAL_W10,342,4,0.9334478378295898,0.06655216217041016,0.3648344874382019,True,False,False,False
STRAIN_000921,4,LOCAL_W10,442,5,0.9312681555747986,0.06873184442520142,0.3707609474658966,True,False,False,False
STRAIN_000923,4,LOCAL_W10,42,1,0.9367792010307312,0.0632207989692688,0.3555862605571747,True,False,False,False
STRAIN_000923,4,LOCAL_W10,142,2,0.9423198699951172,0.05768013000488281,0.3396470844745636,True,False,False,False
STRAIN_000923,4,LOCAL_W10,242,3,0.9371442794799805,0.06285572052001953,0.35455799102783203,True,False,False,False
STRAIN_000923,4,LOCAL_W10,342,4,0.9388633966445923,0.061136603355407715,0.3496759235858917,True,False,False,False
STRAIN_000923,4,LOCAL_W10,442,5,0.9372400641441345,0.06275993585586548,0.3542880117893219,True,False,False,False
STRAIN_000929,4,LOCAL_W10,42,1,0.9345121383666992,0.06548786163330078,0.3619055449962616,True,False,False,False
STRAIN_000929,4,LOCAL_W10,142,2,0.9551848769187927,0.044815123081207275,0.2993827164173126,True,False,False,False
STRAIN_000929,4,LOCAL_W10,242,3,0.952131450176239,0.047868549823760986,0.3094140887260437,True,False,False,False
STRAIN_000929,4,LOCAL_W10,342,4,0.954175591468811,0.045824408531188965,0.30273547768592834,True,False,False,False
STRAIN_000929,4,LOCAL_W10,442,5,0.9433048963546753,0.05669510364532471,0.3367345631122589,True,False,False,False
STRAIN_000953,4,LOCAL_W10,42,1,0.9297659993171692,0.07023400068283081,0.3747905194759369,True,False,False,False
STRAIN_000953,4,LOCAL_W10,142,2,0.9127447009086609,0.08725529909133911,0.4177449941635132,True,False,False,False
STRAIN_000953,4,LOCAL_W10,242,3,0.9356881380081177,0.06431186199188232,0.358641654253006,True,False,False,False
STRAIN_000953,4,LOCAL_W10,342,4,0.9348119497299194,0.06518805027008057,0.3610765337944031,True,False,False,False
STRAIN_000953,4,LOCAL_W10,442,5,0.9289298057556152,0.07107019424438477,0.3770153522491455,True,False,False,False
STRAIN_000985,4,LOCAL_W10,42,1,0.9441041946411133,0.05589580535888672,0.33435240387916565,True,False,False,False
STRAIN_000985,4,LOCAL_W10,142,2,0.93378746509552,0.06621253490447998,0.36390256881713867,True,False,False,False
STRAIN_000985,4,LOCAL_W10,242,3,0.9324718117713928,0.06752818822860718,0.36749985814094543,True,False,False,False
STRAIN_000985,4,LOCAL_W10,342,4,0.9414830207824707,0.0585169792175293,0.3421022593975067,True,False,False,False
STRAIN_000985,4,LOCAL_W10,442,5,0.9371278285980225,0.06287217140197754,0.3546047806739807,True,False,False,False
STRAIN_001009,4,LOCAL_W10,42,1,0.9306179881095886,0.06938201189041138,0.37251052260398865,True,False,False,False
STRAIN_001009,4,LOCAL_W10,142,2,0.9200531244277954,0.07994687557220459,0.39986735582351685,True,False,False,False
STRAIN_001009,4,LOCAL_W10,242,3,0.9256320595741272,0.0743679404258728,0.3856629431247711,True,False,False,False
STRAIN_001009,4,LOCAL_W10,342,4,0.9372106194496155,0.06278938055038452,0.3543710708618164,True,False,False,False
STRAIN_001009,4,LOCAL_W10,442,5,0.9366944432258606,0.0633055567741394,0.3558245003223419,True,False,False,False
