strain_entity_id,outer_fold,control_type,seed,replicate,cosine_TRUE_control,embedding_displacement,l2_distance,fold_matched_lineage95_encoder,phenotype_labels_used,encoder_retrained,encoder_finetuned
STRAIN_000001,2,TIGHTBLOCK50,42,1,0.9727373719215393,0.027262628078460693,0.2335062175989151,True,False,False,False
STRAIN_000001,2,TIGHTBLOCK50,142,2,0.9701123237609863,0.029887676239013672,0.24449004232883453,True,False,False,False
STRAIN_000001,2,TIGHTBLOCK50,242,3,0.9827706813812256,0.017229318618774414,0.18562999367713928,True,False,False,False
STRAIN_000001,2,TIGHTBLOCK50,342,4,0.9744336009025574,0.025566399097442627,0.22612519562244415,True,False,False,False
STRAIN_000001,2,TIGHTBLOCK50,442,5,0.9744302034378052,0.025569796562194824,0.22614017128944397,True,False,False,False
STRAIN_000007,2,TIGHTBLOCK50,42,1,0.9731245040893555,0.02687549591064453,0.2318427711725235,True,False,False,False
STRAIN_000007,2,TIGHTBLOCK50,142,2,0.9788259863853455,0.02117401361465454,0.2057863473892212,True,False,False,False
STRAIN_000007,2,TIGHTBLOCK50,242,3,0.9803053140640259,0.01969468593597412,0.19846704602241516,True,False,False,False
STRAIN_000007,2,TIGHTBLOCK50,342,4,0.9752727746963501,0.024727225303649902,0.22238360345363617,True,False,False,False
STRAIN_000007,2,TIGHTBLOCK50,442,5,0.9788864850997925,0.02111351490020752,0.20549197494983673,True,False,False,False
STRAIN_000008,2,TIGHTBLOCK50,42,1,0.9756067991256714,0.024393200874328613,0.2208765298128128,True,False,False,False
STRAIN_000008,2,TIGHTBLOCK50,142,2,0.9834941029548645,0.016505897045135498,0.18169133365154266,True,False,False,False
STRAIN_000008,2,TIGHTBLOCK50,242,3,0.9781748056411743,0.021825194358825684,0.20892630517482758,True,False,False,False
STRAIN_000008,2,TIGHTBLOCK50,342,4,0.9777182340621948,0.022281765937805176,0.2111007571220398,True,False,False,False
STRAIN_000008,2,TIGHTBLOCK50,442,5,0.981371283531189,0.018628716468811035,0.19302216172218323,True,False,False,False
STRAIN_000009,2,TIGHTBLOCK50,42,1,0.9740450382232666,0.0259549617767334,0.2278374880552292,True,False,False,False
STRAIN_000009,2,TIGHTBLOCK50,142,2,0.9715872406959534,0.02841275930404663,0.23838113248348236,True,False,False,False
STRAIN_000009,2,TIGHTBLOCK50,242,3,0.97723388671875,0.02276611328125,0.21338239312171936,True,False,False,False
STRAIN_000009,2,TIGHTBLOCK50,342,4,0.974400520324707,0.02559947967529297,0.22627179324626923,True,False,False,False
STRAIN_000009,2,TIGHTBLOCK50,442,5,0.9792866706848145,0.020713329315185547,0.20353515446186066,True,False,False,False
STRAIN_000010,2,TIGHTBLOCK50,42,1,0.9731572866439819,0.026842713356018066,0.23170141875743866,True,False,False,False
STRAIN_000010,2,TIGHTBLOCK50,142,2,0.976280927658081,0.023719072341918945,0.2178032398223877,True,False,False,False
STRAIN_000010,2,TIGHTBLOCK50,242,3,0.9789291620254517,0.02107083797454834,0.20528456568717957,True,False,False,False
STRAIN_000010,2,TIGHTBLOCK50,342,4,0.9790810942649841,0.02091890573501587,0.20454305410385132,True,False,False,False
STRAIN_000010,2,TIGHTBLOCK50,442,5,0.9777352809906006,0.022264719009399414,0.2110205441713333,True,False,False,False
STRAIN_000011,2,TIGHTBLOCK50,42,1,0.9777865409851074,0.022213459014892578,0.21077711880207062,True,False,False,False
STRAIN_000011,2,TIGHTBLOCK50,142,2,0.9791691303253174,0.020830869674682617,0.20411230623722076,True,False,False,False
STRAIN_000011,2,TIGHTBLOCK50,242,3,0.9724987745285034,0.027501225471496582,0.23452620208263397,True,False,False,False
STRAIN_000011,2,TIGHTBLOCK50,342,4,0.9736192226409912,0.02638077735900879,0.22969892621040344,True,False,False,False
STRAIN_000011,2,TIGHTBLOCK50,442,5,0.9710628986358643,0.028937101364135742,0.24057067930698395,True,False,False,False
STRAIN_000013,2,TIGHTBLOCK50,42,1,0.9786170721054077,0.021382927894592285,0.20679882168769836,True,False,False,False
STRAIN_000013,2,TIGHTBLOCK50,142,2,0.975347101688385,0.02465289831161499,0.22204944491386414,True,False,False,False
STRAIN_000013,2,TIGHTBLOCK50,242,3,0.9742684960365295,0.02573150396347046,0.22685474157333374,True,False,False,False
STRAIN_000013,2,TIGHTBLOCK50,342,4,0.9757174253463745,0.02428257465362549,0.2203751504421234,True,False,False,False
STRAIN_000013,2,TIGHTBLOCK50,442,5,0.9746823310852051,0.025317668914794922,0.2250230759382248,True,False,False,False
STRAIN_000014,2,TIGHTBLOCK50,42,1,0.9727784395217896,0.02722156047821045,0.23333050310611725,True,False,False,False
STRAIN_000014,2,TIGHTBLOCK50,142,2,0.9769341945648193,0.023065805435180664,0.21478258073329926,True,False,False,False
STRAIN_000014,2,TIGHTBLOCK50,242,3,0.9780311584472656,0.021968841552734375,0.20961357653141022,True,False,False,False
STRAIN_000014,2,TIGHTBLOCK50,342,4,0.977959156036377,0.022040843963623047,0.209956094622612,True,False,False,False
STRAIN_000014,2,TIGHTBLOCK50,442,5,0.9835090041160583,0.01649099588394165,0.18161001801490784,True,False,False,False
STRAIN_000018,2,TIGHTBLOCK50,42,1,0.970023512840271,0.029976487159729004,0.2448529601097107,True,False,False,False
STRAIN_000018,2,TIGHTBLOCK50,142,2,0.9766350984573364,0.023364901542663574,0.21617066860198975,True,False,False,False
STRAIN_000018,2,TIGHTBLOCK50,242,3,0.9778856635093689,0.022114336490631104,0.21030615270137787,True,False,False,False
STRAIN_000018,2,TIGHTBLOCK50,342,4,0.9764321446418762,0.02356785535812378,0.21710747480392456,True,False,False,False
STRAIN_000018,2,TIGHTBLOCK50,442,5,0.9702078104019165,0.029792189598083496,0.24409888684749603,True,False,False,False
STRAIN_000019,2,TIGHTBLOCK50,42,1,0.9731884002685547,0.026811599731445312,0.23156672716140747,True,False,False,False
STRAIN_000019,2,TIGHTBLOCK50,142,2,0.9689281582832336,0.031071841716766357,0.24928642809391022,True,False,False,False
STRAIN_000019,2,TIGHTBLOCK50,242,3,0.976923942565918,0.02307605743408203,0.2148302048444748,True,False,False,False
STRAIN_000019,2,TIGHTBLOCK50,342,4,0.9694191813468933,0.03058081865310669,0.2473086565732956,True,False,False,False
STRAIN_000019,2,TIGHTBLOCK50,442,5,0.9751356840133667,0.0248643159866333,0.22299900650978088,True,False,False,False
STRAIN_000020,2,TIGHTBLOCK50,42,1,0.9852135181427002,0.014786481857299805,0.17196837067604065,True,False,False,False
STRAIN_000020,2,TIGHTBLOCK50,142,2,0.9780534505844116,0.02194654941558838,0.20950725674629211,True,False,False,False
STRAIN_000020,2,TIGHTBLOCK50,242,3,0.9814077615737915,0.018592238426208496,0.19283266365528107,True,False,False,False
STRAIN_000020,2,TIGHTBLOCK50,342,4,0.9786372184753418,0.021362781524658203,0.2067018449306488,True,False,False,False
STRAIN_000020,2,TIGHTBLOCK50,442,5,0.9786458015441895,0.021354198455810547,0.20666007697582245,True,False,False,False
STRAIN_000021,2,TIGHTBLOCK50,42,1,0.9878461360931396,0.012153863906860352,0.15590950846672058,True,False,False,False
STRAIN_000021,2,TIGHTBLOCK50,142,2,0.9849462509155273,0.015053749084472656,0.17351484298706055,True,False,False,False
STRAIN_000021,2,TIGHTBLOCK50,242,3,0.9814661741256714,0.018533825874328613,0.19253011047840118,True,False,False,False
STRAIN_000021,2,TIGHTBLOCK50,342,4,0.9797380566596985,0.020261943340301514,0.2013055384159088,True,False,False,False
STRAIN_000021,2,TIGHTBLOCK50,442,5,0.9806840419769287,0.01931595802307129,0.19655047357082367,True,False,False,False
STRAIN_000022,2,TIGHTBLOCK50,42,1,0.9736504554748535,0.026349544525146484,0.22956301271915436,True,False,False,False
STRAIN_000022,2,TIGHTBLOCK50,142,2,0.9776723384857178,0.022327661514282227,0.21131809055805206,True,False,False,False
STRAIN_000022,2,TIGHTBLOCK50,242,3,0.9740666151046753,0.025933384895324707,0.22774295508861542,True,False,False,False
STRAIN_000022,2,TIGHTBLOCK50,342,4,0.9770992398262024,0.022900760173797607,0.21401311457157135,True,False,False,False
STRAIN_000022,2,TIGHTBLOCK50,442,5,0.9797134399414062,0.02028656005859375,0.20142772793769836,True,False,False,False
STRAIN_000023,2,TIGHTBLOCK50,42,1,0.9740077257156372,0.025992274284362793,0.22800138592720032,True,False,False,False
STRAIN_000023,2,TIGHTBLOCK50,142,2,0.9788880348205566,0.02111196517944336,0.20548465847969055,True,False,False,False
STRAIN_000023,2,TIGHTBLOCK50,242,3,0.9764858484268188,0.023514151573181152,0.21686002612113953,True,False,False,False
STRAIN_000023,2,TIGHTBLOCK50,342,4,0.9765361547470093,0.023463845252990723,0.2166277915239334,True,False,False,False
STRAIN_000023,2,TIGHTBLOCK50,442,5,0.9732459783554077,0.026754021644592285,0.23131820559501648,True,False,False,False
STRAIN_000026,2,TIGHTBLOCK50,42,1,0.9756079316139221,0.02439206838607788,0.22087109088897705,True,False,False,False
STRAIN_000026,2,TIGHTBLOCK50,142,2,0.9757256507873535,0.024274349212646484,0.2203376740217209,True,False,False,False
STRAIN_000026,2,TIGHTBLOCK50,242,3,0.9735397100448608,0.02646028995513916,0.23004473745822906,True,False,False,False
STRAIN_000026,2,TIGHTBLOCK50,342,4,0.9765896797180176,0.023410320281982422,0.21638087928295135,True,False,False,False
STRAIN_000026,2,TIGHTBLOCK50,442,5,0.9757106900215149,0.024289309978485107,0.2204057276248932,True,False,False,False
STRAIN_000027,2,TIGHTBLOCK50,42,1,0.9773974418640137,0.022602558135986328,0.2126150131225586,True,False,False,False
STRAIN_000027,2,TIGHTBLOCK50,142,2,0.9769736528396606,0.023026347160339355,0.21459852159023285,True,False,False,False
STRAIN_000027,2,TIGHTBLOCK50,242,3,0.9746865630149841,0.02531343698501587,0.22500421106815338,True,False,False,False
STRAIN_000027,2,TIGHTBLOCK50,342,4,0.9840261936187744,0.015973806381225586,0.17873968183994293,True,False,False,False
STRAIN_000027,2,TIGHTBLOCK50,442,5,0.980823278427124,0.019176721572875977,0.1958404779434204,True,False,False,False
STRAIN_000030,2,TIGHTBLOCK50,42,1,0.9700595140457153,0.029940485954284668,0.2447056919336319,True,False,False,False
STRAIN_000030,2,TIGHTBLOCK50,142,2,0.9659432172775269,0.034056782722473145,0.2609861493110657,True,False,False,False
STRAIN_000030,2,TIGHTBLOCK50,242,3,0.9680232405662537,0.03197675943374634,0.25289028882980347,True,False,False,False
STRAIN_000030,2,TIGHTBLOCK50,342,4,0.9674623608589172,0.032537639141082764,0.25509873032569885,True,False,False,False
STRAIN_000030,2,TIGHTBLOCK50,442,5,0.9699486494064331,0.030051350593566895,0.2451586276292801,True,False,False,False
STRAIN_000031,2,TIGHTBLOCK50,42,1,0.991405725479126,0.008594274520874023,0.1311047226190567,True,False,False,False
STRAIN_000031,2,TIGHTBLOCK50,142,2,0.9922438263893127,0.007756173610687256,0.12454776465892792,True,False,False,False
STRAIN_000031,2,TIGHTBLOCK50,242,3,0.9945025444030762,0.005497455596923828,0.104855976998806,True,False,False,False
STRAIN_000031,2,TIGHTBLOCK50,342,4,0.9943273663520813,0.005672633647918701,0.10651399940252304,True,False,False,False
STRAIN_000031,2,TIGHTBLOCK50,442,5,0.9942324161529541,0.0057675838470458984,0.10740148276090622,True,False,False,False
STRAIN_000034,2,TIGHTBLOCK50,42,1,0.974138617515564,0.025861382484436035,0.227426216006279,True,False,False,False
STRAIN_000034,2,TIGHTBLOCK50,142,2,0.9750325679779053,0.024967432022094727,0.22346119582653046,True,False,False,False
STRAIN_000034,2,TIGHTBLOCK50,242,3,0.9711618423461914,0.028838157653808594,0.24015888571739197,True,False,False,False
STRAIN_000034,2,TIGHTBLOCK50,342,4,0.9715167284011841,0.028483271598815918,0.23867656290531158,True,False,False,False
STRAIN_000034,2,TIGHTBLOCK50,442,5,0.9689282178878784,0.031071782112121582,0.24928593635559082,True,False,False,False
STRAIN_000045,2,TIGHTBLOCK50,42,1,0.968968391418457,0.03103160858154297,0.24912472069263458,True,False,False,False
STRAIN_000045,2,TIGHTBLOCK50,142,2,0.9699647426605225,0.03003525733947754,0.24509267508983612,True,False,False,False
STRAIN_000045,2,TIGHTBLOCK50,242,3,0.9709136486053467,0.02908635139465332,0.2411898672580719,True,False,False,False
STRAIN_000045,2,TIGHTBLOCK50,342,4,0.9723025560379028,0.027697443962097168,0.23536096513271332,True,False,False,False
STRAIN_000045,2,TIGHTBLOCK50,442,5,0.9706515073776245,0.02934849262237549,0.24227449297904968,True,False,False,False
STRAIN_000046,2,TIGHTBLOCK50,42,1,0.9688293933868408,0.03117060661315918,0.2496822029352188,True,False,False,False
STRAIN_000046,2,TIGHTBLOCK50,142,2,0.9690229892730713,0.03097701072692871,0.24890589714050293,True,False,False,False
STRAIN_000046,2,TIGHTBLOCK50,242,3,0.9688405990600586,0.031159400939941406,0.24963730573654175,True,False,False,False
STRAIN_000046,2,TIGHTBLOCK50,342,4,0.9690529108047485,0.030947089195251465,0.24878542125225067,True,False,False,False
STRAIN_000046,2,TIGHTBLOCK50,442,5,0.9736870527267456,0.026312947273254395,0.22940322756767273,True,False,False,False
STRAIN_000047,2,TIGHTBLOCK50,42,1,0.9700777530670166,0.0299222469329834,0.2446310669183731,True,False,False,False
STRAIN_000047,2,TIGHTBLOCK50,142,2,0.9727526903152466,0.027247309684753418,0.23344086110591888,True,False,False,False
STRAIN_000047,2,TIGHTBLOCK50,242,3,0.9785122871398926,0.021487712860107422,0.20730555057525635,True,False,False,False
STRAIN_000047,2,TIGHTBLOCK50,342,4,0.9691146612167358,0.03088533878326416,0.24853703379631042,True,False,False,False
STRAIN_000047,2,TIGHTBLOCK50,442,5,0.9716734290122986,0.028326570987701416,0.23801903426647186,True,False,False,False
STRAIN_000048,2,TIGHTBLOCK50,42,1,0.9693173170089722,0.030682682991027832,0.24772034585475922,True,False,False,False
STRAIN_000048,2,TIGHTBLOCK50,142,2,0.9721279740333557,0.027872025966644287,0.23610159754753113,True,False,False,False
STRAIN_000048,2,TIGHTBLOCK50,242,3,0.9726071357727051,0.027392864227294922,0.23406344652175903,True,False,False,False
STRAIN_000048,2,TIGHTBLOCK50,342,4,0.968130886554718,0.03186911344528198,0.25246450304985046,True,False,False,False
STRAIN_000048,2,TIGHTBLOCK50,442,5,0.9622727632522583,0.0377272367477417,0.2746897339820862,True,False,False,False
STRAIN_000049,2,TIGHTBLOCK50,42,1,0.9691386818885803,0.030861318111419678,0.24844080209732056,True,False,False,False
STRAIN_000049,2,TIGHTBLOCK50,142,2,0.9738625884056091,0.02613741159439087,0.2286372184753418,True,False,False,False
STRAIN_000049,2,TIGHTBLOCK50,242,3,0.9716686606407166,0.028331339359283447,0.23803940415382385,True,False,False,False
STRAIN_000049,2,TIGHTBLOCK50,342,4,0.9690518379211426,0.030948162078857422,0.24878957867622375,True,False,False,False
STRAIN_000049,2,TIGHTBLOCK50,442,5,0.9693745374679565,0.030625462532043457,0.24748936295509338,True,False,False,False
STRAIN_000050,2,TIGHTBLOCK50,42,1,0.968112587928772,0.03188741207122803,0.2525368630886078,True,False,False,False
STRAIN_000050,2,TIGHTBLOCK50,142,2,0.9702836275100708,0.0297163724899292,0.24378836154937744,True,False,False,False
STRAIN_000050,2,TIGHTBLOCK50,242,3,0.9776715040206909,0.022328495979309082,0.21132192015647888,True,False,False,False
STRAIN_000050,2,TIGHTBLOCK50,342,4,0.9707436561584473,0.029256343841552734,0.24189388751983643,True,False,False,False
STRAIN_000050,2,TIGHTBLOCK50,442,5,0.9722574949264526,0.027742505073547363,0.2355526089668274,True,False,False,False
STRAIN_000051,2,TIGHTBLOCK50,42,1,0.967042863368988,0.03295713663101196,0.2567378878593445,True,False,False,False
STRAIN_000051,2,TIGHTBLOCK50,142,2,0.9751682877540588,0.024831712245941162,0.22285297513008118,True,False,False,False
STRAIN_000051,2,TIGHTBLOCK50,242,3,0.9716923236846924,0.028307676315307617,0.2379397749900818,True,False,False,False
STRAIN_000051,2,TIGHTBLOCK50,342,4,0.97413569688797,0.02586430311203003,0.22743932902812958,True,False,False,False
STRAIN_000051,2,TIGHTBLOCK50,442,5,0.9684008359909058,0.03159916400909424,0.25139278173446655,True,False,False,False
STRAIN_000052,2,TIGHTBLOCK50,42,1,0.9719938635826111,0.028006136417388916,0.23666907846927643,True,False,False,False
STRAIN_000052,2,TIGHTBLOCK50,142,2,0.9710167646408081,0.028983235359191895,0.24076232314109802,True,False,False,False
STRAIN_000052,2,TIGHTBLOCK50,242,3,0.971193790435791,0.028806209564208984,0.2400258183479309,True,False,False,False
STRAIN_000052,2,TIGHTBLOCK50,342,4,0.9676026105880737,0.03239738941192627,0.2545478343963623,True,False,False,False
STRAIN_000052,2,TIGHTBLOCK50,442,5,0.9646002054214478,0.035399794578552246,0.2660819888114929,True,False,False,False
STRAIN_000053,2,TIGHTBLOCK50,42,1,0.9773676991462708,0.022632300853729248,0.21275466680526733,True,False,False,False
STRAIN_000053,2,TIGHTBLOCK50,142,2,0.9683374166488647,0.031662583351135254,0.2516445517539978,True,False,False,False
STRAIN_000053,2,TIGHTBLOCK50,242,3,0.9701348543167114,0.029865145683288574,0.24439778923988342,True,False,False,False
STRAIN_000053,2,TIGHTBLOCK50,342,4,0.9742966294288635,0.025703370571136475,0.22673067450523376,True,False,False,False
STRAIN_000053,2,TIGHTBLOCK50,442,5,0.9741577506065369,0.025842249393463135,0.22734220325946808,True,False,False,False
STRAIN_000054,2,TIGHTBLOCK50,42,1,0.9737521409988403,0.026247859001159668,0.22911953926086426,True,False,False,False
STRAIN_000054,2,TIGHTBLOCK50,142,2,0.9706994891166687,0.0293005108833313,0.24207638204097748,True,False,False,False
STRAIN_000054,2,TIGHTBLOCK50,242,3,0.9686552286148071,0.03134477138519287,0.25037881731987,True,False,False,False
STRAIN_000054,2,TIGHTBLOCK50,342,4,0.970440685749054,0.029559314250946045,0.243143230676651,True,False,False,False
STRAIN_000054,2,TIGHTBLOCK50,442,5,0.9740513563156128,0.025948643684387207,0.2278098464012146,True,False,False,False
STRAIN_000055,2,TIGHTBLOCK50,42,1,0.9742090702056885,0.025790929794311523,0.22711658477783203,True,False,False,False
STRAIN_000055,2,TIGHTBLOCK50,142,2,0.9661790132522583,0.0338209867477417,0.2600806653499603,True,False,False,False
STRAIN_000055,2,TIGHTBLOCK50,242,3,0.9709591269493103,0.029040873050689697,0.2410019040107727,True,False,False,False
STRAIN_000055,2,TIGHTBLOCK50,342,4,0.9684916138648987,0.03150838613510132,0.25103166699409485,True,False,False,False
STRAIN_000055,2,TIGHTBLOCK50,442,5,0.9720593690872192,0.02794063091278076,0.23639227449893951,True,False,False,False
STRAIN_000077,2,TIGHTBLOCK50,42,1,0.9735463261604309,0.026453673839569092,0.23001529276371002,True,False,False,False
STRAIN_000077,2,TIGHTBLOCK50,142,2,0.9806479811668396,0.0193520188331604,0.19673286378383636,True,False,False,False
STRAIN_000077,2,TIGHTBLOCK50,242,3,0.9802550673484802,0.019744932651519775,0.19872009754180908,True,False,False,False
STRAIN_000077,2,TIGHTBLOCK50,342,4,0.9765849113464355,0.023415088653564453,0.21640229225158691,True,False,False,False
STRAIN_000077,2,TIGHTBLOCK50,442,5,0.9820182919502258,0.01798170804977417,0.18964004516601562,True,False,False,False
STRAIN_000078,2,TIGHTBLOCK50,42,1,0.9737625122070312,0.02623748779296875,0.22907420992851257,True,False,False,False
STRAIN_000078,2,TIGHTBLOCK50,142,2,0.9662935733795166,0.0337064266204834,0.25964027643203735,True,False,False,False
STRAIN_000078,2,TIGHTBLOCK50,242,3,0.9721024632453918,0.027897536754608154,0.23620982468128204,True,False,False,False
STRAIN_000078,2,TIGHTBLOCK50,342,4,0.9649935960769653,0.03500640392303467,0.26459917426109314,True,False,False,False
STRAIN_000078,2,TIGHTBLOCK50,442,5,0.9689528346061707,0.031047165393829346,0.24918703734874725,True,False,False,False
STRAIN_000079,2,TIGHTBLOCK50,42,1,0.98326176404953,0.01673823595046997,0.18296605348587036,True,False,False,False
STRAIN_000079,2,TIGHTBLOCK50,142,2,0.9845688343048096,0.01543116569519043,0.1756766140460968,True,False,False,False
STRAIN_000079,2,TIGHTBLOCK50,242,3,0.9785517454147339,0.021448254585266113,0.2071150839328766,True,False,False,False
STRAIN_000079,2,TIGHTBLOCK50,342,4,0.9736711382865906,0.026328861713409424,0.2294730395078659,True,False,False,False
STRAIN_000079,2,TIGHTBLOCK50,442,5,0.9734864234924316,0.02651357650756836,0.23027627170085907,True,False,False,False
STRAIN_000095,2,TIGHTBLOCK50,42,1,0.9688053131103516,0.031194686889648438,0.24977870285511017,True,False,False,False
STRAIN_000095,2,TIGHTBLOCK50,142,2,0.9738795757293701,0.026120424270629883,0.22856225073337555,True,False,False,False
STRAIN_000095,2,TIGHTBLOCK50,242,3,0.9703824520111084,0.0296175479888916,0.24338243901729584,True,False,False,False
STRAIN_000095,2,TIGHTBLOCK50,342,4,0.9684858918190002,0.031514108180999756,0.2510540187358856,True,False,False,False
STRAIN_000095,2,TIGHTBLOCK50,442,5,0.965080738067627,0.03491926193237305,0.2642694115638733,True,False,False,False
STRAIN_000096,2,TIGHTBLOCK50,42,1,0.9911428689956665,0.008857131004333496,0.13309399783611298,True,False,False,False
STRAIN_000096,2,TIGHTBLOCK50,142,2,0.9917582869529724,0.008241713047027588,0.128387451171875,True,False,False,False
STRAIN_000096,2,TIGHTBLOCK50,242,3,0.9896774291992188,0.01032257080078125,0.14368396997451782,True,False,False,False
STRAIN_000096,2,TIGHTBLOCK50,342,4,0.9917525053024292,0.0082474946975708,0.12843292951583862,True,False,False,False
STRAIN_000096,2,TIGHTBLOCK50,442,5,0.9910097718238831,0.008990228176116943,0.1340911090373993,True,False,False,False
STRAIN_000097,2,TIGHTBLOCK50,42,1,0.9955129623413086,0.004487037658691406,0.09473053365945816,True,False,False,False
STRAIN_000097,2,TIGHTBLOCK50,142,2,0.9954394102096558,0.004560589790344238,0.09550505131483078,True,False,False,False
STRAIN_000097,2,TIGHTBLOCK50,242,3,0.9954215884208679,0.00457841157913208,0.09569146484136581,True,False,False,False
STRAIN_000097,2,TIGHTBLOCK50,342,4,0.9947971105575562,0.005202889442443848,0.10200823098421097,True,False,False,False
STRAIN_000097,2,TIGHTBLOCK50,442,5,0.9955258369445801,0.004474163055419922,0.0945950523018837,True,False,False,False
STRAIN_000099,2,TIGHTBLOCK50,42,1,0.9896815419197083,0.010318458080291748,0.1436559557914734,True,False,False,False
STRAIN_000099,2,TIGHTBLOCK50,142,2,0.9921183586120605,0.007881641387939453,0.1255532056093216,True,False,False,False
STRAIN_000099,2,TIGHTBLOCK50,242,3,0.9894277453422546,0.010572254657745361,0.1454119235277176,True,False,False,False
STRAIN_000099,2,TIGHTBLOCK50,342,4,0.990718424320221,0.009281575679779053,0.13624711334705353,True,False,False,False
STRAIN_000099,2,TIGHTBLOCK50,442,5,0.9894827604293823,0.010517239570617676,0.14503277838230133,True,False,False,False
STRAIN_000100,2,TIGHTBLOCK50,42,1,0.970325767993927,0.029674232006072998,0.24361543357372284,True,False,False,False
STRAIN_000100,2,TIGHTBLOCK50,142,2,0.9724847078323364,0.027515292167663574,0.23458623886108398,True,False,False,False
STRAIN_000100,2,TIGHTBLOCK50,242,3,0.9675508141517639,0.032449185848236084,0.2547513544559479,True,False,False,False
STRAIN_000100,2,TIGHTBLOCK50,342,4,0.9665817022323608,0.03341829776763916,0.25852760672569275,True,False,False,False
STRAIN_000100,2,TIGHTBLOCK50,442,5,0.9724553823471069,0.027544617652893066,0.234710693359375,True,False,False,False
STRAIN_000103,2,TIGHTBLOCK50,42,1,0.9713267087936401,0.028673291206359863,0.23947155475616455,True,False,False,False
STRAIN_000103,2,TIGHTBLOCK50,142,2,0.9611481428146362,0.03885185718536377,0.27875378727912903,True,False,False,False
STRAIN_000103,2,TIGHTBLOCK50,242,3,0.97040855884552,0.02959144115447998,0.2432750165462494,True,False,False,False
STRAIN_000103,2,TIGHTBLOCK50,342,4,0.9706687331199646,0.0293312668800354,0.24220313131809235,True,False,False,False
STRAIN_000103,2,TIGHTBLOCK50,442,5,0.9653810262680054,0.03461897373199463,0.26313063502311707,True,False,False,False
STRAIN_000111,2,TIGHTBLOCK50,42,1,0.990908682346344,0.009091317653656006,0.13484324514865875,True,False,False,False
STRAIN_000111,2,TIGHTBLOCK50,142,2,0.9921804070472717,0.007819592952728271,0.1250564157962799,True,False,False,False
STRAIN_000111,2,TIGHTBLOCK50,242,3,0.9902290105819702,0.009770989418029785,0.13979236781597137,True,False,False,False
STRAIN_000111,2,TIGHTBLOCK50,342,4,0.9921004772186279,0.00789952278137207,0.12569433450698853,True,False,False,False
STRAIN_000111,2,TIGHTBLOCK50,442,5,0.9913554191589355,0.008644580841064453,0.13148866593837738,True,False,False,False
STRAIN_000122,2,TIGHTBLOCK50,42,1,0.9928884506225586,0.007111549377441406,0.11926062405109406,True,False,False,False
STRAIN_000122,2,TIGHTBLOCK50,142,2,0.992652177810669,0.007347822189331055,0.12122486531734467,True,False,False,False
STRAIN_000122,2,TIGHTBLOCK50,242,3,0.9885768890380859,0.011423110961914062,0.15114876627922058,True,False,False,False
STRAIN_000122,2,TIGHTBLOCK50,342,4,0.9917730093002319,0.008226990699768066,0.128273144364357,True,False,False,False
STRAIN_000122,2,TIGHTBLOCK50,442,5,0.9906938076019287,0.009306192398071289,0.1364261955022812,True,False,False,False
STRAIN_000127,2,TIGHTBLOCK50,42,1,0.9890641570091248,0.010935842990875244,0.14789064228534698,True,False,False,False
STRAIN_000127,2,TIGHTBLOCK50,142,2,0.9910878539085388,0.008912146091461182,0.13350816071033478,True,False,False,False
STRAIN_000127,2,TIGHTBLOCK50,242,3,0.9902810454368591,0.00971895456314087,0.1394195705652237,True,False,False,False
STRAIN_000127,2,TIGHTBLOCK50,342,4,0.9881614446640015,0.011838555335998535,0.15387362241744995,True,False,False,False
STRAIN_000127,2,TIGHTBLOCK50,442,5,0.9887735247612,0.011226475238800049,0.14984317123889923,True,False,False,False
STRAIN_000134,2,TIGHTBLOCK50,42,1,0.9912014007568359,0.008798599243164062,0.13265468180179596,True,False,False,False
STRAIN_000134,2,TIGHTBLOCK50,142,2,0.9952157735824585,0.004784226417541504,0.09781769663095474,True,False,False,False
STRAIN_000134,2,TIGHTBLOCK50,242,3,0.9931485652923584,0.0068514347076416016,0.11705905199050903,True,False,False,False
STRAIN_000134,2,TIGHTBLOCK50,342,4,0.9941966533660889,0.005803346633911133,0.10773451626300812,True,False,False,False
STRAIN_000134,2,TIGHTBLOCK50,442,5,0.9933944344520569,0.006605565547943115,0.11493991315364838,True,False,False,False
STRAIN_000135,2,TIGHTBLOCK50,42,1,0.9649373292922974,0.03506267070770264,0.2648122012615204,True,False,False,False
STRAIN_000135,2,TIGHTBLOCK50,142,2,0.9576806426048279,0.04231935739517212,0.290927529335022,True,False,False,False
STRAIN_000135,2,TIGHTBLOCK50,242,3,0.9678186178207397,0.032181382179260254,0.2536984086036682,True,False,False,False
STRAIN_000135,2,TIGHTBLOCK50,342,4,0.965941309928894,0.03405869007110596,0.26099303364753723,True,False,False,False
STRAIN_000135,2,TIGHTBLOCK50,442,5,0.9694065451622009,0.030593454837799072,0.24736003577709198,True,False,False,False
STRAIN_000137,2,TIGHTBLOCK50,42,1,0.9696964025497437,0.030303597450256348,0.24618512392044067,True,False,False,False
STRAIN_000137,2,TIGHTBLOCK50,142,2,0.9676082730293274,0.03239172697067261,0.25452613830566406,True,False,False,False
STRAIN_000137,2,TIGHTBLOCK50,242,3,0.968895435333252,0.031104564666748047,0.24941763281822205,True,False,False,False
STRAIN_000137,2,TIGHTBLOCK50,342,4,0.9718989133834839,0.028101086616516113,0.23707008361816406,True,False,False,False
STRAIN_000137,2,TIGHTBLOCK50,442,5,0.9681874513626099,0.03181254863739014,0.25224003195762634,True,False,False,False
STRAIN_000138,2,TIGHTBLOCK50,42,1,0.9730860590934753,0.026913940906524658,0.23200824856758118,True,False,False,False
STRAIN_000138,2,TIGHTBLOCK50,142,2,0.9675238132476807,0.032476186752319336,0.2548578083515167,True,False,False,False
STRAIN_000138,2,TIGHTBLOCK50,242,3,0.9635405540466309,0.03645944595336914,0.2700349688529968,True,False,False,False
STRAIN_000138,2,TIGHTBLOCK50,342,4,0.9707215428352356,0.029278457164764404,0.24198560416698456,True,False,False,False
STRAIN_000138,2,TIGHTBLOCK50,442,5,0.9734628200531006,0.026537179946899414,0.2303788959980011,True,False,False,False
STRAIN_000139,2,TIGHTBLOCK50,42,1,0.9748464822769165,0.025153517723083496,0.22429244220256805,True,False,False,False
STRAIN_000139,2,TIGHTBLOCK50,142,2,0.9696004390716553,0.030399560928344727,0.2465745359659195,True,False,False,False
STRAIN_000139,2,TIGHTBLOCK50,242,3,0.9651292562484741,0.03487074375152588,0.26408615708351135,True,False,False,False
STRAIN_000139,2,TIGHTBLOCK50,342,4,0.9665927290916443,0.03340727090835571,0.2584850788116455,True,False,False,False
STRAIN_000139,2,TIGHTBLOCK50,442,5,0.974396824836731,0.025603175163269043,0.22628828883171082,True,False,False,False
STRAIN_000142,2,TIGHTBLOCK50,42,1,0.98094242811203,0.01905757188796997,0.19523143768310547,True,False,False,False
STRAIN_000142,2,TIGHTBLOCK50,142,2,0.9815127849578857,0.018487215042114258,0.19228734076023102,True,False,False,False
STRAIN_000142,2,TIGHTBLOCK50,242,3,0.981406569480896,0.018593430519104004,0.19283926486968994,True,False,False,False
STRAIN_000142,2,TIGHTBLOCK50,342,4,0.9818100929260254,0.01818990707397461,0.19073522090911865,True,False,False,False
STRAIN_000142,2,TIGHTBLOCK50,442,5,0.9818511605262756,0.018148839473724365,0.19051915407180786,True,False,False,False
STRAIN_000145,2,TIGHTBLOCK50,42,1,0.9677003622055054,0.03229963779449463,0.25416386127471924,True,False,False,False
STRAIN_000145,2,TIGHTBLOCK50,142,2,0.9663146734237671,0.03368532657623291,0.2595587968826294,True,False,False,False
STRAIN_000145,2,TIGHTBLOCK50,242,3,0.9645135998725891,0.03548640012741089,0.2664071321487427,True,False,False,False
STRAIN_000145,2,TIGHTBLOCK50,342,4,0.9710245728492737,0.02897542715072632,0.2407294511795044,True,False,False,False
STRAIN_000145,2,TIGHTBLOCK50,442,5,0.9676560163497925,0.03234398365020752,0.2543385922908783,True,False,False,False
STRAIN_000155,2,TIGHTBLOCK50,42,1,0.9684949517250061,0.031505048274993896,0.25101780891418457,True,False,False,False
STRAIN_000155,2,TIGHTBLOCK50,142,2,0.9691711664199829,0.03082883358001709,0.24830946326255798,True,False,False,False
STRAIN_000155,2,TIGHTBLOCK50,242,3,0.9639571905136108,0.03604280948638916,0.2684879004955292,True,False,False,False
STRAIN_000155,2,TIGHTBLOCK50,342,4,0.9687771201133728,0.031222879886627197,0.24989187717437744,True,False,False,False
STRAIN_000155,2,TIGHTBLOCK50,442,5,0.9683884382247925,0.03161156177520752,0.2514423727989197,True,False,False,False
STRAIN_000156,2,TIGHTBLOCK50,42,1,0.9615052938461304,0.03849470615386963,0.2774698734283447,True,False,False,False
STRAIN_000156,2,TIGHTBLOCK50,142,2,0.9711499214172363,0.028850078582763672,0.24020880460739136,True,False,False,False
STRAIN_000156,2,TIGHTBLOCK50,242,3,0.9702432155609131,0.029756784439086914,0.24395376443862915,True,False,False,False
STRAIN_000156,2,TIGHTBLOCK50,342,4,0.9711021184921265,0.028897881507873535,0.24040775001049042,True,False,False,False
STRAIN_000156,2,TIGHTBLOCK50,442,5,0.9685773849487305,0.03142261505126953,0.2506897747516632,True,False,False,False
STRAIN_000176,2,TIGHTBLOCK50,42,1,0.9863435626029968,0.013656437397003174,0.16526567935943604,True,False,False,False
STRAIN_000176,2,TIGHTBLOCK50,142,2,0.9898978471755981,0.010102152824401855,0.14214158058166504,True,False,False,False
STRAIN_000176,2,TIGHTBLOCK50,242,3,0.9878195524215698,0.012180447578430176,0.15607938170433044,True,False,False,False
STRAIN_000176,2,TIGHTBLOCK50,342,4,0.9872667193412781,0.012733280658721924,0.15958252549171448,True,False,False,False
STRAIN_000176,2,TIGHTBLOCK50,442,5,0.987061619758606,0.012938380241394043,0.16086237132549286,True,False,False,False
STRAIN_000179,2,TIGHTBLOCK50,42,1,0.9749254584312439,0.025074541568756104,0.22393988072872162,True,False,False,False
STRAIN_000179,2,TIGHTBLOCK50,142,2,0.9732845425605774,0.026715457439422607,0.23115111887454987,True,False,False,False
STRAIN_000179,2,TIGHTBLOCK50,242,3,0.971935510635376,0.028064489364624023,0.23691542446613312,True,False,False,False
STRAIN_000179,2,TIGHTBLOCK50,342,4,0.9710339307785034,0.028966069221496582,0.24069099128246307,True,False,False,False
STRAIN_000179,2,TIGHTBLOCK50,442,5,0.9688675999641418,0.031132400035858154,0.24952924251556396,True,False,False,False
STRAIN_000182,2,TIGHTBLOCK50,42,1,0.9935303926467896,0.006469607353210449,0.1137508675456047,True,False,False,False
STRAIN_000182,2,TIGHTBLOCK50,142,2,0.9944682717323303,0.005531728267669678,0.10518280416727066,True,False,False,False
STRAIN_000182,2,TIGHTBLOCK50,242,3,0.9952288269996643,0.004771173000335693,0.09768559783697128,True,False,False,False
STRAIN_000182,2,TIGHTBLOCK50,342,4,0.9949275851249695,0.005072414875030518,0.10072169452905655,True,False,False,False
STRAIN_000182,2,TIGHTBLOCK50,442,5,0.9935222864151001,0.006477713584899902,0.11382214725017548,True,False,False,False
STRAIN_000187,2,TIGHTBLOCK50,42,1,0.9897295832633972,0.010270416736602783,0.14332148432731628,True,False,False,False
STRAIN_000187,2,TIGHTBLOCK50,142,2,0.9893872141838074,0.010612785816192627,0.14569029211997986,True,False,False,False
STRAIN_000187,2,TIGHTBLOCK50,242,3,0.9879353046417236,0.012064695358276367,0.15533684194087982,True,False,False,False
STRAIN_000187,2,TIGHTBLOCK50,342,4,0.9906623363494873,0.009337663650512695,0.1366579532623291,True,False,False,False
STRAIN_000187,2,TIGHTBLOCK50,442,5,0.9909607768058777,0.009039223194122314,0.1344565898180008,True,False,False,False
STRAIN_000194,2,TIGHTBLOCK50,42,1,0.9901255965232849,0.009874403476715088,0.14052990078926086,True,False,False,False
STRAIN_000194,2,TIGHTBLOCK50,142,2,0.990024209022522,0.009975790977478027,0.14125028252601624,True,False,False,False
STRAIN_000194,2,TIGHTBLOCK50,242,3,0.9905719757080078,0.009428024291992188,0.13731738924980164,True,False,False,False
STRAIN_000194,2,TIGHTBLOCK50,342,4,0.9884192943572998,0.011580705642700195,0.1521889865398407,True,False,False,False
STRAIN_000194,2,TIGHTBLOCK50,442,5,0.9910056591033936,0.008994340896606445,0.13412195444107056,True,False,False,False
STRAIN_000196,2,TIGHTBLOCK50,42,1,0.9741178750991821,0.02588212490081787,0.22751754522323608,True,False,False,False
STRAIN_000196,2,TIGHTBLOCK50,142,2,0.9681419134140015,0.031858086585998535,0.2524208128452301,True,False,False,False
STRAIN_000196,2,TIGHTBLOCK50,242,3,0.9700757265090942,0.02992427349090576,0.2446395605802536,True,False,False,False
STRAIN_000196,2,TIGHTBLOCK50,342,4,0.9653643369674683,0.03463566303253174,0.26319485902786255,True,False,False,False
STRAIN_000196,2,TIGHTBLOCK50,442,5,0.9679797887802124,0.0320202112197876,0.2530623972415924,True,False,False,False
STRAIN_000197,2,TIGHTBLOCK50,42,1,0.9716466665267944,0.028353333473205566,0.23813177645206451,True,False,False,False
STRAIN_000197,2,TIGHTBLOCK50,142,2,0.9672369360923767,0.03276306390762329,0.255980521440506,True,False,False,False
STRAIN_000197,2,TIGHTBLOCK50,242,3,0.9668147563934326,0.03318524360656738,0.25762468576431274,True,False,False,False
STRAIN_000197,2,TIGHTBLOCK50,342,4,0.9601423144340515,0.039857685565948486,0.28233885765075684,True,False,False,False
STRAIN_000197,2,TIGHTBLOCK50,442,5,0.9681273102760315,0.031872689723968506,0.2524782121181488,True,False,False,False
STRAIN_000198,2,TIGHTBLOCK50,42,1,0.9877488613128662,0.012251138687133789,0.15653231739997864,True,False,False,False
STRAIN_000198,2,TIGHTBLOCK50,142,2,0.9890026450157166,0.010997354984283447,0.1483064442873001,True,False,False,False
STRAIN_000198,2,TIGHTBLOCK50,242,3,0.9900814890861511,0.009918510913848877,0.14084365963935852,True,False,False,False
STRAIN_000198,2,TIGHTBLOCK50,342,4,0.9867867827415466,0.01321321725845337,0.16256223618984222,True,False,False,False
STRAIN_000198,2,TIGHTBLOCK50,442,5,0.9867686033248901,0.013231396675109863,0.16267390549182892,True,False,False,False
STRAIN_000200,2,TIGHTBLOCK50,42,1,0.9741592407226562,0.02584075927734375,0.22733518481254578,True,False,False,False
STRAIN_000200,2,TIGHTBLOCK50,142,2,0.9702135324478149,0.02978646755218506,0.24407517910003662,True,False,False,False
STRAIN_000200,2,TIGHTBLOCK50,242,3,0.9724224805831909,0.027577519416809082,0.23485100269317627,True,False,False,False
STRAIN_000200,2,TIGHTBLOCK50,342,4,0.9742424488067627,0.025757551193237305,0.2269691377878189,True,False,False,False
STRAIN_000200,2,TIGHTBLOCK50,442,5,0.9742352962493896,0.02576470375061035,0.2270006537437439,True,False,False,False
STRAIN_000202,2,TIGHTBLOCK50,42,1,0.9730226993560791,0.0269773006439209,0.23228111863136292,True,False,False,False
STRAIN_000202,2,TIGHTBLOCK50,142,2,0.9729032516479492,0.02709674835205078,0.232794851064682,True,False,False,False
STRAIN_000202,2,TIGHTBLOCK50,242,3,0.9700906276702881,0.029909372329711914,0.24457862973213196,True,False,False,False
STRAIN_000202,2,TIGHTBLOCK50,342,4,0.9633988738059998,0.036601126194000244,0.27055948972702026,True,False,False,False
STRAIN_000202,2,TIGHTBLOCK50,442,5,0.9706913828849792,0.029308617115020752,0.24210985004901886,True,False,False,False
STRAIN_000205,2,TIGHTBLOCK50,42,1,0.9755849838256836,0.024415016174316406,0.2209751009941101,True,False,False,False
STRAIN_000205,2,TIGHTBLOCK50,142,2,0.9726178646087646,0.02738213539123535,0.23401759564876556,True,False,False,False
STRAIN_000205,2,TIGHTBLOCK50,242,3,0.965045154094696,0.034954845905303955,0.2644045650959015,True,False,False,False
STRAIN_000205,2,TIGHTBLOCK50,342,4,0.9723438024520874,0.027656197547912598,0.23518598079681396,True,False,False,False
STRAIN_000205,2,TIGHTBLOCK50,442,5,0.9632681012153625,0.03673189878463745,0.27104219794273376,True,False,False,False
STRAIN_000206,2,TIGHTBLOCK50,42,1,0.9719586372375488,0.028041362762451172,0.23681840300559998,True,False,False,False
STRAIN_000206,2,TIGHTBLOCK50,142,2,0.9718679785728455,0.02813202142715454,0.23720045387744904,True,False,False,False
STRAIN_000206,2,TIGHTBLOCK50,242,3,0.9697463512420654,0.03025364875793457,0.24598239362239838,True,False,False,False
STRAIN_000206,2,TIGHTBLOCK50,342,4,0.9713307619094849,0.028669238090515137,0.2394545078277588,True,False,False,False
STRAIN_000206,2,TIGHTBLOCK50,442,5,0.9658480882644653,0.03415191173553467,0.26135027408599854,True,False,False,False
STRAIN_000207,2,TIGHTBLOCK50,42,1,0.9882842898368835,0.011715710163116455,0.15307366847991943,True,False,False,False
STRAIN_000207,2,TIGHTBLOCK50,142,2,0.9895777702331543,0.010422229766845703,0.14437706768512726,True,False,False,False
STRAIN_000207,2,TIGHTBLOCK50,242,3,0.9862000942230225,0.013799905776977539,0.16613252460956573,True,False,False,False
STRAIN_000207,2,TIGHTBLOCK50,342,4,0.9869945049285889,0.013005495071411133,0.16127966344356537,True,False,False,False
STRAIN_000207,2,TIGHTBLOCK50,442,5,0.9882382750511169,0.011761724948883057,0.15337376296520233,True,False,False,False
STRAIN_000215,2,TIGHTBLOCK50,42,1,0.9847355484962463,0.015264451503753662,0.17472532391548157,True,False,False,False
STRAIN_000215,2,TIGHTBLOCK50,142,2,0.9864953756332397,0.013504624366760254,0.1643451452255249,True,False,False,False
STRAIN_000215,2,TIGHTBLOCK50,242,3,0.9836411476135254,0.01635885238647461,0.1808803677558899,True,False,False,False
STRAIN_000215,2,TIGHTBLOCK50,342,4,0.9867439270019531,0.013256072998046875,0.16282595694065094,True,False,False,False
STRAIN_000215,2,TIGHTBLOCK50,442,5,0.9849648475646973,0.015035152435302734,0.17340806126594543,True,False,False,False
STRAIN_000217,2,TIGHTBLOCK50,42,1,0.9762996435165405,0.023700356483459473,0.2177169919013977,True,False,False,False
STRAIN_000217,2,TIGHTBLOCK50,142,2,0.9725065231323242,0.02749347686767578,0.23449288308620453,True,False,False,False
STRAIN_000217,2,TIGHTBLOCK50,242,3,0.9722134470939636,0.027786552906036377,0.23573940992355347,True,False,False,False
STRAIN_000217,2,TIGHTBLOCK50,342,4,0.9735641479492188,0.02643585205078125,0.22993843257427216,True,False,False,False
STRAIN_000217,2,TIGHTBLOCK50,442,5,0.9736369848251343,0.026363015174865723,0.2296217530965805,True,False,False,False
STRAIN_000221,2,TIGHTBLOCK50,42,1,0.9656741619110107,0.03432583808898926,0.2620145082473755,True,False,False,False
STRAIN_000221,2,TIGHTBLOCK50,142,2,0.9671957492828369,0.032804250717163086,0.2561412751674652,True,False,False,False
STRAIN_000221,2,TIGHTBLOCK50,242,3,0.9660940170288086,0.033905982971191406,0.260407418012619,True,False,False,False
STRAIN_000221,2,TIGHTBLOCK50,342,4,0.9659959077835083,0.0340040922164917,0.26078400015830994,True,False,False,False
STRAIN_000221,2,TIGHTBLOCK50,442,5,0.9650914669036865,0.03490853309631348,0.26422926783561707,True,False,False,False
STRAIN_000222,2,TIGHTBLOCK50,42,1,0.9726723432540894,0.027327656745910645,0.2337847501039505,True,False,False,False
STRAIN_000222,2,TIGHTBLOCK50,142,2,0.973838210105896,0.026161789894104004,0.2287435382604599,True,False,False,False
STRAIN_000222,2,TIGHTBLOCK50,242,3,0.973164439201355,0.02683556079864502,0.2316700965166092,True,False,False,False
STRAIN_000222,2,TIGHTBLOCK50,342,4,0.9707534313201904,0.02924656867980957,0.24185340106487274,True,False,False,False
STRAIN_000222,2,TIGHTBLOCK50,442,5,0.9734055995941162,0.02659440040588379,0.2306268960237503,True,False,False,False
STRAIN_000223,2,TIGHTBLOCK50,42,1,0.9673547744750977,0.032645225524902344,0.2555197477340698,True,False,False,False
STRAIN_000223,2,TIGHTBLOCK50,142,2,0.9713259339332581,0.028674066066741943,0.23947493731975555,True,False,False,False
STRAIN_000223,2,TIGHTBLOCK50,242,3,0.9746026396751404,0.02539736032485962,0.225376695394516,True,False,False,False
STRAIN_000223,2,TIGHTBLOCK50,342,4,0.9713318943977356,0.028668105602264404,0.23944975435733795,True,False,False,False
STRAIN_000223,2,TIGHTBLOCK50,442,5,0.973398745059967,0.02660125494003296,0.23065684735774994,True,False,False,False
STRAIN_000226,2,TIGHTBLOCK50,42,1,0.9888919591903687,0.011108040809631348,0.14905071258544922,True,False,False,False
STRAIN_000226,2,TIGHTBLOCK50,142,2,0.9909312725067139,0.009068727493286133,0.13467535376548767,True,False,False,False
STRAIN_000226,2,TIGHTBLOCK50,242,3,0.9896601438522339,0.010339856147766113,0.14380455017089844,True,False,False,False
STRAIN_000226,2,TIGHTBLOCK50,342,4,0.9889880418777466,0.011011958122253418,0.1484045535326004,True,False,False,False
STRAIN_000226,2,TIGHTBLOCK50,442,5,0.9915271997451782,0.008472800254821777,0.13017530739307404,True,False,False,False
STRAIN_000236,2,TIGHTBLOCK50,42,1,0.9606897830963135,0.03931021690368652,0.2803935706615448,True,False,False,False
STRAIN_000236,2,TIGHTBLOCK50,142,2,0.9610998630523682,0.038900136947631836,0.2789267301559448,True,False,False,False
STRAIN_000236,2,TIGHTBLOCK50,242,3,0.9642481803894043,0.0357518196105957,0.2674019932746887,True,False,False,False
STRAIN_000236,2,TIGHTBLOCK50,342,4,0.9655646681785583,0.03443533182144165,0.26243218779563904,True,False,False,False
STRAIN_000236,2,TIGHTBLOCK50,442,5,0.9562716484069824,0.04372835159301758,0.29573094844818115,True,False,False,False
STRAIN_000238,2,TIGHTBLOCK50,42,1,0.9913928508758545,0.008607149124145508,0.1312023103237152,True,False,False,False
STRAIN_000238,2,TIGHTBLOCK50,142,2,0.9918276071548462,0.008172392845153809,0.12784650921821594,True,False,False,False
STRAIN_000238,2,TIGHTBLOCK50,242,3,0.989551842212677,0.010448157787322998,0.14455555379390717,True,False,False,False
STRAIN_000238,2,TIGHTBLOCK50,342,4,0.9889070391654968,0.011092960834503174,0.14894947409629822,True,False,False,False
STRAIN_000238,2,TIGHTBLOCK50,442,5,0.9888990521430969,0.011100947856903076,0.14900252223014832,True,False,False,False
STRAIN_000246,2,TIGHTBLOCK50,42,1,0.9654282927513123,0.034571707248687744,0.262951135635376,True,False,False,False
STRAIN_000246,2,TIGHTBLOCK50,142,2,0.9703439474105835,0.029656052589416504,0.24354074895381927,True,False,False,False
STRAIN_000246,2,TIGHTBLOCK50,242,3,0.9726498126983643,0.027350187301635742,0.2338809370994568,True,False,False,False
STRAIN_000246,2,TIGHTBLOCK50,342,4,0.9679521918296814,0.032047808170318604,0.25317099690437317,True,False,False,False
STRAIN_000246,2,TIGHTBLOCK50,442,5,0.9639332890510559,0.03606671094894409,0.26857680082321167,True,False,False,False
STRAIN_000250,2,TIGHTBLOCK50,42,1,0.9881343841552734,0.011865615844726562,0.1540498286485672,True,False,False,False
STRAIN_000250,2,TIGHTBLOCK50,142,2,0.9877521991729736,0.012247800827026367,0.1565110981464386,True,False,False,False
STRAIN_000250,2,TIGHTBLOCK50,242,3,0.9856008887290955,0.014399111270904541,0.1697005182504654,True,False,False,False
STRAIN_000250,2,TIGHTBLOCK50,342,4,0.9908553957939148,0.009144604206085205,0.13523772358894348,True,False,False,False
STRAIN_000250,2,TIGHTBLOCK50,442,5,0.9912194013595581,0.008780598640441895,0.13251885771751404,True,False,False,False
STRAIN_000256,2,TIGHTBLOCK50,42,1,0.9916256666183472,0.008374333381652832,0.12941677868366241,True,False,False,False
STRAIN_000256,2,TIGHTBLOCK50,142,2,0.9939756393432617,0.006024360656738281,0.10976631194353104,True,False,False,False
STRAIN_000256,2,TIGHTBLOCK50,242,3,0.9957249760627747,0.004275023937225342,0.09246593713760376,True,False,False,False
STRAIN_000256,2,TIGHTBLOCK50,342,4,0.9936301112174988,0.006369888782501221,0.11287059634923935,True,False,False,False
STRAIN_000256,2,TIGHTBLOCK50,442,5,0.9933889508247375,0.006611049175262451,0.11498817801475525,True,False,False,False
STRAIN_000258,2,TIGHTBLOCK50,42,1,0.9712126851081848,0.028787314891815186,0.23994681239128113,True,False,False,False
STRAIN_000258,2,TIGHTBLOCK50,142,2,0.9697274565696716,0.03027254343032837,0.24605892598628998,True,False,False,False
STRAIN_000258,2,TIGHTBLOCK50,242,3,0.9694846272468567,0.03051537275314331,0.24704380333423615,True,False,False,False
STRAIN_000258,2,TIGHTBLOCK50,342,4,0.9614054560661316,0.03859454393386841,0.277829110622406,True,False,False,False
STRAIN_000258,2,TIGHTBLOCK50,442,5,0.9759172201156616,0.02408277988433838,0.21946607530117035,True,False,False,False
STRAIN_000265,2,TIGHTBLOCK50,42,1,0.968611478805542,0.03138852119445801,0.2505532503128052,True,False,False,False
STRAIN_000265,2,TIGHTBLOCK50,142,2,0.9751718640327454,0.02482813596725464,0.22283722460269928,True,False,False,False
STRAIN_000265,2,TIGHTBLOCK50,242,3,0.9750065803527832,0.024993419647216797,0.22357778251171112,True,False,False,False
STRAIN_000265,2,TIGHTBLOCK50,342,4,0.9691445231437683,0.03085547685623169,0.2484169602394104,True,False,False,False
STRAIN_000265,2,TIGHTBLOCK50,442,5,0.9677764177322388,0.03222358226776123,0.25386443734169006,True,False,False,False
STRAIN_000272,2,TIGHTBLOCK50,42,1,0.9879829287528992,0.01201707124710083,0.15502917766571045,True,False,False,False
STRAIN_000272,2,TIGHTBLOCK50,142,2,0.986735463142395,0.01326453685760498,0.1628773957490921,True,False,False,False
STRAIN_000272,2,TIGHTBLOCK50,242,3,0.990205705165863,0.009794294834136963,0.13995906710624695,True,False,False,False
STRAIN_000272,2,TIGHTBLOCK50,342,4,0.9889971017837524,0.011002898216247559,0.14834381639957428,True,False,False,False
STRAIN_000272,2,TIGHTBLOCK50,442,5,0.9877899289131165,0.012210071086883545,0.15626917779445648,True,False,False,False
STRAIN_000279,2,TIGHTBLOCK50,42,1,0.9725629091262817,0.02743709087371826,0.23425225913524628,True,False,False,False
STRAIN_000279,2,TIGHTBLOCK50,142,2,0.9665079116821289,0.033492088317871094,0.25881317257881165,True,False,False,False
STRAIN_000279,2,TIGHTBLOCK50,242,3,0.96461421251297,0.03538578748703003,0.2660291790962219,True,False,False,False
STRAIN_000279,2,TIGHTBLOCK50,342,4,0.970246434211731,0.029753565788269043,0.24394075572490692,True,False,False,False
STRAIN_000279,2,TIGHTBLOCK50,442,5,0.9687131643295288,0.03128683567047119,0.25014728307724,True,False,False,False
STRAIN_000282,2,TIGHTBLOCK50,42,1,0.9692304134368896,0.03076958656311035,0.2480710744857788,True,False,False,False
STRAIN_000282,2,TIGHTBLOCK50,142,2,0.9726836681365967,0.02731633186340332,0.23373612761497498,True,False,False,False
STRAIN_000282,2,TIGHTBLOCK50,242,3,0.9683744311332703,0.031625568866729736,0.25149789452552795,True,False,False,False
STRAIN_000282,2,TIGHTBLOCK50,342,4,0.9617515802383423,0.038248419761657715,0.2765807509422302,True,False,False,False
STRAIN_000282,2,TIGHTBLOCK50,442,5,0.9707085490226746,0.02929145097732544,0.24203933775424957,True,False,False,False
STRAIN_000288,2,TIGHTBLOCK50,42,1,0.9708682298660278,0.029131770133972168,0.24137842655181885,True,False,False,False
STRAIN_000288,2,TIGHTBLOCK50,142,2,0.9723254442214966,0.027674555778503418,0.23526397347450256,True,False,False,False
STRAIN_000288,2,TIGHTBLOCK50,242,3,0.969444215297699,0.030555784702301025,0.24720752239227295,True,False,False,False
STRAIN_000288,2,TIGHTBLOCK50,342,4,0.9738195538520813,0.0261804461479187,0.22882531583309174,True,False,False,False
STRAIN_000288,2,TIGHTBLOCK50,442,5,0.9607264995574951,0.03927350044250488,0.2802623510360718,True,False,False,False
STRAIN_000291,2,TIGHTBLOCK50,42,1,0.9827598929405212,0.01724010705947876,0.18568836152553558,True,False,False,False
STRAIN_000291,2,TIGHTBLOCK50,142,2,0.9749571681022644,0.025042831897735596,0.22379815578460693,True,False,False,False
STRAIN_000291,2,TIGHTBLOCK50,242,3,0.9764528870582581,0.023547112941741943,0.21701204776763916,True,False,False,False
STRAIN_000291,2,TIGHTBLOCK50,342,4,0.9810073375701904,0.01899266242980957,0.1948985606431961,True,False,False,False
STRAIN_000291,2,TIGHTBLOCK50,442,5,0.9792401790618896,0.02075982093811035,0.20376357436180115,True,False,False,False
STRAIN_000296,2,TIGHTBLOCK50,42,1,0.9716524481773376,0.028347551822662354,0.2381071150302887,True,False,False,False
STRAIN_000296,2,TIGHTBLOCK50,142,2,0.9676633477210999,0.032336652278900146,0.25430911779403687,True,False,False,False
STRAIN_000296,2,TIGHTBLOCK50,242,3,0.9746209979057312,0.0253790020942688,0.22529533505439758,True,False,False,False
STRAIN_000296,2,TIGHTBLOCK50,342,4,0.9695291519165039,0.030470848083496094,0.246863454580307,True,False,False,False
STRAIN_000296,2,TIGHTBLOCK50,442,5,0.9706768989562988,0.029323101043701172,0.24216966331005096,True,False,False,False
STRAIN_000298,2,TIGHTBLOCK50,42,1,0.96336430311203,0.03663569688796997,0.27068665623664856,True,False,False,False
STRAIN_000298,2,TIGHTBLOCK50,142,2,0.9621456861495972,0.03785431385040283,0.275151789188385,True,False,False,False
STRAIN_000298,2,TIGHTBLOCK50,242,3,0.9612202644348145,0.03877973556518555,0.278495192527771,True,False,False,False
STRAIN_000298,2,TIGHTBLOCK50,342,4,0.9712865352630615,0.028713464736938477,0.23963917791843414,True,False,False,False
STRAIN_000298,2,TIGHTBLOCK50,442,5,0.9731367826461792,0.0268632173538208,0.23178930580615997,True,False,False,False
STRAIN_000303,2,TIGHTBLOCK50,42,1,0.96711665391922,0.03288334608078003,0.25645020604133606,True,False,False,False
STRAIN_000303,2,TIGHTBLOCK50,142,2,0.9680935740470886,0.03190642595291138,0.25261232256889343,True,False,False,False
STRAIN_000303,2,TIGHTBLOCK50,242,3,0.9742804765701294,0.025719523429870605,0.22680212557315826,True,False,False,False
STRAIN_000303,2,TIGHTBLOCK50,342,4,0.9718546867370605,0.028145313262939453,0.23725655674934387,True,False,False,False
STRAIN_000303,2,TIGHTBLOCK50,442,5,0.9658331274986267,0.03416687250137329,0.2614075243473053,True,False,False,False
STRAIN_000305,2,TIGHTBLOCK50,42,1,0.9660676717758179,0.03393232822418213,0.26050859689712524,True,False,False,False
STRAIN_000305,2,TIGHTBLOCK50,142,2,0.9688476324081421,0.03115236759185791,0.2496090680360794,True,False,False,False
STRAIN_000305,2,TIGHTBLOCK50,242,3,0.9731165766716003,0.026883423328399658,0.23187679052352905,True,False,False,False
STRAIN_000305,2,TIGHTBLOCK50,342,4,0.9730459451675415,0.026954054832458496,0.23218145966529846,True,False,False,False
STRAIN_000305,2,TIGHTBLOCK50,442,5,0.97444087266922,0.02555912733078003,0.22609372437000275,True,False,False,False
STRAIN_000308,2,TIGHTBLOCK50,42,1,0.9920525550842285,0.007947444915771484,0.12607519328594208,True,False,False,False
STRAIN_000308,2,TIGHTBLOCK50,142,2,0.9861714839935303,0.013828516006469727,0.16630421578884125,True,False,False,False
STRAIN_000308,2,TIGHTBLOCK50,242,3,0.9900643229484558,0.00993567705154419,0.14096598327159882,True,False,False,False
STRAIN_000308,2,TIGHTBLOCK50,342,4,0.9890995621681213,0.010900437831878662,0.14765112102031708,True,False,False,False
STRAIN_000308,2,TIGHTBLOCK50,442,5,0.9884620904922485,0.011537909507751465,0.15190725028514862,True,False,False,False
STRAIN_000309,2,TIGHTBLOCK50,42,1,0.971563994884491,0.028436005115509033,0.2384783923625946,True,False,False,False
STRAIN_000309,2,TIGHTBLOCK50,142,2,0.9727813601493835,0.027218639850616455,0.2333180159330368,True,False,False,False
STRAIN_000309,2,TIGHTBLOCK50,242,3,0.9699780941009521,0.03002190589904785,0.24503815174102783,True,False,False,False
STRAIN_000309,2,TIGHTBLOCK50,342,4,0.9703861474990845,0.029613852500915527,0.24336762726306915,True,False,False,False
STRAIN_000309,2,TIGHTBLOCK50,442,5,0.9662140011787415,0.033785998821258545,0.2599460184574127,True,False,False,False
STRAIN_000310,2,TIGHTBLOCK50,42,1,0.9706355929374695,0.029364407062530518,0.24234063923358917,True,False,False,False
STRAIN_000310,2,TIGHTBLOCK50,142,2,0.9706548452377319,0.029345154762268066,0.24226114153862,True,False,False,False
STRAIN_000310,2,TIGHTBLOCK50,242,3,0.9719879627227783,0.02801203727722168,0.23669420182704926,True,False,False,False
STRAIN_000310,2,TIGHTBLOCK50,342,4,0.973534882068634,0.026465117931365967,0.2300657033920288,True,False,False,False
STRAIN_000310,2,TIGHTBLOCK50,442,5,0.9661071300506592,0.03389286994934082,0.26035717129707336,True,False,False,False
STRAIN_000313,2,TIGHTBLOCK50,42,1,0.969738245010376,0.030261754989624023,0.24601523578166962,True,False,False,False
STRAIN_000313,2,TIGHTBLOCK50,142,2,0.969708263874054,0.030291736125946045,0.2461373209953308,True,False,False,False
STRAIN_000313,2,TIGHTBLOCK50,242,3,0.966330885887146,0.033669114112854004,0.2594960331916809,True,False,False,False
STRAIN_000313,2,TIGHTBLOCK50,342,4,0.9665268063545227,0.033473193645477295,0.25874006748199463,True,False,False,False
STRAIN_000313,2,TIGHTBLOCK50,442,5,0.9670776724815369,0.032922327518463135,0.2566021978855133,True,False,False,False
STRAIN_000317,2,TIGHTBLOCK50,42,1,0.9713753461837769,0.028624653816223145,0.23926831781864166,True,False,False,False
STRAIN_000317,2,TIGHTBLOCK50,142,2,0.9726153612136841,0.027384638786315918,0.23402853310108185,True,False,False,False
STRAIN_000317,2,TIGHTBLOCK50,242,3,0.9688064455986023,0.031193554401397705,0.24977433681488037,True,False,False,False
STRAIN_000317,2,TIGHTBLOCK50,342,4,0.9684735536575317,0.03152644634246826,0.25110313296318054,True,False,False,False
STRAIN_000317,2,TIGHTBLOCK50,442,5,0.9675875902175903,0.03241240978240967,0.25460755825042725,True,False,False,False
STRAIN_000323,2,TIGHTBLOCK50,42,1,0.9940899610519409,0.005910038948059082,0.10872011631727219,True,False,False,False
STRAIN_000323,2,TIGHTBLOCK50,142,2,0.9960873126983643,0.003912687301635742,0.08846167474985123,True,False,False,False
STRAIN_000323,2,TIGHTBLOCK50,242,3,0.9943953156471252,0.005604684352874756,0.10587456077337265,True,False,False,False
STRAIN_000323,2,TIGHTBLOCK50,342,4,0.994350254535675,0.005649745464324951,0.10629940778017044,True,False,False,False
STRAIN_000323,2,TIGHTBLOCK50,442,5,0.9945789575576782,0.005421042442321777,0.10412603616714478,True,False,False,False
STRAIN_000328,2,TIGHTBLOCK50,42,1,0.9656202793121338,0.03437972068786621,0.26221993565559387,True,False,False,False
STRAIN_000328,2,TIGHTBLOCK50,142,2,0.9701941013336182,0.029805898666381836,0.2441556304693222,True,False,False,False
STRAIN_000328,2,TIGHTBLOCK50,242,3,0.9674219489097595,0.03257805109024048,0.2552572786808014,True,False,False,False
STRAIN_000328,2,TIGHTBLOCK50,342,4,0.9672984480857849,0.03270155191421509,0.25574037432670593,True,False,False,False
STRAIN_000328,2,TIGHTBLOCK50,442,5,0.9676359295845032,0.032364070415496826,0.2544173300266266,True,False,False,False
STRAIN_000332,2,TIGHTBLOCK50,42,1,0.9902591705322266,0.009740829467773438,0.13957731425762177,True,False,False,False
STRAIN_000332,2,TIGHTBLOCK50,142,2,0.989383339881897,0.010616660118103027,0.14571689069271088,True,False,False,False
STRAIN_000332,2,TIGHTBLOCK50,242,3,0.987712025642395,0.01228797435760498,0.15676724910736084,True,False,False,False
STRAIN_000332,2,TIGHTBLOCK50,342,4,0.9902907609939575,0.00970923900604248,0.13935032486915588,True,False,False,False
STRAIN_000332,2,TIGHTBLOCK50,442,5,0.9908699989318848,0.009130001068115234,0.13512998819351196,True,False,False,False
STRAIN_000338,2,TIGHTBLOCK50,42,1,0.9852877855300903,0.014712214469909668,0.17153552174568176,True,False,False,False
STRAIN_000338,2,TIGHTBLOCK50,142,2,0.9849004149436951,0.015099585056304932,0.17377929389476776,True,False,False,False
STRAIN_000338,2,TIGHTBLOCK50,242,3,0.9857473373413086,0.014252662658691406,0.16883525252342224,True,False,False,False
STRAIN_000338,2,TIGHTBLOCK50,342,4,0.9851044416427612,0.01489555835723877,0.17260105907917023,True,False,False,False
STRAIN_000338,2,TIGHTBLOCK50,442,5,0.9846334457397461,0.015366554260253906,0.17530877888202667,True,False,False,False
STRAIN_000344,2,TIGHTBLOCK50,42,1,0.9889132380485535,0.011086761951446533,0.14890730381011963,True,False,False,False
STRAIN_000344,2,TIGHTBLOCK50,142,2,0.9891480207443237,0.01085197925567627,0.147322416305542,True,False,False,False
STRAIN_000344,2,TIGHTBLOCK50,242,3,0.9897674322128296,0.01023256778717041,0.14305642247200012,True,False,False,False
STRAIN_000344,2,TIGHTBLOCK50,342,4,0.9897659420967102,0.010234057903289795,0.14306700229644775,True,False,False,False
STRAIN_000344,2,TIGHTBLOCK50,442,5,0.9901921153068542,0.009807884693145752,0.140056312084198,True,False,False,False
STRAIN_000352,2,TIGHTBLOCK50,42,1,0.971418023109436,0.028581976890563965,0.2390894889831543,True,False,False,False
STRAIN_000352,2,TIGHTBLOCK50,142,2,0.9625257253646851,0.03747427463531494,0.2737674415111542,True,False,False,False
STRAIN_000352,2,TIGHTBLOCK50,242,3,0.9650187492370605,0.03498125076293945,0.26450419425964355,True,False,False,False
STRAIN_000352,2,TIGHTBLOCK50,342,4,0.963062047958374,0.03693795204162598,0.2718013823032379,True,False,False,False
STRAIN_000352,2,TIGHTBLOCK50,442,5,0.9638473391532898,0.036152660846710205,0.2688964903354645,True,False,False,False
STRAIN_000355,2,TIGHTBLOCK50,42,1,0.9670915603637695,0.03290843963623047,0.25654807686805725,True,False,False,False
STRAIN_000355,2,TIGHTBLOCK50,142,2,0.9703950881958008,0.02960491180419922,0.2433304786682129,True,False,False,False
STRAIN_000355,2,TIGHTBLOCK50,242,3,0.9607197642326355,0.0392802357673645,0.2802862823009491,True,False,False,False
STRAIN_000355,2,TIGHTBLOCK50,342,4,0.9616979956626892,0.03830200433731079,0.27677440643310547,True,False,False,False
STRAIN_000355,2,TIGHTBLOCK50,442,5,0.955859899520874,0.04414010047912598,0.29711997509002686,True,False,False,False
STRAIN_000356,2,TIGHTBLOCK50,42,1,0.9682632684707642,0.03173673152923584,0.25193965435028076,True,False,False,False
STRAIN_000356,2,TIGHTBLOCK50,142,2,0.968011200428009,0.03198879957199097,0.25293800234794617,True,False,False,False
STRAIN_000356,2,TIGHTBLOCK50,242,3,0.9709637761116028,0.029036223888397217,0.24098215997219086,True,False,False,False
STRAIN_000356,2,TIGHTBLOCK50,342,4,0.9669848680496216,0.03301513195037842,0.2569636404514313,True,False,False,False
STRAIN_000356,2,TIGHTBLOCK50,442,5,0.966170072555542,0.03382992744445801,0.2601149380207062,True,False,False,False
STRAIN_000360,2,TIGHTBLOCK50,42,1,0.9654340744018555,0.03456592559814453,0.26292964816093445,True,False,False,False
STRAIN_000360,2,TIGHTBLOCK50,142,2,0.9759590029716492,0.02404099702835083,0.21927611529827118,True,False,False,False
STRAIN_000360,2,TIGHTBLOCK50,242,3,0.9756753444671631,0.024324655532836914,0.22056546807289124,True,False,False,False
STRAIN_000360,2,TIGHTBLOCK50,342,4,0.9728438854217529,0.02715611457824707,0.23304961621761322,True,False,False,False
STRAIN_000360,2,TIGHTBLOCK50,442,5,0.9744292497634888,0.02557075023651123,0.22614482045173645,True,False,False,False
STRAIN_000361,2,TIGHTBLOCK50,42,1,0.980017364025116,0.019982635974884033,0.1999126374721527,True,False,False,False
STRAIN_000361,2,TIGHTBLOCK50,142,2,0.9747158288955688,0.025284171104431152,0.22487346827983856,True,False,False,False
STRAIN_000361,2,TIGHTBLOCK50,242,3,0.9786880016326904,0.02131199836730957,0.20645566284656525,True,False,False,False
STRAIN_000361,2,TIGHTBLOCK50,342,4,0.9761927127838135,0.023807287216186523,0.21820737421512604,True,False,False,False
STRAIN_000361,2,TIGHTBLOCK50,442,5,0.9771286845207214,0.022871315479278564,0.213874951004982,True,False,False,False
STRAIN_000365,2,TIGHTBLOCK50,42,1,0.9694488644599915,0.030551135540008545,0.24718864262104034,True,False,False,False
STRAIN_000365,2,TIGHTBLOCK50,142,2,0.9733530282974243,0.026646971702575684,0.23085492849349976,True,False,False,False
STRAIN_000365,2,TIGHTBLOCK50,242,3,0.9717003107070923,0.028299689292907715,0.2379063218832016,True,False,False,False
STRAIN_000365,2,TIGHTBLOCK50,342,4,0.9721180200576782,0.027881979942321777,0.2361437976360321,True,False,False,False
STRAIN_000365,2,TIGHTBLOCK50,442,5,0.9730232954025269,0.026976704597473145,0.23227864503860474,True,False,False,False
STRAIN_000368,2,TIGHTBLOCK50,42,1,0.9699413180351257,0.030058681964874268,0.2451884150505066,True,False,False,False
STRAIN_000368,2,TIGHTBLOCK50,142,2,0.9696643352508545,0.030335664749145508,0.2463153600692749,True,False,False,False
STRAIN_000368,2,TIGHTBLOCK50,242,3,0.9696601629257202,0.030339837074279785,0.24633213877677917,True,False,False,False
STRAIN_000368,2,TIGHTBLOCK50,342,4,0.9716932773590088,0.02830672264099121,0.2379358857870102,True,False,False,False
STRAIN_000368,2,TIGHTBLOCK50,442,5,0.9650692939758301,0.03493070602416992,0.26431286334991455,True,False,False,False
STRAIN_000373,2,TIGHTBLOCK50,42,1,0.9895246028900146,0.010475397109985352,0.1447441130876541,True,False,False,False
STRAIN_000373,2,TIGHTBLOCK50,142,2,0.9893218874931335,0.010678112506866455,0.14613738656044006,True,False,False,False
STRAIN_000373,2,TIGHTBLOCK50,242,3,0.9894785284996033,0.010521471500396729,0.1450616866350174,True,False,False,False
STRAIN_000373,2,TIGHTBLOCK50,342,4,0.9887925982475281,0.011207401752471924,0.14971540868282318,True,False,False,False
STRAIN_000373,2,TIGHTBLOCK50,442,5,0.989489734172821,0.010510265827178955,0.14498446881771088,True,False,False,False
STRAIN_000380,2,TIGHTBLOCK50,42,1,0.9897657036781311,0.010234296321868896,0.14306870102882385,True,False,False,False
STRAIN_000380,2,TIGHTBLOCK50,142,2,0.9912416934967041,0.008758306503295898,0.13235019147396088,True,False,False,False
STRAIN_000380,2,TIGHTBLOCK50,242,3,0.9922301769256592,0.00776982307434082,0.12465805560350418,True,False,False,False
STRAIN_000380,2,TIGHTBLOCK50,342,4,0.9934424161911011,0.006557583808898926,0.11452136933803558,True,False,False,False
STRAIN_000380,2,TIGHTBLOCK50,442,5,0.9933276176452637,0.006672382354736328,0.1155194491147995,True,False,False,False
STRAIN_000386,2,TIGHTBLOCK50,42,1,0.9674609899520874,0.0325390100479126,0.25510382652282715,True,False,False,False
STRAIN_000386,2,TIGHTBLOCK50,142,2,0.97096186876297,0.02903813123703003,0.24099017679691315,True,False,False,False
STRAIN_000386,2,TIGHTBLOCK50,242,3,0.9698991179466248,0.030100882053375244,0.2453606277704239,True,False,False,False
STRAIN_000386,2,TIGHTBLOCK50,342,4,0.9733477830886841,0.026652216911315918,0.23087774217128754,True,False,False,False
STRAIN_000386,2,TIGHTBLOCK50,442,5,0.9688430428504944,0.031156957149505615,0.2496275156736374,True,False,False,False
STRAIN_000387,2,TIGHTBLOCK50,42,1,0.9691324830055237,0.03086751699447632,0.24846512079238892,True,False,False,False
STRAIN_000387,2,TIGHTBLOCK50,142,2,0.9707961678504944,0.029203832149505615,0.24167659878730774,True,False,False,False
STRAIN_000387,2,TIGHTBLOCK50,242,3,0.9687240719795227,0.031275928020477295,0.2501034140586853,True,False,False,False
STRAIN_000387,2,TIGHTBLOCK50,342,4,0.9681886434555054,0.03181135654449463,0.2522352337837219,True,False,False,False
STRAIN_000387,2,TIGHTBLOCK50,442,5,0.9716007709503174,0.028399229049682617,0.23832371830940247,True,False,False,False
STRAIN_000393,2,TIGHTBLOCK50,42,1,0.9934071898460388,0.006592810153961182,0.11482813209295273,True,False,False,False
STRAIN_000393,2,TIGHTBLOCK50,142,2,0.9915852546691895,0.008414745330810547,0.12972906231880188,True,False,False,False
STRAIN_000393,2,TIGHTBLOCK50,242,3,0.9941402673721313,0.005859732627868652,0.10825617611408234,True,False,False,False
STRAIN_000393,2,TIGHTBLOCK50,342,4,0.9932127594947815,0.006787240505218506,0.11650904268026352,True,False,False,False
STRAIN_000393,2,TIGHTBLOCK50,442,5,0.9912723302841187,0.008727669715881348,0.13211838901042938,True,False,False,False
STRAIN_000394,2,TIGHTBLOCK50,42,1,0.9885300397872925,0.01146996021270752,0.1514589488506317,True,False,False,False
STRAIN_000394,2,TIGHTBLOCK50,142,2,0.9885134696960449,0.011486530303955078,0.15156860649585724,True,False,False,False
STRAIN_000394,2,TIGHTBLOCK50,242,3,0.9912593364715576,0.008740663528442383,0.13221704959869385,True,False,False,False
STRAIN_000394,2,TIGHTBLOCK50,342,4,0.9902870655059814,0.009712934494018555,0.13937614858150482,True,False,False,False
STRAIN_000394,2,TIGHTBLOCK50,442,5,0.9909283518791199,0.009071648120880127,0.13469688594341278,True,False,False,False
STRAIN_000407,2,TIGHTBLOCK50,42,1,0.9901514053344727,0.009848594665527344,0.14034636318683624,True,False,False,False
STRAIN_000407,2,TIGHTBLOCK50,142,2,0.9909991025924683,0.009000897407531738,0.13417091965675354,True,False,False,False
STRAIN_000407,2,TIGHTBLOCK50,242,3,0.9903940558433533,0.009605944156646729,0.1386069655418396,True,False,False,False
STRAIN_000407,2,TIGHTBLOCK50,342,4,0.9891467690467834,0.010853230953216553,0.14733079075813293,True,False,False,False
STRAIN_000407,2,TIGHTBLOCK50,442,5,0.9926679134368896,0.0073320865631103516,0.12109534442424774,True,False,False,False
STRAIN_000410,2,TIGHTBLOCK50,42,1,0.9906377792358398,0.009362220764160156,0.13683713972568512,True,False,False,False
STRAIN_000410,2,TIGHTBLOCK50,142,2,0.9906356334686279,0.00936436653137207,0.13685253262519836,True,False,False,False
STRAIN_000410,2,TIGHTBLOCK50,242,3,0.9898111820220947,0.010188817977905273,0.1427493840456009,True,False,False,False
STRAIN_000410,2,TIGHTBLOCK50,342,4,0.9898800849914551,0.010119915008544922,0.14226649701595306,True,False,False,False
STRAIN_000410,2,TIGHTBLOCK50,442,5,0.9897985458374023,0.010201454162597656,0.14283856749534607,True,False,False,False
STRAIN_000413,2,TIGHTBLOCK50,42,1,0.9902232885360718,0.009776711463928223,0.13983337581157684,True,False,False,False
STRAIN_000413,2,TIGHTBLOCK50,142,2,0.9915995597839355,0.008400440216064453,0.1296183317899704,True,False,False,False
STRAIN_000413,2,TIGHTBLOCK50,242,3,0.9883052110671997,0.011694788932800293,0.1529368907213211,True,False,False,False
STRAIN_000413,2,TIGHTBLOCK50,342,4,0.9902205467224121,0.00977945327758789,0.13985352218151093,True,False,False,False
STRAIN_000413,2,TIGHTBLOCK50,442,5,0.9896048307418823,0.010395169258117676,0.144188791513443,True,False,False,False
STRAIN_000417,2,TIGHTBLOCK50,42,1,0.9689878821372986,0.031012117862701416,0.24904657900333405,True,False,False,False
STRAIN_000417,2,TIGHTBLOCK50,142,2,0.9716951847076416,0.0283048152923584,0.2379278540611267,True,False,False,False
STRAIN_000417,2,TIGHTBLOCK50,242,3,0.9714341163635254,0.02856588363647461,0.2390226423740387,True,False,False,False
STRAIN_000417,2,TIGHTBLOCK50,342,4,0.9708127379417419,0.029187262058258057,0.24160827696323395,True,False,False,False
STRAIN_000417,2,TIGHTBLOCK50,442,5,0.9734203219413757,0.026579678058624268,0.23056285083293915,True,False,False,False
STRAIN_000420,2,TIGHTBLOCK50,42,1,0.9899868965148926,0.010013103485107422,0.14151443541049957,True,False,False,False
STRAIN_000420,2,TIGHTBLOCK50,142,2,0.9901121854782104,0.00988781452178955,0.14062634110450745,True,False,False,False
STRAIN_000420,2,TIGHTBLOCK50,242,3,0.989014744758606,0.010985255241394043,0.14822474122047424,True,False,False,False
STRAIN_000420,2,TIGHTBLOCK50,342,4,0.9894313812255859,0.010568618774414062,0.14538684487342834,True,False,False,False
STRAIN_000420,2,TIGHTBLOCK50,442,5,0.9904727339744568,0.009527266025543213,0.1380380243062973,True,False,False,False
STRAIN_000422,2,TIGHTBLOCK50,42,1,0.9681099057197571,0.03189009428024292,0.2525474429130554,True,False,False,False
STRAIN_000422,2,TIGHTBLOCK50,142,2,0.9629867672920227,0.037013232707977295,0.27207788825035095,True,False,False,False
STRAIN_000422,2,TIGHTBLOCK50,242,3,0.9642284512519836,0.03577154874801636,0.2674754559993744,True,False,False,False
STRAIN_000422,2,TIGHTBLOCK50,342,4,0.961030125617981,0.03896987438201904,0.27917665243148804,True,False,False,False
STRAIN_000422,2,TIGHTBLOCK50,442,5,0.9592090249061584,0.04079097509384155,0.2856256365776062,True,False,False,False
STRAIN_000425,2,TIGHTBLOCK50,42,1,0.9886807203292847,0.011319279670715332,0.15046121180057526,True,False,False,False
STRAIN_000425,2,TIGHTBLOCK50,142,2,0.9895110130310059,0.01048898696899414,0.14483782649040222,True,False,False,False
STRAIN_000425,2,TIGHTBLOCK50,242,3,0.9890549778938293,0.010945022106170654,0.1479525864124298,True,False,False,False
STRAIN_000425,2,TIGHTBLOCK50,342,4,0.9878526926040649,0.012147307395935059,0.15586724877357483,True,False,False,False
STRAIN_000425,2,TIGHTBLOCK50,442,5,0.9899904727935791,0.010009527206420898,0.14148905873298645,True,False,False,False
STRAIN_000441,2,TIGHTBLOCK50,42,1,0.9708361625671387,0.029163837432861328,0.24151092767715454,True,False,False,False
STRAIN_000441,2,TIGHTBLOCK50,142,2,0.9768698215484619,0.023130178451538086,0.21508215367794037,True,False,False,False
STRAIN_000441,2,TIGHTBLOCK50,242,3,0.9662455916404724,0.03375440835952759,0.2598245143890381,True,False,False,False
STRAIN_000441,2,TIGHTBLOCK50,342,4,0.972438633441925,0.02756136655807495,0.2347823679447174,True,False,False,False
STRAIN_000441,2,TIGHTBLOCK50,442,5,0.9729332327842712,0.02706676721572876,0.23266613483428955,True,False,False,False
STRAIN_000453,2,TIGHTBLOCK50,42,1,0.9894084334373474,0.010591566562652588,0.14554350078105927,True,False,False,False
STRAIN_000453,2,TIGHTBLOCK50,142,2,0.9901600480079651,0.009839951992034912,0.14028465747833252,True,False,False,False
STRAIN_000453,2,TIGHTBLOCK50,242,3,0.9885209202766418,0.011479079723358154,0.15151889622211456,True,False,False,False
STRAIN_000453,2,TIGHTBLOCK50,342,4,0.9892486333847046,0.01075136661529541,0.14663738012313843,True,False,False,False
STRAIN_000453,2,TIGHTBLOCK50,442,5,0.9881243705749512,0.011875629425048828,0.15411396324634552,True,False,False,False
STRAIN_000472,2,TIGHTBLOCK50,42,1,0.9939069151878357,0.006093084812164307,0.11039146035909653,True,False,False,False
STRAIN_000472,2,TIGHTBLOCK50,142,2,0.9934343695640564,0.0065656304359436035,0.1145915687084198,True,False,False,False
STRAIN_000472,2,TIGHTBLOCK50,242,3,0.9925228357315063,0.007477164268493652,0.12228841334581375,True,False,False,False
STRAIN_000472,2,TIGHTBLOCK50,342,4,0.9913926124572754,0.00860738754272461,0.13120509684085846,True,False,False,False
STRAIN_000472,2,TIGHTBLOCK50,442,5,0.9925018548965454,0.00749814510345459,0.12245956808328629,True,False,False,False
STRAIN_000473,2,TIGHTBLOCK50,42,1,0.9853595495223999,0.014640450477600098,0.17111681401729584,True,False,False,False
STRAIN_000473,2,TIGHTBLOCK50,142,2,0.9860740900039673,0.013925909996032715,0.1668889969587326,True,False,False,False
STRAIN_000473,2,TIGHTBLOCK50,242,3,0.988491952419281,0.011508047580718994,0.15171033143997192,True,False,False,False
STRAIN_000473,2,TIGHTBLOCK50,342,4,0.9871710538864136,0.012828946113586426,0.16018126904964447,True,False,False,False
STRAIN_000473,2,TIGHTBLOCK50,442,5,0.9875516891479492,0.012448310852050781,0.15778669714927673,True,False,False,False
STRAIN_000483,2,TIGHTBLOCK50,42,1,0.9913737773895264,0.008626222610473633,0.13134871423244476,True,False,False,False
STRAIN_000483,2,TIGHTBLOCK50,142,2,0.9937437176704407,0.006256282329559326,0.11185985058546066,True,False,False,False
STRAIN_000483,2,TIGHTBLOCK50,242,3,0.9925234317779541,0.0074765682220458984,0.12228354066610336,True,False,False,False
STRAIN_000483,2,TIGHTBLOCK50,342,4,0.9897782206535339,0.010221779346466064,0.14298109710216522,True,False,False,False
STRAIN_000483,2,TIGHTBLOCK50,442,5,0.9905509948730469,0.009449005126953125,0.137470543384552,True,False,False,False
STRAIN_000491,2,TIGHTBLOCK50,42,1,0.9727301597595215,0.027269840240478516,0.23353730142116547,True,False,False,False
STRAIN_000491,2,TIGHTBLOCK50,142,2,0.9669821262359619,0.033017873764038086,0.2569742798805237,True,False,False,False
STRAIN_000491,2,TIGHTBLOCK50,242,3,0.9707213640213013,0.02927863597869873,0.24198603630065918,True,False,False,False
STRAIN_000491,2,TIGHTBLOCK50,342,4,0.9742307662963867,0.02576923370361328,0.22702109813690186,True,False,False,False
STRAIN_000491,2,TIGHTBLOCK50,442,5,0.9646166563034058,0.03538334369659424,0.2660202980041504,True,False,False,False
STRAIN_000504,2,TIGHTBLOCK50,42,1,0.9901285171508789,0.009871482849121094,0.1405094712972641,True,False,False,False
STRAIN_000504,2,TIGHTBLOCK50,142,2,0.9917935132980347,0.008206486701965332,0.12811289727687836,True,False,False,False
STRAIN_000504,2,TIGHTBLOCK50,242,3,0.9910889863967896,0.00891101360321045,0.13349996507167816,True,False,False,False
STRAIN_000504,2,TIGHTBLOCK50,342,4,0.9907382726669312,0.009261727333068848,0.13610027730464935,True,False,False,False
STRAIN_000504,2,TIGHTBLOCK50,442,5,0.9910081028938293,0.008991897106170654,0.13410305976867676,True,False,False,False
STRAIN_000512,2,TIGHTBLOCK50,42,1,0.992169976234436,0.007830023765563965,0.12514056265354156,True,False,False,False
STRAIN_000512,2,TIGHTBLOCK50,142,2,0.9900972843170166,0.009902715682983398,0.14073200523853302,True,False,False,False
STRAIN_000512,2,TIGHTBLOCK50,242,3,0.9922666549682617,0.007733345031738281,0.12436549365520477,True,False,False,False
STRAIN_000512,2,TIGHTBLOCK50,342,4,0.9898881912231445,0.010111808776855469,0.14220990240573883,True,False,False,False
STRAIN_000512,2,TIGHTBLOCK50,442,5,0.9930472373962402,0.006952762603759766,0.1179218590259552,True,False,False,False
STRAIN_000513,2,TIGHTBLOCK50,42,1,0.9894242882728577,0.010575711727142334,0.1454353928565979,True,False,False,False
STRAIN_000513,2,TIGHTBLOCK50,142,2,0.9910098314285278,0.008990168571472168,0.13409090042114258,True,False,False,False
STRAIN_000513,2,TIGHTBLOCK50,242,3,0.9918742179870605,0.008125782012939453,0.1274818778038025,True,False,False,False
STRAIN_000513,2,TIGHTBLOCK50,342,4,0.9931244850158691,0.006875514984130859,0.11726482212543488,True,False,False,False
STRAIN_000513,2,TIGHTBLOCK50,442,5,0.990750789642334,0.009249210357666016,0.13600903749465942,True,False,False,False
STRAIN_000523,2,TIGHTBLOCK50,42,1,0.9747933745384216,0.02520662546157837,0.22452914714813232,True,False,False,False
STRAIN_000523,2,TIGHTBLOCK50,142,2,0.9724150896072388,0.02758491039276123,0.23488259315490723,True,False,False,False
STRAIN_000523,2,TIGHTBLOCK50,242,3,0.9769439101219177,0.023056089878082275,0.21473748981952667,True,False,False,False
STRAIN_000523,2,TIGHTBLOCK50,342,4,0.9727088809013367,0.02729111909866333,0.23362842202186584,True,False,False,False
STRAIN_000523,2,TIGHTBLOCK50,442,5,0.9761186838150024,0.02388131618499756,0.2185467630624771,True,False,False,False
STRAIN_000531,2,TIGHTBLOCK50,42,1,0.9890382885932922,0.010961711406707764,0.14806592464447021,True,False,False,False
STRAIN_000531,2,TIGHTBLOCK50,142,2,0.9896647930145264,0.010335206985473633,0.14377278089523315,True,False,False,False
STRAIN_000531,2,TIGHTBLOCK50,242,3,0.9859326481819153,0.014067351818084717,0.16773366928100586,True,False,False,False
STRAIN_000531,2,TIGHTBLOCK50,342,4,0.9898632764816284,0.010136723518371582,0.142384335398674,True,False,False,False
STRAIN_000531,2,TIGHTBLOCK50,442,5,0.9897257089614868,0.010274291038513184,0.14334805309772491,True,False,False,False
STRAIN_000532,2,TIGHTBLOCK50,42,1,0.9893920421600342,0.01060795783996582,0.14565667510032654,True,False,False,False
STRAIN_000532,2,TIGHTBLOCK50,142,2,0.9885619878768921,0.01143801212310791,0.151248037815094,True,False,False,False
STRAIN_000532,2,TIGHTBLOCK50,242,3,0.9877942800521851,0.012205719947814941,0.15624156594276428,True,False,False,False
STRAIN_000532,2,TIGHTBLOCK50,342,4,0.9898277521133423,0.010172247886657715,0.14263425767421722,True,False,False,False
STRAIN_000532,2,TIGHTBLOCK50,442,5,0.9903693199157715,0.009630680084228516,0.1387849599123001,True,False,False,False
STRAIN_000533,2,TIGHTBLOCK50,42,1,0.9905402660369873,0.009459733963012695,0.13754761219024658,True,False,False,False
STRAIN_000533,2,TIGHTBLOCK50,142,2,0.9907281398773193,0.009271860122680664,0.13617537915706635,True,False,False,False
STRAIN_000533,2,TIGHTBLOCK50,242,3,0.990416407585144,0.009583592414855957,0.13844554126262665,True,False,False,False
STRAIN_000533,2,TIGHTBLOCK50,342,4,0.9910040497779846,0.00899595022201538,0.13413378596305847,True,False,False,False
STRAIN_000533,2,TIGHTBLOCK50,442,5,0.9895435571670532,0.010456442832946777,0.14461296796798706,True,False,False,False
STRAIN_000555,2,TIGHTBLOCK50,42,1,0.9919462203979492,0.008053779602050781,0.12691546976566315,True,False,False,False
STRAIN_000555,2,TIGHTBLOCK50,142,2,0.9892473816871643,0.010752618312835693,0.14664678275585175,True,False,False,False
STRAIN_000555,2,TIGHTBLOCK50,242,3,0.9889575242996216,0.011042475700378418,0.1486101895570755,True,False,False,False
STRAIN_000555,2,TIGHTBLOCK50,342,4,0.9879946112632751,0.012005388736724854,0.15495434403419495,True,False,False,False
STRAIN_000555,2,TIGHTBLOCK50,442,5,0.9915831685066223,0.008416831493377686,0.12974466383457184,True,False,False,False
STRAIN_000572,2,TIGHTBLOCK50,42,1,0.9709118604660034,0.029088139533996582,0.24119794368743896,True,False,False,False
STRAIN_000572,2,TIGHTBLOCK50,142,2,0.9728585481643677,0.027141451835632324,0.2329869121313095,True,False,False,False
STRAIN_000572,2,TIGHTBLOCK50,242,3,0.9679694175720215,0.032030582427978516,0.253103107213974,True,False,False,False
STRAIN_000572,2,TIGHTBLOCK50,342,4,0.9709815382957458,0.02901846170425415,0.24090856313705444,True,False,False,False
STRAIN_000572,2,TIGHTBLOCK50,442,5,0.9711591005325317,0.02884089946746826,0.24017056822776794,True,False,False,False
STRAIN_000575,2,TIGHTBLOCK50,42,1,0.9920191764831543,0.007980823516845703,0.12633882462978363,True,False,False,False
STRAIN_000575,2,TIGHTBLOCK50,142,2,0.991669774055481,0.008330225944519043,0.129074826836586,True,False,False,False
STRAIN_000575,2,TIGHTBLOCK50,242,3,0.992743730545044,0.007256269454956055,0.12046816200017929,True,False,False,False
STRAIN_000575,2,TIGHTBLOCK50,342,4,0.9924602508544922,0.0075397491455078125,0.1227986067533493,True,False,False,False
STRAIN_000575,2,TIGHTBLOCK50,442,5,0.9913403987884521,0.008659601211547852,0.13160140812397003,True,False,False,False
STRAIN_000585,2,TIGHTBLOCK50,42,1,0.9732493758201599,0.026750624179840088,0.2313029170036316,True,False,False,False
STRAIN_000585,2,TIGHTBLOCK50,142,2,0.9680342674255371,0.03196573257446289,0.25284650921821594,True,False,False,False
STRAIN_000585,2,TIGHTBLOCK50,242,3,0.970786988735199,0.029213011264801025,0.24171453714370728,True,False,False,False
STRAIN_000585,2,TIGHTBLOCK50,342,4,0.9664539098739624,0.0335460901260376,0.2590217888355255,True,False,False,False
STRAIN_000585,2,TIGHTBLOCK50,442,5,0.9688722491264343,0.031127750873565674,0.24951034784317017,True,False,False,False
STRAIN_000604,2,TIGHTBLOCK50,42,1,0.9796994924545288,0.02030050754547119,0.20149685442447662,True,False,False,False
STRAIN_000604,2,TIGHTBLOCK50,142,2,0.9823477268218994,0.017652273178100586,0.18789498507976532,True,False,False,False
STRAIN_000604,2,TIGHTBLOCK50,242,3,0.977826714515686,0.022173285484313965,0.2105868011713028,True,False,False,False
STRAIN_000604,2,TIGHTBLOCK50,342,4,0.9844570755958557,0.015542924404144287,0.17631182074546814,True,False,False,False
STRAIN_000604,2,TIGHTBLOCK50,442,5,0.9780401587486267,0.02195984125137329,0.20957031846046448,True,False,False,False
STRAIN_000614,2,TIGHTBLOCK50,42,1,0.981235682964325,0.01876431703567505,0.1937227100133896,True,False,False,False
STRAIN_000614,2,TIGHTBLOCK50,142,2,0.9765636324882507,0.023436367511749268,0.2165009081363678,True,False,False,False
STRAIN_000614,2,TIGHTBLOCK50,242,3,0.9756441116333008,0.02435588836669922,0.22070713341236115,True,False,False,False
STRAIN_000614,2,TIGHTBLOCK50,342,4,0.9753998517990112,0.02460014820098877,0.2218114584684372,True,False,False,False
STRAIN_000614,2,TIGHTBLOCK50,442,5,0.9735456705093384,0.02645432949066162,0.2300187349319458,True,False,False,False
STRAIN_000615,2,TIGHTBLOCK50,42,1,0.9597179889678955,0.04028201103210449,0.2838379740715027,True,False,False,False
STRAIN_000615,2,TIGHTBLOCK50,142,2,0.9662899971008301,0.03371000289916992,0.25965389609336853,True,False,False,False
STRAIN_000615,2,TIGHTBLOCK50,242,3,0.9653289318084717,0.03467106819152832,0.2633289694786072,True,False,False,False
STRAIN_000615,2,TIGHTBLOCK50,342,4,0.9663798809051514,0.03362011909484863,0.25930699706077576,True,False,False,False
STRAIN_000615,2,TIGHTBLOCK50,442,5,0.9623615145683289,0.03763848543167114,0.2743665277957916,True,False,False,False
STRAIN_000636,2,TIGHTBLOCK50,42,1,0.9748883247375488,0.025111675262451172,0.22410565614700317,True,False,False,False
STRAIN_000636,2,TIGHTBLOCK50,142,2,0.9766217470169067,0.02337825298309326,0.21623267233371735,True,False,False,False
STRAIN_000636,2,TIGHTBLOCK50,242,3,0.9819934964179993,0.018006503582000732,0.18977119028568268,True,False,False,False
STRAIN_000636,2,TIGHTBLOCK50,342,4,0.9843326210975647,0.015667378902435303,0.1770164519548416,True,False,False,False
STRAIN_000636,2,TIGHTBLOCK50,442,5,0.9797177314758301,0.020282268524169922,0.20140674710273743,True,False,False,False
STRAIN_000637,2,TIGHTBLOCK50,42,1,0.9744362235069275,0.02556377649307251,0.2261139452457428,True,False,False,False
STRAIN_000637,2,TIGHTBLOCK50,142,2,0.9730088114738464,0.026991188526153564,0.23234085738658905,True,False,False,False
STRAIN_000637,2,TIGHTBLOCK50,242,3,0.9674624800682068,0.03253751993179321,0.25509828329086304,True,False,False,False
STRAIN_000637,2,TIGHTBLOCK50,342,4,0.9749467968940735,0.025053203105926514,0.22384433448314667,True,False,False,False
STRAIN_000637,2,TIGHTBLOCK50,442,5,0.968891441822052,0.031108558177947998,0.24943356215953827,True,False,False,False
STRAIN_000638,2,TIGHTBLOCK50,42,1,0.9728307127952576,0.02716928720474243,0.23310646414756775,True,False,False,False
STRAIN_000638,2,TIGHTBLOCK50,142,2,0.9692063331604004,0.03079366683959961,0.24816839396953583,True,False,False,False
STRAIN_000638,2,TIGHTBLOCK50,242,3,0.9679149389266968,0.03208506107330322,0.25331881642341614,True,False,False,False
STRAIN_000638,2,TIGHTBLOCK50,342,4,0.9757969379425049,0.024203062057495117,0.22001364827156067,True,False,False,False
STRAIN_000638,2,TIGHTBLOCK50,442,5,0.9703063368797302,0.029693663120269775,0.24369534850120544,True,False,False,False
STRAIN_000640,2,TIGHTBLOCK50,42,1,0.9904244542121887,0.00957554578781128,0.13838759064674377,True,False,False,False
STRAIN_000640,2,TIGHTBLOCK50,142,2,0.99089515209198,0.00910484790802002,0.1349439173936844,True,False,False,False
STRAIN_000640,2,TIGHTBLOCK50,242,3,0.9891115427017212,0.010888457298278809,0.1475696712732315,True,False,False,False
STRAIN_000640,2,TIGHTBLOCK50,342,4,0.9902883172035217,0.009711682796478271,0.13936741650104523,True,False,False,False
STRAIN_000640,2,TIGHTBLOCK50,442,5,0.9879826307296753,0.012017369270324707,0.15503139793872833,True,False,False,False
STRAIN_000641,2,TIGHTBLOCK50,42,1,0.9924046993255615,0.0075953006744384766,0.12325020879507065,True,False,False,False
STRAIN_000641,2,TIGHTBLOCK50,142,2,0.9889671802520752,0.011032819747924805,0.1485447883605957,True,False,False,False
STRAIN_000641,2,TIGHTBLOCK50,242,3,0.9888538122177124,0.011146187782287598,0.149306058883667,True,False,False,False
STRAIN_000641,2,TIGHTBLOCK50,342,4,0.9902610182762146,0.0097389817237854,0.1395636945962906,True,False,False,False
STRAIN_000641,2,TIGHTBLOCK50,442,5,0.9904764890670776,0.009523510932922363,0.13801047205924988,True,False,False,False
STRAIN_000642,2,TIGHTBLOCK50,42,1,0.9918885827064514,0.008111417293548584,0.12736883759498596,True,False,False,False
STRAIN_000642,2,TIGHTBLOCK50,142,2,0.9922571778297424,0.007742822170257568,0.12444101274013519,True,False,False,False
STRAIN_000642,2,TIGHTBLOCK50,242,3,0.9933421611785889,0.006657838821411133,0.11539385467767715,True,False,False,False
STRAIN_000642,2,TIGHTBLOCK50,342,4,0.9946815967559814,0.005318403244018555,0.1031353697180748,True,False,False,False
STRAIN_000642,2,TIGHTBLOCK50,442,5,0.9949421286582947,0.005057871341705322,0.10057731717824936,True,False,False,False
STRAIN_000643,2,TIGHTBLOCK50,42,1,0.9939354658126831,0.0060645341873168945,0.11013170331716537,True,False,False,False
STRAIN_000643,2,TIGHTBLOCK50,142,2,0.9938839673995972,0.006116032600402832,0.11059895902872086,True,False,False,False
STRAIN_000643,2,TIGHTBLOCK50,242,3,0.9936967492103577,0.006303250789642334,0.11227882653474808,True,False,False,False
STRAIN_000643,2,TIGHTBLOCK50,342,4,0.9932129979133606,0.006787002086639404,0.11650796234607697,True,False,False,False
STRAIN_000643,2,TIGHTBLOCK50,442,5,0.9908446669578552,0.009155333042144775,0.13531701266765594,True,False,False,False
STRAIN_000662,2,TIGHTBLOCK50,42,1,0.9688584804534912,0.03114151954650879,0.2495654821395874,True,False,False,False
STRAIN_000662,2,TIGHTBLOCK50,142,2,0.9663739204406738,0.03362607955932617,0.25933003425598145,True,False,False,False
STRAIN_000662,2,TIGHTBLOCK50,242,3,0.9687405824661255,0.03125941753387451,0.25003743171691895,True,False,False,False
STRAIN_000662,2,TIGHTBLOCK50,342,4,0.970025897026062,0.02997410297393799,0.24484318494796753,True,False,False,False
STRAIN_000662,2,TIGHTBLOCK50,442,5,0.9695715308189392,0.03042846918106079,0.24669146537780762,True,False,False,False
STRAIN_000673,2,TIGHTBLOCK50,42,1,0.9717531800270081,0.028246819972991943,0.23768366873264313,True,False,False,False
STRAIN_000673,2,TIGHTBLOCK50,142,2,0.9712347388267517,0.02876526117324829,0.23985528945922852,True,False,False,False
STRAIN_000673,2,TIGHTBLOCK50,242,3,0.9697167873382568,0.030283212661743164,0.2461022287607193,True,False,False,False
STRAIN_000673,2,TIGHTBLOCK50,342,4,0.9694504737854004,0.03054952621459961,0.24718217551708221,True,False,False,False
STRAIN_000673,2,TIGHTBLOCK50,442,5,0.9656865000724792,0.03431349992752075,0.261967271566391,True,False,False,False
STRAIN_000681,2,TIGHTBLOCK50,42,1,0.9671165943145752,0.032883405685424805,0.2564506232738495,True,False,False,False
STRAIN_000681,2,TIGHTBLOCK50,142,2,0.9689450263977051,0.031054973602294922,0.24921870231628418,True,False,False,False
STRAIN_000681,2,TIGHTBLOCK50,242,3,0.9682003259658813,0.03179967403411865,0.2521895170211792,True,False,False,False
STRAIN_000681,2,TIGHTBLOCK50,342,4,0.96418297290802,0.03581702709197998,0.2676457464694977,True,False,False,False
STRAIN_000681,2,TIGHTBLOCK50,442,5,0.9683254957199097,0.03167450428009033,0.25169217586517334,True,False,False,False
STRAIN_000706,2,TIGHTBLOCK50,42,1,0.9717144966125488,0.028285503387451172,0.23784653842449188,True,False,False,False
STRAIN_000706,2,TIGHTBLOCK50,142,2,0.9682506918907166,0.03174930810928345,0.25198894739151,True,False,False,False
STRAIN_000706,2,TIGHTBLOCK50,242,3,0.9709771275520325,0.02902287244796753,0.24092692136764526,True,False,False,False
STRAIN_000706,2,TIGHTBLOCK50,342,4,0.9741380214691162,0.02586197853088379,0.2274285852909088,True,False,False,False
STRAIN_000706,2,TIGHTBLOCK50,442,5,0.9667825102806091,0.03321748971939087,0.2577495872974396,True,False,False,False
STRAIN_000719,2,TIGHTBLOCK50,42,1,0.9785637259483337,0.02143627405166626,0.20705659687519073,True,False,False,False
STRAIN_000719,2,TIGHTBLOCK50,142,2,0.9714064598083496,0.02859354019165039,0.23913827538490295,True,False,False,False
STRAIN_000719,2,TIGHTBLOCK50,242,3,0.9691840410232544,0.030815958976745605,0.24825772643089294,True,False,False,False
STRAIN_000719,2,TIGHTBLOCK50,342,4,0.9704596400260925,0.02954035997390747,0.24306513369083405,True,False,False,False
STRAIN_000719,2,TIGHTBLOCK50,442,5,0.9737679958343506,0.026232004165649414,0.22905007004737854,True,False,False,False
STRAIN_000721,2,TIGHTBLOCK50,42,1,0.9922418594360352,0.007758140563964844,0.12456437200307846,True,False,False,False
STRAIN_000721,2,TIGHTBLOCK50,142,2,0.9912570714950562,0.008742928504943848,0.13223430514335632,True,False,False,False
STRAIN_000721,2,TIGHTBLOCK50,242,3,0.9915505647659302,0.008449435234069824,0.12999588251113892,True,False,False,False
STRAIN_000721,2,TIGHTBLOCK50,342,4,0.9917922616004944,0.008207738399505615,0.1281232386827469,True,False,False,False
STRAIN_000721,2,TIGHTBLOCK50,442,5,0.9933634996414185,0.006636500358581543,0.11520925164222717,True,False,False,False
STRAIN_000726,2,TIGHTBLOCK50,42,1,0.9665558338165283,0.03344416618347168,0.25862810015678406,True,False,False,False
STRAIN_000726,2,TIGHTBLOCK50,142,2,0.967968225479126,0.03203177452087402,0.25310805439949036,True,False,False,False
STRAIN_000726,2,TIGHTBLOCK50,242,3,0.9672678709030151,0.03273212909698486,0.25586000084877014,True,False,False,False
STRAIN_000726,2,TIGHTBLOCK50,342,4,0.969680666923523,0.03031933307647705,0.24624928832054138,True,False,False,False
STRAIN_000726,2,TIGHTBLOCK50,442,5,0.9644380807876587,0.03556191921234131,0.2666909396648407,True,False,False,False
STRAIN_000731,2,TIGHTBLOCK50,42,1,0.9649001359939575,0.03509986400604248,0.26495230197906494,True,False,False,False
STRAIN_000731,2,TIGHTBLOCK50,142,2,0.9723037481307983,0.02769625186920166,0.235356405377388,True,False,False,False
STRAIN_000731,2,TIGHTBLOCK50,242,3,0.970539927482605,0.02946007251739502,0.24273520708084106,True,False,False,False
STRAIN_000731,2,TIGHTBLOCK50,342,4,0.9693925380706787,0.03060746192932129,0.2474164515733719,True,False,False,False
STRAIN_000731,2,TIGHTBLOCK50,442,5,0.972679853439331,0.027320146560668945,0.23375286161899567,True,False,False,False
STRAIN_000737,2,TIGHTBLOCK50,42,1,0.9826492071151733,0.01735079288482666,0.1862838715314865,True,False,False,False
STRAIN_000737,2,TIGHTBLOCK50,142,2,0.9828783273696899,0.01712167263031006,0.18504953384399414,True,False,False,False
STRAIN_000737,2,TIGHTBLOCK50,242,3,0.9820916652679443,0.017908334732055664,0.1892528384923935,True,False,False,False
STRAIN_000737,2,TIGHTBLOCK50,342,4,0.9802378416061401,0.019762158393859863,0.1988072544336319,True,False,False,False
STRAIN_000737,2,TIGHTBLOCK50,442,5,0.9775227904319763,0.02247720956802368,0.21202486753463745,True,False,False,False
STRAIN_000742,2,TIGHTBLOCK50,42,1,0.9722474217414856,0.027752578258514404,0.2355949431657791,True,False,False,False
STRAIN_000742,2,TIGHTBLOCK50,142,2,0.9685947895050049,0.03140521049499512,0.25062018632888794,True,False,False,False
STRAIN_000742,2,TIGHTBLOCK50,242,3,0.9670794010162354,0.03292059898376465,0.25659534335136414,True,False,False,False
STRAIN_000742,2,TIGHTBLOCK50,342,4,0.9698991775512695,0.03010082244873047,0.24536025524139404,True,False,False,False
STRAIN_000742,2,TIGHTBLOCK50,442,5,0.9719524383544922,0.028047561645507812,0.23684369027614594,True,False,False,False
STRAIN_000743,2,TIGHTBLOCK50,42,1,0.972296953201294,0.027703046798706055,0.23538519442081451,True,False,False,False
STRAIN_000743,2,TIGHTBLOCK50,142,2,0.9704536199569702,0.029546380043029785,0.24308983981609344,True,False,False,False
STRAIN_000743,2,TIGHTBLOCK50,242,3,0.9739453792572021,0.02605462074279785,0.2282743602991104,True,False,False,False
STRAIN_000743,2,TIGHTBLOCK50,342,4,0.9650999307632446,0.03490006923675537,0.26419734954833984,True,False,False,False
STRAIN_000743,2,TIGHTBLOCK50,442,5,0.9749971628189087,0.02500283718109131,0.22361908853054047,True,False,False,False
STRAIN_000744,2,TIGHTBLOCK50,42,1,0.9698211550712585,0.030178844928741455,0.24567823112010956,True,False,False,False
STRAIN_000744,2,TIGHTBLOCK50,142,2,0.970714807510376,0.029285192489624023,0.24201297760009766,True,False,False,False
STRAIN_000744,2,TIGHTBLOCK50,242,3,0.978554904460907,0.021445095539093018,0.20709939301013947,True,False,False,False
STRAIN_000744,2,TIGHTBLOCK50,342,4,0.9737077951431274,0.02629220485687256,0.22931286692619324,True,False,False,False
STRAIN_000744,2,TIGHTBLOCK50,442,5,0.97284996509552,0.02715003490447998,0.23302406072616577,True,False,False,False
STRAIN_000745,2,TIGHTBLOCK50,42,1,0.975125253200531,0.024874746799468994,0.22304600477218628,True,False,False,False
STRAIN_000745,2,TIGHTBLOCK50,142,2,0.9738065004348755,0.02619349956512451,0.22888170182704926,True,False,False,False
STRAIN_000745,2,TIGHTBLOCK50,242,3,0.974469780921936,0.025530219078063965,0.2259654700756073,True,False,False,False
STRAIN_000745,2,TIGHTBLOCK50,342,4,0.9805431365966797,0.019456863403320312,0.1972651481628418,True,False,False,False
STRAIN_000745,2,TIGHTBLOCK50,442,5,0.9797505140304565,0.020249485969543457,0.2012435644865036,True,False,False,False
STRAIN_000746,2,TIGHTBLOCK50,42,1,0.9705754518508911,0.029424548149108887,0.24258825182914734,True,False,False,False
STRAIN_000746,2,TIGHTBLOCK50,142,2,0.9675797820091248,0.032420217990875244,0.2546382546424866,True,False,False,False
STRAIN_000746,2,TIGHTBLOCK50,242,3,0.9705320596694946,0.02946794033050537,0.24276728928089142,True,False,False,False
STRAIN_000746,2,TIGHTBLOCK50,342,4,0.9692659974098206,0.030734002590179443,0.247927725315094,True,False,False,False
STRAIN_000746,2,TIGHTBLOCK50,442,5,0.9729942083358765,0.027005791664123535,0.23240426182746887,True,False,False,False
STRAIN_000747,2,TIGHTBLOCK50,42,1,0.9742623567581177,0.025737643241882324,0.22688151895999908,True,False,False,False
STRAIN_000747,2,TIGHTBLOCK50,142,2,0.9732575416564941,0.02674245834350586,0.2312678098678589,True,False,False,False
STRAIN_000747,2,TIGHTBLOCK50,242,3,0.9729564785957336,0.027043521404266357,0.2325659990310669,True,False,False,False
STRAIN_000747,2,TIGHTBLOCK50,342,4,0.9712939858436584,0.028706014156341553,0.23960812389850616,True,False,False,False
STRAIN_000747,2,TIGHTBLOCK50,442,5,0.970024824142456,0.029975175857543945,0.24484783411026,True,False,False,False
STRAIN_000748,2,TIGHTBLOCK50,42,1,0.9903441667556763,0.00965583324432373,0.1389659196138382,True,False,False,False
STRAIN_000748,2,TIGHTBLOCK50,142,2,0.9909999370574951,0.009000062942504883,0.13416482508182526,True,False,False,False
STRAIN_000748,2,TIGHTBLOCK50,242,3,0.9900951981544495,0.009904801845550537,0.1407468169927597,True,False,False,False
STRAIN_000748,2,TIGHTBLOCK50,342,4,0.9889888763427734,0.011011123657226562,0.1483990103006363,True,False,False,False
STRAIN_000748,2,TIGHTBLOCK50,442,5,0.9913983345031738,0.008601665496826172,0.1311613768339157,True,False,False,False
STRAIN_000754,2,TIGHTBLOCK50,42,1,0.9711646437644958,0.02883535623550415,0.24014705419540405,True,False,False,False
STRAIN_000754,2,TIGHTBLOCK50,142,2,0.9701544046401978,0.029845595359802246,0.24431762099266052,True,False,False,False
STRAIN_000754,2,TIGHTBLOCK50,242,3,0.9671640396118164,0.032835960388183594,0.25626540184020996,True,False,False,False
STRAIN_000754,2,TIGHTBLOCK50,342,4,0.9672493934631348,0.032750606536865234,0.2559319734573364,True,False,False,False
STRAIN_000754,2,TIGHTBLOCK50,442,5,0.9645253419876099,0.03547465801239014,0.2663632035255432,True,False,False,False
STRAIN_000758,2,TIGHTBLOCK50,42,1,0.9652794599533081,0.034720540046691895,0.2635170817375183,True,False,False,False
STRAIN_000758,2,TIGHTBLOCK50,142,2,0.9686711430549622,0.03132885694503784,0.25031527876853943,True,False,False,False
STRAIN_000758,2,TIGHTBLOCK50,242,3,0.9615932106971741,0.03840678930282593,0.2771527171134949,True,False,False,False
STRAIN_000758,2,TIGHTBLOCK50,342,4,0.9719864130020142,0.02801358699798584,0.23670068383216858,True,False,False,False
STRAIN_000758,2,TIGHTBLOCK50,442,5,0.9672485589981079,0.03275144100189209,0.2559349834918976,True,False,False,False
STRAIN_000759,2,TIGHTBLOCK50,42,1,0.9742648005485535,0.025735199451446533,0.22687067091464996,True,False,False,False
STRAIN_000759,2,TIGHTBLOCK50,142,2,0.9755827188491821,0.02441728115081787,0.22098501026630402,True,False,False,False
STRAIN_000759,2,TIGHTBLOCK50,242,3,0.9770947098731995,0.022905290126800537,0.2140340954065323,True,False,False,False
STRAIN_000759,2,TIGHTBLOCK50,342,4,0.9704724550247192,0.02952754497528076,0.24301229417324066,True,False,False,False
STRAIN_000759,2,TIGHTBLOCK50,442,5,0.9796320199966431,0.020367980003356934,0.20183172821998596,True,False,False,False
STRAIN_000767,2,TIGHTBLOCK50,42,1,0.9666391015052795,0.03336089849472046,0.2583051919937134,True,False,False,False
STRAIN_000767,2,TIGHTBLOCK50,142,2,0.9676341414451599,0.03236585855484009,0.25442418456077576,True,False,False,False
STRAIN_000767,2,TIGHTBLOCK50,242,3,0.9702918529510498,0.029708147048950195,0.24375468492507935,True,False,False,False
STRAIN_000767,2,TIGHTBLOCK50,342,4,0.9662429690361023,0.033757030963897705,0.2598347067832947,True,False,False,False
STRAIN_000767,2,TIGHTBLOCK50,442,5,0.9709665775299072,0.029033422470092773,0.24097028374671936,True,False,False,False
STRAIN_000778,2,TIGHTBLOCK50,42,1,0.9866440296173096,0.01335597038269043,0.16343729197978973,True,False,False,False
STRAIN_000778,2,TIGHTBLOCK50,142,2,0.9904330968856812,0.009566903114318848,0.13832418620586395,True,False,False,False
STRAIN_000778,2,TIGHTBLOCK50,242,3,0.9885711669921875,0.0114288330078125,0.15118739008903503,True,False,False,False
STRAIN_000778,2,TIGHTBLOCK50,342,4,0.9919537305831909,0.008046269416809082,0.12685637176036835,True,False,False,False
STRAIN_000778,2,TIGHTBLOCK50,442,5,0.9921183586120605,0.007881641387939453,0.1255510151386261,True,False,False,False
STRAIN_000779,2,TIGHTBLOCK50,42,1,0.9890318512916565,0.010968148708343506,0.1481098085641861,True,False,False,False
STRAIN_000779,2,TIGHTBLOCK50,142,2,0.9886429309844971,0.01135706901550293,0.15071208775043488,True,False,False,False
STRAIN_000779,2,TIGHTBLOCK50,242,3,0.9888385534286499,0.011161446571350098,0.1494091898202896,True,False,False,False
STRAIN_000779,2,TIGHTBLOCK50,342,4,0.9874199032783508,0.01258009672164917,0.15861976146697998,True,False,False,False
STRAIN_000779,2,TIGHTBLOCK50,442,5,0.9902991652488708,0.00970083475112915,0.13929051160812378,True,False,False,False
STRAIN_000780,2,TIGHTBLOCK50,42,1,0.9613792896270752,0.038620710372924805,0.277923583984375,True,False,False,False
STRAIN_000780,2,TIGHTBLOCK50,142,2,0.9703949093818665,0.029605090618133545,0.2433319389820099,True,False,False,False
STRAIN_000780,2,TIGHTBLOCK50,242,3,0.9615885019302368,0.038411498069763184,0.2771700322628021,True,False,False,False
STRAIN_000780,2,TIGHTBLOCK50,342,4,0.9657360315322876,0.0342639684677124,0.2617783844470978,True,False,False,False
STRAIN_000780,2,TIGHTBLOCK50,442,5,0.9611854553222656,0.038814544677734375,0.27862027287483215,True,False,False,False
STRAIN_000781,2,TIGHTBLOCK50,42,1,0.9885818958282471,0.01141810417175293,0.15111665427684784,True,False,False,False
STRAIN_000781,2,TIGHTBLOCK50,142,2,0.9891876578330994,0.010812342166900635,0.1470532864332199,True,False,False,False
STRAIN_000781,2,TIGHTBLOCK50,242,3,0.9882664084434509,0.011733591556549072,0.15318983793258667,True,False,False,False
STRAIN_000781,2,TIGHTBLOCK50,342,4,0.9898867607116699,0.010113239288330078,0.14222009479999542,True,False,False,False
STRAIN_000781,2,TIGHTBLOCK50,442,5,0.9897654056549072,0.010234594345092773,0.14307090640068054,True,False,False,False
STRAIN_000786,2,TIGHTBLOCK50,42,1,0.9689155220985413,0.03108447790145874,0.249337300658226,True,False,False,False
STRAIN_000786,2,TIGHTBLOCK50,142,2,0.9645315408706665,0.035468459129333496,0.26634007692337036,True,False,False,False
STRAIN_000786,2,TIGHTBLOCK50,242,3,0.9614062309265137,0.03859376907348633,0.2778269350528717,True,False,False,False
STRAIN_000786,2,TIGHTBLOCK50,342,4,0.9705499410629272,0.029450058937072754,0.24269364774227142,True,False,False,False
STRAIN_000786,2,TIGHTBLOCK50,442,5,0.9587490558624268,0.04125094413757324,0.2872311770915985,True,False,False,False
STRAIN_000806,2,TIGHTBLOCK50,42,1,0.9758948087692261,0.024105191230773926,0.2195686548948288,True,False,False,False
STRAIN_000806,2,TIGHTBLOCK50,142,2,0.9707606434822083,0.029239356517791748,0.2418234646320343,True,False,False,False
STRAIN_000806,2,TIGHTBLOCK50,242,3,0.9744507670402527,0.025549232959747314,0.22604984045028687,True,False,False,False
STRAIN_000806,2,TIGHTBLOCK50,342,4,0.9758467674255371,0.02415323257446289,0.21978695690631866,True,False,False,False
STRAIN_000806,2,TIGHTBLOCK50,442,5,0.9704596996307373,0.029540300369262695,0.243064746260643,True,False,False,False
STRAIN_000815,2,TIGHTBLOCK50,42,1,0.9687221646308899,0.03127783536911011,0.25011146068573,True,False,False,False
STRAIN_000815,2,TIGHTBLOCK50,142,2,0.9682198762893677,0.031780123710632324,0.2521117031574249,True,False,False,False
STRAIN_000815,2,TIGHTBLOCK50,242,3,0.9722505807876587,0.02774941921234131,0.23558197915554047,True,False,False,False
STRAIN_000815,2,TIGHTBLOCK50,342,4,0.9760575890541077,0.023942410945892334,0.21882618963718414,True,False,False,False
STRAIN_000815,2,TIGHTBLOCK50,442,5,0.9686216711997986,0.031378328800201416,0.2505130171775818,True,False,False,False
STRAIN_000834,2,TIGHTBLOCK50,42,1,0.9918912649154663,0.008108735084533691,0.127348393201828,True,False,False,False
STRAIN_000834,2,TIGHTBLOCK50,142,2,0.9950979351997375,0.004902064800262451,0.0990164503455162,True,False,False,False
STRAIN_000834,2,TIGHTBLOCK50,242,3,0.9912580847740173,0.008741915225982666,0.13222669064998627,True,False,False,False
STRAIN_000834,2,TIGHTBLOCK50,342,4,0.9888828992843628,0.011117100715637207,0.14911134541034698,True,False,False,False
STRAIN_000834,2,TIGHTBLOCK50,442,5,0.9912447333335876,0.008755266666412354,0.1323278695344925,True,False,False,False
STRAIN_000860,2,TIGHTBLOCK50,42,1,0.9661682844161987,0.03383171558380127,0.26012176275253296,True,False,False,False
STRAIN_000860,2,TIGHTBLOCK50,142,2,0.961643397808075,0.03835660219192505,0.2769714295864105,True,False,False,False
STRAIN_000860,2,TIGHTBLOCK50,242,3,0.9634690284729004,0.03653097152709961,0.27029940485954285,True,False,False,False
STRAIN_000860,2,TIGHTBLOCK50,342,4,0.9669390916824341,0.03306090831756592,0.25714197754859924,True,False,False,False
STRAIN_000860,2,TIGHTBLOCK50,442,5,0.9652572870254517,0.03474271297454834,0.2636009454727173,True,False,False,False
STRAIN_000861,2,TIGHTBLOCK50,42,1,0.9643591642379761,0.035640835762023926,0.26698628067970276,True,False,False,False
STRAIN_000861,2,TIGHTBLOCK50,142,2,0.9648615717887878,0.03513842821121216,0.26509782671928406,True,False,False,False
STRAIN_000861,2,TIGHTBLOCK50,242,3,0.9670354127883911,0.03296458721160889,0.25676658749580383,True,False,False,False
STRAIN_000861,2,TIGHTBLOCK50,342,4,0.96001136302948,0.03998863697052002,0.2828025817871094,True,False,False,False
STRAIN_000861,2,TIGHTBLOCK50,442,5,0.9526457786560059,0.04735422134399414,0.3077471852302551,True,False,False,False
STRAIN_000872,2,TIGHTBLOCK50,42,1,0.9731876850128174,0.026812314987182617,0.23157042264938354,True,False,False,False
STRAIN_000872,2,TIGHTBLOCK50,142,2,0.9731349945068359,0.026865005493164062,0.23179729282855988,True,False,False,False
STRAIN_000872,2,TIGHTBLOCK50,242,3,0.9763534069061279,0.02364659309387207,0.21747025847434998,True,False,False,False
STRAIN_000872,2,TIGHTBLOCK50,342,4,0.9749908447265625,0.0250091552734375,0.22364790737628937,True,False,False,False
STRAIN_000872,2,TIGHTBLOCK50,442,5,0.9708739519119263,0.02912604808807373,0.2413550764322281,True,False,False,False
STRAIN_000900,2,TIGHTBLOCK50,42,1,0.9609516859054565,0.03904831409454346,0.2794577479362488,True,False,False,False
STRAIN_000900,2,TIGHTBLOCK50,142,2,0.9731343984603882,0.026865601539611816,0.2317996770143509,True,False,False,False
STRAIN_000900,2,TIGHTBLOCK50,242,3,0.9703934192657471,0.02960658073425293,0.24333778023719788,True,False,False,False
STRAIN_000900,2,TIGHTBLOCK50,342,4,0.9655917882919312,0.03440821170806885,0.26232850551605225,True,False,False,False
STRAIN_000900,2,TIGHTBLOCK50,442,5,0.9713223576545715,0.028677642345428467,0.23948970437049866,True,False,False,False
STRAIN_000916,2,TIGHTBLOCK50,42,1,0.9948931932449341,0.005106806755065918,0.10106239467859268,True,False,False,False
STRAIN_000916,2,TIGHTBLOCK50,142,2,0.9953569769859314,0.0046430230140686035,0.09636332839727402,True,False,False,False
STRAIN_000916,2,TIGHTBLOCK50,242,3,0.9942488074302673,0.005751192569732666,0.10724933445453644,True,False,False,False
STRAIN_000916,2,TIGHTBLOCK50,342,4,0.9948977828025818,0.005102217197418213,0.10101652145385742,True,False,False,False
STRAIN_000916,2,TIGHTBLOCK50,442,5,0.9935140609741211,0.006485939025878906,0.11389289051294327,True,False,False,False
STRAIN_000926,2,TIGHTBLOCK50,42,1,0.9940087199211121,0.0059912800788879395,0.10946447402238846,True,False,False,False
STRAIN_000926,2,TIGHTBLOCK50,142,2,0.9949924349784851,0.005007565021514893,0.10007590055465698,True,False,False,False
STRAIN_000926,2,TIGHTBLOCK50,242,3,0.996906042098999,0.0030939579010009766,0.07866295427083969,True,False,False,False
STRAIN_000926,2,TIGHTBLOCK50,342,4,0.9966465830802917,0.003353416919708252,0.08189493417739868,True,False,False,False
STRAIN_000926,2,TIGHTBLOCK50,442,5,0.9934169054031372,0.006583094596862793,0.11474493145942688,True,False,False,False
STRAIN_000933,2,TIGHTBLOCK50,42,1,0.9766485095024109,0.02335149049758911,0.21610917150974274,True,False,False,False
STRAIN_000933,2,TIGHTBLOCK50,142,2,0.9745467305183411,0.025453269481658936,0.2256249040365219,True,False,False,False
STRAIN_000933,2,TIGHTBLOCK50,242,3,0.9739339351654053,0.026066064834594727,0.22832435369491577,True,False,False,False
STRAIN_000933,2,TIGHTBLOCK50,342,4,0.972856879234314,0.027143120765686035,0.23299412429332733,True,False,False,False
STRAIN_000933,2,TIGHTBLOCK50,442,5,0.9681602716445923,0.031839728355407715,0.25234782695770264,True,False,False,False
STRAIN_000944,2,TIGHTBLOCK50,42,1,0.9891892671585083,0.0108107328414917,0.14704295992851257,True,False,False,False
STRAIN_000944,2,TIGHTBLOCK50,142,2,0.9909508228302002,0.009049177169799805,0.13453024625778198,True,False,False,False
STRAIN_000944,2,TIGHTBLOCK50,242,3,0.9880752563476562,0.01192474365234375,0.1544334441423416,True,False,False,False
STRAIN_000944,2,TIGHTBLOCK50,342,4,0.9895996451377869,0.010400354862213135,0.14422498643398285,True,False,False,False
STRAIN_000944,2,TIGHTBLOCK50,442,5,0.9904603958129883,0.009539604187011719,0.13812783360481262,True,False,False,False
STRAIN_000975,2,TIGHTBLOCK50,42,1,0.9930630922317505,0.006936907768249512,0.11778822541236877,True,False,False,False
STRAIN_000975,2,TIGHTBLOCK50,142,2,0.9971937537193298,0.002806246280670166,0.07491784542798996,True,False,False,False
STRAIN_000975,2,TIGHTBLOCK50,242,3,0.9965572953224182,0.003442704677581787,0.08297821879386902,True,False,False,False
STRAIN_000975,2,TIGHTBLOCK50,342,4,0.9974488615989685,0.002551138401031494,0.07143199443817139,True,False,False,False
STRAIN_000975,2,TIGHTBLOCK50,442,5,0.9954305291175842,0.0045694708824157715,0.09559821337461472,True,False,False,False
STRAIN_000988,2,TIGHTBLOCK50,42,1,0.992385745048523,0.007614254951477051,0.12340448051691055,True,False,False,False
STRAIN_000988,2,TIGHTBLOCK50,142,2,0.9929224252700806,0.007077574729919434,0.11897587031126022,True,False,False,False
STRAIN_000988,2,TIGHTBLOCK50,242,3,0.9921566247940063,0.007843375205993652,0.1252465695142746,True,False,False,False
STRAIN_000988,2,TIGHTBLOCK50,342,4,0.9927680492401123,0.007231950759887695,0.12026538699865341,True,False,False,False
STRAIN_000988,2,TIGHTBLOCK50,442,5,0.9941242933273315,0.005875706672668457,0.1084030494093895,True,False,False,False
STRAIN_000993,2,TIGHTBLOCK50,42,1,0.969550609588623,0.030449390411376953,0.24677658081054688,True,False,False,False
STRAIN_000993,2,TIGHTBLOCK50,142,2,0.970903217792511,0.029096782207489014,0.24123342335224152,True,False,False,False
STRAIN_000993,2,TIGHTBLOCK50,242,3,0.9661340117454529,0.03386598825454712,0.2602536082267761,True,False,False,False
STRAIN_000993,2,TIGHTBLOCK50,342,4,0.9586461782455444,0.041353821754455566,0.28758904337882996,True,False,False,False
STRAIN_000993,2,TIGHTBLOCK50,442,5,0.9684891700744629,0.03151082992553711,0.25104084610939026,True,False,False,False
STRAIN_000995,2,TIGHTBLOCK50,42,1,0.9655197858810425,0.03448021411895752,0.26260313391685486,True,False,False,False
STRAIN_000995,2,TIGHTBLOCK50,142,2,0.9720569252967834,0.027943074703216553,0.23640261590480804,True,False,False,False
STRAIN_000995,2,TIGHTBLOCK50,242,3,0.9652894735336304,0.03471052646636963,0.26347896456718445,True,False,False,False
STRAIN_000995,2,TIGHTBLOCK50,342,4,0.9748803973197937,0.0251196026802063,0.22414158284664154,True,False,False,False
STRAIN_000995,2,TIGHTBLOCK50,442,5,0.965988278388977,0.03401172161102295,0.2608132064342499,True,False,False,False
STRAIN_001010,2,TIGHTBLOCK50,42,1,0.9678655862808228,0.032134413719177246,0.2535131275653839,True,False,False,False
STRAIN_001010,2,TIGHTBLOCK50,142,2,0.9608535766601562,0.03914642333984375,0.2798086702823639,True,False,False,False
STRAIN_001010,2,TIGHTBLOCK50,242,3,0.9731900691986084,0.0268099308013916,0.23155942559242249,True,False,False,False
STRAIN_001010,2,TIGHTBLOCK50,342,4,0.9604134559631348,0.039586544036865234,0.2813771665096283,True,False,False,False
STRAIN_001010,2,TIGHTBLOCK50,442,5,0.9703553915023804,0.02964460849761963,0.2434939444065094,True,False,False,False
STRAIN_001017,2,TIGHTBLOCK50,42,1,0.9638339281082153,0.03616607189178467,0.2689462900161743,True,False,False,False
STRAIN_001017,2,TIGHTBLOCK50,142,2,0.9679547548294067,0.03204524517059326,0.25316062569618225,True,False,False,False
STRAIN_001017,2,TIGHTBLOCK50,242,3,0.9600322842597961,0.03996771574020386,0.28272876143455505,True,False,False,False
STRAIN_001017,2,TIGHTBLOCK50,342,4,0.9652376770973206,0.03476232290267944,0.2636752724647522,True,False,False,False
STRAIN_001017,2,TIGHTBLOCK50,442,5,0.9697123765945435,0.030287623405456543,0.24612019956111908,True,False,False,False
STRAIN_001019,2,TIGHTBLOCK50,42,1,0.9917861819267273,0.008213818073272705,0.12817054986953735,True,False,False,False
STRAIN_001019,2,TIGHTBLOCK50,142,2,0.9924245476722717,0.0075754523277282715,0.12308919429779053,True,False,False,False
STRAIN_001019,2,TIGHTBLOCK50,242,3,0.9937756061553955,0.006224393844604492,0.1115742027759552,True,False,False,False
STRAIN_001019,2,TIGHTBLOCK50,342,4,0.9935160875320435,0.006483912467956543,0.11387710273265839,True,False,False,False
STRAIN_001019,2,TIGHTBLOCK50,442,5,0.9934822916984558,0.0065177083015441895,0.11417245119810104,True,False,False,False
