outer_fold,strain_entity_id,species,nearclone_block,original_outer_fold,role
1,STRAIN_000004,Lacticaseibacillus casei,NC_0064,4,INNER_TRAIN
1,STRAIN_000005,Lacticaseibacillus casei,NC_0064,4,INNER_TRAIN
1,STRAIN_000006,Lacticaseibacillus casei,NC_0108,5,INNER_TRAIN
1,STRAIN_000007,Bifidobacterium longum subsp. infantis,NC_0018,5,INNER_TRAIN
1,STRAIN_000008,Bifidobacterium longum subsp. infantis,NC_0018,5,INNER_TRAIN
1,STRAIN_000009,Bifidobacterium longum subsp. infantis,NC_0018,5,INNER_TRAIN
1,STRAIN_000010,Bifidobacterium longum subsp. infantis,NC_0018,5,INNER_TRAIN
1,STRAIN_000011,Bifidobacterium longum subsp. infantis,NC_0018,5,INNER_TRAIN
1,STRAIN_000013,Bifidobacterium longum subsp. longum,NC_0035,4,INNER_TRAIN
1,STRAIN_000014,Bifidobacterium longum subsp. longum,NC_0035,4,INNER_TRAIN
1,STRAIN_000016,Lacticaseibacillus rhamnosus,NC_0023,4,INNER_TRAIN
1,STRAIN_000017,Lactobacillus acidophilus,NC_0002,4,INNER_TRAIN
1,STRAIN_000018,Bifidobacterium longum subsp. longum,NC_0027,5,INNER_TRAIN
1,STRAIN_000019,Bifidobacterium longum subsp. longum,NC_0027,5,INNER_TRAIN
1,STRAIN_000020,Bifidobacterium longum subsp. longum,NC_0027,5,INNER_TRAIN
1,STRAIN_000021,Bifidobacterium longum subsp. longum,NC_0027,5,INNER_TRAIN
1,STRAIN_000022,Bifidobacterium longum subsp. longum,NC_0035,4,INNER_TRAIN
1,STRAIN_000023,Bifidobacterium longum subsp. longum,NC_0109,5,INNER_TRAIN
1,STRAIN_000024,Bifidobacterium bifidum LMG 13195,NC_0110,5,INNER_TRAIN
1,STRAIN_000026,Bifidobacterium longum subsp. infantis,NC_0011,2,INNER_TRAIN
1,STRAIN_000027,Bifidobacterium longum subsp. infantis,NC_0011,2,INNER_TRAIN
1,STRAIN_000028,Lactiplantibacillus plantarum,NC_0111,4,INNER_TRAIN
1,STRAIN_000029,Lactobacillus acidophilus,NC_0002,4,INNER_TRAIN
1,STRAIN_000030,Bifidobacterium longum subsp. infantis,NC_0045,4,INNER_TRAIN
1,STRAIN_000032,Bifidobacterium animalis,NC_0113,5,INNER_TRAIN
1,STRAIN_000034,Bifidobacterium longum subsp. longum,NC_0114,4,INNER_TRAIN
1,STRAIN_000035,Lactiplantibacillus plantarum,NC_0066,4,INNER_TRAIN
1,STRAIN_000036,Lactiplantibacillus plantarum,NC_0067,5,INNER_TRAIN
1,STRAIN_000037,Lactiplantibacillus plantarum,NC_0046,4,INNER_TRAIN
1,STRAIN_000038,Lactiplantibacillus plantarum,NC_0006,5,INNER_TRAIN
1,STRAIN_000039,Lactiplantibacillus plantarum,NC_0009,5,INNER_TRAIN
1,STRAIN_000040,Lactiplantibacillus plantarum,NC_0115,3,INNER_TRAIN
1,STRAIN_000041,Lactiplantibacillus plantarum,NC_0009,5,INNER_TRAIN
1,STRAIN_000042,Lactiplantibacillus plantarum,NC_0009,5,INNER_TRAIN
1,STRAIN_000044,Lactobacillus gasseri,NC_0117,3,INNER_TRAIN
1,STRAIN_000045,Bifidobacterium longum subsp. infantis,NC_0011,2,INNER_TRAIN
1,STRAIN_000046,Bifidobacterium longum subsp. infantis,NC_0011,2,INNER_TRAIN
1,STRAIN_000047,Bifidobacterium longum subsp. infantis,NC_0011,2,INNER_TRAIN
1,STRAIN_000048,Bifidobacterium longum subsp. infantis,NC_0045,4,INNER_TRAIN
1,STRAIN_000049,Bifidobacterium longum subsp. infantis,NC_0011,2,INNER_TRAIN
1,STRAIN_000050,Bifidobacterium longum subsp. infantis,NC_0011,2,INNER_TRAIN
1,STRAIN_000051,Bifidobacterium longum subsp. infantis,NC_0011,2,INNER_TRAIN
1,STRAIN_000052,Bifidobacterium longum subsp. infantis,NC_0011,2,INNER_TRAIN
1,STRAIN_000053,Bifidobacterium longum subsp. infantis,NC_0011,2,INNER_TRAIN
1,STRAIN_000054,Bifidobacterium longum subsp. infantis,NC_0011,2,INNER_TRAIN
1,STRAIN_000055,Bifidobacterium longum subsp. infantis,NC_0011,2,INNER_TRAIN
1,STRAIN_000056,Lacticaseibacillus rhamnosus,NC_0005,5,INNER_TRAIN
1,STRAIN_000057,Lactococcus lactis subsp. lactis,NC_0118,5,INNER_TRAIN
1,STRAIN_000062,Bifidobacterium breve,NC_0037,5,INNER_TRAIN
1,STRAIN_000063,Lactobacillus acidophilus,NC_0002,4,INNER_TRAIN
1,STRAIN_000064,Lactococcus lactis,NC_0122,5,INNER_TRAIN
1,STRAIN_000067,Lacticaseibacillus rhamnosus,NC_0019,2,INNER_TRAIN
1,STRAIN_000068,Lactiplantibacillus plantarum,NC_0003,3,INNER_TRAIN
1,STRAIN_000069,Lactobacillus acidophilus,NC_0002,4,INNER_TRAIN
1,STRAIN_000071,Lactobacillus acidophilus,NC_0124,4,INNER_TRAIN
1,STRAIN_000072,Lactobacillus acidophilus,NC_0125,5,INNER_TRAIN
1,STRAIN_000073,Lactococcus lactis,NC_0126,2,INNER_TRAIN
1,STRAIN_000077,Bifidobacterium longum,NC_0070,4,INNER_TRAIN
1,STRAIN_000078,Bifidobacterium longum subsp. longum,NC_0047,2,INNER_TRAIN
1,STRAIN_000079,Bifidobacterium longum subsp. infantis,NC_0129,5,INNER_TRAIN
1,STRAIN_000080,Lactococcus lactis,NC_0130,4,INNER_TRAIN
1,STRAIN_000081,Lactococcus lactis,NC_0048,5,INNER_TRAIN
1,STRAIN_000083,Limosilactobacillus reuteri,NC_0132,3,INNER_TRAIN
1,STRAIN_000085,Limosilactobacillus reuteri,NC_0134,5,INNER_TRAIN
1,STRAIN_000086,Limosilactobacillus reuteri,NC_0135,5,INNER_TRAIN
1,STRAIN_000087,Lactobacillus johnsonii,NC_0136,2,INNER_TRAIN
1,STRAIN_000090,Lacticaseibacillus rhamnosus DSM 20021 = JCM 1136 = NBRC 3425,NC_0015,3,INNER_TRAIN
1,STRAIN_000091,Lacticaseibacillus rhamnosus,NC_0005,5,INNER_TRAIN
1,STRAIN_000092,Lactiplantibacillus plantarum,NC_0006,5,INNER_TRAIN
1,STRAIN_000096,Escherichia coli str.,NC_0142,5,INNER_TRAIN
1,STRAIN_000097,Pseudomonas aeruginosa,NC_0143,4,INNER_TRAIN
1,STRAIN_000098,Lactococcus lactis subsp. lactis,NC_0016,4,INNER_TRAIN
1,STRAIN_000100,Bifidobacterium longum,NC_0145,2,INNER_TRAIN
1,STRAIN_000101,Lactobacillus johnsonii,NC_0146,2,INNER_TRAIN
1,STRAIN_000103,Bifidobacterium longum,NC_0148,4,INNER_TRAIN
1,STRAIN_000104,Bacillus subtilis subsp. subtilis str.,NC_0012,4,INNER_TRAIN
1,STRAIN_000105,Lactococcus cremoris subsp. cremoris,NC_0048,5,INNER_TRAIN
1,STRAIN_000106,Shouchella clausii,NC_0149,3,INNER_TRAIN
1,STRAIN_000108,Limosilactobacillus fermentum,NC_0028,3,INNER_TRAIN
1,STRAIN_000109,Bifidobacterium adolescentis,NC_0150,2,INNER_TRAIN
1,STRAIN_000111,Azospirillum sp.,NC_0152,5,INNER_TRAIN
1,STRAIN_000112,Lacticaseibacillus rhamnosus GG,NC_0015,3,INNER_TRAIN
1,STRAIN_000116,Cereibacter sphaeroides,NC_0154,5,INNER_TRAIN
1,STRAIN_000117,Frankia casuarinae,NC_0155,5,INNER_TRAIN
1,STRAIN_000120,Lactobacillus gasseri ATCC 33323 = JCM 1131,NC_0158,4,INNER_TRAIN
1,STRAIN_000121,Leuconostoc mesenteroides subsp. mesenteroides,NC_0159,4,INNER_TRAIN
1,STRAIN_000122,Levilactobacillus brevis,NC_0030,4,INNER_TRAIN
1,STRAIN_000123,Streptococcus thermophilus,NC_0007,4,INNER_TRAIN
1,STRAIN_000124,Pediococcus pentosaceus,NC_0160,3,INNER_TRAIN
1,STRAIN_000126,Lactococcus cremoris subsp. cremoris,NC_0072,2,INNER_TRAIN
1,STRAIN_000127,Lactobacillus helveticus,NC_0161,3,INNER_TRAIN
1,STRAIN_000128,Enterobacter sp. 638,NC_0162,2,INNER_TRAIN
1,STRAIN_000131,Anoxybacillus flavithermus,NC_0164,3,INNER_TRAIN
1,STRAIN_000133,Opitutus terrae,NC_0165,3,INNER_TRAIN
1,STRAIN_000135,Bifidobacterium longum subsp. infantis ATCC 15697 = JCM 1222 = DSM 20088,NC_0018,5,INNER_TRAIN
1,STRAIN_000136,Gluconacetobacter diazotrophicus PA1 5,NC_0167,2,INNER_TRAIN
1,STRAIN_000137,Bifidobacterium animalis subsp. lactis,NC_0004,2,INNER_TRAIN
1,STRAIN_000138,Bifidobacterium animalis subsp. lactis,NC_0004,2,INNER_TRAIN
1,STRAIN_000139,Bifidobacterium animalis subsp. lactis,NC_0004,2,INNER_TRAIN
1,STRAIN_000141,Micrococcus luteus NCTC 2665,NC_0168,2,INNER_TRAIN
1,STRAIN_000144,Lactococcus lactis subsp. lactis,NC_0074,2,INNER_TRAIN
1,STRAIN_000145,Bifidobacterium animalis subsp. lactis,NC_0004,2,INNER_TRAIN
1,STRAIN_000146,Aromatoleum aromaticum,NC_0170,5,INNER_TRAIN
1,STRAIN_000147,Bacteroides fragilis,NC_0171,5,INNER_TRAIN
1,STRAIN_000148,Erwinia tasmaniensis,NC_0172,5,INNER_TRAIN
1,STRAIN_000150,Lacticaseibacillus rhamnosus GG,NC_0015,3,INNER_TRAIN
1,STRAIN_000151,Lacticaseibacillus rhamnosus,NC_0005,5,INNER_TRAIN
1,STRAIN_000154,Propionibacterium freudenreichii subsp. shermanii CIRM-BIA1,NC_0175,4,INNER_TRAIN
1,STRAIN_000155,Bifidobacterium longum subsp. longum,NC_0176,3,INNER_TRAIN
1,STRAIN_000156,Bifidobacterium animalis subsp. lactis,NC_0004,2,INNER_TRAIN
1,STRAIN_000157,Lactococcus cremoris subsp. cremoris,NC_0048,5,INNER_TRAIN
1,STRAIN_000159,Lactiplantibacillus plantarum subsp. plantarum ATCC 14917 = JCM 1149 = CGMCC 1.2437,NC_0003,3,INNER_TRAIN
1,STRAIN_000160,Micromonospora aurantiaca,NC_0178,2,INNER_TRAIN
1,STRAIN_000163,Bifidobacterium adolescentis,NC_0180,3,INNER_TRAIN
1,STRAIN_000165,Bacillus subtilis subsp. subtilis str.,NC_0012,4,INNER_TRAIN
1,STRAIN_000166,Bacillus subtilis subsp. subtilis str.,NC_0012,4,INNER_TRAIN
1,STRAIN_000167,Bifidobacterium bifidum,NC_0182,5,INNER_TRAIN
1,STRAIN_000168,Lacticaseibacillus paracasei subsp. paracasei 8700:2,NC_0075,4,INNER_TRAIN
1,STRAIN_000169,Bifidobacterium breve DSM 20213 = JCM 1192,NC_0037,5,INNER_TRAIN
1,STRAIN_000170,Limosilactobacillus fermentum,NC_0028,3,INNER_TRAIN
1,STRAIN_000171,Ligilactobacillus salivarius DSM 20555 =,NC_0183,2,INNER_TRAIN
1,STRAIN_000173,Lactobacillus acidophilus,NC_0002,4,INNER_TRAIN
1,STRAIN_000175,Bifidobacterium bifidum,NC_0184,3,INNER_TRAIN
1,STRAIN_000176,Lactobacillus helveticus,NC_0185,2,INNER_TRAIN
1,STRAIN_000177,Lactobacillus crispatus,NC_0186,3,INNER_TRAIN
1,STRAIN_000179,Bifidobacterium longum subsp. longum,NC_0188,2,INNER_TRAIN
1,STRAIN_000180,Limosilactobacillus reuteri subsp. rodentium,NC_0189,5,INNER_TRAIN
1,STRAIN_000181,Lacticaseibacillus rhamnosus,NC_0023,4,INNER_TRAIN
1,STRAIN_000183,Lactobacillus delbrueckii subsp. bulgaricus,NC_0191,5,INNER_TRAIN
1,STRAIN_000184,Streptococcus thermophilus,NC_0007,4,INNER_TRAIN
1,STRAIN_000185,Bacillus subtilis subsp. subtilis NCIB 3610 = ATCC 6051 = DSM 10,NC_0012,4,INNER_TRAIN
1,STRAIN_000187,Lactobacillus helveticus,NC_0193,4,INNER_TRAIN
1,STRAIN_000189,Lactococcus lactis subsp. lactis,NC_0016,4,INNER_TRAIN
1,STRAIN_000193,Carnobacterium sp.,NC_0196,5,INNER_TRAIN
1,STRAIN_000195,Bdellovibrio bacteriovorus,NC_0198,2,INNER_TRAIN
1,STRAIN_000197,Bifidobacterium longum subsp. infantis,NC_0199,3,INNER_TRAIN
1,STRAIN_000200,Bifidobacterium longum subsp. longum,NC_0201,2,INNER_TRAIN
1,STRAIN_000201,Lactobacillus kefiranofaciens subsp. kefiranofaciens,NC_0202,2,INNER_TRAIN
1,STRAIN_000204,Bifidobacterium breve,NC_0076,2,INNER_TRAIN
1,STRAIN_000205,Bifidobacterium animalis subsp. lactis,NC_0004,2,INNER_TRAIN
1,STRAIN_000206,Bifidobacterium animalis subsp. lactis,NC_0004,2,INNER_TRAIN
1,STRAIN_000207,Streptococcus salivarius,NC_0205,3,INNER_TRAIN
1,STRAIN_000208,Bifidobacterium breve,NC_0206,5,INNER_TRAIN
1,STRAIN_000209,Lacticaseibacillus rhamnosus,NC_0005,5,INNER_TRAIN
1,STRAIN_000210,Bacillus subtilis subsp. subtilis str.,NC_0207,2,INNER_TRAIN
1,STRAIN_000211,Lacticaseibacillus rhamnosus,NC_0014,3,INNER_TRAIN
1,STRAIN_000212,Limosilactobacillus reuteri subsp. suis,NC_0077,2,INNER_TRAIN
1,STRAIN_000213,Lactococcus cremoris subsp. cremoris,NC_0208,2,INNER_TRAIN
1,STRAIN_000214,Lactiplantibacillus plantarum subsp. plantarum,NC_0003,3,INNER_TRAIN
1,STRAIN_000215,Limosilactobacillus mucosae,NC_0209,5,INNER_TRAIN
1,STRAIN_000216,Streptococcus thermophilus,NC_0050,3,INNER_TRAIN
1,STRAIN_000217,Bifidobacterium animalis subsp. animalis,NC_0210,5,INNER_TRAIN
1,STRAIN_000218,Pseudomonas fluorescens,NC_0211,5,INNER_TRAIN
1,STRAIN_000219,Streptococcus thermophilus,NC_0007,4,INNER_TRAIN
1,STRAIN_000220,Bifidobacterium bifidum,NC_0212,2,INNER_TRAIN
1,STRAIN_000221,Bifidobacterium longum subsp. infantis ATCC 15697 = JCM 1222 = DSM 20088,NC_0018,5,INNER_TRAIN
1,STRAIN_000222,Bifidobacterium animalis subsp. lactis,NC_0004,2,INNER_TRAIN
1,STRAIN_000223,Bifidobacterium animalis subsp. lactis,NC_0004,2,INNER_TRAIN
1,STRAIN_000224,Megasphaera elsdenii,NC_0213,4,INNER_TRAIN
1,STRAIN_000225,Tetragenococcus halophilus,NC_0214,2,INNER_TRAIN
1,STRAIN_000226,Streptococcus salivarius,NC_0215,2,INNER_TRAIN
1,STRAIN_000227,Bifidobacterium asteroides,NC_0216,2,INNER_TRAIN
1,STRAIN_000228,Lacticaseibacillus casei,NC_0075,4,INNER_TRAIN
1,STRAIN_000229,Lactococcus cremoris subsp. cremoris,NC_0051,3,INNER_TRAIN
1,STRAIN_000232,Streptococcus thermophilus,NC_0218,2,INNER_TRAIN
1,STRAIN_000233,Lactiplantibacillus plantarum,NC_0006,5,INNER_TRAIN
1,STRAIN_000234,Lactococcus lactis subsp. lactis,NC_0052,3,INNER_TRAIN
1,STRAIN_000235,Bacillus subtilis subsp. subtilis,NC_0012,4,INNER_TRAIN
1,STRAIN_000236,Bifidobacterium thermophilum,NC_0219,4,INNER_TRAIN
1,STRAIN_000238,Levilactobacillus brevis,NC_0220,4,INNER_TRAIN
1,STRAIN_000240,Lactobacillus acidophilus,NC_0002,4,INNER_TRAIN
1,STRAIN_000241,Lactiplantibacillus plantarum subsp. plantarum P-8,NC_0009,5,INNER_TRAIN
1,STRAIN_000242,Limosilactobacillus fermentum,NC_0221,2,INNER_TRAIN
1,STRAIN_000244,Limosilactobacillus reuteri,NC_0222,3,INNER_TRAIN
1,STRAIN_000245,Lactiplantibacillus plantarum 16,NC_0009,5,INNER_TRAIN
1,STRAIN_000246,Bifidobacterium animalis subsp. lactis,NC_0004,2,INNER_TRAIN
1,STRAIN_000247,Lacticaseibacillus rhamnosus,NC_0223,2,INNER_TRAIN
1,STRAIN_000248,Lacticaseibacillus rhamnosus,NC_0014,3,INNER_TRAIN
1,STRAIN_000250,Lactobacillus helveticus,NC_0224,4,INNER_TRAIN
1,STRAIN_000251,Limosilactobacillus reuteri,NC_0225,4,INNER_TRAIN
1,STRAIN_000252,Bifidobacterium bifidum ATCC 29521 = JCM 1255 = DSM 20456,NC_0032,5,INNER_TRAIN
1,STRAIN_000253,Limosilactobacillus fermentum,NC_0226,2,INNER_TRAIN
1,STRAIN_000254,Lactiplantibacillus plantarum,NC_0006,5,INNER_TRAIN
1,STRAIN_000255,Lactococcus cremoris subsp. cremoris,NC_0227,5,INNER_TRAIN
1,STRAIN_000257,Lactobacillus acidophilus,NC_0002,4,INNER_TRAIN
1,STRAIN_000258,Bifidobacterium animalis subsp. lactis,NC_0004,2,INNER_TRAIN
1,STRAIN_000259,Limosilactobacillus fermentum,NC_0028,3,INNER_TRAIN
1,STRAIN_000261,Limosilactobacillus fermentum,NC_0228,5,INNER_TRAIN
1,STRAIN_000262,Lactococcus lactis subsp. lactis,NC_0074,2,INNER_TRAIN
1,STRAIN_000264,Pediococcus pentosaceus,NC_0230,2,INNER_TRAIN
1,STRAIN_000265,Bifidobacterium longum,NC_0231,4,INNER_TRAIN
1,STRAIN_000266,Lactobacillus acidophilus,NC_0002,4,INNER_TRAIN
1,STRAIN_000268,Lacticaseibacillus casei,NC_0232,4,INNER_TRAIN
1,STRAIN_000269,Streptococcus thermophilus,NC_0233,4,INNER_TRAIN
1,STRAIN_000270,Streptococcus thermophilus,NC_0234,4,INNER_TRAIN
1,STRAIN_000272,Lactobacillus helveticus,NC_0236,2,INNER_TRAIN
1,STRAIN_000274,Bifidobacterium breve,NC_0079,5,INNER_TRAIN
1,STRAIN_000275,Bifidobacterium breve,NC_0080,2,INNER_TRAIN
1,STRAIN_000277,Streptococcus thermophilus,NC_0239,3,INNER_TRAIN
1,STRAIN_000278,Lacticaseibacillus paracasei,NC_0081,3,INNER_TRAIN
1,STRAIN_000279,Bifidobacterium animalis subsp. lactis,NC_0004,2,INNER_TRAIN
1,STRAIN_000280,Lacticaseibacillus casei DSM 20011 = JCM 1134 = ATCC 393,NC_0020,2,INNER_TRAIN
1,STRAIN_000281,Lacticaseibacillus rhamnosus DSM 20021 = JCM 1136 = NBRC 3425,NC_0005,5,INNER_TRAIN
1,STRAIN_000282,Bifidobacterium animalis,NC_0004,2,INNER_TRAIN
1,STRAIN_000283,Streptococcus thermophilus,NC_0007,4,INNER_TRAIN
1,STRAIN_000284,Bacillus subtilis subsp. subtilis str.,NC_0012,4,INNER_TRAIN
1,STRAIN_000285,Bacillus subtilis subsp. subtilis str.,NC_0012,4,INNER_TRAIN
1,STRAIN_000286,Bifidobacterium adolescentis,NC_0240,4,INNER_TRAIN
1,STRAIN_000288,Bifidobacterium pseudocatenulatum,NC_0242,4,INNER_TRAIN
1,STRAIN_000289,Lacticaseibacillus rhamnosus,NC_0023,4,INNER_TRAIN
1,STRAIN_000290,Limosilactobacillus reuteri,NC_0243,3,INNER_TRAIN
1,STRAIN_000291,Bifidobacterium longum subsp. infantis,NC_0011,2,INNER_TRAIN
1,STRAIN_000292,Lactiplantibacillus plantarum,NC_0033,2,INNER_TRAIN
1,STRAIN_000294,Bifidobacterium adolescentis,NC_0245,2,INNER_TRAIN
1,STRAIN_000295,Bifidobacterium bifidum,NC_0032,5,INNER_TRAIN
1,STRAIN_000297,Bifidobacterium adolescentis,NC_0246,5,INNER_TRAIN
1,STRAIN_000298,Bifidobacterium thermophilum,NC_0247,5,INNER_TRAIN
1,STRAIN_000299,Lacticaseibacillus rhamnosus,NC_0248,5,INNER_TRAIN
1,STRAIN_000300,Limosilactobacillus reuteri,NC_0249,2,INNER_TRAIN
1,STRAIN_000303,Bifidobacterium pseudocatenulatum DSM 20438 = JCM 1200 = LMG 10505,NC_0082,3,INNER_TRAIN
1,STRAIN_000304,Bifidobacterium bifidum ATCC 29521 = JCM 1255 =,NC_0032,5,INNER_TRAIN
1,STRAIN_000306,Bifidobacterium pseudolongum,NC_0251,2,INNER_TRAIN
1,STRAIN_000307,Lactococcus lactis subsp. lactis,NC_0252,4,INNER_TRAIN
1,STRAIN_000309,Bifidobacterium animalis subsp. lactis KLDS2.0603,NC_0004,2,INNER_TRAIN
1,STRAIN_000310,Bifidobacterium animalis,NC_0004,2,INNER_TRAIN
1,STRAIN_000312,Bifidobacterium adolescentis,NC_0255,3,INNER_TRAIN
1,STRAIN_000313,Bifidobacterium animalis subsp. lactis,NC_0004,2,INNER_TRAIN
1,STRAIN_000314,Bacillus subtilis subsp. subtilis,NC_0012,4,INNER_TRAIN
1,STRAIN_000315,Lacticaseibacillus paracasei subsp. paracasei,NC_0034,2,INNER_TRAIN
1,STRAIN_000316,Lacticaseibacillus casei DSM 20011 = JCM 1134 =,NC_0020,2,INNER_TRAIN
1,STRAIN_000317,Bifidobacterium longum,NC_0256,4,INNER_TRAIN
1,STRAIN_000318,Lactiplantibacillus plantarum,NC_0003,3,INNER_TRAIN
1,STRAIN_000319,Heyndrickxia coagulans DSM 1 =,NC_0257,2,INNER_TRAIN
1,STRAIN_000320,Lactococcus lactis subsp. lactis,NC_0039,2,INNER_TRAIN
1,STRAIN_000323,Levilactobacillus brevis,NC_0260,5,INNER_TRAIN
1,STRAIN_000326,Lacticaseibacillus rhamnosus,NC_0014,3,INNER_TRAIN
1,STRAIN_000327,Lactobacillus acidophilus,NC_0002,4,INNER_TRAIN
1,STRAIN_000328,Bifidobacterium pseudocatenulatum,NC_0261,5,INNER_TRAIN
1,STRAIN_000332,Lactobacillus helveticus,NC_0264,5,INNER_TRAIN
1,STRAIN_000334,Streptococcus thermophilus,NC_0007,4,INNER_TRAIN
1,STRAIN_000336,Lactiplantibacillus plantarum,NC_0009,5,INNER_TRAIN
1,STRAIN_000338,Lactobacillus helveticus,NC_0267,3,INNER_TRAIN
1,STRAIN_000339,Streptococcus thermophilus,NC_0007,4,INNER_TRAIN
1,STRAIN_000340,Lactiplantibacillus plantarum,NC_0003,3,INNER_TRAIN
1,STRAIN_000341,Limosilactobacillus fermentum,NC_0041,4,INNER_TRAIN
1,STRAIN_000343,Bifidobacterium adolescentis,NC_0269,4,INNER_TRAIN
1,STRAIN_000344,Levilactobacillus brevis,NC_0083,2,INNER_TRAIN
1,STRAIN_000346,Bifidobacterium bifidum,NC_0055,5,INNER_TRAIN
1,STRAIN_000348,Bifidobacterium bifidum,NC_0272,5,INNER_TRAIN
1,STRAIN_000349,Bifidobacterium bifidum ATCC 29521 = JCM 1255 = DSM 20456,NC_0032,5,INNER_TRAIN
1,STRAIN_000350,Bifidobacterium breve DSM 20213 =,NC_0037,5,INNER_TRAIN
1,STRAIN_000351,Bifidobacterium catenulatum DSM 16992 = JCM 1194 = LMG 11043,NC_0273,2,INNER_TRAIN
1,STRAIN_000352,Bifidobacterium pseudocatenulatum DSM 20438 = JCM 1200 = LMG 10505,NC_0082,3,INNER_TRAIN
1,STRAIN_000356,Bifidobacterium longum subsp. infantis,NC_0274,2,INNER_TRAIN
1,STRAIN_000357,Lacticaseibacillus rhamnosus,NC_0005,5,INNER_TRAIN
1,STRAIN_000359,Lacticaseibacillus paracasei,NC_0025,3,INNER_TRAIN
1,STRAIN_000360,Bifidobacterium animalis subsp. lactis,NC_0004,2,INNER_TRAIN
1,STRAIN_000361,Bifidobacterium animalis subsp. lactis,NC_0004,2,INNER_TRAIN
1,STRAIN_000362,Lactiplantibacillus plantarum subsp. plantarum,NC_0010,3,INNER_TRAIN
1,STRAIN_000363,Lactiplantibacillus plantarum,NC_0042,2,INNER_TRAIN
1,STRAIN_000364,Streptococcus thermophilus,NC_0007,4,INNER_TRAIN
1,STRAIN_000365,Bifidobacterium longum subsp. infantis,NC_0276,5,INNER_TRAIN
1,STRAIN_000366,Bifidobacterium bifidum,NC_0277,2,INNER_TRAIN
1,STRAIN_000367,Bifidobacterium breve,NC_0085,3,INNER_TRAIN
1,STRAIN_000368,Bifidobacterium longum,NC_0278,5,INNER_TRAIN
1,STRAIN_000370,Limosilactobacillus fermentum,NC_0041,4,INNER_TRAIN
1,STRAIN_000371,Streptococcus thermophilus,NC_0007,4,INNER_TRAIN
1,STRAIN_000374,Lactiplantibacillus plantarum,NC_0003,3,INNER_TRAIN
1,STRAIN_000375,Lactococcus lactis subsp. lactis,NC_0052,3,INNER_TRAIN
1,STRAIN_000376,Lactiplantibacillus plantarum,NC_0003,3,INNER_TRAIN
1,STRAIN_000378,Lactiplantibacillus plantarum,NC_0033,2,INNER_TRAIN
1,STRAIN_000381,Lactobacillus acidophilus DSM 20079 = JCM 1132 = NBRC 13951 = CIP 76.13,NC_0002,4,INNER_TRAIN
1,STRAIN_000382,Lactobacillus crispatus DSM 20584 = JCM 1185 = ATCC 33820,NC_0281,4,INNER_TRAIN
1,STRAIN_000383,Lacticaseibacillus rhamnosus DSM 20021 = JCM 1136 = NBRC 3425,NC_0005,5,INNER_TRAIN
1,STRAIN_000384,Lacticaseibacillus paracasei subsp. tolerans,NC_0056,2,INNER_TRAIN
1,STRAIN_000386,Bifidobacterium longum subsp. longum,NC_0282,2,INNER_TRAIN
1,STRAIN_000391,Lacticaseibacillus paracasei,NC_0034,2,INNER_TRAIN
1,STRAIN_000393,Levilactobacillus brevis,NC_0030,4,INNER_TRAIN
1,STRAIN_000394,Levilactobacillus brevis,NC_0030,4,INNER_TRAIN
1,STRAIN_000395,Bacillus subtilis subsp. subtilis,NC_0012,4,INNER_TRAIN
1,STRAIN_000401,Lactococcus lactis,NC_0087,5,INNER_TRAIN
1,STRAIN_000402,Clostridium butyricum,NC_0285,2,INNER_TRAIN
1,STRAIN_000404,Lactiplantibacillus plantarum,NC_0006,5,INNER_TRAIN
1,STRAIN_000405,Lactiplantibacillus plantarum,NC_0006,5,INNER_TRAIN
1,STRAIN_000406,Bacillus subtilis subsp. subtilis,NC_0012,4,INNER_TRAIN
1,STRAIN_000407,Lactiplantibacillus plantarum,NC_0286,2,INNER_TRAIN
1,STRAIN_000408,Streptococcus thermophilus,NC_0007,4,INNER_TRAIN
1,STRAIN_000409,Lactiplantibacillus plantarum,NC_0287,5,INNER_TRAIN
1,STRAIN_000412,Bacillus subtilis subsp. subtilis,NC_0012,4,INNER_TRAIN
1,STRAIN_000413,Lactobacillus helveticus,NC_0088,2,INNER_TRAIN
1,STRAIN_000414,Bacillus subtilis subsp. subtilis,NC_0012,4,INNER_TRAIN
1,STRAIN_000415,Streptococcus thermophilus,NC_0289,2,INNER_TRAIN
1,STRAIN_000416,Lactiplantibacillus plantarum,NC_0010,3,INNER_TRAIN
1,STRAIN_000417,Bifidobacterium longum,NC_0035,4,INNER_TRAIN
1,STRAIN_000419,Lacticaseibacillus rhamnosus,NC_0015,3,INNER_TRAIN
1,STRAIN_000420,Levilactobacillus brevis,NC_0290,5,INNER_TRAIN
1,STRAIN_000421,Latilactobacillus curvatus,NC_0291,2,INNER_TRAIN
1,STRAIN_000423,Limosilactobacillus fermentum,NC_0293,3,INNER_TRAIN
1,STRAIN_000424,Lactiplantibacillus plantarum,NC_0042,2,INNER_TRAIN
1,STRAIN_000425,Lactobacillus helveticus,NC_0088,2,INNER_TRAIN
1,STRAIN_000426,Bacillus subtilis subsp. subtilis,NC_0012,4,INNER_TRAIN
1,STRAIN_000428,Lacticaseibacillus rhamnosus,NC_0014,3,INNER_TRAIN
1,STRAIN_000430,Streptococcus thermophilus,NC_0007,4,INNER_TRAIN
1,STRAIN_000431,Lactococcus cremoris subsp. cremoris,NC_0295,4,INNER_TRAIN
1,STRAIN_000433,Lacticaseibacillus casei,NC_0043,5,INNER_TRAIN
1,STRAIN_000434,Lactiplantibacillus plantarum,NC_0057,2,INNER_TRAIN
1,STRAIN_000435,Lactiplantibacillus plantarum,NC_0296,3,INNER_TRAIN
1,STRAIN_000436,Lactiplantibacillus plantarum,NC_0297,5,INNER_TRAIN
1,STRAIN_000437,Lactiplantibacillus plantarum,NC_0003,3,INNER_TRAIN
1,STRAIN_000439,Limosilactobacillus reuteri,NC_0298,2,INNER_TRAIN
1,STRAIN_000440,Lactiplantibacillus plantarum subsp. plantarum,NC_0299,3,INNER_TRAIN
1,STRAIN_000441,Bifidobacterium longum subsp. longum,NC_0300,5,INNER_TRAIN
1,STRAIN_000443,Limosilactobacillus fermentum,NC_0301,5,INNER_TRAIN
1,STRAIN_000444,Lactobacillus acidophilus,NC_0002,4,INNER_TRAIN
1,STRAIN_000446,Lacticaseibacillus rhamnosus,NC_0019,2,INNER_TRAIN
1,STRAIN_000448,Lactiplantibacillus plantarum,NC_0003,3,INNER_TRAIN
1,STRAIN_000449,Bifidobacterium breve,NC_0303,2,INNER_TRAIN
1,STRAIN_000452,Streptococcus thermophilus,NC_0007,4,INNER_TRAIN
1,STRAIN_000453,Levilactobacillus brevis,NC_0305,3,INNER_TRAIN
1,STRAIN_000454,Lactiplantibacillus plantarum,NC_0010,3,INNER_TRAIN
1,STRAIN_000455,Bifidobacterium breve,NC_0306,5,INNER_TRAIN
1,STRAIN_000456,Lactobacillus amylolyticus,NC_0307,4,INNER_TRAIN
1,STRAIN_000457,Lacticaseibacillus rhamnosus,NC_0014,3,INNER_TRAIN
1,STRAIN_000458,Lactococcus cremoris,NC_0051,3,INNER_TRAIN
1,STRAIN_000459,Lactococcus lactis subsp. lactis,NC_0308,3,INNER_TRAIN
1,STRAIN_000461,Lactococcus lactis subsp. lactis,NC_0016,4,INNER_TRAIN
1,STRAIN_000462,Lactococcus lactis subsp. lactis,NC_0016,4,INNER_TRAIN
1,STRAIN_000463,Lactococcus cremoris,NC_0051,3,INNER_TRAIN
1,STRAIN_000464,Lactococcus lactis subsp. lactis,NC_0016,4,INNER_TRAIN
1,STRAIN_000465,Lactococcus cremoris,NC_0309,5,INNER_TRAIN
1,STRAIN_000466,Lactococcus cremoris,NC_0072,2,INNER_TRAIN
1,STRAIN_000467,Lactococcus cremoris,NC_0087,5,INNER_TRAIN
1,STRAIN_000468,Lactococcus lactis subsp. lactis,NC_0310,5,INNER_TRAIN
1,STRAIN_000470,Lacticaseibacillus paracasei,NC_0025,3,INNER_TRAIN
1,STRAIN_000472,Levilactobacillus brevis,NC_0311,5,INNER_TRAIN
1,STRAIN_000473,Latilactobacillus sakei,NC_0312,2,INNER_TRAIN
1,STRAIN_000474,Bifidobacterium adolescentis,NC_0313,2,INNER_TRAIN
1,STRAIN_000475,Limosilactobacillus reuteri,NC_0314,3,INNER_TRAIN
1,STRAIN_000477,Lactococcus lactis subsp. lactis bv. diacetylactis,NC_0016,4,INNER_TRAIN
1,STRAIN_000478,Lacticaseibacillus rhamnosus,NC_0015,3,INNER_TRAIN
1,STRAIN_000479,Lactiplantibacillus plantarum,NC_0046,4,INNER_TRAIN
1,STRAIN_000481,Bacillus subtilis subsp. subtilis,NC_0058,4,INNER_TRAIN
1,STRAIN_000482,Bacillus subtilis subsp. subtilis,NC_0058,4,INNER_TRAIN
1,STRAIN_000483,Levilactobacillus brevis,NC_0315,3,INNER_TRAIN
1,STRAIN_000485,Limosilactobacillus fermentum,NC_0316,2,INNER_TRAIN
1,STRAIN_000486,Bacillus subtilis subsp. subtilis,NC_0058,4,INNER_TRAIN
1,STRAIN_000487,Bacillus subtilis subsp. subtilis,NC_0317,4,INNER_TRAIN
1,STRAIN_000488,Bacillus subtilis subsp. subtilis,NC_0318,3,INNER_TRAIN
1,STRAIN_000489,Limosilactobacillus fermentum,NC_0319,3,INNER_TRAIN
1,STRAIN_000491,Bifidobacterium animalis,NC_0004,2,INNER_TRAIN
1,STRAIN_000492,Lactiplantibacillus plantarum,NC_0006,5,INNER_TRAIN
1,STRAIN_000493,Lactobacillus acidophilus,NC_0002,4,INNER_TRAIN
1,STRAIN_000494,Lacticaseibacillus rhamnosus,NC_0014,3,INNER_TRAIN
1,STRAIN_000496,Lactiplantibacillus plantarum,NC_0321,3,INNER_TRAIN
1,STRAIN_000498,Bifidobacterium pseudolongum,NC_0323,5,INNER_TRAIN
1,STRAIN_000499,Lactobacillus acidophilus,NC_0002,4,INNER_TRAIN
1,STRAIN_000501,Lactiplantibacillus plantarum,NC_0059,3,INNER_TRAIN
1,STRAIN_000502,Lactobacillus gasseri,NC_0325,3,INNER_TRAIN
1,STRAIN_000503,Lacticaseibacillus rhamnosus,NC_0023,4,INNER_TRAIN
1,STRAIN_000504,Levilactobacillus brevis,NC_0326,4,INNER_TRAIN
1,STRAIN_000506,Lacticaseibacillus rhamnosus,NC_0014,3,INNER_TRAIN
1,STRAIN_000507,Lacticaseibacillus rhamnosus,NC_0023,4,INNER_TRAIN
1,STRAIN_000509,Lacticaseibacillus paracasei,NC_0043,5,INNER_TRAIN
1,STRAIN_000510,Streptococcus thermophilus,NC_0328,4,INNER_TRAIN
1,STRAIN_000512,Levilactobacillus brevis,NC_0329,3,INNER_TRAIN
1,STRAIN_000513,Levilactobacillus brevis,NC_0330,5,INNER_TRAIN
1,STRAIN_000515,Limosilactobacillus reuteri,NC_0331,3,INNER_TRAIN
1,STRAIN_000517,Limosilactobacillus fermentum,NC_0041,4,INNER_TRAIN
1,STRAIN_000518,Limosilactobacillus fermentum,NC_0332,4,INNER_TRAIN
1,STRAIN_000522,Lacticaseibacillus paracasei subsp. paracasei,NC_0060,5,INNER_TRAIN
1,STRAIN_000523,Bifidobacterium longum,NC_0334,5,INNER_TRAIN
1,STRAIN_000524,Bifidobacterium breve,NC_0335,3,INNER_TRAIN
1,STRAIN_000525,Streptococcus thermophilus,NC_0007,4,INNER_TRAIN
1,STRAIN_000526,Bifidobacterium bifidum,NC_0055,5,INNER_TRAIN
1,STRAIN_000527,Streptococcus thermophilus,NC_0336,4,INNER_TRAIN
1,STRAIN_000529,Lacticaseibacillus rhamnosus,NC_0005,5,INNER_TRAIN
1,STRAIN_000533,Lactobacillus helveticus,NC_0339,3,INNER_TRAIN
1,STRAIN_000534,Lacticaseibacillus paracasei,NC_0092,5,INNER_TRAIN
1,STRAIN_000535,Lactiplantibacillus plantarum,NC_0006,5,INNER_TRAIN
1,STRAIN_000538,Limosilactobacillus fermentum,NC_0341,5,INNER_TRAIN
1,STRAIN_000539,Lacticaseibacillus paracasei subsp. paracasei,NC_0060,5,INNER_TRAIN
1,STRAIN_000540,Lacticaseibacillus paracasei,NC_0092,5,INNER_TRAIN
1,STRAIN_000541,Lactiplantibacillus plantarum subsp. plantarum,NC_0093,3,INNER_TRAIN
1,STRAIN_000542,Bifidobacterium breve,NC_0094,5,INNER_TRAIN
1,STRAIN_000543,Heyndrickxia coagulans,NC_0342,4,INNER_TRAIN
1,STRAIN_000544,Lactiplantibacillus plantarum,NC_0003,3,INNER_TRAIN
1,STRAIN_000545,Lacticaseibacillus rhamnosus,NC_0005,5,INNER_TRAIN
1,STRAIN_000547,Lactiplantibacillus plantarum,NC_0010,3,INNER_TRAIN
1,STRAIN_000548,Lactiplantibacillus plantarum,NC_0010,3,INNER_TRAIN
1,STRAIN_000549,Limosilactobacillus reuteri,NC_0095,3,INNER_TRAIN
1,STRAIN_000550,Lactiplantibacillus plantarum,NC_0096,5,INNER_TRAIN
1,STRAIN_000551,Lacticaseibacillus rhamnosus,NC_0019,2,INNER_TRAIN
1,STRAIN_000552,Limosilactobacillus reuteri,NC_0095,3,INNER_TRAIN
1,STRAIN_000553,Lacticaseibacillus casei,NC_0020,2,INNER_TRAIN
1,STRAIN_000554,Lacticaseibacillus rhamnosus,NC_0014,3,INNER_TRAIN
1,STRAIN_000556,Lactobacillus acidophilus,NC_0002,4,INNER_TRAIN
1,STRAIN_000558,Lactiplantibacillus plantarum,NC_0097,2,INNER_TRAIN
1,STRAIN_000559,Lacticaseibacillus rhamnosus,NC_0005,5,INNER_TRAIN
1,STRAIN_000560,Lacticaseibacillus rhamnosus,NC_0005,5,INNER_TRAIN
1,STRAIN_000561,Streptococcus thermophilus,NC_0007,4,INNER_TRAIN
1,STRAIN_000562,Lactiplantibacillus plantarum,NC_0010,3,INNER_TRAIN
1,STRAIN_000565,Limosilactobacillus reuteri,NC_0345,2,INNER_TRAIN
1,STRAIN_000567,Limosilactobacillus fermentum,NC_0346,5,INNER_TRAIN
1,STRAIN_000569,Limosilactobacillus reuteri,NC_0347,3,INNER_TRAIN
1,STRAIN_000570,Lactiplantibacillus plantarum,NC_0003,3,INNER_TRAIN
1,STRAIN_000572,Bifidobacterium longum subsp. longum,NC_0348,4,INNER_TRAIN
1,STRAIN_000575,Levilactobacillus brevis,NC_0030,4,INNER_TRAIN
1,STRAIN_000577,Lactiplantibacillus plantarum,NC_0057,2,INNER_TRAIN
1,STRAIN_000578,Lactiplantibacillus plantarum,NC_0033,2,INNER_TRAIN
1,STRAIN_000580,Lacticaseibacillus rhamnosus,NC_0005,5,INNER_TRAIN
1,STRAIN_000581,Bifidobacterium bifidum,NC_0349,3,INNER_TRAIN
1,STRAIN_000582,Lactiplantibacillus plantarum,NC_0042,2,INNER_TRAIN
1,STRAIN_000583,Lactiplantibacillus plantarum,NC_0010,3,INNER_TRAIN
1,STRAIN_000584,Lactiplantibacillus plantarum,NC_0350,4,INNER_TRAIN
1,STRAIN_000585,Bifidobacterium animalis subsp. lactis,NC_0004,2,INNER_TRAIN
1,STRAIN_000586,Lactiplantibacillus plantarum,NC_0351,4,INNER_TRAIN
1,STRAIN_000587,Lacticaseibacillus paracasei,NC_0352,2,INNER_TRAIN
1,STRAIN_000588,Lactiplantibacillus plantarum,NC_0006,5,INNER_TRAIN
1,STRAIN_000589,Lactobacillus acidophilus,NC_0002,4,INNER_TRAIN
1,STRAIN_000592,Limosilactobacillus reuteri,NC_0354,4,INNER_TRAIN
1,STRAIN_000593,Limosilactobacillus reuteri,NC_0355,4,INNER_TRAIN
1,STRAIN_000594,Lactiplantibacillus plantarum,NC_0010,3,INNER_TRAIN
1,STRAIN_000596,Limosilactobacillus reuteri,NC_0357,2,INNER_TRAIN
1,STRAIN_000597,Lacticaseibacillus paracasei,NC_0081,3,INNER_TRAIN
1,STRAIN_000598,Lactiplantibacillus plantarum,NC_0033,2,INNER_TRAIN
1,STRAIN_000599,Lactococcus lactis,NC_0098,3,INNER_TRAIN
1,STRAIN_000600,Bifidobacterium adolescentis,NC_0358,4,INNER_TRAIN
1,STRAIN_000601,Limosilactobacillus fermentum,NC_0099,4,INNER_TRAIN
1,STRAIN_000602,Lacticaseibacillus paracasei,NC_0025,3,INNER_TRAIN
1,STRAIN_000603,Lactiplantibacillus plantarum,NC_0010,3,INNER_TRAIN
1,STRAIN_000604,Bifidobacterium animalis subsp. lactis,NC_0004,2,INNER_TRAIN
1,STRAIN_000605,Lactiplantibacillus plantarum,NC_0067,5,INNER_TRAIN
1,STRAIN_000607,Lactiplantibacillus plantarum,NC_0009,5,INNER_TRAIN
1,STRAIN_000613,Lactiplantibacillus plantarum,NC_0009,5,INNER_TRAIN
1,STRAIN_000614,Bifidobacterium longum,NC_0070,4,INNER_TRAIN
1,STRAIN_000615,Bifidobacterium animalis,NC_0004,2,INNER_TRAIN
1,STRAIN_000617,Lactiplantibacillus plantarum,NC_0009,5,INNER_TRAIN
1,STRAIN_000618,Lactiplantibacillus plantarum,NC_0009,5,INNER_TRAIN
1,STRAIN_000619,Lactiplantibacillus plantarum,NC_0009,5,INNER_TRAIN
1,STRAIN_000620,Lactiplantibacillus plantarum,NC_0009,5,INNER_TRAIN
1,STRAIN_000621,Lactiplantibacillus plantarum,NC_0009,5,INNER_TRAIN
1,STRAIN_000622,Bifidobacterium breve,NC_0361,4,INNER_TRAIN
1,STRAIN_000623,Lactiplantibacillus plantarum,NC_0003,3,INNER_TRAIN
1,STRAIN_000624,Lactobacillus acidophilus,NC_0002,4,INNER_TRAIN
1,STRAIN_000625,Limosilactobacillus reuteri,NC_0362,4,INNER_TRAIN
1,STRAIN_000626,Lactococcus lactis subsp. lactis,NC_0039,2,INNER_TRAIN
1,STRAIN_000627,Lacticaseibacillus paracasei subsp. paracasei,NC_0034,2,INNER_TRAIN
1,STRAIN_000628,Pediococcus acidilactici,NC_0363,4,INNER_TRAIN
1,STRAIN_000629,Lacticaseibacillus paracasei,NC_0043,5,INNER_TRAIN
1,STRAIN_000630,Lactiplantibacillus plantarum,NC_0100,5,INNER_TRAIN
1,STRAIN_000632,Lactiplantibacillus plantarum,NC_0365,3,INNER_TRAIN
1,STRAIN_000633,Lactococcus lactis,NC_0052,3,INNER_TRAIN
1,STRAIN_000634,Bifidobacterium bifidum,NC_0101,2,INNER_TRAIN
1,STRAIN_000635,Bifidobacterium breve,NC_0094,5,INNER_TRAIN
1,STRAIN_000637,Bifidobacterium longum subsp. infantis,NC_0011,2,INNER_TRAIN
1,STRAIN_000638,Bifidobacterium longum,NC_0367,4,INNER_TRAIN
1,STRAIN_000639,Lacticaseibacillus rhamnosus,NC_0019,2,INNER_TRAIN
1,STRAIN_000640,Levilactobacillus brevis,NC_0368,3,INNER_TRAIN
1,STRAIN_000642,Levilactobacillus brevis,NC_0369,2,INNER_TRAIN
1,STRAIN_000643,Levilactobacillus brevis,NC_0370,2,INNER_TRAIN
1,STRAIN_000645,Limosilactobacillus reuteri,NC_0371,4,INNER_TRAIN
1,STRAIN_000647,Lacticaseibacillus paracasei subsp. paracasei,NC_0034,2,INNER_TRAIN
1,STRAIN_000648,Lacticaseibacillus paracasei subsp. tolerans,NC_0056,2,INNER_TRAIN
1,STRAIN_000649,Lacticaseibacillus casei,NC_0025,3,INNER_TRAIN
1,STRAIN_000650,Lacticaseibacillus rhamnosus DSM 20021 = JCM 1136 =,NC_0005,5,INNER_TRAIN
1,STRAIN_000651,Lacticaseibacillus rhamnosus,NC_0019,2,INNER_TRAIN
1,STRAIN_000652,Lactococcus lactis subsp. lactis bv. diacetylactis,NC_0372,5,INNER_TRAIN
1,STRAIN_000653,Lacticaseibacillus paracasei,NC_0025,3,INNER_TRAIN
1,STRAIN_000654,Lacticaseibacillus rhamnosus,NC_0373,3,INNER_TRAIN
1,STRAIN_000655,Limosilactobacillus fermentum,NC_0374,4,INNER_TRAIN
1,STRAIN_000657,Lacticaseibacillus rhamnosus,NC_0376,3,INNER_TRAIN
1,STRAIN_000658,Bifidobacterium breve,NC_0076,2,INNER_TRAIN
1,STRAIN_000659,Limosilactobacillus reuteri,NC_0377,4,INNER_TRAIN
1,STRAIN_000661,Lactiplantibacillus plantarum,NC_0003,3,INNER_TRAIN
1,STRAIN_000663,Lacticaseibacillus paracasei subsp. paracasei,NC_0060,5,INNER_TRAIN
1,STRAIN_000664,Lactiplantibacillus plantarum,NC_0003,3,INNER_TRAIN
1,STRAIN_000666,Lacticaseibacillus paracasei,NC_0380,4,INNER_TRAIN
1,STRAIN_000668,Lactococcus lactis subsp. lactis,NC_0016,4,INNER_TRAIN
1,STRAIN_000669,Lactiplantibacillus plantarum,NC_0003,3,INNER_TRAIN
1,STRAIN_000670,Limosilactobacillus fermentum,NC_0382,3,INNER_TRAIN
1,STRAIN_000671,Lacticaseibacillus paracasei,NC_0026,5,INNER_TRAIN
1,STRAIN_000674,Lactiplantibacillus plantarum,NC_0003,3,INNER_TRAIN
1,STRAIN_000677,Limosilactobacillus fermentum,NC_0386,4,INNER_TRAIN
1,STRAIN_000678,Limosilactobacillus fermentum,NC_0387,3,INNER_TRAIN
1,STRAIN_000680,Limosilactobacillus fermentum,NC_0041,4,INNER_TRAIN
1,STRAIN_000681,Bifidobacterium animalis,NC_0004,2,INNER_TRAIN
1,STRAIN_000683,Lactiplantibacillus plantarum,NC_0009,5,INNER_TRAIN
1,STRAIN_000685,Lactiplantibacillus plantarum,NC_0059,3,INNER_TRAIN
1,STRAIN_000687,Lactococcus lactis,NC_0389,4,INNER_TRAIN
1,STRAIN_000688,Lacticaseibacillus paracasei,NC_0026,5,INNER_TRAIN
1,STRAIN_000689,Lacticaseibacillus rhamnosus,NC_0014,3,INNER_TRAIN
1,STRAIN_000690,Lactiplantibacillus plantarum subsp. plantarum,NC_0010,3,INNER_TRAIN
1,STRAIN_000692,Lacticaseibacillus rhamnosus,NC_0014,3,INNER_TRAIN
1,STRAIN_000693,Limosilactobacillus reuteri,NC_0390,5,INNER_TRAIN
1,STRAIN_000695,Limosilactobacillus fermentum,NC_0028,3,INNER_TRAIN
1,STRAIN_000696,Lactococcus lactis subsp. lactis,NC_0039,2,INNER_TRAIN
1,STRAIN_000697,Lacticaseibacillus rhamnosus,NC_0005,5,INNER_TRAIN
1,STRAIN_000698,Lacticaseibacillus rhamnosus,NC_0005,5,INNER_TRAIN
1,STRAIN_000699,Lacticaseibacillus rhamnosus,NC_0005,5,INNER_TRAIN
1,STRAIN_000700,Lacticaseibacillus rhamnosus,NC_0005,5,INNER_TRAIN
1,STRAIN_000702,Lacticaseibacillus paracasei,NC_0034,2,INNER_TRAIN
1,STRAIN_000703,Lactiplantibacillus plantarum,NC_0391,4,INNER_TRAIN
1,STRAIN_000704,Lactiplantibacillus plantarum,NC_0003,3,INNER_TRAIN
1,STRAIN_000705,Lacticaseibacillus rhamnosus,NC_0014,3,INNER_TRAIN
1,STRAIN_000707,Limosilactobacillus fermentum,NC_0393,4,INNER_TRAIN
1,STRAIN_000708,Bifidobacterium adolescentis,NC_0394,5,INNER_TRAIN
1,STRAIN_000709,Lacticaseibacillus rhamnosus,NC_0005,5,INNER_TRAIN
1,STRAIN_000710,Lactiplantibacillus plantarum,NC_0003,3,INNER_TRAIN
1,STRAIN_000711,Lacticaseibacillus rhamnosus GG,NC_0015,3,INNER_TRAIN
1,STRAIN_000713,Lactiplantibacillus plantarum subsp. plantarum,NC_0033,2,INNER_TRAIN
1,STRAIN_000715,Lacticaseibacillus paracasei subsp. paracasei,NC_0396,3,INNER_TRAIN
1,STRAIN_000717,Bifidobacterium bifidum,NC_0032,5,INNER_TRAIN
1,STRAIN_000719,Bifidobacterium longum subsp. longum,NC_0047,2,INNER_TRAIN
1,STRAIN_000720,Bifidobacterium breve,NC_0085,3,INNER_TRAIN
1,STRAIN_000721,Escherichia coli,NC_0398,5,INNER_TRAIN
1,STRAIN_000723,Lacticaseibacillus rhamnosus,NC_0399,3,INNER_TRAIN
1,STRAIN_000725,Lactobacillus acidophilus,NC_0002,4,INNER_TRAIN
1,STRAIN_000728,Lacticaseibacillus casei,NC_0020,2,INNER_TRAIN
1,STRAIN_000729,Lacticaseibacillus casei,NC_0020,2,INNER_TRAIN
1,STRAIN_000730,Lactiplantibacillus plantarum,NC_0003,3,INNER_TRAIN
1,STRAIN_000732,Bifidobacterium dentium,NC_0402,4,INNER_TRAIN
1,STRAIN_000733,Lacticaseibacillus rhamnosus,NC_0015,3,INNER_TRAIN
1,STRAIN_000735,Bifidobacterium adolescentis,NC_0403,2,INNER_TRAIN
1,STRAIN_000736,Bifidobacterium bifidum,NC_0404,4,INNER_TRAIN
1,STRAIN_000737,Bifidobacterium animalis subsp. lactis,NC_0004,2,INNER_TRAIN
1,STRAIN_000740,Lacticaseibacillus rhamnosus,NC_0005,5,INNER_TRAIN
1,STRAIN_000741,Lactiplantibacillus plantarum,NC_0003,3,INNER_TRAIN
1,STRAIN_000743,Bifidobacterium animalis subsp. lactis,NC_0004,2,INNER_TRAIN
1,STRAIN_000744,Bifidobacterium animalis subsp. lactis,NC_0004,2,INNER_TRAIN
1,STRAIN_000745,Bifidobacterium animalis subsp. lactis,NC_0004,2,INNER_TRAIN
1,STRAIN_000747,Bifidobacterium longum subsp. longum,NC_0406,4,INNER_TRAIN
1,STRAIN_000748,Levilactobacillus brevis,NC_0030,4,INNER_TRAIN
1,STRAIN_000749,Limosilactobacillus fermentum,NC_0407,4,INNER_TRAIN
1,STRAIN_000750,Lacticaseibacillus rhamnosus,NC_0014,3,INNER_TRAIN
1,STRAIN_000751,Limosilactobacillus reuteri,NC_0408,5,INNER_TRAIN
1,STRAIN_000752,Lactobacillus gasseri,NC_0409,5,INNER_TRAIN
1,STRAIN_000754,Bifidobacterium longum subsp. infantis,NC_0018,5,INNER_TRAIN
1,STRAIN_000755,Lactiplantibacillus plantarum,NC_0006,5,INNER_TRAIN
1,STRAIN_000756,Limosilactobacillus fermentum,NC_0410,2,INNER_TRAIN
1,STRAIN_000758,Bifidobacterium longum subsp. longum,NC_0412,5,INNER_TRAIN
1,STRAIN_000761,Streptococcus thermophilus,NC_0104,2,INNER_TRAIN
1,STRAIN_000762,Streptococcus thermophilus,NC_0104,2,INNER_TRAIN
1,STRAIN_000770,Streptococcus thermophilus,NC_0044,3,INNER_TRAIN
1,STRAIN_000771,Streptococcus thermophilus,NC_0044,3,INNER_TRAIN
1,STRAIN_000772,Streptococcus thermophilus,NC_0044,3,INNER_TRAIN
1,STRAIN_000773,Streptococcus thermophilus,NC_0044,3,INNER_TRAIN
1,STRAIN_000774,Streptococcus thermophilus,NC_0416,5,INNER_TRAIN
1,STRAIN_000775,Streptococcus thermophilus,NC_0050,3,INNER_TRAIN
1,STRAIN_000776,Streptococcus thermophilus,NC_0050,3,INNER_TRAIN
1,STRAIN_000777,Lacticaseibacillus rhamnosus,NC_0417,5,INNER_TRAIN
1,STRAIN_000778,Levilactobacillus brevis,NC_0105,4,INNER_TRAIN
1,STRAIN_000779,Levilactobacillus brevis,NC_0105,4,INNER_TRAIN
1,STRAIN_000780,Bifidobacterium pseudocatenulatum,NC_0418,2,INNER_TRAIN
1,STRAIN_000782,Lactiplantibacillus plantarum,NC_0066,4,INNER_TRAIN
1,STRAIN_000783,Bifidobacterium bifidum,NC_0101,2,INNER_TRAIN
1,STRAIN_000784,Lactococcus lactis,NC_0016,4,INNER_TRAIN
1,STRAIN_000785,Lactiplantibacillus plantarum,NC_0420,2,INNER_TRAIN
1,STRAIN_000787,Lactococcus lactis,NC_0016,4,INNER_TRAIN
1,STRAIN_000791,Lactiplantibacillus plantarum subsp. plantarum,NC_0003,3,INNER_TRAIN
1,STRAIN_000792,Lactiplantibacillus plantarum subsp. plantarum,NC_0063,5,INNER_TRAIN
1,STRAIN_000793,Lactiplantibacillus plantarum,NC_0003,3,INNER_TRAIN
1,STRAIN_000794,Lactococcus lactis,NC_0039,2,INNER_TRAIN
1,STRAIN_000795,Lacticaseibacillus paracasei,NC_0423,5,INNER_TRAIN
1,STRAIN_000796,Lactiplantibacillus plantarum,NC_0424,2,INNER_TRAIN
1,STRAIN_000797,Lactiplantibacillus plantarum subsp. plantarum,NC_0003,3,INNER_TRAIN
1,STRAIN_000800,Lacticaseibacillus rhamnosus,NC_0005,5,INNER_TRAIN
1,STRAIN_000801,Bifidobacterium pseudolongum,NC_0426,3,INNER_TRAIN
1,STRAIN_000802,Lactiplantibacillus plantarum,NC_0010,3,INNER_TRAIN
1,STRAIN_000803,Lactiplantibacillus plantarum,NC_0427,2,INNER_TRAIN
1,STRAIN_000806,Bifidobacterium longum subsp. longum,NC_0047,2,INNER_TRAIN
1,STRAIN_000807,Lacticaseibacillus paracasei,NC_0026,5,INNER_TRAIN
1,STRAIN_000808,Limosilactobacillus reuteri,NC_0430,3,INNER_TRAIN
1,STRAIN_000809,Lactobacillus acidophilus,NC_0002,4,INNER_TRAIN
1,STRAIN_000811,Streptococcus thermophilus,NC_0007,4,INNER_TRAIN
1,STRAIN_000812,Bifidobacterium breve,NC_0080,2,INNER_TRAIN
1,STRAIN_000813,Lactobacillus acidophilus,NC_0002,4,INNER_TRAIN
1,STRAIN_000814,Lacticaseibacillus rhamnosus,NC_0005,5,INNER_TRAIN
1,STRAIN_000815,Bifidobacterium longum subsp. infantis,NC_0045,4,INNER_TRAIN
1,STRAIN_000818,Lactiplantibacillus plantarum,NC_0431,2,INNER_TRAIN
1,STRAIN_000819,Streptococcus thermophilus,NC_0007,4,INNER_TRAIN
1,STRAIN_000820,Lactococcus lactis subsp. lactis,NC_0432,4,INNER_TRAIN
1,STRAIN_000821,Lacticaseibacillus paracasei,NC_0433,4,INNER_TRAIN
1,STRAIN_000823,Streptococcus thermophilus,NC_0007,4,INNER_TRAIN
1,STRAIN_000824,Streptococcus thermophilus,NC_0435,5,INNER_TRAIN
1,STRAIN_000825,Lacticaseibacillus rhamnosus,NC_0014,3,INNER_TRAIN
1,STRAIN_000826,Lacticaseibacillus rhamnosus,NC_0436,4,INNER_TRAIN
1,STRAIN_000827,Lacticaseibacillus rhamnosus,NC_0005,5,INNER_TRAIN
1,STRAIN_000828,Lactiplantibacillus plantarum,NC_0003,3,INNER_TRAIN
1,STRAIN_000830,Lactiplantibacillus plantarum,NC_0003,3,INNER_TRAIN
1,STRAIN_000831,Lacticaseibacillus paracasei,NC_0026,5,INNER_TRAIN
1,STRAIN_000832,Lacticaseibacillus paracasei,NC_0056,2,INNER_TRAIN
1,STRAIN_000833,Limosilactobacillus fermentum,NC_0437,5,INNER_TRAIN
1,STRAIN_000834,Levilactobacillus brevis,NC_0083,2,INNER_TRAIN
1,STRAIN_000835,Lactobacillus acidophilus,NC_0002,4,INNER_TRAIN
1,STRAIN_000837,Lactobacillus acidophilus,NC_0002,4,INNER_TRAIN
1,STRAIN_000839,Lacticaseibacillus paracasei subsp. tolerans,NC_0438,3,INNER_TRAIN
1,STRAIN_000840,Streptococcus thermophilus,NC_0439,2,INNER_TRAIN
1,STRAIN_000841,Lactiplantibacillus plantarum,NC_0003,3,INNER_TRAIN
1,STRAIN_000842,Lactiplantibacillus plantarum,NC_0006,5,INNER_TRAIN
1,STRAIN_000843,Lactiplantibacillus plantarum,NC_0009,5,INNER_TRAIN
1,STRAIN_000844,Lactiplantibacillus plantarum,NC_0009,5,INNER_TRAIN
1,STRAIN_000847,Lacticaseibacillus paracasei,NC_0026,5,INNER_TRAIN
1,STRAIN_000848,Lactiplantibacillus plantarum,NC_0100,5,INNER_TRAIN
1,STRAIN_000852,Lactobacillus acidophilus,NC_0002,4,INNER_TRAIN
1,STRAIN_000853,Lacticaseibacillus paracasei,NC_0442,3,INNER_TRAIN
1,STRAIN_000855,Lacticaseibacillus rhamnosus,NC_0019,2,INNER_TRAIN
1,STRAIN_000856,Limosilactobacillus reuteri,NC_0443,2,INNER_TRAIN
1,STRAIN_000858,Lacticaseibacillus rhamnosus,NC_0015,3,INNER_TRAIN
1,STRAIN_000860,Bifidobacterium longum subsp. longum,NC_0027,5,INNER_TRAIN
1,STRAIN_000861,Bifidobacterium pseudocatenulatum,NC_0444,3,INNER_TRAIN
1,STRAIN_000863,Limosilactobacillus fermentum,NC_0028,3,INNER_TRAIN
1,STRAIN_000866,Bifidobacterium adolescentis,NC_0445,2,INNER_TRAIN
1,STRAIN_000868,Lactiplantibacillus plantarum,NC_0059,3,INNER_TRAIN
1,STRAIN_000869,Lacticaseibacillus rhamnosus,NC_0019,2,INNER_TRAIN
1,STRAIN_000870,Limosilactobacillus reuteri,NC_0446,5,INNER_TRAIN
1,STRAIN_000871,Limosilactobacillus fermentum,NC_0447,3,INNER_TRAIN
1,STRAIN_000873,Lacticaseibacillus rhamnosus,NC_0449,3,INNER_TRAIN
1,STRAIN_000874,Bifidobacterium breve,NC_0450,2,INNER_TRAIN
1,STRAIN_000878,Lacticaseibacillus paracasei,NC_0025,3,INNER_TRAIN
1,STRAIN_000879,Lacticaseibacillus rhamnosus,NC_0005,5,INNER_TRAIN
1,STRAIN_000880,Lactobacillus acidophilus,NC_0002,4,INNER_TRAIN
1,STRAIN_000881,Limosilactobacillus reuteri,NC_0452,2,INNER_TRAIN
1,STRAIN_000882,Lactiplantibacillus plantarum,NC_0097,2,INNER_TRAIN
1,STRAIN_000884,Lactiplantibacillus plantarum,NC_0010,3,INNER_TRAIN
1,STRAIN_000885,Lactobacillus acidophilus,NC_0002,4,INNER_TRAIN
1,STRAIN_000887,Lactiplantibacillus plantarum,NC_0010,3,INNER_TRAIN
1,STRAIN_000889,Bifidobacterium breve,NC_0453,3,INNER_TRAIN
1,STRAIN_000890,Lactobacillus acidophilus,NC_0002,4,INNER_TRAIN
1,STRAIN_000891,Limosilactobacillus reuteri,NC_0454,3,INNER_TRAIN
1,STRAIN_000892,Lactobacillus gasseri,NC_0106,4,INNER_TRAIN
1,STRAIN_000893,Lactococcus lactis,NC_0455,2,INNER_TRAIN
1,STRAIN_000894,Bifidobacterium bifidum,NC_0055,5,INNER_TRAIN
1,STRAIN_000895,Limosilactobacillus reuteri,NC_0456,3,INNER_TRAIN
1,STRAIN_000896,Lactobacillus acidophilus,NC_0002,4,INNER_TRAIN
1,STRAIN_000897,Lactiplantibacillus plantarum,NC_0006,5,INNER_TRAIN
1,STRAIN_000898,Lactiplantibacillus plantarum,NC_0010,3,INNER_TRAIN
1,STRAIN_000900,Bifidobacterium animalis,NC_0004,2,INNER_TRAIN
1,STRAIN_000901,Bifidobacterium breve,NC_0037,5,INNER_TRAIN
1,STRAIN_000902,Lactiplantibacillus plantarum,NC_0457,3,INNER_TRAIN
1,STRAIN_000903,Lacticaseibacillus rhamnosus,NC_0019,2,INNER_TRAIN
1,STRAIN_000904,Lacticaseibacillus rhamnosus,NC_0019,2,INNER_TRAIN
1,STRAIN_000905,Limosilactobacillus fermentum,NC_0458,2,INNER_TRAIN
1,STRAIN_000906,Lactiplantibacillus plantarum,NC_0046,4,INNER_TRAIN
1,STRAIN_000907,Limosilactobacillus reuteri,NC_0459,4,INNER_TRAIN
1,STRAIN_000908,Lacticaseibacillus paracasei,NC_0043,5,INNER_TRAIN
1,STRAIN_000910,Lacticaseibacillus rhamnosus,NC_0015,3,INNER_TRAIN
1,STRAIN_000911,Lactobacillus acidophilus,NC_0002,4,INNER_TRAIN
1,STRAIN_000912,Lacticaseibacillus casei,NC_0020,2,INNER_TRAIN
1,STRAIN_000914,Lactococcus lactis subsp. lactis,NC_0460,4,INNER_TRAIN
1,STRAIN_000915,Lacticaseibacillus paracasei subsp. paracasei,NC_0461,4,INNER_TRAIN
1,STRAIN_000918,Lacticaseibacillus paracasei,NC_0463,5,INNER_TRAIN
1,STRAIN_000919,Lacticaseibacillus casei,NC_0020,2,INNER_TRAIN
1,STRAIN_000921,Streptococcus thermophilus,NC_0007,4,INNER_TRAIN
1,STRAIN_000922,Lactobacillus acidophilus,NC_0002,4,INNER_TRAIN
1,STRAIN_000923,Lactobacillus gasseri,NC_0464,3,INNER_TRAIN
1,STRAIN_000925,Lacticaseibacillus rhamnosus,NC_0465,5,INNER_TRAIN
1,STRAIN_000926,Levilactobacillus brevis,NC_0466,3,INNER_TRAIN
1,STRAIN_000927,Lactiplantibacillus plantarum,NC_0093,3,INNER_TRAIN
1,STRAIN_000928,Lactiplantibacillus plantarum,NC_0096,5,INNER_TRAIN
1,STRAIN_000929,Lacticaseibacillus casei,NC_0020,2,INNER_TRAIN
1,STRAIN_000930,Lacticaseibacillus rhamnosus,NC_0023,4,INNER_TRAIN
1,STRAIN_000932,Lactiplantibacillus plantarum,NC_0006,5,INNER_TRAIN
1,STRAIN_000933,Bifidobacterium pseudocatenulatum,NC_0467,4,INNER_TRAIN
1,STRAIN_000934,Limosilactobacillus fermentum,NC_0468,4,INNER_TRAIN
1,STRAIN_000938,Lactiplantibacillus plantarum,NC_0010,3,INNER_TRAIN
1,STRAIN_000939,Lactiplantibacillus plantarum,NC_0010,3,INNER_TRAIN
1,STRAIN_000941,Limosilactobacillus reuteri,NC_0470,2,INNER_TRAIN
1,STRAIN_000942,Lactiplantibacillus plantarum,NC_0042,2,INNER_TRAIN
1,STRAIN_000943,Lacticaseibacillus rhamnosus,NC_0015,3,INNER_TRAIN
1,STRAIN_000944,Levilactobacillus brevis,NC_0471,4,INNER_TRAIN
1,STRAIN_000945,Lactiplantibacillus plantarum,NC_0472,3,INNER_TRAIN
1,STRAIN_000946,Lactiplantibacillus plantarum,NC_0006,5,INNER_TRAIN
1,STRAIN_000947,Lactococcus lactis subsp. lactis,NC_0098,3,INNER_TRAIN
1,STRAIN_000948,Limosilactobacillus reuteri subsp. suis,NC_0473,3,INNER_TRAIN
1,STRAIN_000950,Bifidobacterium breve,NC_0079,5,INNER_TRAIN
1,STRAIN_000952,Limosilactobacillus reuteri,NC_0474,3,INNER_TRAIN
1,STRAIN_000953,Streptococcus thermophilus,NC_0475,3,INNER_TRAIN
1,STRAIN_000956,Limosilactobacillus fermentum,NC_0099,4,INNER_TRAIN
1,STRAIN_000957,Lactiplantibacillus plantarum,NC_0006,5,INNER_TRAIN
1,STRAIN_000958,Lactiplantibacillus plantarum,NC_0006,5,INNER_TRAIN
1,STRAIN_000959,Lactiplantibacillus plantarum,NC_0006,5,INNER_TRAIN
1,STRAIN_000964,Lactiplantibacillus plantarum,NC_0003,3,INNER_TRAIN
1,STRAIN_000969,Lactobacillus acidophilus,NC_0477,2,INNER_TRAIN
1,STRAIN_000976,Lactiplantibacillus plantarum subsp. plantarum,NC_0479,2,INNER_TRAIN
1,STRAIN_000977,Lactiplantibacillus plantarum,NC_0057,2,INNER_TRAIN
1,STRAIN_000979,Limosilactobacillus fermentum,NC_0480,2,INNER_TRAIN
1,STRAIN_000980,Lactiplantibacillus plantarum subsp. plantarum,NC_0006,5,INNER_TRAIN
1,STRAIN_000985,Lacticaseibacillus paracasei,NC_0026,5,INNER_TRAIN
1,STRAIN_000989,Lactiplantibacillus plantarum,NC_0003,3,INNER_TRAIN
1,STRAIN_000990,Lactiplantibacillus plantarum,NC_0003,3,INNER_TRAIN
1,STRAIN_000995,Bifidobacterium animalis subsp. lactis,NC_0004,2,INNER_TRAIN
1,STRAIN_000998,Lactococcus lactis,NC_0016,4,INNER_TRAIN
1,STRAIN_001005,Lactiplantibacillus plantarum,NC_0063,5,INNER_TRAIN
1,STRAIN_001008,Lactococcus lactis subsp. lactis,NC_0481,5,INNER_TRAIN
1,STRAIN_001011,Limosilactobacillus fermentum,NC_0483,3,INNER_TRAIN
1,STRAIN_001012,Limosilactobacillus fermentum,NC_0484,3,INNER_TRAIN
1,STRAIN_001014,Lactiplantibacillus plantarum,NC_0006,5,INNER_TRAIN
1,STRAIN_001015,Limosilactobacillus reuteri,NC_0077,2,INNER_TRAIN
1,STRAIN_001016,Bifidobacterium breve,NC_0486,4,INNER_TRAIN
1,STRAIN_001017,Bifidobacterium longum subsp. infantis,NC_0018,5,INNER_TRAIN
1,STRAIN_001018,Lactiplantibacillus plantarum,NC_0063,5,INNER_TRAIN
1,STRAIN_001022,Lacticaseibacillus rhamnosus,NC_0487,3,INNER_TRAIN
1,STRAIN_001023,Limosilactobacillus fermentum,NC_0488,4,INNER_TRAIN
1,STRAIN_001024,Lactobacillus gasseri,NC_0106,4,INNER_TRAIN
1,STRAIN_001025,Lactiplantibacillus plantarum,NC_0006,5,INNER_TRAIN
1,STRAIN_000001,Bifidobacterium longum subsp. longum,NC_0022,3,INNER_VAL
1,STRAIN_000025,Lactiplantibacillus plantarum,NC_0008,2,INNER_VAL
1,STRAIN_000031,Levilactobacillus brevis,NC_0112,3,INNER_VAL
1,STRAIN_000060,Lactiplantibacillus plantarum,NC_0008,2,INNER_VAL
1,STRAIN_000066,Lactiplantibacillus plantarum,NC_0008,2,INNER_VAL
1,STRAIN_000082,Limosilactobacillus reuteri,NC_0131,4,INNER_VAL
1,STRAIN_000095,Bifidobacterium longum subsp. longum,NC_0141,3,INNER_VAL
1,STRAIN_000099,Sinorhizobium meliloti,NC_0144,3,INNER_VAL
1,STRAIN_000102,Ligilactobacillus salivarius,NC_0147,5,INNER_VAL
1,STRAIN_000107,Limosilactobacillus reuteri subsp. reuteri,NC_0024,4,INNER_VAL
1,STRAIN_000110,Azorhizobium caulinodans,NC_0151,3,INNER_VAL
1,STRAIN_000129,Limosilactobacillus reuteri subsp. reuteri,NC_0024,4,INNER_VAL
1,STRAIN_000132,Lacticaseibacillus paracasei,NC_0049,4,INNER_VAL
1,STRAIN_000140,Lactiplantibacillus plantarum,NC_0008,2,INNER_VAL
1,STRAIN_000174,Limosilactobacillus reuteri,NC_0024,4,INNER_VAL
1,STRAIN_000178,Bifidobacterium bifidum,NC_0187,5,INNER_VAL
1,STRAIN_000196,Bifidobacterium longum subsp. longum,NC_0022,3,INNER_VAL
1,STRAIN_000198,Bacillus amyloliquefaciens DSM 7 = ATCC 23350,NC_0200,3,INNER_VAL
1,STRAIN_000203,Weissella koreensis,NC_0204,4,INNER_VAL
1,STRAIN_000237,Bacillus subtilis subsp. subtilis str.,NC_0078,3,INNER_VAL
1,STRAIN_000249,Lacticaseibacillus paracasei,NC_0049,4,INNER_VAL
1,STRAIN_000273,Bifidobacterium breve,NC_0237,3,INNER_VAL
1,STRAIN_000293,Lacticaseibacillus paracasei,NC_0244,4,INNER_VAL
1,STRAIN_000296,Bifidobacterium longum subsp. longum,NC_0022,3,INNER_VAL
1,STRAIN_000301,Lactiplantibacillus plantarum,NC_0038,3,INNER_VAL
1,STRAIN_000311,Azotobacter chroococcum,NC_0254,4,INNER_VAL
1,STRAIN_000322,Streptococcus thermophilus,NC_0259,3,INNER_VAL
1,STRAIN_000329,Lacticaseibacillus paracasei,NC_0262,4,INNER_VAL
1,STRAIN_000377,Limosilactobacillus fermentum,NC_0280,2,INNER_VAL
1,STRAIN_000388,Bacillus subtilis subsp. subtilis,NC_0078,3,INNER_VAL
1,STRAIN_000403,Limosilactobacillus reuteri,NC_0024,4,INNER_VAL
1,STRAIN_000427,Lactiplantibacillus plantarum,NC_0008,2,INNER_VAL
1,STRAIN_000447,Lacticaseibacillus rhamnosus,NC_0302,3,INNER_VAL
1,STRAIN_000450,Lactobacillus delbrueckii subsp. bulgaricus,NC_0304,2,INNER_VAL
1,STRAIN_000451,Lactiplantibacillus plantarum,NC_0038,3,INNER_VAL
1,STRAIN_000460,Lactococcus lactis subsp. lactis,NC_0089,5,INNER_VAL
1,STRAIN_000469,Lactococcus lactis subsp. lactis,NC_0089,5,INNER_VAL
1,STRAIN_000484,Lacticaseibacillus casei,NC_0090,3,INNER_VAL
1,STRAIN_000500,Streptococcus thermophilus,NC_0324,4,INNER_VAL
1,STRAIN_000511,Lactiplantibacillus plantarum,NC_0038,3,INNER_VAL
1,STRAIN_000514,Lactiplantibacillus plantarum,NC_0008,2,INNER_VAL
1,STRAIN_000520,Lactococcus lactis subsp. lactis,NC_0091,5,INNER_VAL
1,STRAIN_000521,Lactococcus lactis subsp. lactis,NC_0091,5,INNER_VAL
1,STRAIN_000546,Lactiplantibacillus plantarum,NC_0008,2,INNER_VAL
1,STRAIN_000557,Limosilactobacillus reuteri,NC_0344,2,INNER_VAL
1,STRAIN_000591,Lactiplantibacillus plantarum,NC_0008,2,INNER_VAL
1,STRAIN_000595,Limosilactobacillus fermentum,NC_0356,2,INNER_VAL
1,STRAIN_000636,Bifidobacterium longum subsp. infantis,NC_0366,4,INNER_VAL
1,STRAIN_000641,Levilactobacillus brevis,NC_0102,4,INNER_VAL
1,STRAIN_000665,Lacticaseibacillus paracasei,NC_0379,2,INNER_VAL
1,STRAIN_000667,Lactiplantibacillus plantarum,NC_0381,3,INNER_VAL
1,STRAIN_000672,Streptococcus thermophilus,NC_0383,5,INNER_VAL
1,STRAIN_000675,Lactiplantibacillus plantarum,NC_0008,2,INNER_VAL
1,STRAIN_000706,Bifidobacterium longum,NC_0392,5,INNER_VAL
1,STRAIN_000718,Lactiplantibacillus plantarum,NC_0397,3,INNER_VAL
1,STRAIN_000726,Bifidobacterium longum subsp. longum,NC_0022,3,INNER_VAL
1,STRAIN_000738,Lacticaseibacillus paracasei,NC_0049,4,INNER_VAL
1,STRAIN_000757,Bifidobacterium adolescentis,NC_0411,5,INNER_VAL
1,STRAIN_000764,Bifidobacterium bifidum,NC_0414,4,INNER_VAL
1,STRAIN_000766,Lactobacillus delbrueckii subsp. lactis,NC_0415,2,INNER_VAL
1,STRAIN_000767,Bifidobacterium longum subsp. longum,NC_0022,3,INNER_VAL
1,STRAIN_000768,Lactiplantibacillus plantarum,NC_0008,2,INNER_VAL
1,STRAIN_000769,Streptococcus thermophilus,NC_0069,5,INNER_VAL
1,STRAIN_000850,Lactiplantibacillus plantarum subsp. plantarum,NC_0038,3,INNER_VAL
1,STRAIN_000857,Lactiplantibacillus plantarum,NC_0008,2,INNER_VAL
1,STRAIN_000859,Lactiplantibacillus plantarum,NC_0008,2,INNER_VAL
1,STRAIN_000872,Bifidobacterium longum,NC_0448,5,INNER_VAL
1,STRAIN_000875,Limosilactobacillus reuteri,NC_0024,4,INNER_VAL
1,STRAIN_000883,Lactiplantibacillus plantarum,NC_0008,2,INNER_VAL
1,STRAIN_000886,Lacticaseibacillus casei,NC_0090,3,INNER_VAL
1,STRAIN_000909,Lactiplantibacillus plantarum,NC_0008,2,INNER_VAL
1,STRAIN_000916,Levilactobacillus brevis,NC_0462,3,INNER_VAL
1,STRAIN_000931,Limosilactobacillus reuteri,NC_0024,4,INNER_VAL
1,STRAIN_000935,Lactiplantibacillus plantarum,NC_0008,2,INNER_VAL
1,STRAIN_000940,Lacticaseibacillus rhamnosus,NC_0469,4,INNER_VAL
1,STRAIN_000951,Lactiplantibacillus plantarum,NC_0008,2,INNER_VAL
1,STRAIN_000988,Levilactobacillus brevis,NC_0102,4,INNER_VAL
1,STRAIN_001010,Bifidobacterium longum,NC_0022,3,INNER_VAL
1,STRAIN_000002,Lactiplantibacillus plantarum,NC_0017,1,OUTER_HOLDOUT_UNTOUCHED
1,STRAIN_000015,Limosilactobacillus fermentum,NC_0036,1,OUTER_HOLDOUT_UNTOUCHED
1,STRAIN_000033,Limosilactobacillus reuteri,NC_0065,1,OUTER_HOLDOUT_UNTOUCHED
1,STRAIN_000070,Lacticaseibacillus rhamnosus,NC_0068,1,OUTER_HOLDOUT_UNTOUCHED
1,STRAIN_000074,Streptococcus thermophilus,NC_0127,1,OUTER_HOLDOUT_UNTOUCHED
1,STRAIN_000075,Limosilactobacillus fermentum,NC_0128,1,OUTER_HOLDOUT_UNTOUCHED
1,STRAIN_000113,Bradyrhizobium diazoefficiens USDA 110,NC_0153,1,OUTER_HOLDOUT_UNTOUCHED
1,STRAIN_000114,Streptococcus thermophilus,NC_0029,1,OUTER_HOLDOUT_UNTOUCHED
1,STRAIN_000115,Streptococcus thermophilus,NC_0029,1,OUTER_HOLDOUT_UNTOUCHED
1,STRAIN_000118,Oenococcus oeni,NC_0156,1,OUTER_HOLDOUT_UNTOUCHED
1,STRAIN_000119,Lactobacillus delbrueckii subsp. bulgaricus,NC_0157,1,OUTER_HOLDOUT_UNTOUCHED
1,STRAIN_000125,Lacticaseibacillus paracasei,NC_0071,1,OUTER_HOLDOUT_UNTOUCHED
1,STRAIN_000130,Lysinibacillus sphaericus,NC_0163,1,OUTER_HOLDOUT_UNTOUCHED
1,STRAIN_000134,Akkermansia muciniphila,NC_0166,1,OUTER_HOLDOUT_UNTOUCHED
1,STRAIN_000142,Paenibacillus sp.,NC_0169,1,OUTER_HOLDOUT_UNTOUCHED
1,STRAIN_000143,Bifidobacterium dentium,NC_0073,1,OUTER_HOLDOUT_UNTOUCHED
1,STRAIN_000149,Lacticaseibacillus paracasei,NC_0013,1,OUTER_HOLDOUT_UNTOUCHED
1,STRAIN_000152,Acinetobacter baylyi,NC_0173,1,OUTER_HOLDOUT_UNTOUCHED
1,STRAIN_000153,Lactobacillus delbrueckii subsp. bulgaricus ATCC 11842 = JCM 1002,NC_0174,1,OUTER_HOLDOUT_UNTOUCHED
1,STRAIN_000158,Ligilactobacillus salivarius,NC_0177,1,OUTER_HOLDOUT_UNTOUCHED
1,STRAIN_000161,Bifidobacterium dentium,NC_0179,1,OUTER_HOLDOUT_UNTOUCHED
1,STRAIN_000162,Lactiplantibacillus plantarum,NC_0001,1,OUTER_HOLDOUT_UNTOUCHED
1,STRAIN_000164,Phaeobacter inhibens,NC_0181,1,OUTER_HOLDOUT_UNTOUCHED
1,STRAIN_000172,Limosilactobacillus reuteri,NC_0031,1,OUTER_HOLDOUT_UNTOUCHED
1,STRAIN_000182,Pantoea sp.,NC_0190,1,OUTER_HOLDOUT_UNTOUCHED
1,STRAIN_000186,Rahnella aceris,NC_0192,1,OUTER_HOLDOUT_UNTOUCHED
1,STRAIN_000188,Lactobacillus delbrueckii subsp. bulgaricus,NC_0194,1,OUTER_HOLDOUT_UNTOUCHED
1,STRAIN_000190,Lacticaseibacillus paracasei,NC_0013,1,OUTER_HOLDOUT_UNTOUCHED
1,STRAIN_000191,Lacticaseibacillus paracasei,NC_0013,1,OUTER_HOLDOUT_UNTOUCHED
1,STRAIN_000194,Rhodopseudomonas palustris,NC_0197,1,OUTER_HOLDOUT_UNTOUCHED
1,STRAIN_000199,Lactiplantibacillus plantarum,NC_0001,1,OUTER_HOLDOUT_UNTOUCHED
1,STRAIN_000202,Bifidobacterium longum subsp. longum,NC_0203,1,OUTER_HOLDOUT_UNTOUCHED
1,STRAIN_000230,Lacticaseibacillus paracasei,NC_0013,1,OUTER_HOLDOUT_UNTOUCHED
1,STRAIN_000231,Bacillus subtilis subsp. subtilis str.,NC_0217,1,OUTER_HOLDOUT_UNTOUCHED
1,STRAIN_000239,Lacticaseibacillus paracasei,NC_0013,1,OUTER_HOLDOUT_UNTOUCHED
1,STRAIN_000243,Lacticaseibacillus paracasei,NC_0013,1,OUTER_HOLDOUT_UNTOUCHED
1,STRAIN_000256,Levilactobacillus brevis ATCC 14869 = DSM 20054,NC_0053,1,OUTER_HOLDOUT_UNTOUCHED
1,STRAIN_000260,Lactiplantibacillus plantarum,NC_0001,1,OUTER_HOLDOUT_UNTOUCHED
1,STRAIN_000263,Lactococcus lactis subsp. lactis,NC_0229,1,OUTER_HOLDOUT_UNTOUCHED
1,STRAIN_000267,Lacticaseibacillus rhamnosus,NC_0068,1,OUTER_HOLDOUT_UNTOUCHED
1,STRAIN_000271,Streptococcus thermophilus,NC_0235,1,OUTER_HOLDOUT_UNTOUCHED
1,STRAIN_000276,Streptococcus thermophilus,NC_0238,1,OUTER_HOLDOUT_UNTOUCHED
1,STRAIN_000287,Bacillus subtilis subsp. subtilis str. OH 131.1,NC_0241,1,OUTER_HOLDOUT_UNTOUCHED
1,STRAIN_000302,Lactiplantibacillus plantarum,NC_0001,1,OUTER_HOLDOUT_UNTOUCHED
1,STRAIN_000305,Bifidobacterium longum subsp. longum,NC_0250,1,OUTER_HOLDOUT_UNTOUCHED
1,STRAIN_000308,Levilactobacillus brevis,NC_0253,1,OUTER_HOLDOUT_UNTOUCHED
1,STRAIN_000321,Streptococcus thermophilus,NC_0258,1,OUTER_HOLDOUT_UNTOUCHED
1,STRAIN_000324,Heyndrickxia coagulans,NC_0040,1,OUTER_HOLDOUT_UNTOUCHED
1,STRAIN_000325,Lactiplantibacillus plantarum,NC_0054,1,OUTER_HOLDOUT_UNTOUCHED
1,STRAIN_000330,Lactiplantibacillus plantarum,NC_0017,1,OUTER_HOLDOUT_UNTOUCHED
1,STRAIN_000333,Limosilactobacillus fermentum,NC_0265,1,OUTER_HOLDOUT_UNTOUCHED
1,STRAIN_000335,Lacticaseibacillus rhamnosus,NC_0266,1,OUTER_HOLDOUT_UNTOUCHED
1,STRAIN_000337,Lactiplantibacillus plantarum,NC_0054,1,OUTER_HOLDOUT_UNTOUCHED
1,STRAIN_000342,Limosilactobacillus fermentum,NC_0268,1,OUTER_HOLDOUT_UNTOUCHED
1,STRAIN_000345,Lacticaseibacillus casei,NC_0270,1,OUTER_HOLDOUT_UNTOUCHED
1,STRAIN_000347,Bifidobacterium bifidum,NC_0271,1,OUTER_HOLDOUT_UNTOUCHED
1,STRAIN_000353,Heyndrickxia coagulans,NC_0040,1,OUTER_HOLDOUT_UNTOUCHED
1,STRAIN_000354,Bifidobacterium dentium JCM 1195 = DSM 20436,NC_0073,1,OUTER_HOLDOUT_UNTOUCHED
1,STRAIN_000355,Bifidobacterium longum subsp. longum,NC_0084,1,OUTER_HOLDOUT_UNTOUCHED
1,STRAIN_000358,Lacticaseibacillus paracasei,NC_0275,1,OUTER_HOLDOUT_UNTOUCHED
1,STRAIN_000369,Lactiplantibacillus plantarum,NC_0001,1,OUTER_HOLDOUT_UNTOUCHED
1,STRAIN_000372,Lactiplantibacillus plantarum,NC_0001,1,OUTER_HOLDOUT_UNTOUCHED
1,STRAIN_000373,Lactobacillus helveticus,NC_0279,1,OUTER_HOLDOUT_UNTOUCHED
1,STRAIN_000379,Lacticaseibacillus casei DSM 20011 = JCM 1134 = ATCC 393,NC_0071,1,OUTER_HOLDOUT_UNTOUCHED
1,STRAIN_000380,Levilactobacillus brevis ATCC 14869 =,NC_0053,1,OUTER_HOLDOUT_UNTOUCHED
1,STRAIN_000385,Lactiplantibacillus plantarum,NC_0001,1,OUTER_HOLDOUT_UNTOUCHED
1,STRAIN_000387,Bifidobacterium longum subsp. longum,NC_0283,1,OUTER_HOLDOUT_UNTOUCHED
1,STRAIN_000389,Lactobacillus delbrueckii subsp. bulgaricus,NC_0086,1,OUTER_HOLDOUT_UNTOUCHED
1,STRAIN_000390,Lactiplantibacillus plantarum,NC_0001,1,OUTER_HOLDOUT_UNTOUCHED
1,STRAIN_000392,Streptococcus thermophilus,NC_0029,1,OUTER_HOLDOUT_UNTOUCHED
1,STRAIN_000396,Lactiplantibacillus plantarum,NC_0017,1,OUTER_HOLDOUT_UNTOUCHED
1,STRAIN_000397,Lactiplantibacillus plantarum,NC_0001,1,OUTER_HOLDOUT_UNTOUCHED
1,STRAIN_000398,Limosilactobacillus reuteri,NC_0284,1,OUTER_HOLDOUT_UNTOUCHED
1,STRAIN_000399,Lactiplantibacillus plantarum,NC_0001,1,OUTER_HOLDOUT_UNTOUCHED
1,STRAIN_000400,Lactiplantibacillus plantarum,NC_0017,1,OUTER_HOLDOUT_UNTOUCHED
1,STRAIN_000410,Levilactobacillus brevis,NC_0288,1,OUTER_HOLDOUT_UNTOUCHED
1,STRAIN_000411,Streptococcus thermophilus,NC_0029,1,OUTER_HOLDOUT_UNTOUCHED
1,STRAIN_000418,Lactiplantibacillus plantarum,NC_0001,1,OUTER_HOLDOUT_UNTOUCHED
1,STRAIN_000422,Bifidobacterium longum subsp. longum,NC_0292,1,OUTER_HOLDOUT_UNTOUCHED
1,STRAIN_000429,Limosilactobacillus fermentum,NC_0294,1,OUTER_HOLDOUT_UNTOUCHED
1,STRAIN_000432,Lactiplantibacillus plantarum,NC_0001,1,OUTER_HOLDOUT_UNTOUCHED
1,STRAIN_000438,Lactiplantibacillus plantarum,NC_0001,1,OUTER_HOLDOUT_UNTOUCHED
1,STRAIN_000445,Lactobacillus delbrueckii subsp. bulgaricus,NC_0086,1,OUTER_HOLDOUT_UNTOUCHED
1,STRAIN_000471,Lacticaseibacillus casei,NC_0013,1,OUTER_HOLDOUT_UNTOUCHED
1,STRAIN_000476,Limosilactobacillus fermentum,NC_0036,1,OUTER_HOLDOUT_UNTOUCHED
1,STRAIN_000480,Lactiplantibacillus plantarum,NC_0021,1,OUTER_HOLDOUT_UNTOUCHED
1,STRAIN_000490,Lactiplantibacillus plantarum,NC_0021,1,OUTER_HOLDOUT_UNTOUCHED
1,STRAIN_000495,Limosilactobacillus fermentum,NC_0320,1,OUTER_HOLDOUT_UNTOUCHED
1,STRAIN_000497,Lacticaseibacillus paracasei,NC_0322,1,OUTER_HOLDOUT_UNTOUCHED
1,STRAIN_000505,Limosilactobacillus fermentum,NC_0327,1,OUTER_HOLDOUT_UNTOUCHED
1,STRAIN_000508,Lactiplantibacillus plantarum,NC_0021,1,OUTER_HOLDOUT_UNTOUCHED
1,STRAIN_000516,Heyndrickxia coagulans,NC_0040,1,OUTER_HOLDOUT_UNTOUCHED
1,STRAIN_000519,Limosilactobacillus fermentum,NC_0333,1,OUTER_HOLDOUT_UNTOUCHED
1,STRAIN_000528,Streptococcus thermophilus,NC_0029,1,OUTER_HOLDOUT_UNTOUCHED
1,STRAIN_000530,Lacticaseibacillus paracasei,NC_0013,1,OUTER_HOLDOUT_UNTOUCHED
1,STRAIN_000531,Lactobacillus helveticus,NC_0337,1,OUTER_HOLDOUT_UNTOUCHED
1,STRAIN_000532,Lactobacillus helveticus,NC_0338,1,OUTER_HOLDOUT_UNTOUCHED
1,STRAIN_000536,Lactococcus lactis subsp. lactis,NC_0340,1,OUTER_HOLDOUT_UNTOUCHED
1,STRAIN_000537,Lactiplantibacillus plantarum,NC_0001,1,OUTER_HOLDOUT_UNTOUCHED
1,STRAIN_000555,Levilactobacillus brevis,NC_0343,1,OUTER_HOLDOUT_UNTOUCHED
1,STRAIN_000563,Limosilactobacillus reuteri,NC_0061,1,OUTER_HOLDOUT_UNTOUCHED
1,STRAIN_000564,Limosilactobacillus reuteri,NC_0061,1,OUTER_HOLDOUT_UNTOUCHED
1,STRAIN_000566,Limosilactobacillus reuteri,NC_0061,1,OUTER_HOLDOUT_UNTOUCHED
1,STRAIN_000568,Lactiplantibacillus plantarum,NC_0001,1,OUTER_HOLDOUT_UNTOUCHED
1,STRAIN_000571,Lactiplantibacillus plantarum,NC_0054,1,OUTER_HOLDOUT_UNTOUCHED
1,STRAIN_000573,Lactiplantibacillus plantarum,NC_0001,1,OUTER_HOLDOUT_UNTOUCHED
1,STRAIN_000574,Lactiplantibacillus plantarum,NC_0001,1,OUTER_HOLDOUT_UNTOUCHED
1,STRAIN_000576,Limosilactobacillus fermentum,NC_0062,1,OUTER_HOLDOUT_UNTOUCHED
1,STRAIN_000579,Lactiplantibacillus plantarum,NC_0021,1,OUTER_HOLDOUT_UNTOUCHED
1,STRAIN_000590,Levilactobacillus brevis,NC_0353,1,OUTER_HOLDOUT_UNTOUCHED
1,STRAIN_000606,Lactiplantibacillus plantarum,NC_0017,1,OUTER_HOLDOUT_UNTOUCHED
1,STRAIN_000608,Lactiplantibacillus plantarum,NC_0359,1,OUTER_HOLDOUT_UNTOUCHED
1,STRAIN_000609,Lactiplantibacillus plantarum,NC_0021,1,OUTER_HOLDOUT_UNTOUCHED
1,STRAIN_000610,Heyndrickxia coagulans,NC_0040,1,OUTER_HOLDOUT_UNTOUCHED
1,STRAIN_000611,Lactiplantibacillus plantarum,NC_0001,1,OUTER_HOLDOUT_UNTOUCHED
1,STRAIN_000612,Lactiplantibacillus plantarum,NC_0021,1,OUTER_HOLDOUT_UNTOUCHED
1,STRAIN_000616,Limosilactobacillus fermentum,NC_0360,1,OUTER_HOLDOUT_UNTOUCHED
1,STRAIN_000631,Limosilactobacillus fermentum,NC_0364,1,OUTER_HOLDOUT_UNTOUCHED
1,STRAIN_000644,Lactiplantibacillus plantarum,NC_0001,1,OUTER_HOLDOUT_UNTOUCHED
1,STRAIN_000646,Lactiplantibacillus plantarum,NC_0001,1,OUTER_HOLDOUT_UNTOUCHED
1,STRAIN_000656,Lactiplantibacillus plantarum,NC_0375,1,OUTER_HOLDOUT_UNTOUCHED
1,STRAIN_000660,Limosilactobacillus fermentum,NC_0036,1,OUTER_HOLDOUT_UNTOUCHED
1,STRAIN_000662,Bifidobacterium longum,NC_0378,1,OUTER_HOLDOUT_UNTOUCHED
1,STRAIN_000673,Bifidobacterium pseudocatenulatum,NC_0384,1,OUTER_HOLDOUT_UNTOUCHED
1,STRAIN_000676,Bifidobacterium bifidum,NC_0385,1,OUTER_HOLDOUT_UNTOUCHED
1,STRAIN_000679,Limosilactobacillus reuteri,NC_0388,1,OUTER_HOLDOUT_UNTOUCHED
1,STRAIN_000682,Lactiplantibacillus plantarum,NC_0001,1,OUTER_HOLDOUT_UNTOUCHED
1,STRAIN_000684,Lacticaseibacillus paracasei,NC_0013,1,OUTER_HOLDOUT_UNTOUCHED
1,STRAIN_000686,Limosilactobacillus fermentum,NC_0062,1,OUTER_HOLDOUT_UNTOUCHED
1,STRAIN_000691,Lactiplantibacillus plantarum,NC_0001,1,OUTER_HOLDOUT_UNTOUCHED
1,STRAIN_000694,Lactiplantibacillus plantarum,NC_0001,1,OUTER_HOLDOUT_UNTOUCHED
1,STRAIN_000701,Lactiplantibacillus plantarum,NC_0001,1,OUTER_HOLDOUT_UNTOUCHED
1,STRAIN_000712,Lactiplantibacillus plantarum,NC_0001,1,OUTER_HOLDOUT_UNTOUCHED
1,STRAIN_000714,Lactococcus lactis subsp. lactis,NC_0395,1,OUTER_HOLDOUT_UNTOUCHED
1,STRAIN_000716,Lactiplantibacillus plantarum,NC_0001,1,OUTER_HOLDOUT_UNTOUCHED
1,STRAIN_000722,Lactiplantibacillus plantarum,NC_0021,1,OUTER_HOLDOUT_UNTOUCHED
1,STRAIN_000724,Limosilactobacillus fermentum,NC_0400,1,OUTER_HOLDOUT_UNTOUCHED
1,STRAIN_000727,Lactiplantibacillus plantarum,NC_0001,1,OUTER_HOLDOUT_UNTOUCHED
1,STRAIN_000731,Bifidobacterium longum,NC_0401,1,OUTER_HOLDOUT_UNTOUCHED
1,STRAIN_000734,Lactiplantibacillus plantarum,NC_0001,1,OUTER_HOLDOUT_UNTOUCHED
1,STRAIN_000739,Lacticaseibacillus rhamnosus,NC_0405,1,OUTER_HOLDOUT_UNTOUCHED
1,STRAIN_000742,Bifidobacterium longum subsp. longum,NC_0103,1,OUTER_HOLDOUT_UNTOUCHED
1,STRAIN_000746,Bifidobacterium longum subsp. longum,NC_0103,1,OUTER_HOLDOUT_UNTOUCHED
1,STRAIN_000753,Lactiplantibacillus plantarum,NC_0021,1,OUTER_HOLDOUT_UNTOUCHED
1,STRAIN_000759,Bifidobacterium longum subsp. longum,NC_0413,1,OUTER_HOLDOUT_UNTOUCHED
1,STRAIN_000760,Lactiplantibacillus plantarum,NC_0001,1,OUTER_HOLDOUT_UNTOUCHED
1,STRAIN_000763,Limosilactobacillus reuteri,NC_0031,1,OUTER_HOLDOUT_UNTOUCHED
1,STRAIN_000765,Limosilactobacillus reuteri,NC_0065,1,OUTER_HOLDOUT_UNTOUCHED
1,STRAIN_000781,Escherichia coli,NC_0419,1,OUTER_HOLDOUT_UNTOUCHED
1,STRAIN_000786,Bifidobacterium longum subsp. longum,NC_0421,1,OUTER_HOLDOUT_UNTOUCHED
1,STRAIN_000788,Bifidobacterium pseudolongum subsp. pseudolongum,NC_0422,1,OUTER_HOLDOUT_UNTOUCHED
1,STRAIN_000789,Lactiplantibacillus plantarum subsp. plantarum,NC_0001,1,OUTER_HOLDOUT_UNTOUCHED
1,STRAIN_000790,Lactiplantibacillus plantarum,NC_0001,1,OUTER_HOLDOUT_UNTOUCHED
1,STRAIN_000798,Limosilactobacillus fermentum,NC_0425,1,OUTER_HOLDOUT_UNTOUCHED
1,STRAIN_000799,Lacticaseibacillus paracasei,NC_0013,1,OUTER_HOLDOUT_UNTOUCHED
1,STRAIN_000804,Lacticaseibacillus paracasei,NC_0428,1,OUTER_HOLDOUT_UNTOUCHED
1,STRAIN_000805,Streptococcus thermophilus,NC_0429,1,OUTER_HOLDOUT_UNTOUCHED
1,STRAIN_000810,Limosilactobacillus fermentum,NC_0036,1,OUTER_HOLDOUT_UNTOUCHED
1,STRAIN_000816,Lacticaseibacillus paracasei subsp. paracasei,NC_0013,1,OUTER_HOLDOUT_UNTOUCHED
1,STRAIN_000817,Lactiplantibacillus plantarum,NC_0001,1,OUTER_HOLDOUT_UNTOUCHED
1,STRAIN_000822,Limosilactobacillus fermentum,NC_0434,1,OUTER_HOLDOUT_UNTOUCHED
1,STRAIN_000829,Lactiplantibacillus plantarum,NC_0017,1,OUTER_HOLDOUT_UNTOUCHED
1,STRAIN_000838,Lactiplantibacillus plantarum,NC_0017,1,OUTER_HOLDOUT_UNTOUCHED
1,STRAIN_000845,Bifidobacterium bifidum,NC_0440,1,OUTER_HOLDOUT_UNTOUCHED
1,STRAIN_000846,Lactiplantibacillus plantarum,NC_0001,1,OUTER_HOLDOUT_UNTOUCHED
1,STRAIN_000849,Lactiplantibacillus plantarum,NC_0001,1,OUTER_HOLDOUT_UNTOUCHED
1,STRAIN_000851,Bifidobacterium adolescentis,NC_0441,1,OUTER_HOLDOUT_UNTOUCHED
1,STRAIN_000854,Lactiplantibacillus plantarum,NC_0001,1,OUTER_HOLDOUT_UNTOUCHED
1,STRAIN_000862,Lactiplantibacillus plantarum,NC_0001,1,OUTER_HOLDOUT_UNTOUCHED
1,STRAIN_000864,Lactiplantibacillus plantarum,NC_0001,1,OUTER_HOLDOUT_UNTOUCHED
1,STRAIN_000865,Lactiplantibacillus plantarum,NC_0001,1,OUTER_HOLDOUT_UNTOUCHED
1,STRAIN_000867,Lacticaseibacillus paracasei,NC_0013,1,OUTER_HOLDOUT_UNTOUCHED
1,STRAIN_000876,Bifidobacterium breve,NC_0451,1,OUTER_HOLDOUT_UNTOUCHED
1,STRAIN_000877,Lactiplantibacillus plantarum,NC_0001,1,OUTER_HOLDOUT_UNTOUCHED
1,STRAIN_000888,Lactiplantibacillus plantarum,NC_0001,1,OUTER_HOLDOUT_UNTOUCHED
1,STRAIN_000899,Lactiplantibacillus plantarum,NC_0001,1,OUTER_HOLDOUT_UNTOUCHED
1,STRAIN_000913,Lactiplantibacillus plantarum,NC_0001,1,OUTER_HOLDOUT_UNTOUCHED
1,STRAIN_000917,Lacticaseibacillus paracasei,NC_0013,1,OUTER_HOLDOUT_UNTOUCHED
1,STRAIN_000920,Lactiplantibacillus plantarum,NC_0001,1,OUTER_HOLDOUT_UNTOUCHED
1,STRAIN_000924,Lactiplantibacillus plantarum,NC_0017,1,OUTER_HOLDOUT_UNTOUCHED
1,STRAIN_000936,Limosilactobacillus reuteri subsp. kinnaridis,NC_0031,1,OUTER_HOLDOUT_UNTOUCHED
1,STRAIN_000937,Limosilactobacillus reuteri subsp. kinnaridis,NC_0031,1,OUTER_HOLDOUT_UNTOUCHED
1,STRAIN_000949,Lactiplantibacillus plantarum,NC_0017,1,OUTER_HOLDOUT_UNTOUCHED
1,STRAIN_000955,Lactobacillus delbrueckii subsp. lactis,NC_0476,1,OUTER_HOLDOUT_UNTOUCHED
1,STRAIN_000967,Limosilactobacillus fermentum,NC_0062,1,OUTER_HOLDOUT_UNTOUCHED
1,STRAIN_000970,Lactiplantibacillus plantarum,NC_0001,1,OUTER_HOLDOUT_UNTOUCHED
1,STRAIN_000975,Lactobacillus helveticus,NC_0478,1,OUTER_HOLDOUT_UNTOUCHED
1,STRAIN_000991,Limosilactobacillus reuteri,NC_0031,1,OUTER_HOLDOUT_UNTOUCHED
1,STRAIN_000993,Bifidobacterium longum,NC_0084,1,OUTER_HOLDOUT_UNTOUCHED
1,STRAIN_000994,Lactiplantibacillus plantarum,NC_0001,1,OUTER_HOLDOUT_UNTOUCHED
1,STRAIN_001006,Lactiplantibacillus plantarum,NC_0107,1,OUTER_HOLDOUT_UNTOUCHED
1,STRAIN_001007,Lactiplantibacillus plantarum,NC_0107,1,OUTER_HOLDOUT_UNTOUCHED
1,STRAIN_001009,Streptococcus thermophilus,NC_0482,1,OUTER_HOLDOUT_UNTOUCHED
1,STRAIN_001013,Lactobacillus acidophilus,NC_0485,1,OUTER_HOLDOUT_UNTOUCHED
1,STRAIN_001019,Levilactobacillus brevis,NC_0053,1,OUTER_HOLDOUT_UNTOUCHED
1,STRAIN_001021,Lactiplantibacillus plantarum,NC_0001,1,OUTER_HOLDOUT_UNTOUCHED
2,STRAIN_000001,Bifidobacterium longum subsp. longum,NC_0022,3,INNER_TRAIN
2,STRAIN_000002,Lactiplantibacillus plantarum,NC_0017,1,INNER_TRAIN
2,STRAIN_000004,Lacticaseibacillus casei,NC_0064,4,INNER_TRAIN
2,STRAIN_000005,Lacticaseibacillus casei,NC_0064,4,INNER_TRAIN
2,STRAIN_000006,Lacticaseibacillus casei,NC_0108,5,INNER_TRAIN
2,STRAIN_000007,Bifidobacterium longum subsp. infantis,NC_0018,5,INNER_TRAIN
2,STRAIN_000008,Bifidobacterium longum subsp. infantis,NC_0018,5,INNER_TRAIN
2,STRAIN_000009,Bifidobacterium longum subsp. infantis,NC_0018,5,INNER_TRAIN
2,STRAIN_000010,Bifidobacterium longum subsp. infantis,NC_0018,5,INNER_TRAIN
2,STRAIN_000011,Bifidobacterium longum subsp. infantis,NC_0018,5,INNER_TRAIN
2,STRAIN_000013,Bifidobacterium longum subsp. longum,NC_0035,4,INNER_TRAIN
2,STRAIN_000014,Bifidobacterium longum subsp. longum,NC_0035,4,INNER_TRAIN
2,STRAIN_000015,Limosilactobacillus fermentum,NC_0036,1,INNER_TRAIN
2,STRAIN_000016,Lacticaseibacillus rhamnosus,NC_0023,4,INNER_TRAIN
2,STRAIN_000017,Lactobacillus acidophilus,NC_0002,4,INNER_TRAIN
2,STRAIN_000018,Bifidobacterium longum subsp. longum,NC_0027,5,INNER_TRAIN
2,STRAIN_000019,Bifidobacterium longum subsp. longum,NC_0027,5,INNER_TRAIN
2,STRAIN_000020,Bifidobacterium longum subsp. longum,NC_0027,5,INNER_TRAIN
2,STRAIN_000021,Bifidobacterium longum subsp. longum,NC_0027,5,INNER_TRAIN
2,STRAIN_000022,Bifidobacterium longum subsp. longum,NC_0035,4,INNER_TRAIN
2,STRAIN_000023,Bifidobacterium longum subsp. longum,NC_0109,5,INNER_TRAIN
2,STRAIN_000024,Bifidobacterium bifidum LMG 13195,NC_0110,5,INNER_TRAIN
2,STRAIN_000028,Lactiplantibacillus plantarum,NC_0111,4,INNER_TRAIN
2,STRAIN_000029,Lactobacillus acidophilus,NC_0002,4,INNER_TRAIN
2,STRAIN_000030,Bifidobacterium longum subsp. infantis,NC_0045,4,INNER_TRAIN
2,STRAIN_000031,Levilactobacillus brevis,NC_0112,3,INNER_TRAIN
2,STRAIN_000032,Bifidobacterium animalis,NC_0113,5,INNER_TRAIN
2,STRAIN_000033,Limosilactobacillus reuteri,NC_0065,1,INNER_TRAIN
2,STRAIN_000034,Bifidobacterium longum subsp. longum,NC_0114,4,INNER_TRAIN
2,STRAIN_000035,Lactiplantibacillus plantarum,NC_0066,4,INNER_TRAIN
2,STRAIN_000036,Lactiplantibacillus plantarum,NC_0067,5,INNER_TRAIN
2,STRAIN_000038,Lactiplantibacillus plantarum,NC_0006,5,INNER_TRAIN
2,STRAIN_000039,Lactiplantibacillus plantarum,NC_0009,5,INNER_TRAIN
2,STRAIN_000040,Lactiplantibacillus plantarum,NC_0115,3,INNER_TRAIN
2,STRAIN_000041,Lactiplantibacillus plantarum,NC_0009,5,INNER_TRAIN
2,STRAIN_000042,Lactiplantibacillus plantarum,NC_0009,5,INNER_TRAIN
2,STRAIN_000044,Lactobacillus gasseri,NC_0117,3,INNER_TRAIN
2,STRAIN_000048,Bifidobacterium longum subsp. infantis,NC_0045,4,INNER_TRAIN
2,STRAIN_000056,Lacticaseibacillus rhamnosus,NC_0005,5,INNER_TRAIN
2,STRAIN_000057,Lactococcus lactis subsp. lactis,NC_0118,5,INNER_TRAIN
2,STRAIN_000062,Bifidobacterium breve,NC_0037,5,INNER_TRAIN
2,STRAIN_000063,Lactobacillus acidophilus,NC_0002,4,INNER_TRAIN
2,STRAIN_000064,Lactococcus lactis,NC_0122,5,INNER_TRAIN
2,STRAIN_000069,Lactobacillus acidophilus,NC_0002,4,INNER_TRAIN
2,STRAIN_000070,Lacticaseibacillus rhamnosus,NC_0068,1,INNER_TRAIN
2,STRAIN_000071,Lactobacillus acidophilus,NC_0124,4,INNER_TRAIN
2,STRAIN_000072,Lactobacillus acidophilus,NC_0125,5,INNER_TRAIN
2,STRAIN_000074,Streptococcus thermophilus,NC_0127,1,INNER_TRAIN
2,STRAIN_000075,Limosilactobacillus fermentum,NC_0128,1,INNER_TRAIN
2,STRAIN_000077,Bifidobacterium longum,NC_0070,4,INNER_TRAIN
2,STRAIN_000079,Bifidobacterium longum subsp. infantis,NC_0129,5,INNER_TRAIN
2,STRAIN_000080,Lactococcus lactis,NC_0130,4,INNER_TRAIN
2,STRAIN_000081,Lactococcus lactis,NC_0048,5,INNER_TRAIN
2,STRAIN_000082,Limosilactobacillus reuteri,NC_0131,4,INNER_TRAIN
2,STRAIN_000083,Limosilactobacillus reuteri,NC_0132,3,INNER_TRAIN
2,STRAIN_000085,Limosilactobacillus reuteri,NC_0134,5,INNER_TRAIN
2,STRAIN_000086,Limosilactobacillus reuteri,NC_0135,5,INNER_TRAIN
2,STRAIN_000090,Lacticaseibacillus rhamnosus DSM 20021 = JCM 1136 = NBRC 3425,NC_0015,3,INNER_TRAIN
2,STRAIN_000091,Lacticaseibacillus rhamnosus,NC_0005,5,INNER_TRAIN
2,STRAIN_000092,Lactiplantibacillus plantarum,NC_0006,5,INNER_TRAIN
2,STRAIN_000095,Bifidobacterium longum subsp. longum,NC_0141,3,INNER_TRAIN
2,STRAIN_000096,Escherichia coli str.,NC_0142,5,INNER_TRAIN
2,STRAIN_000097,Pseudomonas aeruginosa,NC_0143,4,INNER_TRAIN
2,STRAIN_000098,Lactococcus lactis subsp. lactis,NC_0016,4,INNER_TRAIN
2,STRAIN_000099,Sinorhizobium meliloti,NC_0144,3,INNER_TRAIN
2,STRAIN_000102,Ligilactobacillus salivarius,NC_0147,5,INNER_TRAIN
2,STRAIN_000103,Bifidobacterium longum,NC_0148,4,INNER_TRAIN
2,STRAIN_000104,Bacillus subtilis subsp. subtilis str.,NC_0012,4,INNER_TRAIN
2,STRAIN_000105,Lactococcus cremoris subsp. cremoris,NC_0048,5,INNER_TRAIN
2,STRAIN_000106,Shouchella clausii,NC_0149,3,INNER_TRAIN
2,STRAIN_000108,Limosilactobacillus fermentum,NC_0028,3,INNER_TRAIN
2,STRAIN_000110,Azorhizobium caulinodans,NC_0151,3,INNER_TRAIN
2,STRAIN_000111,Azospirillum sp.,NC_0152,5,INNER_TRAIN
2,STRAIN_000112,Lacticaseibacillus rhamnosus GG,NC_0015,3,INNER_TRAIN
2,STRAIN_000113,Bradyrhizobium diazoefficiens USDA 110,NC_0153,1,INNER_TRAIN
2,STRAIN_000114,Streptococcus thermophilus,NC_0029,1,INNER_TRAIN
2,STRAIN_000115,Streptococcus thermophilus,NC_0029,1,INNER_TRAIN
2,STRAIN_000116,Cereibacter sphaeroides,NC_0154,5,INNER_TRAIN
2,STRAIN_000117,Frankia casuarinae,NC_0155,5,INNER_TRAIN
2,STRAIN_000119,Lactobacillus delbrueckii subsp. bulgaricus,NC_0157,1,INNER_TRAIN
2,STRAIN_000120,Lactobacillus gasseri ATCC 33323 = JCM 1131,NC_0158,4,INNER_TRAIN
2,STRAIN_000122,Levilactobacillus brevis,NC_0030,4,INNER_TRAIN
2,STRAIN_000123,Streptococcus thermophilus,NC_0007,4,INNER_TRAIN
2,STRAIN_000124,Pediococcus pentosaceus,NC_0160,3,INNER_TRAIN
2,STRAIN_000127,Lactobacillus helveticus,NC_0161,3,INNER_TRAIN
2,STRAIN_000130,Lysinibacillus sphaericus,NC_0163,1,INNER_TRAIN
2,STRAIN_000131,Anoxybacillus flavithermus,NC_0164,3,INNER_TRAIN
2,STRAIN_000132,Lacticaseibacillus paracasei,NC_0049,4,INNER_TRAIN
2,STRAIN_000133,Opitutus terrae,NC_0165,3,INNER_TRAIN
2,STRAIN_000134,Akkermansia muciniphila,NC_0166,1,INNER_TRAIN
2,STRAIN_000135,Bifidobacterium longum subsp. infantis ATCC 15697 = JCM 1222 = DSM 20088,NC_0018,5,INNER_TRAIN
2,STRAIN_000142,Paenibacillus sp.,NC_0169,1,INNER_TRAIN
2,STRAIN_000143,Bifidobacterium dentium,NC_0073,1,INNER_TRAIN
2,STRAIN_000146,Aromatoleum aromaticum,NC_0170,5,INNER_TRAIN
2,STRAIN_000147,Bacteroides fragilis,NC_0171,5,INNER_TRAIN
2,STRAIN_000148,Erwinia tasmaniensis,NC_0172,5,INNER_TRAIN
2,STRAIN_000149,Lacticaseibacillus paracasei,NC_0013,1,INNER_TRAIN
2,STRAIN_000150,Lacticaseibacillus rhamnosus GG,NC_0015,3,INNER_TRAIN
2,STRAIN_000151,Lacticaseibacillus rhamnosus,NC_0005,5,INNER_TRAIN
2,STRAIN_000152,Acinetobacter baylyi,NC_0173,1,INNER_TRAIN
2,STRAIN_000153,Lactobacillus delbrueckii subsp. bulgaricus ATCC 11842 = JCM 1002,NC_0174,1,INNER_TRAIN
2,STRAIN_000154,Propionibacterium freudenreichii subsp. shermanii CIRM-BIA1,NC_0175,4,INNER_TRAIN
2,STRAIN_000155,Bifidobacterium longum subsp. longum,NC_0176,3,INNER_TRAIN
2,STRAIN_000157,Lactococcus cremoris subsp. cremoris,NC_0048,5,INNER_TRAIN
2,STRAIN_000158,Ligilactobacillus salivarius,NC_0177,1,INNER_TRAIN
2,STRAIN_000161,Bifidobacterium dentium,NC_0179,1,INNER_TRAIN
2,STRAIN_000162,Lactiplantibacillus plantarum,NC_0001,1,INNER_TRAIN
2,STRAIN_000163,Bifidobacterium adolescentis,NC_0180,3,INNER_TRAIN
2,STRAIN_000164,Phaeobacter inhibens,NC_0181,1,INNER_TRAIN
2,STRAIN_000165,Bacillus subtilis subsp. subtilis str.,NC_0012,4,INNER_TRAIN
2,STRAIN_000166,Bacillus subtilis subsp. subtilis str.,NC_0012,4,INNER_TRAIN
2,STRAIN_000167,Bifidobacterium bifidum,NC_0182,5,INNER_TRAIN
2,STRAIN_000168,Lacticaseibacillus paracasei subsp. paracasei 8700:2,NC_0075,4,INNER_TRAIN
2,STRAIN_000169,Bifidobacterium breve DSM 20213 = JCM 1192,NC_0037,5,INNER_TRAIN
2,STRAIN_000170,Limosilactobacillus fermentum,NC_0028,3,INNER_TRAIN
2,STRAIN_000172,Limosilactobacillus reuteri,NC_0031,1,INNER_TRAIN
2,STRAIN_000173,Lactobacillus acidophilus,NC_0002,4,INNER_TRAIN
2,STRAIN_000175,Bifidobacterium bifidum,NC_0184,3,INNER_TRAIN
2,STRAIN_000177,Lactobacillus crispatus,NC_0186,3,INNER_TRAIN
2,STRAIN_000178,Bifidobacterium bifidum,NC_0187,5,INNER_TRAIN
2,STRAIN_000180,Limosilactobacillus reuteri subsp. rodentium,NC_0189,5,INNER_TRAIN
2,STRAIN_000181,Lacticaseibacillus rhamnosus,NC_0023,4,INNER_TRAIN
2,STRAIN_000182,Pantoea sp.,NC_0190,1,INNER_TRAIN
2,STRAIN_000183,Lactobacillus delbrueckii subsp. bulgaricus,NC_0191,5,INNER_TRAIN
2,STRAIN_000184,Streptococcus thermophilus,NC_0007,4,INNER_TRAIN
2,STRAIN_000185,Bacillus subtilis subsp. subtilis NCIB 3610 = ATCC 6051 = DSM 10,NC_0012,4,INNER_TRAIN
2,STRAIN_000186,Rahnella aceris,NC_0192,1,INNER_TRAIN
2,STRAIN_000187,Lactobacillus helveticus,NC_0193,4,INNER_TRAIN
2,STRAIN_000188,Lactobacillus delbrueckii subsp. bulgaricus,NC_0194,1,INNER_TRAIN
2,STRAIN_000189,Lactococcus lactis subsp. lactis,NC_0016,4,INNER_TRAIN
2,STRAIN_000190,Lacticaseibacillus paracasei,NC_0013,1,INNER_TRAIN
2,STRAIN_000191,Lacticaseibacillus paracasei,NC_0013,1,INNER_TRAIN
2,STRAIN_000193,Carnobacterium sp.,NC_0196,5,INNER_TRAIN
2,STRAIN_000194,Rhodopseudomonas palustris,NC_0197,1,INNER_TRAIN
2,STRAIN_000196,Bifidobacterium longum subsp. longum,NC_0022,3,INNER_TRAIN
2,STRAIN_000197,Bifidobacterium longum subsp. infantis,NC_0199,3,INNER_TRAIN
2,STRAIN_000198,Bacillus amyloliquefaciens DSM 7 = ATCC 23350,NC_0200,3,INNER_TRAIN
2,STRAIN_000199,Lactiplantibacillus plantarum,NC_0001,1,INNER_TRAIN
2,STRAIN_000202,Bifidobacterium longum subsp. longum,NC_0203,1,INNER_TRAIN
2,STRAIN_000203,Weissella koreensis,NC_0204,4,INNER_TRAIN
2,STRAIN_000207,Streptococcus salivarius,NC_0205,3,INNER_TRAIN
2,STRAIN_000208,Bifidobacterium breve,NC_0206,5,INNER_TRAIN
2,STRAIN_000209,Lacticaseibacillus rhamnosus,NC_0005,5,INNER_TRAIN
2,STRAIN_000211,Lacticaseibacillus rhamnosus,NC_0014,3,INNER_TRAIN
2,STRAIN_000215,Limosilactobacillus mucosae,NC_0209,5,INNER_TRAIN
2,STRAIN_000216,Streptococcus thermophilus,NC_0050,3,INNER_TRAIN
2,STRAIN_000217,Bifidobacterium animalis subsp. animalis,NC_0210,5,INNER_TRAIN
2,STRAIN_000219,Streptococcus thermophilus,NC_0007,4,INNER_TRAIN
2,STRAIN_000221,Bifidobacterium longum subsp. infantis ATCC 15697 = JCM 1222 = DSM 20088,NC_0018,5,INNER_TRAIN
2,STRAIN_000224,Megasphaera elsdenii,NC_0213,4,INNER_TRAIN
2,STRAIN_000228,Lacticaseibacillus casei,NC_0075,4,INNER_TRAIN
2,STRAIN_000229,Lactococcus cremoris subsp. cremoris,NC_0051,3,INNER_TRAIN
2,STRAIN_000230,Lacticaseibacillus paracasei,NC_0013,1,INNER_TRAIN
2,STRAIN_000231,Bacillus subtilis subsp. subtilis str.,NC_0217,1,INNER_TRAIN
2,STRAIN_000233,Lactiplantibacillus plantarum,NC_0006,5,INNER_TRAIN
2,STRAIN_000234,Lactococcus lactis subsp. lactis,NC_0052,3,INNER_TRAIN
2,STRAIN_000235,Bacillus subtilis subsp. subtilis,NC_0012,4,INNER_TRAIN
2,STRAIN_000236,Bifidobacterium thermophilum,NC_0219,4,INNER_TRAIN
2,STRAIN_000237,Bacillus subtilis subsp. subtilis str.,NC_0078,3,INNER_TRAIN
2,STRAIN_000238,Levilactobacillus brevis,NC_0220,4,INNER_TRAIN
2,STRAIN_000239,Lacticaseibacillus paracasei,NC_0013,1,INNER_TRAIN
2,STRAIN_000240,Lactobacillus acidophilus,NC_0002,4,INNER_TRAIN
2,STRAIN_000241,Lactiplantibacillus plantarum subsp. plantarum P-8,NC_0009,5,INNER_TRAIN
2,STRAIN_000243,Lacticaseibacillus paracasei,NC_0013,1,INNER_TRAIN
2,STRAIN_000244,Limosilactobacillus reuteri,NC_0222,3,INNER_TRAIN
2,STRAIN_000245,Lactiplantibacillus plantarum 16,NC_0009,5,INNER_TRAIN
2,STRAIN_000248,Lacticaseibacillus rhamnosus,NC_0014,3,INNER_TRAIN
2,STRAIN_000249,Lacticaseibacillus paracasei,NC_0049,4,INNER_TRAIN
2,STRAIN_000250,Lactobacillus helveticus,NC_0224,4,INNER_TRAIN
2,STRAIN_000252,Bifidobacterium bifidum ATCC 29521 = JCM 1255 = DSM 20456,NC_0032,5,INNER_TRAIN
2,STRAIN_000254,Lactiplantibacillus plantarum,NC_0006,5,INNER_TRAIN
2,STRAIN_000255,Lactococcus cremoris subsp. cremoris,NC_0227,5,INNER_TRAIN
2,STRAIN_000256,Levilactobacillus brevis ATCC 14869 = DSM 20054,NC_0053,1,INNER_TRAIN
2,STRAIN_000257,Lactobacillus acidophilus,NC_0002,4,INNER_TRAIN
2,STRAIN_000259,Limosilactobacillus fermentum,NC_0028,3,INNER_TRAIN
2,STRAIN_000260,Lactiplantibacillus plantarum,NC_0001,1,INNER_TRAIN
2,STRAIN_000261,Limosilactobacillus fermentum,NC_0228,5,INNER_TRAIN
2,STRAIN_000263,Lactococcus lactis subsp. lactis,NC_0229,1,INNER_TRAIN
2,STRAIN_000265,Bifidobacterium longum,NC_0231,4,INNER_TRAIN
2,STRAIN_000266,Lactobacillus acidophilus,NC_0002,4,INNER_TRAIN
2,STRAIN_000267,Lacticaseibacillus rhamnosus,NC_0068,1,INNER_TRAIN
2,STRAIN_000268,Lacticaseibacillus casei,NC_0232,4,INNER_TRAIN
2,STRAIN_000269,Streptococcus thermophilus,NC_0233,4,INNER_TRAIN
2,STRAIN_000270,Streptococcus thermophilus,NC_0234,4,INNER_TRAIN
2,STRAIN_000271,Streptococcus thermophilus,NC_0235,1,INNER_TRAIN
2,STRAIN_000273,Bifidobacterium breve,NC_0237,3,INNER_TRAIN
2,STRAIN_000274,Bifidobacterium breve,NC_0079,5,INNER_TRAIN
2,STRAIN_000276,Streptococcus thermophilus,NC_0238,1,INNER_TRAIN
2,STRAIN_000278,Lacticaseibacillus paracasei,NC_0081,3,INNER_TRAIN
2,STRAIN_000281,Lacticaseibacillus rhamnosus DSM 20021 = JCM 1136 = NBRC 3425,NC_0005,5,INNER_TRAIN
2,STRAIN_000283,Streptococcus thermophilus,NC_0007,4,INNER_TRAIN
2,STRAIN_000284,Bacillus subtilis subsp. subtilis str.,NC_0012,4,INNER_TRAIN
2,STRAIN_000285,Bacillus subtilis subsp. subtilis str.,NC_0012,4,INNER_TRAIN
2,STRAIN_000286,Bifidobacterium adolescentis,NC_0240,4,INNER_TRAIN
2,STRAIN_000287,Bacillus subtilis subsp. subtilis str. OH 131.1,NC_0241,1,INNER_TRAIN
2,STRAIN_000289,Lacticaseibacillus rhamnosus,NC_0023,4,INNER_TRAIN
2,STRAIN_000290,Limosilactobacillus reuteri,NC_0243,3,INNER_TRAIN
2,STRAIN_000293,Lacticaseibacillus paracasei,NC_0244,4,INNER_TRAIN
2,STRAIN_000295,Bifidobacterium bifidum,NC_0032,5,INNER_TRAIN
2,STRAIN_000296,Bifidobacterium longum subsp. longum,NC_0022,3,INNER_TRAIN
2,STRAIN_000297,Bifidobacterium adolescentis,NC_0246,5,INNER_TRAIN
2,STRAIN_000298,Bifidobacterium thermophilum,NC_0247,5,INNER_TRAIN
2,STRAIN_000299,Lacticaseibacillus rhamnosus,NC_0248,5,INNER_TRAIN
2,STRAIN_000301,Lactiplantibacillus plantarum,NC_0038,3,INNER_TRAIN
2,STRAIN_000302,Lactiplantibacillus plantarum,NC_0001,1,INNER_TRAIN
2,STRAIN_000303,Bifidobacterium pseudocatenulatum DSM 20438 = JCM 1200 = LMG 10505,NC_0082,3,INNER_TRAIN
2,STRAIN_000304,Bifidobacterium bifidum ATCC 29521 = JCM 1255 =,NC_0032,5,INNER_TRAIN
2,STRAIN_000305,Bifidobacterium longum subsp. longum,NC_0250,1,INNER_TRAIN
2,STRAIN_000308,Levilactobacillus brevis,NC_0253,1,INNER_TRAIN
2,STRAIN_000311,Azotobacter chroococcum,NC_0254,4,INNER_TRAIN
2,STRAIN_000312,Bifidobacterium adolescentis,NC_0255,3,INNER_TRAIN
2,STRAIN_000314,Bacillus subtilis subsp. subtilis,NC_0012,4,INNER_TRAIN
2,STRAIN_000317,Bifidobacterium longum,NC_0256,4,INNER_TRAIN
2,STRAIN_000321,Streptococcus thermophilus,NC_0258,1,INNER_TRAIN
2,STRAIN_000322,Streptococcus thermophilus,NC_0259,3,INNER_TRAIN
2,STRAIN_000325,Lactiplantibacillus plantarum,NC_0054,1,INNER_TRAIN
2,STRAIN_000326,Lacticaseibacillus rhamnosus,NC_0014,3,INNER_TRAIN
2,STRAIN_000327,Lactobacillus acidophilus,NC_0002,4,INNER_TRAIN
2,STRAIN_000328,Bifidobacterium pseudocatenulatum,NC_0261,5,INNER_TRAIN
2,STRAIN_000329,Lacticaseibacillus paracasei,NC_0262,4,INNER_TRAIN
2,STRAIN_000330,Lactiplantibacillus plantarum,NC_0017,1,INNER_TRAIN
2,STRAIN_000333,Limosilactobacillus fermentum,NC_0265,1,INNER_TRAIN
2,STRAIN_000334,Streptococcus thermophilus,NC_0007,4,INNER_TRAIN
2,STRAIN_000335,Lacticaseibacillus rhamnosus,NC_0266,1,INNER_TRAIN
2,STRAIN_000336,Lactiplantibacillus plantarum,NC_0009,5,INNER_TRAIN
2,STRAIN_000337,Lactiplantibacillus plantarum,NC_0054,1,INNER_TRAIN
2,STRAIN_000338,Lactobacillus helveticus,NC_0267,3,INNER_TRAIN
2,STRAIN_000339,Streptococcus thermophilus,NC_0007,4,INNER_TRAIN
2,STRAIN_000341,Limosilactobacillus fermentum,NC_0041,4,INNER_TRAIN
2,STRAIN_000342,Limosilactobacillus fermentum,NC_0268,1,INNER_TRAIN
2,STRAIN_000343,Bifidobacterium adolescentis,NC_0269,4,INNER_TRAIN
2,STRAIN_000345,Lacticaseibacillus casei,NC_0270,1,INNER_TRAIN
2,STRAIN_000346,Bifidobacterium bifidum,NC_0055,5,INNER_TRAIN
2,STRAIN_000347,Bifidobacterium bifidum,NC_0271,1,INNER_TRAIN
2,STRAIN_000348,Bifidobacterium bifidum,NC_0272,5,INNER_TRAIN
2,STRAIN_000349,Bifidobacterium bifidum ATCC 29521 = JCM 1255 = DSM 20456,NC_0032,5,INNER_TRAIN
2,STRAIN_000350,Bifidobacterium breve DSM 20213 =,NC_0037,5,INNER_TRAIN
2,STRAIN_000352,Bifidobacterium pseudocatenulatum DSM 20438 = JCM 1200 = LMG 10505,NC_0082,3,INNER_TRAIN
2,STRAIN_000354,Bifidobacterium dentium JCM 1195 = DSM 20436,NC_0073,1,INNER_TRAIN
2,STRAIN_000355,Bifidobacterium longum subsp. longum,NC_0084,1,INNER_TRAIN
2,STRAIN_000357,Lacticaseibacillus rhamnosus,NC_0005,5,INNER_TRAIN
2,STRAIN_000358,Lacticaseibacillus paracasei,NC_0275,1,INNER_TRAIN
2,STRAIN_000359,Lacticaseibacillus paracasei,NC_0025,3,INNER_TRAIN
2,STRAIN_000362,Lactiplantibacillus plantarum subsp. plantarum,NC_0010,3,INNER_TRAIN
2,STRAIN_000364,Streptococcus thermophilus,NC_0007,4,INNER_TRAIN
2,STRAIN_000367,Bifidobacterium breve,NC_0085,3,INNER_TRAIN
2,STRAIN_000368,Bifidobacterium longum,NC_0278,5,INNER_TRAIN
2,STRAIN_000369,Lactiplantibacillus plantarum,NC_0001,1,INNER_TRAIN
2,STRAIN_000370,Limosilactobacillus fermentum,NC_0041,4,INNER_TRAIN
2,STRAIN_000371,Streptococcus thermophilus,NC_0007,4,INNER_TRAIN
2,STRAIN_000372,Lactiplantibacillus plantarum,NC_0001,1,INNER_TRAIN
2,STRAIN_000373,Lactobacillus helveticus,NC_0279,1,INNER_TRAIN
2,STRAIN_000375,Lactococcus lactis subsp. lactis,NC_0052,3,INNER_TRAIN
2,STRAIN_000380,Levilactobacillus brevis ATCC 14869 =,NC_0053,1,INNER_TRAIN
2,STRAIN_000381,Lactobacillus acidophilus DSM 20079 = JCM 1132 = NBRC 13951 = CIP 76.13,NC_0002,4,INNER_TRAIN
2,STRAIN_000382,Lactobacillus crispatus DSM 20584 = JCM 1185 = ATCC 33820,NC_0281,4,INNER_TRAIN
2,STRAIN_000383,Lacticaseibacillus rhamnosus DSM 20021 = JCM 1136 = NBRC 3425,NC_0005,5,INNER_TRAIN
2,STRAIN_000385,Lactiplantibacillus plantarum,NC_0001,1,INNER_TRAIN
2,STRAIN_000387,Bifidobacterium longum subsp. longum,NC_0283,1,INNER_TRAIN
2,STRAIN_000388,Bacillus subtilis subsp. subtilis,NC_0078,3,INNER_TRAIN
2,STRAIN_000389,Lactobacillus delbrueckii subsp. bulgaricus,NC_0086,1,INNER_TRAIN
2,STRAIN_000390,Lactiplantibacillus plantarum,NC_0001,1,INNER_TRAIN
2,STRAIN_000392,Streptococcus thermophilus,NC_0029,1,INNER_TRAIN
2,STRAIN_000393,Levilactobacillus brevis,NC_0030,4,INNER_TRAIN
2,STRAIN_000394,Levilactobacillus brevis,NC_0030,4,INNER_TRAIN
2,STRAIN_000395,Bacillus subtilis subsp. subtilis,NC_0012,4,INNER_TRAIN
2,STRAIN_000396,Lactiplantibacillus plantarum,NC_0017,1,INNER_TRAIN
2,STRAIN_000397,Lactiplantibacillus plantarum,NC_0001,1,INNER_TRAIN
2,STRAIN_000398,Limosilactobacillus reuteri,NC_0284,1,INNER_TRAIN
2,STRAIN_000399,Lactiplantibacillus plantarum,NC_0001,1,INNER_TRAIN
2,STRAIN_000400,Lactiplantibacillus plantarum,NC_0017,1,INNER_TRAIN
2,STRAIN_000401,Lactococcus lactis,NC_0087,5,INNER_TRAIN
2,STRAIN_000404,Lactiplantibacillus plantarum,NC_0006,5,INNER_TRAIN
2,STRAIN_000405,Lactiplantibacillus plantarum,NC_0006,5,INNER_TRAIN
2,STRAIN_000406,Bacillus subtilis subsp. subtilis,NC_0012,4,INNER_TRAIN
2,STRAIN_000408,Streptococcus thermophilus,NC_0007,4,INNER_TRAIN
2,STRAIN_000409,Lactiplantibacillus plantarum,NC_0287,5,INNER_TRAIN
2,STRAIN_000410,Levilactobacillus brevis,NC_0288,1,INNER_TRAIN
2,STRAIN_000411,Streptococcus thermophilus,NC_0029,1,INNER_TRAIN
2,STRAIN_000412,Bacillus subtilis subsp. subtilis,NC_0012,4,INNER_TRAIN
2,STRAIN_000414,Bacillus subtilis subsp. subtilis,NC_0012,4,INNER_TRAIN
2,STRAIN_000416,Lactiplantibacillus plantarum,NC_0010,3,INNER_TRAIN
2,STRAIN_000417,Bifidobacterium longum,NC_0035,4,INNER_TRAIN
2,STRAIN_000418,Lactiplantibacillus plantarum,NC_0001,1,INNER_TRAIN
2,STRAIN_000419,Lacticaseibacillus rhamnosus,NC_0015,3,INNER_TRAIN
2,STRAIN_000420,Levilactobacillus brevis,NC_0290,5,INNER_TRAIN
2,STRAIN_000423,Limosilactobacillus fermentum,NC_0293,3,INNER_TRAIN
2,STRAIN_000426,Bacillus subtilis subsp. subtilis,NC_0012,4,INNER_TRAIN
2,STRAIN_000428,Lacticaseibacillus rhamnosus,NC_0014,3,INNER_TRAIN
2,STRAIN_000430,Streptococcus thermophilus,NC_0007,4,INNER_TRAIN
2,STRAIN_000431,Lactococcus cremoris subsp. cremoris,NC_0295,4,INNER_TRAIN
2,STRAIN_000432,Lactiplantibacillus plantarum,NC_0001,1,INNER_TRAIN
2,STRAIN_000433,Lacticaseibacillus casei,NC_0043,5,INNER_TRAIN
2,STRAIN_000435,Lactiplantibacillus plantarum,NC_0296,3,INNER_TRAIN
2,STRAIN_000436,Lactiplantibacillus plantarum,NC_0297,5,INNER_TRAIN
2,STRAIN_000438,Lactiplantibacillus plantarum,NC_0001,1,INNER_TRAIN
2,STRAIN_000440,Lactiplantibacillus plantarum subsp. plantarum,NC_0299,3,INNER_TRAIN
2,STRAIN_000441,Bifidobacterium longum subsp. longum,NC_0300,5,INNER_TRAIN
2,STRAIN_000443,Limosilactobacillus fermentum,NC_0301,5,INNER_TRAIN
2,STRAIN_000444,Lactobacillus acidophilus,NC_0002,4,INNER_TRAIN
2,STRAIN_000445,Lactobacillus delbrueckii subsp. bulgaricus,NC_0086,1,INNER_TRAIN
2,STRAIN_000447,Lacticaseibacillus rhamnosus,NC_0302,3,INNER_TRAIN
2,STRAIN_000451,Lactiplantibacillus plantarum,NC_0038,3,INNER_TRAIN
2,STRAIN_000452,Streptococcus thermophilus,NC_0007,4,INNER_TRAIN
2,STRAIN_000454,Lactiplantibacillus plantarum,NC_0010,3,INNER_TRAIN
2,STRAIN_000455,Bifidobacterium breve,NC_0306,5,INNER_TRAIN
2,STRAIN_000456,Lactobacillus amylolyticus,NC_0307,4,INNER_TRAIN
2,STRAIN_000457,Lacticaseibacillus rhamnosus,NC_0014,3,INNER_TRAIN
2,STRAIN_000458,Lactococcus cremoris,NC_0051,3,INNER_TRAIN
2,STRAIN_000459,Lactococcus lactis subsp. lactis,NC_0308,3,INNER_TRAIN
2,STRAIN_000460,Lactococcus lactis subsp. lactis,NC_0089,5,INNER_TRAIN
2,STRAIN_000461,Lactococcus lactis subsp. lactis,NC_0016,4,INNER_TRAIN
2,STRAIN_000462,Lactococcus lactis subsp. lactis,NC_0016,4,INNER_TRAIN
2,STRAIN_000463,Lactococcus cremoris,NC_0051,3,INNER_TRAIN
2,STRAIN_000464,Lactococcus lactis subsp. lactis,NC_0016,4,INNER_TRAIN
2,STRAIN_000465,Lactococcus cremoris,NC_0309,5,INNER_TRAIN
2,STRAIN_000467,Lactococcus cremoris,NC_0087,5,INNER_TRAIN
2,STRAIN_000468,Lactococcus lactis subsp. lactis,NC_0310,5,INNER_TRAIN
2,STRAIN_000469,Lactococcus lactis subsp. lactis,NC_0089,5,INNER_TRAIN
2,STRAIN_000470,Lacticaseibacillus paracasei,NC_0025,3,INNER_TRAIN
2,STRAIN_000471,Lacticaseibacillus casei,NC_0013,1,INNER_TRAIN
2,STRAIN_000472,Levilactobacillus brevis,NC_0311,5,INNER_TRAIN
2,STRAIN_000475,Limosilactobacillus reuteri,NC_0314,3,INNER_TRAIN
2,STRAIN_000476,Limosilactobacillus fermentum,NC_0036,1,INNER_TRAIN
2,STRAIN_000477,Lactococcus lactis subsp. lactis bv. diacetylactis,NC_0016,4,INNER_TRAIN
2,STRAIN_000478,Lacticaseibacillus rhamnosus,NC_0015,3,INNER_TRAIN
2,STRAIN_000480,Lactiplantibacillus plantarum,NC_0021,1,INNER_TRAIN
2,STRAIN_000481,Bacillus subtilis subsp. subtilis,NC_0058,4,INNER_TRAIN
2,STRAIN_000482,Bacillus subtilis subsp. subtilis,NC_0058,4,INNER_TRAIN
2,STRAIN_000483,Levilactobacillus brevis,NC_0315,3,INNER_TRAIN
2,STRAIN_000484,Lacticaseibacillus casei,NC_0090,3,INNER_TRAIN
2,STRAIN_000486,Bacillus subtilis subsp. subtilis,NC_0058,4,INNER_TRAIN
2,STRAIN_000487,Bacillus subtilis subsp. subtilis,NC_0317,4,INNER_TRAIN
2,STRAIN_000488,Bacillus subtilis subsp. subtilis,NC_0318,3,INNER_TRAIN
2,STRAIN_000489,Limosilactobacillus fermentum,NC_0319,3,INNER_TRAIN
2,STRAIN_000490,Lactiplantibacillus plantarum,NC_0021,1,INNER_TRAIN
2,STRAIN_000492,Lactiplantibacillus plantarum,NC_0006,5,INNER_TRAIN
2,STRAIN_000493,Lactobacillus acidophilus,NC_0002,4,INNER_TRAIN
2,STRAIN_000494,Lacticaseibacillus rhamnosus,NC_0014,3,INNER_TRAIN
2,STRAIN_000495,Limosilactobacillus fermentum,NC_0320,1,INNER_TRAIN
2,STRAIN_000496,Lactiplantibacillus plantarum,NC_0321,3,INNER_TRAIN
2,STRAIN_000497,Lacticaseibacillus paracasei,NC_0322,1,INNER_TRAIN
2,STRAIN_000498,Bifidobacterium pseudolongum,NC_0323,5,INNER_TRAIN
2,STRAIN_000499,Lactobacillus acidophilus,NC_0002,4,INNER_TRAIN
2,STRAIN_000500,Streptococcus thermophilus,NC_0324,4,INNER_TRAIN
2,STRAIN_000501,Lactiplantibacillus plantarum,NC_0059,3,INNER_TRAIN
2,STRAIN_000502,Lactobacillus gasseri,NC_0325,3,INNER_TRAIN
2,STRAIN_000503,Lacticaseibacillus rhamnosus,NC_0023,4,INNER_TRAIN
2,STRAIN_000504,Levilactobacillus brevis,NC_0326,4,INNER_TRAIN
2,STRAIN_000505,Limosilactobacillus fermentum,NC_0327,1,INNER_TRAIN
2,STRAIN_000506,Lacticaseibacillus rhamnosus,NC_0014,3,INNER_TRAIN
2,STRAIN_000507,Lacticaseibacillus rhamnosus,NC_0023,4,INNER_TRAIN
2,STRAIN_000508,Lactiplantibacillus plantarum,NC_0021,1,INNER_TRAIN
2,STRAIN_000509,Lacticaseibacillus paracasei,NC_0043,5,INNER_TRAIN
2,STRAIN_000511,Lactiplantibacillus plantarum,NC_0038,3,INNER_TRAIN
2,STRAIN_000512,Levilactobacillus brevis,NC_0329,3,INNER_TRAIN
2,STRAIN_000513,Levilactobacillus brevis,NC_0330,5,INNER_TRAIN
2,STRAIN_000515,Limosilactobacillus reuteri,NC_0331,3,INNER_TRAIN
2,STRAIN_000517,Limosilactobacillus fermentum,NC_0041,4,INNER_TRAIN
2,STRAIN_000518,Limosilactobacillus fermentum,NC_0332,4,INNER_TRAIN
2,STRAIN_000520,Lactococcus lactis subsp. lactis,NC_0091,5,INNER_TRAIN
2,STRAIN_000521,Lactococcus lactis subsp. lactis,NC_0091,5,INNER_TRAIN
2,STRAIN_000522,Lacticaseibacillus paracasei subsp. paracasei,NC_0060,5,INNER_TRAIN
2,STRAIN_000525,Streptococcus thermophilus,NC_0007,4,INNER_TRAIN
2,STRAIN_000526,Bifidobacterium bifidum,NC_0055,5,INNER_TRAIN
2,STRAIN_000527,Streptococcus thermophilus,NC_0336,4,INNER_TRAIN
2,STRAIN_000528,Streptococcus thermophilus,NC_0029,1,INNER_TRAIN
2,STRAIN_000529,Lacticaseibacillus rhamnosus,NC_0005,5,INNER_TRAIN
2,STRAIN_000530,Lacticaseibacillus paracasei,NC_0013,1,INNER_TRAIN
2,STRAIN_000531,Lactobacillus helveticus,NC_0337,1,INNER_TRAIN
2,STRAIN_000532,Lactobacillus helveticus,NC_0338,1,INNER_TRAIN
2,STRAIN_000533,Lactobacillus helveticus,NC_0339,3,INNER_TRAIN
2,STRAIN_000535,Lactiplantibacillus plantarum,NC_0006,5,INNER_TRAIN
2,STRAIN_000537,Lactiplantibacillus plantarum,NC_0001,1,INNER_TRAIN
2,STRAIN_000538,Limosilactobacillus fermentum,NC_0341,5,INNER_TRAIN
2,STRAIN_000539,Lacticaseibacillus paracasei subsp. paracasei,NC_0060,5,INNER_TRAIN
2,STRAIN_000541,Lactiplantibacillus plantarum subsp. plantarum,NC_0093,3,INNER_TRAIN
2,STRAIN_000542,Bifidobacterium breve,NC_0094,5,INNER_TRAIN
2,STRAIN_000543,Heyndrickxia coagulans,NC_0342,4,INNER_TRAIN
2,STRAIN_000545,Lacticaseibacillus rhamnosus,NC_0005,5,INNER_TRAIN
2,STRAIN_000547,Lactiplantibacillus plantarum,NC_0010,3,INNER_TRAIN
2,STRAIN_000548,Lactiplantibacillus plantarum,NC_0010,3,INNER_TRAIN
2,STRAIN_000549,Limosilactobacillus reuteri,NC_0095,3,INNER_TRAIN
2,STRAIN_000552,Limosilactobacillus reuteri,NC_0095,3,INNER_TRAIN
2,STRAIN_000554,Lacticaseibacillus rhamnosus,NC_0014,3,INNER_TRAIN
2,STRAIN_000556,Lactobacillus acidophilus,NC_0002,4,INNER_TRAIN
2,STRAIN_000559,Lacticaseibacillus rhamnosus,NC_0005,5,INNER_TRAIN
2,STRAIN_000560,Lacticaseibacillus rhamnosus,NC_0005,5,INNER_TRAIN
2,STRAIN_000561,Streptococcus thermophilus,NC_0007,4,INNER_TRAIN
2,STRAIN_000562,Lactiplantibacillus plantarum,NC_0010,3,INNER_TRAIN
2,STRAIN_000563,Limosilactobacillus reuteri,NC_0061,1,INNER_TRAIN
2,STRAIN_000564,Limosilactobacillus reuteri,NC_0061,1,INNER_TRAIN
2,STRAIN_000566,Limosilactobacillus reuteri,NC_0061,1,INNER_TRAIN
2,STRAIN_000567,Limosilactobacillus fermentum,NC_0346,5,INNER_TRAIN
2,STRAIN_000568,Lactiplantibacillus plantarum,NC_0001,1,INNER_TRAIN
2,STRAIN_000569,Limosilactobacillus reuteri,NC_0347,3,INNER_TRAIN
2,STRAIN_000571,Lactiplantibacillus plantarum,NC_0054,1,INNER_TRAIN
2,STRAIN_000573,Lactiplantibacillus plantarum,NC_0001,1,INNER_TRAIN
2,STRAIN_000574,Lactiplantibacillus plantarum,NC_0001,1,INNER_TRAIN
2,STRAIN_000575,Levilactobacillus brevis,NC_0030,4,INNER_TRAIN
2,STRAIN_000576,Limosilactobacillus fermentum,NC_0062,1,INNER_TRAIN
2,STRAIN_000579,Lactiplantibacillus plantarum,NC_0021,1,INNER_TRAIN
2,STRAIN_000580,Lacticaseibacillus rhamnosus,NC_0005,5,INNER_TRAIN
2,STRAIN_000581,Bifidobacterium bifidum,NC_0349,3,INNER_TRAIN
2,STRAIN_000583,Lactiplantibacillus plantarum,NC_0010,3,INNER_TRAIN
2,STRAIN_000584,Lactiplantibacillus plantarum,NC_0350,4,INNER_TRAIN
2,STRAIN_000586,Lactiplantibacillus plantarum,NC_0351,4,INNER_TRAIN
2,STRAIN_000588,Lactiplantibacillus plantarum,NC_0006,5,INNER_TRAIN
2,STRAIN_000589,Lactobacillus acidophilus,NC_0002,4,INNER_TRAIN
2,STRAIN_000590,Levilactobacillus brevis,NC_0353,1,INNER_TRAIN
2,STRAIN_000592,Limosilactobacillus reuteri,NC_0354,4,INNER_TRAIN
2,STRAIN_000593,Limosilactobacillus reuteri,NC_0355,4,INNER_TRAIN
2,STRAIN_000594,Lactiplantibacillus plantarum,NC_0010,3,INNER_TRAIN
2,STRAIN_000597,Lacticaseibacillus paracasei,NC_0081,3,INNER_TRAIN
2,STRAIN_000599,Lactococcus lactis,NC_0098,3,INNER_TRAIN
2,STRAIN_000600,Bifidobacterium adolescentis,NC_0358,4,INNER_TRAIN
2,STRAIN_000601,Limosilactobacillus fermentum,NC_0099,4,INNER_TRAIN
2,STRAIN_000602,Lacticaseibacillus paracasei,NC_0025,3,INNER_TRAIN
2,STRAIN_000603,Lactiplantibacillus plantarum,NC_0010,3,INNER_TRAIN
2,STRAIN_000605,Lactiplantibacillus plantarum,NC_0067,5,INNER_TRAIN
2,STRAIN_000606,Lactiplantibacillus plantarum,NC_0017,1,INNER_TRAIN
2,STRAIN_000607,Lactiplantibacillus plantarum,NC_0009,5,INNER_TRAIN
2,STRAIN_000608,Lactiplantibacillus plantarum,NC_0359,1,INNER_TRAIN
2,STRAIN_000609,Lactiplantibacillus plantarum,NC_0021,1,INNER_TRAIN
2,STRAIN_000611,Lactiplantibacillus plantarum,NC_0001,1,INNER_TRAIN
2,STRAIN_000612,Lactiplantibacillus plantarum,NC_0021,1,INNER_TRAIN
2,STRAIN_000613,Lactiplantibacillus plantarum,NC_0009,5,INNER_TRAIN
2,STRAIN_000614,Bifidobacterium longum,NC_0070,4,INNER_TRAIN
2,STRAIN_000616,Limosilactobacillus fermentum,NC_0360,1,INNER_TRAIN
2,STRAIN_000617,Lactiplantibacillus plantarum,NC_0009,5,INNER_TRAIN
2,STRAIN_000618,Lactiplantibacillus plantarum,NC_0009,5,INNER_TRAIN
2,STRAIN_000619,Lactiplantibacillus plantarum,NC_0009,5,INNER_TRAIN
2,STRAIN_000620,Lactiplantibacillus plantarum,NC_0009,5,INNER_TRAIN
2,STRAIN_000621,Lactiplantibacillus plantarum,NC_0009,5,INNER_TRAIN
2,STRAIN_000622,Bifidobacterium breve,NC_0361,4,INNER_TRAIN
2,STRAIN_000624,Lactobacillus acidophilus,NC_0002,4,INNER_TRAIN
2,STRAIN_000625,Limosilactobacillus reuteri,NC_0362,4,INNER_TRAIN
2,STRAIN_000628,Pediococcus acidilactici,NC_0363,4,INNER_TRAIN
2,STRAIN_000629,Lacticaseibacillus paracasei,NC_0043,5,INNER_TRAIN
2,STRAIN_000630,Lactiplantibacillus plantarum,NC_0100,5,INNER_TRAIN
2,STRAIN_000631,Limosilactobacillus fermentum,NC_0364,1,INNER_TRAIN
2,STRAIN_000632,Lactiplantibacillus plantarum,NC_0365,3,INNER_TRAIN
2,STRAIN_000633,Lactococcus lactis,NC_0052,3,INNER_TRAIN
2,STRAIN_000635,Bifidobacterium breve,NC_0094,5,INNER_TRAIN
2,STRAIN_000636,Bifidobacterium longum subsp. infantis,NC_0366,4,INNER_TRAIN
2,STRAIN_000638,Bifidobacterium longum,NC_0367,4,INNER_TRAIN
2,STRAIN_000640,Levilactobacillus brevis,NC_0368,3,INNER_TRAIN
2,STRAIN_000644,Lactiplantibacillus plantarum,NC_0001,1,INNER_TRAIN
2,STRAIN_000645,Limosilactobacillus reuteri,NC_0371,4,INNER_TRAIN
2,STRAIN_000646,Lactiplantibacillus plantarum,NC_0001,1,INNER_TRAIN
2,STRAIN_000649,Lacticaseibacillus casei,NC_0025,3,INNER_TRAIN
2,STRAIN_000650,Lacticaseibacillus rhamnosus DSM 20021 = JCM 1136 =,NC_0005,5,INNER_TRAIN
2,STRAIN_000652,Lactococcus lactis subsp. lactis bv. diacetylactis,NC_0372,5,INNER_TRAIN
2,STRAIN_000653,Lacticaseibacillus paracasei,NC_0025,3,INNER_TRAIN
2,STRAIN_000655,Limosilactobacillus fermentum,NC_0374,4,INNER_TRAIN
2,STRAIN_000656,Lactiplantibacillus plantarum,NC_0375,1,INNER_TRAIN
2,STRAIN_000657,Lacticaseibacillus rhamnosus,NC_0376,3,INNER_TRAIN
2,STRAIN_000659,Limosilactobacillus reuteri,NC_0377,4,INNER_TRAIN
2,STRAIN_000660,Limosilactobacillus fermentum,NC_0036,1,INNER_TRAIN
2,STRAIN_000662,Bifidobacterium longum,NC_0378,1,INNER_TRAIN
2,STRAIN_000663,Lacticaseibacillus paracasei subsp. paracasei,NC_0060,5,INNER_TRAIN
2,STRAIN_000666,Lacticaseibacillus paracasei,NC_0380,4,INNER_TRAIN
2,STRAIN_000667,Lactiplantibacillus plantarum,NC_0381,3,INNER_TRAIN
2,STRAIN_000668,Lactococcus lactis subsp. lactis,NC_0016,4,INNER_TRAIN
2,STRAIN_000670,Limosilactobacillus fermentum,NC_0382,3,INNER_TRAIN
2,STRAIN_000671,Lacticaseibacillus paracasei,NC_0026,5,INNER_TRAIN
2,STRAIN_000672,Streptococcus thermophilus,NC_0383,5,INNER_TRAIN
2,STRAIN_000673,Bifidobacterium pseudocatenulatum,NC_0384,1,INNER_TRAIN
2,STRAIN_000676,Bifidobacterium bifidum,NC_0385,1,INNER_TRAIN
2,STRAIN_000677,Limosilactobacillus fermentum,NC_0386,4,INNER_TRAIN
2,STRAIN_000678,Limosilactobacillus fermentum,NC_0387,3,INNER_TRAIN
2,STRAIN_000679,Limosilactobacillus reuteri,NC_0388,1,INNER_TRAIN
2,STRAIN_000680,Limosilactobacillus fermentum,NC_0041,4,INNER_TRAIN
2,STRAIN_000682,Lactiplantibacillus plantarum,NC_0001,1,INNER_TRAIN
2,STRAIN_000683,Lactiplantibacillus plantarum,NC_0009,5,INNER_TRAIN
2,STRAIN_000684,Lacticaseibacillus paracasei,NC_0013,1,INNER_TRAIN
2,STRAIN_000685,Lactiplantibacillus plantarum,NC_0059,3,INNER_TRAIN
2,STRAIN_000686,Limosilactobacillus fermentum,NC_0062,1,INNER_TRAIN
2,STRAIN_000687,Lactococcus lactis,NC_0389,4,INNER_TRAIN
2,STRAIN_000688,Lacticaseibacillus paracasei,NC_0026,5,INNER_TRAIN
2,STRAIN_000689,Lacticaseibacillus rhamnosus,NC_0014,3,INNER_TRAIN
2,STRAIN_000690,Lactiplantibacillus plantarum subsp. plantarum,NC_0010,3,INNER_TRAIN
2,STRAIN_000691,Lactiplantibacillus plantarum,NC_0001,1,INNER_TRAIN
2,STRAIN_000692,Lacticaseibacillus rhamnosus,NC_0014,3,INNER_TRAIN
2,STRAIN_000693,Limosilactobacillus reuteri,NC_0390,5,INNER_TRAIN
2,STRAIN_000694,Lactiplantibacillus plantarum,NC_0001,1,INNER_TRAIN
2,STRAIN_000695,Limosilactobacillus fermentum,NC_0028,3,INNER_TRAIN
2,STRAIN_000697,Lacticaseibacillus rhamnosus,NC_0005,5,INNER_TRAIN
2,STRAIN_000698,Lacticaseibacillus rhamnosus,NC_0005,5,INNER_TRAIN
2,STRAIN_000699,Lacticaseibacillus rhamnosus,NC_0005,5,INNER_TRAIN
2,STRAIN_000700,Lacticaseibacillus rhamnosus,NC_0005,5,INNER_TRAIN
2,STRAIN_000701,Lactiplantibacillus plantarum,NC_0001,1,INNER_TRAIN
2,STRAIN_000703,Lactiplantibacillus plantarum,NC_0391,4,INNER_TRAIN
2,STRAIN_000705,Lacticaseibacillus rhamnosus,NC_0014,3,INNER_TRAIN
2,STRAIN_000706,Bifidobacterium longum,NC_0392,5,INNER_TRAIN
2,STRAIN_000707,Limosilactobacillus fermentum,NC_0393,4,INNER_TRAIN
2,STRAIN_000708,Bifidobacterium adolescentis,NC_0394,5,INNER_TRAIN
2,STRAIN_000709,Lacticaseibacillus rhamnosus,NC_0005,5,INNER_TRAIN
2,STRAIN_000711,Lacticaseibacillus rhamnosus GG,NC_0015,3,INNER_TRAIN
2,STRAIN_000712,Lactiplantibacillus plantarum,NC_0001,1,INNER_TRAIN
2,STRAIN_000714,Lactococcus lactis subsp. lactis,NC_0395,1,INNER_TRAIN
2,STRAIN_000715,Lacticaseibacillus paracasei subsp. paracasei,NC_0396,3,INNER_TRAIN
2,STRAIN_000716,Lactiplantibacillus plantarum,NC_0001,1,INNER_TRAIN
2,STRAIN_000717,Bifidobacterium bifidum,NC_0032,5,INNER_TRAIN
2,STRAIN_000718,Lactiplantibacillus plantarum,NC_0397,3,INNER_TRAIN
2,STRAIN_000720,Bifidobacterium breve,NC_0085,3,INNER_TRAIN
2,STRAIN_000721,Escherichia coli,NC_0398,5,INNER_TRAIN
2,STRAIN_000722,Lactiplantibacillus plantarum,NC_0021,1,INNER_TRAIN
2,STRAIN_000723,Lacticaseibacillus rhamnosus,NC_0399,3,INNER_TRAIN
2,STRAIN_000724,Limosilactobacillus fermentum,NC_0400,1,INNER_TRAIN
2,STRAIN_000725,Lactobacillus acidophilus,NC_0002,4,INNER_TRAIN
2,STRAIN_000726,Bifidobacterium longum subsp. longum,NC_0022,3,INNER_TRAIN
2,STRAIN_000727,Lactiplantibacillus plantarum,NC_0001,1,INNER_TRAIN
2,STRAIN_000731,Bifidobacterium longum,NC_0401,1,INNER_TRAIN
2,STRAIN_000732,Bifidobacterium dentium,NC_0402,4,INNER_TRAIN
2,STRAIN_000733,Lacticaseibacillus rhamnosus,NC_0015,3,INNER_TRAIN
2,STRAIN_000734,Lactiplantibacillus plantarum,NC_0001,1,INNER_TRAIN
2,STRAIN_000736,Bifidobacterium bifidum,NC_0404,4,INNER_TRAIN
2,STRAIN_000738,Lacticaseibacillus paracasei,NC_0049,4,INNER_TRAIN
2,STRAIN_000739,Lacticaseibacillus rhamnosus,NC_0405,1,INNER_TRAIN
2,STRAIN_000740,Lacticaseibacillus rhamnosus,NC_0005,5,INNER_TRAIN
2,STRAIN_000742,Bifidobacterium longum subsp. longum,NC_0103,1,INNER_TRAIN
2,STRAIN_000746,Bifidobacterium longum subsp. longum,NC_0103,1,INNER_TRAIN
2,STRAIN_000747,Bifidobacterium longum subsp. longum,NC_0406,4,INNER_TRAIN
2,STRAIN_000748,Levilactobacillus brevis,NC_0030,4,INNER_TRAIN
2,STRAIN_000749,Limosilactobacillus fermentum,NC_0407,4,INNER_TRAIN
2,STRAIN_000750,Lacticaseibacillus rhamnosus,NC_0014,3,INNER_TRAIN
2,STRAIN_000751,Limosilactobacillus reuteri,NC_0408,5,INNER_TRAIN
2,STRAIN_000752,Lactobacillus gasseri,NC_0409,5,INNER_TRAIN
2,STRAIN_000753,Lactiplantibacillus plantarum,NC_0021,1,INNER_TRAIN
2,STRAIN_000754,Bifidobacterium longum subsp. infantis,NC_0018,5,INNER_TRAIN
2,STRAIN_000755,Lactiplantibacillus plantarum,NC_0006,5,INNER_TRAIN
2,STRAIN_000757,Bifidobacterium adolescentis,NC_0411,5,INNER_TRAIN
2,STRAIN_000758,Bifidobacterium longum subsp. longum,NC_0412,5,INNER_TRAIN
2,STRAIN_000760,Lactiplantibacillus plantarum,NC_0001,1,INNER_TRAIN
2,STRAIN_000763,Limosilactobacillus reuteri,NC_0031,1,INNER_TRAIN
2,STRAIN_000764,Bifidobacterium bifidum,NC_0414,4,INNER_TRAIN
2,STRAIN_000765,Limosilactobacillus reuteri,NC_0065,1,INNER_TRAIN
2,STRAIN_000767,Bifidobacterium longum subsp. longum,NC_0022,3,INNER_TRAIN
2,STRAIN_000769,Streptococcus thermophilus,NC_0069,5,INNER_TRAIN
2,STRAIN_000770,Streptococcus thermophilus,NC_0044,3,INNER_TRAIN
2,STRAIN_000771,Streptococcus thermophilus,NC_0044,3,INNER_TRAIN
2,STRAIN_000772,Streptococcus thermophilus,NC_0044,3,INNER_TRAIN
2,STRAIN_000773,Streptococcus thermophilus,NC_0044,3,INNER_TRAIN
2,STRAIN_000774,Streptococcus thermophilus,NC_0416,5,INNER_TRAIN
2,STRAIN_000775,Streptococcus thermophilus,NC_0050,3,INNER_TRAIN
2,STRAIN_000776,Streptococcus thermophilus,NC_0050,3,INNER_TRAIN
2,STRAIN_000777,Lacticaseibacillus rhamnosus,NC_0417,5,INNER_TRAIN
2,STRAIN_000778,Levilactobacillus brevis,NC_0105,4,INNER_TRAIN
2,STRAIN_000779,Levilactobacillus brevis,NC_0105,4,INNER_TRAIN
2,STRAIN_000781,Escherichia coli,NC_0419,1,INNER_TRAIN
2,STRAIN_000782,Lactiplantibacillus plantarum,NC_0066,4,INNER_TRAIN
2,STRAIN_000784,Lactococcus lactis,NC_0016,4,INNER_TRAIN
2,STRAIN_000786,Bifidobacterium longum subsp. longum,NC_0421,1,INNER_TRAIN
2,STRAIN_000787,Lactococcus lactis,NC_0016,4,INNER_TRAIN
2,STRAIN_000788,Bifidobacterium pseudolongum subsp. pseudolongum,NC_0422,1,INNER_TRAIN
2,STRAIN_000789,Lactiplantibacillus plantarum subsp. plantarum,NC_0001,1,INNER_TRAIN
2,STRAIN_000790,Lactiplantibacillus plantarum,NC_0001,1,INNER_TRAIN
2,STRAIN_000792,Lactiplantibacillus plantarum subsp. plantarum,NC_0063,5,INNER_TRAIN
2,STRAIN_000795,Lacticaseibacillus paracasei,NC_0423,5,INNER_TRAIN
2,STRAIN_000798,Limosilactobacillus fermentum,NC_0425,1,INNER_TRAIN
2,STRAIN_000799,Lacticaseibacillus paracasei,NC_0013,1,INNER_TRAIN
2,STRAIN_000800,Lacticaseibacillus rhamnosus,NC_0005,5,INNER_TRAIN
2,STRAIN_000801,Bifidobacterium pseudolongum,NC_0426,3,INNER_TRAIN
2,STRAIN_000802,Lactiplantibacillus plantarum,NC_0010,3,INNER_TRAIN
2,STRAIN_000804,Lacticaseibacillus paracasei,NC_0428,1,INNER_TRAIN
2,STRAIN_000805,Streptococcus thermophilus,NC_0429,1,INNER_TRAIN
2,STRAIN_000807,Lacticaseibacillus paracasei,NC_0026,5,INNER_TRAIN
2,STRAIN_000809,Lactobacillus acidophilus,NC_0002,4,INNER_TRAIN
2,STRAIN_000810,Limosilactobacillus fermentum,NC_0036,1,INNER_TRAIN
2,STRAIN_000811,Streptococcus thermophilus,NC_0007,4,INNER_TRAIN
2,STRAIN_000813,Lactobacillus acidophilus,NC_0002,4,INNER_TRAIN
2,STRAIN_000814,Lacticaseibacillus rhamnosus,NC_0005,5,INNER_TRAIN
2,STRAIN_000815,Bifidobacterium longum subsp. infantis,NC_0045,4,INNER_TRAIN
2,STRAIN_000816,Lacticaseibacillus paracasei subsp. paracasei,NC_0013,1,INNER_TRAIN
2,STRAIN_000817,Lactiplantibacillus plantarum,NC_0001,1,INNER_TRAIN
2,STRAIN_000819,Streptococcus thermophilus,NC_0007,4,INNER_TRAIN
2,STRAIN_000820,Lactococcus lactis subsp. lactis,NC_0432,4,INNER_TRAIN
2,STRAIN_000821,Lacticaseibacillus paracasei,NC_0433,4,INNER_TRAIN
2,STRAIN_000822,Limosilactobacillus fermentum,NC_0434,1,INNER_TRAIN
2,STRAIN_000823,Streptococcus thermophilus,NC_0007,4,INNER_TRAIN
2,STRAIN_000824,Streptococcus thermophilus,NC_0435,5,INNER_TRAIN
2,STRAIN_000825,Lacticaseibacillus rhamnosus,NC_0014,3,INNER_TRAIN
2,STRAIN_000826,Lacticaseibacillus rhamnosus,NC_0436,4,INNER_TRAIN
2,STRAIN_000827,Lacticaseibacillus rhamnosus,NC_0005,5,INNER_TRAIN
2,STRAIN_000829,Lactiplantibacillus plantarum,NC_0017,1,INNER_TRAIN
2,STRAIN_000831,Lacticaseibacillus paracasei,NC_0026,5,INNER_TRAIN
2,STRAIN_000833,Limosilactobacillus fermentum,NC_0437,5,INNER_TRAIN
2,STRAIN_000835,Lactobacillus acidophilus,NC_0002,4,INNER_TRAIN
2,STRAIN_000837,Lactobacillus acidophilus,NC_0002,4,INNER_TRAIN
2,STRAIN_000838,Lactiplantibacillus plantarum,NC_0017,1,INNER_TRAIN
2,STRAIN_000839,Lacticaseibacillus paracasei subsp. tolerans,NC_0438,3,INNER_TRAIN
2,STRAIN_000842,Lactiplantibacillus plantarum,NC_0006,5,INNER_TRAIN
2,STRAIN_000843,Lactiplantibacillus plantarum,NC_0009,5,INNER_TRAIN
2,STRAIN_000844,Lactiplantibacillus plantarum,NC_0009,5,INNER_TRAIN
2,STRAIN_000845,Bifidobacterium bifidum,NC_0440,1,INNER_TRAIN
2,STRAIN_000846,Lactiplantibacillus plantarum,NC_0001,1,INNER_TRAIN
2,STRAIN_000847,Lacticaseibacillus paracasei,NC_0026,5,INNER_TRAIN
2,STRAIN_000848,Lactiplantibacillus plantarum,NC_0100,5,INNER_TRAIN
2,STRAIN_000849,Lactiplantibacillus plantarum,NC_0001,1,INNER_TRAIN
2,STRAIN_000850,Lactiplantibacillus plantarum subsp. plantarum,NC_0038,3,INNER_TRAIN
2,STRAIN_000851,Bifidobacterium adolescentis,NC_0441,1,INNER_TRAIN
2,STRAIN_000852,Lactobacillus acidophilus,NC_0002,4,INNER_TRAIN
2,STRAIN_000853,Lacticaseibacillus paracasei,NC_0442,3,INNER_TRAIN
2,STRAIN_000854,Lactiplantibacillus plantarum,NC_0001,1,INNER_TRAIN
2,STRAIN_000858,Lacticaseibacillus rhamnosus,NC_0015,3,INNER_TRAIN
2,STRAIN_000860,Bifidobacterium longum subsp. longum,NC_0027,5,INNER_TRAIN
2,STRAIN_000861,Bifidobacterium pseudocatenulatum,NC_0444,3,INNER_TRAIN
2,STRAIN_000862,Lactiplantibacillus plantarum,NC_0001,1,INNER_TRAIN
2,STRAIN_000863,Limosilactobacillus fermentum,NC_0028,3,INNER_TRAIN
2,STRAIN_000864,Lactiplantibacillus plantarum,NC_0001,1,INNER_TRAIN
2,STRAIN_000865,Lactiplantibacillus plantarum,NC_0001,1,INNER_TRAIN
2,STRAIN_000867,Lacticaseibacillus paracasei,NC_0013,1,INNER_TRAIN
2,STRAIN_000868,Lactiplantibacillus plantarum,NC_0059,3,INNER_TRAIN
2,STRAIN_000870,Limosilactobacillus reuteri,NC_0446,5,INNER_TRAIN
2,STRAIN_000871,Limosilactobacillus fermentum,NC_0447,3,INNER_TRAIN
2,STRAIN_000872,Bifidobacterium longum,NC_0448,5,INNER_TRAIN
2,STRAIN_000873,Lacticaseibacillus rhamnosus,NC_0449,3,INNER_TRAIN
2,STRAIN_000876,Bifidobacterium breve,NC_0451,1,INNER_TRAIN
2,STRAIN_000877,Lactiplantibacillus plantarum,NC_0001,1,INNER_TRAIN
2,STRAIN_000878,Lacticaseibacillus paracasei,NC_0025,3,INNER_TRAIN
2,STRAIN_000879,Lacticaseibacillus rhamnosus,NC_0005,5,INNER_TRAIN
2,STRAIN_000880,Lactobacillus acidophilus,NC_0002,4,INNER_TRAIN
2,STRAIN_000884,Lactiplantibacillus plantarum,NC_0010,3,INNER_TRAIN
2,STRAIN_000885,Lactobacillus acidophilus,NC_0002,4,INNER_TRAIN
2,STRAIN_000886,Lacticaseibacillus casei,NC_0090,3,INNER_TRAIN
2,STRAIN_000887,Lactiplantibacillus plantarum,NC_0010,3,INNER_TRAIN
2,STRAIN_000888,Lactiplantibacillus plantarum,NC_0001,1,INNER_TRAIN
2,STRAIN_000889,Bifidobacterium breve,NC_0453,3,INNER_TRAIN
2,STRAIN_000890,Lactobacillus acidophilus,NC_0002,4,INNER_TRAIN
2,STRAIN_000891,Limosilactobacillus reuteri,NC_0454,3,INNER_TRAIN
2,STRAIN_000892,Lactobacillus gasseri,NC_0106,4,INNER_TRAIN
2,STRAIN_000894,Bifidobacterium bifidum,NC_0055,5,INNER_TRAIN
2,STRAIN_000896,Lactobacillus acidophilus,NC_0002,4,INNER_TRAIN
2,STRAIN_000897,Lactiplantibacillus plantarum,NC_0006,5,INNER_TRAIN
2,STRAIN_000898,Lactiplantibacillus plantarum,NC_0010,3,INNER_TRAIN
2,STRAIN_000899,Lactiplantibacillus plantarum,NC_0001,1,INNER_TRAIN
2,STRAIN_000901,Bifidobacterium breve,NC_0037,5,INNER_TRAIN
2,STRAIN_000907,Limosilactobacillus reuteri,NC_0459,4,INNER_TRAIN
2,STRAIN_000908,Lacticaseibacillus paracasei,NC_0043,5,INNER_TRAIN
2,STRAIN_000910,Lacticaseibacillus rhamnosus,NC_0015,3,INNER_TRAIN
2,STRAIN_000911,Lactobacillus acidophilus,NC_0002,4,INNER_TRAIN
2,STRAIN_000913,Lactiplantibacillus plantarum,NC_0001,1,INNER_TRAIN
2,STRAIN_000914,Lactococcus lactis subsp. lactis,NC_0460,4,INNER_TRAIN
2,STRAIN_000915,Lacticaseibacillus paracasei subsp. paracasei,NC_0461,4,INNER_TRAIN
2,STRAIN_000916,Levilactobacillus brevis,NC_0462,3,INNER_TRAIN
2,STRAIN_000917,Lacticaseibacillus paracasei,NC_0013,1,INNER_TRAIN
2,STRAIN_000918,Lacticaseibacillus paracasei,NC_0463,5,INNER_TRAIN
2,STRAIN_000920,Lactiplantibacillus plantarum,NC_0001,1,INNER_TRAIN
2,STRAIN_000921,Streptococcus thermophilus,NC_0007,4,INNER_TRAIN
2,STRAIN_000922,Lactobacillus acidophilus,NC_0002,4,INNER_TRAIN
2,STRAIN_000923,Lactobacillus gasseri,NC_0464,3,INNER_TRAIN
2,STRAIN_000924,Lactiplantibacillus plantarum,NC_0017,1,INNER_TRAIN
2,STRAIN_000925,Lacticaseibacillus rhamnosus,NC_0465,5,INNER_TRAIN
2,STRAIN_000926,Levilactobacillus brevis,NC_0466,3,INNER_TRAIN
2,STRAIN_000927,Lactiplantibacillus plantarum,NC_0093,3,INNER_TRAIN
2,STRAIN_000930,Lacticaseibacillus rhamnosus,NC_0023,4,INNER_TRAIN
2,STRAIN_000932,Lactiplantibacillus plantarum,NC_0006,5,INNER_TRAIN
2,STRAIN_000933,Bifidobacterium pseudocatenulatum,NC_0467,4,INNER_TRAIN
2,STRAIN_000934,Limosilactobacillus fermentum,NC_0468,4,INNER_TRAIN
2,STRAIN_000936,Limosilactobacillus reuteri subsp. kinnaridis,NC_0031,1,INNER_TRAIN
2,STRAIN_000937,Limosilactobacillus reuteri subsp. kinnaridis,NC_0031,1,INNER_TRAIN
2,STRAIN_000938,Lactiplantibacillus plantarum,NC_0010,3,INNER_TRAIN
2,STRAIN_000939,Lactiplantibacillus plantarum,NC_0010,3,INNER_TRAIN
2,STRAIN_000940,Lacticaseibacillus rhamnosus,NC_0469,4,INNER_TRAIN
2,STRAIN_000943,Lacticaseibacillus rhamnosus,NC_0015,3,INNER_TRAIN
2,STRAIN_000945,Lactiplantibacillus plantarum,NC_0472,3,INNER_TRAIN
2,STRAIN_000946,Lactiplantibacillus plantarum,NC_0006,5,INNER_TRAIN
2,STRAIN_000947,Lactococcus lactis subsp. lactis,NC_0098,3,INNER_TRAIN
2,STRAIN_000948,Limosilactobacillus reuteri subsp. suis,NC_0473,3,INNER_TRAIN
2,STRAIN_000949,Lactiplantibacillus plantarum,NC_0017,1,INNER_TRAIN
2,STRAIN_000950,Bifidobacterium breve,NC_0079,5,INNER_TRAIN
2,STRAIN_000952,Limosilactobacillus reuteri,NC_0474,3,INNER_TRAIN
2,STRAIN_000953,Streptococcus thermophilus,NC_0475,3,INNER_TRAIN
2,STRAIN_000955,Lactobacillus delbrueckii subsp. lactis,NC_0476,1,INNER_TRAIN
2,STRAIN_000956,Limosilactobacillus fermentum,NC_0099,4,INNER_TRAIN
2,STRAIN_000957,Lactiplantibacillus plantarum,NC_0006,5,INNER_TRAIN
2,STRAIN_000958,Lactiplantibacillus plantarum,NC_0006,5,INNER_TRAIN
2,STRAIN_000959,Lactiplantibacillus plantarum,NC_0006,5,INNER_TRAIN
2,STRAIN_000967,Limosilactobacillus fermentum,NC_0062,1,INNER_TRAIN
2,STRAIN_000970,Lactiplantibacillus plantarum,NC_0001,1,INNER_TRAIN
2,STRAIN_000975,Lactobacillus helveticus,NC_0478,1,INNER_TRAIN
2,STRAIN_000980,Lactiplantibacillus plantarum subsp. plantarum,NC_0006,5,INNER_TRAIN
2,STRAIN_000985,Lacticaseibacillus paracasei,NC_0026,5,INNER_TRAIN
2,STRAIN_000991,Limosilactobacillus reuteri,NC_0031,1,INNER_TRAIN
2,STRAIN_000993,Bifidobacterium longum,NC_0084,1,INNER_TRAIN
2,STRAIN_000994,Lactiplantibacillus plantarum,NC_0001,1,INNER_TRAIN
2,STRAIN_000998,Lactococcus lactis,NC_0016,4,INNER_TRAIN
2,STRAIN_001005,Lactiplantibacillus plantarum,NC_0063,5,INNER_TRAIN
2,STRAIN_001006,Lactiplantibacillus plantarum,NC_0107,1,INNER_TRAIN
2,STRAIN_001007,Lactiplantibacillus plantarum,NC_0107,1,INNER_TRAIN
2,STRAIN_001008,Lactococcus lactis subsp. lactis,NC_0481,5,INNER_TRAIN
2,STRAIN_001010,Bifidobacterium longum,NC_0022,3,INNER_TRAIN
2,STRAIN_001011,Limosilactobacillus fermentum,NC_0483,3,INNER_TRAIN
2,STRAIN_001012,Limosilactobacillus fermentum,NC_0484,3,INNER_TRAIN
2,STRAIN_001014,Lactiplantibacillus plantarum,NC_0006,5,INNER_TRAIN
2,STRAIN_001016,Bifidobacterium breve,NC_0486,4,INNER_TRAIN
2,STRAIN_001017,Bifidobacterium longum subsp. infantis,NC_0018,5,INNER_TRAIN
2,STRAIN_001018,Lactiplantibacillus plantarum,NC_0063,5,INNER_TRAIN
2,STRAIN_001019,Levilactobacillus brevis,NC_0053,1,INNER_TRAIN
2,STRAIN_001021,Lactiplantibacillus plantarum,NC_0001,1,INNER_TRAIN
2,STRAIN_001022,Lacticaseibacillus rhamnosus,NC_0487,3,INNER_TRAIN
2,STRAIN_001023,Limosilactobacillus fermentum,NC_0488,4,INNER_TRAIN
2,STRAIN_001024,Lactobacillus gasseri,NC_0106,4,INNER_TRAIN
2,STRAIN_001025,Lactiplantibacillus plantarum,NC_0006,5,INNER_TRAIN
2,STRAIN_000037,Lactiplantibacillus plantarum,NC_0046,4,INNER_VAL
2,STRAIN_000068,Lactiplantibacillus plantarum,NC_0003,3,INNER_VAL
2,STRAIN_000107,Limosilactobacillus reuteri subsp. reuteri,NC_0024,4,INNER_VAL
2,STRAIN_000118,Oenococcus oeni,NC_0156,1,INNER_VAL
2,STRAIN_000121,Leuconostoc mesenteroides subsp. mesenteroides,NC_0159,4,INNER_VAL
2,STRAIN_000125,Lacticaseibacillus paracasei,NC_0071,1,INNER_VAL
2,STRAIN_000129,Limosilactobacillus reuteri subsp. reuteri,NC_0024,4,INNER_VAL
2,STRAIN_000159,Lactiplantibacillus plantarum subsp. plantarum ATCC 14917 = JCM 1149 = CGMCC 1.2437,NC_0003,3,INNER_VAL
2,STRAIN_000174,Limosilactobacillus reuteri,NC_0024,4,INNER_VAL
2,STRAIN_000214,Lactiplantibacillus plantarum subsp. plantarum,NC_0003,3,INNER_VAL
2,STRAIN_000218,Pseudomonas fluorescens,NC_0211,5,INNER_VAL
2,STRAIN_000251,Limosilactobacillus reuteri,NC_0225,4,INNER_VAL
2,STRAIN_000277,Streptococcus thermophilus,NC_0239,3,INNER_VAL
2,STRAIN_000288,Bifidobacterium pseudocatenulatum,NC_0242,4,INNER_VAL
2,STRAIN_000307,Lactococcus lactis subsp. lactis,NC_0252,4,INNER_VAL
2,STRAIN_000318,Lactiplantibacillus plantarum,NC_0003,3,INNER_VAL
2,STRAIN_000323,Levilactobacillus brevis,NC_0260,5,INNER_VAL
2,STRAIN_000324,Heyndrickxia coagulans,NC_0040,1,INNER_VAL
2,STRAIN_000332,Lactobacillus helveticus,NC_0264,5,INNER_VAL
2,STRAIN_000340,Lactiplantibacillus plantarum,NC_0003,3,INNER_VAL
2,STRAIN_000353,Heyndrickxia coagulans,NC_0040,1,INNER_VAL
2,STRAIN_000365,Bifidobacterium longum subsp. infantis,NC_0276,5,INNER_VAL
2,STRAIN_000374,Lactiplantibacillus plantarum,NC_0003,3,INNER_VAL
2,STRAIN_000376,Lactiplantibacillus plantarum,NC_0003,3,INNER_VAL
2,STRAIN_000379,Lacticaseibacillus casei DSM 20011 = JCM 1134 = ATCC 393,NC_0071,1,INNER_VAL
2,STRAIN_000403,Limosilactobacillus reuteri,NC_0024,4,INNER_VAL
2,STRAIN_000422,Bifidobacterium longum subsp. longum,NC_0292,1,INNER_VAL
2,STRAIN_000429,Limosilactobacillus fermentum,NC_0294,1,INNER_VAL
2,STRAIN_000437,Lactiplantibacillus plantarum,NC_0003,3,INNER_VAL
2,STRAIN_000448,Lactiplantibacillus plantarum,NC_0003,3,INNER_VAL
2,STRAIN_000453,Levilactobacillus brevis,NC_0305,3,INNER_VAL
2,STRAIN_000479,Lactiplantibacillus plantarum,NC_0046,4,INNER_VAL
2,STRAIN_000510,Streptococcus thermophilus,NC_0328,4,INNER_VAL
2,STRAIN_000516,Heyndrickxia coagulans,NC_0040,1,INNER_VAL
2,STRAIN_000519,Limosilactobacillus fermentum,NC_0333,1,INNER_VAL
2,STRAIN_000523,Bifidobacterium longum,NC_0334,5,INNER_VAL
2,STRAIN_000524,Bifidobacterium breve,NC_0335,3,INNER_VAL
2,STRAIN_000534,Lacticaseibacillus paracasei,NC_0092,5,INNER_VAL
2,STRAIN_000536,Lactococcus lactis subsp. lactis,NC_0340,1,INNER_VAL
2,STRAIN_000540,Lacticaseibacillus paracasei,NC_0092,5,INNER_VAL
2,STRAIN_000544,Lactiplantibacillus plantarum,NC_0003,3,INNER_VAL
2,STRAIN_000550,Lactiplantibacillus plantarum,NC_0096,5,INNER_VAL
2,STRAIN_000555,Levilactobacillus brevis,NC_0343,1,INNER_VAL
2,STRAIN_000570,Lactiplantibacillus plantarum,NC_0003,3,INNER_VAL
2,STRAIN_000572,Bifidobacterium longum subsp. longum,NC_0348,4,INNER_VAL
2,STRAIN_000610,Heyndrickxia coagulans,NC_0040,1,INNER_VAL
2,STRAIN_000623,Lactiplantibacillus plantarum,NC_0003,3,INNER_VAL
2,STRAIN_000641,Levilactobacillus brevis,NC_0102,4,INNER_VAL
2,STRAIN_000654,Lacticaseibacillus rhamnosus,NC_0373,3,INNER_VAL
2,STRAIN_000661,Lactiplantibacillus plantarum,NC_0003,3,INNER_VAL
2,STRAIN_000664,Lactiplantibacillus plantarum,NC_0003,3,INNER_VAL
2,STRAIN_000669,Lactiplantibacillus plantarum,NC_0003,3,INNER_VAL
2,STRAIN_000674,Lactiplantibacillus plantarum,NC_0003,3,INNER_VAL
2,STRAIN_000704,Lactiplantibacillus plantarum,NC_0003,3,INNER_VAL
2,STRAIN_000710,Lactiplantibacillus plantarum,NC_0003,3,INNER_VAL
2,STRAIN_000730,Lactiplantibacillus plantarum,NC_0003,3,INNER_VAL
2,STRAIN_000741,Lactiplantibacillus plantarum,NC_0003,3,INNER_VAL
2,STRAIN_000759,Bifidobacterium longum subsp. longum,NC_0413,1,INNER_VAL
2,STRAIN_000791,Lactiplantibacillus plantarum subsp. plantarum,NC_0003,3,INNER_VAL
2,STRAIN_000793,Lactiplantibacillus plantarum,NC_0003,3,INNER_VAL
2,STRAIN_000797,Lactiplantibacillus plantarum subsp. plantarum,NC_0003,3,INNER_VAL
2,STRAIN_000808,Limosilactobacillus reuteri,NC_0430,3,INNER_VAL
2,STRAIN_000828,Lactiplantibacillus plantarum,NC_0003,3,INNER_VAL
2,STRAIN_000830,Lactiplantibacillus plantarum,NC_0003,3,INNER_VAL
2,STRAIN_000841,Lactiplantibacillus plantarum,NC_0003,3,INNER_VAL
2,STRAIN_000875,Limosilactobacillus reuteri,NC_0024,4,INNER_VAL
2,STRAIN_000895,Limosilactobacillus reuteri,NC_0456,3,INNER_VAL
2,STRAIN_000902,Lactiplantibacillus plantarum,NC_0457,3,INNER_VAL
2,STRAIN_000906,Lactiplantibacillus plantarum,NC_0046,4,INNER_VAL
2,STRAIN_000928,Lactiplantibacillus plantarum,NC_0096,5,INNER_VAL
2,STRAIN_000931,Limosilactobacillus reuteri,NC_0024,4,INNER_VAL
2,STRAIN_000944,Levilactobacillus brevis,NC_0471,4,INNER_VAL
2,STRAIN_000964,Lactiplantibacillus plantarum,NC_0003,3,INNER_VAL
2,STRAIN_000988,Levilactobacillus brevis,NC_0102,4,INNER_VAL
2,STRAIN_000989,Lactiplantibacillus plantarum,NC_0003,3,INNER_VAL
2,STRAIN_000990,Lactiplantibacillus plantarum,NC_0003,3,INNER_VAL
2,STRAIN_001009,Streptococcus thermophilus,NC_0482,1,INNER_VAL
2,STRAIN_001013,Lactobacillus acidophilus,NC_0485,1,INNER_VAL
2,STRAIN_000025,Lactiplantibacillus plantarum,NC_0008,2,OUTER_HOLDOUT_UNTOUCHED
2,STRAIN_000026,Bifidobacterium longum subsp. infantis,NC_0011,2,OUTER_HOLDOUT_UNTOUCHED
2,STRAIN_000027,Bifidobacterium longum subsp. infantis,NC_0011,2,OUTER_HOLDOUT_UNTOUCHED
2,STRAIN_000045,Bifidobacterium longum subsp. infantis,NC_0011,2,OUTER_HOLDOUT_UNTOUCHED
2,STRAIN_000046,Bifidobacterium longum subsp. infantis,NC_0011,2,OUTER_HOLDOUT_UNTOUCHED
2,STRAIN_000047,Bifidobacterium longum subsp. infantis,NC_0011,2,OUTER_HOLDOUT_UNTOUCHED
2,STRAIN_000049,Bifidobacterium longum subsp. infantis,NC_0011,2,OUTER_HOLDOUT_UNTOUCHED
2,STRAIN_000050,Bifidobacterium longum subsp. infantis,NC_0011,2,OUTER_HOLDOUT_UNTOUCHED
2,STRAIN_000051,Bifidobacterium longum subsp. infantis,NC_0011,2,OUTER_HOLDOUT_UNTOUCHED
2,STRAIN_000052,Bifidobacterium longum subsp. infantis,NC_0011,2,OUTER_HOLDOUT_UNTOUCHED
2,STRAIN_000053,Bifidobacterium longum subsp. infantis,NC_0011,2,OUTER_HOLDOUT_UNTOUCHED
2,STRAIN_000054,Bifidobacterium longum subsp. infantis,NC_0011,2,OUTER_HOLDOUT_UNTOUCHED
2,STRAIN_000055,Bifidobacterium longum subsp. infantis,NC_0011,2,OUTER_HOLDOUT_UNTOUCHED
2,STRAIN_000060,Lactiplantibacillus plantarum,NC_0008,2,OUTER_HOLDOUT_UNTOUCHED
2,STRAIN_000066,Lactiplantibacillus plantarum,NC_0008,2,OUTER_HOLDOUT_UNTOUCHED
2,STRAIN_000067,Lacticaseibacillus rhamnosus,NC_0019,2,OUTER_HOLDOUT_UNTOUCHED
2,STRAIN_000073,Lactococcus lactis,NC_0126,2,OUTER_HOLDOUT_UNTOUCHED
2,STRAIN_000078,Bifidobacterium longum subsp. longum,NC_0047,2,OUTER_HOLDOUT_UNTOUCHED
2,STRAIN_000087,Lactobacillus johnsonii,NC_0136,2,OUTER_HOLDOUT_UNTOUCHED
2,STRAIN_000100,Bifidobacterium longum,NC_0145,2,OUTER_HOLDOUT_UNTOUCHED
2,STRAIN_000101,Lactobacillus johnsonii,NC_0146,2,OUTER_HOLDOUT_UNTOUCHED
2,STRAIN_000109,Bifidobacterium adolescentis,NC_0150,2,OUTER_HOLDOUT_UNTOUCHED
2,STRAIN_000126,Lactococcus cremoris subsp. cremoris,NC_0072,2,OUTER_HOLDOUT_UNTOUCHED
2,STRAIN_000128,Enterobacter sp. 638,NC_0162,2,OUTER_HOLDOUT_UNTOUCHED
2,STRAIN_000136,Gluconacetobacter diazotrophicus PA1 5,NC_0167,2,OUTER_HOLDOUT_UNTOUCHED
2,STRAIN_000137,Bifidobacterium animalis subsp. lactis,NC_0004,2,OUTER_HOLDOUT_UNTOUCHED
2,STRAIN_000138,Bifidobacterium animalis subsp. lactis,NC_0004,2,OUTER_HOLDOUT_UNTOUCHED
2,STRAIN_000139,Bifidobacterium animalis subsp. lactis,NC_0004,2,OUTER_HOLDOUT_UNTOUCHED
2,STRAIN_000140,Lactiplantibacillus plantarum,NC_0008,2,OUTER_HOLDOUT_UNTOUCHED
2,STRAIN_000141,Micrococcus luteus NCTC 2665,NC_0168,2,OUTER_HOLDOUT_UNTOUCHED
2,STRAIN_000144,Lactococcus lactis subsp. lactis,NC_0074,2,OUTER_HOLDOUT_UNTOUCHED
2,STRAIN_000145,Bifidobacterium animalis subsp. lactis,NC_0004,2,OUTER_HOLDOUT_UNTOUCHED
2,STRAIN_000156,Bifidobacterium animalis subsp. lactis,NC_0004,2,OUTER_HOLDOUT_UNTOUCHED
2,STRAIN_000160,Micromonospora aurantiaca,NC_0178,2,OUTER_HOLDOUT_UNTOUCHED
2,STRAIN_000171,Ligilactobacillus salivarius DSM 20555 =,NC_0183,2,OUTER_HOLDOUT_UNTOUCHED
2,STRAIN_000176,Lactobacillus helveticus,NC_0185,2,OUTER_HOLDOUT_UNTOUCHED
2,STRAIN_000179,Bifidobacterium longum subsp. longum,NC_0188,2,OUTER_HOLDOUT_UNTOUCHED
2,STRAIN_000195,Bdellovibrio bacteriovorus,NC_0198,2,OUTER_HOLDOUT_UNTOUCHED
2,STRAIN_000200,Bifidobacterium longum subsp. longum,NC_0201,2,OUTER_HOLDOUT_UNTOUCHED
2,STRAIN_000201,Lactobacillus kefiranofaciens subsp. kefiranofaciens,NC_0202,2,OUTER_HOLDOUT_UNTOUCHED
2,STRAIN_000204,Bifidobacterium breve,NC_0076,2,OUTER_HOLDOUT_UNTOUCHED
2,STRAIN_000205,Bifidobacterium animalis subsp. lactis,NC_0004,2,OUTER_HOLDOUT_UNTOUCHED
2,STRAIN_000206,Bifidobacterium animalis subsp. lactis,NC_0004,2,OUTER_HOLDOUT_UNTOUCHED
2,STRAIN_000210,Bacillus subtilis subsp. subtilis str.,NC_0207,2,OUTER_HOLDOUT_UNTOUCHED
2,STRAIN_000212,Limosilactobacillus reuteri subsp. suis,NC_0077,2,OUTER_HOLDOUT_UNTOUCHED
2,STRAIN_000213,Lactococcus cremoris subsp. cremoris,NC_0208,2,OUTER_HOLDOUT_UNTOUCHED
2,STRAIN_000220,Bifidobacterium bifidum,NC_0212,2,OUTER_HOLDOUT_UNTOUCHED
2,STRAIN_000222,Bifidobacterium animalis subsp. lactis,NC_0004,2,OUTER_HOLDOUT_UNTOUCHED
2,STRAIN_000223,Bifidobacterium animalis subsp. lactis,NC_0004,2,OUTER_HOLDOUT_UNTOUCHED
2,STRAIN_000225,Tetragenococcus halophilus,NC_0214,2,OUTER_HOLDOUT_UNTOUCHED
2,STRAIN_000226,Streptococcus salivarius,NC_0215,2,OUTER_HOLDOUT_UNTOUCHED
2,STRAIN_000227,Bifidobacterium asteroides,NC_0216,2,OUTER_HOLDOUT_UNTOUCHED
2,STRAIN_000232,Streptococcus thermophilus,NC_0218,2,OUTER_HOLDOUT_UNTOUCHED
2,STRAIN_000242,Limosilactobacillus fermentum,NC_0221,2,OUTER_HOLDOUT_UNTOUCHED
2,STRAIN_000246,Bifidobacterium animalis subsp. lactis,NC_0004,2,OUTER_HOLDOUT_UNTOUCHED
2,STRAIN_000247,Lacticaseibacillus rhamnosus,NC_0223,2,OUTER_HOLDOUT_UNTOUCHED
2,STRAIN_000253,Limosilactobacillus fermentum,NC_0226,2,OUTER_HOLDOUT_UNTOUCHED
2,STRAIN_000258,Bifidobacterium animalis subsp. lactis,NC_0004,2,OUTER_HOLDOUT_UNTOUCHED
2,STRAIN_000262,Lactococcus lactis subsp. lactis,NC_0074,2,OUTER_HOLDOUT_UNTOUCHED
2,STRAIN_000264,Pediococcus pentosaceus,NC_0230,2,OUTER_HOLDOUT_UNTOUCHED
2,STRAIN_000272,Lactobacillus helveticus,NC_0236,2,OUTER_HOLDOUT_UNTOUCHED
2,STRAIN_000275,Bifidobacterium breve,NC_0080,2,OUTER_HOLDOUT_UNTOUCHED
2,STRAIN_000279,Bifidobacterium animalis subsp. lactis,NC_0004,2,OUTER_HOLDOUT_UNTOUCHED
2,STRAIN_000280,Lacticaseibacillus casei DSM 20011 = JCM 1134 = ATCC 393,NC_0020,2,OUTER_HOLDOUT_UNTOUCHED
2,STRAIN_000282,Bifidobacterium animalis,NC_0004,2,OUTER_HOLDOUT_UNTOUCHED
2,STRAIN_000291,Bifidobacterium longum subsp. infantis,NC_0011,2,OUTER_HOLDOUT_UNTOUCHED
2,STRAIN_000292,Lactiplantibacillus plantarum,NC_0033,2,OUTER_HOLDOUT_UNTOUCHED
2,STRAIN_000294,Bifidobacterium adolescentis,NC_0245,2,OUTER_HOLDOUT_UNTOUCHED
2,STRAIN_000300,Limosilactobacillus reuteri,NC_0249,2,OUTER_HOLDOUT_UNTOUCHED
2,STRAIN_000306,Bifidobacterium pseudolongum,NC_0251,2,OUTER_HOLDOUT_UNTOUCHED
2,STRAIN_000309,Bifidobacterium animalis subsp. lactis KLDS2.0603,NC_0004,2,OUTER_HOLDOUT_UNTOUCHED
2,STRAIN_000310,Bifidobacterium animalis,NC_0004,2,OUTER_HOLDOUT_UNTOUCHED
2,STRAIN_000313,Bifidobacterium animalis subsp. lactis,NC_0004,2,OUTER_HOLDOUT_UNTOUCHED
2,STRAIN_000315,Lacticaseibacillus paracasei subsp. paracasei,NC_0034,2,OUTER_HOLDOUT_UNTOUCHED
2,STRAIN_000316,Lacticaseibacillus casei DSM 20011 = JCM 1134 =,NC_0020,2,OUTER_HOLDOUT_UNTOUCHED
2,STRAIN_000319,Heyndrickxia coagulans DSM 1 =,NC_0257,2,OUTER_HOLDOUT_UNTOUCHED
2,STRAIN_000320,Lactococcus lactis subsp. lactis,NC_0039,2,OUTER_HOLDOUT_UNTOUCHED
2,STRAIN_000344,Levilactobacillus brevis,NC_0083,2,OUTER_HOLDOUT_UNTOUCHED
2,STRAIN_000351,Bifidobacterium catenulatum DSM 16992 = JCM 1194 = LMG 11043,NC_0273,2,OUTER_HOLDOUT_UNTOUCHED
2,STRAIN_000356,Bifidobacterium longum subsp. infantis,NC_0274,2,OUTER_HOLDOUT_UNTOUCHED
2,STRAIN_000360,Bifidobacterium animalis subsp. lactis,NC_0004,2,OUTER_HOLDOUT_UNTOUCHED
2,STRAIN_000361,Bifidobacterium animalis subsp. lactis,NC_0004,2,OUTER_HOLDOUT_UNTOUCHED
2,STRAIN_000363,Lactiplantibacillus plantarum,NC_0042,2,OUTER_HOLDOUT_UNTOUCHED
2,STRAIN_000366,Bifidobacterium bifidum,NC_0277,2,OUTER_HOLDOUT_UNTOUCHED
2,STRAIN_000377,Limosilactobacillus fermentum,NC_0280,2,OUTER_HOLDOUT_UNTOUCHED
2,STRAIN_000378,Lactiplantibacillus plantarum,NC_0033,2,OUTER_HOLDOUT_UNTOUCHED
2,STRAIN_000384,Lacticaseibacillus paracasei subsp. tolerans,NC_0056,2,OUTER_HOLDOUT_UNTOUCHED
2,STRAIN_000386,Bifidobacterium longum subsp. longum,NC_0282,2,OUTER_HOLDOUT_UNTOUCHED
2,STRAIN_000391,Lacticaseibacillus paracasei,NC_0034,2,OUTER_HOLDOUT_UNTOUCHED
2,STRAIN_000402,Clostridium butyricum,NC_0285,2,OUTER_HOLDOUT_UNTOUCHED
2,STRAIN_000407,Lactiplantibacillus plantarum,NC_0286,2,OUTER_HOLDOUT_UNTOUCHED
2,STRAIN_000413,Lactobacillus helveticus,NC_0088,2,OUTER_HOLDOUT_UNTOUCHED
2,STRAIN_000415,Streptococcus thermophilus,NC_0289,2,OUTER_HOLDOUT_UNTOUCHED
2,STRAIN_000421,Latilactobacillus curvatus,NC_0291,2,OUTER_HOLDOUT_UNTOUCHED
2,STRAIN_000424,Lactiplantibacillus plantarum,NC_0042,2,OUTER_HOLDOUT_UNTOUCHED
2,STRAIN_000425,Lactobacillus helveticus,NC_0088,2,OUTER_HOLDOUT_UNTOUCHED
2,STRAIN_000427,Lactiplantibacillus plantarum,NC_0008,2,OUTER_HOLDOUT_UNTOUCHED
2,STRAIN_000434,Lactiplantibacillus plantarum,NC_0057,2,OUTER_HOLDOUT_UNTOUCHED
2,STRAIN_000439,Limosilactobacillus reuteri,NC_0298,2,OUTER_HOLDOUT_UNTOUCHED
2,STRAIN_000446,Lacticaseibacillus rhamnosus,NC_0019,2,OUTER_HOLDOUT_UNTOUCHED
2,STRAIN_000449,Bifidobacterium breve,NC_0303,2,OUTER_HOLDOUT_UNTOUCHED
2,STRAIN_000450,Lactobacillus delbrueckii subsp. bulgaricus,NC_0304,2,OUTER_HOLDOUT_UNTOUCHED
2,STRAIN_000466,Lactococcus cremoris,NC_0072,2,OUTER_HOLDOUT_UNTOUCHED
2,STRAIN_000473,Latilactobacillus sakei,NC_0312,2,OUTER_HOLDOUT_UNTOUCHED
2,STRAIN_000474,Bifidobacterium adolescentis,NC_0313,2,OUTER_HOLDOUT_UNTOUCHED
2,STRAIN_000485,Limosilactobacillus fermentum,NC_0316,2,OUTER_HOLDOUT_UNTOUCHED
2,STRAIN_000491,Bifidobacterium animalis,NC_0004,2,OUTER_HOLDOUT_UNTOUCHED
2,STRAIN_000514,Lactiplantibacillus plantarum,NC_0008,2,OUTER_HOLDOUT_UNTOUCHED
2,STRAIN_000546,Lactiplantibacillus plantarum,NC_0008,2,OUTER_HOLDOUT_UNTOUCHED
2,STRAIN_000551,Lacticaseibacillus rhamnosus,NC_0019,2,OUTER_HOLDOUT_UNTOUCHED
2,STRAIN_000553,Lacticaseibacillus casei,NC_0020,2,OUTER_HOLDOUT_UNTOUCHED
2,STRAIN_000557,Limosilactobacillus reuteri,NC_0344,2,OUTER_HOLDOUT_UNTOUCHED
2,STRAIN_000558,Lactiplantibacillus plantarum,NC_0097,2,OUTER_HOLDOUT_UNTOUCHED
2,STRAIN_000565,Limosilactobacillus reuteri,NC_0345,2,OUTER_HOLDOUT_UNTOUCHED
2,STRAIN_000577,Lactiplantibacillus plantarum,NC_0057,2,OUTER_HOLDOUT_UNTOUCHED
2,STRAIN_000578,Lactiplantibacillus plantarum,NC_0033,2,OUTER_HOLDOUT_UNTOUCHED
2,STRAIN_000582,Lactiplantibacillus plantarum,NC_0042,2,OUTER_HOLDOUT_UNTOUCHED
2,STRAIN_000585,Bifidobacterium animalis subsp. lactis,NC_0004,2,OUTER_HOLDOUT_UNTOUCHED
2,STRAIN_000587,Lacticaseibacillus paracasei,NC_0352,2,OUTER_HOLDOUT_UNTOUCHED
2,STRAIN_000591,Lactiplantibacillus plantarum,NC_0008,2,OUTER_HOLDOUT_UNTOUCHED
2,STRAIN_000595,Limosilactobacillus fermentum,NC_0356,2,OUTER_HOLDOUT_UNTOUCHED
2,STRAIN_000596,Limosilactobacillus reuteri,NC_0357,2,OUTER_HOLDOUT_UNTOUCHED
2,STRAIN_000598,Lactiplantibacillus plantarum,NC_0033,2,OUTER_HOLDOUT_UNTOUCHED
2,STRAIN_000604,Bifidobacterium animalis subsp. lactis,NC_0004,2,OUTER_HOLDOUT_UNTOUCHED
2,STRAIN_000615,Bifidobacterium animalis,NC_0004,2,OUTER_HOLDOUT_UNTOUCHED
2,STRAIN_000626,Lactococcus lactis subsp. lactis,NC_0039,2,OUTER_HOLDOUT_UNTOUCHED
2,STRAIN_000627,Lacticaseibacillus paracasei subsp. paracasei,NC_0034,2,OUTER_HOLDOUT_UNTOUCHED
2,STRAIN_000634,Bifidobacterium bifidum,NC_0101,2,OUTER_HOLDOUT_UNTOUCHED
2,STRAIN_000637,Bifidobacterium longum subsp. infantis,NC_0011,2,OUTER_HOLDOUT_UNTOUCHED
2,STRAIN_000639,Lacticaseibacillus rhamnosus,NC_0019,2,OUTER_HOLDOUT_UNTOUCHED
2,STRAIN_000642,Levilactobacillus brevis,NC_0369,2,OUTER_HOLDOUT_UNTOUCHED
2,STRAIN_000643,Levilactobacillus brevis,NC_0370,2,OUTER_HOLDOUT_UNTOUCHED
2,STRAIN_000647,Lacticaseibacillus paracasei subsp. paracasei,NC_0034,2,OUTER_HOLDOUT_UNTOUCHED
2,STRAIN_000648,Lacticaseibacillus paracasei subsp. tolerans,NC_0056,2,OUTER_HOLDOUT_UNTOUCHED
2,STRAIN_000651,Lacticaseibacillus rhamnosus,NC_0019,2,OUTER_HOLDOUT_UNTOUCHED
2,STRAIN_000658,Bifidobacterium breve,NC_0076,2,OUTER_HOLDOUT_UNTOUCHED
2,STRAIN_000665,Lacticaseibacillus paracasei,NC_0379,2,OUTER_HOLDOUT_UNTOUCHED
2,STRAIN_000675,Lactiplantibacillus plantarum,NC_0008,2,OUTER_HOLDOUT_UNTOUCHED
2,STRAIN_000681,Bifidobacterium animalis,NC_0004,2,OUTER_HOLDOUT_UNTOUCHED
2,STRAIN_000696,Lactococcus lactis subsp. lactis,NC_0039,2,OUTER_HOLDOUT_UNTOUCHED
2,STRAIN_000702,Lacticaseibacillus paracasei,NC_0034,2,OUTER_HOLDOUT_UNTOUCHED
2,STRAIN_000713,Lactiplantibacillus plantarum subsp. plantarum,NC_0033,2,OUTER_HOLDOUT_UNTOUCHED
2,STRAIN_000719,Bifidobacterium longum subsp. longum,NC_0047,2,OUTER_HOLDOUT_UNTOUCHED
2,STRAIN_000728,Lacticaseibacillus casei,NC_0020,2,OUTER_HOLDOUT_UNTOUCHED
2,STRAIN_000729,Lacticaseibacillus casei,NC_0020,2,OUTER_HOLDOUT_UNTOUCHED
2,STRAIN_000735,Bifidobacterium adolescentis,NC_0403,2,OUTER_HOLDOUT_UNTOUCHED
2,STRAIN_000737,Bifidobacterium animalis subsp. lactis,NC_0004,2,OUTER_HOLDOUT_UNTOUCHED
2,STRAIN_000743,Bifidobacterium animalis subsp. lactis,NC_0004,2,OUTER_HOLDOUT_UNTOUCHED
2,STRAIN_000744,Bifidobacterium animalis subsp. lactis,NC_0004,2,OUTER_HOLDOUT_UNTOUCHED
2,STRAIN_000745,Bifidobacterium animalis subsp. lactis,NC_0004,2,OUTER_HOLDOUT_UNTOUCHED
2,STRAIN_000756,Limosilactobacillus fermentum,NC_0410,2,OUTER_HOLDOUT_UNTOUCHED
2,STRAIN_000761,Streptococcus thermophilus,NC_0104,2,OUTER_HOLDOUT_UNTOUCHED
2,STRAIN_000762,Streptococcus thermophilus,NC_0104,2,OUTER_HOLDOUT_UNTOUCHED
2,STRAIN_000766,Lactobacillus delbrueckii subsp. lactis,NC_0415,2,OUTER_HOLDOUT_UNTOUCHED
2,STRAIN_000768,Lactiplantibacillus plantarum,NC_0008,2,OUTER_HOLDOUT_UNTOUCHED
2,STRAIN_000780,Bifidobacterium pseudocatenulatum,NC_0418,2,OUTER_HOLDOUT_UNTOUCHED
2,STRAIN_000783,Bifidobacterium bifidum,NC_0101,2,OUTER_HOLDOUT_UNTOUCHED
2,STRAIN_000785,Lactiplantibacillus plantarum,NC_0420,2,OUTER_HOLDOUT_UNTOUCHED
2,STRAIN_000794,Lactococcus lactis,NC_0039,2,OUTER_HOLDOUT_UNTOUCHED
2,STRAIN_000796,Lactiplantibacillus plantarum,NC_0424,2,OUTER_HOLDOUT_UNTOUCHED
2,STRAIN_000803,Lactiplantibacillus plantarum,NC_0427,2,OUTER_HOLDOUT_UNTOUCHED
2,STRAIN_000806,Bifidobacterium longum subsp. longum,NC_0047,2,OUTER_HOLDOUT_UNTOUCHED
2,STRAIN_000812,Bifidobacterium breve,NC_0080,2,OUTER_HOLDOUT_UNTOUCHED
2,STRAIN_000818,Lactiplantibacillus plantarum,NC_0431,2,OUTER_HOLDOUT_UNTOUCHED
2,STRAIN_000832,Lacticaseibacillus paracasei,NC_0056,2,OUTER_HOLDOUT_UNTOUCHED
2,STRAIN_000834,Levilactobacillus brevis,NC_0083,2,OUTER_HOLDOUT_UNTOUCHED
2,STRAIN_000840,Streptococcus thermophilus,NC_0439,2,OUTER_HOLDOUT_UNTOUCHED
2,STRAIN_000855,Lacticaseibacillus rhamnosus,NC_0019,2,OUTER_HOLDOUT_UNTOUCHED
2,STRAIN_000856,Limosilactobacillus reuteri,NC_0443,2,OUTER_HOLDOUT_UNTOUCHED
2,STRAIN_000857,Lactiplantibacillus plantarum,NC_0008,2,OUTER_HOLDOUT_UNTOUCHED
2,STRAIN_000859,Lactiplantibacillus plantarum,NC_0008,2,OUTER_HOLDOUT_UNTOUCHED
2,STRAIN_000866,Bifidobacterium adolescentis,NC_0445,2,OUTER_HOLDOUT_UNTOUCHED
2,STRAIN_000869,Lacticaseibacillus rhamnosus,NC_0019,2,OUTER_HOLDOUT_UNTOUCHED
2,STRAIN_000874,Bifidobacterium breve,NC_0450,2,OUTER_HOLDOUT_UNTOUCHED
2,STRAIN_000881,Limosilactobacillus reuteri,NC_0452,2,OUTER_HOLDOUT_UNTOUCHED
2,STRAIN_000882,Lactiplantibacillus plantarum,NC_0097,2,OUTER_HOLDOUT_UNTOUCHED
2,STRAIN_000883,Lactiplantibacillus plantarum,NC_0008,2,OUTER_HOLDOUT_UNTOUCHED
2,STRAIN_000893,Lactococcus lactis,NC_0455,2,OUTER_HOLDOUT_UNTOUCHED
2,STRAIN_000900,Bifidobacterium animalis,NC_0004,2,OUTER_HOLDOUT_UNTOUCHED
2,STRAIN_000903,Lacticaseibacillus rhamnosus,NC_0019,2,OUTER_HOLDOUT_UNTOUCHED
2,STRAIN_000904,Lacticaseibacillus rhamnosus,NC_0019,2,OUTER_HOLDOUT_UNTOUCHED
2,STRAIN_000905,Limosilactobacillus fermentum,NC_0458,2,OUTER_HOLDOUT_UNTOUCHED
2,STRAIN_000909,Lactiplantibacillus plantarum,NC_0008,2,OUTER_HOLDOUT_UNTOUCHED
2,STRAIN_000912,Lacticaseibacillus casei,NC_0020,2,OUTER_HOLDOUT_UNTOUCHED
2,STRAIN_000919,Lacticaseibacillus casei,NC_0020,2,OUTER_HOLDOUT_UNTOUCHED
2,STRAIN_000929,Lacticaseibacillus casei,NC_0020,2,OUTER_HOLDOUT_UNTOUCHED
2,STRAIN_000935,Lactiplantibacillus plantarum,NC_0008,2,OUTER_HOLDOUT_UNTOUCHED
2,STRAIN_000941,Limosilactobacillus reuteri,NC_0470,2,OUTER_HOLDOUT_UNTOUCHED
2,STRAIN_000942,Lactiplantibacillus plantarum,NC_0042,2,OUTER_HOLDOUT_UNTOUCHED
2,STRAIN_000951,Lactiplantibacillus plantarum,NC_0008,2,OUTER_HOLDOUT_UNTOUCHED
2,STRAIN_000969,Lactobacillus acidophilus,NC_0477,2,OUTER_HOLDOUT_UNTOUCHED
2,STRAIN_000976,Lactiplantibacillus plantarum subsp. plantarum,NC_0479,2,OUTER_HOLDOUT_UNTOUCHED
2,STRAIN_000977,Lactiplantibacillus plantarum,NC_0057,2,OUTER_HOLDOUT_UNTOUCHED
2,STRAIN_000979,Limosilactobacillus fermentum,NC_0480,2,OUTER_HOLDOUT_UNTOUCHED
2,STRAIN_000995,Bifidobacterium animalis subsp. lactis,NC_0004,2,OUTER_HOLDOUT_UNTOUCHED
2,STRAIN_001015,Limosilactobacillus reuteri,NC_0077,2,OUTER_HOLDOUT_UNTOUCHED
3,STRAIN_000002,Lactiplantibacillus plantarum,NC_0017,1,INNER_TRAIN
3,STRAIN_000004,Lacticaseibacillus casei,NC_0064,4,INNER_TRAIN
3,STRAIN_000005,Lacticaseibacillus casei,NC_0064,4,INNER_TRAIN
3,STRAIN_000006,Lacticaseibacillus casei,NC_0108,5,INNER_TRAIN
3,STRAIN_000007,Bifidobacterium longum subsp. infantis,NC_0018,5,INNER_TRAIN
3,STRAIN_000008,Bifidobacterium longum subsp. infantis,NC_0018,5,INNER_TRAIN
3,STRAIN_000009,Bifidobacterium longum subsp. infantis,NC_0018,5,INNER_TRAIN
3,STRAIN_000010,Bifidobacterium longum subsp. infantis,NC_0018,5,INNER_TRAIN
3,STRAIN_000011,Bifidobacterium longum subsp. infantis,NC_0018,5,INNER_TRAIN
3,STRAIN_000013,Bifidobacterium longum subsp. longum,NC_0035,4,INNER_TRAIN
3,STRAIN_000014,Bifidobacterium longum subsp. longum,NC_0035,4,INNER_TRAIN
3,STRAIN_000015,Limosilactobacillus fermentum,NC_0036,1,INNER_TRAIN
3,STRAIN_000016,Lacticaseibacillus rhamnosus,NC_0023,4,INNER_TRAIN
3,STRAIN_000017,Lactobacillus acidophilus,NC_0002,4,INNER_TRAIN
3,STRAIN_000018,Bifidobacterium longum subsp. longum,NC_0027,5,INNER_TRAIN
3,STRAIN_000019,Bifidobacterium longum subsp. longum,NC_0027,5,INNER_TRAIN
3,STRAIN_000020,Bifidobacterium longum subsp. longum,NC_0027,5,INNER_TRAIN
3,STRAIN_000021,Bifidobacterium longum subsp. longum,NC_0027,5,INNER_TRAIN
3,STRAIN_000022,Bifidobacterium longum subsp. longum,NC_0035,4,INNER_TRAIN
3,STRAIN_000023,Bifidobacterium longum subsp. longum,NC_0109,5,INNER_TRAIN
3,STRAIN_000024,Bifidobacterium bifidum LMG 13195,NC_0110,5,INNER_TRAIN
3,STRAIN_000025,Lactiplantibacillus plantarum,NC_0008,2,INNER_TRAIN
3,STRAIN_000026,Bifidobacterium longum subsp. infantis,NC_0011,2,INNER_TRAIN
3,STRAIN_000027,Bifidobacterium longum subsp. infantis,NC_0011,2,INNER_TRAIN
3,STRAIN_000028,Lactiplantibacillus plantarum,NC_0111,4,INNER_TRAIN
3,STRAIN_000029,Lactobacillus acidophilus,NC_0002,4,INNER_TRAIN
3,STRAIN_000030,Bifidobacterium longum subsp. infantis,NC_0045,4,INNER_TRAIN
3,STRAIN_000033,Limosilactobacillus reuteri,NC_0065,1,INNER_TRAIN
3,STRAIN_000034,Bifidobacterium longum subsp. longum,NC_0114,4,INNER_TRAIN
3,STRAIN_000035,Lactiplantibacillus plantarum,NC_0066,4,INNER_TRAIN
3,STRAIN_000037,Lactiplantibacillus plantarum,NC_0046,4,INNER_TRAIN
3,STRAIN_000038,Lactiplantibacillus plantarum,NC_0006,5,INNER_TRAIN
3,STRAIN_000039,Lactiplantibacillus plantarum,NC_0009,5,INNER_TRAIN
3,STRAIN_000041,Lactiplantibacillus plantarum,NC_0009,5,INNER_TRAIN
3,STRAIN_000042,Lactiplantibacillus plantarum,NC_0009,5,INNER_TRAIN
3,STRAIN_000045,Bifidobacterium longum subsp. infantis,NC_0011,2,INNER_TRAIN
3,STRAIN_000046,Bifidobacterium longum subsp. infantis,NC_0011,2,INNER_TRAIN
3,STRAIN_000047,Bifidobacterium longum subsp. infantis,NC_0011,2,INNER_TRAIN
3,STRAIN_000048,Bifidobacterium longum subsp. infantis,NC_0045,4,INNER_TRAIN
3,STRAIN_000049,Bifidobacterium longum subsp. infantis,NC_0011,2,INNER_TRAIN
3,STRAIN_000050,Bifidobacterium longum subsp. infantis,NC_0011,2,INNER_TRAIN
3,STRAIN_000051,Bifidobacterium longum subsp. infantis,NC_0011,2,INNER_TRAIN
3,STRAIN_000052,Bifidobacterium longum subsp. infantis,NC_0011,2,INNER_TRAIN
3,STRAIN_000053,Bifidobacterium longum subsp. infantis,NC_0011,2,INNER_TRAIN
3,STRAIN_000054,Bifidobacterium longum subsp. infantis,NC_0011,2,INNER_TRAIN
3,STRAIN_000055,Bifidobacterium longum subsp. infantis,NC_0011,2,INNER_TRAIN
3,STRAIN_000056,Lacticaseibacillus rhamnosus,NC_0005,5,INNER_TRAIN
3,STRAIN_000057,Lactococcus lactis subsp. lactis,NC_0118,5,INNER_TRAIN
3,STRAIN_000060,Lactiplantibacillus plantarum,NC_0008,2,INNER_TRAIN
3,STRAIN_000063,Lactobacillus acidophilus,NC_0002,4,INNER_TRAIN
3,STRAIN_000064,Lactococcus lactis,NC_0122,5,INNER_TRAIN
3,STRAIN_000066,Lactiplantibacillus plantarum,NC_0008,2,INNER_TRAIN
3,STRAIN_000067,Lacticaseibacillus rhamnosus,NC_0019,2,INNER_TRAIN
3,STRAIN_000069,Lactobacillus acidophilus,NC_0002,4,INNER_TRAIN
3,STRAIN_000070,Lacticaseibacillus rhamnosus,NC_0068,1,INNER_TRAIN
3,STRAIN_000071,Lactobacillus acidophilus,NC_0124,4,INNER_TRAIN
3,STRAIN_000072,Lactobacillus acidophilus,NC_0125,5,INNER_TRAIN
3,STRAIN_000073,Lactococcus lactis,NC_0126,2,INNER_TRAIN
3,STRAIN_000074,Streptococcus thermophilus,NC_0127,1,INNER_TRAIN
3,STRAIN_000075,Limosilactobacillus fermentum,NC_0128,1,INNER_TRAIN
3,STRAIN_000078,Bifidobacterium longum subsp. longum,NC_0047,2,INNER_TRAIN
3,STRAIN_000079,Bifidobacterium longum subsp. infantis,NC_0129,5,INNER_TRAIN
3,STRAIN_000080,Lactococcus lactis,NC_0130,4,INNER_TRAIN
3,STRAIN_000082,Limosilactobacillus reuteri,NC_0131,4,INNER_TRAIN
3,STRAIN_000085,Limosilactobacillus reuteri,NC_0134,5,INNER_TRAIN
3,STRAIN_000087,Lactobacillus johnsonii,NC_0136,2,INNER_TRAIN
3,STRAIN_000091,Lacticaseibacillus rhamnosus,NC_0005,5,INNER_TRAIN
3,STRAIN_000092,Lactiplantibacillus plantarum,NC_0006,5,INNER_TRAIN
3,STRAIN_000096,Escherichia coli str.,NC_0142,5,INNER_TRAIN
3,STRAIN_000097,Pseudomonas aeruginosa,NC_0143,4,INNER_TRAIN
3,STRAIN_000098,Lactococcus lactis subsp. lactis,NC_0016,4,INNER_TRAIN
3,STRAIN_000100,Bifidobacterium longum,NC_0145,2,INNER_TRAIN
3,STRAIN_000101,Lactobacillus johnsonii,NC_0146,2,INNER_TRAIN
3,STRAIN_000102,Ligilactobacillus salivarius,NC_0147,5,INNER_TRAIN
3,STRAIN_000103,Bifidobacterium longum,NC_0148,4,INNER_TRAIN
3,STRAIN_000104,Bacillus subtilis subsp. subtilis str.,NC_0012,4,INNER_TRAIN
3,STRAIN_000107,Limosilactobacillus reuteri subsp. reuteri,NC_0024,4,INNER_TRAIN
3,STRAIN_000109,Bifidobacterium adolescentis,NC_0150,2,INNER_TRAIN
3,STRAIN_000111,Azospirillum sp.,NC_0152,5,INNER_TRAIN
3,STRAIN_000113,Bradyrhizobium diazoefficiens USDA 110,NC_0153,1,INNER_TRAIN
3,STRAIN_000114,Streptococcus thermophilus,NC_0029,1,INNER_TRAIN
3,STRAIN_000115,Streptococcus thermophilus,NC_0029,1,INNER_TRAIN
3,STRAIN_000116,Cereibacter sphaeroides,NC_0154,5,INNER_TRAIN
3,STRAIN_000117,Frankia casuarinae,NC_0155,5,INNER_TRAIN
3,STRAIN_000118,Oenococcus oeni,NC_0156,1,INNER_TRAIN
3,STRAIN_000119,Lactobacillus delbrueckii subsp. bulgaricus,NC_0157,1,INNER_TRAIN
3,STRAIN_000120,Lactobacillus gasseri ATCC 33323 = JCM 1131,NC_0158,4,INNER_TRAIN
3,STRAIN_000121,Leuconostoc mesenteroides subsp. mesenteroides,NC_0159,4,INNER_TRAIN
3,STRAIN_000122,Levilactobacillus brevis,NC_0030,4,INNER_TRAIN
3,STRAIN_000123,Streptococcus thermophilus,NC_0007,4,INNER_TRAIN
3,STRAIN_000125,Lacticaseibacillus paracasei,NC_0071,1,INNER_TRAIN
3,STRAIN_000126,Lactococcus cremoris subsp. cremoris,NC_0072,2,INNER_TRAIN
3,STRAIN_000128,Enterobacter sp. 638,NC_0162,2,INNER_TRAIN
3,STRAIN_000129,Limosilactobacillus reuteri subsp. reuteri,NC_0024,4,INNER_TRAIN
3,STRAIN_000130,Lysinibacillus sphaericus,NC_0163,1,INNER_TRAIN
3,STRAIN_000134,Akkermansia muciniphila,NC_0166,1,INNER_TRAIN
3,STRAIN_000135,Bifidobacterium longum subsp. infantis ATCC 15697 = JCM 1222 = DSM 20088,NC_0018,5,INNER_TRAIN
3,STRAIN_000136,Gluconacetobacter diazotrophicus PA1 5,NC_0167,2,INNER_TRAIN
3,STRAIN_000137,Bifidobacterium animalis subsp. lactis,NC_0004,2,INNER_TRAIN
3,STRAIN_000138,Bifidobacterium animalis subsp. lactis,NC_0004,2,INNER_TRAIN
3,STRAIN_000139,Bifidobacterium animalis subsp. lactis,NC_0004,2,INNER_TRAIN
3,STRAIN_000140,Lactiplantibacillus plantarum,NC_0008,2,INNER_TRAIN
3,STRAIN_000141,Micrococcus luteus NCTC 2665,NC_0168,2,INNER_TRAIN
3,STRAIN_000142,Paenibacillus sp.,NC_0169,1,INNER_TRAIN
3,STRAIN_000143,Bifidobacterium dentium,NC_0073,1,INNER_TRAIN
3,STRAIN_000144,Lactococcus lactis subsp. lactis,NC_0074,2,INNER_TRAIN
3,STRAIN_000145,Bifidobacterium animalis subsp. lactis,NC_0004,2,INNER_TRAIN
3,STRAIN_000146,Aromatoleum aromaticum,NC_0170,5,INNER_TRAIN
3,STRAIN_000147,Bacteroides fragilis,NC_0171,5,INNER_TRAIN
3,STRAIN_000148,Erwinia tasmaniensis,NC_0172,5,INNER_TRAIN
3,STRAIN_000149,Lacticaseibacillus paracasei,NC_0013,1,INNER_TRAIN
3,STRAIN_000151,Lacticaseibacillus rhamnosus,NC_0005,5,INNER_TRAIN
3,STRAIN_000152,Acinetobacter baylyi,NC_0173,1,INNER_TRAIN
3,STRAIN_000153,Lactobacillus delbrueckii subsp. bulgaricus ATCC 11842 = JCM 1002,NC_0174,1,INNER_TRAIN
3,STRAIN_000154,Propionibacterium freudenreichii subsp. shermanii CIRM-BIA1,NC_0175,4,INNER_TRAIN
3,STRAIN_000156,Bifidobacterium animalis subsp. lactis,NC_0004,2,INNER_TRAIN
3,STRAIN_000158,Ligilactobacillus salivarius,NC_0177,1,INNER_TRAIN
3,STRAIN_000160,Micromonospora aurantiaca,NC_0178,2,INNER_TRAIN
3,STRAIN_000162,Lactiplantibacillus plantarum,NC_0001,1,INNER_TRAIN
3,STRAIN_000164,Phaeobacter inhibens,NC_0181,1,INNER_TRAIN
3,STRAIN_000165,Bacillus subtilis subsp. subtilis str.,NC_0012,4,INNER_TRAIN
3,STRAIN_000166,Bacillus subtilis subsp. subtilis str.,NC_0012,4,INNER_TRAIN
3,STRAIN_000167,Bifidobacterium bifidum,NC_0182,5,INNER_TRAIN
3,STRAIN_000168,Lacticaseibacillus paracasei subsp. paracasei 8700:2,NC_0075,4,INNER_TRAIN
3,STRAIN_000172,Limosilactobacillus reuteri,NC_0031,1,INNER_TRAIN
3,STRAIN_000173,Lactobacillus acidophilus,NC_0002,4,INNER_TRAIN
3,STRAIN_000174,Limosilactobacillus reuteri,NC_0024,4,INNER_TRAIN
3,STRAIN_000176,Lactobacillus helveticus,NC_0185,2,INNER_TRAIN
3,STRAIN_000178,Bifidobacterium bifidum,NC_0187,5,INNER_TRAIN
3,STRAIN_000179,Bifidobacterium longum subsp. longum,NC_0188,2,INNER_TRAIN
3,STRAIN_000180,Limosilactobacillus reuteri subsp. rodentium,NC_0189,5,INNER_TRAIN
3,STRAIN_000181,Lacticaseibacillus rhamnosus,NC_0023,4,INNER_TRAIN
3,STRAIN_000182,Pantoea sp.,NC_0190,1,INNER_TRAIN
3,STRAIN_000183,Lactobacillus delbrueckii subsp. bulgaricus,NC_0191,5,INNER_TRAIN
3,STRAIN_000184,Streptococcus thermophilus,NC_0007,4,INNER_TRAIN
3,STRAIN_000185,Bacillus subtilis subsp. subtilis NCIB 3610 = ATCC 6051 = DSM 10,NC_0012,4,INNER_TRAIN
3,STRAIN_000187,Lactobacillus helveticus,NC_0193,4,INNER_TRAIN
3,STRAIN_000189,Lactococcus lactis subsp. lactis,NC_0016,4,INNER_TRAIN
3,STRAIN_000190,Lacticaseibacillus paracasei,NC_0013,1,INNER_TRAIN
3,STRAIN_000191,Lacticaseibacillus paracasei,NC_0013,1,INNER_TRAIN
3,STRAIN_000193,Carnobacterium sp.,NC_0196,5,INNER_TRAIN
3,STRAIN_000194,Rhodopseudomonas palustris,NC_0197,1,INNER_TRAIN
3,STRAIN_000195,Bdellovibrio bacteriovorus,NC_0198,2,INNER_TRAIN
3,STRAIN_000199,Lactiplantibacillus plantarum,NC_0001,1,INNER_TRAIN
3,STRAIN_000200,Bifidobacterium longum subsp. longum,NC_0201,2,INNER_TRAIN
3,STRAIN_000202,Bifidobacterium longum subsp. longum,NC_0203,1,INNER_TRAIN
3,STRAIN_000203,Weissella koreensis,NC_0204,4,INNER_TRAIN
3,STRAIN_000204,Bifidobacterium breve,NC_0076,2,INNER_TRAIN
3,STRAIN_000205,Bifidobacterium animalis subsp. lactis,NC_0004,2,INNER_TRAIN
3,STRAIN_000206,Bifidobacterium animalis subsp. lactis,NC_0004,2,INNER_TRAIN
3,STRAIN_000208,Bifidobacterium breve,NC_0206,5,INNER_TRAIN
3,STRAIN_000209,Lacticaseibacillus rhamnosus,NC_0005,5,INNER_TRAIN
3,STRAIN_000210,Bacillus subtilis subsp. subtilis str.,NC_0207,2,INNER_TRAIN
3,STRAIN_000212,Limosilactobacillus reuteri subsp. suis,NC_0077,2,INNER_TRAIN
3,STRAIN_000213,Lactococcus cremoris subsp. cremoris,NC_0208,2,INNER_TRAIN
3,STRAIN_000215,Limosilactobacillus mucosae,NC_0209,5,INNER_TRAIN
3,STRAIN_000217,Bifidobacterium animalis subsp. animalis,NC_0210,5,INNER_TRAIN
3,STRAIN_000218,Pseudomonas fluorescens,NC_0211,5,INNER_TRAIN
3,STRAIN_000219,Streptococcus thermophilus,NC_0007,4,INNER_TRAIN
3,STRAIN_000221,Bifidobacterium longum subsp. infantis ATCC 15697 = JCM 1222 = DSM 20088,NC_0018,5,INNER_TRAIN
3,STRAIN_000222,Bifidobacterium animalis subsp. lactis,NC_0004,2,INNER_TRAIN
3,STRAIN_000223,Bifidobacterium animalis subsp. lactis,NC_0004,2,INNER_TRAIN
3,STRAIN_000224,Megasphaera elsdenii,NC_0213,4,INNER_TRAIN
3,STRAIN_000225,Tetragenococcus halophilus,NC_0214,2,INNER_TRAIN
3,STRAIN_000227,Bifidobacterium asteroides,NC_0216,2,INNER_TRAIN
3,STRAIN_000228,Lacticaseibacillus casei,NC_0075,4,INNER_TRAIN
3,STRAIN_000230,Lacticaseibacillus paracasei,NC_0013,1,INNER_TRAIN
3,STRAIN_000231,Bacillus subtilis subsp. subtilis str.,NC_0217,1,INNER_TRAIN
3,STRAIN_000232,Streptococcus thermophilus,NC_0218,2,INNER_TRAIN
3,STRAIN_000233,Lactiplantibacillus plantarum,NC_0006,5,INNER_TRAIN
3,STRAIN_000235,Bacillus subtilis subsp. subtilis,NC_0012,4,INNER_TRAIN
3,STRAIN_000238,Levilactobacillus brevis,NC_0220,4,INNER_TRAIN
3,STRAIN_000239,Lacticaseibacillus paracasei,NC_0013,1,INNER_TRAIN
3,STRAIN_000240,Lactobacillus acidophilus,NC_0002,4,INNER_TRAIN
3,STRAIN_000241,Lactiplantibacillus plantarum subsp. plantarum P-8,NC_0009,5,INNER_TRAIN
3,STRAIN_000242,Limosilactobacillus fermentum,NC_0221,2,INNER_TRAIN
3,STRAIN_000243,Lacticaseibacillus paracasei,NC_0013,1,INNER_TRAIN
3,STRAIN_000245,Lactiplantibacillus plantarum 16,NC_0009,5,INNER_TRAIN
3,STRAIN_000246,Bifidobacterium animalis subsp. lactis,NC_0004,2,INNER_TRAIN
3,STRAIN_000247,Lacticaseibacillus rhamnosus,NC_0223,2,INNER_TRAIN
3,STRAIN_000250,Lactobacillus helveticus,NC_0224,4,INNER_TRAIN
3,STRAIN_000251,Limosilactobacillus reuteri,NC_0225,4,INNER_TRAIN
3,STRAIN_000252,Bifidobacterium bifidum ATCC 29521 = JCM 1255 = DSM 20456,NC_0032,5,INNER_TRAIN
3,STRAIN_000253,Limosilactobacillus fermentum,NC_0226,2,INNER_TRAIN
3,STRAIN_000254,Lactiplantibacillus plantarum,NC_0006,5,INNER_TRAIN
3,STRAIN_000255,Lactococcus cremoris subsp. cremoris,NC_0227,5,INNER_TRAIN
3,STRAIN_000256,Levilactobacillus brevis ATCC 14869 = DSM 20054,NC_0053,1,INNER_TRAIN
3,STRAIN_000257,Lactobacillus acidophilus,NC_0002,4,INNER_TRAIN
3,STRAIN_000258,Bifidobacterium animalis subsp. lactis,NC_0004,2,INNER_TRAIN
3,STRAIN_000260,Lactiplantibacillus plantarum,NC_0001,1,INNER_TRAIN
3,STRAIN_000261,Limosilactobacillus fermentum,NC_0228,5,INNER_TRAIN
3,STRAIN_000262,Lactococcus lactis subsp. lactis,NC_0074,2,INNER_TRAIN
3,STRAIN_000263,Lactococcus lactis subsp. lactis,NC_0229,1,INNER_TRAIN
3,STRAIN_000264,Pediococcus pentosaceus,NC_0230,2,INNER_TRAIN
3,STRAIN_000265,Bifidobacterium longum,NC_0231,4,INNER_TRAIN
3,STRAIN_000266,Lactobacillus acidophilus,NC_0002,4,INNER_TRAIN
3,STRAIN_000267,Lacticaseibacillus rhamnosus,NC_0068,1,INNER_TRAIN
3,STRAIN_000268,Lacticaseibacillus casei,NC_0232,4,INNER_TRAIN
3,STRAIN_000269,Streptococcus thermophilus,NC_0233,4,INNER_TRAIN
3,STRAIN_000270,Streptococcus thermophilus,NC_0234,4,INNER_TRAIN
3,STRAIN_000271,Streptococcus thermophilus,NC_0235,1,INNER_TRAIN
3,STRAIN_000272,Lactobacillus helveticus,NC_0236,2,INNER_TRAIN
3,STRAIN_000274,Bifidobacterium breve,NC_0079,5,INNER_TRAIN
3,STRAIN_000275,Bifidobacterium breve,NC_0080,2,INNER_TRAIN
3,STRAIN_000276,Streptococcus thermophilus,NC_0238,1,INNER_TRAIN
3,STRAIN_000279,Bifidobacterium animalis subsp. lactis,NC_0004,2,INNER_TRAIN
3,STRAIN_000280,Lacticaseibacillus casei DSM 20011 = JCM 1134 = ATCC 393,NC_0020,2,INNER_TRAIN
3,STRAIN_000281,Lacticaseibacillus rhamnosus DSM 20021 = JCM 1136 = NBRC 3425,NC_0005,5,INNER_TRAIN
3,STRAIN_000282,Bifidobacterium animalis,NC_0004,2,INNER_TRAIN
3,STRAIN_000283,Streptococcus thermophilus,NC_0007,4,INNER_TRAIN
3,STRAIN_000284,Bacillus subtilis subsp. subtilis str.,NC_0012,4,INNER_TRAIN
3,STRAIN_000285,Bacillus subtilis subsp. subtilis str.,NC_0012,4,INNER_TRAIN
3,STRAIN_000286,Bifidobacterium adolescentis,NC_0240,4,INNER_TRAIN
3,STRAIN_000288,Bifidobacterium pseudocatenulatum,NC_0242,4,INNER_TRAIN
3,STRAIN_000289,Lacticaseibacillus rhamnosus,NC_0023,4,INNER_TRAIN
3,STRAIN_000291,Bifidobacterium longum subsp. infantis,NC_0011,2,INNER_TRAIN
3,STRAIN_000292,Lactiplantibacillus plantarum,NC_0033,2,INNER_TRAIN
3,STRAIN_000293,Lacticaseibacillus paracasei,NC_0244,4,INNER_TRAIN
3,STRAIN_000294,Bifidobacterium adolescentis,NC_0245,2,INNER_TRAIN
3,STRAIN_000295,Bifidobacterium bifidum,NC_0032,5,INNER_TRAIN
3,STRAIN_000297,Bifidobacterium adolescentis,NC_0246,5,INNER_TRAIN
3,STRAIN_000298,Bifidobacterium thermophilum,NC_0247,5,INNER_TRAIN
3,STRAIN_000299,Lacticaseibacillus rhamnosus,NC_0248,5,INNER_TRAIN
3,STRAIN_000300,Limosilactobacillus reuteri,NC_0249,2,INNER_TRAIN
3,STRAIN_000302,Lactiplantibacillus plantarum,NC_0001,1,INNER_TRAIN
3,STRAIN_000304,Bifidobacterium bifidum ATCC 29521 = JCM 1255 =,NC_0032,5,INNER_TRAIN
3,STRAIN_000305,Bifidobacterium longum subsp. longum,NC_0250,1,INNER_TRAIN
3,STRAIN_000306,Bifidobacterium pseudolongum,NC_0251,2,INNER_TRAIN
3,STRAIN_000307,Lactococcus lactis subsp. lactis,NC_0252,4,INNER_TRAIN
3,STRAIN_000308,Levilactobacillus brevis,NC_0253,1,INNER_TRAIN
3,STRAIN_000309,Bifidobacterium animalis subsp. lactis KLDS2.0603,NC_0004,2,INNER_TRAIN
3,STRAIN_000310,Bifidobacterium animalis,NC_0004,2,INNER_TRAIN
3,STRAIN_000313,Bifidobacterium animalis subsp. lactis,NC_0004,2,INNER_TRAIN
3,STRAIN_000314,Bacillus subtilis subsp. subtilis,NC_0012,4,INNER_TRAIN
3,STRAIN_000315,Lacticaseibacillus paracasei subsp. paracasei,NC_0034,2,INNER_TRAIN
3,STRAIN_000316,Lacticaseibacillus casei DSM 20011 = JCM 1134 =,NC_0020,2,INNER_TRAIN
3,STRAIN_000317,Bifidobacterium longum,NC_0256,4,INNER_TRAIN
3,STRAIN_000319,Heyndrickxia coagulans DSM 1 =,NC_0257,2,INNER_TRAIN
3,STRAIN_000320,Lactococcus lactis subsp. lactis,NC_0039,2,INNER_TRAIN
3,STRAIN_000324,Heyndrickxia coagulans,NC_0040,1,INNER_TRAIN
3,STRAIN_000325,Lactiplantibacillus plantarum,NC_0054,1,INNER_TRAIN
3,STRAIN_000327,Lactobacillus acidophilus,NC_0002,4,INNER_TRAIN
3,STRAIN_000329,Lacticaseibacillus paracasei,NC_0262,4,INNER_TRAIN
3,STRAIN_000330,Lactiplantibacillus plantarum,NC_0017,1,INNER_TRAIN
3,STRAIN_000332,Lactobacillus helveticus,NC_0264,5,INNER_TRAIN
3,STRAIN_000333,Limosilactobacillus fermentum,NC_0265,1,INNER_TRAIN
3,STRAIN_000334,Streptococcus thermophilus,NC_0007,4,INNER_TRAIN
3,STRAIN_000335,Lacticaseibacillus rhamnosus,NC_0266,1,INNER_TRAIN
3,STRAIN_000336,Lactiplantibacillus plantarum,NC_0009,5,INNER_TRAIN
3,STRAIN_000337,Lactiplantibacillus plantarum,NC_0054,1,INNER_TRAIN
3,STRAIN_000339,Streptococcus thermophilus,NC_0007,4,INNER_TRAIN
3,STRAIN_000342,Limosilactobacillus fermentum,NC_0268,1,INNER_TRAIN
3,STRAIN_000343,Bifidobacterium adolescentis,NC_0269,4,INNER_TRAIN
3,STRAIN_000344,Levilactobacillus brevis,NC_0083,2,INNER_TRAIN
3,STRAIN_000345,Lacticaseibacillus casei,NC_0270,1,INNER_TRAIN
3,STRAIN_000346,Bifidobacterium bifidum,NC_0055,5,INNER_TRAIN
3,STRAIN_000347,Bifidobacterium bifidum,NC_0271,1,INNER_TRAIN
3,STRAIN_000348,Bifidobacterium bifidum,NC_0272,5,INNER_TRAIN
3,STRAIN_000349,Bifidobacterium bifidum ATCC 29521 = JCM 1255 = DSM 20456,NC_0032,5,INNER_TRAIN
3,STRAIN_000351,Bifidobacterium catenulatum DSM 16992 = JCM 1194 = LMG 11043,NC_0273,2,INNER_TRAIN
3,STRAIN_000353,Heyndrickxia coagulans,NC_0040,1,INNER_TRAIN
3,STRAIN_000354,Bifidobacterium dentium JCM 1195 = DSM 20436,NC_0073,1,INNER_TRAIN
3,STRAIN_000355,Bifidobacterium longum subsp. longum,NC_0084,1,INNER_TRAIN
3,STRAIN_000356,Bifidobacterium longum subsp. infantis,NC_0274,2,INNER_TRAIN
3,STRAIN_000357,Lacticaseibacillus rhamnosus,NC_0005,5,INNER_TRAIN
3,STRAIN_000360,Bifidobacterium animalis subsp. lactis,NC_0004,2,INNER_TRAIN
3,STRAIN_000361,Bifidobacterium animalis subsp. lactis,NC_0004,2,INNER_TRAIN
3,STRAIN_000363,Lactiplantibacillus plantarum,NC_0042,2,INNER_TRAIN
3,STRAIN_000364,Streptococcus thermophilus,NC_0007,4,INNER_TRAIN
3,STRAIN_000366,Bifidobacterium bifidum,NC_0277,2,INNER_TRAIN
3,STRAIN_000369,Lactiplantibacillus plantarum,NC_0001,1,INNER_TRAIN
3,STRAIN_000371,Streptococcus thermophilus,NC_0007,4,INNER_TRAIN
3,STRAIN_000372,Lactiplantibacillus plantarum,NC_0001,1,INNER_TRAIN
3,STRAIN_000373,Lactobacillus helveticus,NC_0279,1,INNER_TRAIN
3,STRAIN_000377,Limosilactobacillus fermentum,NC_0280,2,INNER_TRAIN
3,STRAIN_000378,Lactiplantibacillus plantarum,NC_0033,2,INNER_TRAIN
3,STRAIN_000379,Lacticaseibacillus casei DSM 20011 = JCM 1134 = ATCC 393,NC_0071,1,INNER_TRAIN
3,STRAIN_000380,Levilactobacillus brevis ATCC 14869 =,NC_0053,1,INNER_TRAIN
3,STRAIN_000381,Lactobacillus acidophilus DSM 20079 = JCM 1132 = NBRC 13951 = CIP 76.13,NC_0002,4,INNER_TRAIN
3,STRAIN_000382,Lactobacillus crispatus DSM 20584 = JCM 1185 = ATCC 33820,NC_0281,4,INNER_TRAIN
3,STRAIN_000383,Lacticaseibacillus rhamnosus DSM 20021 = JCM 1136 = NBRC 3425,NC_0005,5,INNER_TRAIN
3,STRAIN_000384,Lacticaseibacillus paracasei subsp. tolerans,NC_0056,2,INNER_TRAIN
3,STRAIN_000385,Lactiplantibacillus plantarum,NC_0001,1,INNER_TRAIN
3,STRAIN_000387,Bifidobacterium longum subsp. longum,NC_0283,1,INNER_TRAIN
3,STRAIN_000390,Lactiplantibacillus plantarum,NC_0001,1,INNER_TRAIN
3,STRAIN_000391,Lacticaseibacillus paracasei,NC_0034,2,INNER_TRAIN
3,STRAIN_000392,Streptococcus thermophilus,NC_0029,1,INNER_TRAIN
3,STRAIN_000393,Levilactobacillus brevis,NC_0030,4,INNER_TRAIN
3,STRAIN_000394,Levilactobacillus brevis,NC_0030,4,INNER_TRAIN
3,STRAIN_000395,Bacillus subtilis subsp. subtilis,NC_0012,4,INNER_TRAIN
3,STRAIN_000396,Lactiplantibacillus plantarum,NC_0017,1,INNER_TRAIN
3,STRAIN_000397,Lactiplantibacillus plantarum,NC_0001,1,INNER_TRAIN
3,STRAIN_000398,Limosilactobacillus reuteri,NC_0284,1,INNER_TRAIN
3,STRAIN_000399,Lactiplantibacillus plantarum,NC_0001,1,INNER_TRAIN
3,STRAIN_000400,Lactiplantibacillus plantarum,NC_0017,1,INNER_TRAIN
3,STRAIN_000401,Lactococcus lactis,NC_0087,5,INNER_TRAIN
3,STRAIN_000403,Limosilactobacillus reuteri,NC_0024,4,INNER_TRAIN
3,STRAIN_000404,Lactiplantibacillus plantarum,NC_0006,5,INNER_TRAIN
3,STRAIN_000405,Lactiplantibacillus plantarum,NC_0006,5,INNER_TRAIN
3,STRAIN_000406,Bacillus subtilis subsp. subtilis,NC_0012,4,INNER_TRAIN
3,STRAIN_000408,Streptococcus thermophilus,NC_0007,4,INNER_TRAIN
3,STRAIN_000409,Lactiplantibacillus plantarum,NC_0287,5,INNER_TRAIN
3,STRAIN_000410,Levilactobacillus brevis,NC_0288,1,INNER_TRAIN
3,STRAIN_000411,Streptococcus thermophilus,NC_0029,1,INNER_TRAIN
3,STRAIN_000412,Bacillus subtilis subsp. subtilis,NC_0012,4,INNER_TRAIN
3,STRAIN_000413,Lactobacillus helveticus,NC_0088,2,INNER_TRAIN
3,STRAIN_000414,Bacillus subtilis subsp. subtilis,NC_0012,4,INNER_TRAIN
3,STRAIN_000415,Streptococcus thermophilus,NC_0289,2,INNER_TRAIN
3,STRAIN_000417,Bifidobacterium longum,NC_0035,4,INNER_TRAIN
3,STRAIN_000418,Lactiplantibacillus plantarum,NC_0001,1,INNER_TRAIN
3,STRAIN_000420,Levilactobacillus brevis,NC_0290,5,INNER_TRAIN
3,STRAIN_000421,Latilactobacillus curvatus,NC_0291,2,INNER_TRAIN
3,STRAIN_000422,Bifidobacterium longum subsp. longum,NC_0292,1,INNER_TRAIN
3,STRAIN_000424,Lactiplantibacillus plantarum,NC_0042,2,INNER_TRAIN
3,STRAIN_000425,Lactobacillus helveticus,NC_0088,2,INNER_TRAIN
3,STRAIN_000426,Bacillus subtilis subsp. subtilis,NC_0012,4,INNER_TRAIN
3,STRAIN_000427,Lactiplantibacillus plantarum,NC_0008,2,INNER_TRAIN
3,STRAIN_000429,Limosilactobacillus fermentum,NC_0294,1,INNER_TRAIN
3,STRAIN_000430,Streptococcus thermophilus,NC_0007,4,INNER_TRAIN
3,STRAIN_000431,Lactococcus cremoris subsp. cremoris,NC_0295,4,INNER_TRAIN
3,STRAIN_000432,Lactiplantibacillus plantarum,NC_0001,1,INNER_TRAIN
3,STRAIN_000433,Lacticaseibacillus casei,NC_0043,5,INNER_TRAIN
3,STRAIN_000434,Lactiplantibacillus plantarum,NC_0057,2,INNER_TRAIN
3,STRAIN_000436,Lactiplantibacillus plantarum,NC_0297,5,INNER_TRAIN
3,STRAIN_000438,Lactiplantibacillus plantarum,NC_0001,1,INNER_TRAIN
3,STRAIN_000441,Bifidobacterium longum subsp. longum,NC_0300,5,INNER_TRAIN
3,STRAIN_000443,Limosilactobacillus fermentum,NC_0301,5,INNER_TRAIN
3,STRAIN_000444,Lactobacillus acidophilus,NC_0002,4,INNER_TRAIN
3,STRAIN_000446,Lacticaseibacillus rhamnosus,NC_0019,2,INNER_TRAIN
3,STRAIN_000449,Bifidobacterium breve,NC_0303,2,INNER_TRAIN
3,STRAIN_000450,Lactobacillus delbrueckii subsp. bulgaricus,NC_0304,2,INNER_TRAIN
3,STRAIN_000452,Streptococcus thermophilus,NC_0007,4,INNER_TRAIN
3,STRAIN_000455,Bifidobacterium breve,NC_0306,5,INNER_TRAIN
3,STRAIN_000456,Lactobacillus amylolyticus,NC_0307,4,INNER_TRAIN
3,STRAIN_000460,Lactococcus lactis subsp. lactis,NC_0089,5,INNER_TRAIN
3,STRAIN_000461,Lactococcus lactis subsp. lactis,NC_0016,4,INNER_TRAIN
3,STRAIN_000462,Lactococcus lactis subsp. lactis,NC_0016,4,INNER_TRAIN
3,STRAIN_000464,Lactococcus lactis subsp. lactis,NC_0016,4,INNER_TRAIN
3,STRAIN_000465,Lactococcus cremoris,NC_0309,5,INNER_TRAIN
3,STRAIN_000466,Lactococcus cremoris,NC_0072,2,INNER_TRAIN
3,STRAIN_000467,Lactococcus cremoris,NC_0087,5,INNER_TRAIN
3,STRAIN_000468,Lactococcus lactis subsp. lactis,NC_0310,5,INNER_TRAIN
3,STRAIN_000469,Lactococcus lactis subsp. lactis,NC_0089,5,INNER_TRAIN
3,STRAIN_000471,Lacticaseibacillus casei,NC_0013,1,INNER_TRAIN
3,STRAIN_000472,Levilactobacillus brevis,NC_0311,5,INNER_TRAIN
3,STRAIN_000473,Latilactobacillus sakei,NC_0312,2,INNER_TRAIN
3,STRAIN_000474,Bifidobacterium adolescentis,NC_0313,2,INNER_TRAIN
3,STRAIN_000476,Limosilactobacillus fermentum,NC_0036,1,INNER_TRAIN
3,STRAIN_000477,Lactococcus lactis subsp. lactis bv. diacetylactis,NC_0016,4,INNER_TRAIN
3,STRAIN_000479,Lactiplantibacillus plantarum,NC_0046,4,INNER_TRAIN
3,STRAIN_000480,Lactiplantibacillus plantarum,NC_0021,1,INNER_TRAIN
3,STRAIN_000485,Limosilactobacillus fermentum,NC_0316,2,INNER_TRAIN
3,STRAIN_000487,Bacillus subtilis subsp. subtilis,NC_0317,4,INNER_TRAIN
3,STRAIN_000490,Lactiplantibacillus plantarum,NC_0021,1,INNER_TRAIN
3,STRAIN_000491,Bifidobacterium animalis,NC_0004,2,INNER_TRAIN
3,STRAIN_000492,Lactiplantibacillus plantarum,NC_0006,5,INNER_TRAIN
3,STRAIN_000493,Lactobacillus acidophilus,NC_0002,4,INNER_TRAIN
3,STRAIN_000495,Limosilactobacillus fermentum,NC_0320,1,INNER_TRAIN
3,STRAIN_000497,Lacticaseibacillus paracasei,NC_0322,1,INNER_TRAIN
3,STRAIN_000499,Lactobacillus acidophilus,NC_0002,4,INNER_TRAIN
3,STRAIN_000500,Streptococcus thermophilus,NC_0324,4,INNER_TRAIN
3,STRAIN_000503,Lacticaseibacillus rhamnosus,NC_0023,4,INNER_TRAIN
3,STRAIN_000504,Levilactobacillus brevis,NC_0326,4,INNER_TRAIN
3,STRAIN_000505,Limosilactobacillus fermentum,NC_0327,1,INNER_TRAIN
3,STRAIN_000507,Lacticaseibacillus rhamnosus,NC_0023,4,INNER_TRAIN
3,STRAIN_000508,Lactiplantibacillus plantarum,NC_0021,1,INNER_TRAIN
3,STRAIN_000509,Lacticaseibacillus paracasei,NC_0043,5,INNER_TRAIN
3,STRAIN_000510,Streptococcus thermophilus,NC_0328,4,INNER_TRAIN
3,STRAIN_000513,Levilactobacillus brevis,NC_0330,5,INNER_TRAIN
3,STRAIN_000514,Lactiplantibacillus plantarum,NC_0008,2,INNER_TRAIN
3,STRAIN_000516,Heyndrickxia coagulans,NC_0040,1,INNER_TRAIN
3,STRAIN_000518,Limosilactobacillus fermentum,NC_0332,4,INNER_TRAIN
3,STRAIN_000520,Lactococcus lactis subsp. lactis,NC_0091,5,INNER_TRAIN
3,STRAIN_000521,Lactococcus lactis subsp. lactis,NC_0091,5,INNER_TRAIN
3,STRAIN_000522,Lacticaseibacillus paracasei subsp. paracasei,NC_0060,5,INNER_TRAIN
3,STRAIN_000523,Bifidobacterium longum,NC_0334,5,INNER_TRAIN
3,STRAIN_000525,Streptococcus thermophilus,NC_0007,4,INNER_TRAIN
3,STRAIN_000526,Bifidobacterium bifidum,NC_0055,5,INNER_TRAIN
3,STRAIN_000527,Streptococcus thermophilus,NC_0336,4,INNER_TRAIN
3,STRAIN_000528,Streptococcus thermophilus,NC_0029,1,INNER_TRAIN
3,STRAIN_000529,Lacticaseibacillus rhamnosus,NC_0005,5,INNER_TRAIN
3,STRAIN_000530,Lacticaseibacillus paracasei,NC_0013,1,INNER_TRAIN
3,STRAIN_000531,Lactobacillus helveticus,NC_0337,1,INNER_TRAIN
3,STRAIN_000532,Lactobacillus helveticus,NC_0338,1,INNER_TRAIN
3,STRAIN_000534,Lacticaseibacillus paracasei,NC_0092,5,INNER_TRAIN
3,STRAIN_000535,Lactiplantibacillus plantarum,NC_0006,5,INNER_TRAIN
3,STRAIN_000536,Lactococcus lactis subsp. lactis,NC_0340,1,INNER_TRAIN
3,STRAIN_000537,Lactiplantibacillus plantarum,NC_0001,1,INNER_TRAIN
3,STRAIN_000538,Limosilactobacillus fermentum,NC_0341,5,INNER_TRAIN
3,STRAIN_000539,Lacticaseibacillus paracasei subsp. paracasei,NC_0060,5,INNER_TRAIN
3,STRAIN_000540,Lacticaseibacillus paracasei,NC_0092,5,INNER_TRAIN
3,STRAIN_000543,Heyndrickxia coagulans,NC_0342,4,INNER_TRAIN
3,STRAIN_000545,Lacticaseibacillus rhamnosus,NC_0005,5,INNER_TRAIN
3,STRAIN_000546,Lactiplantibacillus plantarum,NC_0008,2,INNER_TRAIN
3,STRAIN_000551,Lacticaseibacillus rhamnosus,NC_0019,2,INNER_TRAIN
3,STRAIN_000553,Lacticaseibacillus casei,NC_0020,2,INNER_TRAIN
3,STRAIN_000555,Levilactobacillus brevis,NC_0343,1,INNER_TRAIN
3,STRAIN_000556,Lactobacillus acidophilus,NC_0002,4,INNER_TRAIN
3,STRAIN_000558,Lactiplantibacillus plantarum,NC_0097,2,INNER_TRAIN
3,STRAIN_000559,Lacticaseibacillus rhamnosus,NC_0005,5,INNER_TRAIN
3,STRAIN_000560,Lacticaseibacillus rhamnosus,NC_0005,5,INNER_TRAIN
3,STRAIN_000561,Streptococcus thermophilus,NC_0007,4,INNER_TRAIN
3,STRAIN_000563,Limosilactobacillus reuteri,NC_0061,1,INNER_TRAIN
3,STRAIN_000564,Limosilactobacillus reuteri,NC_0061,1,INNER_TRAIN
3,STRAIN_000565,Limosilactobacillus reuteri,NC_0345,2,INNER_TRAIN
3,STRAIN_000566,Limosilactobacillus reuteri,NC_0061,1,INNER_TRAIN
3,STRAIN_000567,Limosilactobacillus fermentum,NC_0346,5,INNER_TRAIN
3,STRAIN_000568,Lactiplantibacillus plantarum,NC_0001,1,INNER_TRAIN
3,STRAIN_000571,Lactiplantibacillus plantarum,NC_0054,1,INNER_TRAIN
3,STRAIN_000573,Lactiplantibacillus plantarum,NC_0001,1,INNER_TRAIN
3,STRAIN_000574,Lactiplantibacillus plantarum,NC_0001,1,INNER_TRAIN
3,STRAIN_000575,Levilactobacillus brevis,NC_0030,4,INNER_TRAIN
3,STRAIN_000576,Limosilactobacillus fermentum,NC_0062,1,INNER_TRAIN
3,STRAIN_000577,Lactiplantibacillus plantarum,NC_0057,2,INNER_TRAIN
3,STRAIN_000578,Lactiplantibacillus plantarum,NC_0033,2,INNER_TRAIN
3,STRAIN_000579,Lactiplantibacillus plantarum,NC_0021,1,INNER_TRAIN
3,STRAIN_000580,Lacticaseibacillus rhamnosus,NC_0005,5,INNER_TRAIN
3,STRAIN_000582,Lactiplantibacillus plantarum,NC_0042,2,INNER_TRAIN
3,STRAIN_000584,Lactiplantibacillus plantarum,NC_0350,4,INNER_TRAIN
3,STRAIN_000585,Bifidobacterium animalis subsp. lactis,NC_0004,2,INNER_TRAIN
3,STRAIN_000586,Lactiplantibacillus plantarum,NC_0351,4,INNER_TRAIN
3,STRAIN_000587,Lacticaseibacillus paracasei,NC_0352,2,INNER_TRAIN
3,STRAIN_000588,Lactiplantibacillus plantarum,NC_0006,5,INNER_TRAIN
3,STRAIN_000589,Lactobacillus acidophilus,NC_0002,4,INNER_TRAIN
3,STRAIN_000590,Levilactobacillus brevis,NC_0353,1,INNER_TRAIN
3,STRAIN_000591,Lactiplantibacillus plantarum,NC_0008,2,INNER_TRAIN
3,STRAIN_000593,Limosilactobacillus reuteri,NC_0355,4,INNER_TRAIN
3,STRAIN_000596,Limosilactobacillus reuteri,NC_0357,2,INNER_TRAIN
3,STRAIN_000598,Lactiplantibacillus plantarum,NC_0033,2,INNER_TRAIN
3,STRAIN_000600,Bifidobacterium adolescentis,NC_0358,4,INNER_TRAIN
3,STRAIN_000601,Limosilactobacillus fermentum,NC_0099,4,INNER_TRAIN
3,STRAIN_000604,Bifidobacterium animalis subsp. lactis,NC_0004,2,INNER_TRAIN
3,STRAIN_000606,Lactiplantibacillus plantarum,NC_0017,1,INNER_TRAIN
3,STRAIN_000607,Lactiplantibacillus plantarum,NC_0009,5,INNER_TRAIN
3,STRAIN_000608,Lactiplantibacillus plantarum,NC_0359,1,INNER_TRAIN
3,STRAIN_000609,Lactiplantibacillus plantarum,NC_0021,1,INNER_TRAIN
3,STRAIN_000610,Heyndrickxia coagulans,NC_0040,1,INNER_TRAIN
3,STRAIN_000611,Lactiplantibacillus plantarum,NC_0001,1,INNER_TRAIN
3,STRAIN_000612,Lactiplantibacillus plantarum,NC_0021,1,INNER_TRAIN
3,STRAIN_000613,Lactiplantibacillus plantarum,NC_0009,5,INNER_TRAIN
3,STRAIN_000615,Bifidobacterium animalis,NC_0004,2,INNER_TRAIN
3,STRAIN_000616,Limosilactobacillus fermentum,NC_0360,1,INNER_TRAIN
3,STRAIN_000617,Lactiplantibacillus plantarum,NC_0009,5,INNER_TRAIN
3,STRAIN_000618,Lactiplantibacillus plantarum,NC_0009,5,INNER_TRAIN
3,STRAIN_000619,Lactiplantibacillus plantarum,NC_0009,5,INNER_TRAIN
3,STRAIN_000620,Lactiplantibacillus plantarum,NC_0009,5,INNER_TRAIN
3,STRAIN_000621,Lactiplantibacillus plantarum,NC_0009,5,INNER_TRAIN
3,STRAIN_000624,Lactobacillus acidophilus,NC_0002,4,INNER_TRAIN
3,STRAIN_000625,Limosilactobacillus reuteri,NC_0362,4,INNER_TRAIN
3,STRAIN_000626,Lactococcus lactis subsp. lactis,NC_0039,2,INNER_TRAIN
3,STRAIN_000627,Lacticaseibacillus paracasei subsp. paracasei,NC_0034,2,INNER_TRAIN
3,STRAIN_000629,Lacticaseibacillus paracasei,NC_0043,5,INNER_TRAIN
3,STRAIN_000631,Limosilactobacillus fermentum,NC_0364,1,INNER_TRAIN
3,STRAIN_000634,Bifidobacterium bifidum,NC_0101,2,INNER_TRAIN
3,STRAIN_000637,Bifidobacterium longum subsp. infantis,NC_0011,2,INNER_TRAIN
3,STRAIN_000639,Lacticaseibacillus rhamnosus,NC_0019,2,INNER_TRAIN
3,STRAIN_000641,Levilactobacillus brevis,NC_0102,4,INNER_TRAIN
3,STRAIN_000642,Levilactobacillus brevis,NC_0369,2,INNER_TRAIN
3,STRAIN_000644,Lactiplantibacillus plantarum,NC_0001,1,INNER_TRAIN
3,STRAIN_000645,Limosilactobacillus reuteri,NC_0371,4,INNER_TRAIN
3,STRAIN_000646,Lactiplantibacillus plantarum,NC_0001,1,INNER_TRAIN
3,STRAIN_000647,Lacticaseibacillus paracasei subsp. paracasei,NC_0034,2,INNER_TRAIN
3,STRAIN_000648,Lacticaseibacillus paracasei subsp. tolerans,NC_0056,2,INNER_TRAIN
3,STRAIN_000650,Lacticaseibacillus rhamnosus DSM 20021 = JCM 1136 =,NC_0005,5,INNER_TRAIN
3,STRAIN_000651,Lacticaseibacillus rhamnosus,NC_0019,2,INNER_TRAIN
3,STRAIN_000652,Lactococcus lactis subsp. lactis bv. diacetylactis,NC_0372,5,INNER_TRAIN
3,STRAIN_000655,Limosilactobacillus fermentum,NC_0374,4,INNER_TRAIN
3,STRAIN_000656,Lactiplantibacillus plantarum,NC_0375,1,INNER_TRAIN
3,STRAIN_000658,Bifidobacterium breve,NC_0076,2,INNER_TRAIN
3,STRAIN_000660,Limosilactobacillus fermentum,NC_0036,1,INNER_TRAIN
3,STRAIN_000662,Bifidobacterium longum,NC_0378,1,INNER_TRAIN
3,STRAIN_000663,Lacticaseibacillus paracasei subsp. paracasei,NC_0060,5,INNER_TRAIN
3,STRAIN_000665,Lacticaseibacillus paracasei,NC_0379,2,INNER_TRAIN
3,STRAIN_000666,Lacticaseibacillus paracasei,NC_0380,4,INNER_TRAIN
3,STRAIN_000668,Lactococcus lactis subsp. lactis,NC_0016,4,INNER_TRAIN
3,STRAIN_000671,Lacticaseibacillus paracasei,NC_0026,5,INNER_TRAIN
3,STRAIN_000672,Streptococcus thermophilus,NC_0383,5,INNER_TRAIN
3,STRAIN_000673,Bifidobacterium pseudocatenulatum,NC_0384,1,INNER_TRAIN
3,STRAIN_000675,Lactiplantibacillus plantarum,NC_0008,2,INNER_TRAIN
3,STRAIN_000676,Bifidobacterium bifidum,NC_0385,1,INNER_TRAIN
3,STRAIN_000677,Limosilactobacillus fermentum,NC_0386,4,INNER_TRAIN
3,STRAIN_000679,Limosilactobacillus reuteri,NC_0388,1,INNER_TRAIN
3,STRAIN_000681,Bifidobacterium animalis,NC_0004,2,INNER_TRAIN
3,STRAIN_000682,Lactiplantibacillus plantarum,NC_0001,1,INNER_TRAIN
3,STRAIN_000683,Lactiplantibacillus plantarum,NC_0009,5,INNER_TRAIN
3,STRAIN_000684,Lacticaseibacillus paracasei,NC_0013,1,INNER_TRAIN
3,STRAIN_000686,Limosilactobacillus fermentum,NC_0062,1,INNER_TRAIN
3,STRAIN_000688,Lacticaseibacillus paracasei,NC_0026,5,INNER_TRAIN
3,STRAIN_000691,Lactiplantibacillus plantarum,NC_0001,1,INNER_TRAIN
3,STRAIN_000693,Limosilactobacillus reuteri,NC_0390,5,INNER_TRAIN
3,STRAIN_000694,Lactiplantibacillus plantarum,NC_0001,1,INNER_TRAIN
3,STRAIN_000696,Lactococcus lactis subsp. lactis,NC_0039,2,INNER_TRAIN
3,STRAIN_000697,Lacticaseibacillus rhamnosus,NC_0005,5,INNER_TRAIN
3,STRAIN_000698,Lacticaseibacillus rhamnosus,NC_0005,5,INNER_TRAIN
3,STRAIN_000699,Lacticaseibacillus rhamnosus,NC_0005,5,INNER_TRAIN
3,STRAIN_000700,Lacticaseibacillus rhamnosus,NC_0005,5,INNER_TRAIN
3,STRAIN_000701,Lactiplantibacillus plantarum,NC_0001,1,INNER_TRAIN
3,STRAIN_000702,Lacticaseibacillus paracasei,NC_0034,2,INNER_TRAIN
3,STRAIN_000703,Lactiplantibacillus plantarum,NC_0391,4,INNER_TRAIN
3,STRAIN_000706,Bifidobacterium longum,NC_0392,5,INNER_TRAIN
3,STRAIN_000708,Bifidobacterium adolescentis,NC_0394,5,INNER_TRAIN
3,STRAIN_000709,Lacticaseibacillus rhamnosus,NC_0005,5,INNER_TRAIN
3,STRAIN_000712,Lactiplantibacillus plantarum,NC_0001,1,INNER_TRAIN
3,STRAIN_000713,Lactiplantibacillus plantarum subsp. plantarum,NC_0033,2,INNER_TRAIN
3,STRAIN_000714,Lactococcus lactis subsp. lactis,NC_0395,1,INNER_TRAIN
3,STRAIN_000716,Lactiplantibacillus plantarum,NC_0001,1,INNER_TRAIN
3,STRAIN_000717,Bifidobacterium bifidum,NC_0032,5,INNER_TRAIN
3,STRAIN_000719,Bifidobacterium longum subsp. longum,NC_0047,2,INNER_TRAIN
3,STRAIN_000721,Escherichia coli,NC_0398,5,INNER_TRAIN
3,STRAIN_000722,Lactiplantibacillus plantarum,NC_0021,1,INNER_TRAIN
3,STRAIN_000724,Limosilactobacillus fermentum,NC_0400,1,INNER_TRAIN
3,STRAIN_000725,Lactobacillus acidophilus,NC_0002,4,INNER_TRAIN
3,STRAIN_000727,Lactiplantibacillus plantarum,NC_0001,1,INNER_TRAIN
3,STRAIN_000728,Lacticaseibacillus casei,NC_0020,2,INNER_TRAIN
3,STRAIN_000729,Lacticaseibacillus casei,NC_0020,2,INNER_TRAIN
3,STRAIN_000731,Bifidobacterium longum,NC_0401,1,INNER_TRAIN
3,STRAIN_000732,Bifidobacterium dentium,NC_0402,4,INNER_TRAIN
3,STRAIN_000734,Lactiplantibacillus plantarum,NC_0001,1,INNER_TRAIN
3,STRAIN_000735,Bifidobacterium adolescentis,NC_0403,2,INNER_TRAIN
3,STRAIN_000737,Bifidobacterium animalis subsp. lactis,NC_0004,2,INNER_TRAIN
3,STRAIN_000739,Lacticaseibacillus rhamnosus,NC_0405,1,INNER_TRAIN
3,STRAIN_000740,Lacticaseibacillus rhamnosus,NC_0005,5,INNER_TRAIN
3,STRAIN_000742,Bifidobacterium longum subsp. longum,NC_0103,1,INNER_TRAIN
3,STRAIN_000743,Bifidobacterium animalis subsp. lactis,NC_0004,2,INNER_TRAIN
3,STRAIN_000744,Bifidobacterium animalis subsp. lactis,NC_0004,2,INNER_TRAIN
3,STRAIN_000745,Bifidobacterium animalis subsp. lactis,NC_0004,2,INNER_TRAIN
3,STRAIN_000746,Bifidobacterium longum subsp. longum,NC_0103,1,INNER_TRAIN
3,STRAIN_000748,Levilactobacillus brevis,NC_0030,4,INNER_TRAIN
3,STRAIN_000751,Limosilactobacillus reuteri,NC_0408,5,INNER_TRAIN
3,STRAIN_000752,Lactobacillus gasseri,NC_0409,5,INNER_TRAIN
3,STRAIN_000753,Lactiplantibacillus plantarum,NC_0021,1,INNER_TRAIN
3,STRAIN_000754,Bifidobacterium longum subsp. infantis,NC_0018,5,INNER_TRAIN
3,STRAIN_000755,Lactiplantibacillus plantarum,NC_0006,5,INNER_TRAIN
3,STRAIN_000756,Limosilactobacillus fermentum,NC_0410,2,INNER_TRAIN
3,STRAIN_000757,Bifidobacterium adolescentis,NC_0411,5,INNER_TRAIN
3,STRAIN_000759,Bifidobacterium longum subsp. longum,NC_0413,1,INNER_TRAIN
3,STRAIN_000760,Lactiplantibacillus plantarum,NC_0001,1,INNER_TRAIN
3,STRAIN_000761,Streptococcus thermophilus,NC_0104,2,INNER_TRAIN
3,STRAIN_000762,Streptococcus thermophilus,NC_0104,2,INNER_TRAIN
3,STRAIN_000763,Limosilactobacillus reuteri,NC_0031,1,INNER_TRAIN
3,STRAIN_000765,Limosilactobacillus reuteri,NC_0065,1,INNER_TRAIN
3,STRAIN_000766,Lactobacillus delbrueckii subsp. lactis,NC_0415,2,INNER_TRAIN
3,STRAIN_000768,Lactiplantibacillus plantarum,NC_0008,2,INNER_TRAIN
3,STRAIN_000769,Streptococcus thermophilus,NC_0069,5,INNER_TRAIN
3,STRAIN_000777,Lacticaseibacillus rhamnosus,NC_0417,5,INNER_TRAIN
3,STRAIN_000778,Levilactobacillus brevis,NC_0105,4,INNER_TRAIN
3,STRAIN_000779,Levilactobacillus brevis,NC_0105,4,INNER_TRAIN
3,STRAIN_000780,Bifidobacterium pseudocatenulatum,NC_0418,2,INNER_TRAIN
3,STRAIN_000781,Escherichia coli,NC_0419,1,INNER_TRAIN
3,STRAIN_000782,Lactiplantibacillus plantarum,NC_0066,4,INNER_TRAIN
3,STRAIN_000783,Bifidobacterium bifidum,NC_0101,2,INNER_TRAIN
3,STRAIN_000784,Lactococcus lactis,NC_0016,4,INNER_TRAIN
3,STRAIN_000785,Lactiplantibacillus plantarum,NC_0420,2,INNER_TRAIN
3,STRAIN_000786,Bifidobacterium longum subsp. longum,NC_0421,1,INNER_TRAIN
3,STRAIN_000787,Lactococcus lactis,NC_0016,4,INNER_TRAIN
3,STRAIN_000788,Bifidobacterium pseudolongum subsp. pseudolongum,NC_0422,1,INNER_TRAIN
3,STRAIN_000789,Lactiplantibacillus plantarum subsp. plantarum,NC_0001,1,INNER_TRAIN
3,STRAIN_000790,Lactiplantibacillus plantarum,NC_0001,1,INNER_TRAIN
3,STRAIN_000792,Lactiplantibacillus plantarum subsp. plantarum,NC_0063,5,INNER_TRAIN
3,STRAIN_000794,Lactococcus lactis,NC_0039,2,INNER_TRAIN
3,STRAIN_000795,Lacticaseibacillus paracasei,NC_0423,5,INNER_TRAIN
3,STRAIN_000796,Lactiplantibacillus plantarum,NC_0424,2,INNER_TRAIN
3,STRAIN_000798,Limosilactobacillus fermentum,NC_0425,1,INNER_TRAIN
3,STRAIN_000799,Lacticaseibacillus paracasei,NC_0013,1,INNER_TRAIN
3,STRAIN_000800,Lacticaseibacillus rhamnosus,NC_0005,5,INNER_TRAIN
3,STRAIN_000803,Lactiplantibacillus plantarum,NC_0427,2,INNER_TRAIN
3,STRAIN_000804,Lacticaseibacillus paracasei,NC_0428,1,INNER_TRAIN
3,STRAIN_000805,Streptococcus thermophilus,NC_0429,1,INNER_TRAIN
3,STRAIN_000806,Bifidobacterium longum subsp. longum,NC_0047,2,INNER_TRAIN
3,STRAIN_000807,Lacticaseibacillus paracasei,NC_0026,5,INNER_TRAIN
3,STRAIN_000809,Lactobacillus acidophilus,NC_0002,4,INNER_TRAIN
3,STRAIN_000810,Limosilactobacillus fermentum,NC_0036,1,INNER_TRAIN
3,STRAIN_000811,Streptococcus thermophilus,NC_0007,4,INNER_TRAIN
3,STRAIN_000812,Bifidobacterium breve,NC_0080,2,INNER_TRAIN
3,STRAIN_000813,Lactobacillus acidophilus,NC_0002,4,INNER_TRAIN
3,STRAIN_000814,Lacticaseibacillus rhamnosus,NC_0005,5,INNER_TRAIN
3,STRAIN_000815,Bifidobacterium longum subsp. infantis,NC_0045,4,INNER_TRAIN
3,STRAIN_000816,Lacticaseibacillus paracasei subsp. paracasei,NC_0013,1,INNER_TRAIN
3,STRAIN_000817,Lactiplantibacillus plantarum,NC_0001,1,INNER_TRAIN
3,STRAIN_000818,Lactiplantibacillus plantarum,NC_0431,2,INNER_TRAIN
3,STRAIN_000819,Streptococcus thermophilus,NC_0007,4,INNER_TRAIN
3,STRAIN_000820,Lactococcus lactis subsp. lactis,NC_0432,4,INNER_TRAIN
3,STRAIN_000821,Lacticaseibacillus paracasei,NC_0433,4,INNER_TRAIN
3,STRAIN_000823,Streptococcus thermophilus,NC_0007,4,INNER_TRAIN
3,STRAIN_000824,Streptococcus thermophilus,NC_0435,5,INNER_TRAIN
3,STRAIN_000826,Lacticaseibacillus rhamnosus,NC_0436,4,INNER_TRAIN
3,STRAIN_000827,Lacticaseibacillus rhamnosus,NC_0005,5,INNER_TRAIN
3,STRAIN_000829,Lactiplantibacillus plantarum,NC_0017,1,INNER_TRAIN
3,STRAIN_000831,Lacticaseibacillus paracasei,NC_0026,5,INNER_TRAIN
3,STRAIN_000832,Lacticaseibacillus paracasei,NC_0056,2,INNER_TRAIN
3,STRAIN_000833,Limosilactobacillus fermentum,NC_0437,5,INNER_TRAIN
3,STRAIN_000834,Levilactobacillus brevis,NC_0083,2,INNER_TRAIN
3,STRAIN_000835,Lactobacillus acidophilus,NC_0002,4,INNER_TRAIN
3,STRAIN_000837,Lactobacillus acidophilus,NC_0002,4,INNER_TRAIN
3,STRAIN_000838,Lactiplantibacillus plantarum,NC_0017,1,INNER_TRAIN
3,STRAIN_000840,Streptococcus thermophilus,NC_0439,2,INNER_TRAIN
3,STRAIN_000842,Lactiplantibacillus plantarum,NC_0006,5,INNER_TRAIN
3,STRAIN_000843,Lactiplantibacillus plantarum,NC_0009,5,INNER_TRAIN
3,STRAIN_000844,Lactiplantibacillus plantarum,NC_0009,5,INNER_TRAIN
3,STRAIN_000845,Bifidobacterium bifidum,NC_0440,1,INNER_TRAIN
3,STRAIN_000846,Lactiplantibacillus plantarum,NC_0001,1,INNER_TRAIN
3,STRAIN_000847,Lacticaseibacillus paracasei,NC_0026,5,INNER_TRAIN
3,STRAIN_000849,Lactiplantibacillus plantarum,NC_0001,1,INNER_TRAIN
3,STRAIN_000851,Bifidobacterium adolescentis,NC_0441,1,INNER_TRAIN
3,STRAIN_000852,Lactobacillus acidophilus,NC_0002,4,INNER_TRAIN
3,STRAIN_000854,Lactiplantibacillus plantarum,NC_0001,1,INNER_TRAIN
3,STRAIN_000855,Lacticaseibacillus rhamnosus,NC_0019,2,INNER_TRAIN
3,STRAIN_000856,Limosilactobacillus reuteri,NC_0443,2,INNER_TRAIN
3,STRAIN_000857,Lactiplantibacillus plantarum,NC_0008,2,INNER_TRAIN
3,STRAIN_000859,Lactiplantibacillus plantarum,NC_0008,2,INNER_TRAIN
3,STRAIN_000860,Bifidobacterium longum subsp. longum,NC_0027,5,INNER_TRAIN
3,STRAIN_000862,Lactiplantibacillus plantarum,NC_0001,1,INNER_TRAIN
3,STRAIN_000864,Lactiplantibacillus plantarum,NC_0001,1,INNER_TRAIN
3,STRAIN_000865,Lactiplantibacillus plantarum,NC_0001,1,INNER_TRAIN
3,STRAIN_000866,Bifidobacterium adolescentis,NC_0445,2,INNER_TRAIN
3,STRAIN_000867,Lacticaseibacillus paracasei,NC_0013,1,INNER_TRAIN
3,STRAIN_000869,Lacticaseibacillus rhamnosus,NC_0019,2,INNER_TRAIN
3,STRAIN_000875,Limosilactobacillus reuteri,NC_0024,4,INNER_TRAIN
3,STRAIN_000876,Bifidobacterium breve,NC_0451,1,INNER_TRAIN
3,STRAIN_000877,Lactiplantibacillus plantarum,NC_0001,1,INNER_TRAIN
3,STRAIN_000879,Lacticaseibacillus rhamnosus,NC_0005,5,INNER_TRAIN
3,STRAIN_000880,Lactobacillus acidophilus,NC_0002,4,INNER_TRAIN
3,STRAIN_000881,Limosilactobacillus reuteri,NC_0452,2,INNER_TRAIN
3,STRAIN_000882,Lactiplantibacillus plantarum,NC_0097,2,INNER_TRAIN
3,STRAIN_000883,Lactiplantibacillus plantarum,NC_0008,2,INNER_TRAIN
3,STRAIN_000885,Lactobacillus acidophilus,NC_0002,4,INNER_TRAIN
3,STRAIN_000888,Lactiplantibacillus plantarum,NC_0001,1,INNER_TRAIN
3,STRAIN_000890,Lactobacillus acidophilus,NC_0002,4,INNER_TRAIN
3,STRAIN_000893,Lactococcus lactis,NC_0455,2,INNER_TRAIN
3,STRAIN_000894,Bifidobacterium bifidum,NC_0055,5,INNER_TRAIN
3,STRAIN_000896,Lactobacillus acidophilus,NC_0002,4,INNER_TRAIN
3,STRAIN_000897,Lactiplantibacillus plantarum,NC_0006,5,INNER_TRAIN
3,STRAIN_000899,Lactiplantibacillus plantarum,NC_0001,1,INNER_TRAIN
3,STRAIN_000900,Bifidobacterium animalis,NC_0004,2,INNER_TRAIN
3,STRAIN_000903,Lacticaseibacillus rhamnosus,NC_0019,2,INNER_TRAIN
3,STRAIN_000904,Lacticaseibacillus rhamnosus,NC_0019,2,INNER_TRAIN
3,STRAIN_000905,Limosilactobacillus fermentum,NC_0458,2,INNER_TRAIN
3,STRAIN_000906,Lactiplantibacillus plantarum,NC_0046,4,INNER_TRAIN
3,STRAIN_000907,Limosilactobacillus reuteri,NC_0459,4,INNER_TRAIN
3,STRAIN_000908,Lacticaseibacillus paracasei,NC_0043,5,INNER_TRAIN
3,STRAIN_000909,Lactiplantibacillus plantarum,NC_0008,2,INNER_TRAIN
3,STRAIN_000911,Lactobacillus acidophilus,NC_0002,4,INNER_TRAIN
3,STRAIN_000912,Lacticaseibacillus casei,NC_0020,2,INNER_TRAIN
3,STRAIN_000913,Lactiplantibacillus plantarum,NC_0001,1,INNER_TRAIN
3,STRAIN_000914,Lactococcus lactis subsp. lactis,NC_0460,4,INNER_TRAIN
3,STRAIN_000915,Lacticaseibacillus paracasei subsp. paracasei,NC_0461,4,INNER_TRAIN
3,STRAIN_000917,Lacticaseibacillus paracasei,NC_0013,1,INNER_TRAIN
3,STRAIN_000918,Lacticaseibacillus paracasei,NC_0463,5,INNER_TRAIN
3,STRAIN_000919,Lacticaseibacillus casei,NC_0020,2,INNER_TRAIN
3,STRAIN_000920,Lactiplantibacillus plantarum,NC_0001,1,INNER_TRAIN
3,STRAIN_000921,Streptococcus thermophilus,NC_0007,4,INNER_TRAIN
3,STRAIN_000922,Lactobacillus acidophilus,NC_0002,4,INNER_TRAIN
3,STRAIN_000924,Lactiplantibacillus plantarum,NC_0017,1,INNER_TRAIN
3,STRAIN_000925,Lacticaseibacillus rhamnosus,NC_0465,5,INNER_TRAIN
3,STRAIN_000929,Lacticaseibacillus casei,NC_0020,2,INNER_TRAIN
3,STRAIN_000930,Lacticaseibacillus rhamnosus,NC_0023,4,INNER_TRAIN
3,STRAIN_000931,Limosilactobacillus reuteri,NC_0024,4,INNER_TRAIN
3,STRAIN_000932,Lactiplantibacillus plantarum,NC_0006,5,INNER_TRAIN
3,STRAIN_000933,Bifidobacterium pseudocatenulatum,NC_0467,4,INNER_TRAIN
3,STRAIN_000934,Limosilactobacillus fermentum,NC_0468,4,INNER_TRAIN
3,STRAIN_000935,Lactiplantibacillus plantarum,NC_0008,2,INNER_TRAIN
3,STRAIN_000936,Limosilactobacillus reuteri subsp. kinnaridis,NC_0031,1,INNER_TRAIN
3,STRAIN_000937,Limosilactobacillus reuteri subsp. kinnaridis,NC_0031,1,INNER_TRAIN
3,STRAIN_000940,Lacticaseibacillus rhamnosus,NC_0469,4,INNER_TRAIN
3,STRAIN_000941,Limosilactobacillus reuteri,NC_0470,2,INNER_TRAIN
3,STRAIN_000942,Lactiplantibacillus plantarum,NC_0042,2,INNER_TRAIN
3,STRAIN_000944,Levilactobacillus brevis,NC_0471,4,INNER_TRAIN
3,STRAIN_000946,Lactiplantibacillus plantarum,NC_0006,5,INNER_TRAIN
3,STRAIN_000949,Lactiplantibacillus plantarum,NC_0017,1,INNER_TRAIN
3,STRAIN_000950,Bifidobacterium breve,NC_0079,5,INNER_TRAIN
3,STRAIN_000951,Lactiplantibacillus plantarum,NC_0008,2,INNER_TRAIN
3,STRAIN_000955,Lactobacillus delbrueckii subsp. lactis,NC_0476,1,INNER_TRAIN
3,STRAIN_000956,Limosilactobacillus fermentum,NC_0099,4,INNER_TRAIN
3,STRAIN_000957,Lactiplantibacillus plantarum,NC_0006,5,INNER_TRAIN
3,STRAIN_000958,Lactiplantibacillus plantarum,NC_0006,5,INNER_TRAIN
3,STRAIN_000959,Lactiplantibacillus plantarum,NC_0006,5,INNER_TRAIN
3,STRAIN_000967,Limosilactobacillus fermentum,NC_0062,1,INNER_TRAIN
3,STRAIN_000969,Lactobacillus acidophilus,NC_0477,2,INNER_TRAIN
3,STRAIN_000970,Lactiplantibacillus plantarum,NC_0001,1,INNER_TRAIN
3,STRAIN_000975,Lactobacillus helveticus,NC_0478,1,INNER_TRAIN
3,STRAIN_000976,Lactiplantibacillus plantarum subsp. plantarum,NC_0479,2,INNER_TRAIN
3,STRAIN_000977,Lactiplantibacillus plantarum,NC_0057,2,INNER_TRAIN
3,STRAIN_000980,Lactiplantibacillus plantarum subsp. plantarum,NC_0006,5,INNER_TRAIN
3,STRAIN_000985,Lacticaseibacillus paracasei,NC_0026,5,INNER_TRAIN
3,STRAIN_000988,Levilactobacillus brevis,NC_0102,4,INNER_TRAIN
3,STRAIN_000991,Limosilactobacillus reuteri,NC_0031,1,INNER_TRAIN
3,STRAIN_000993,Bifidobacterium longum,NC_0084,1,INNER_TRAIN
3,STRAIN_000994,Lactiplantibacillus plantarum,NC_0001,1,INNER_TRAIN
3,STRAIN_000995,Bifidobacterium animalis subsp. lactis,NC_0004,2,INNER_TRAIN
3,STRAIN_000998,Lactococcus lactis,NC_0016,4,INNER_TRAIN
3,STRAIN_001005,Lactiplantibacillus plantarum,NC_0063,5,INNER_TRAIN
3,STRAIN_001006,Lactiplantibacillus plantarum,NC_0107,1,INNER_TRAIN
3,STRAIN_001007,Lactiplantibacillus plantarum,NC_0107,1,INNER_TRAIN
3,STRAIN_001009,Streptococcus thermophilus,NC_0482,1,INNER_TRAIN
3,STRAIN_001013,Lactobacillus acidophilus,NC_0485,1,INNER_TRAIN
3,STRAIN_001014,Lactiplantibacillus plantarum,NC_0006,5,INNER_TRAIN
3,STRAIN_001015,Limosilactobacillus reuteri,NC_0077,2,INNER_TRAIN
3,STRAIN_001016,Bifidobacterium breve,NC_0486,4,INNER_TRAIN
3,STRAIN_001017,Bifidobacterium longum subsp. infantis,NC_0018,5,INNER_TRAIN
3,STRAIN_001018,Lactiplantibacillus plantarum,NC_0063,5,INNER_TRAIN
3,STRAIN_001019,Levilactobacillus brevis,NC_0053,1,INNER_TRAIN
3,STRAIN_001021,Lactiplantibacillus plantarum,NC_0001,1,INNER_TRAIN
3,STRAIN_001023,Limosilactobacillus fermentum,NC_0488,4,INNER_TRAIN
3,STRAIN_001025,Lactiplantibacillus plantarum,NC_0006,5,INNER_TRAIN
3,STRAIN_000032,Bifidobacterium animalis,NC_0113,5,INNER_VAL
3,STRAIN_000036,Lactiplantibacillus plantarum,NC_0067,5,INNER_VAL
3,STRAIN_000062,Bifidobacterium breve,NC_0037,5,INNER_VAL
3,STRAIN_000077,Bifidobacterium longum,NC_0070,4,INNER_VAL
3,STRAIN_000081,Lactococcus lactis,NC_0048,5,INNER_VAL
3,STRAIN_000086,Limosilactobacillus reuteri,NC_0135,5,INNER_VAL
3,STRAIN_000105,Lactococcus cremoris subsp. cremoris,NC_0048,5,INNER_VAL
3,STRAIN_000132,Lacticaseibacillus paracasei,NC_0049,4,INNER_VAL
3,STRAIN_000157,Lactococcus cremoris subsp. cremoris,NC_0048,5,INNER_VAL
3,STRAIN_000161,Bifidobacterium dentium,NC_0179,1,INNER_VAL
3,STRAIN_000169,Bifidobacterium breve DSM 20213 = JCM 1192,NC_0037,5,INNER_VAL
3,STRAIN_000171,Ligilactobacillus salivarius DSM 20555 =,NC_0183,2,INNER_VAL
3,STRAIN_000186,Rahnella aceris,NC_0192,1,INNER_VAL
3,STRAIN_000188,Lactobacillus delbrueckii subsp. bulgaricus,NC_0194,1,INNER_VAL
3,STRAIN_000201,Lactobacillus kefiranofaciens subsp. kefiranofaciens,NC_0202,2,INNER_VAL
3,STRAIN_000220,Bifidobacterium bifidum,NC_0212,2,INNER_VAL
3,STRAIN_000226,Streptococcus salivarius,NC_0215,2,INNER_VAL
3,STRAIN_000236,Bifidobacterium thermophilum,NC_0219,4,INNER_VAL
3,STRAIN_000249,Lacticaseibacillus paracasei,NC_0049,4,INNER_VAL
3,STRAIN_000287,Bacillus subtilis subsp. subtilis str. OH 131.1,NC_0241,1,INNER_VAL
3,STRAIN_000311,Azotobacter chroococcum,NC_0254,4,INNER_VAL
3,STRAIN_000321,Streptococcus thermophilus,NC_0258,1,INNER_VAL
3,STRAIN_000323,Levilactobacillus brevis,NC_0260,5,INNER_VAL
3,STRAIN_000328,Bifidobacterium pseudocatenulatum,NC_0261,5,INNER_VAL
3,STRAIN_000341,Limosilactobacillus fermentum,NC_0041,4,INNER_VAL
3,STRAIN_000350,Bifidobacterium breve DSM 20213 =,NC_0037,5,INNER_VAL
3,STRAIN_000358,Lacticaseibacillus paracasei,NC_0275,1,INNER_VAL
3,STRAIN_000365,Bifidobacterium longum subsp. infantis,NC_0276,5,INNER_VAL
3,STRAIN_000368,Bifidobacterium longum,NC_0278,5,INNER_VAL
3,STRAIN_000370,Limosilactobacillus fermentum,NC_0041,4,INNER_VAL
3,STRAIN_000386,Bifidobacterium longum subsp. longum,NC_0282,2,INNER_VAL
3,STRAIN_000389,Lactobacillus delbrueckii subsp. bulgaricus,NC_0086,1,INNER_VAL
3,STRAIN_000402,Clostridium butyricum,NC_0285,2,INNER_VAL
3,STRAIN_000407,Lactiplantibacillus plantarum,NC_0286,2,INNER_VAL
3,STRAIN_000439,Limosilactobacillus reuteri,NC_0298,2,INNER_VAL
3,STRAIN_000445,Lactobacillus delbrueckii subsp. bulgaricus,NC_0086,1,INNER_VAL
3,STRAIN_000481,Bacillus subtilis subsp. subtilis,NC_0058,4,INNER_VAL
3,STRAIN_000482,Bacillus subtilis subsp. subtilis,NC_0058,4,INNER_VAL
3,STRAIN_000486,Bacillus subtilis subsp. subtilis,NC_0058,4,INNER_VAL
3,STRAIN_000498,Bifidobacterium pseudolongum,NC_0323,5,INNER_VAL
3,STRAIN_000517,Limosilactobacillus fermentum,NC_0041,4,INNER_VAL
3,STRAIN_000519,Limosilactobacillus fermentum,NC_0333,1,INNER_VAL
3,STRAIN_000542,Bifidobacterium breve,NC_0094,5,INNER_VAL
3,STRAIN_000550,Lactiplantibacillus plantarum,NC_0096,5,INNER_VAL
3,STRAIN_000557,Limosilactobacillus reuteri,NC_0344,2,INNER_VAL
3,STRAIN_000572,Bifidobacterium longum subsp. longum,NC_0348,4,INNER_VAL
3,STRAIN_000592,Limosilactobacillus reuteri,NC_0354,4,INNER_VAL
3,STRAIN_000595,Limosilactobacillus fermentum,NC_0356,2,INNER_VAL
3,STRAIN_000605,Lactiplantibacillus plantarum,NC_0067,5,INNER_VAL
3,STRAIN_000614,Bifidobacterium longum,NC_0070,4,INNER_VAL
3,STRAIN_000622,Bifidobacterium breve,NC_0361,4,INNER_VAL
3,STRAIN_000628,Pediococcus acidilactici,NC_0363,4,INNER_VAL
3,STRAIN_000630,Lactiplantibacillus plantarum,NC_0100,5,INNER_VAL
3,STRAIN_000635,Bifidobacterium breve,NC_0094,5,INNER_VAL
3,STRAIN_000636,Bifidobacterium longum subsp. infantis,NC_0366,4,INNER_VAL
3,STRAIN_000638,Bifidobacterium longum,NC_0367,4,INNER_VAL
3,STRAIN_000643,Levilactobacillus brevis,NC_0370,2,INNER_VAL
3,STRAIN_000659,Limosilactobacillus reuteri,NC_0377,4,INNER_VAL
3,STRAIN_000680,Limosilactobacillus fermentum,NC_0041,4,INNER_VAL
3,STRAIN_000687,Lactococcus lactis,NC_0389,4,INNER_VAL
3,STRAIN_000707,Limosilactobacillus fermentum,NC_0393,4,INNER_VAL
3,STRAIN_000736,Bifidobacterium bifidum,NC_0404,4,INNER_VAL
3,STRAIN_000738,Lacticaseibacillus paracasei,NC_0049,4,INNER_VAL
3,STRAIN_000747,Bifidobacterium longum subsp. longum,NC_0406,4,INNER_VAL
3,STRAIN_000749,Limosilactobacillus fermentum,NC_0407,4,INNER_VAL
3,STRAIN_000758,Bifidobacterium longum subsp. longum,NC_0412,5,INNER_VAL
3,STRAIN_000764,Bifidobacterium bifidum,NC_0414,4,INNER_VAL
3,STRAIN_000774,Streptococcus thermophilus,NC_0416,5,INNER_VAL
3,STRAIN_000822,Limosilactobacillus fermentum,NC_0434,1,INNER_VAL
3,STRAIN_000848,Lactiplantibacillus plantarum,NC_0100,5,INNER_VAL
3,STRAIN_000870,Limosilactobacillus reuteri,NC_0446,5,INNER_VAL
3,STRAIN_000872,Bifidobacterium longum,NC_0448,5,INNER_VAL
3,STRAIN_000874,Bifidobacterium breve,NC_0450,2,INNER_VAL
3,STRAIN_000892,Lactobacillus gasseri,NC_0106,4,INNER_VAL
3,STRAIN_000901,Bifidobacterium breve,NC_0037,5,INNER_VAL
3,STRAIN_000928,Lactiplantibacillus plantarum,NC_0096,5,INNER_VAL
3,STRAIN_000979,Limosilactobacillus fermentum,NC_0480,2,INNER_VAL
3,STRAIN_001008,Lactococcus lactis subsp. lactis,NC_0481,5,INNER_VAL
3,STRAIN_001024,Lactobacillus gasseri,NC_0106,4,INNER_VAL
3,STRAIN_000001,Bifidobacterium longum subsp. longum,NC_0022,3,OUTER_HOLDOUT_UNTOUCHED
3,STRAIN_000031,Levilactobacillus brevis,NC_0112,3,OUTER_HOLDOUT_UNTOUCHED
3,STRAIN_000040,Lactiplantibacillus plantarum,NC_0115,3,OUTER_HOLDOUT_UNTOUCHED
3,STRAIN_000044,Lactobacillus gasseri,NC_0117,3,OUTER_HOLDOUT_UNTOUCHED
3,STRAIN_000068,Lactiplantibacillus plantarum,NC_0003,3,OUTER_HOLDOUT_UNTOUCHED
3,STRAIN_000083,Limosilactobacillus reuteri,NC_0132,3,OUTER_HOLDOUT_UNTOUCHED
3,STRAIN_000090,Lacticaseibacillus rhamnosus DSM 20021 = JCM 1136 = NBRC 3425,NC_0015,3,OUTER_HOLDOUT_UNTOUCHED
3,STRAIN_000095,Bifidobacterium longum subsp. longum,NC_0141,3,OUTER_HOLDOUT_UNTOUCHED
3,STRAIN_000099,Sinorhizobium meliloti,NC_0144,3,OUTER_HOLDOUT_UNTOUCHED
3,STRAIN_000106,Shouchella clausii,NC_0149,3,OUTER_HOLDOUT_UNTOUCHED
3,STRAIN_000108,Limosilactobacillus fermentum,NC_0028,3,OUTER_HOLDOUT_UNTOUCHED
3,STRAIN_000110,Azorhizobium caulinodans,NC_0151,3,OUTER_HOLDOUT_UNTOUCHED
3,STRAIN_000112,Lacticaseibacillus rhamnosus GG,NC_0015,3,OUTER_HOLDOUT_UNTOUCHED
3,STRAIN_000124,Pediococcus pentosaceus,NC_0160,3,OUTER_HOLDOUT_UNTOUCHED
3,STRAIN_000127,Lactobacillus helveticus,NC_0161,3,OUTER_HOLDOUT_UNTOUCHED
3,STRAIN_000131,Anoxybacillus flavithermus,NC_0164,3,OUTER_HOLDOUT_UNTOUCHED
3,STRAIN_000133,Opitutus terrae,NC_0165,3,OUTER_HOLDOUT_UNTOUCHED
3,STRAIN_000150,Lacticaseibacillus rhamnosus GG,NC_0015,3,OUTER_HOLDOUT_UNTOUCHED
3,STRAIN_000155,Bifidobacterium longum subsp. longum,NC_0176,3,OUTER_HOLDOUT_UNTOUCHED
3,STRAIN_000159,Lactiplantibacillus plantarum subsp. plantarum ATCC 14917 = JCM 1149 = CGMCC 1.2437,NC_0003,3,OUTER_HOLDOUT_UNTOUCHED
3,STRAIN_000163,Bifidobacterium adolescentis,NC_0180,3,OUTER_HOLDOUT_UNTOUCHED
3,STRAIN_000170,Limosilactobacillus fermentum,NC_0028,3,OUTER_HOLDOUT_UNTOUCHED
3,STRAIN_000175,Bifidobacterium bifidum,NC_0184,3,OUTER_HOLDOUT_UNTOUCHED
3,STRAIN_000177,Lactobacillus crispatus,NC_0186,3,OUTER_HOLDOUT_UNTOUCHED
3,STRAIN_000196,Bifidobacterium longum subsp. longum,NC_0022,3,OUTER_HOLDOUT_UNTOUCHED
3,STRAIN_000197,Bifidobacterium longum subsp. infantis,NC_0199,3,OUTER_HOLDOUT_UNTOUCHED
3,STRAIN_000198,Bacillus amyloliquefaciens DSM 7 = ATCC 23350,NC_0200,3,OUTER_HOLDOUT_UNTOUCHED
3,STRAIN_000207,Streptococcus salivarius,NC_0205,3,OUTER_HOLDOUT_UNTOUCHED
3,STRAIN_000211,Lacticaseibacillus rhamnosus,NC_0014,3,OUTER_HOLDOUT_UNTOUCHED
3,STRAIN_000214,Lactiplantibacillus plantarum subsp. plantarum,NC_0003,3,OUTER_HOLDOUT_UNTOUCHED
3,STRAIN_000216,Streptococcus thermophilus,NC_0050,3,OUTER_HOLDOUT_UNTOUCHED
3,STRAIN_000229,Lactococcus cremoris subsp. cremoris,NC_0051,3,OUTER_HOLDOUT_UNTOUCHED
3,STRAIN_000234,Lactococcus lactis subsp. lactis,NC_0052,3,OUTER_HOLDOUT_UNTOUCHED
3,STRAIN_000237,Bacillus subtilis subsp. subtilis str.,NC_0078,3,OUTER_HOLDOUT_UNTOUCHED
3,STRAIN_000244,Limosilactobacillus reuteri,NC_0222,3,OUTER_HOLDOUT_UNTOUCHED
3,STRAIN_000248,Lacticaseibacillus rhamnosus,NC_0014,3,OUTER_HOLDOUT_UNTOUCHED
3,STRAIN_000259,Limosilactobacillus fermentum,NC_0028,3,OUTER_HOLDOUT_UNTOUCHED
3,STRAIN_000273,Bifidobacterium breve,NC_0237,3,OUTER_HOLDOUT_UNTOUCHED
3,STRAIN_000277,Streptococcus thermophilus,NC_0239,3,OUTER_HOLDOUT_UNTOUCHED
3,STRAIN_000278,Lacticaseibacillus paracasei,NC_0081,3,OUTER_HOLDOUT_UNTOUCHED
3,STRAIN_000290,Limosilactobacillus reuteri,NC_0243,3,OUTER_HOLDOUT_UNTOUCHED
3,STRAIN_000296,Bifidobacterium longum subsp. longum,NC_0022,3,OUTER_HOLDOUT_UNTOUCHED
3,STRAIN_000301,Lactiplantibacillus plantarum,NC_0038,3,OUTER_HOLDOUT_UNTOUCHED
3,STRAIN_000303,Bifidobacterium pseudocatenulatum DSM 20438 = JCM 1200 = LMG 10505,NC_0082,3,OUTER_HOLDOUT_UNTOUCHED
3,STRAIN_000312,Bifidobacterium adolescentis,NC_0255,3,OUTER_HOLDOUT_UNTOUCHED
3,STRAIN_000318,Lactiplantibacillus plantarum,NC_0003,3,OUTER_HOLDOUT_UNTOUCHED
3,STRAIN_000322,Streptococcus thermophilus,NC_0259,3,OUTER_HOLDOUT_UNTOUCHED
3,STRAIN_000326,Lacticaseibacillus rhamnosus,NC_0014,3,OUTER_HOLDOUT_UNTOUCHED
3,STRAIN_000338,Lactobacillus helveticus,NC_0267,3,OUTER_HOLDOUT_UNTOUCHED
3,STRAIN_000340,Lactiplantibacillus plantarum,NC_0003,3,OUTER_HOLDOUT_UNTOUCHED
3,STRAIN_000352,Bifidobacterium pseudocatenulatum DSM 20438 = JCM 1200 = LMG 10505,NC_0082,3,OUTER_HOLDOUT_UNTOUCHED
3,STRAIN_000359,Lacticaseibacillus paracasei,NC_0025,3,OUTER_HOLDOUT_UNTOUCHED
3,STRAIN_000362,Lactiplantibacillus plantarum subsp. plantarum,NC_0010,3,OUTER_HOLDOUT_UNTOUCHED
3,STRAIN_000367,Bifidobacterium breve,NC_0085,3,OUTER_HOLDOUT_UNTOUCHED
3,STRAIN_000374,Lactiplantibacillus plantarum,NC_0003,3,OUTER_HOLDOUT_UNTOUCHED
3,STRAIN_000375,Lactococcus lactis subsp. lactis,NC_0052,3,OUTER_HOLDOUT_UNTOUCHED
3,STRAIN_000376,Lactiplantibacillus plantarum,NC_0003,3,OUTER_HOLDOUT_UNTOUCHED
3,STRAIN_000388,Bacillus subtilis subsp. subtilis,NC_0078,3,OUTER_HOLDOUT_UNTOUCHED
3,STRAIN_000416,Lactiplantibacillus plantarum,NC_0010,3,OUTER_HOLDOUT_UNTOUCHED
3,STRAIN_000419,Lacticaseibacillus rhamnosus,NC_0015,3,OUTER_HOLDOUT_UNTOUCHED
3,STRAIN_000423,Limosilactobacillus fermentum,NC_0293,3,OUTER_HOLDOUT_UNTOUCHED
3,STRAIN_000428,Lacticaseibacillus rhamnosus,NC_0014,3,OUTER_HOLDOUT_UNTOUCHED
3,STRAIN_000435,Lactiplantibacillus plantarum,NC_0296,3,OUTER_HOLDOUT_UNTOUCHED
3,STRAIN_000437,Lactiplantibacillus plantarum,NC_0003,3,OUTER_HOLDOUT_UNTOUCHED
3,STRAIN_000440,Lactiplantibacillus plantarum subsp. plantarum,NC_0299,3,OUTER_HOLDOUT_UNTOUCHED
3,STRAIN_000447,Lacticaseibacillus rhamnosus,NC_0302,3,OUTER_HOLDOUT_UNTOUCHED
3,STRAIN_000448,Lactiplantibacillus plantarum,NC_0003,3,OUTER_HOLDOUT_UNTOUCHED
3,STRAIN_000451,Lactiplantibacillus plantarum,NC_0038,3,OUTER_HOLDOUT_UNTOUCHED
3,STRAIN_000453,Levilactobacillus brevis,NC_0305,3,OUTER_HOLDOUT_UNTOUCHED
3,STRAIN_000454,Lactiplantibacillus plantarum,NC_0010,3,OUTER_HOLDOUT_UNTOUCHED
3,STRAIN_000457,Lacticaseibacillus rhamnosus,NC_0014,3,OUTER_HOLDOUT_UNTOUCHED
3,STRAIN_000458,Lactococcus cremoris,NC_0051,3,OUTER_HOLDOUT_UNTOUCHED
3,STRAIN_000459,Lactococcus lactis subsp. lactis,NC_0308,3,OUTER_HOLDOUT_UNTOUCHED
3,STRAIN_000463,Lactococcus cremoris,NC_0051,3,OUTER_HOLDOUT_UNTOUCHED
3,STRAIN_000470,Lacticaseibacillus paracasei,NC_0025,3,OUTER_HOLDOUT_UNTOUCHED
3,STRAIN_000475,Limosilactobacillus reuteri,NC_0314,3,OUTER_HOLDOUT_UNTOUCHED
3,STRAIN_000478,Lacticaseibacillus rhamnosus,NC_0015,3,OUTER_HOLDOUT_UNTOUCHED
3,STRAIN_000483,Levilactobacillus brevis,NC_0315,3,OUTER_HOLDOUT_UNTOUCHED
3,STRAIN_000484,Lacticaseibacillus casei,NC_0090,3,OUTER_HOLDOUT_UNTOUCHED
3,STRAIN_000488,Bacillus subtilis subsp. subtilis,NC_0318,3,OUTER_HOLDOUT_UNTOUCHED
3,STRAIN_000489,Limosilactobacillus fermentum,NC_0319,3,OUTER_HOLDOUT_UNTOUCHED
3,STRAIN_000494,Lacticaseibacillus rhamnosus,NC_0014,3,OUTER_HOLDOUT_UNTOUCHED
3,STRAIN_000496,Lactiplantibacillus plantarum,NC_0321,3,OUTER_HOLDOUT_UNTOUCHED
3,STRAIN_000501,Lactiplantibacillus plantarum,NC_0059,3,OUTER_HOLDOUT_UNTOUCHED
3,STRAIN_000502,Lactobacillus gasseri,NC_0325,3,OUTER_HOLDOUT_UNTOUCHED
3,STRAIN_000506,Lacticaseibacillus rhamnosus,NC_0014,3,OUTER_HOLDOUT_UNTOUCHED
3,STRAIN_000511,Lactiplantibacillus plantarum,NC_0038,3,OUTER_HOLDOUT_UNTOUCHED
3,STRAIN_000512,Levilactobacillus brevis,NC_0329,3,OUTER_HOLDOUT_UNTOUCHED
3,STRAIN_000515,Limosilactobacillus reuteri,NC_0331,3,OUTER_HOLDOUT_UNTOUCHED
3,STRAIN_000524,Bifidobacterium breve,NC_0335,3,OUTER_HOLDOUT_UNTOUCHED
3,STRAIN_000533,Lactobacillus helveticus,NC_0339,3,OUTER_HOLDOUT_UNTOUCHED
3,STRAIN_000541,Lactiplantibacillus plantarum subsp. plantarum,NC_0093,3,OUTER_HOLDOUT_UNTOUCHED
3,STRAIN_000544,Lactiplantibacillus plantarum,NC_0003,3,OUTER_HOLDOUT_UNTOUCHED
3,STRAIN_000547,Lactiplantibacillus plantarum,NC_0010,3,OUTER_HOLDOUT_UNTOUCHED
3,STRAIN_000548,Lactiplantibacillus plantarum,NC_0010,3,OUTER_HOLDOUT_UNTOUCHED
3,STRAIN_000549,Limosilactobacillus reuteri,NC_0095,3,OUTER_HOLDOUT_UNTOUCHED
3,STRAIN_000552,Limosilactobacillus reuteri,NC_0095,3,OUTER_HOLDOUT_UNTOUCHED
3,STRAIN_000554,Lacticaseibacillus rhamnosus,NC_0014,3,OUTER_HOLDOUT_UNTOUCHED
3,STRAIN_000562,Lactiplantibacillus plantarum,NC_0010,3,OUTER_HOLDOUT_UNTOUCHED
3,STRAIN_000569,Limosilactobacillus reuteri,NC_0347,3,OUTER_HOLDOUT_UNTOUCHED
3,STRAIN_000570,Lactiplantibacillus plantarum,NC_0003,3,OUTER_HOLDOUT_UNTOUCHED
3,STRAIN_000581,Bifidobacterium bifidum,NC_0349,3,OUTER_HOLDOUT_UNTOUCHED
3,STRAIN_000583,Lactiplantibacillus plantarum,NC_0010,3,OUTER_HOLDOUT_UNTOUCHED
3,STRAIN_000594,Lactiplantibacillus plantarum,NC_0010,3,OUTER_HOLDOUT_UNTOUCHED
3,STRAIN_000597,Lacticaseibacillus paracasei,NC_0081,3,OUTER_HOLDOUT_UNTOUCHED
3,STRAIN_000599,Lactococcus lactis,NC_0098,3,OUTER_HOLDOUT_UNTOUCHED
3,STRAIN_000602,Lacticaseibacillus paracasei,NC_0025,3,OUTER_HOLDOUT_UNTOUCHED
3,STRAIN_000603,Lactiplantibacillus plantarum,NC_0010,3,OUTER_HOLDOUT_UNTOUCHED
3,STRAIN_000623,Lactiplantibacillus plantarum,NC_0003,3,OUTER_HOLDOUT_UNTOUCHED
3,STRAIN_000632,Lactiplantibacillus plantarum,NC_0365,3,OUTER_HOLDOUT_UNTOUCHED
3,STRAIN_000633,Lactococcus lactis,NC_0052,3,OUTER_HOLDOUT_UNTOUCHED
3,STRAIN_000640,Levilactobacillus brevis,NC_0368,3,OUTER_HOLDOUT_UNTOUCHED
3,STRAIN_000649,Lacticaseibacillus casei,NC_0025,3,OUTER_HOLDOUT_UNTOUCHED
3,STRAIN_000653,Lacticaseibacillus paracasei,NC_0025,3,OUTER_HOLDOUT_UNTOUCHED
3,STRAIN_000654,Lacticaseibacillus rhamnosus,NC_0373,3,OUTER_HOLDOUT_UNTOUCHED
3,STRAIN_000657,Lacticaseibacillus rhamnosus,NC_0376,3,OUTER_HOLDOUT_UNTOUCHED
3,STRAIN_000661,Lactiplantibacillus plantarum,NC_0003,3,OUTER_HOLDOUT_UNTOUCHED
3,STRAIN_000664,Lactiplantibacillus plantarum,NC_0003,3,OUTER_HOLDOUT_UNTOUCHED
3,STRAIN_000667,Lactiplantibacillus plantarum,NC_0381,3,OUTER_HOLDOUT_UNTOUCHED
3,STRAIN_000669,Lactiplantibacillus plantarum,NC_0003,3,OUTER_HOLDOUT_UNTOUCHED
3,STRAIN_000670,Limosilactobacillus fermentum,NC_0382,3,OUTER_HOLDOUT_UNTOUCHED
3,STRAIN_000674,Lactiplantibacillus plantarum,NC_0003,3,OUTER_HOLDOUT_UNTOUCHED
3,STRAIN_000678,Limosilactobacillus fermentum,NC_0387,3,OUTER_HOLDOUT_UNTOUCHED
3,STRAIN_000685,Lactiplantibacillus plantarum,NC_0059,3,OUTER_HOLDOUT_UNTOUCHED
3,STRAIN_000689,Lacticaseibacillus rhamnosus,NC_0014,3,OUTER_HOLDOUT_UNTOUCHED
3,STRAIN_000690,Lactiplantibacillus plantarum subsp. plantarum,NC_0010,3,OUTER_HOLDOUT_UNTOUCHED
3,STRAIN_000692,Lacticaseibacillus rhamnosus,NC_0014,3,OUTER_HOLDOUT_UNTOUCHED
3,STRAIN_000695,Limosilactobacillus fermentum,NC_0028,3,OUTER_HOLDOUT_UNTOUCHED
3,STRAIN_000704,Lactiplantibacillus plantarum,NC_0003,3,OUTER_HOLDOUT_UNTOUCHED
3,STRAIN_000705,Lacticaseibacillus rhamnosus,NC_0014,3,OUTER_HOLDOUT_UNTOUCHED
3,STRAIN_000710,Lactiplantibacillus plantarum,NC_0003,3,OUTER_HOLDOUT_UNTOUCHED
3,STRAIN_000711,Lacticaseibacillus rhamnosus GG,NC_0015,3,OUTER_HOLDOUT_UNTOUCHED
3,STRAIN_000715,Lacticaseibacillus paracasei subsp. paracasei,NC_0396,3,OUTER_HOLDOUT_UNTOUCHED
3,STRAIN_000718,Lactiplantibacillus plantarum,NC_0397,3,OUTER_HOLDOUT_UNTOUCHED
3,STRAIN_000720,Bifidobacterium breve,NC_0085,3,OUTER_HOLDOUT_UNTOUCHED
3,STRAIN_000723,Lacticaseibacillus rhamnosus,NC_0399,3,OUTER_HOLDOUT_UNTOUCHED
3,STRAIN_000726,Bifidobacterium longum subsp. longum,NC_0022,3,OUTER_HOLDOUT_UNTOUCHED
3,STRAIN_000730,Lactiplantibacillus plantarum,NC_0003,3,OUTER_HOLDOUT_UNTOUCHED
3,STRAIN_000733,Lacticaseibacillus rhamnosus,NC_0015,3,OUTER_HOLDOUT_UNTOUCHED
3,STRAIN_000741,Lactiplantibacillus plantarum,NC_0003,3,OUTER_HOLDOUT_UNTOUCHED
3,STRAIN_000750,Lacticaseibacillus rhamnosus,NC_0014,3,OUTER_HOLDOUT_UNTOUCHED
3,STRAIN_000767,Bifidobacterium longum subsp. longum,NC_0022,3,OUTER_HOLDOUT_UNTOUCHED
3,STRAIN_000770,Streptococcus thermophilus,NC_0044,3,OUTER_HOLDOUT_UNTOUCHED
3,STRAIN_000771,Streptococcus thermophilus,NC_0044,3,OUTER_HOLDOUT_UNTOUCHED
3,STRAIN_000772,Streptococcus thermophilus,NC_0044,3,OUTER_HOLDOUT_UNTOUCHED
3,STRAIN_000773,Streptococcus thermophilus,NC_0044,3,OUTER_HOLDOUT_UNTOUCHED
3,STRAIN_000775,Streptococcus thermophilus,NC_0050,3,OUTER_HOLDOUT_UNTOUCHED
3,STRAIN_000776,Streptococcus thermophilus,NC_0050,3,OUTER_HOLDOUT_UNTOUCHED
3,STRAIN_000791,Lactiplantibacillus plantarum subsp. plantarum,NC_0003,3,OUTER_HOLDOUT_UNTOUCHED
3,STRAIN_000793,Lactiplantibacillus plantarum,NC_0003,3,OUTER_HOLDOUT_UNTOUCHED
3,STRAIN_000797,Lactiplantibacillus plantarum subsp. plantarum,NC_0003,3,OUTER_HOLDOUT_UNTOUCHED
3,STRAIN_000801,Bifidobacterium pseudolongum,NC_0426,3,OUTER_HOLDOUT_UNTOUCHED
3,STRAIN_000802,Lactiplantibacillus plantarum,NC_0010,3,OUTER_HOLDOUT_UNTOUCHED
3,STRAIN_000808,Limosilactobacillus reuteri,NC_0430,3,OUTER_HOLDOUT_UNTOUCHED
3,STRAIN_000825,Lacticaseibacillus rhamnosus,NC_0014,3,OUTER_HOLDOUT_UNTOUCHED
3,STRAIN_000828,Lactiplantibacillus plantarum,NC_0003,3,OUTER_HOLDOUT_UNTOUCHED
3,STRAIN_000830,Lactiplantibacillus plantarum,NC_0003,3,OUTER_HOLDOUT_UNTOUCHED
3,STRAIN_000839,Lacticaseibacillus paracasei subsp. tolerans,NC_0438,3,OUTER_HOLDOUT_UNTOUCHED
3,STRAIN_000841,Lactiplantibacillus plantarum,NC_0003,3,OUTER_HOLDOUT_UNTOUCHED
3,STRAIN_000850,Lactiplantibacillus plantarum subsp. plantarum,NC_0038,3,OUTER_HOLDOUT_UNTOUCHED
3,STRAIN_000853,Lacticaseibacillus paracasei,NC_0442,3,OUTER_HOLDOUT_UNTOUCHED
3,STRAIN_000858,Lacticaseibacillus rhamnosus,NC_0015,3,OUTER_HOLDOUT_UNTOUCHED
3,STRAIN_000861,Bifidobacterium pseudocatenulatum,NC_0444,3,OUTER_HOLDOUT_UNTOUCHED
3,STRAIN_000863,Limosilactobacillus fermentum,NC_0028,3,OUTER_HOLDOUT_UNTOUCHED
3,STRAIN_000868,Lactiplantibacillus plantarum,NC_0059,3,OUTER_HOLDOUT_UNTOUCHED
3,STRAIN_000871,Limosilactobacillus fermentum,NC_0447,3,OUTER_HOLDOUT_UNTOUCHED
3,STRAIN_000873,Lacticaseibacillus rhamnosus,NC_0449,3,OUTER_HOLDOUT_UNTOUCHED
3,STRAIN_000878,Lacticaseibacillus paracasei,NC_0025,3,OUTER_HOLDOUT_UNTOUCHED
3,STRAIN_000884,Lactiplantibacillus plantarum,NC_0010,3,OUTER_HOLDOUT_UNTOUCHED
3,STRAIN_000886,Lacticaseibacillus casei,NC_0090,3,OUTER_HOLDOUT_UNTOUCHED
3,STRAIN_000887,Lactiplantibacillus plantarum,NC_0010,3,OUTER_HOLDOUT_UNTOUCHED
3,STRAIN_000889,Bifidobacterium breve,NC_0453,3,OUTER_HOLDOUT_UNTOUCHED
3,STRAIN_000891,Limosilactobacillus reuteri,NC_0454,3,OUTER_HOLDOUT_UNTOUCHED
3,STRAIN_000895,Limosilactobacillus reuteri,NC_0456,3,OUTER_HOLDOUT_UNTOUCHED
3,STRAIN_000898,Lactiplantibacillus plantarum,NC_0010,3,OUTER_HOLDOUT_UNTOUCHED
3,STRAIN_000902,Lactiplantibacillus plantarum,NC_0457,3,OUTER_HOLDOUT_UNTOUCHED
3,STRAIN_000910,Lacticaseibacillus rhamnosus,NC_0015,3,OUTER_HOLDOUT_UNTOUCHED
3,STRAIN_000916,Levilactobacillus brevis,NC_0462,3,OUTER_HOLDOUT_UNTOUCHED
3,STRAIN_000923,Lactobacillus gasseri,NC_0464,3,OUTER_HOLDOUT_UNTOUCHED
3,STRAIN_000926,Levilactobacillus brevis,NC_0466,3,OUTER_HOLDOUT_UNTOUCHED
3,STRAIN_000927,Lactiplantibacillus plantarum,NC_0093,3,OUTER_HOLDOUT_UNTOUCHED
3,STRAIN_000938,Lactiplantibacillus plantarum,NC_0010,3,OUTER_HOLDOUT_UNTOUCHED
3,STRAIN_000939,Lactiplantibacillus plantarum,NC_0010,3,OUTER_HOLDOUT_UNTOUCHED
3,STRAIN_000943,Lacticaseibacillus rhamnosus,NC_0015,3,OUTER_HOLDOUT_UNTOUCHED
3,STRAIN_000945,Lactiplantibacillus plantarum,NC_0472,3,OUTER_HOLDOUT_UNTOUCHED
3,STRAIN_000947,Lactococcus lactis subsp. lactis,NC_0098,3,OUTER_HOLDOUT_UNTOUCHED
3,STRAIN_000948,Limosilactobacillus reuteri subsp. suis,NC_0473,3,OUTER_HOLDOUT_UNTOUCHED
3,STRAIN_000952,Limosilactobacillus reuteri,NC_0474,3,OUTER_HOLDOUT_UNTOUCHED
3,STRAIN_000953,Streptococcus thermophilus,NC_0475,3,OUTER_HOLDOUT_UNTOUCHED
3,STRAIN_000964,Lactiplantibacillus plantarum,NC_0003,3,OUTER_HOLDOUT_UNTOUCHED
3,STRAIN_000989,Lactiplantibacillus plantarum,NC_0003,3,OUTER_HOLDOUT_UNTOUCHED
3,STRAIN_000990,Lactiplantibacillus plantarum,NC_0003,3,OUTER_HOLDOUT_UNTOUCHED
3,STRAIN_001010,Bifidobacterium longum,NC_0022,3,OUTER_HOLDOUT_UNTOUCHED
3,STRAIN_001011,Limosilactobacillus fermentum,NC_0483,3,OUTER_HOLDOUT_UNTOUCHED
3,STRAIN_001012,Limosilactobacillus fermentum,NC_0484,3,OUTER_HOLDOUT_UNTOUCHED
3,STRAIN_001022,Lacticaseibacillus rhamnosus,NC_0487,3,OUTER_HOLDOUT_UNTOUCHED
4,STRAIN_000001,Bifidobacterium longum subsp. longum,NC_0022,3,INNER_TRAIN
4,STRAIN_000002,Lactiplantibacillus plantarum,NC_0017,1,INNER_TRAIN
4,STRAIN_000006,Lacticaseibacillus casei,NC_0108,5,INNER_TRAIN
4,STRAIN_000007,Bifidobacterium longum subsp. infantis,NC_0018,5,INNER_TRAIN
4,STRAIN_000008,Bifidobacterium longum subsp. infantis,NC_0018,5,INNER_TRAIN
4,STRAIN_000009,Bifidobacterium longum subsp. infantis,NC_0018,5,INNER_TRAIN
4,STRAIN_000010,Bifidobacterium longum subsp. infantis,NC_0018,5,INNER_TRAIN
4,STRAIN_000011,Bifidobacterium longum subsp. infantis,NC_0018,5,INNER_TRAIN
4,STRAIN_000015,Limosilactobacillus fermentum,NC_0036,1,INNER_TRAIN
4,STRAIN_000018,Bifidobacterium longum subsp. longum,NC_0027,5,INNER_TRAIN
4,STRAIN_000019,Bifidobacterium longum subsp. longum,NC_0027,5,INNER_TRAIN
4,STRAIN_000020,Bifidobacterium longum subsp. longum,NC_0027,5,INNER_TRAIN
4,STRAIN_000021,Bifidobacterium longum subsp. longum,NC_0027,5,INNER_TRAIN
4,STRAIN_000023,Bifidobacterium longum subsp. longum,NC_0109,5,INNER_TRAIN
4,STRAIN_000024,Bifidobacterium bifidum LMG 13195,NC_0110,5,INNER_TRAIN
4,STRAIN_000025,Lactiplantibacillus plantarum,NC_0008,2,INNER_TRAIN
4,STRAIN_000026,Bifidobacterium longum subsp. infantis,NC_0011,2,INNER_TRAIN
4,STRAIN_000027,Bifidobacterium longum subsp. infantis,NC_0011,2,INNER_TRAIN
4,STRAIN_000031,Levilactobacillus brevis,NC_0112,3,INNER_TRAIN
4,STRAIN_000032,Bifidobacterium animalis,NC_0113,5,INNER_TRAIN
4,STRAIN_000033,Limosilactobacillus reuteri,NC_0065,1,INNER_TRAIN
4,STRAIN_000036,Lactiplantibacillus plantarum,NC_0067,5,INNER_TRAIN
4,STRAIN_000038,Lactiplantibacillus plantarum,NC_0006,5,INNER_TRAIN
4,STRAIN_000039,Lactiplantibacillus plantarum,NC_0009,5,INNER_TRAIN
4,STRAIN_000041,Lactiplantibacillus plantarum,NC_0009,5,INNER_TRAIN
4,STRAIN_000042,Lactiplantibacillus plantarum,NC_0009,5,INNER_TRAIN
4,STRAIN_000044,Lactobacillus gasseri,NC_0117,3,INNER_TRAIN
4,STRAIN_000045,Bifidobacterium longum subsp. infantis,NC_0011,2,INNER_TRAIN
4,STRAIN_000046,Bifidobacterium longum subsp. infantis,NC_0011,2,INNER_TRAIN
4,STRAIN_000047,Bifidobacterium longum subsp. infantis,NC_0011,2,INNER_TRAIN
4,STRAIN_000049,Bifidobacterium longum subsp. infantis,NC_0011,2,INNER_TRAIN
4,STRAIN_000050,Bifidobacterium longum subsp. infantis,NC_0011,2,INNER_TRAIN
4,STRAIN_000051,Bifidobacterium longum subsp. infantis,NC_0011,2,INNER_TRAIN
4,STRAIN_000052,Bifidobacterium longum subsp. infantis,NC_0011,2,INNER_TRAIN
4,STRAIN_000053,Bifidobacterium longum subsp. infantis,NC_0011,2,INNER_TRAIN
4,STRAIN_000054,Bifidobacterium longum subsp. infantis,NC_0011,2,INNER_TRAIN
4,STRAIN_000055,Bifidobacterium longum subsp. infantis,NC_0011,2,INNER_TRAIN
4,STRAIN_000056,Lacticaseibacillus rhamnosus,NC_0005,5,INNER_TRAIN
4,STRAIN_000057,Lactococcus lactis subsp. lactis,NC_0118,5,INNER_TRAIN
4,STRAIN_000060,Lactiplantibacillus plantarum,NC_0008,2,INNER_TRAIN
4,STRAIN_000062,Bifidobacterium breve,NC_0037,5,INNER_TRAIN
4,STRAIN_000064,Lactococcus lactis,NC_0122,5,INNER_TRAIN
4,STRAIN_000066,Lactiplantibacillus plantarum,NC_0008,2,INNER_TRAIN
4,STRAIN_000067,Lacticaseibacillus rhamnosus,NC_0019,2,INNER_TRAIN
4,STRAIN_000068,Lactiplantibacillus plantarum,NC_0003,3,INNER_TRAIN
4,STRAIN_000070,Lacticaseibacillus rhamnosus,NC_0068,1,INNER_TRAIN
4,STRAIN_000072,Lactobacillus acidophilus,NC_0125,5,INNER_TRAIN
4,STRAIN_000073,Lactococcus lactis,NC_0126,2,INNER_TRAIN
4,STRAIN_000074,Streptococcus thermophilus,NC_0127,1,INNER_TRAIN
4,STRAIN_000075,Limosilactobacillus fermentum,NC_0128,1,INNER_TRAIN
4,STRAIN_000079,Bifidobacterium longum subsp. infantis,NC_0129,5,INNER_TRAIN
4,STRAIN_000081,Lactococcus lactis,NC_0048,5,INNER_TRAIN
4,STRAIN_000083,Limosilactobacillus reuteri,NC_0132,3,INNER_TRAIN
4,STRAIN_000085,Limosilactobacillus reuteri,NC_0134,5,INNER_TRAIN
4,STRAIN_000086,Limosilactobacillus reuteri,NC_0135,5,INNER_TRAIN
4,STRAIN_000087,Lactobacillus johnsonii,NC_0136,2,INNER_TRAIN
4,STRAIN_000090,Lacticaseibacillus rhamnosus DSM 20021 = JCM 1136 = NBRC 3425,NC_0015,3,INNER_TRAIN
4,STRAIN_000091,Lacticaseibacillus rhamnosus,NC_0005,5,INNER_TRAIN
4,STRAIN_000092,Lactiplantibacillus plantarum,NC_0006,5,INNER_TRAIN
4,STRAIN_000095,Bifidobacterium longum subsp. longum,NC_0141,3,INNER_TRAIN
4,STRAIN_000096,Escherichia coli str.,NC_0142,5,INNER_TRAIN
4,STRAIN_000099,Sinorhizobium meliloti,NC_0144,3,INNER_TRAIN
4,STRAIN_000100,Bifidobacterium longum,NC_0145,2,INNER_TRAIN
4,STRAIN_000101,Lactobacillus johnsonii,NC_0146,2,INNER_TRAIN
4,STRAIN_000102,Ligilactobacillus salivarius,NC_0147,5,INNER_TRAIN
4,STRAIN_000105,Lactococcus cremoris subsp. cremoris,NC_0048,5,INNER_TRAIN
4,STRAIN_000106,Shouchella clausii,NC_0149,3,INNER_TRAIN
4,STRAIN_000108,Limosilactobacillus fermentum,NC_0028,3,INNER_TRAIN
4,STRAIN_000109,Bifidobacterium adolescentis,NC_0150,2,INNER_TRAIN
4,STRAIN_000112,Lacticaseibacillus rhamnosus GG,NC_0015,3,INNER_TRAIN
4,STRAIN_000117,Frankia casuarinae,NC_0155,5,INNER_TRAIN
4,STRAIN_000118,Oenococcus oeni,NC_0156,1,INNER_TRAIN
4,STRAIN_000119,Lactobacillus delbrueckii subsp. bulgaricus,NC_0157,1,INNER_TRAIN
4,STRAIN_000124,Pediococcus pentosaceus,NC_0160,3,INNER_TRAIN
4,STRAIN_000125,Lacticaseibacillus paracasei,NC_0071,1,INNER_TRAIN
4,STRAIN_000126,Lactococcus cremoris subsp. cremoris,NC_0072,2,INNER_TRAIN
4,STRAIN_000128,Enterobacter sp. 638,NC_0162,2,INNER_TRAIN
4,STRAIN_000130,Lysinibacillus sphaericus,NC_0163,1,INNER_TRAIN
4,STRAIN_000131,Anoxybacillus flavithermus,NC_0164,3,INNER_TRAIN
4,STRAIN_000133,Opitutus terrae,NC_0165,3,INNER_TRAIN
4,STRAIN_000134,Akkermansia muciniphila,NC_0166,1,INNER_TRAIN
4,STRAIN_000135,Bifidobacterium longum subsp. infantis ATCC 15697 = JCM 1222 = DSM 20088,NC_0018,5,INNER_TRAIN
4,STRAIN_000137,Bifidobacterium animalis subsp. lactis,NC_0004,2,INNER_TRAIN
4,STRAIN_000138,Bifidobacterium animalis subsp. lactis,NC_0004,2,INNER_TRAIN
4,STRAIN_000139,Bifidobacterium animalis subsp. lactis,NC_0004,2,INNER_TRAIN
4,STRAIN_000140,Lactiplantibacillus plantarum,NC_0008,2,INNER_TRAIN
4,STRAIN_000141,Micrococcus luteus NCTC 2665,NC_0168,2,INNER_TRAIN
4,STRAIN_000142,Paenibacillus sp.,NC_0169,1,INNER_TRAIN
4,STRAIN_000143,Bifidobacterium dentium,NC_0073,1,INNER_TRAIN
4,STRAIN_000144,Lactococcus lactis subsp. lactis,NC_0074,2,INNER_TRAIN
4,STRAIN_000145,Bifidobacterium animalis subsp. lactis,NC_0004,2,INNER_TRAIN
4,STRAIN_000146,Aromatoleum aromaticum,NC_0170,5,INNER_TRAIN
4,STRAIN_000148,Erwinia tasmaniensis,NC_0172,5,INNER_TRAIN
4,STRAIN_000149,Lacticaseibacillus paracasei,NC_0013,1,INNER_TRAIN
4,STRAIN_000150,Lacticaseibacillus rhamnosus GG,NC_0015,3,INNER_TRAIN
4,STRAIN_000151,Lacticaseibacillus rhamnosus,NC_0005,5,INNER_TRAIN
4,STRAIN_000152,Acinetobacter baylyi,NC_0173,1,INNER_TRAIN
4,STRAIN_000153,Lactobacillus delbrueckii subsp. bulgaricus ATCC 11842 = JCM 1002,NC_0174,1,INNER_TRAIN
4,STRAIN_000155,Bifidobacterium longum subsp. longum,NC_0176,3,INNER_TRAIN
4,STRAIN_000156,Bifidobacterium animalis subsp. lactis,NC_0004,2,INNER_TRAIN
4,STRAIN_000157,Lactococcus cremoris subsp. cremoris,NC_0048,5,INNER_TRAIN
4,STRAIN_000158,Ligilactobacillus salivarius,NC_0177,1,INNER_TRAIN
4,STRAIN_000159,Lactiplantibacillus plantarum subsp. plantarum ATCC 14917 = JCM 1149 = CGMCC 1.2437,NC_0003,3,INNER_TRAIN
4,STRAIN_000160,Micromonospora aurantiaca,NC_0178,2,INNER_TRAIN
4,STRAIN_000161,Bifidobacterium dentium,NC_0179,1,INNER_TRAIN
4,STRAIN_000162,Lactiplantibacillus plantarum,NC_0001,1,INNER_TRAIN
4,STRAIN_000163,Bifidobacterium adolescentis,NC_0180,3,INNER_TRAIN
4,STRAIN_000167,Bifidobacterium bifidum,NC_0182,5,INNER_TRAIN
4,STRAIN_000169,Bifidobacterium breve DSM 20213 = JCM 1192,NC_0037,5,INNER_TRAIN
4,STRAIN_000170,Limosilactobacillus fermentum,NC_0028,3,INNER_TRAIN
4,STRAIN_000171,Ligilactobacillus salivarius DSM 20555 =,NC_0183,2,INNER_TRAIN
4,STRAIN_000172,Limosilactobacillus reuteri,NC_0031,1,INNER_TRAIN
4,STRAIN_000175,Bifidobacterium bifidum,NC_0184,3,INNER_TRAIN
4,STRAIN_000176,Lactobacillus helveticus,NC_0185,2,INNER_TRAIN
4,STRAIN_000177,Lactobacillus crispatus,NC_0186,3,INNER_TRAIN
4,STRAIN_000178,Bifidobacterium bifidum,NC_0187,5,INNER_TRAIN
4,STRAIN_000179,Bifidobacterium longum subsp. longum,NC_0188,2,INNER_TRAIN
4,STRAIN_000180,Limosilactobacillus reuteri subsp. rodentium,NC_0189,5,INNER_TRAIN
4,STRAIN_000182,Pantoea sp.,NC_0190,1,INNER_TRAIN
4,STRAIN_000183,Lactobacillus delbrueckii subsp. bulgaricus,NC_0191,5,INNER_TRAIN
4,STRAIN_000186,Rahnella aceris,NC_0192,1,INNER_TRAIN
4,STRAIN_000190,Lacticaseibacillus paracasei,NC_0013,1,INNER_TRAIN
4,STRAIN_000191,Lacticaseibacillus paracasei,NC_0013,1,INNER_TRAIN
4,STRAIN_000193,Carnobacterium sp.,NC_0196,5,INNER_TRAIN
4,STRAIN_000194,Rhodopseudomonas palustris,NC_0197,1,INNER_TRAIN
4,STRAIN_000196,Bifidobacterium longum subsp. longum,NC_0022,3,INNER_TRAIN
4,STRAIN_000197,Bifidobacterium longum subsp. infantis,NC_0199,3,INNER_TRAIN
4,STRAIN_000199,Lactiplantibacillus plantarum,NC_0001,1,INNER_TRAIN
4,STRAIN_000201,Lactobacillus kefiranofaciens subsp. kefiranofaciens,NC_0202,2,INNER_TRAIN
4,STRAIN_000202,Bifidobacterium longum subsp. longum,NC_0203,1,INNER_TRAIN
4,STRAIN_000204,Bifidobacterium breve,NC_0076,2,INNER_TRAIN
4,STRAIN_000205,Bifidobacterium animalis subsp. lactis,NC_0004,2,INNER_TRAIN
4,STRAIN_000206,Bifidobacterium animalis subsp. lactis,NC_0004,2,INNER_TRAIN
4,STRAIN_000207,Streptococcus salivarius,NC_0205,3,INNER_TRAIN
4,STRAIN_000208,Bifidobacterium breve,NC_0206,5,INNER_TRAIN
4,STRAIN_000209,Lacticaseibacillus rhamnosus,NC_0005,5,INNER_TRAIN
4,STRAIN_000210,Bacillus subtilis subsp. subtilis str.,NC_0207,2,INNER_TRAIN
4,STRAIN_000213,Lactococcus cremoris subsp. cremoris,NC_0208,2,INNER_TRAIN
4,STRAIN_000214,Lactiplantibacillus plantarum subsp. plantarum,NC_0003,3,INNER_TRAIN
4,STRAIN_000215,Limosilactobacillus mucosae,NC_0209,5,INNER_TRAIN
4,STRAIN_000216,Streptococcus thermophilus,NC_0050,3,INNER_TRAIN
4,STRAIN_000217,Bifidobacterium animalis subsp. animalis,NC_0210,5,INNER_TRAIN
4,STRAIN_000220,Bifidobacterium bifidum,NC_0212,2,INNER_TRAIN
4,STRAIN_000221,Bifidobacterium longum subsp. infantis ATCC 15697 = JCM 1222 = DSM 20088,NC_0018,5,INNER_TRAIN
4,STRAIN_000222,Bifidobacterium animalis subsp. lactis,NC_0004,2,INNER_TRAIN
4,STRAIN_000223,Bifidobacterium animalis subsp. lactis,NC_0004,2,INNER_TRAIN
4,STRAIN_000225,Tetragenococcus halophilus,NC_0214,2,INNER_TRAIN
4,STRAIN_000226,Streptococcus salivarius,NC_0215,2,INNER_TRAIN
4,STRAIN_000227,Bifidobacterium asteroides,NC_0216,2,INNER_TRAIN
4,STRAIN_000229,Lactococcus cremoris subsp. cremoris,NC_0051,3,INNER_TRAIN
4,STRAIN_000230,Lacticaseibacillus paracasei,NC_0013,1,INNER_TRAIN
4,STRAIN_000231,Bacillus subtilis subsp. subtilis str.,NC_0217,1,INNER_TRAIN
4,STRAIN_000232,Streptococcus thermophilus,NC_0218,2,INNER_TRAIN
4,STRAIN_000233,Lactiplantibacillus plantarum,NC_0006,5,INNER_TRAIN
4,STRAIN_000234,Lactococcus lactis subsp. lactis,NC_0052,3,INNER_TRAIN
4,STRAIN_000237,Bacillus subtilis subsp. subtilis str.,NC_0078,3,INNER_TRAIN
4,STRAIN_000239,Lacticaseibacillus paracasei,NC_0013,1,INNER_TRAIN
4,STRAIN_000241,Lactiplantibacillus plantarum subsp. plantarum P-8,NC_0009,5,INNER_TRAIN
4,STRAIN_000242,Limosilactobacillus fermentum,NC_0221,2,INNER_TRAIN
4,STRAIN_000243,Lacticaseibacillus paracasei,NC_0013,1,INNER_TRAIN
4,STRAIN_000244,Limosilactobacillus reuteri,NC_0222,3,INNER_TRAIN
4,STRAIN_000245,Lactiplantibacillus plantarum 16,NC_0009,5,INNER_TRAIN
4,STRAIN_000246,Bifidobacterium animalis subsp. lactis,NC_0004,2,INNER_TRAIN
4,STRAIN_000252,Bifidobacterium bifidum ATCC 29521 = JCM 1255 = DSM 20456,NC_0032,5,INNER_TRAIN
4,STRAIN_000253,Limosilactobacillus fermentum,NC_0226,2,INNER_TRAIN
4,STRAIN_000254,Lactiplantibacillus plantarum,NC_0006,5,INNER_TRAIN
4,STRAIN_000255,Lactococcus cremoris subsp. cremoris,NC_0227,5,INNER_TRAIN
4,STRAIN_000256,Levilactobacillus brevis ATCC 14869 = DSM 20054,NC_0053,1,INNER_TRAIN
4,STRAIN_000258,Bifidobacterium animalis subsp. lactis,NC_0004,2,INNER_TRAIN
4,STRAIN_000259,Limosilactobacillus fermentum,NC_0028,3,INNER_TRAIN
4,STRAIN_000260,Lactiplantibacillus plantarum,NC_0001,1,INNER_TRAIN
4,STRAIN_000261,Limosilactobacillus fermentum,NC_0228,5,INNER_TRAIN
4,STRAIN_000262,Lactococcus lactis subsp. lactis,NC_0074,2,INNER_TRAIN
4,STRAIN_000263,Lactococcus lactis subsp. lactis,NC_0229,1,INNER_TRAIN
4,STRAIN_000264,Pediococcus pentosaceus,NC_0230,2,INNER_TRAIN
4,STRAIN_000267,Lacticaseibacillus rhamnosus,NC_0068,1,INNER_TRAIN
4,STRAIN_000271,Streptococcus thermophilus,NC_0235,1,INNER_TRAIN
4,STRAIN_000272,Lactobacillus helveticus,NC_0236,2,INNER_TRAIN
4,STRAIN_000274,Bifidobacterium breve,NC_0079,5,INNER_TRAIN
4,STRAIN_000275,Bifidobacterium breve,NC_0080,2,INNER_TRAIN
4,STRAIN_000276,Streptococcus thermophilus,NC_0238,1,INNER_TRAIN
4,STRAIN_000277,Streptococcus thermophilus,NC_0239,3,INNER_TRAIN
4,STRAIN_000278,Lacticaseibacillus paracasei,NC_0081,3,INNER_TRAIN
4,STRAIN_000279,Bifidobacterium animalis subsp. lactis,NC_0004,2,INNER_TRAIN
4,STRAIN_000281,Lacticaseibacillus rhamnosus DSM 20021 = JCM 1136 = NBRC 3425,NC_0005,5,INNER_TRAIN
4,STRAIN_000282,Bifidobacterium animalis,NC_0004,2,INNER_TRAIN
4,STRAIN_000287,Bacillus subtilis subsp. subtilis str. OH 131.1,NC_0241,1,INNER_TRAIN
4,STRAIN_000290,Limosilactobacillus reuteri,NC_0243,3,INNER_TRAIN
4,STRAIN_000291,Bifidobacterium longum subsp. infantis,NC_0011,2,INNER_TRAIN
4,STRAIN_000294,Bifidobacterium adolescentis,NC_0245,2,INNER_TRAIN
4,STRAIN_000295,Bifidobacterium bifidum,NC_0032,5,INNER_TRAIN
4,STRAIN_000296,Bifidobacterium longum subsp. longum,NC_0022,3,INNER_TRAIN
4,STRAIN_000297,Bifidobacterium adolescentis,NC_0246,5,INNER_TRAIN
4,STRAIN_000298,Bifidobacterium thermophilum,NC_0247,5,INNER_TRAIN
4,STRAIN_000299,Lacticaseibacillus rhamnosus,NC_0248,5,INNER_TRAIN
4,STRAIN_000300,Limosilactobacillus reuteri,NC_0249,2,INNER_TRAIN
4,STRAIN_000301,Lactiplantibacillus plantarum,NC_0038,3,INNER_TRAIN
4,STRAIN_000302,Lactiplantibacillus plantarum,NC_0001,1,INNER_TRAIN
4,STRAIN_000303,Bifidobacterium pseudocatenulatum DSM 20438 = JCM 1200 = LMG 10505,NC_0082,3,INNER_TRAIN
4,STRAIN_000304,Bifidobacterium bifidum ATCC 29521 = JCM 1255 =,NC_0032,5,INNER_TRAIN
4,STRAIN_000306,Bifidobacterium pseudolongum,NC_0251,2,INNER_TRAIN
4,STRAIN_000308,Levilactobacillus brevis,NC_0253,1,INNER_TRAIN
4,STRAIN_000309,Bifidobacterium animalis subsp. lactis KLDS2.0603,NC_0004,2,INNER_TRAIN
4,STRAIN_000310,Bifidobacterium animalis,NC_0004,2,INNER_TRAIN
4,STRAIN_000312,Bifidobacterium adolescentis,NC_0255,3,INNER_TRAIN
4,STRAIN_000313,Bifidobacterium animalis subsp. lactis,NC_0004,2,INNER_TRAIN
4,STRAIN_000315,Lacticaseibacillus paracasei subsp. paracasei,NC_0034,2,INNER_TRAIN
4,STRAIN_000318,Lactiplantibacillus plantarum,NC_0003,3,INNER_TRAIN
4,STRAIN_000319,Heyndrickxia coagulans DSM 1 =,NC_0257,2,INNER_TRAIN
4,STRAIN_000320,Lactococcus lactis subsp. lactis,NC_0039,2,INNER_TRAIN
4,STRAIN_000322,Streptococcus thermophilus,NC_0259,3,INNER_TRAIN
4,STRAIN_000323,Levilactobacillus brevis,NC_0260,5,INNER_TRAIN
4,STRAIN_000324,Heyndrickxia coagulans,NC_0040,1,INNER_TRAIN
4,STRAIN_000325,Lactiplantibacillus plantarum,NC_0054,1,INNER_TRAIN
4,STRAIN_000328,Bifidobacterium pseudocatenulatum,NC_0261,5,INNER_TRAIN
4,STRAIN_000330,Lactiplantibacillus plantarum,NC_0017,1,INNER_TRAIN
4,STRAIN_000332,Lactobacillus helveticus,NC_0264,5,INNER_TRAIN
4,STRAIN_000333,Limosilactobacillus fermentum,NC_0265,1,INNER_TRAIN
4,STRAIN_000335,Lacticaseibacillus rhamnosus,NC_0266,1,INNER_TRAIN
4,STRAIN_000336,Lactiplantibacillus plantarum,NC_0009,5,INNER_TRAIN
4,STRAIN_000337,Lactiplantibacillus plantarum,NC_0054,1,INNER_TRAIN
4,STRAIN_000338,Lactobacillus helveticus,NC_0267,3,INNER_TRAIN
4,STRAIN_000340,Lactiplantibacillus plantarum,NC_0003,3,INNER_TRAIN
4,STRAIN_000342,Limosilactobacillus fermentum,NC_0268,1,INNER_TRAIN
4,STRAIN_000344,Levilactobacillus brevis,NC_0083,2,INNER_TRAIN
4,STRAIN_000345,Lacticaseibacillus casei,NC_0270,1,INNER_TRAIN
4,STRAIN_000346,Bifidobacterium bifidum,NC_0055,5,INNER_TRAIN
4,STRAIN_000347,Bifidobacterium bifidum,NC_0271,1,INNER_TRAIN
4,STRAIN_000348,Bifidobacterium bifidum,NC_0272,5,INNER_TRAIN
4,STRAIN_000349,Bifidobacterium bifidum ATCC 29521 = JCM 1255 = DSM 20456,NC_0032,5,INNER_TRAIN
4,STRAIN_000350,Bifidobacterium breve DSM 20213 =,NC_0037,5,INNER_TRAIN
4,STRAIN_000351,Bifidobacterium catenulatum DSM 16992 = JCM 1194 = LMG 11043,NC_0273,2,INNER_TRAIN
4,STRAIN_000352,Bifidobacterium pseudocatenulatum DSM 20438 = JCM 1200 = LMG 10505,NC_0082,3,INNER_TRAIN
4,STRAIN_000353,Heyndrickxia coagulans,NC_0040,1,INNER_TRAIN
4,STRAIN_000354,Bifidobacterium dentium JCM 1195 = DSM 20436,NC_0073,1,INNER_TRAIN
4,STRAIN_000355,Bifidobacterium longum subsp. longum,NC_0084,1,INNER_TRAIN
4,STRAIN_000356,Bifidobacterium longum subsp. infantis,NC_0274,2,INNER_TRAIN
4,STRAIN_000357,Lacticaseibacillus rhamnosus,NC_0005,5,INNER_TRAIN
4,STRAIN_000358,Lacticaseibacillus paracasei,NC_0275,1,INNER_TRAIN
4,STRAIN_000359,Lacticaseibacillus paracasei,NC_0025,3,INNER_TRAIN
4,STRAIN_000360,Bifidobacterium animalis subsp. lactis,NC_0004,2,INNER_TRAIN
4,STRAIN_000361,Bifidobacterium animalis subsp. lactis,NC_0004,2,INNER_TRAIN
4,STRAIN_000362,Lactiplantibacillus plantarum subsp. plantarum,NC_0010,3,INNER_TRAIN
4,STRAIN_000363,Lactiplantibacillus plantarum,NC_0042,2,INNER_TRAIN
4,STRAIN_000365,Bifidobacterium longum subsp. infantis,NC_0276,5,INNER_TRAIN
4,STRAIN_000366,Bifidobacterium bifidum,NC_0277,2,INNER_TRAIN
4,STRAIN_000367,Bifidobacterium breve,NC_0085,3,INNER_TRAIN
4,STRAIN_000369,Lactiplantibacillus plantarum,NC_0001,1,INNER_TRAIN
4,STRAIN_000372,Lactiplantibacillus plantarum,NC_0001,1,INNER_TRAIN
4,STRAIN_000374,Lactiplantibacillus plantarum,NC_0003,3,INNER_TRAIN
4,STRAIN_000375,Lactococcus lactis subsp. lactis,NC_0052,3,INNER_TRAIN
4,STRAIN_000376,Lactiplantibacillus plantarum,NC_0003,3,INNER_TRAIN
4,STRAIN_000377,Limosilactobacillus fermentum,NC_0280,2,INNER_TRAIN
4,STRAIN_000379,Lacticaseibacillus casei DSM 20011 = JCM 1134 = ATCC 393,NC_0071,1,INNER_TRAIN
4,STRAIN_000380,Levilactobacillus brevis ATCC 14869 =,NC_0053,1,INNER_TRAIN
4,STRAIN_000383,Lacticaseibacillus rhamnosus DSM 20021 = JCM 1136 = NBRC 3425,NC_0005,5,INNER_TRAIN
4,STRAIN_000384,Lacticaseibacillus paracasei subsp. tolerans,NC_0056,2,INNER_TRAIN
4,STRAIN_000385,Lactiplantibacillus plantarum,NC_0001,1,INNER_TRAIN
4,STRAIN_000386,Bifidobacterium longum subsp. longum,NC_0282,2,INNER_TRAIN
4,STRAIN_000387,Bifidobacterium longum subsp. longum,NC_0283,1,INNER_TRAIN
4,STRAIN_000388,Bacillus subtilis subsp. subtilis,NC_0078,3,INNER_TRAIN
4,STRAIN_000389,Lactobacillus delbrueckii subsp. bulgaricus,NC_0086,1,INNER_TRAIN
4,STRAIN_000390,Lactiplantibacillus plantarum,NC_0001,1,INNER_TRAIN
4,STRAIN_000391,Lacticaseibacillus paracasei,NC_0034,2,INNER_TRAIN
4,STRAIN_000396,Lactiplantibacillus plantarum,NC_0017,1,INNER_TRAIN
4,STRAIN_000397,Lactiplantibacillus plantarum,NC_0001,1,INNER_TRAIN
4,STRAIN_000398,Limosilactobacillus reuteri,NC_0284,1,INNER_TRAIN
4,STRAIN_000399,Lactiplantibacillus plantarum,NC_0001,1,INNER_TRAIN
4,STRAIN_000400,Lactiplantibacillus plantarum,NC_0017,1,INNER_TRAIN
4,STRAIN_000401,Lactococcus lactis,NC_0087,5,INNER_TRAIN
4,STRAIN_000404,Lactiplantibacillus plantarum,NC_0006,5,INNER_TRAIN
4,STRAIN_000405,Lactiplantibacillus plantarum,NC_0006,5,INNER_TRAIN
4,STRAIN_000407,Lactiplantibacillus plantarum,NC_0286,2,INNER_TRAIN
4,STRAIN_000409,Lactiplantibacillus plantarum,NC_0287,5,INNER_TRAIN
4,STRAIN_000410,Levilactobacillus brevis,NC_0288,1,INNER_TRAIN
4,STRAIN_000413,Lactobacillus helveticus,NC_0088,2,INNER_TRAIN
4,STRAIN_000415,Streptococcus thermophilus,NC_0289,2,INNER_TRAIN
4,STRAIN_000416,Lactiplantibacillus plantarum,NC_0010,3,INNER_TRAIN
4,STRAIN_000418,Lactiplantibacillus plantarum,NC_0001,1,INNER_TRAIN
4,STRAIN_000419,Lacticaseibacillus rhamnosus,NC_0015,3,INNER_TRAIN
4,STRAIN_000420,Levilactobacillus brevis,NC_0290,5,INNER_TRAIN
4,STRAIN_000421,Latilactobacillus curvatus,NC_0291,2,INNER_TRAIN
4,STRAIN_000422,Bifidobacterium longum subsp. longum,NC_0292,1,INNER_TRAIN
4,STRAIN_000423,Limosilactobacillus fermentum,NC_0293,3,INNER_TRAIN
4,STRAIN_000424,Lactiplantibacillus plantarum,NC_0042,2,INNER_TRAIN
4,STRAIN_000425,Lactobacillus helveticus,NC_0088,2,INNER_TRAIN
4,STRAIN_000427,Lactiplantibacillus plantarum,NC_0008,2,INNER_TRAIN
4,STRAIN_000429,Limosilactobacillus fermentum,NC_0294,1,INNER_TRAIN
4,STRAIN_000432,Lactiplantibacillus plantarum,NC_0001,1,INNER_TRAIN
4,STRAIN_000433,Lacticaseibacillus casei,NC_0043,5,INNER_TRAIN
4,STRAIN_000434,Lactiplantibacillus plantarum,NC_0057,2,INNER_TRAIN
4,STRAIN_000435,Lactiplantibacillus plantarum,NC_0296,3,INNER_TRAIN
4,STRAIN_000436,Lactiplantibacillus plantarum,NC_0297,5,INNER_TRAIN
4,STRAIN_000437,Lactiplantibacillus plantarum,NC_0003,3,INNER_TRAIN
4,STRAIN_000438,Lactiplantibacillus plantarum,NC_0001,1,INNER_TRAIN
4,STRAIN_000439,Limosilactobacillus reuteri,NC_0298,2,INNER_TRAIN
4,STRAIN_000440,Lactiplantibacillus plantarum subsp. plantarum,NC_0299,3,INNER_TRAIN
4,STRAIN_000441,Bifidobacterium longum subsp. longum,NC_0300,5,INNER_TRAIN
4,STRAIN_000443,Limosilactobacillus fermentum,NC_0301,5,INNER_TRAIN
4,STRAIN_000445,Lactobacillus delbrueckii subsp. bulgaricus,NC_0086,1,INNER_TRAIN
4,STRAIN_000446,Lacticaseibacillus rhamnosus,NC_0019,2,INNER_TRAIN
4,STRAIN_000447,Lacticaseibacillus rhamnosus,NC_0302,3,INNER_TRAIN
4,STRAIN_000448,Lactiplantibacillus plantarum,NC_0003,3,INNER_TRAIN
4,STRAIN_000449,Bifidobacterium breve,NC_0303,2,INNER_TRAIN
4,STRAIN_000450,Lactobacillus delbrueckii subsp. bulgaricus,NC_0304,2,INNER_TRAIN
4,STRAIN_000451,Lactiplantibacillus plantarum,NC_0038,3,INNER_TRAIN
4,STRAIN_000453,Levilactobacillus brevis,NC_0305,3,INNER_TRAIN
4,STRAIN_000454,Lactiplantibacillus plantarum,NC_0010,3,INNER_TRAIN
4,STRAIN_000455,Bifidobacterium breve,NC_0306,5,INNER_TRAIN
4,STRAIN_000458,Lactococcus cremoris,NC_0051,3,INNER_TRAIN
4,STRAIN_000459,Lactococcus lactis subsp. lactis,NC_0308,3,INNER_TRAIN
4,STRAIN_000460,Lactococcus lactis subsp. lactis,NC_0089,5,INNER_TRAIN
4,STRAIN_000463,Lactococcus cremoris,NC_0051,3,INNER_TRAIN
4,STRAIN_000465,Lactococcus cremoris,NC_0309,5,INNER_TRAIN
4,STRAIN_000466,Lactococcus cremoris,NC_0072,2,INNER_TRAIN
4,STRAIN_000467,Lactococcus cremoris,NC_0087,5,INNER_TRAIN
4,STRAIN_000468,Lactococcus lactis subsp. lactis,NC_0310,5,INNER_TRAIN
4,STRAIN_000469,Lactococcus lactis subsp. lactis,NC_0089,5,INNER_TRAIN
4,STRAIN_000470,Lacticaseibacillus paracasei,NC_0025,3,INNER_TRAIN
4,STRAIN_000471,Lacticaseibacillus casei,NC_0013,1,INNER_TRAIN
4,STRAIN_000472,Levilactobacillus brevis,NC_0311,5,INNER_TRAIN
4,STRAIN_000473,Latilactobacillus sakei,NC_0312,2,INNER_TRAIN
4,STRAIN_000475,Limosilactobacillus reuteri,NC_0314,3,INNER_TRAIN
4,STRAIN_000476,Limosilactobacillus fermentum,NC_0036,1,INNER_TRAIN
4,STRAIN_000478,Lacticaseibacillus rhamnosus,NC_0015,3,INNER_TRAIN
4,STRAIN_000480,Lactiplantibacillus plantarum,NC_0021,1,INNER_TRAIN
4,STRAIN_000483,Levilactobacillus brevis,NC_0315,3,INNER_TRAIN
4,STRAIN_000484,Lacticaseibacillus casei,NC_0090,3,INNER_TRAIN
4,STRAIN_000489,Limosilactobacillus fermentum,NC_0319,3,INNER_TRAIN
4,STRAIN_000490,Lactiplantibacillus plantarum,NC_0021,1,INNER_TRAIN
4,STRAIN_000491,Bifidobacterium animalis,NC_0004,2,INNER_TRAIN
4,STRAIN_000492,Lactiplantibacillus plantarum,NC_0006,5,INNER_TRAIN
4,STRAIN_000495,Limosilactobacillus fermentum,NC_0320,1,INNER_TRAIN
4,STRAIN_000496,Lactiplantibacillus plantarum,NC_0321,3,INNER_TRAIN
4,STRAIN_000497,Lacticaseibacillus paracasei,NC_0322,1,INNER_TRAIN
4,STRAIN_000498,Bifidobacterium pseudolongum,NC_0323,5,INNER_TRAIN
4,STRAIN_000502,Lactobacillus gasseri,NC_0325,3,INNER_TRAIN
4,STRAIN_000505,Limosilactobacillus fermentum,NC_0327,1,INNER_TRAIN
4,STRAIN_000508,Lactiplantibacillus plantarum,NC_0021,1,INNER_TRAIN
4,STRAIN_000509,Lacticaseibacillus paracasei,NC_0043,5,INNER_TRAIN
4,STRAIN_000511,Lactiplantibacillus plantarum,NC_0038,3,INNER_TRAIN
4,STRAIN_000512,Levilactobacillus brevis,NC_0329,3,INNER_TRAIN
4,STRAIN_000513,Levilactobacillus brevis,NC_0330,5,INNER_TRAIN
4,STRAIN_000514,Lactiplantibacillus plantarum,NC_0008,2,INNER_TRAIN
4,STRAIN_000515,Limosilactobacillus reuteri,NC_0331,3,INNER_TRAIN
4,STRAIN_000516,Heyndrickxia coagulans,NC_0040,1,INNER_TRAIN
4,STRAIN_000519,Limosilactobacillus fermentum,NC_0333,1,INNER_TRAIN
4,STRAIN_000520,Lactococcus lactis subsp. lactis,NC_0091,5,INNER_TRAIN
4,STRAIN_000521,Lactococcus lactis subsp. lactis,NC_0091,5,INNER_TRAIN
4,STRAIN_000522,Lacticaseibacillus paracasei subsp. paracasei,NC_0060,5,INNER_TRAIN
4,STRAIN_000523,Bifidobacterium longum,NC_0334,5,INNER_TRAIN
4,STRAIN_000524,Bifidobacterium breve,NC_0335,3,INNER_TRAIN
4,STRAIN_000526,Bifidobacterium bifidum,NC_0055,5,INNER_TRAIN
4,STRAIN_000529,Lacticaseibacillus rhamnosus,NC_0005,5,INNER_TRAIN
4,STRAIN_000530,Lacticaseibacillus paracasei,NC_0013,1,INNER_TRAIN
4,STRAIN_000531,Lactobacillus helveticus,NC_0337,1,INNER_TRAIN
4,STRAIN_000532,Lactobacillus helveticus,NC_0338,1,INNER_TRAIN
4,STRAIN_000533,Lactobacillus helveticus,NC_0339,3,INNER_TRAIN
4,STRAIN_000534,Lacticaseibacillus paracasei,NC_0092,5,INNER_TRAIN
4,STRAIN_000535,Lactiplantibacillus plantarum,NC_0006,5,INNER_TRAIN
4,STRAIN_000536,Lactococcus lactis subsp. lactis,NC_0340,1,INNER_TRAIN
4,STRAIN_000537,Lactiplantibacillus plantarum,NC_0001,1,INNER_TRAIN
4,STRAIN_000538,Limosilactobacillus fermentum,NC_0341,5,INNER_TRAIN
4,STRAIN_000539,Lacticaseibacillus paracasei subsp. paracasei,NC_0060,5,INNER_TRAIN
4,STRAIN_000540,Lacticaseibacillus paracasei,NC_0092,5,INNER_TRAIN
4,STRAIN_000541,Lactiplantibacillus plantarum subsp. plantarum,NC_0093,3,INNER_TRAIN
4,STRAIN_000542,Bifidobacterium breve,NC_0094,5,INNER_TRAIN
4,STRAIN_000544,Lactiplantibacillus plantarum,NC_0003,3,INNER_TRAIN
4,STRAIN_000545,Lacticaseibacillus rhamnosus,NC_0005,5,INNER_TRAIN
4,STRAIN_000546,Lactiplantibacillus plantarum,NC_0008,2,INNER_TRAIN
4,STRAIN_000547,Lactiplantibacillus plantarum,NC_0010,3,INNER_TRAIN
4,STRAIN_000548,Lactiplantibacillus plantarum,NC_0010,3,INNER_TRAIN
4,STRAIN_000549,Limosilactobacillus reuteri,NC_0095,3,INNER_TRAIN
4,STRAIN_000550,Lactiplantibacillus plantarum,NC_0096,5,INNER_TRAIN
4,STRAIN_000551,Lacticaseibacillus rhamnosus,NC_0019,2,INNER_TRAIN
4,STRAIN_000552,Limosilactobacillus reuteri,NC_0095,3,INNER_TRAIN
4,STRAIN_000555,Levilactobacillus brevis,NC_0343,1,INNER_TRAIN
4,STRAIN_000557,Limosilactobacillus reuteri,NC_0344,2,INNER_TRAIN
4,STRAIN_000558,Lactiplantibacillus plantarum,NC_0097,2,INNER_TRAIN
4,STRAIN_000559,Lacticaseibacillus rhamnosus,NC_0005,5,INNER_TRAIN
4,STRAIN_000560,Lacticaseibacillus rhamnosus,NC_0005,5,INNER_TRAIN
4,STRAIN_000562,Lactiplantibacillus plantarum,NC_0010,3,INNER_TRAIN
4,STRAIN_000563,Limosilactobacillus reuteri,NC_0061,1,INNER_TRAIN
4,STRAIN_000564,Limosilactobacillus reuteri,NC_0061,1,INNER_TRAIN
4,STRAIN_000566,Limosilactobacillus reuteri,NC_0061,1,INNER_TRAIN
4,STRAIN_000567,Limosilactobacillus fermentum,NC_0346,5,INNER_TRAIN
4,STRAIN_000568,Lactiplantibacillus plantarum,NC_0001,1,INNER_TRAIN
4,STRAIN_000569,Limosilactobacillus reuteri,NC_0347,3,INNER_TRAIN
4,STRAIN_000570,Lactiplantibacillus plantarum,NC_0003,3,INNER_TRAIN
4,STRAIN_000571,Lactiplantibacillus plantarum,NC_0054,1,INNER_TRAIN
4,STRAIN_000573,Lactiplantibacillus plantarum,NC_0001,1,INNER_TRAIN
4,STRAIN_000574,Lactiplantibacillus plantarum,NC_0001,1,INNER_TRAIN
4,STRAIN_000576,Limosilactobacillus fermentum,NC_0062,1,INNER_TRAIN
4,STRAIN_000577,Lactiplantibacillus plantarum,NC_0057,2,INNER_TRAIN
4,STRAIN_000579,Lactiplantibacillus plantarum,NC_0021,1,INNER_TRAIN
4,STRAIN_000580,Lacticaseibacillus rhamnosus,NC_0005,5,INNER_TRAIN
4,STRAIN_000582,Lactiplantibacillus plantarum,NC_0042,2,INNER_TRAIN
4,STRAIN_000583,Lactiplantibacillus plantarum,NC_0010,3,INNER_TRAIN
4,STRAIN_000585,Bifidobacterium animalis subsp. lactis,NC_0004,2,INNER_TRAIN
4,STRAIN_000587,Lacticaseibacillus paracasei,NC_0352,2,INNER_TRAIN
4,STRAIN_000588,Lactiplantibacillus plantarum,NC_0006,5,INNER_TRAIN
4,STRAIN_000590,Levilactobacillus brevis,NC_0353,1,INNER_TRAIN
4,STRAIN_000591,Lactiplantibacillus plantarum,NC_0008,2,INNER_TRAIN
4,STRAIN_000594,Lactiplantibacillus plantarum,NC_0010,3,INNER_TRAIN
4,STRAIN_000595,Limosilactobacillus fermentum,NC_0356,2,INNER_TRAIN
4,STRAIN_000596,Limosilactobacillus reuteri,NC_0357,2,INNER_TRAIN
4,STRAIN_000597,Lacticaseibacillus paracasei,NC_0081,3,INNER_TRAIN
4,STRAIN_000599,Lactococcus lactis,NC_0098,3,INNER_TRAIN
4,STRAIN_000602,Lacticaseibacillus paracasei,NC_0025,3,INNER_TRAIN
4,STRAIN_000603,Lactiplantibacillus plantarum,NC_0010,3,INNER_TRAIN
4,STRAIN_000604,Bifidobacterium animalis subsp. lactis,NC_0004,2,INNER_TRAIN
4,STRAIN_000605,Lactiplantibacillus plantarum,NC_0067,5,INNER_TRAIN
4,STRAIN_000606,Lactiplantibacillus plantarum,NC_0017,1,INNER_TRAIN
4,STRAIN_000607,Lactiplantibacillus plantarum,NC_0009,5,INNER_TRAIN
4,STRAIN_000609,Lactiplantibacillus plantarum,NC_0021,1,INNER_TRAIN
4,STRAIN_000610,Heyndrickxia coagulans,NC_0040,1,INNER_TRAIN
4,STRAIN_000611,Lactiplantibacillus plantarum,NC_0001,1,INNER_TRAIN
4,STRAIN_000612,Lactiplantibacillus plantarum,NC_0021,1,INNER_TRAIN
4,STRAIN_000613,Lactiplantibacillus plantarum,NC_0009,5,INNER_TRAIN
4,STRAIN_000615,Bifidobacterium animalis,NC_0004,2,INNER_TRAIN
4,STRAIN_000617,Lactiplantibacillus plantarum,NC_0009,5,INNER_TRAIN
4,STRAIN_000618,Lactiplantibacillus plantarum,NC_0009,5,INNER_TRAIN
4,STRAIN_000619,Lactiplantibacillus plantarum,NC_0009,5,INNER_TRAIN
4,STRAIN_000620,Lactiplantibacillus plantarum,NC_0009,5,INNER_TRAIN
4,STRAIN_000621,Lactiplantibacillus plantarum,NC_0009,5,INNER_TRAIN
4,STRAIN_000623,Lactiplantibacillus plantarum,NC_0003,3,INNER_TRAIN
4,STRAIN_000626,Lactococcus lactis subsp. lactis,NC_0039,2,INNER_TRAIN
4,STRAIN_000627,Lacticaseibacillus paracasei subsp. paracasei,NC_0034,2,INNER_TRAIN
4,STRAIN_000629,Lacticaseibacillus paracasei,NC_0043,5,INNER_TRAIN
4,STRAIN_000630,Lactiplantibacillus plantarum,NC_0100,5,INNER_TRAIN
4,STRAIN_000631,Limosilactobacillus fermentum,NC_0364,1,INNER_TRAIN
4,STRAIN_000632,Lactiplantibacillus plantarum,NC_0365,3,INNER_TRAIN
4,STRAIN_000633,Lactococcus lactis,NC_0052,3,INNER_TRAIN
4,STRAIN_000635,Bifidobacterium breve,NC_0094,5,INNER_TRAIN
4,STRAIN_000637,Bifidobacterium longum subsp. infantis,NC_0011,2,INNER_TRAIN
4,STRAIN_000639,Lacticaseibacillus rhamnosus,NC_0019,2,INNER_TRAIN
4,STRAIN_000640,Levilactobacillus brevis,NC_0368,3,INNER_TRAIN
4,STRAIN_000642,Levilactobacillus brevis,NC_0369,2,INNER_TRAIN
4,STRAIN_000643,Levilactobacillus brevis,NC_0370,2,INNER_TRAIN
4,STRAIN_000644,Lactiplantibacillus plantarum,NC_0001,1,INNER_TRAIN
4,STRAIN_000646,Lactiplantibacillus plantarum,NC_0001,1,INNER_TRAIN
4,STRAIN_000647,Lacticaseibacillus paracasei subsp. paracasei,NC_0034,2,INNER_TRAIN
4,STRAIN_000648,Lacticaseibacillus paracasei subsp. tolerans,NC_0056,2,INNER_TRAIN
4,STRAIN_000649,Lacticaseibacillus casei,NC_0025,3,INNER_TRAIN
4,STRAIN_000650,Lacticaseibacillus rhamnosus DSM 20021 = JCM 1136 =,NC_0005,5,INNER_TRAIN
4,STRAIN_000651,Lacticaseibacillus rhamnosus,NC_0019,2,INNER_TRAIN
4,STRAIN_000652,Lactococcus lactis subsp. lactis bv. diacetylactis,NC_0372,5,INNER_TRAIN
4,STRAIN_000653,Lacticaseibacillus paracasei,NC_0025,3,INNER_TRAIN
4,STRAIN_000654,Lacticaseibacillus rhamnosus,NC_0373,3,INNER_TRAIN
4,STRAIN_000656,Lactiplantibacillus plantarum,NC_0375,1,INNER_TRAIN
4,STRAIN_000657,Lacticaseibacillus rhamnosus,NC_0376,3,INNER_TRAIN
4,STRAIN_000658,Bifidobacterium breve,NC_0076,2,INNER_TRAIN
4,STRAIN_000660,Limosilactobacillus fermentum,NC_0036,1,INNER_TRAIN
4,STRAIN_000661,Lactiplantibacillus plantarum,NC_0003,3,INNER_TRAIN
4,STRAIN_000662,Bifidobacterium longum,NC_0378,1,INNER_TRAIN
4,STRAIN_000663,Lacticaseibacillus paracasei subsp. paracasei,NC_0060,5,INNER_TRAIN
4,STRAIN_000664,Lactiplantibacillus plantarum,NC_0003,3,INNER_TRAIN
4,STRAIN_000667,Lactiplantibacillus plantarum,NC_0381,3,INNER_TRAIN
4,STRAIN_000669,Lactiplantibacillus plantarum,NC_0003,3,INNER_TRAIN
4,STRAIN_000671,Lacticaseibacillus paracasei,NC_0026,5,INNER_TRAIN
4,STRAIN_000672,Streptococcus thermophilus,NC_0383,5,INNER_TRAIN
4,STRAIN_000673,Bifidobacterium pseudocatenulatum,NC_0384,1,INNER_TRAIN
4,STRAIN_000674,Lactiplantibacillus plantarum,NC_0003,3,INNER_TRAIN
4,STRAIN_000675,Lactiplantibacillus plantarum,NC_0008,2,INNER_TRAIN
4,STRAIN_000676,Bifidobacterium bifidum,NC_0385,1,INNER_TRAIN
4,STRAIN_000678,Limosilactobacillus fermentum,NC_0387,3,INNER_TRAIN
4,STRAIN_000679,Limosilactobacillus reuteri,NC_0388,1,INNER_TRAIN
4,STRAIN_000681,Bifidobacterium animalis,NC_0004,2,INNER_TRAIN
4,STRAIN_000682,Lactiplantibacillus plantarum,NC_0001,1,INNER_TRAIN
4,STRAIN_000683,Lactiplantibacillus plantarum,NC_0009,5,INNER_TRAIN
4,STRAIN_000684,Lacticaseibacillus paracasei,NC_0013,1,INNER_TRAIN
4,STRAIN_000686,Limosilactobacillus fermentum,NC_0062,1,INNER_TRAIN
4,STRAIN_000688,Lacticaseibacillus paracasei,NC_0026,5,INNER_TRAIN
4,STRAIN_000690,Lactiplantibacillus plantarum subsp. plantarum,NC_0010,3,INNER_TRAIN
4,STRAIN_000691,Lactiplantibacillus plantarum,NC_0001,1,INNER_TRAIN
4,STRAIN_000693,Limosilactobacillus reuteri,NC_0390,5,INNER_TRAIN
4,STRAIN_000694,Lactiplantibacillus plantarum,NC_0001,1,INNER_TRAIN
4,STRAIN_000695,Limosilactobacillus fermentum,NC_0028,3,INNER_TRAIN
4,STRAIN_000696,Lactococcus lactis subsp. lactis,NC_0039,2,INNER_TRAIN
4,STRAIN_000697,Lacticaseibacillus rhamnosus,NC_0005,5,INNER_TRAIN
4,STRAIN_000698,Lacticaseibacillus rhamnosus,NC_0005,5,INNER_TRAIN
4,STRAIN_000699,Lacticaseibacillus rhamnosus,NC_0005,5,INNER_TRAIN
4,STRAIN_000700,Lacticaseibacillus rhamnosus,NC_0005,5,INNER_TRAIN
4,STRAIN_000701,Lactiplantibacillus plantarum,NC_0001,1,INNER_TRAIN
4,STRAIN_000702,Lacticaseibacillus paracasei,NC_0034,2,INNER_TRAIN
4,STRAIN_000704,Lactiplantibacillus plantarum,NC_0003,3,INNER_TRAIN
4,STRAIN_000706,Bifidobacterium longum,NC_0392,5,INNER_TRAIN
4,STRAIN_000708,Bifidobacterium adolescentis,NC_0394,5,INNER_TRAIN
4,STRAIN_000709,Lacticaseibacillus rhamnosus,NC_0005,5,INNER_TRAIN
4,STRAIN_000710,Lactiplantibacillus plantarum,NC_0003,3,INNER_TRAIN
4,STRAIN_000711,Lacticaseibacillus rhamnosus GG,NC_0015,3,INNER_TRAIN
4,STRAIN_000712,Lactiplantibacillus plantarum,NC_0001,1,INNER_TRAIN
4,STRAIN_000715,Lacticaseibacillus paracasei subsp. paracasei,NC_0396,3,INNER_TRAIN
4,STRAIN_000716,Lactiplantibacillus plantarum,NC_0001,1,INNER_TRAIN
4,STRAIN_000717,Bifidobacterium bifidum,NC_0032,5,INNER_TRAIN
4,STRAIN_000718,Lactiplantibacillus plantarum,NC_0397,3,INNER_TRAIN
4,STRAIN_000720,Bifidobacterium breve,NC_0085,3,INNER_TRAIN
4,STRAIN_000721,Escherichia coli,NC_0398,5,INNER_TRAIN
4,STRAIN_000722,Lactiplantibacillus plantarum,NC_0021,1,INNER_TRAIN
4,STRAIN_000723,Lacticaseibacillus rhamnosus,NC_0399,3,INNER_TRAIN
4,STRAIN_000724,Limosilactobacillus fermentum,NC_0400,1,INNER_TRAIN
4,STRAIN_000726,Bifidobacterium longum subsp. longum,NC_0022,3,INNER_TRAIN
4,STRAIN_000727,Lactiplantibacillus plantarum,NC_0001,1,INNER_TRAIN
4,STRAIN_000730,Lactiplantibacillus plantarum,NC_0003,3,INNER_TRAIN
4,STRAIN_000731,Bifidobacterium longum,NC_0401,1,INNER_TRAIN
4,STRAIN_000733,Lacticaseibacillus rhamnosus,NC_0015,3,INNER_TRAIN
4,STRAIN_000734,Lactiplantibacillus plantarum,NC_0001,1,INNER_TRAIN
4,STRAIN_000735,Bifidobacterium adolescentis,NC_0403,2,INNER_TRAIN
4,STRAIN_000737,Bifidobacterium animalis subsp. lactis,NC_0004,2,INNER_TRAIN
4,STRAIN_000740,Lacticaseibacillus rhamnosus,NC_0005,5,INNER_TRAIN
4,STRAIN_000741,Lactiplantibacillus plantarum,NC_0003,3,INNER_TRAIN
4,STRAIN_000742,Bifidobacterium longum subsp. longum,NC_0103,1,INNER_TRAIN
4,STRAIN_000743,Bifidobacterium animalis subsp. lactis,NC_0004,2,INNER_TRAIN
4,STRAIN_000744,Bifidobacterium animalis subsp. lactis,NC_0004,2,INNER_TRAIN
4,STRAIN_000745,Bifidobacterium animalis subsp. lactis,NC_0004,2,INNER_TRAIN
4,STRAIN_000746,Bifidobacterium longum subsp. longum,NC_0103,1,INNER_TRAIN
4,STRAIN_000751,Limosilactobacillus reuteri,NC_0408,5,INNER_TRAIN
4,STRAIN_000752,Lactobacillus gasseri,NC_0409,5,INNER_TRAIN
4,STRAIN_000753,Lactiplantibacillus plantarum,NC_0021,1,INNER_TRAIN
4,STRAIN_000754,Bifidobacterium longum subsp. infantis,NC_0018,5,INNER_TRAIN
4,STRAIN_000755,Lactiplantibacillus plantarum,NC_0006,5,INNER_TRAIN
4,STRAIN_000756,Limosilactobacillus fermentum,NC_0410,2,INNER_TRAIN
4,STRAIN_000758,Bifidobacterium longum subsp. longum,NC_0412,5,INNER_TRAIN
4,STRAIN_000759,Bifidobacterium longum subsp. longum,NC_0413,1,INNER_TRAIN
4,STRAIN_000760,Lactiplantibacillus plantarum,NC_0001,1,INNER_TRAIN
4,STRAIN_000761,Streptococcus thermophilus,NC_0104,2,INNER_TRAIN
4,STRAIN_000762,Streptococcus thermophilus,NC_0104,2,INNER_TRAIN
4,STRAIN_000763,Limosilactobacillus reuteri,NC_0031,1,INNER_TRAIN
4,STRAIN_000765,Limosilactobacillus reuteri,NC_0065,1,INNER_TRAIN
4,STRAIN_000766,Lactobacillus delbrueckii subsp. lactis,NC_0415,2,INNER_TRAIN
4,STRAIN_000767,Bifidobacterium longum subsp. longum,NC_0022,3,INNER_TRAIN
4,STRAIN_000768,Lactiplantibacillus plantarum,NC_0008,2,INNER_TRAIN
4,STRAIN_000769,Streptococcus thermophilus,NC_0069,5,INNER_TRAIN
4,STRAIN_000770,Streptococcus thermophilus,NC_0044,3,INNER_TRAIN
4,STRAIN_000771,Streptococcus thermophilus,NC_0044,3,INNER_TRAIN
4,STRAIN_000772,Streptococcus thermophilus,NC_0044,3,INNER_TRAIN
4,STRAIN_000773,Streptococcus thermophilus,NC_0044,3,INNER_TRAIN
4,STRAIN_000774,Streptococcus thermophilus,NC_0416,5,INNER_TRAIN
4,STRAIN_000775,Streptococcus thermophilus,NC_0050,3,INNER_TRAIN
4,STRAIN_000776,Streptococcus thermophilus,NC_0050,3,INNER_TRAIN
4,STRAIN_000777,Lacticaseibacillus rhamnosus,NC_0417,5,INNER_TRAIN
4,STRAIN_000780,Bifidobacterium pseudocatenulatum,NC_0418,2,INNER_TRAIN
4,STRAIN_000781,Escherichia coli,NC_0419,1,INNER_TRAIN
4,STRAIN_000785,Lactiplantibacillus plantarum,NC_0420,2,INNER_TRAIN
4,STRAIN_000786,Bifidobacterium longum subsp. longum,NC_0421,1,INNER_TRAIN
4,STRAIN_000789,Lactiplantibacillus plantarum subsp. plantarum,NC_0001,1,INNER_TRAIN
4,STRAIN_000790,Lactiplantibacillus plantarum,NC_0001,1,INNER_TRAIN
4,STRAIN_000791,Lactiplantibacillus plantarum subsp. plantarum,NC_0003,3,INNER_TRAIN
4,STRAIN_000792,Lactiplantibacillus plantarum subsp. plantarum,NC_0063,5,INNER_TRAIN
4,STRAIN_000793,Lactiplantibacillus plantarum,NC_0003,3,INNER_TRAIN
4,STRAIN_000794,Lactococcus lactis,NC_0039,2,INNER_TRAIN
4,STRAIN_000795,Lacticaseibacillus paracasei,NC_0423,5,INNER_TRAIN
4,STRAIN_000796,Lactiplantibacillus plantarum,NC_0424,2,INNER_TRAIN
4,STRAIN_000797,Lactiplantibacillus plantarum subsp. plantarum,NC_0003,3,INNER_TRAIN
4,STRAIN_000798,Limosilactobacillus fermentum,NC_0425,1,INNER_TRAIN
4,STRAIN_000799,Lacticaseibacillus paracasei,NC_0013,1,INNER_TRAIN
4,STRAIN_000800,Lacticaseibacillus rhamnosus,NC_0005,5,INNER_TRAIN
4,STRAIN_000801,Bifidobacterium pseudolongum,NC_0426,3,INNER_TRAIN
4,STRAIN_000802,Lactiplantibacillus plantarum,NC_0010,3,INNER_TRAIN
4,STRAIN_000803,Lactiplantibacillus plantarum,NC_0427,2,INNER_TRAIN
4,STRAIN_000804,Lacticaseibacillus paracasei,NC_0428,1,INNER_TRAIN
4,STRAIN_000805,Streptococcus thermophilus,NC_0429,1,INNER_TRAIN
4,STRAIN_000807,Lacticaseibacillus paracasei,NC_0026,5,INNER_TRAIN
4,STRAIN_000808,Limosilactobacillus reuteri,NC_0430,3,INNER_TRAIN
4,STRAIN_000810,Limosilactobacillus fermentum,NC_0036,1,INNER_TRAIN
4,STRAIN_000812,Bifidobacterium breve,NC_0080,2,INNER_TRAIN
4,STRAIN_000814,Lacticaseibacillus rhamnosus,NC_0005,5,INNER_TRAIN
4,STRAIN_000816,Lacticaseibacillus paracasei subsp. paracasei,NC_0013,1,INNER_TRAIN
4,STRAIN_000817,Lactiplantibacillus plantarum,NC_0001,1,INNER_TRAIN
4,STRAIN_000818,Lactiplantibacillus plantarum,NC_0431,2,INNER_TRAIN
4,STRAIN_000822,Limosilactobacillus fermentum,NC_0434,1,INNER_TRAIN
4,STRAIN_000824,Streptococcus thermophilus,NC_0435,5,INNER_TRAIN
4,STRAIN_000827,Lacticaseibacillus rhamnosus,NC_0005,5,INNER_TRAIN
4,STRAIN_000828,Lactiplantibacillus plantarum,NC_0003,3,INNER_TRAIN
4,STRAIN_000829,Lactiplantibacillus plantarum,NC_0017,1,INNER_TRAIN
4,STRAIN_000830,Lactiplantibacillus plantarum,NC_0003,3,INNER_TRAIN
4,STRAIN_000831,Lacticaseibacillus paracasei,NC_0026,5,INNER_TRAIN
4,STRAIN_000832,Lacticaseibacillus paracasei,NC_0056,2,INNER_TRAIN
4,STRAIN_000833,Limosilactobacillus fermentum,NC_0437,5,INNER_TRAIN
4,STRAIN_000834,Levilactobacillus brevis,NC_0083,2,INNER_TRAIN
4,STRAIN_000838,Lactiplantibacillus plantarum,NC_0017,1,INNER_TRAIN
4,STRAIN_000839,Lacticaseibacillus paracasei subsp. tolerans,NC_0438,3,INNER_TRAIN
4,STRAIN_000840,Streptococcus thermophilus,NC_0439,2,INNER_TRAIN
4,STRAIN_000841,Lactiplantibacillus plantarum,NC_0003,3,INNER_TRAIN
4,STRAIN_000842,Lactiplantibacillus plantarum,NC_0006,5,INNER_TRAIN
4,STRAIN_000843,Lactiplantibacillus plantarum,NC_0009,5,INNER_TRAIN
4,STRAIN_000844,Lactiplantibacillus plantarum,NC_0009,5,INNER_TRAIN
4,STRAIN_000845,Bifidobacterium bifidum,NC_0440,1,INNER_TRAIN
4,STRAIN_000846,Lactiplantibacillus plantarum,NC_0001,1,INNER_TRAIN
4,STRAIN_000847,Lacticaseibacillus paracasei,NC_0026,5,INNER_TRAIN
4,STRAIN_000848,Lactiplantibacillus plantarum,NC_0100,5,INNER_TRAIN
4,STRAIN_000849,Lactiplantibacillus plantarum,NC_0001,1,INNER_TRAIN
4,STRAIN_000850,Lactiplantibacillus plantarum subsp. plantarum,NC_0038,3,INNER_TRAIN
4,STRAIN_000853,Lacticaseibacillus paracasei,NC_0442,3,INNER_TRAIN
4,STRAIN_000854,Lactiplantibacillus plantarum,NC_0001,1,INNER_TRAIN
4,STRAIN_000855,Lacticaseibacillus rhamnosus,NC_0019,2,INNER_TRAIN
4,STRAIN_000856,Limosilactobacillus reuteri,NC_0443,2,INNER_TRAIN
4,STRAIN_000857,Lactiplantibacillus plantarum,NC_0008,2,INNER_TRAIN
4,STRAIN_000858,Lacticaseibacillus rhamnosus,NC_0015,3,INNER_TRAIN
4,STRAIN_000859,Lactiplantibacillus plantarum,NC_0008,2,INNER_TRAIN
4,STRAIN_000860,Bifidobacterium longum subsp. longum,NC_0027,5,INNER_TRAIN
4,STRAIN_000861,Bifidobacterium pseudocatenulatum,NC_0444,3,INNER_TRAIN
4,STRAIN_000862,Lactiplantibacillus plantarum,NC_0001,1,INNER_TRAIN
4,STRAIN_000863,Limosilactobacillus fermentum,NC_0028,3,INNER_TRAIN
4,STRAIN_000864,Lactiplantibacillus plantarum,NC_0001,1,INNER_TRAIN
4,STRAIN_000865,Lactiplantibacillus plantarum,NC_0001,1,INNER_TRAIN
4,STRAIN_000866,Bifidobacterium adolescentis,NC_0445,2,INNER_TRAIN
4,STRAIN_000867,Lacticaseibacillus paracasei,NC_0013,1,INNER_TRAIN
4,STRAIN_000869,Lacticaseibacillus rhamnosus,NC_0019,2,INNER_TRAIN
4,STRAIN_000870,Limosilactobacillus reuteri,NC_0446,5,INNER_TRAIN
4,STRAIN_000871,Limosilactobacillus fermentum,NC_0447,3,INNER_TRAIN
4,STRAIN_000872,Bifidobacterium longum,NC_0448,5,INNER_TRAIN
4,STRAIN_000873,Lacticaseibacillus rhamnosus,NC_0449,3,INNER_TRAIN
4,STRAIN_000874,Bifidobacterium breve,NC_0450,2,INNER_TRAIN
4,STRAIN_000876,Bifidobacterium breve,NC_0451,1,INNER_TRAIN
4,STRAIN_000877,Lactiplantibacillus plantarum,NC_0001,1,INNER_TRAIN
4,STRAIN_000878,Lacticaseibacillus paracasei,NC_0025,3,INNER_TRAIN
4,STRAIN_000879,Lacticaseibacillus rhamnosus,NC_0005,5,INNER_TRAIN
4,STRAIN_000881,Limosilactobacillus reuteri,NC_0452,2,INNER_TRAIN
4,STRAIN_000882,Lactiplantibacillus plantarum,NC_0097,2,INNER_TRAIN
4,STRAIN_000883,Lactiplantibacillus plantarum,NC_0008,2,INNER_TRAIN
4,STRAIN_000884,Lactiplantibacillus plantarum,NC_0010,3,INNER_TRAIN
4,STRAIN_000886,Lacticaseibacillus casei,NC_0090,3,INNER_TRAIN
4,STRAIN_000887,Lactiplantibacillus plantarum,NC_0010,3,INNER_TRAIN
4,STRAIN_000888,Lactiplantibacillus plantarum,NC_0001,1,INNER_TRAIN
4,STRAIN_000889,Bifidobacterium breve,NC_0453,3,INNER_TRAIN
4,STRAIN_000891,Limosilactobacillus reuteri,NC_0454,3,INNER_TRAIN
4,STRAIN_000893,Lactococcus lactis,NC_0455,2,INNER_TRAIN
4,STRAIN_000894,Bifidobacterium bifidum,NC_0055,5,INNER_TRAIN
4,STRAIN_000895,Limosilactobacillus reuteri,NC_0456,3,INNER_TRAIN
4,STRAIN_000897,Lactiplantibacillus plantarum,NC_0006,5,INNER_TRAIN
4,STRAIN_000898,Lactiplantibacillus plantarum,NC_0010,3,INNER_TRAIN
4,STRAIN_000899,Lactiplantibacillus plantarum,NC_0001,1,INNER_TRAIN
4,STRAIN_000900,Bifidobacterium animalis,NC_0004,2,INNER_TRAIN
4,STRAIN_000901,Bifidobacterium breve,NC_0037,5,INNER_TRAIN
4,STRAIN_000902,Lactiplantibacillus plantarum,NC_0457,3,INNER_TRAIN
4,STRAIN_000903,Lacticaseibacillus rhamnosus,NC_0019,2,INNER_TRAIN
4,STRAIN_000904,Lacticaseibacillus rhamnosus,NC_0019,2,INNER_TRAIN
4,STRAIN_000905,Limosilactobacillus fermentum,NC_0458,2,INNER_TRAIN
4,STRAIN_000908,Lacticaseibacillus paracasei,NC_0043,5,INNER_TRAIN
4,STRAIN_000909,Lactiplantibacillus plantarum,NC_0008,2,INNER_TRAIN
4,STRAIN_000910,Lacticaseibacillus rhamnosus,NC_0015,3,INNER_TRAIN
4,STRAIN_000913,Lactiplantibacillus plantarum,NC_0001,1,INNER_TRAIN
4,STRAIN_000916,Levilactobacillus brevis,NC_0462,3,INNER_TRAIN
4,STRAIN_000917,Lacticaseibacillus paracasei,NC_0013,1,INNER_TRAIN
4,STRAIN_000918,Lacticaseibacillus paracasei,NC_0463,5,INNER_TRAIN
4,STRAIN_000920,Lactiplantibacillus plantarum,NC_0001,1,INNER_TRAIN
4,STRAIN_000924,Lactiplantibacillus plantarum,NC_0017,1,INNER_TRAIN
4,STRAIN_000925,Lacticaseibacillus rhamnosus,NC_0465,5,INNER_TRAIN
4,STRAIN_000926,Levilactobacillus brevis,NC_0466,3,INNER_TRAIN
4,STRAIN_000927,Lactiplantibacillus plantarum,NC_0093,3,INNER_TRAIN
4,STRAIN_000928,Lactiplantibacillus plantarum,NC_0096,5,INNER_TRAIN
4,STRAIN_000932,Lactiplantibacillus plantarum,NC_0006,5,INNER_TRAIN
4,STRAIN_000935,Lactiplantibacillus plantarum,NC_0008,2,INNER_TRAIN
4,STRAIN_000936,Limosilactobacillus reuteri subsp. kinnaridis,NC_0031,1,INNER_TRAIN
4,STRAIN_000937,Limosilactobacillus reuteri subsp. kinnaridis,NC_0031,1,INNER_TRAIN
4,STRAIN_000938,Lactiplantibacillus plantarum,NC_0010,3,INNER_TRAIN
4,STRAIN_000939,Lactiplantibacillus plantarum,NC_0010,3,INNER_TRAIN
4,STRAIN_000941,Limosilactobacillus reuteri,NC_0470,2,INNER_TRAIN
4,STRAIN_000942,Lactiplantibacillus plantarum,NC_0042,2,INNER_TRAIN
4,STRAIN_000943,Lacticaseibacillus rhamnosus,NC_0015,3,INNER_TRAIN
4,STRAIN_000945,Lactiplantibacillus plantarum,NC_0472,3,INNER_TRAIN
4,STRAIN_000946,Lactiplantibacillus plantarum,NC_0006,5,INNER_TRAIN
4,STRAIN_000947,Lactococcus lactis subsp. lactis,NC_0098,3,INNER_TRAIN
4,STRAIN_000948,Limosilactobacillus reuteri subsp. suis,NC_0473,3,INNER_TRAIN
4,STRAIN_000949,Lactiplantibacillus plantarum,NC_0017,1,INNER_TRAIN
4,STRAIN_000950,Bifidobacterium breve,NC_0079,5,INNER_TRAIN
4,STRAIN_000951,Lactiplantibacillus plantarum,NC_0008,2,INNER_TRAIN
4,STRAIN_000952,Limosilactobacillus reuteri,NC_0474,3,INNER_TRAIN
4,STRAIN_000953,Streptococcus thermophilus,NC_0475,3,INNER_TRAIN
4,STRAIN_000955,Lactobacillus delbrueckii subsp. lactis,NC_0476,1,INNER_TRAIN
4,STRAIN_000957,Lactiplantibacillus plantarum,NC_0006,5,INNER_TRAIN
4,STRAIN_000958,Lactiplantibacillus plantarum,NC_0006,5,INNER_TRAIN
4,STRAIN_000959,Lactiplantibacillus plantarum,NC_0006,5,INNER_TRAIN
4,STRAIN_000964,Lactiplantibacillus plantarum,NC_0003,3,INNER_TRAIN
4,STRAIN_000967,Limosilactobacillus fermentum,NC_0062,1,INNER_TRAIN
4,STRAIN_000969,Lactobacillus acidophilus,NC_0477,2,INNER_TRAIN
4,STRAIN_000970,Lactiplantibacillus plantarum,NC_0001,1,INNER_TRAIN
4,STRAIN_000975,Lactobacillus helveticus,NC_0478,1,INNER_TRAIN
4,STRAIN_000976,Lactiplantibacillus plantarum subsp. plantarum,NC_0479,2,INNER_TRAIN
4,STRAIN_000977,Lactiplantibacillus plantarum,NC_0057,2,INNER_TRAIN
4,STRAIN_000979,Limosilactobacillus fermentum,NC_0480,2,INNER_TRAIN
4,STRAIN_000980,Lactiplantibacillus plantarum subsp. plantarum,NC_0006,5,INNER_TRAIN
4,STRAIN_000985,Lacticaseibacillus paracasei,NC_0026,5,INNER_TRAIN
4,STRAIN_000989,Lactiplantibacillus plantarum,NC_0003,3,INNER_TRAIN
4,STRAIN_000990,Lactiplantibacillus plantarum,NC_0003,3,INNER_TRAIN
4,STRAIN_000991,Limosilactobacillus reuteri,NC_0031,1,INNER_TRAIN
4,STRAIN_000993,Bifidobacterium longum,NC_0084,1,INNER_TRAIN
4,STRAIN_000994,Lactiplantibacillus plantarum,NC_0001,1,INNER_TRAIN
4,STRAIN_000995,Bifidobacterium animalis subsp. lactis,NC_0004,2,INNER_TRAIN
4,STRAIN_001005,Lactiplantibacillus plantarum,NC_0063,5,INNER_TRAIN
4,STRAIN_001006,Lactiplantibacillus plantarum,NC_0107,1,INNER_TRAIN
4,STRAIN_001007,Lactiplantibacillus plantarum,NC_0107,1,INNER_TRAIN
4,STRAIN_001009,Streptococcus thermophilus,NC_0482,1,INNER_TRAIN
4,STRAIN_001010,Bifidobacterium longum,NC_0022,3,INNER_TRAIN
4,STRAIN_001011,Limosilactobacillus fermentum,NC_0483,3,INNER_TRAIN
4,STRAIN_001012,Limosilactobacillus fermentum,NC_0484,3,INNER_TRAIN
4,STRAIN_001013,Lactobacillus acidophilus,NC_0485,1,INNER_TRAIN
4,STRAIN_001014,Lactiplantibacillus plantarum,NC_0006,5,INNER_TRAIN
4,STRAIN_001017,Bifidobacterium longum subsp. infantis,NC_0018,5,INNER_TRAIN
4,STRAIN_001018,Lactiplantibacillus plantarum,NC_0063,5,INNER_TRAIN
4,STRAIN_001019,Levilactobacillus brevis,NC_0053,1,INNER_TRAIN
4,STRAIN_001021,Lactiplantibacillus plantarum,NC_0001,1,INNER_TRAIN
4,STRAIN_001022,Lacticaseibacillus rhamnosus,NC_0487,3,INNER_TRAIN
4,STRAIN_001025,Lactiplantibacillus plantarum,NC_0006,5,INNER_TRAIN
4,STRAIN_000040,Lactiplantibacillus plantarum,NC_0115,3,INNER_VAL
4,STRAIN_000078,Bifidobacterium longum subsp. longum,NC_0047,2,INNER_VAL
4,STRAIN_000110,Azorhizobium caulinodans,NC_0151,3,INNER_VAL
4,STRAIN_000111,Azospirillum sp.,NC_0152,5,INNER_VAL
4,STRAIN_000113,Bradyrhizobium diazoefficiens USDA 110,NC_0153,1,INNER_VAL
4,STRAIN_000114,Streptococcus thermophilus,NC_0029,1,INNER_VAL
4,STRAIN_000115,Streptococcus thermophilus,NC_0029,1,INNER_VAL
4,STRAIN_000116,Cereibacter sphaeroides,NC_0154,5,INNER_VAL
4,STRAIN_000127,Lactobacillus helveticus,NC_0161,3,INNER_VAL
4,STRAIN_000136,Gluconacetobacter diazotrophicus PA1 5,NC_0167,2,INNER_VAL
4,STRAIN_000147,Bacteroides fragilis,NC_0171,5,INNER_VAL
4,STRAIN_000164,Phaeobacter inhibens,NC_0181,1,INNER_VAL
4,STRAIN_000188,Lactobacillus delbrueckii subsp. bulgaricus,NC_0194,1,INNER_VAL
4,STRAIN_000195,Bdellovibrio bacteriovorus,NC_0198,2,INNER_VAL
4,STRAIN_000198,Bacillus amyloliquefaciens DSM 7 = ATCC 23350,NC_0200,3,INNER_VAL
4,STRAIN_000200,Bifidobacterium longum subsp. longum,NC_0201,2,INNER_VAL
4,STRAIN_000211,Lacticaseibacillus rhamnosus,NC_0014,3,INNER_VAL
4,STRAIN_000212,Limosilactobacillus reuteri subsp. suis,NC_0077,2,INNER_VAL
4,STRAIN_000218,Pseudomonas fluorescens,NC_0211,5,INNER_VAL
4,STRAIN_000247,Lacticaseibacillus rhamnosus,NC_0223,2,INNER_VAL
4,STRAIN_000248,Lacticaseibacillus rhamnosus,NC_0014,3,INNER_VAL
4,STRAIN_000273,Bifidobacterium breve,NC_0237,3,INNER_VAL
4,STRAIN_000280,Lacticaseibacillus casei DSM 20011 = JCM 1134 = ATCC 393,NC_0020,2,INNER_VAL
4,STRAIN_000292,Lactiplantibacillus plantarum,NC_0033,2,INNER_VAL
4,STRAIN_000305,Bifidobacterium longum subsp. longum,NC_0250,1,INNER_VAL
4,STRAIN_000316,Lacticaseibacillus casei DSM 20011 = JCM 1134 =,NC_0020,2,INNER_VAL
4,STRAIN_000321,Streptococcus thermophilus,NC_0258,1,INNER_VAL
4,STRAIN_000326,Lacticaseibacillus rhamnosus,NC_0014,3,INNER_VAL
4,STRAIN_000368,Bifidobacterium longum,NC_0278,5,INNER_VAL
4,STRAIN_000373,Lactobacillus helveticus,NC_0279,1,INNER_VAL
4,STRAIN_000378,Lactiplantibacillus plantarum,NC_0033,2,INNER_VAL
4,STRAIN_000392,Streptococcus thermophilus,NC_0029,1,INNER_VAL
4,STRAIN_000402,Clostridium butyricum,NC_0285,2,INNER_VAL
4,STRAIN_000411,Streptococcus thermophilus,NC_0029,1,INNER_VAL
4,STRAIN_000428,Lacticaseibacillus rhamnosus,NC_0014,3,INNER_VAL
4,STRAIN_000457,Lacticaseibacillus rhamnosus,NC_0014,3,INNER_VAL
4,STRAIN_000474,Bifidobacterium adolescentis,NC_0313,2,INNER_VAL
4,STRAIN_000485,Limosilactobacillus fermentum,NC_0316,2,INNER_VAL
4,STRAIN_000488,Bacillus subtilis subsp. subtilis,NC_0318,3,INNER_VAL
4,STRAIN_000494,Lacticaseibacillus rhamnosus,NC_0014,3,INNER_VAL
4,STRAIN_000501,Lactiplantibacillus plantarum,NC_0059,3,INNER_VAL
4,STRAIN_000506,Lacticaseibacillus rhamnosus,NC_0014,3,INNER_VAL
4,STRAIN_000528,Streptococcus thermophilus,NC_0029,1,INNER_VAL
4,STRAIN_000553,Lacticaseibacillus casei,NC_0020,2,INNER_VAL
4,STRAIN_000554,Lacticaseibacillus rhamnosus,NC_0014,3,INNER_VAL
4,STRAIN_000565,Limosilactobacillus reuteri,NC_0345,2,INNER_VAL
4,STRAIN_000578,Lactiplantibacillus plantarum,NC_0033,2,INNER_VAL
4,STRAIN_000581,Bifidobacterium bifidum,NC_0349,3,INNER_VAL
4,STRAIN_000598,Lactiplantibacillus plantarum,NC_0033,2,INNER_VAL
4,STRAIN_000608,Lactiplantibacillus plantarum,NC_0359,1,INNER_VAL
4,STRAIN_000616,Limosilactobacillus fermentum,NC_0360,1,INNER_VAL
4,STRAIN_000634,Bifidobacterium bifidum,NC_0101,2,INNER_VAL
4,STRAIN_000665,Lacticaseibacillus paracasei,NC_0379,2,INNER_VAL
4,STRAIN_000670,Limosilactobacillus fermentum,NC_0382,3,INNER_VAL
4,STRAIN_000685,Lactiplantibacillus plantarum,NC_0059,3,INNER_VAL
4,STRAIN_000689,Lacticaseibacillus rhamnosus,NC_0014,3,INNER_VAL
4,STRAIN_000692,Lacticaseibacillus rhamnosus,NC_0014,3,INNER_VAL
4,STRAIN_000705,Lacticaseibacillus rhamnosus,NC_0014,3,INNER_VAL
4,STRAIN_000713,Lactiplantibacillus plantarum subsp. plantarum,NC_0033,2,INNER_VAL
4,STRAIN_000714,Lactococcus lactis subsp. lactis,NC_0395,1,INNER_VAL
4,STRAIN_000719,Bifidobacterium longum subsp. longum,NC_0047,2,INNER_VAL
4,STRAIN_000728,Lacticaseibacillus casei,NC_0020,2,INNER_VAL
4,STRAIN_000729,Lacticaseibacillus casei,NC_0020,2,INNER_VAL
4,STRAIN_000739,Lacticaseibacillus rhamnosus,NC_0405,1,INNER_VAL
4,STRAIN_000750,Lacticaseibacillus rhamnosus,NC_0014,3,INNER_VAL
4,STRAIN_000757,Bifidobacterium adolescentis,NC_0411,5,INNER_VAL
4,STRAIN_000783,Bifidobacterium bifidum,NC_0101,2,INNER_VAL
4,STRAIN_000788,Bifidobacterium pseudolongum subsp. pseudolongum,NC_0422,1,INNER_VAL
4,STRAIN_000806,Bifidobacterium longum subsp. longum,NC_0047,2,INNER_VAL
4,STRAIN_000825,Lacticaseibacillus rhamnosus,NC_0014,3,INNER_VAL
4,STRAIN_000851,Bifidobacterium adolescentis,NC_0441,1,INNER_VAL
4,STRAIN_000868,Lactiplantibacillus plantarum,NC_0059,3,INNER_VAL
4,STRAIN_000912,Lacticaseibacillus casei,NC_0020,2,INNER_VAL
4,STRAIN_000919,Lacticaseibacillus casei,NC_0020,2,INNER_VAL
4,STRAIN_000923,Lactobacillus gasseri,NC_0464,3,INNER_VAL
4,STRAIN_000929,Lacticaseibacillus casei,NC_0020,2,INNER_VAL
4,STRAIN_001008,Lactococcus lactis subsp. lactis,NC_0481,5,INNER_VAL
4,STRAIN_001015,Limosilactobacillus reuteri,NC_0077,2,INNER_VAL
4,STRAIN_000004,Lacticaseibacillus casei,NC_0064,4,OUTER_HOLDOUT_UNTOUCHED
4,STRAIN_000005,Lacticaseibacillus casei,NC_0064,4,OUTER_HOLDOUT_UNTOUCHED
4,STRAIN_000013,Bifidobacterium longum subsp. longum,NC_0035,4,OUTER_HOLDOUT_UNTOUCHED
4,STRAIN_000014,Bifidobacterium longum subsp. longum,NC_0035,4,OUTER_HOLDOUT_UNTOUCHED
4,STRAIN_000016,Lacticaseibacillus rhamnosus,NC_0023,4,OUTER_HOLDOUT_UNTOUCHED
4,STRAIN_000017,Lactobacillus acidophilus,NC_0002,4,OUTER_HOLDOUT_UNTOUCHED
4,STRAIN_000022,Bifidobacterium longum subsp. longum,NC_0035,4,OUTER_HOLDOUT_UNTOUCHED
4,STRAIN_000028,Lactiplantibacillus plantarum,NC_0111,4,OUTER_HOLDOUT_UNTOUCHED
4,STRAIN_000029,Lactobacillus acidophilus,NC_0002,4,OUTER_HOLDOUT_UNTOUCHED
4,STRAIN_000030,Bifidobacterium longum subsp. infantis,NC_0045,4,OUTER_HOLDOUT_UNTOUCHED
4,STRAIN_000034,Bifidobacterium longum subsp. longum,NC_0114,4,OUTER_HOLDOUT_UNTOUCHED
4,STRAIN_000035,Lactiplantibacillus plantarum,NC_0066,4,OUTER_HOLDOUT_UNTOUCHED
4,STRAIN_000037,Lactiplantibacillus plantarum,NC_0046,4,OUTER_HOLDOUT_UNTOUCHED
4,STRAIN_000048,Bifidobacterium longum subsp. infantis,NC_0045,4,OUTER_HOLDOUT_UNTOUCHED
4,STRAIN_000063,Lactobacillus acidophilus,NC_0002,4,OUTER_HOLDOUT_UNTOUCHED
4,STRAIN_000069,Lactobacillus acidophilus,NC_0002,4,OUTER_HOLDOUT_UNTOUCHED
4,STRAIN_000071,Lactobacillus acidophilus,NC_0124,4,OUTER_HOLDOUT_UNTOUCHED
4,STRAIN_000077,Bifidobacterium longum,NC_0070,4,OUTER_HOLDOUT_UNTOUCHED
4,STRAIN_000080,Lactococcus lactis,NC_0130,4,OUTER_HOLDOUT_UNTOUCHED
4,STRAIN_000082,Limosilactobacillus reuteri,NC_0131,4,OUTER_HOLDOUT_UNTOUCHED
4,STRAIN_000097,Pseudomonas aeruginosa,NC_0143,4,OUTER_HOLDOUT_UNTOUCHED
4,STRAIN_000098,Lactococcus lactis subsp. lactis,NC_0016,4,OUTER_HOLDOUT_UNTOUCHED
4,STRAIN_000103,Bifidobacterium longum,NC_0148,4,OUTER_HOLDOUT_UNTOUCHED
4,STRAIN_000104,Bacillus subtilis subsp. subtilis str.,NC_0012,4,OUTER_HOLDOUT_UNTOUCHED
4,STRAIN_000107,Limosilactobacillus reuteri subsp. reuteri,NC_0024,4,OUTER_HOLDOUT_UNTOUCHED
4,STRAIN_000120,Lactobacillus gasseri ATCC 33323 = JCM 1131,NC_0158,4,OUTER_HOLDOUT_UNTOUCHED
4,STRAIN_000121,Leuconostoc mesenteroides subsp. mesenteroides,NC_0159,4,OUTER_HOLDOUT_UNTOUCHED
4,STRAIN_000122,Levilactobacillus brevis,NC_0030,4,OUTER_HOLDOUT_UNTOUCHED
4,STRAIN_000123,Streptococcus thermophilus,NC_0007,4,OUTER_HOLDOUT_UNTOUCHED
4,STRAIN_000129,Limosilactobacillus reuteri subsp. reuteri,NC_0024,4,OUTER_HOLDOUT_UNTOUCHED
4,STRAIN_000132,Lacticaseibacillus paracasei,NC_0049,4,OUTER_HOLDOUT_UNTOUCHED
4,STRAIN_000154,Propionibacterium freudenreichii subsp. shermanii CIRM-BIA1,NC_0175,4,OUTER_HOLDOUT_UNTOUCHED
4,STRAIN_000165,Bacillus subtilis subsp. subtilis str.,NC_0012,4,OUTER_HOLDOUT_UNTOUCHED
4,STRAIN_000166,Bacillus subtilis subsp. subtilis str.,NC_0012,4,OUTER_HOLDOUT_UNTOUCHED
4,STRAIN_000168,Lacticaseibacillus paracasei subsp. paracasei 8700:2,NC_0075,4,OUTER_HOLDOUT_UNTOUCHED
4,STRAIN_000173,Lactobacillus acidophilus,NC_0002,4,OUTER_HOLDOUT_UNTOUCHED
4,STRAIN_000174,Limosilactobacillus reuteri,NC_0024,4,OUTER_HOLDOUT_UNTOUCHED
4,STRAIN_000181,Lacticaseibacillus rhamnosus,NC_0023,4,OUTER_HOLDOUT_UNTOUCHED
4,STRAIN_000184,Streptococcus thermophilus,NC_0007,4,OUTER_HOLDOUT_UNTOUCHED
4,STRAIN_000185,Bacillus subtilis subsp. subtilis NCIB 3610 = ATCC 6051 = DSM 10,NC_0012,4,OUTER_HOLDOUT_UNTOUCHED
4,STRAIN_000187,Lactobacillus helveticus,NC_0193,4,OUTER_HOLDOUT_UNTOUCHED
4,STRAIN_000189,Lactococcus lactis subsp. lactis,NC_0016,4,OUTER_HOLDOUT_UNTOUCHED
4,STRAIN_000203,Weissella koreensis,NC_0204,4,OUTER_HOLDOUT_UNTOUCHED
4,STRAIN_000219,Streptococcus thermophilus,NC_0007,4,OUTER_HOLDOUT_UNTOUCHED
4,STRAIN_000224,Megasphaera elsdenii,NC_0213,4,OUTER_HOLDOUT_UNTOUCHED
4,STRAIN_000228,Lacticaseibacillus casei,NC_0075,4,OUTER_HOLDOUT_UNTOUCHED
4,STRAIN_000235,Bacillus subtilis subsp. subtilis,NC_0012,4,OUTER_HOLDOUT_UNTOUCHED
4,STRAIN_000236,Bifidobacterium thermophilum,NC_0219,4,OUTER_HOLDOUT_UNTOUCHED
4,STRAIN_000238,Levilactobacillus brevis,NC_0220,4,OUTER_HOLDOUT_UNTOUCHED
4,STRAIN_000240,Lactobacillus acidophilus,NC_0002,4,OUTER_HOLDOUT_UNTOUCHED
4,STRAIN_000249,Lacticaseibacillus paracasei,NC_0049,4,OUTER_HOLDOUT_UNTOUCHED
4,STRAIN_000250,Lactobacillus helveticus,NC_0224,4,OUTER_HOLDOUT_UNTOUCHED
4,STRAIN_000251,Limosilactobacillus reuteri,NC_0225,4,OUTER_HOLDOUT_UNTOUCHED
4,STRAIN_000257,Lactobacillus acidophilus,NC_0002,4,OUTER_HOLDOUT_UNTOUCHED
4,STRAIN_000265,Bifidobacterium longum,NC_0231,4,OUTER_HOLDOUT_UNTOUCHED
4,STRAIN_000266,Lactobacillus acidophilus,NC_0002,4,OUTER_HOLDOUT_UNTOUCHED
4,STRAIN_000268,Lacticaseibacillus casei,NC_0232,4,OUTER_HOLDOUT_UNTOUCHED
4,STRAIN_000269,Streptococcus thermophilus,NC_0233,4,OUTER_HOLDOUT_UNTOUCHED
4,STRAIN_000270,Streptococcus thermophilus,NC_0234,4,OUTER_HOLDOUT_UNTOUCHED
4,STRAIN_000283,Streptococcus thermophilus,NC_0007,4,OUTER_HOLDOUT_UNTOUCHED
4,STRAIN_000284,Bacillus subtilis subsp. subtilis str.,NC_0012,4,OUTER_HOLDOUT_UNTOUCHED
4,STRAIN_000285,Bacillus subtilis subsp. subtilis str.,NC_0012,4,OUTER_HOLDOUT_UNTOUCHED
4,STRAIN_000286,Bifidobacterium adolescentis,NC_0240,4,OUTER_HOLDOUT_UNTOUCHED
4,STRAIN_000288,Bifidobacterium pseudocatenulatum,NC_0242,4,OUTER_HOLDOUT_UNTOUCHED
4,STRAIN_000289,Lacticaseibacillus rhamnosus,NC_0023,4,OUTER_HOLDOUT_UNTOUCHED
4,STRAIN_000293,Lacticaseibacillus paracasei,NC_0244,4,OUTER_HOLDOUT_UNTOUCHED
4,STRAIN_000307,Lactococcus lactis subsp. lactis,NC_0252,4,OUTER_HOLDOUT_UNTOUCHED
4,STRAIN_000311,Azotobacter chroococcum,NC_0254,4,OUTER_HOLDOUT_UNTOUCHED
4,STRAIN_000314,Bacillus subtilis subsp. subtilis,NC_0012,4,OUTER_HOLDOUT_UNTOUCHED
4,STRAIN_000317,Bifidobacterium longum,NC_0256,4,OUTER_HOLDOUT_UNTOUCHED
4,STRAIN_000327,Lactobacillus acidophilus,NC_0002,4,OUTER_HOLDOUT_UNTOUCHED
4,STRAIN_000329,Lacticaseibacillus paracasei,NC_0262,4,OUTER_HOLDOUT_UNTOUCHED
4,STRAIN_000334,Streptococcus thermophilus,NC_0007,4,OUTER_HOLDOUT_UNTOUCHED
4,STRAIN_000339,Streptococcus thermophilus,NC_0007,4,OUTER_HOLDOUT_UNTOUCHED
4,STRAIN_000341,Limosilactobacillus fermentum,NC_0041,4,OUTER_HOLDOUT_UNTOUCHED
4,STRAIN_000343,Bifidobacterium adolescentis,NC_0269,4,OUTER_HOLDOUT_UNTOUCHED
4,STRAIN_000364,Streptococcus thermophilus,NC_0007,4,OUTER_HOLDOUT_UNTOUCHED
4,STRAIN_000370,Limosilactobacillus fermentum,NC_0041,4,OUTER_HOLDOUT_UNTOUCHED
4,STRAIN_000371,Streptococcus thermophilus,NC_0007,4,OUTER_HOLDOUT_UNTOUCHED
4,STRAIN_000381,Lactobacillus acidophilus DSM 20079 = JCM 1132 = NBRC 13951 = CIP 76.13,NC_0002,4,OUTER_HOLDOUT_UNTOUCHED
4,STRAIN_000382,Lactobacillus crispatus DSM 20584 = JCM 1185 = ATCC 33820,NC_0281,4,OUTER_HOLDOUT_UNTOUCHED
4,STRAIN_000393,Levilactobacillus brevis,NC_0030,4,OUTER_HOLDOUT_UNTOUCHED
4,STRAIN_000394,Levilactobacillus brevis,NC_0030,4,OUTER_HOLDOUT_UNTOUCHED
4,STRAIN_000395,Bacillus subtilis subsp. subtilis,NC_0012,4,OUTER_HOLDOUT_UNTOUCHED
4,STRAIN_000403,Limosilactobacillus reuteri,NC_0024,4,OUTER_HOLDOUT_UNTOUCHED
4,STRAIN_000406,Bacillus subtilis subsp. subtilis,NC_0012,4,OUTER_HOLDOUT_UNTOUCHED
4,STRAIN_000408,Streptococcus thermophilus,NC_0007,4,OUTER_HOLDOUT_UNTOUCHED
4,STRAIN_000412,Bacillus subtilis subsp. subtilis,NC_0012,4,OUTER_HOLDOUT_UNTOUCHED
4,STRAIN_000414,Bacillus subtilis subsp. subtilis,NC_0012,4,OUTER_HOLDOUT_UNTOUCHED
4,STRAIN_000417,Bifidobacterium longum,NC_0035,4,OUTER_HOLDOUT_UNTOUCHED
4,STRAIN_000426,Bacillus subtilis subsp. subtilis,NC_0012,4,OUTER_HOLDOUT_UNTOUCHED
4,STRAIN_000430,Streptococcus thermophilus,NC_0007,4,OUTER_HOLDOUT_UNTOUCHED
4,STRAIN_000431,Lactococcus cremoris subsp. cremoris,NC_0295,4,OUTER_HOLDOUT_UNTOUCHED
4,STRAIN_000444,Lactobacillus acidophilus,NC_0002,4,OUTER_HOLDOUT_UNTOUCHED
4,STRAIN_000452,Streptococcus thermophilus,NC_0007,4,OUTER_HOLDOUT_UNTOUCHED
4,STRAIN_000456,Lactobacillus amylolyticus,NC_0307,4,OUTER_HOLDOUT_UNTOUCHED
4,STRAIN_000461,Lactococcus lactis subsp. lactis,NC_0016,4,OUTER_HOLDOUT_UNTOUCHED
4,STRAIN_000462,Lactococcus lactis subsp. lactis,NC_0016,4,OUTER_HOLDOUT_UNTOUCHED
4,STRAIN_000464,Lactococcus lactis subsp. lactis,NC_0016,4,OUTER_HOLDOUT_UNTOUCHED
4,STRAIN_000477,Lactococcus lactis subsp. lactis bv. diacetylactis,NC_0016,4,OUTER_HOLDOUT_UNTOUCHED
4,STRAIN_000479,Lactiplantibacillus plantarum,NC_0046,4,OUTER_HOLDOUT_UNTOUCHED
4,STRAIN_000481,Bacillus subtilis subsp. subtilis,NC_0058,4,OUTER_HOLDOUT_UNTOUCHED
4,STRAIN_000482,Bacillus subtilis subsp. subtilis,NC_0058,4,OUTER_HOLDOUT_UNTOUCHED
4,STRAIN_000486,Bacillus subtilis subsp. subtilis,NC_0058,4,OUTER_HOLDOUT_UNTOUCHED
4,STRAIN_000487,Bacillus subtilis subsp. subtilis,NC_0317,4,OUTER_HOLDOUT_UNTOUCHED
4,STRAIN_000493,Lactobacillus acidophilus,NC_0002,4,OUTER_HOLDOUT_UNTOUCHED
4,STRAIN_000499,Lactobacillus acidophilus,NC_0002,4,OUTER_HOLDOUT_UNTOUCHED
4,STRAIN_000500,Streptococcus thermophilus,NC_0324,4,OUTER_HOLDOUT_UNTOUCHED
4,STRAIN_000503,Lacticaseibacillus rhamnosus,NC_0023,4,OUTER_HOLDOUT_UNTOUCHED
4,STRAIN_000504,Levilactobacillus brevis,NC_0326,4,OUTER_HOLDOUT_UNTOUCHED
4,STRAIN_000507,Lacticaseibacillus rhamnosus,NC_0023,4,OUTER_HOLDOUT_UNTOUCHED
4,STRAIN_000510,Streptococcus thermophilus,NC_0328,4,OUTER_HOLDOUT_UNTOUCHED
4,STRAIN_000517,Limosilactobacillus fermentum,NC_0041,4,OUTER_HOLDOUT_UNTOUCHED
4,STRAIN_000518,Limosilactobacillus fermentum,NC_0332,4,OUTER_HOLDOUT_UNTOUCHED
4,STRAIN_000525,Streptococcus thermophilus,NC_0007,4,OUTER_HOLDOUT_UNTOUCHED
4,STRAIN_000527,Streptococcus thermophilus,NC_0336,4,OUTER_HOLDOUT_UNTOUCHED
4,STRAIN_000543,Heyndrickxia coagulans,NC_0342,4,OUTER_HOLDOUT_UNTOUCHED
4,STRAIN_000556,Lactobacillus acidophilus,NC_0002,4,OUTER_HOLDOUT_UNTOUCHED
4,STRAIN_000561,Streptococcus thermophilus,NC_0007,4,OUTER_HOLDOUT_UNTOUCHED
4,STRAIN_000572,Bifidobacterium longum subsp. longum,NC_0348,4,OUTER_HOLDOUT_UNTOUCHED
4,STRAIN_000575,Levilactobacillus brevis,NC_0030,4,OUTER_HOLDOUT_UNTOUCHED
4,STRAIN_000584,Lactiplantibacillus plantarum,NC_0350,4,OUTER_HOLDOUT_UNTOUCHED
4,STRAIN_000586,Lactiplantibacillus plantarum,NC_0351,4,OUTER_HOLDOUT_UNTOUCHED
4,STRAIN_000589,Lactobacillus acidophilus,NC_0002,4,OUTER_HOLDOUT_UNTOUCHED
4,STRAIN_000592,Limosilactobacillus reuteri,NC_0354,4,OUTER_HOLDOUT_UNTOUCHED
4,STRAIN_000593,Limosilactobacillus reuteri,NC_0355,4,OUTER_HOLDOUT_UNTOUCHED
4,STRAIN_000600,Bifidobacterium adolescentis,NC_0358,4,OUTER_HOLDOUT_UNTOUCHED
4,STRAIN_000601,Limosilactobacillus fermentum,NC_0099,4,OUTER_HOLDOUT_UNTOUCHED
4,STRAIN_000614,Bifidobacterium longum,NC_0070,4,OUTER_HOLDOUT_UNTOUCHED
4,STRAIN_000622,Bifidobacterium breve,NC_0361,4,OUTER_HOLDOUT_UNTOUCHED
4,STRAIN_000624,Lactobacillus acidophilus,NC_0002,4,OUTER_HOLDOUT_UNTOUCHED
4,STRAIN_000625,Limosilactobacillus reuteri,NC_0362,4,OUTER_HOLDOUT_UNTOUCHED
4,STRAIN_000628,Pediococcus acidilactici,NC_0363,4,OUTER_HOLDOUT_UNTOUCHED
4,STRAIN_000636,Bifidobacterium longum subsp. infantis,NC_0366,4,OUTER_HOLDOUT_UNTOUCHED
4,STRAIN_000638,Bifidobacterium longum,NC_0367,4,OUTER_HOLDOUT_UNTOUCHED
4,STRAIN_000641,Levilactobacillus brevis,NC_0102,4,OUTER_HOLDOUT_UNTOUCHED
4,STRAIN_000645,Limosilactobacillus reuteri,NC_0371,4,OUTER_HOLDOUT_UNTOUCHED
4,STRAIN_000655,Limosilactobacillus fermentum,NC_0374,4,OUTER_HOLDOUT_UNTOUCHED
4,STRAIN_000659,Limosilactobacillus reuteri,NC_0377,4,OUTER_HOLDOUT_UNTOUCHED
4,STRAIN_000666,Lacticaseibacillus paracasei,NC_0380,4,OUTER_HOLDOUT_UNTOUCHED
4,STRAIN_000668,Lactococcus lactis subsp. lactis,NC_0016,4,OUTER_HOLDOUT_UNTOUCHED
4,STRAIN_000677,Limosilactobacillus fermentum,NC_0386,4,OUTER_HOLDOUT_UNTOUCHED
4,STRAIN_000680,Limosilactobacillus fermentum,NC_0041,4,OUTER_HOLDOUT_UNTOUCHED
4,STRAIN_000687,Lactococcus lactis,NC_0389,4,OUTER_HOLDOUT_UNTOUCHED
4,STRAIN_000703,Lactiplantibacillus plantarum,NC_0391,4,OUTER_HOLDOUT_UNTOUCHED
4,STRAIN_000707,Limosilactobacillus fermentum,NC_0393,4,OUTER_HOLDOUT_UNTOUCHED
4,STRAIN_000725,Lactobacillus acidophilus,NC_0002,4,OUTER_HOLDOUT_UNTOUCHED
4,STRAIN_000732,Bifidobacterium dentium,NC_0402,4,OUTER_HOLDOUT_UNTOUCHED
4,STRAIN_000736,Bifidobacterium bifidum,NC_0404,4,OUTER_HOLDOUT_UNTOUCHED
4,STRAIN_000738,Lacticaseibacillus paracasei,NC_0049,4,OUTER_HOLDOUT_UNTOUCHED
4,STRAIN_000747,Bifidobacterium longum subsp. longum,NC_0406,4,OUTER_HOLDOUT_UNTOUCHED
4,STRAIN_000748,Levilactobacillus brevis,NC_0030,4,OUTER_HOLDOUT_UNTOUCHED
4,STRAIN_000749,Limosilactobacillus fermentum,NC_0407,4,OUTER_HOLDOUT_UNTOUCHED
4,STRAIN_000764,Bifidobacterium bifidum,NC_0414,4,OUTER_HOLDOUT_UNTOUCHED
4,STRAIN_000778,Levilactobacillus brevis,NC_0105,4,OUTER_HOLDOUT_UNTOUCHED
4,STRAIN_000779,Levilactobacillus brevis,NC_0105,4,OUTER_HOLDOUT_UNTOUCHED
4,STRAIN_000782,Lactiplantibacillus plantarum,NC_0066,4,OUTER_HOLDOUT_UNTOUCHED
4,STRAIN_000784,Lactococcus lactis,NC_0016,4,OUTER_HOLDOUT_UNTOUCHED
4,STRAIN_000787,Lactococcus lactis,NC_0016,4,OUTER_HOLDOUT_UNTOUCHED
4,STRAIN_000809,Lactobacillus acidophilus,NC_0002,4,OUTER_HOLDOUT_UNTOUCHED
4,STRAIN_000811,Streptococcus thermophilus,NC_0007,4,OUTER_HOLDOUT_UNTOUCHED
4,STRAIN_000813,Lactobacillus acidophilus,NC_0002,4,OUTER_HOLDOUT_UNTOUCHED
4,STRAIN_000815,Bifidobacterium longum subsp. infantis,NC_0045,4,OUTER_HOLDOUT_UNTOUCHED
4,STRAIN_000819,Streptococcus thermophilus,NC_0007,4,OUTER_HOLDOUT_UNTOUCHED
4,STRAIN_000820,Lactococcus lactis subsp. lactis,NC_0432,4,OUTER_HOLDOUT_UNTOUCHED
4,STRAIN_000821,Lacticaseibacillus paracasei,NC_0433,4,OUTER_HOLDOUT_UNTOUCHED
4,STRAIN_000823,Streptococcus thermophilus,NC_0007,4,OUTER_HOLDOUT_UNTOUCHED
4,STRAIN_000826,Lacticaseibacillus rhamnosus,NC_0436,4,OUTER_HOLDOUT_UNTOUCHED
4,STRAIN_000835,Lactobacillus acidophilus,NC_0002,4,OUTER_HOLDOUT_UNTOUCHED
4,STRAIN_000837,Lactobacillus acidophilus,NC_0002,4,OUTER_HOLDOUT_UNTOUCHED
4,STRAIN_000852,Lactobacillus acidophilus,NC_0002,4,OUTER_HOLDOUT_UNTOUCHED
4,STRAIN_000875,Limosilactobacillus reuteri,NC_0024,4,OUTER_HOLDOUT_UNTOUCHED
4,STRAIN_000880,Lactobacillus acidophilus,NC_0002,4,OUTER_HOLDOUT_UNTOUCHED
4,STRAIN_000885,Lactobacillus acidophilus,NC_0002,4,OUTER_HOLDOUT_UNTOUCHED
4,STRAIN_000890,Lactobacillus acidophilus,NC_0002,4,OUTER_HOLDOUT_UNTOUCHED
4,STRAIN_000892,Lactobacillus gasseri,NC_0106,4,OUTER_HOLDOUT_UNTOUCHED
4,STRAIN_000896,Lactobacillus acidophilus,NC_0002,4,OUTER_HOLDOUT_UNTOUCHED
4,STRAIN_000906,Lactiplantibacillus plantarum,NC_0046,4,OUTER_HOLDOUT_UNTOUCHED
4,STRAIN_000907,Limosilactobacillus reuteri,NC_0459,4,OUTER_HOLDOUT_UNTOUCHED
4,STRAIN_000911,Lactobacillus acidophilus,NC_0002,4,OUTER_HOLDOUT_UNTOUCHED
4,STRAIN_000914,Lactococcus lactis subsp. lactis,NC_0460,4,OUTER_HOLDOUT_UNTOUCHED
4,STRAIN_000915,Lacticaseibacillus paracasei subsp. paracasei,NC_0461,4,OUTER_HOLDOUT_UNTOUCHED
4,STRAIN_000921,Streptococcus thermophilus,NC_0007,4,OUTER_HOLDOUT_UNTOUCHED
4,STRAIN_000922,Lactobacillus acidophilus,NC_0002,4,OUTER_HOLDOUT_UNTOUCHED
4,STRAIN_000930,Lacticaseibacillus rhamnosus,NC_0023,4,OUTER_HOLDOUT_UNTOUCHED
4,STRAIN_000931,Limosilactobacillus reuteri,NC_0024,4,OUTER_HOLDOUT_UNTOUCHED
4,STRAIN_000933,Bifidobacterium pseudocatenulatum,NC_0467,4,OUTER_HOLDOUT_UNTOUCHED
4,STRAIN_000934,Limosilactobacillus fermentum,NC_0468,4,OUTER_HOLDOUT_UNTOUCHED
4,STRAIN_000940,Lacticaseibacillus rhamnosus,NC_0469,4,OUTER_HOLDOUT_UNTOUCHED
4,STRAIN_000944,Levilactobacillus brevis,NC_0471,4,OUTER_HOLDOUT_UNTOUCHED
4,STRAIN_000956,Limosilactobacillus fermentum,NC_0099,4,OUTER_HOLDOUT_UNTOUCHED
4,STRAIN_000988,Levilactobacillus brevis,NC_0102,4,OUTER_HOLDOUT_UNTOUCHED
4,STRAIN_000998,Lactococcus lactis,NC_0016,4,OUTER_HOLDOUT_UNTOUCHED
4,STRAIN_001016,Bifidobacterium breve,NC_0486,4,OUTER_HOLDOUT_UNTOUCHED
4,STRAIN_001023,Limosilactobacillus fermentum,NC_0488,4,OUTER_HOLDOUT_UNTOUCHED
4,STRAIN_001024,Lactobacillus gasseri,NC_0106,4,OUTER_HOLDOUT_UNTOUCHED
5,STRAIN_000001,Bifidobacterium longum subsp. longum,NC_0022,3,INNER_TRAIN
5,STRAIN_000002,Lactiplantibacillus plantarum,NC_0017,1,INNER_TRAIN
5,STRAIN_000004,Lacticaseibacillus casei,NC_0064,4,INNER_TRAIN
5,STRAIN_000005,Lacticaseibacillus casei,NC_0064,4,INNER_TRAIN
5,STRAIN_000013,Bifidobacterium longum subsp. longum,NC_0035,4,INNER_TRAIN
5,STRAIN_000014,Bifidobacterium longum subsp. longum,NC_0035,4,INNER_TRAIN
5,STRAIN_000015,Limosilactobacillus fermentum,NC_0036,1,INNER_TRAIN
5,STRAIN_000016,Lacticaseibacillus rhamnosus,NC_0023,4,INNER_TRAIN
5,STRAIN_000017,Lactobacillus acidophilus,NC_0002,4,INNER_TRAIN
5,STRAIN_000022,Bifidobacterium longum subsp. longum,NC_0035,4,INNER_TRAIN
5,STRAIN_000025,Lactiplantibacillus plantarum,NC_0008,2,INNER_TRAIN
5,STRAIN_000026,Bifidobacterium longum subsp. infantis,NC_0011,2,INNER_TRAIN
5,STRAIN_000027,Bifidobacterium longum subsp. infantis,NC_0011,2,INNER_TRAIN
5,STRAIN_000028,Lactiplantibacillus plantarum,NC_0111,4,INNER_TRAIN
5,STRAIN_000029,Lactobacillus acidophilus,NC_0002,4,INNER_TRAIN
5,STRAIN_000030,Bifidobacterium longum subsp. infantis,NC_0045,4,INNER_TRAIN
5,STRAIN_000031,Levilactobacillus brevis,NC_0112,3,INNER_TRAIN
5,STRAIN_000033,Limosilactobacillus reuteri,NC_0065,1,INNER_TRAIN
5,STRAIN_000034,Bifidobacterium longum subsp. longum,NC_0114,4,INNER_TRAIN
5,STRAIN_000035,Lactiplantibacillus plantarum,NC_0066,4,INNER_TRAIN
5,STRAIN_000040,Lactiplantibacillus plantarum,NC_0115,3,INNER_TRAIN
5,STRAIN_000044,Lactobacillus gasseri,NC_0117,3,INNER_TRAIN
5,STRAIN_000045,Bifidobacterium longum subsp. infantis,NC_0011,2,INNER_TRAIN
5,STRAIN_000046,Bifidobacterium longum subsp. infantis,NC_0011,2,INNER_TRAIN
5,STRAIN_000047,Bifidobacterium longum subsp. infantis,NC_0011,2,INNER_TRAIN
5,STRAIN_000048,Bifidobacterium longum subsp. infantis,NC_0045,4,INNER_TRAIN
5,STRAIN_000049,Bifidobacterium longum subsp. infantis,NC_0011,2,INNER_TRAIN
5,STRAIN_000050,Bifidobacterium longum subsp. infantis,NC_0011,2,INNER_TRAIN
5,STRAIN_000051,Bifidobacterium longum subsp. infantis,NC_0011,2,INNER_TRAIN
5,STRAIN_000052,Bifidobacterium longum subsp. infantis,NC_0011,2,INNER_TRAIN
5,STRAIN_000053,Bifidobacterium longum subsp. infantis,NC_0011,2,INNER_TRAIN
5,STRAIN_000054,Bifidobacterium longum subsp. infantis,NC_0011,2,INNER_TRAIN
5,STRAIN_000055,Bifidobacterium longum subsp. infantis,NC_0011,2,INNER_TRAIN
5,STRAIN_000060,Lactiplantibacillus plantarum,NC_0008,2,INNER_TRAIN
5,STRAIN_000063,Lactobacillus acidophilus,NC_0002,4,INNER_TRAIN
5,STRAIN_000066,Lactiplantibacillus plantarum,NC_0008,2,INNER_TRAIN
5,STRAIN_000067,Lacticaseibacillus rhamnosus,NC_0019,2,INNER_TRAIN
5,STRAIN_000068,Lactiplantibacillus plantarum,NC_0003,3,INNER_TRAIN
5,STRAIN_000069,Lactobacillus acidophilus,NC_0002,4,INNER_TRAIN
5,STRAIN_000070,Lacticaseibacillus rhamnosus,NC_0068,1,INNER_TRAIN
5,STRAIN_000071,Lactobacillus acidophilus,NC_0124,4,INNER_TRAIN
5,STRAIN_000073,Lactococcus lactis,NC_0126,2,INNER_TRAIN
5,STRAIN_000074,Streptococcus thermophilus,NC_0127,1,INNER_TRAIN
5,STRAIN_000075,Limosilactobacillus fermentum,NC_0128,1,INNER_TRAIN
5,STRAIN_000078,Bifidobacterium longum subsp. longum,NC_0047,2,INNER_TRAIN
5,STRAIN_000080,Lactococcus lactis,NC_0130,4,INNER_TRAIN
5,STRAIN_000082,Limosilactobacillus reuteri,NC_0131,4,INNER_TRAIN
5,STRAIN_000083,Limosilactobacillus reuteri,NC_0132,3,INNER_TRAIN
5,STRAIN_000087,Lactobacillus johnsonii,NC_0136,2,INNER_TRAIN
5,STRAIN_000099,Sinorhizobium meliloti,NC_0144,3,INNER_TRAIN
5,STRAIN_000100,Bifidobacterium longum,NC_0145,2,INNER_TRAIN
5,STRAIN_000101,Lactobacillus johnsonii,NC_0146,2,INNER_TRAIN
5,STRAIN_000103,Bifidobacterium longum,NC_0148,4,INNER_TRAIN
5,STRAIN_000106,Shouchella clausii,NC_0149,3,INNER_TRAIN
5,STRAIN_000107,Limosilactobacillus reuteri subsp. reuteri,NC_0024,4,INNER_TRAIN
5,STRAIN_000108,Limosilactobacillus fermentum,NC_0028,3,INNER_TRAIN
5,STRAIN_000109,Bifidobacterium adolescentis,NC_0150,2,INNER_TRAIN
5,STRAIN_000110,Azorhizobium caulinodans,NC_0151,3,INNER_TRAIN
5,STRAIN_000113,Bradyrhizobium diazoefficiens USDA 110,NC_0153,1,INNER_TRAIN
5,STRAIN_000114,Streptococcus thermophilus,NC_0029,1,INNER_TRAIN
5,STRAIN_000115,Streptococcus thermophilus,NC_0029,1,INNER_TRAIN
5,STRAIN_000118,Oenococcus oeni,NC_0156,1,INNER_TRAIN
5,STRAIN_000119,Lactobacillus delbrueckii subsp. bulgaricus,NC_0157,1,INNER_TRAIN
5,STRAIN_000120,Lactobacillus gasseri ATCC 33323 = JCM 1131,NC_0158,4,INNER_TRAIN
5,STRAIN_000121,Leuconostoc mesenteroides subsp. mesenteroides,NC_0159,4,INNER_TRAIN
5,STRAIN_000122,Levilactobacillus brevis,NC_0030,4,INNER_TRAIN
5,STRAIN_000123,Streptococcus thermophilus,NC_0007,4,INNER_TRAIN
5,STRAIN_000124,Pediococcus pentosaceus,NC_0160,3,INNER_TRAIN
5,STRAIN_000125,Lacticaseibacillus paracasei,NC_0071,1,INNER_TRAIN
5,STRAIN_000128,Enterobacter sp. 638,NC_0162,2,INNER_TRAIN
5,STRAIN_000129,Limosilactobacillus reuteri subsp. reuteri,NC_0024,4,INNER_TRAIN
5,STRAIN_000130,Lysinibacillus sphaericus,NC_0163,1,INNER_TRAIN
5,STRAIN_000131,Anoxybacillus flavithermus,NC_0164,3,INNER_TRAIN
5,STRAIN_000132,Lacticaseibacillus paracasei,NC_0049,4,INNER_TRAIN
5,STRAIN_000133,Opitutus terrae,NC_0165,3,INNER_TRAIN
5,STRAIN_000134,Akkermansia muciniphila,NC_0166,1,INNER_TRAIN
5,STRAIN_000136,Gluconacetobacter diazotrophicus PA1 5,NC_0167,2,INNER_TRAIN
5,STRAIN_000137,Bifidobacterium animalis subsp. lactis,NC_0004,2,INNER_TRAIN
5,STRAIN_000138,Bifidobacterium animalis subsp. lactis,NC_0004,2,INNER_TRAIN
5,STRAIN_000139,Bifidobacterium animalis subsp. lactis,NC_0004,2,INNER_TRAIN
5,STRAIN_000140,Lactiplantibacillus plantarum,NC_0008,2,INNER_TRAIN
5,STRAIN_000141,Micrococcus luteus NCTC 2665,NC_0168,2,INNER_TRAIN
5,STRAIN_000142,Paenibacillus sp.,NC_0169,1,INNER_TRAIN
5,STRAIN_000143,Bifidobacterium dentium,NC_0073,1,INNER_TRAIN
5,STRAIN_000144,Lactococcus lactis subsp. lactis,NC_0074,2,INNER_TRAIN
5,STRAIN_000145,Bifidobacterium animalis subsp. lactis,NC_0004,2,INNER_TRAIN
5,STRAIN_000149,Lacticaseibacillus paracasei,NC_0013,1,INNER_TRAIN
5,STRAIN_000152,Acinetobacter baylyi,NC_0173,1,INNER_TRAIN
5,STRAIN_000153,Lactobacillus delbrueckii subsp. bulgaricus ATCC 11842 = JCM 1002,NC_0174,1,INNER_TRAIN
5,STRAIN_000154,Propionibacterium freudenreichii subsp. shermanii CIRM-BIA1,NC_0175,4,INNER_TRAIN
5,STRAIN_000156,Bifidobacterium animalis subsp. lactis,NC_0004,2,INNER_TRAIN
5,STRAIN_000158,Ligilactobacillus salivarius,NC_0177,1,INNER_TRAIN
5,STRAIN_000159,Lactiplantibacillus plantarum subsp. plantarum ATCC 14917 = JCM 1149 = CGMCC 1.2437,NC_0003,3,INNER_TRAIN
5,STRAIN_000160,Micromonospora aurantiaca,NC_0178,2,INNER_TRAIN
5,STRAIN_000161,Bifidobacterium dentium,NC_0179,1,INNER_TRAIN
5,STRAIN_000162,Lactiplantibacillus plantarum,NC_0001,1,INNER_TRAIN
5,STRAIN_000163,Bifidobacterium adolescentis,NC_0180,3,INNER_TRAIN
5,STRAIN_000164,Phaeobacter inhibens,NC_0181,1,INNER_TRAIN
5,STRAIN_000168,Lacticaseibacillus paracasei subsp. paracasei 8700:2,NC_0075,4,INNER_TRAIN
5,STRAIN_000170,Limosilactobacillus fermentum,NC_0028,3,INNER_TRAIN
5,STRAIN_000171,Ligilactobacillus salivarius DSM 20555 =,NC_0183,2,INNER_TRAIN
5,STRAIN_000172,Limosilactobacillus reuteri,NC_0031,1,INNER_TRAIN
5,STRAIN_000173,Lactobacillus acidophilus,NC_0002,4,INNER_TRAIN
5,STRAIN_000174,Limosilactobacillus reuteri,NC_0024,4,INNER_TRAIN
5,STRAIN_000175,Bifidobacterium bifidum,NC_0184,3,INNER_TRAIN
5,STRAIN_000176,Lactobacillus helveticus,NC_0185,2,INNER_TRAIN
5,STRAIN_000177,Lactobacillus crispatus,NC_0186,3,INNER_TRAIN
5,STRAIN_000179,Bifidobacterium longum subsp. longum,NC_0188,2,INNER_TRAIN
5,STRAIN_000181,Lacticaseibacillus rhamnosus,NC_0023,4,INNER_TRAIN
5,STRAIN_000182,Pantoea sp.,NC_0190,1,INNER_TRAIN
5,STRAIN_000184,Streptococcus thermophilus,NC_0007,4,INNER_TRAIN
5,STRAIN_000186,Rahnella aceris,NC_0192,1,INNER_TRAIN
5,STRAIN_000187,Lactobacillus helveticus,NC_0193,4,INNER_TRAIN
5,STRAIN_000188,Lactobacillus delbrueckii subsp. bulgaricus,NC_0194,1,INNER_TRAIN
5,STRAIN_000190,Lacticaseibacillus paracasei,NC_0013,1,INNER_TRAIN
5,STRAIN_000191,Lacticaseibacillus paracasei,NC_0013,1,INNER_TRAIN
5,STRAIN_000194,Rhodopseudomonas palustris,NC_0197,1,INNER_TRAIN
5,STRAIN_000195,Bdellovibrio bacteriovorus,NC_0198,2,INNER_TRAIN
5,STRAIN_000196,Bifidobacterium longum subsp. longum,NC_0022,3,INNER_TRAIN
5,STRAIN_000197,Bifidobacterium longum subsp. infantis,NC_0199,3,INNER_TRAIN
5,STRAIN_000198,Bacillus amyloliquefaciens DSM 7 = ATCC 23350,NC_0200,3,INNER_TRAIN
5,STRAIN_000199,Lactiplantibacillus plantarum,NC_0001,1,INNER_TRAIN
5,STRAIN_000200,Bifidobacterium longum subsp. longum,NC_0201,2,INNER_TRAIN
5,STRAIN_000201,Lactobacillus kefiranofaciens subsp. kefiranofaciens,NC_0202,2,INNER_TRAIN
5,STRAIN_000202,Bifidobacterium longum subsp. longum,NC_0203,1,INNER_TRAIN
5,STRAIN_000203,Weissella koreensis,NC_0204,4,INNER_TRAIN
5,STRAIN_000204,Bifidobacterium breve,NC_0076,2,INNER_TRAIN
5,STRAIN_000205,Bifidobacterium animalis subsp. lactis,NC_0004,2,INNER_TRAIN
5,STRAIN_000206,Bifidobacterium animalis subsp. lactis,NC_0004,2,INNER_TRAIN
5,STRAIN_000207,Streptococcus salivarius,NC_0205,3,INNER_TRAIN
5,STRAIN_000210,Bacillus subtilis subsp. subtilis str.,NC_0207,2,INNER_TRAIN
5,STRAIN_000214,Lactiplantibacillus plantarum subsp. plantarum,NC_0003,3,INNER_TRAIN
5,STRAIN_000216,Streptococcus thermophilus,NC_0050,3,INNER_TRAIN
5,STRAIN_000219,Streptococcus thermophilus,NC_0007,4,INNER_TRAIN
5,STRAIN_000220,Bifidobacterium bifidum,NC_0212,2,INNER_TRAIN
5,STRAIN_000222,Bifidobacterium animalis subsp. lactis,NC_0004,2,INNER_TRAIN
5,STRAIN_000223,Bifidobacterium animalis subsp. lactis,NC_0004,2,INNER_TRAIN
5,STRAIN_000225,Tetragenococcus halophilus,NC_0214,2,INNER_TRAIN
5,STRAIN_000226,Streptococcus salivarius,NC_0215,2,INNER_TRAIN
5,STRAIN_000227,Bifidobacterium asteroides,NC_0216,2,INNER_TRAIN
5,STRAIN_000228,Lacticaseibacillus casei,NC_0075,4,INNER_TRAIN
5,STRAIN_000229,Lactococcus cremoris subsp. cremoris,NC_0051,3,INNER_TRAIN
5,STRAIN_000230,Lacticaseibacillus paracasei,NC_0013,1,INNER_TRAIN
5,STRAIN_000231,Bacillus subtilis subsp. subtilis str.,NC_0217,1,INNER_TRAIN
5,STRAIN_000232,Streptococcus thermophilus,NC_0218,2,INNER_TRAIN
5,STRAIN_000234,Lactococcus lactis subsp. lactis,NC_0052,3,INNER_TRAIN
5,STRAIN_000236,Bifidobacterium thermophilum,NC_0219,4,INNER_TRAIN
5,STRAIN_000237,Bacillus subtilis subsp. subtilis str.,NC_0078,3,INNER_TRAIN
5,STRAIN_000238,Levilactobacillus brevis,NC_0220,4,INNER_TRAIN
5,STRAIN_000239,Lacticaseibacillus paracasei,NC_0013,1,INNER_TRAIN
5,STRAIN_000240,Lactobacillus acidophilus,NC_0002,4,INNER_TRAIN
5,STRAIN_000242,Limosilactobacillus fermentum,NC_0221,2,INNER_TRAIN
5,STRAIN_000243,Lacticaseibacillus paracasei,NC_0013,1,INNER_TRAIN
5,STRAIN_000244,Limosilactobacillus reuteri,NC_0222,3,INNER_TRAIN
5,STRAIN_000246,Bifidobacterium animalis subsp. lactis,NC_0004,2,INNER_TRAIN
5,STRAIN_000247,Lacticaseibacillus rhamnosus,NC_0223,2,INNER_TRAIN
5,STRAIN_000249,Lacticaseibacillus paracasei,NC_0049,4,INNER_TRAIN
5,STRAIN_000250,Lactobacillus helveticus,NC_0224,4,INNER_TRAIN
5,STRAIN_000251,Limosilactobacillus reuteri,NC_0225,4,INNER_TRAIN
5,STRAIN_000253,Limosilactobacillus fermentum,NC_0226,2,INNER_TRAIN
5,STRAIN_000256,Levilactobacillus brevis ATCC 14869 = DSM 20054,NC_0053,1,INNER_TRAIN
5,STRAIN_000257,Lactobacillus acidophilus,NC_0002,4,INNER_TRAIN
5,STRAIN_000258,Bifidobacterium animalis subsp. lactis,NC_0004,2,INNER_TRAIN
5,STRAIN_000259,Limosilactobacillus fermentum,NC_0028,3,INNER_TRAIN
5,STRAIN_000260,Lactiplantibacillus plantarum,NC_0001,1,INNER_TRAIN
5,STRAIN_000262,Lactococcus lactis subsp. lactis,NC_0074,2,INNER_TRAIN
5,STRAIN_000263,Lactococcus lactis subsp. lactis,NC_0229,1,INNER_TRAIN
5,STRAIN_000264,Pediococcus pentosaceus,NC_0230,2,INNER_TRAIN
5,STRAIN_000265,Bifidobacterium longum,NC_0231,4,INNER_TRAIN
5,STRAIN_000266,Lactobacillus acidophilus,NC_0002,4,INNER_TRAIN
5,STRAIN_000267,Lacticaseibacillus rhamnosus,NC_0068,1,INNER_TRAIN
5,STRAIN_000269,Streptococcus thermophilus,NC_0233,4,INNER_TRAIN
5,STRAIN_000270,Streptococcus thermophilus,NC_0234,4,INNER_TRAIN
5,STRAIN_000272,Lactobacillus helveticus,NC_0236,2,INNER_TRAIN
5,STRAIN_000273,Bifidobacterium breve,NC_0237,3,INNER_TRAIN
5,STRAIN_000275,Bifidobacterium breve,NC_0080,2,INNER_TRAIN
5,STRAIN_000276,Streptococcus thermophilus,NC_0238,1,INNER_TRAIN
5,STRAIN_000277,Streptococcus thermophilus,NC_0239,3,INNER_TRAIN
5,STRAIN_000278,Lacticaseibacillus paracasei,NC_0081,3,INNER_TRAIN
5,STRAIN_000279,Bifidobacterium animalis subsp. lactis,NC_0004,2,INNER_TRAIN
5,STRAIN_000280,Lacticaseibacillus casei DSM 20011 = JCM 1134 = ATCC 393,NC_0020,2,INNER_TRAIN
5,STRAIN_000282,Bifidobacterium animalis,NC_0004,2,INNER_TRAIN
5,STRAIN_000283,Streptococcus thermophilus,NC_0007,4,INNER_TRAIN
5,STRAIN_000286,Bifidobacterium adolescentis,NC_0240,4,INNER_TRAIN
5,STRAIN_000287,Bacillus subtilis subsp. subtilis str. OH 131.1,NC_0241,1,INNER_TRAIN
5,STRAIN_000288,Bifidobacterium pseudocatenulatum,NC_0242,4,INNER_TRAIN
5,STRAIN_000289,Lacticaseibacillus rhamnosus,NC_0023,4,INNER_TRAIN
5,STRAIN_000290,Limosilactobacillus reuteri,NC_0243,3,INNER_TRAIN
5,STRAIN_000291,Bifidobacterium longum subsp. infantis,NC_0011,2,INNER_TRAIN
5,STRAIN_000292,Lactiplantibacillus plantarum,NC_0033,2,INNER_TRAIN
5,STRAIN_000293,Lacticaseibacillus paracasei,NC_0244,4,INNER_TRAIN
5,STRAIN_000296,Bifidobacterium longum subsp. longum,NC_0022,3,INNER_TRAIN
5,STRAIN_000300,Limosilactobacillus reuteri,NC_0249,2,INNER_TRAIN
5,STRAIN_000301,Lactiplantibacillus plantarum,NC_0038,3,INNER_TRAIN
5,STRAIN_000302,Lactiplantibacillus plantarum,NC_0001,1,INNER_TRAIN
5,STRAIN_000303,Bifidobacterium pseudocatenulatum DSM 20438 = JCM 1200 = LMG 10505,NC_0082,3,INNER_TRAIN
5,STRAIN_000305,Bifidobacterium longum subsp. longum,NC_0250,1,INNER_TRAIN
5,STRAIN_000306,Bifidobacterium pseudolongum,NC_0251,2,INNER_TRAIN
5,STRAIN_000307,Lactococcus lactis subsp. lactis,NC_0252,4,INNER_TRAIN
5,STRAIN_000308,Levilactobacillus brevis,NC_0253,1,INNER_TRAIN
5,STRAIN_000309,Bifidobacterium animalis subsp. lactis KLDS2.0603,NC_0004,2,INNER_TRAIN
5,STRAIN_000310,Bifidobacterium animalis,NC_0004,2,INNER_TRAIN
5,STRAIN_000311,Azotobacter chroococcum,NC_0254,4,INNER_TRAIN
5,STRAIN_000312,Bifidobacterium adolescentis,NC_0255,3,INNER_TRAIN
5,STRAIN_000313,Bifidobacterium animalis subsp. lactis,NC_0004,2,INNER_TRAIN
5,STRAIN_000315,Lacticaseibacillus paracasei subsp. paracasei,NC_0034,2,INNER_TRAIN
5,STRAIN_000316,Lacticaseibacillus casei DSM 20011 = JCM 1134 =,NC_0020,2,INNER_TRAIN
5,STRAIN_000317,Bifidobacterium longum,NC_0256,4,INNER_TRAIN
5,STRAIN_000318,Lactiplantibacillus plantarum,NC_0003,3,INNER_TRAIN
5,STRAIN_000319,Heyndrickxia coagulans DSM 1 =,NC_0257,2,INNER_TRAIN
5,STRAIN_000320,Lactococcus lactis subsp. lactis,NC_0039,2,INNER_TRAIN
5,STRAIN_000321,Streptococcus thermophilus,NC_0258,1,INNER_TRAIN
5,STRAIN_000322,Streptococcus thermophilus,NC_0259,3,INNER_TRAIN
5,STRAIN_000324,Heyndrickxia coagulans,NC_0040,1,INNER_TRAIN
5,STRAIN_000325,Lactiplantibacillus plantarum,NC_0054,1,INNER_TRAIN
5,STRAIN_000327,Lactobacillus acidophilus,NC_0002,4,INNER_TRAIN
5,STRAIN_000329,Lacticaseibacillus paracasei,NC_0262,4,INNER_TRAIN
5,STRAIN_000330,Lactiplantibacillus plantarum,NC_0017,1,INNER_TRAIN
5,STRAIN_000333,Limosilactobacillus fermentum,NC_0265,1,INNER_TRAIN
5,STRAIN_000334,Streptococcus thermophilus,NC_0007,4,INNER_TRAIN
5,STRAIN_000335,Lacticaseibacillus rhamnosus,NC_0266,1,INNER_TRAIN
5,STRAIN_000337,Lactiplantibacillus plantarum,NC_0054,1,INNER_TRAIN
5,STRAIN_000338,Lactobacillus helveticus,NC_0267,3,INNER_TRAIN
5,STRAIN_000339,Streptococcus thermophilus,NC_0007,4,INNER_TRAIN
5,STRAIN_000340,Lactiplantibacillus plantarum,NC_0003,3,INNER_TRAIN
5,STRAIN_000341,Limosilactobacillus fermentum,NC_0041,4,INNER_TRAIN
5,STRAIN_000342,Limosilactobacillus fermentum,NC_0268,1,INNER_TRAIN
5,STRAIN_000344,Levilactobacillus brevis,NC_0083,2,INNER_TRAIN
5,STRAIN_000345,Lacticaseibacillus casei,NC_0270,1,INNER_TRAIN
5,STRAIN_000347,Bifidobacterium bifidum,NC_0271,1,INNER_TRAIN
5,STRAIN_000351,Bifidobacterium catenulatum DSM 16992 = JCM 1194 = LMG 11043,NC_0273,2,INNER_TRAIN
5,STRAIN_000352,Bifidobacterium pseudocatenulatum DSM 20438 = JCM 1200 = LMG 10505,NC_0082,3,INNER_TRAIN
5,STRAIN_000353,Heyndrickxia coagulans,NC_0040,1,INNER_TRAIN
5,STRAIN_000354,Bifidobacterium dentium JCM 1195 = DSM 20436,NC_0073,1,INNER_TRAIN
5,STRAIN_000355,Bifidobacterium longum subsp. longum,NC_0084,1,INNER_TRAIN
5,STRAIN_000356,Bifidobacterium longum subsp. infantis,NC_0274,2,INNER_TRAIN
5,STRAIN_000358,Lacticaseibacillus paracasei,NC_0275,1,INNER_TRAIN
5,STRAIN_000359,Lacticaseibacillus paracasei,NC_0025,3,INNER_TRAIN
5,STRAIN_000360,Bifidobacterium animalis subsp. lactis,NC_0004,2,INNER_TRAIN
5,STRAIN_000361,Bifidobacterium animalis subsp. lactis,NC_0004,2,INNER_TRAIN
5,STRAIN_000362,Lactiplantibacillus plantarum subsp. plantarum,NC_0010,3,INNER_TRAIN
5,STRAIN_000363,Lactiplantibacillus plantarum,NC_0042,2,INNER_TRAIN
5,STRAIN_000364,Streptococcus thermophilus,NC_0007,4,INNER_TRAIN
5,STRAIN_000366,Bifidobacterium bifidum,NC_0277,2,INNER_TRAIN
5,STRAIN_000367,Bifidobacterium breve,NC_0085,3,INNER_TRAIN
5,STRAIN_000369,Lactiplantibacillus plantarum,NC_0001,1,INNER_TRAIN
5,STRAIN_000370,Limosilactobacillus fermentum,NC_0041,4,INNER_TRAIN
5,STRAIN_000371,Streptococcus thermophilus,NC_0007,4,INNER_TRAIN
5,STRAIN_000372,Lactiplantibacillus plantarum,NC_0001,1,INNER_TRAIN
5,STRAIN_000373,Lactobacillus helveticus,NC_0279,1,INNER_TRAIN
5,STRAIN_000374,Lactiplantibacillus plantarum,NC_0003,3,INNER_TRAIN
5,STRAIN_000375,Lactococcus lactis subsp. lactis,NC_0052,3,INNER_TRAIN
5,STRAIN_000376,Lactiplantibacillus plantarum,NC_0003,3,INNER_TRAIN
5,STRAIN_000377,Limosilactobacillus fermentum,NC_0280,2,INNER_TRAIN
5,STRAIN_000378,Lactiplantibacillus plantarum,NC_0033,2,INNER_TRAIN
5,STRAIN_000379,Lacticaseibacillus casei DSM 20011 = JCM 1134 = ATCC 393,NC_0071,1,INNER_TRAIN
5,STRAIN_000380,Levilactobacillus brevis ATCC 14869 =,NC_0053,1,INNER_TRAIN
5,STRAIN_000381,Lactobacillus acidophilus DSM 20079 = JCM 1132 = NBRC 13951 = CIP 76.13,NC_0002,4,INNER_TRAIN
5,STRAIN_000382,Lactobacillus crispatus DSM 20584 = JCM 1185 = ATCC 33820,NC_0281,4,INNER_TRAIN
5,STRAIN_000385,Lactiplantibacillus plantarum,NC_0001,1,INNER_TRAIN
5,STRAIN_000386,Bifidobacterium longum subsp. longum,NC_0282,2,INNER_TRAIN
5,STRAIN_000387,Bifidobacterium longum subsp. longum,NC_0283,1,INNER_TRAIN
5,STRAIN_000388,Bacillus subtilis subsp. subtilis,NC_0078,3,INNER_TRAIN
5,STRAIN_000389,Lactobacillus delbrueckii subsp. bulgaricus,NC_0086,1,INNER_TRAIN
5,STRAIN_000390,Lactiplantibacillus plantarum,NC_0001,1,INNER_TRAIN
5,STRAIN_000391,Lacticaseibacillus paracasei,NC_0034,2,INNER_TRAIN
5,STRAIN_000392,Streptococcus thermophilus,NC_0029,1,INNER_TRAIN
5,STRAIN_000393,Levilactobacillus brevis,NC_0030,4,INNER_TRAIN
5,STRAIN_000394,Levilactobacillus brevis,NC_0030,4,INNER_TRAIN
5,STRAIN_000396,Lactiplantibacillus plantarum,NC_0017,1,INNER_TRAIN
5,STRAIN_000397,Lactiplantibacillus plantarum,NC_0001,1,INNER_TRAIN
5,STRAIN_000398,Limosilactobacillus reuteri,NC_0284,1,INNER_TRAIN
5,STRAIN_000399,Lactiplantibacillus plantarum,NC_0001,1,INNER_TRAIN
5,STRAIN_000400,Lactiplantibacillus plantarum,NC_0017,1,INNER_TRAIN
5,STRAIN_000402,Clostridium butyricum,NC_0285,2,INNER_TRAIN
5,STRAIN_000403,Limosilactobacillus reuteri,NC_0024,4,INNER_TRAIN
5,STRAIN_000408,Streptococcus thermophilus,NC_0007,4,INNER_TRAIN
5,STRAIN_000410,Levilactobacillus brevis,NC_0288,1,INNER_TRAIN
5,STRAIN_000411,Streptococcus thermophilus,NC_0029,1,INNER_TRAIN
5,STRAIN_000413,Lactobacillus helveticus,NC_0088,2,INNER_TRAIN
5,STRAIN_000415,Streptococcus thermophilus,NC_0289,2,INNER_TRAIN
5,STRAIN_000416,Lactiplantibacillus plantarum,NC_0010,3,INNER_TRAIN
5,STRAIN_000417,Bifidobacterium longum,NC_0035,4,INNER_TRAIN
5,STRAIN_000418,Lactiplantibacillus plantarum,NC_0001,1,INNER_TRAIN
5,STRAIN_000421,Latilactobacillus curvatus,NC_0291,2,INNER_TRAIN
5,STRAIN_000422,Bifidobacterium longum subsp. longum,NC_0292,1,INNER_TRAIN
5,STRAIN_000423,Limosilactobacillus fermentum,NC_0293,3,INNER_TRAIN
5,STRAIN_000424,Lactiplantibacillus plantarum,NC_0042,2,INNER_TRAIN
5,STRAIN_000425,Lactobacillus helveticus,NC_0088,2,INNER_TRAIN
5,STRAIN_000427,Lactiplantibacillus plantarum,NC_0008,2,INNER_TRAIN
5,STRAIN_000429,Limosilactobacillus fermentum,NC_0294,1,INNER_TRAIN
5,STRAIN_000430,Streptococcus thermophilus,NC_0007,4,INNER_TRAIN
5,STRAIN_000431,Lactococcus cremoris subsp. cremoris,NC_0295,4,INNER_TRAIN
5,STRAIN_000432,Lactiplantibacillus plantarum,NC_0001,1,INNER_TRAIN
5,STRAIN_000434,Lactiplantibacillus plantarum,NC_0057,2,INNER_TRAIN
5,STRAIN_000435,Lactiplantibacillus plantarum,NC_0296,3,INNER_TRAIN
5,STRAIN_000437,Lactiplantibacillus plantarum,NC_0003,3,INNER_TRAIN
5,STRAIN_000438,Lactiplantibacillus plantarum,NC_0001,1,INNER_TRAIN
5,STRAIN_000439,Limosilactobacillus reuteri,NC_0298,2,INNER_TRAIN
5,STRAIN_000440,Lactiplantibacillus plantarum subsp. plantarum,NC_0299,3,INNER_TRAIN
5,STRAIN_000444,Lactobacillus acidophilus,NC_0002,4,INNER_TRAIN
5,STRAIN_000445,Lactobacillus delbrueckii subsp. bulgaricus,NC_0086,1,INNER_TRAIN
5,STRAIN_000446,Lacticaseibacillus rhamnosus,NC_0019,2,INNER_TRAIN
5,STRAIN_000447,Lacticaseibacillus rhamnosus,NC_0302,3,INNER_TRAIN
5,STRAIN_000448,Lactiplantibacillus plantarum,NC_0003,3,INNER_TRAIN
5,STRAIN_000449,Bifidobacterium breve,NC_0303,2,INNER_TRAIN
5,STRAIN_000450,Lactobacillus delbrueckii subsp. bulgaricus,NC_0304,2,INNER_TRAIN
5,STRAIN_000451,Lactiplantibacillus plantarum,NC_0038,3,INNER_TRAIN
5,STRAIN_000452,Streptococcus thermophilus,NC_0007,4,INNER_TRAIN
5,STRAIN_000453,Levilactobacillus brevis,NC_0305,3,INNER_TRAIN
5,STRAIN_000454,Lactiplantibacillus plantarum,NC_0010,3,INNER_TRAIN
5,STRAIN_000456,Lactobacillus amylolyticus,NC_0307,4,INNER_TRAIN
5,STRAIN_000458,Lactococcus cremoris,NC_0051,3,INNER_TRAIN
5,STRAIN_000459,Lactococcus lactis subsp. lactis,NC_0308,3,INNER_TRAIN
5,STRAIN_000463,Lactococcus cremoris,NC_0051,3,INNER_TRAIN
5,STRAIN_000470,Lacticaseibacillus paracasei,NC_0025,3,INNER_TRAIN
5,STRAIN_000471,Lacticaseibacillus casei,NC_0013,1,INNER_TRAIN
5,STRAIN_000473,Latilactobacillus sakei,NC_0312,2,INNER_TRAIN
5,STRAIN_000474,Bifidobacterium adolescentis,NC_0313,2,INNER_TRAIN
5,STRAIN_000475,Limosilactobacillus reuteri,NC_0314,3,INNER_TRAIN
5,STRAIN_000476,Limosilactobacillus fermentum,NC_0036,1,INNER_TRAIN
5,STRAIN_000480,Lactiplantibacillus plantarum,NC_0021,1,INNER_TRAIN
5,STRAIN_000481,Bacillus subtilis subsp. subtilis,NC_0058,4,INNER_TRAIN
5,STRAIN_000482,Bacillus subtilis subsp. subtilis,NC_0058,4,INNER_TRAIN
5,STRAIN_000483,Levilactobacillus brevis,NC_0315,3,INNER_TRAIN
5,STRAIN_000484,Lacticaseibacillus casei,NC_0090,3,INNER_TRAIN
5,STRAIN_000485,Limosilactobacillus fermentum,NC_0316,2,INNER_TRAIN
5,STRAIN_000486,Bacillus subtilis subsp. subtilis,NC_0058,4,INNER_TRAIN
5,STRAIN_000487,Bacillus subtilis subsp. subtilis,NC_0317,4,INNER_TRAIN
5,STRAIN_000488,Bacillus subtilis subsp. subtilis,NC_0318,3,INNER_TRAIN
5,STRAIN_000489,Limosilactobacillus fermentum,NC_0319,3,INNER_TRAIN
5,STRAIN_000490,Lactiplantibacillus plantarum,NC_0021,1,INNER_TRAIN
5,STRAIN_000491,Bifidobacterium animalis,NC_0004,2,INNER_TRAIN
5,STRAIN_000493,Lactobacillus acidophilus,NC_0002,4,INNER_TRAIN
5,STRAIN_000495,Limosilactobacillus fermentum,NC_0320,1,INNER_TRAIN
5,STRAIN_000496,Lactiplantibacillus plantarum,NC_0321,3,INNER_TRAIN
5,STRAIN_000497,Lacticaseibacillus paracasei,NC_0322,1,INNER_TRAIN
5,STRAIN_000499,Lactobacillus acidophilus,NC_0002,4,INNER_TRAIN
5,STRAIN_000500,Streptococcus thermophilus,NC_0324,4,INNER_TRAIN
5,STRAIN_000501,Lactiplantibacillus plantarum,NC_0059,3,INNER_TRAIN
5,STRAIN_000503,Lacticaseibacillus rhamnosus,NC_0023,4,INNER_TRAIN
5,STRAIN_000504,Levilactobacillus brevis,NC_0326,4,INNER_TRAIN
5,STRAIN_000505,Limosilactobacillus fermentum,NC_0327,1,INNER_TRAIN
5,STRAIN_000507,Lacticaseibacillus rhamnosus,NC_0023,4,INNER_TRAIN
5,STRAIN_000508,Lactiplantibacillus plantarum,NC_0021,1,INNER_TRAIN
5,STRAIN_000510,Streptococcus thermophilus,NC_0328,4,INNER_TRAIN
5,STRAIN_000511,Lactiplantibacillus plantarum,NC_0038,3,INNER_TRAIN
5,STRAIN_000512,Levilactobacillus brevis,NC_0329,3,INNER_TRAIN
5,STRAIN_000514,Lactiplantibacillus plantarum,NC_0008,2,INNER_TRAIN
5,STRAIN_000515,Limosilactobacillus reuteri,NC_0331,3,INNER_TRAIN
5,STRAIN_000516,Heyndrickxia coagulans,NC_0040,1,INNER_TRAIN
5,STRAIN_000517,Limosilactobacillus fermentum,NC_0041,4,INNER_TRAIN
5,STRAIN_000518,Limosilactobacillus fermentum,NC_0332,4,INNER_TRAIN
5,STRAIN_000519,Limosilactobacillus fermentum,NC_0333,1,INNER_TRAIN
5,STRAIN_000524,Bifidobacterium breve,NC_0335,3,INNER_TRAIN
5,STRAIN_000525,Streptococcus thermophilus,NC_0007,4,INNER_TRAIN
5,STRAIN_000527,Streptococcus thermophilus,NC_0336,4,INNER_TRAIN
5,STRAIN_000528,Streptococcus thermophilus,NC_0029,1,INNER_TRAIN
5,STRAIN_000530,Lacticaseibacillus paracasei,NC_0013,1,INNER_TRAIN
5,STRAIN_000532,Lactobacillus helveticus,NC_0338,1,INNER_TRAIN
5,STRAIN_000536,Lactococcus lactis subsp. lactis,NC_0340,1,INNER_TRAIN
5,STRAIN_000537,Lactiplantibacillus plantarum,NC_0001,1,INNER_TRAIN
5,STRAIN_000541,Lactiplantibacillus plantarum subsp. plantarum,NC_0093,3,INNER_TRAIN
5,STRAIN_000543,Heyndrickxia coagulans,NC_0342,4,INNER_TRAIN
5,STRAIN_000544,Lactiplantibacillus plantarum,NC_0003,3,INNER_TRAIN
5,STRAIN_000546,Lactiplantibacillus plantarum,NC_0008,2,INNER_TRAIN
5,STRAIN_000547,Lactiplantibacillus plantarum,NC_0010,3,INNER_TRAIN
5,STRAIN_000548,Lactiplantibacillus plantarum,NC_0010,3,INNER_TRAIN
5,STRAIN_000549,Limosilactobacillus reuteri,NC_0095,3,INNER_TRAIN
5,STRAIN_000551,Lacticaseibacillus rhamnosus,NC_0019,2,INNER_TRAIN
5,STRAIN_000552,Limosilactobacillus reuteri,NC_0095,3,INNER_TRAIN
5,STRAIN_000553,Lacticaseibacillus casei,NC_0020,2,INNER_TRAIN
5,STRAIN_000555,Levilactobacillus brevis,NC_0343,1,INNER_TRAIN
5,STRAIN_000556,Lactobacillus acidophilus,NC_0002,4,INNER_TRAIN
5,STRAIN_000558,Lactiplantibacillus plantarum,NC_0097,2,INNER_TRAIN
5,STRAIN_000561,Streptococcus thermophilus,NC_0007,4,INNER_TRAIN
5,STRAIN_000562,Lactiplantibacillus plantarum,NC_0010,3,INNER_TRAIN
5,STRAIN_000563,Limosilactobacillus reuteri,NC_0061,1,INNER_TRAIN
5,STRAIN_000564,Limosilactobacillus reuteri,NC_0061,1,INNER_TRAIN
5,STRAIN_000565,Limosilactobacillus reuteri,NC_0345,2,INNER_TRAIN
5,STRAIN_000566,Limosilactobacillus reuteri,NC_0061,1,INNER_TRAIN
5,STRAIN_000568,Lactiplantibacillus plantarum,NC_0001,1,INNER_TRAIN
5,STRAIN_000569,Limosilactobacillus reuteri,NC_0347,3,INNER_TRAIN
5,STRAIN_000570,Lactiplantibacillus plantarum,NC_0003,3,INNER_TRAIN
5,STRAIN_000571,Lactiplantibacillus plantarum,NC_0054,1,INNER_TRAIN
5,STRAIN_000572,Bifidobacterium longum subsp. longum,NC_0348,4,INNER_TRAIN
5,STRAIN_000573,Lactiplantibacillus plantarum,NC_0001,1,INNER_TRAIN
5,STRAIN_000574,Lactiplantibacillus plantarum,NC_0001,1,INNER_TRAIN
5,STRAIN_000575,Levilactobacillus brevis,NC_0030,4,INNER_TRAIN
5,STRAIN_000577,Lactiplantibacillus plantarum,NC_0057,2,INNER_TRAIN
5,STRAIN_000578,Lactiplantibacillus plantarum,NC_0033,2,INNER_TRAIN
5,STRAIN_000579,Lactiplantibacillus plantarum,NC_0021,1,INNER_TRAIN
5,STRAIN_000581,Bifidobacterium bifidum,NC_0349,3,INNER_TRAIN
5,STRAIN_000582,Lactiplantibacillus plantarum,NC_0042,2,INNER_TRAIN
5,STRAIN_000583,Lactiplantibacillus plantarum,NC_0010,3,INNER_TRAIN
5,STRAIN_000584,Lactiplantibacillus plantarum,NC_0350,4,INNER_TRAIN
5,STRAIN_000585,Bifidobacterium animalis subsp. lactis,NC_0004,2,INNER_TRAIN
5,STRAIN_000587,Lacticaseibacillus paracasei,NC_0352,2,INNER_TRAIN
5,STRAIN_000589,Lactobacillus acidophilus,NC_0002,4,INNER_TRAIN
5,STRAIN_000590,Levilactobacillus brevis,NC_0353,1,INNER_TRAIN
5,STRAIN_000591,Lactiplantibacillus plantarum,NC_0008,2,INNER_TRAIN
5,STRAIN_000592,Limosilactobacillus reuteri,NC_0354,4,INNER_TRAIN
5,STRAIN_000593,Limosilactobacillus reuteri,NC_0355,4,INNER_TRAIN
5,STRAIN_000594,Lactiplantibacillus plantarum,NC_0010,3,INNER_TRAIN
5,STRAIN_000595,Limosilactobacillus fermentum,NC_0356,2,INNER_TRAIN
5,STRAIN_000596,Limosilactobacillus reuteri,NC_0357,2,INNER_TRAIN
5,STRAIN_000597,Lacticaseibacillus paracasei,NC_0081,3,INNER_TRAIN
5,STRAIN_000598,Lactiplantibacillus plantarum,NC_0033,2,INNER_TRAIN
5,STRAIN_000599,Lactococcus lactis,NC_0098,3,INNER_TRAIN
5,STRAIN_000601,Limosilactobacillus fermentum,NC_0099,4,INNER_TRAIN
5,STRAIN_000602,Lacticaseibacillus paracasei,NC_0025,3,INNER_TRAIN
5,STRAIN_000603,Lactiplantibacillus plantarum,NC_0010,3,INNER_TRAIN
5,STRAIN_000604,Bifidobacterium animalis subsp. lactis,NC_0004,2,INNER_TRAIN
5,STRAIN_000606,Lactiplantibacillus plantarum,NC_0017,1,INNER_TRAIN
5,STRAIN_000608,Lactiplantibacillus plantarum,NC_0359,1,INNER_TRAIN
5,STRAIN_000609,Lactiplantibacillus plantarum,NC_0021,1,INNER_TRAIN
5,STRAIN_000610,Heyndrickxia coagulans,NC_0040,1,INNER_TRAIN
5,STRAIN_000611,Lactiplantibacillus plantarum,NC_0001,1,INNER_TRAIN
5,STRAIN_000612,Lactiplantibacillus plantarum,NC_0021,1,INNER_TRAIN
5,STRAIN_000615,Bifidobacterium animalis,NC_0004,2,INNER_TRAIN
5,STRAIN_000616,Limosilactobacillus fermentum,NC_0360,1,INNER_TRAIN
5,STRAIN_000622,Bifidobacterium breve,NC_0361,4,INNER_TRAIN
5,STRAIN_000623,Lactiplantibacillus plantarum,NC_0003,3,INNER_TRAIN
5,STRAIN_000624,Lactobacillus acidophilus,NC_0002,4,INNER_TRAIN
5,STRAIN_000626,Lactococcus lactis subsp. lactis,NC_0039,2,INNER_TRAIN
5,STRAIN_000627,Lacticaseibacillus paracasei subsp. paracasei,NC_0034,2,INNER_TRAIN
5,STRAIN_000628,Pediococcus acidilactici,NC_0363,4,INNER_TRAIN
5,STRAIN_000631,Limosilactobacillus fermentum,NC_0364,1,INNER_TRAIN
5,STRAIN_000632,Lactiplantibacillus plantarum,NC_0365,3,INNER_TRAIN
5,STRAIN_000633,Lactococcus lactis,NC_0052,3,INNER_TRAIN
5,STRAIN_000634,Bifidobacterium bifidum,NC_0101,2,INNER_TRAIN
5,STRAIN_000636,Bifidobacterium longum subsp. infantis,NC_0366,4,INNER_TRAIN
5,STRAIN_000637,Bifidobacterium longum subsp. infantis,NC_0011,2,INNER_TRAIN
5,STRAIN_000638,Bifidobacterium longum,NC_0367,4,INNER_TRAIN
5,STRAIN_000639,Lacticaseibacillus rhamnosus,NC_0019,2,INNER_TRAIN
5,STRAIN_000640,Levilactobacillus brevis,NC_0368,3,INNER_TRAIN
5,STRAIN_000641,Levilactobacillus brevis,NC_0102,4,INNER_TRAIN
5,STRAIN_000642,Levilactobacillus brevis,NC_0369,2,INNER_TRAIN
5,STRAIN_000643,Levilactobacillus brevis,NC_0370,2,INNER_TRAIN
5,STRAIN_000644,Lactiplantibacillus plantarum,NC_0001,1,INNER_TRAIN
5,STRAIN_000645,Limosilactobacillus reuteri,NC_0371,4,INNER_TRAIN
5,STRAIN_000646,Lactiplantibacillus plantarum,NC_0001,1,INNER_TRAIN
5,STRAIN_000647,Lacticaseibacillus paracasei subsp. paracasei,NC_0034,2,INNER_TRAIN
5,STRAIN_000649,Lacticaseibacillus casei,NC_0025,3,INNER_TRAIN
5,STRAIN_000651,Lacticaseibacillus rhamnosus,NC_0019,2,INNER_TRAIN
5,STRAIN_000653,Lacticaseibacillus paracasei,NC_0025,3,INNER_TRAIN
5,STRAIN_000654,Lacticaseibacillus rhamnosus,NC_0373,3,INNER_TRAIN
5,STRAIN_000655,Limosilactobacillus fermentum,NC_0374,4,INNER_TRAIN
5,STRAIN_000656,Lactiplantibacillus plantarum,NC_0375,1,INNER_TRAIN
5,STRAIN_000657,Lacticaseibacillus rhamnosus,NC_0376,3,INNER_TRAIN
5,STRAIN_000658,Bifidobacterium breve,NC_0076,2,INNER_TRAIN
5,STRAIN_000659,Limosilactobacillus reuteri,NC_0377,4,INNER_TRAIN
5,STRAIN_000660,Limosilactobacillus fermentum,NC_0036,1,INNER_TRAIN
5,STRAIN_000661,Lactiplantibacillus plantarum,NC_0003,3,INNER_TRAIN
5,STRAIN_000662,Bifidobacterium longum,NC_0378,1,INNER_TRAIN
5,STRAIN_000664,Lactiplantibacillus plantarum,NC_0003,3,INNER_TRAIN
5,STRAIN_000665,Lacticaseibacillus paracasei,NC_0379,2,INNER_TRAIN
5,STRAIN_000667,Lactiplantibacillus plantarum,NC_0381,3,INNER_TRAIN
5,STRAIN_000669,Lactiplantibacillus plantarum,NC_0003,3,INNER_TRAIN
5,STRAIN_000670,Limosilactobacillus fermentum,NC_0382,3,INNER_TRAIN
5,STRAIN_000673,Bifidobacterium pseudocatenulatum,NC_0384,1,INNER_TRAIN
5,STRAIN_000674,Lactiplantibacillus plantarum,NC_0003,3,INNER_TRAIN
5,STRAIN_000675,Lactiplantibacillus plantarum,NC_0008,2,INNER_TRAIN
5,STRAIN_000676,Bifidobacterium bifidum,NC_0385,1,INNER_TRAIN
5,STRAIN_000677,Limosilactobacillus fermentum,NC_0386,4,INNER_TRAIN
5,STRAIN_000678,Limosilactobacillus fermentum,NC_0387,3,INNER_TRAIN
5,STRAIN_000679,Limosilactobacillus reuteri,NC_0388,1,INNER_TRAIN
5,STRAIN_000680,Limosilactobacillus fermentum,NC_0041,4,INNER_TRAIN
5,STRAIN_000681,Bifidobacterium animalis,NC_0004,2,INNER_TRAIN
5,STRAIN_000682,Lactiplantibacillus plantarum,NC_0001,1,INNER_TRAIN
5,STRAIN_000684,Lacticaseibacillus paracasei,NC_0013,1,INNER_TRAIN
5,STRAIN_000685,Lactiplantibacillus plantarum,NC_0059,3,INNER_TRAIN
5,STRAIN_000687,Lactococcus lactis,NC_0389,4,INNER_TRAIN
5,STRAIN_000690,Lactiplantibacillus plantarum subsp. plantarum,NC_0010,3,INNER_TRAIN
5,STRAIN_000691,Lactiplantibacillus plantarum,NC_0001,1,INNER_TRAIN
5,STRAIN_000694,Lactiplantibacillus plantarum,NC_0001,1,INNER_TRAIN
5,STRAIN_000695,Limosilactobacillus fermentum,NC_0028,3,INNER_TRAIN
5,STRAIN_000696,Lactococcus lactis subsp. lactis,NC_0039,2,INNER_TRAIN
5,STRAIN_000701,Lactiplantibacillus plantarum,NC_0001,1,INNER_TRAIN
5,STRAIN_000702,Lacticaseibacillus paracasei,NC_0034,2,INNER_TRAIN
5,STRAIN_000703,Lactiplantibacillus plantarum,NC_0391,4,INNER_TRAIN
5,STRAIN_000704,Lactiplantibacillus plantarum,NC_0003,3,INNER_TRAIN
5,STRAIN_000710,Lactiplantibacillus plantarum,NC_0003,3,INNER_TRAIN
5,STRAIN_000712,Lactiplantibacillus plantarum,NC_0001,1,INNER_TRAIN
5,STRAIN_000713,Lactiplantibacillus plantarum subsp. plantarum,NC_0033,2,INNER_TRAIN
5,STRAIN_000714,Lactococcus lactis subsp. lactis,NC_0395,1,INNER_TRAIN
5,STRAIN_000716,Lactiplantibacillus plantarum,NC_0001,1,INNER_TRAIN
5,STRAIN_000718,Lactiplantibacillus plantarum,NC_0397,3,INNER_TRAIN
5,STRAIN_000719,Bifidobacterium longum subsp. longum,NC_0047,2,INNER_TRAIN
5,STRAIN_000720,Bifidobacterium breve,NC_0085,3,INNER_TRAIN
5,STRAIN_000722,Lactiplantibacillus plantarum,NC_0021,1,INNER_TRAIN
5,STRAIN_000723,Lacticaseibacillus rhamnosus,NC_0399,3,INNER_TRAIN
5,STRAIN_000724,Limosilactobacillus fermentum,NC_0400,1,INNER_TRAIN
5,STRAIN_000725,Lactobacillus acidophilus,NC_0002,4,INNER_TRAIN
5,STRAIN_000726,Bifidobacterium longum subsp. longum,NC_0022,3,INNER_TRAIN
5,STRAIN_000727,Lactiplantibacillus plantarum,NC_0001,1,INNER_TRAIN
5,STRAIN_000728,Lacticaseibacillus casei,NC_0020,2,INNER_TRAIN
5,STRAIN_000729,Lacticaseibacillus casei,NC_0020,2,INNER_TRAIN
5,STRAIN_000730,Lactiplantibacillus plantarum,NC_0003,3,INNER_TRAIN
5,STRAIN_000731,Bifidobacterium longum,NC_0401,1,INNER_TRAIN
5,STRAIN_000732,Bifidobacterium dentium,NC_0402,4,INNER_TRAIN
5,STRAIN_000734,Lactiplantibacillus plantarum,NC_0001,1,INNER_TRAIN
5,STRAIN_000735,Bifidobacterium adolescentis,NC_0403,2,INNER_TRAIN
5,STRAIN_000736,Bifidobacterium bifidum,NC_0404,4,INNER_TRAIN
5,STRAIN_000737,Bifidobacterium animalis subsp. lactis,NC_0004,2,INNER_TRAIN
5,STRAIN_000738,Lacticaseibacillus paracasei,NC_0049,4,INNER_TRAIN
5,STRAIN_000739,Lacticaseibacillus rhamnosus,NC_0405,1,INNER_TRAIN
5,STRAIN_000741,Lactiplantibacillus plantarum,NC_0003,3,INNER_TRAIN
5,STRAIN_000742,Bifidobacterium longum subsp. longum,NC_0103,1,INNER_TRAIN
5,STRAIN_000743,Bifidobacterium animalis subsp. lactis,NC_0004,2,INNER_TRAIN
5,STRAIN_000744,Bifidobacterium animalis subsp. lactis,NC_0004,2,INNER_TRAIN
5,STRAIN_000745,Bifidobacterium animalis subsp. lactis,NC_0004,2,INNER_TRAIN
5,STRAIN_000746,Bifidobacterium longum subsp. longum,NC_0103,1,INNER_TRAIN
5,STRAIN_000747,Bifidobacterium longum subsp. longum,NC_0406,4,INNER_TRAIN
5,STRAIN_000748,Levilactobacillus brevis,NC_0030,4,INNER_TRAIN
5,STRAIN_000749,Limosilactobacillus fermentum,NC_0407,4,INNER_TRAIN
5,STRAIN_000753,Lactiplantibacillus plantarum,NC_0021,1,INNER_TRAIN
5,STRAIN_000756,Limosilactobacillus fermentum,NC_0410,2,INNER_TRAIN
5,STRAIN_000759,Bifidobacterium longum subsp. longum,NC_0413,1,INNER_TRAIN
5,STRAIN_000760,Lactiplantibacillus plantarum,NC_0001,1,INNER_TRAIN
5,STRAIN_000761,Streptococcus thermophilus,NC_0104,2,INNER_TRAIN
5,STRAIN_000762,Streptococcus thermophilus,NC_0104,2,INNER_TRAIN
5,STRAIN_000763,Limosilactobacillus reuteri,NC_0031,1,INNER_TRAIN
5,STRAIN_000764,Bifidobacterium bifidum,NC_0414,4,INNER_TRAIN
5,STRAIN_000765,Limosilactobacillus reuteri,NC_0065,1,INNER_TRAIN
5,STRAIN_000766,Lactobacillus delbrueckii subsp. lactis,NC_0415,2,INNER_TRAIN
5,STRAIN_000767,Bifidobacterium longum subsp. longum,NC_0022,3,INNER_TRAIN
5,STRAIN_000768,Lactiplantibacillus plantarum,NC_0008,2,INNER_TRAIN
5,STRAIN_000770,Streptococcus thermophilus,NC_0044,3,INNER_TRAIN
5,STRAIN_000771,Streptococcus thermophilus,NC_0044,3,INNER_TRAIN
5,STRAIN_000772,Streptococcus thermophilus,NC_0044,3,INNER_TRAIN
5,STRAIN_000773,Streptococcus thermophilus,NC_0044,3,INNER_TRAIN
5,STRAIN_000775,Streptococcus thermophilus,NC_0050,3,INNER_TRAIN
5,STRAIN_000776,Streptococcus thermophilus,NC_0050,3,INNER_TRAIN
5,STRAIN_000778,Levilactobacillus brevis,NC_0105,4,INNER_TRAIN
5,STRAIN_000779,Levilactobacillus brevis,NC_0105,4,INNER_TRAIN
5,STRAIN_000780,Bifidobacterium pseudocatenulatum,NC_0418,2,INNER_TRAIN
5,STRAIN_000781,Escherichia coli,NC_0419,1,INNER_TRAIN
5,STRAIN_000782,Lactiplantibacillus plantarum,NC_0066,4,INNER_TRAIN
5,STRAIN_000783,Bifidobacterium bifidum,NC_0101,2,INNER_TRAIN
5,STRAIN_000785,Lactiplantibacillus plantarum,NC_0420,2,INNER_TRAIN
5,STRAIN_000788,Bifidobacterium pseudolongum subsp. pseudolongum,NC_0422,1,INNER_TRAIN
5,STRAIN_000789,Lactiplantibacillus plantarum subsp. plantarum,NC_0001,1,INNER_TRAIN
5,STRAIN_000790,Lactiplantibacillus plantarum,NC_0001,1,INNER_TRAIN
5,STRAIN_000791,Lactiplantibacillus plantarum subsp. plantarum,NC_0003,3,INNER_TRAIN
5,STRAIN_000793,Lactiplantibacillus plantarum,NC_0003,3,INNER_TRAIN
5,STRAIN_000794,Lactococcus lactis,NC_0039,2,INNER_TRAIN
5,STRAIN_000796,Lactiplantibacillus plantarum,NC_0424,2,INNER_TRAIN
5,STRAIN_000797,Lactiplantibacillus plantarum subsp. plantarum,NC_0003,3,INNER_TRAIN
5,STRAIN_000798,Limosilactobacillus fermentum,NC_0425,1,INNER_TRAIN
5,STRAIN_000799,Lacticaseibacillus paracasei,NC_0013,1,INNER_TRAIN
5,STRAIN_000801,Bifidobacterium pseudolongum,NC_0426,3,INNER_TRAIN
5,STRAIN_000802,Lactiplantibacillus plantarum,NC_0010,3,INNER_TRAIN
5,STRAIN_000803,Lactiplantibacillus plantarum,NC_0427,2,INNER_TRAIN
5,STRAIN_000804,Lacticaseibacillus paracasei,NC_0428,1,INNER_TRAIN
5,STRAIN_000805,Streptococcus thermophilus,NC_0429,1,INNER_TRAIN
5,STRAIN_000806,Bifidobacterium longum subsp. longum,NC_0047,2,INNER_TRAIN
5,STRAIN_000808,Limosilactobacillus reuteri,NC_0430,3,INNER_TRAIN
5,STRAIN_000809,Lactobacillus acidophilus,NC_0002,4,INNER_TRAIN
5,STRAIN_000810,Limosilactobacillus fermentum,NC_0036,1,INNER_TRAIN
5,STRAIN_000811,Streptococcus thermophilus,NC_0007,4,INNER_TRAIN
5,STRAIN_000812,Bifidobacterium breve,NC_0080,2,INNER_TRAIN
5,STRAIN_000813,Lactobacillus acidophilus,NC_0002,4,INNER_TRAIN
5,STRAIN_000815,Bifidobacterium longum subsp. infantis,NC_0045,4,INNER_TRAIN
5,STRAIN_000816,Lacticaseibacillus paracasei subsp. paracasei,NC_0013,1,INNER_TRAIN
5,STRAIN_000817,Lactiplantibacillus plantarum,NC_0001,1,INNER_TRAIN
5,STRAIN_000818,Lactiplantibacillus plantarum,NC_0431,2,INNER_TRAIN
5,STRAIN_000819,Streptococcus thermophilus,NC_0007,4,INNER_TRAIN
5,STRAIN_000820,Lactococcus lactis subsp. lactis,NC_0432,4,INNER_TRAIN
5,STRAIN_000821,Lacticaseibacillus paracasei,NC_0433,4,INNER_TRAIN
5,STRAIN_000823,Streptococcus thermophilus,NC_0007,4,INNER_TRAIN
5,STRAIN_000826,Lacticaseibacillus rhamnosus,NC_0436,4,INNER_TRAIN
5,STRAIN_000828,Lactiplantibacillus plantarum,NC_0003,3,INNER_TRAIN
5,STRAIN_000829,Lactiplantibacillus plantarum,NC_0017,1,INNER_TRAIN
5,STRAIN_000830,Lactiplantibacillus plantarum,NC_0003,3,INNER_TRAIN
5,STRAIN_000834,Levilactobacillus brevis,NC_0083,2,INNER_TRAIN
5,STRAIN_000835,Lactobacillus acidophilus,NC_0002,4,INNER_TRAIN
5,STRAIN_000837,Lactobacillus acidophilus,NC_0002,4,INNER_TRAIN
5,STRAIN_000838,Lactiplantibacillus plantarum,NC_0017,1,INNER_TRAIN
5,STRAIN_000839,Lacticaseibacillus paracasei subsp. tolerans,NC_0438,3,INNER_TRAIN
5,STRAIN_000840,Streptococcus thermophilus,NC_0439,2,INNER_TRAIN
5,STRAIN_000841,Lactiplantibacillus plantarum,NC_0003,3,INNER_TRAIN
5,STRAIN_000845,Bifidobacterium bifidum,NC_0440,1,INNER_TRAIN
5,STRAIN_000846,Lactiplantibacillus plantarum,NC_0001,1,INNER_TRAIN
5,STRAIN_000849,Lactiplantibacillus plantarum,NC_0001,1,INNER_TRAIN
5,STRAIN_000850,Lactiplantibacillus plantarum subsp. plantarum,NC_0038,3,INNER_TRAIN
5,STRAIN_000851,Bifidobacterium adolescentis,NC_0441,1,INNER_TRAIN
5,STRAIN_000852,Lactobacillus acidophilus,NC_0002,4,INNER_TRAIN
5,STRAIN_000853,Lacticaseibacillus paracasei,NC_0442,3,INNER_TRAIN
5,STRAIN_000854,Lactiplantibacillus plantarum,NC_0001,1,INNER_TRAIN
5,STRAIN_000855,Lacticaseibacillus rhamnosus,NC_0019,2,INNER_TRAIN
5,STRAIN_000856,Limosilactobacillus reuteri,NC_0443,2,INNER_TRAIN
5,STRAIN_000857,Lactiplantibacillus plantarum,NC_0008,2,INNER_TRAIN
5,STRAIN_000859,Lactiplantibacillus plantarum,NC_0008,2,INNER_TRAIN
5,STRAIN_000861,Bifidobacterium pseudocatenulatum,NC_0444,3,INNER_TRAIN
5,STRAIN_000862,Lactiplantibacillus plantarum,NC_0001,1,INNER_TRAIN
5,STRAIN_000863,Limosilactobacillus fermentum,NC_0028,3,INNER_TRAIN
5,STRAIN_000864,Lactiplantibacillus plantarum,NC_0001,1,INNER_TRAIN
5,STRAIN_000865,Lactiplantibacillus plantarum,NC_0001,1,INNER_TRAIN
5,STRAIN_000866,Bifidobacterium adolescentis,NC_0445,2,INNER_TRAIN
5,STRAIN_000867,Lacticaseibacillus paracasei,NC_0013,1,INNER_TRAIN
5,STRAIN_000868,Lactiplantibacillus plantarum,NC_0059,3,INNER_TRAIN
5,STRAIN_000869,Lacticaseibacillus rhamnosus,NC_0019,2,INNER_TRAIN
5,STRAIN_000871,Limosilactobacillus fermentum,NC_0447,3,INNER_TRAIN
5,STRAIN_000873,Lacticaseibacillus rhamnosus,NC_0449,3,INNER_TRAIN
5,STRAIN_000874,Bifidobacterium breve,NC_0450,2,INNER_TRAIN
5,STRAIN_000875,Limosilactobacillus reuteri,NC_0024,4,INNER_TRAIN
5,STRAIN_000876,Bifidobacterium breve,NC_0451,1,INNER_TRAIN
5,STRAIN_000877,Lactiplantibacillus plantarum,NC_0001,1,INNER_TRAIN
5,STRAIN_000878,Lacticaseibacillus paracasei,NC_0025,3,INNER_TRAIN
5,STRAIN_000880,Lactobacillus acidophilus,NC_0002,4,INNER_TRAIN
5,STRAIN_000881,Limosilactobacillus reuteri,NC_0452,2,INNER_TRAIN
5,STRAIN_000882,Lactiplantibacillus plantarum,NC_0097,2,INNER_TRAIN
5,STRAIN_000883,Lactiplantibacillus plantarum,NC_0008,2,INNER_TRAIN
5,STRAIN_000884,Lactiplantibacillus plantarum,NC_0010,3,INNER_TRAIN
5,STRAIN_000885,Lactobacillus acidophilus,NC_0002,4,INNER_TRAIN
5,STRAIN_000886,Lacticaseibacillus casei,NC_0090,3,INNER_TRAIN
5,STRAIN_000887,Lactiplantibacillus plantarum,NC_0010,3,INNER_TRAIN
5,STRAIN_000888,Lactiplantibacillus plantarum,NC_0001,1,INNER_TRAIN
5,STRAIN_000889,Bifidobacterium breve,NC_0453,3,INNER_TRAIN
5,STRAIN_000890,Lactobacillus acidophilus,NC_0002,4,INNER_TRAIN
5,STRAIN_000891,Limosilactobacillus reuteri,NC_0454,3,INNER_TRAIN
5,STRAIN_000892,Lactobacillus gasseri,NC_0106,4,INNER_TRAIN
5,STRAIN_000893,Lactococcus lactis,NC_0455,2,INNER_TRAIN
5,STRAIN_000895,Limosilactobacillus reuteri,NC_0456,3,INNER_TRAIN
5,STRAIN_000896,Lactobacillus acidophilus,NC_0002,4,INNER_TRAIN
5,STRAIN_000898,Lactiplantibacillus plantarum,NC_0010,3,INNER_TRAIN
5,STRAIN_000899,Lactiplantibacillus plantarum,NC_0001,1,INNER_TRAIN
5,STRAIN_000900,Bifidobacterium animalis,NC_0004,2,INNER_TRAIN
5,STRAIN_000902,Lactiplantibacillus plantarum,NC_0457,3,INNER_TRAIN
5,STRAIN_000903,Lacticaseibacillus rhamnosus,NC_0019,2,INNER_TRAIN
5,STRAIN_000904,Lacticaseibacillus rhamnosus,NC_0019,2,INNER_TRAIN
5,STRAIN_000905,Limosilactobacillus fermentum,NC_0458,2,INNER_TRAIN
5,STRAIN_000907,Limosilactobacillus reuteri,NC_0459,4,INNER_TRAIN
5,STRAIN_000909,Lactiplantibacillus plantarum,NC_0008,2,INNER_TRAIN
5,STRAIN_000911,Lactobacillus acidophilus,NC_0002,4,INNER_TRAIN
5,STRAIN_000912,Lacticaseibacillus casei,NC_0020,2,INNER_TRAIN
5,STRAIN_000913,Lactiplantibacillus plantarum,NC_0001,1,INNER_TRAIN
5,STRAIN_000914,Lactococcus lactis subsp. lactis,NC_0460,4,INNER_TRAIN
5,STRAIN_000915,Lacticaseibacillus paracasei subsp. paracasei,NC_0461,4,INNER_TRAIN
5,STRAIN_000916,Levilactobacillus brevis,NC_0462,3,INNER_TRAIN
5,STRAIN_000917,Lacticaseibacillus paracasei,NC_0013,1,INNER_TRAIN
5,STRAIN_000919,Lacticaseibacillus casei,NC_0020,2,INNER_TRAIN
5,STRAIN_000920,Lactiplantibacillus plantarum,NC_0001,1,INNER_TRAIN
5,STRAIN_000921,Streptococcus thermophilus,NC_0007,4,INNER_TRAIN
5,STRAIN_000922,Lactobacillus acidophilus,NC_0002,4,INNER_TRAIN
5,STRAIN_000924,Lactiplantibacillus plantarum,NC_0017,1,INNER_TRAIN
5,STRAIN_000926,Levilactobacillus brevis,NC_0466,3,INNER_TRAIN
5,STRAIN_000927,Lactiplantibacillus plantarum,NC_0093,3,INNER_TRAIN
5,STRAIN_000929,Lacticaseibacillus casei,NC_0020,2,INNER_TRAIN
5,STRAIN_000930,Lacticaseibacillus rhamnosus,NC_0023,4,INNER_TRAIN
5,STRAIN_000931,Limosilactobacillus reuteri,NC_0024,4,INNER_TRAIN
5,STRAIN_000933,Bifidobacterium pseudocatenulatum,NC_0467,4,INNER_TRAIN
5,STRAIN_000934,Limosilactobacillus fermentum,NC_0468,4,INNER_TRAIN
5,STRAIN_000935,Lactiplantibacillus plantarum,NC_0008,2,INNER_TRAIN
5,STRAIN_000936,Limosilactobacillus reuteri subsp. kinnaridis,NC_0031,1,INNER_TRAIN
5,STRAIN_000937,Limosilactobacillus reuteri subsp. kinnaridis,NC_0031,1,INNER_TRAIN
5,STRAIN_000938,Lactiplantibacillus plantarum,NC_0010,3,INNER_TRAIN
5,STRAIN_000939,Lactiplantibacillus plantarum,NC_0010,3,INNER_TRAIN
5,STRAIN_000940,Lacticaseibacillus rhamnosus,NC_0469,4,INNER_TRAIN
5,STRAIN_000941,Limosilactobacillus reuteri,NC_0470,2,INNER_TRAIN
5,STRAIN_000942,Lactiplantibacillus plantarum,NC_0042,2,INNER_TRAIN
5,STRAIN_000944,Levilactobacillus brevis,NC_0471,4,INNER_TRAIN
5,STRAIN_000947,Lactococcus lactis subsp. lactis,NC_0098,3,INNER_TRAIN
5,STRAIN_000948,Limosilactobacillus reuteri subsp. suis,NC_0473,3,INNER_TRAIN
5,STRAIN_000949,Lactiplantibacillus plantarum,NC_0017,1,INNER_TRAIN
5,STRAIN_000951,Lactiplantibacillus plantarum,NC_0008,2,INNER_TRAIN
5,STRAIN_000952,Limosilactobacillus reuteri,NC_0474,3,INNER_TRAIN
5,STRAIN_000953,Streptococcus thermophilus,NC_0475,3,INNER_TRAIN
5,STRAIN_000955,Lactobacillus delbrueckii subsp. lactis,NC_0476,1,INNER_TRAIN
5,STRAIN_000956,Limosilactobacillus fermentum,NC_0099,4,INNER_TRAIN
5,STRAIN_000964,Lactiplantibacillus plantarum,NC_0003,3,INNER_TRAIN
5,STRAIN_000969,Lactobacillus acidophilus,NC_0477,2,INNER_TRAIN
5,STRAIN_000970,Lactiplantibacillus plantarum,NC_0001,1,INNER_TRAIN
5,STRAIN_000975,Lactobacillus helveticus,NC_0478,1,INNER_TRAIN
5,STRAIN_000976,Lactiplantibacillus plantarum subsp. plantarum,NC_0479,2,INNER_TRAIN
5,STRAIN_000977,Lactiplantibacillus plantarum,NC_0057,2,INNER_TRAIN
5,STRAIN_000979,Limosilactobacillus fermentum,NC_0480,2,INNER_TRAIN
5,STRAIN_000988,Levilactobacillus brevis,NC_0102,4,INNER_TRAIN
5,STRAIN_000989,Lactiplantibacillus plantarum,NC_0003,3,INNER_TRAIN
5,STRAIN_000990,Lactiplantibacillus plantarum,NC_0003,3,INNER_TRAIN
5,STRAIN_000991,Limosilactobacillus reuteri,NC_0031,1,INNER_TRAIN
5,STRAIN_000993,Bifidobacterium longum,NC_0084,1,INNER_TRAIN
5,STRAIN_000994,Lactiplantibacillus plantarum,NC_0001,1,INNER_TRAIN
5,STRAIN_000995,Bifidobacterium animalis subsp. lactis,NC_0004,2,INNER_TRAIN
5,STRAIN_001006,Lactiplantibacillus plantarum,NC_0107,1,INNER_TRAIN
5,STRAIN_001007,Lactiplantibacillus plantarum,NC_0107,1,INNER_TRAIN
5,STRAIN_001009,Streptococcus thermophilus,NC_0482,1,INNER_TRAIN
5,STRAIN_001010,Bifidobacterium longum,NC_0022,3,INNER_TRAIN
5,STRAIN_001011,Limosilactobacillus fermentum,NC_0483,3,INNER_TRAIN
5,STRAIN_001012,Limosilactobacillus fermentum,NC_0484,3,INNER_TRAIN
5,STRAIN_001013,Lactobacillus acidophilus,NC_0485,1,INNER_TRAIN
5,STRAIN_001016,Bifidobacterium breve,NC_0486,4,INNER_TRAIN
5,STRAIN_001019,Levilactobacillus brevis,NC_0053,1,INNER_TRAIN
5,STRAIN_001021,Lactiplantibacillus plantarum,NC_0001,1,INNER_TRAIN
5,STRAIN_001022,Lacticaseibacillus rhamnosus,NC_0487,3,INNER_TRAIN
5,STRAIN_001023,Limosilactobacillus fermentum,NC_0488,4,INNER_TRAIN
5,STRAIN_001024,Lactobacillus gasseri,NC_0106,4,INNER_TRAIN
5,STRAIN_000037,Lactiplantibacillus plantarum,NC_0046,4,INNER_VAL
5,STRAIN_000077,Bifidobacterium longum,NC_0070,4,INNER_VAL
5,STRAIN_000090,Lacticaseibacillus rhamnosus DSM 20021 = JCM 1136 = NBRC 3425,NC_0015,3,INNER_VAL
5,STRAIN_000095,Bifidobacterium longum subsp. longum,NC_0141,3,INNER_VAL
5,STRAIN_000097,Pseudomonas aeruginosa,NC_0143,4,INNER_VAL
5,STRAIN_000098,Lactococcus lactis subsp. lactis,NC_0016,4,INNER_VAL
5,STRAIN_000104,Bacillus subtilis subsp. subtilis str.,NC_0012,4,INNER_VAL
5,STRAIN_000112,Lacticaseibacillus rhamnosus GG,NC_0015,3,INNER_VAL
5,STRAIN_000126,Lactococcus cremoris subsp. cremoris,NC_0072,2,INNER_VAL
5,STRAIN_000127,Lactobacillus helveticus,NC_0161,3,INNER_VAL
5,STRAIN_000150,Lacticaseibacillus rhamnosus GG,NC_0015,3,INNER_VAL
5,STRAIN_000155,Bifidobacterium longum subsp. longum,NC_0176,3,INNER_VAL
5,STRAIN_000165,Bacillus subtilis subsp. subtilis str.,NC_0012,4,INNER_VAL
5,STRAIN_000166,Bacillus subtilis subsp. subtilis str.,NC_0012,4,INNER_VAL
5,STRAIN_000185,Bacillus subtilis subsp. subtilis NCIB 3610 = ATCC 6051 = DSM 10,NC_0012,4,INNER_VAL
5,STRAIN_000189,Lactococcus lactis subsp. lactis,NC_0016,4,INNER_VAL
5,STRAIN_000211,Lacticaseibacillus rhamnosus,NC_0014,3,INNER_VAL
5,STRAIN_000212,Limosilactobacillus reuteri subsp. suis,NC_0077,2,INNER_VAL
5,STRAIN_000213,Lactococcus cremoris subsp. cremoris,NC_0208,2,INNER_VAL
5,STRAIN_000224,Megasphaera elsdenii,NC_0213,4,INNER_VAL
5,STRAIN_000235,Bacillus subtilis subsp. subtilis,NC_0012,4,INNER_VAL
5,STRAIN_000248,Lacticaseibacillus rhamnosus,NC_0014,3,INNER_VAL
5,STRAIN_000268,Lacticaseibacillus casei,NC_0232,4,INNER_VAL
5,STRAIN_000271,Streptococcus thermophilus,NC_0235,1,INNER_VAL
5,STRAIN_000284,Bacillus subtilis subsp. subtilis str.,NC_0012,4,INNER_VAL
5,STRAIN_000285,Bacillus subtilis subsp. subtilis str.,NC_0012,4,INNER_VAL
5,STRAIN_000294,Bifidobacterium adolescentis,NC_0245,2,INNER_VAL
5,STRAIN_000314,Bacillus subtilis subsp. subtilis,NC_0012,4,INNER_VAL
5,STRAIN_000326,Lacticaseibacillus rhamnosus,NC_0014,3,INNER_VAL
5,STRAIN_000343,Bifidobacterium adolescentis,NC_0269,4,INNER_VAL
5,STRAIN_000384,Lacticaseibacillus paracasei subsp. tolerans,NC_0056,2,INNER_VAL
5,STRAIN_000395,Bacillus subtilis subsp. subtilis,NC_0012,4,INNER_VAL
5,STRAIN_000406,Bacillus subtilis subsp. subtilis,NC_0012,4,INNER_VAL
5,STRAIN_000407,Lactiplantibacillus plantarum,NC_0286,2,INNER_VAL
5,STRAIN_000412,Bacillus subtilis subsp. subtilis,NC_0012,4,INNER_VAL
5,STRAIN_000414,Bacillus subtilis subsp. subtilis,NC_0012,4,INNER_VAL
5,STRAIN_000419,Lacticaseibacillus rhamnosus,NC_0015,3,INNER_VAL
5,STRAIN_000426,Bacillus subtilis subsp. subtilis,NC_0012,4,INNER_VAL
5,STRAIN_000428,Lacticaseibacillus rhamnosus,NC_0014,3,INNER_VAL
5,STRAIN_000457,Lacticaseibacillus rhamnosus,NC_0014,3,INNER_VAL
5,STRAIN_000461,Lactococcus lactis subsp. lactis,NC_0016,4,INNER_VAL
5,STRAIN_000462,Lactococcus lactis subsp. lactis,NC_0016,4,INNER_VAL
5,STRAIN_000464,Lactococcus lactis subsp. lactis,NC_0016,4,INNER_VAL
5,STRAIN_000466,Lactococcus cremoris,NC_0072,2,INNER_VAL
5,STRAIN_000477,Lactococcus lactis subsp. lactis bv. diacetylactis,NC_0016,4,INNER_VAL
5,STRAIN_000478,Lacticaseibacillus rhamnosus,NC_0015,3,INNER_VAL
5,STRAIN_000479,Lactiplantibacillus plantarum,NC_0046,4,INNER_VAL
5,STRAIN_000494,Lacticaseibacillus rhamnosus,NC_0014,3,INNER_VAL
5,STRAIN_000502,Lactobacillus gasseri,NC_0325,3,INNER_VAL
5,STRAIN_000506,Lacticaseibacillus rhamnosus,NC_0014,3,INNER_VAL
5,STRAIN_000531,Lactobacillus helveticus,NC_0337,1,INNER_VAL
5,STRAIN_000533,Lactobacillus helveticus,NC_0339,3,INNER_VAL
5,STRAIN_000554,Lacticaseibacillus rhamnosus,NC_0014,3,INNER_VAL
5,STRAIN_000557,Limosilactobacillus reuteri,NC_0344,2,INNER_VAL
5,STRAIN_000576,Limosilactobacillus fermentum,NC_0062,1,INNER_VAL
5,STRAIN_000586,Lactiplantibacillus plantarum,NC_0351,4,INNER_VAL
5,STRAIN_000600,Bifidobacterium adolescentis,NC_0358,4,INNER_VAL
5,STRAIN_000614,Bifidobacterium longum,NC_0070,4,INNER_VAL
5,STRAIN_000625,Limosilactobacillus reuteri,NC_0362,4,INNER_VAL
5,STRAIN_000648,Lacticaseibacillus paracasei subsp. tolerans,NC_0056,2,INNER_VAL
5,STRAIN_000666,Lacticaseibacillus paracasei,NC_0380,4,INNER_VAL
5,STRAIN_000668,Lactococcus lactis subsp. lactis,NC_0016,4,INNER_VAL
5,STRAIN_000686,Limosilactobacillus fermentum,NC_0062,1,INNER_VAL
5,STRAIN_000689,Lacticaseibacillus rhamnosus,NC_0014,3,INNER_VAL
5,STRAIN_000692,Lacticaseibacillus rhamnosus,NC_0014,3,INNER_VAL
5,STRAIN_000705,Lacticaseibacillus rhamnosus,NC_0014,3,INNER_VAL
5,STRAIN_000707,Limosilactobacillus fermentum,NC_0393,4,INNER_VAL
5,STRAIN_000711,Lacticaseibacillus rhamnosus GG,NC_0015,3,INNER_VAL
5,STRAIN_000715,Lacticaseibacillus paracasei subsp. paracasei,NC_0396,3,INNER_VAL
5,STRAIN_000733,Lacticaseibacillus rhamnosus,NC_0015,3,INNER_VAL
5,STRAIN_000750,Lacticaseibacillus rhamnosus,NC_0014,3,INNER_VAL
5,STRAIN_000784,Lactococcus lactis,NC_0016,4,INNER_VAL
5,STRAIN_000786,Bifidobacterium longum subsp. longum,NC_0421,1,INNER_VAL
5,STRAIN_000787,Lactococcus lactis,NC_0016,4,INNER_VAL
5,STRAIN_000822,Limosilactobacillus fermentum,NC_0434,1,INNER_VAL
5,STRAIN_000825,Lacticaseibacillus rhamnosus,NC_0014,3,INNER_VAL
5,STRAIN_000832,Lacticaseibacillus paracasei,NC_0056,2,INNER_VAL
5,STRAIN_000858,Lacticaseibacillus rhamnosus,NC_0015,3,INNER_VAL
5,STRAIN_000906,Lactiplantibacillus plantarum,NC_0046,4,INNER_VAL
5,STRAIN_000910,Lacticaseibacillus rhamnosus,NC_0015,3,INNER_VAL
5,STRAIN_000923,Lactobacillus gasseri,NC_0464,3,INNER_VAL
5,STRAIN_000943,Lacticaseibacillus rhamnosus,NC_0015,3,INNER_VAL
5,STRAIN_000945,Lactiplantibacillus plantarum,NC_0472,3,INNER_VAL
5,STRAIN_000967,Limosilactobacillus fermentum,NC_0062,1,INNER_VAL
5,STRAIN_000998,Lactococcus lactis,NC_0016,4,INNER_VAL
5,STRAIN_001015,Limosilactobacillus reuteri,NC_0077,2,INNER_VAL
5,STRAIN_000006,Lacticaseibacillus casei,NC_0108,5,OUTER_HOLDOUT_UNTOUCHED
5,STRAIN_000007,Bifidobacterium longum subsp. infantis,NC_0018,5,OUTER_HOLDOUT_UNTOUCHED
5,STRAIN_000008,Bifidobacterium longum subsp. infantis,NC_0018,5,OUTER_HOLDOUT_UNTOUCHED
5,STRAIN_000009,Bifidobacterium longum subsp. infantis,NC_0018,5,OUTER_HOLDOUT_UNTOUCHED
5,STRAIN_000010,Bifidobacterium longum subsp. infantis,NC_0018,5,OUTER_HOLDOUT_UNTOUCHED
5,STRAIN_000011,Bifidobacterium longum subsp. infantis,NC_0018,5,OUTER_HOLDOUT_UNTOUCHED
5,STRAIN_000018,Bifidobacterium longum subsp. longum,NC_0027,5,OUTER_HOLDOUT_UNTOUCHED
5,STRAIN_000019,Bifidobacterium longum subsp. longum,NC_0027,5,OUTER_HOLDOUT_UNTOUCHED
5,STRAIN_000020,Bifidobacterium longum subsp. longum,NC_0027,5,OUTER_HOLDOUT_UNTOUCHED
5,STRAIN_000021,Bifidobacterium longum subsp. longum,NC_0027,5,OUTER_HOLDOUT_UNTOUCHED
5,STRAIN_000023,Bifidobacterium longum subsp. longum,NC_0109,5,OUTER_HOLDOUT_UNTOUCHED
5,STRAIN_000024,Bifidobacterium bifidum LMG 13195,NC_0110,5,OUTER_HOLDOUT_UNTOUCHED
5,STRAIN_000032,Bifidobacterium animalis,NC_0113,5,OUTER_HOLDOUT_UNTOUCHED
5,STRAIN_000036,Lactiplantibacillus plantarum,NC_0067,5,OUTER_HOLDOUT_UNTOUCHED
5,STRAIN_000038,Lactiplantibacillus plantarum,NC_0006,5,OUTER_HOLDOUT_UNTOUCHED
5,STRAIN_000039,Lactiplantibacillus plantarum,NC_0009,5,OUTER_HOLDOUT_UNTOUCHED
5,STRAIN_000041,Lactiplantibacillus plantarum,NC_0009,5,OUTER_HOLDOUT_UNTOUCHED
5,STRAIN_000042,Lactiplantibacillus plantarum,NC_0009,5,OUTER_HOLDOUT_UNTOUCHED
5,STRAIN_000056,Lacticaseibacillus rhamnosus,NC_0005,5,OUTER_HOLDOUT_UNTOUCHED
5,STRAIN_000057,Lactococcus lactis subsp. lactis,NC_0118,5,OUTER_HOLDOUT_UNTOUCHED
5,STRAIN_000062,Bifidobacterium breve,NC_0037,5,OUTER_HOLDOUT_UNTOUCHED
5,STRAIN_000064,Lactococcus lactis,NC_0122,5,OUTER_HOLDOUT_UNTOUCHED
5,STRAIN_000072,Lactobacillus acidophilus,NC_0125,5,OUTER_HOLDOUT_UNTOUCHED
5,STRAIN_000079,Bifidobacterium longum subsp. infantis,NC_0129,5,OUTER_HOLDOUT_UNTOUCHED
5,STRAIN_000081,Lactococcus lactis,NC_0048,5,OUTER_HOLDOUT_UNTOUCHED
5,STRAIN_000085,Limosilactobacillus reuteri,NC_0134,5,OUTER_HOLDOUT_UNTOUCHED
5,STRAIN_000086,Limosilactobacillus reuteri,NC_0135,5,OUTER_HOLDOUT_UNTOUCHED
5,STRAIN_000091,Lacticaseibacillus rhamnosus,NC_0005,5,OUTER_HOLDOUT_UNTOUCHED
5,STRAIN_000092,Lactiplantibacillus plantarum,NC_0006,5,OUTER_HOLDOUT_UNTOUCHED
5,STRAIN_000096,Escherichia coli str.,NC_0142,5,OUTER_HOLDOUT_UNTOUCHED
5,STRAIN_000102,Ligilactobacillus salivarius,NC_0147,5,OUTER_HOLDOUT_UNTOUCHED
5,STRAIN_000105,Lactococcus cremoris subsp. cremoris,NC_0048,5,OUTER_HOLDOUT_UNTOUCHED
5,STRAIN_000111,Azospirillum sp.,NC_0152,5,OUTER_HOLDOUT_UNTOUCHED
5,STRAIN_000116,Cereibacter sphaeroides,NC_0154,5,OUTER_HOLDOUT_UNTOUCHED
5,STRAIN_000117,Frankia casuarinae,NC_0155,5,OUTER_HOLDOUT_UNTOUCHED
5,STRAIN_000135,Bifidobacterium longum subsp. infantis ATCC 15697 = JCM 1222 = DSM 20088,NC_0018,5,OUTER_HOLDOUT_UNTOUCHED
5,STRAIN_000146,Aromatoleum aromaticum,NC_0170,5,OUTER_HOLDOUT_UNTOUCHED
5,STRAIN_000147,Bacteroides fragilis,NC_0171,5,OUTER_HOLDOUT_UNTOUCHED
5,STRAIN_000148,Erwinia tasmaniensis,NC_0172,5,OUTER_HOLDOUT_UNTOUCHED
5,STRAIN_000151,Lacticaseibacillus rhamnosus,NC_0005,5,OUTER_HOLDOUT_UNTOUCHED
5,STRAIN_000157,Lactococcus cremoris subsp. cremoris,NC_0048,5,OUTER_HOLDOUT_UNTOUCHED
5,STRAIN_000167,Bifidobacterium bifidum,NC_0182,5,OUTER_HOLDOUT_UNTOUCHED
5,STRAIN_000169,Bifidobacterium breve DSM 20213 = JCM 1192,NC_0037,5,OUTER_HOLDOUT_UNTOUCHED
5,STRAIN_000178,Bifidobacterium bifidum,NC_0187,5,OUTER_HOLDOUT_UNTOUCHED
5,STRAIN_000180,Limosilactobacillus reuteri subsp. rodentium,NC_0189,5,OUTER_HOLDOUT_UNTOUCHED
5,STRAIN_000183,Lactobacillus delbrueckii subsp. bulgaricus,NC_0191,5,OUTER_HOLDOUT_UNTOUCHED
5,STRAIN_000193,Carnobacterium sp.,NC_0196,5,OUTER_HOLDOUT_UNTOUCHED
5,STRAIN_000208,Bifidobacterium breve,NC_0206,5,OUTER_HOLDOUT_UNTOUCHED
5,STRAIN_000209,Lacticaseibacillus rhamnosus,NC_0005,5,OUTER_HOLDOUT_UNTOUCHED
5,STRAIN_000215,Limosilactobacillus mucosae,NC_0209,5,OUTER_HOLDOUT_UNTOUCHED
5,STRAIN_000217,Bifidobacterium animalis subsp. animalis,NC_0210,5,OUTER_HOLDOUT_UNTOUCHED
5,STRAIN_000218,Pseudomonas fluorescens,NC_0211,5,OUTER_HOLDOUT_UNTOUCHED
5,STRAIN_000221,Bifidobacterium longum subsp. infantis ATCC 15697 = JCM 1222 = DSM 20088,NC_0018,5,OUTER_HOLDOUT_UNTOUCHED
5,STRAIN_000233,Lactiplantibacillus plantarum,NC_0006,5,OUTER_HOLDOUT_UNTOUCHED
5,STRAIN_000241,Lactiplantibacillus plantarum subsp. plantarum P-8,NC_0009,5,OUTER_HOLDOUT_UNTOUCHED
5,STRAIN_000245,Lactiplantibacillus plantarum 16,NC_0009,5,OUTER_HOLDOUT_UNTOUCHED
5,STRAIN_000252,Bifidobacterium bifidum ATCC 29521 = JCM 1255 = DSM 20456,NC_0032,5,OUTER_HOLDOUT_UNTOUCHED
5,STRAIN_000254,Lactiplantibacillus plantarum,NC_0006,5,OUTER_HOLDOUT_UNTOUCHED
5,STRAIN_000255,Lactococcus cremoris subsp. cremoris,NC_0227,5,OUTER_HOLDOUT_UNTOUCHED
5,STRAIN_000261,Limosilactobacillus fermentum,NC_0228,5,OUTER_HOLDOUT_UNTOUCHED
5,STRAIN_000274,Bifidobacterium breve,NC_0079,5,OUTER_HOLDOUT_UNTOUCHED
5,STRAIN_000281,Lacticaseibacillus rhamnosus DSM 20021 = JCM 1136 = NBRC 3425,NC_0005,5,OUTER_HOLDOUT_UNTOUCHED
5,STRAIN_000295,Bifidobacterium bifidum,NC_0032,5,OUTER_HOLDOUT_UNTOUCHED
5,STRAIN_000297,Bifidobacterium adolescentis,NC_0246,5,OUTER_HOLDOUT_UNTOUCHED
5,STRAIN_000298,Bifidobacterium thermophilum,NC_0247,5,OUTER_HOLDOUT_UNTOUCHED
5,STRAIN_000299,Lacticaseibacillus rhamnosus,NC_0248,5,OUTER_HOLDOUT_UNTOUCHED
5,STRAIN_000304,Bifidobacterium bifidum ATCC 29521 = JCM 1255 =,NC_0032,5,OUTER_HOLDOUT_UNTOUCHED
5,STRAIN_000323,Levilactobacillus brevis,NC_0260,5,OUTER_HOLDOUT_UNTOUCHED
5,STRAIN_000328,Bifidobacterium pseudocatenulatum,NC_0261,5,OUTER_HOLDOUT_UNTOUCHED
5,STRAIN_000332,Lactobacillus helveticus,NC_0264,5,OUTER_HOLDOUT_UNTOUCHED
5,STRAIN_000336,Lactiplantibacillus plantarum,NC_0009,5,OUTER_HOLDOUT_UNTOUCHED
5,STRAIN_000346,Bifidobacterium bifidum,NC_0055,5,OUTER_HOLDOUT_UNTOUCHED
5,STRAIN_000348,Bifidobacterium bifidum,NC_0272,5,OUTER_HOLDOUT_UNTOUCHED
5,STRAIN_000349,Bifidobacterium bifidum ATCC 29521 = JCM 1255 = DSM 20456,NC_0032,5,OUTER_HOLDOUT_UNTOUCHED
5,STRAIN_000350,Bifidobacterium breve DSM 20213 =,NC_0037,5,OUTER_HOLDOUT_UNTOUCHED
5,STRAIN_000357,Lacticaseibacillus rhamnosus,NC_0005,5,OUTER_HOLDOUT_UNTOUCHED
5,STRAIN_000365,Bifidobacterium longum subsp. infantis,NC_0276,5,OUTER_HOLDOUT_UNTOUCHED
5,STRAIN_000368,Bifidobacterium longum,NC_0278,5,OUTER_HOLDOUT_UNTOUCHED
5,STRAIN_000383,Lacticaseibacillus rhamnosus DSM 20021 = JCM 1136 = NBRC 3425,NC_0005,5,OUTER_HOLDOUT_UNTOUCHED
5,STRAIN_000401,Lactococcus lactis,NC_0087,5,OUTER_HOLDOUT_UNTOUCHED
5,STRAIN_000404,Lactiplantibacillus plantarum,NC_0006,5,OUTER_HOLDOUT_UNTOUCHED
5,STRAIN_000405,Lactiplantibacillus plantarum,NC_0006,5,OUTER_HOLDOUT_UNTOUCHED
5,STRAIN_000409,Lactiplantibacillus plantarum,NC_0287,5,OUTER_HOLDOUT_UNTOUCHED
5,STRAIN_000420,Levilactobacillus brevis,NC_0290,5,OUTER_HOLDOUT_UNTOUCHED
5,STRAIN_000433,Lacticaseibacillus casei,NC_0043,5,OUTER_HOLDOUT_UNTOUCHED
5,STRAIN_000436,Lactiplantibacillus plantarum,NC_0297,5,OUTER_HOLDOUT_UNTOUCHED
5,STRAIN_000441,Bifidobacterium longum subsp. longum,NC_0300,5,OUTER_HOLDOUT_UNTOUCHED
5,STRAIN_000443,Limosilactobacillus fermentum,NC_0301,5,OUTER_HOLDOUT_UNTOUCHED
5,STRAIN_000455,Bifidobacterium breve,NC_0306,5,OUTER_HOLDOUT_UNTOUCHED
5,STRAIN_000460,Lactococcus lactis subsp. lactis,NC_0089,5,OUTER_HOLDOUT_UNTOUCHED
5,STRAIN_000465,Lactococcus cremoris,NC_0309,5,OUTER_HOLDOUT_UNTOUCHED
5,STRAIN_000467,Lactococcus cremoris,NC_0087,5,OUTER_HOLDOUT_UNTOUCHED
5,STRAIN_000468,Lactococcus lactis subsp. lactis,NC_0310,5,OUTER_HOLDOUT_UNTOUCHED
5,STRAIN_000469,Lactococcus lactis subsp. lactis,NC_0089,5,OUTER_HOLDOUT_UNTOUCHED
5,STRAIN_000472,Levilactobacillus brevis,NC_0311,5,OUTER_HOLDOUT_UNTOUCHED
5,STRAIN_000492,Lactiplantibacillus plantarum,NC_0006,5,OUTER_HOLDOUT_UNTOUCHED
5,STRAIN_000498,Bifidobacterium pseudolongum,NC_0323,5,OUTER_HOLDOUT_UNTOUCHED
5,STRAIN_000509,Lacticaseibacillus paracasei,NC_0043,5,OUTER_HOLDOUT_UNTOUCHED
5,STRAIN_000513,Levilactobacillus brevis,NC_0330,5,OUTER_HOLDOUT_UNTOUCHED
5,STRAIN_000520,Lactococcus lactis subsp. lactis,NC_0091,5,OUTER_HOLDOUT_UNTOUCHED
5,STRAIN_000521,Lactococcus lactis subsp. lactis,NC_0091,5,OUTER_HOLDOUT_UNTOUCHED
5,STRAIN_000522,Lacticaseibacillus paracasei subsp. paracasei,NC_0060,5,OUTER_HOLDOUT_UNTOUCHED
5,STRAIN_000523,Bifidobacterium longum,NC_0334,5,OUTER_HOLDOUT_UNTOUCHED
5,STRAIN_000526,Bifidobacterium bifidum,NC_0055,5,OUTER_HOLDOUT_UNTOUCHED
5,STRAIN_000529,Lacticaseibacillus rhamnosus,NC_0005,5,OUTER_HOLDOUT_UNTOUCHED
5,STRAIN_000534,Lacticaseibacillus paracasei,NC_0092,5,OUTER_HOLDOUT_UNTOUCHED
5,STRAIN_000535,Lactiplantibacillus plantarum,NC_0006,5,OUTER_HOLDOUT_UNTOUCHED
5,STRAIN_000538,Limosilactobacillus fermentum,NC_0341,5,OUTER_HOLDOUT_UNTOUCHED
5,STRAIN_000539,Lacticaseibacillus paracasei subsp. paracasei,NC_0060,5,OUTER_HOLDOUT_UNTOUCHED
5,STRAIN_000540,Lacticaseibacillus paracasei,NC_0092,5,OUTER_HOLDOUT_UNTOUCHED
5,STRAIN_000542,Bifidobacterium breve,NC_0094,5,OUTER_HOLDOUT_UNTOUCHED
5,STRAIN_000545,Lacticaseibacillus rhamnosus,NC_0005,5,OUTER_HOLDOUT_UNTOUCHED
5,STRAIN_000550,Lactiplantibacillus plantarum,NC_0096,5,OUTER_HOLDOUT_UNTOUCHED
5,STRAIN_000559,Lacticaseibacillus rhamnosus,NC_0005,5,OUTER_HOLDOUT_UNTOUCHED
5,STRAIN_000560,Lacticaseibacillus rhamnosus,NC_0005,5,OUTER_HOLDOUT_UNTOUCHED
5,STRAIN_000567,Limosilactobacillus fermentum,NC_0346,5,OUTER_HOLDOUT_UNTOUCHED
5,STRAIN_000580,Lacticaseibacillus rhamnosus,NC_0005,5,OUTER_HOLDOUT_UNTOUCHED
5,STRAIN_000588,Lactiplantibacillus plantarum,NC_0006,5,OUTER_HOLDOUT_UNTOUCHED
5,STRAIN_000605,Lactiplantibacillus plantarum,NC_0067,5,OUTER_HOLDOUT_UNTOUCHED
5,STRAIN_000607,Lactiplantibacillus plantarum,NC_0009,5,OUTER_HOLDOUT_UNTOUCHED
5,STRAIN_000613,Lactiplantibacillus plantarum,NC_0009,5,OUTER_HOLDOUT_UNTOUCHED
5,STRAIN_000617,Lactiplantibacillus plantarum,NC_0009,5,OUTER_HOLDOUT_UNTOUCHED
5,STRAIN_000618,Lactiplantibacillus plantarum,NC_0009,5,OUTER_HOLDOUT_UNTOUCHED
5,STRAIN_000619,Lactiplantibacillus plantarum,NC_0009,5,OUTER_HOLDOUT_UNTOUCHED
5,STRAIN_000620,Lactiplantibacillus plantarum,NC_0009,5,OUTER_HOLDOUT_UNTOUCHED
5,STRAIN_000621,Lactiplantibacillus plantarum,NC_0009,5,OUTER_HOLDOUT_UNTOUCHED
5,STRAIN_000629,Lacticaseibacillus paracasei,NC_0043,5,OUTER_HOLDOUT_UNTOUCHED
5,STRAIN_000630,Lactiplantibacillus plantarum,NC_0100,5,OUTER_HOLDOUT_UNTOUCHED
5,STRAIN_000635,Bifidobacterium breve,NC_0094,5,OUTER_HOLDOUT_UNTOUCHED
5,STRAIN_000650,Lacticaseibacillus rhamnosus DSM 20021 = JCM 1136 =,NC_0005,5,OUTER_HOLDOUT_UNTOUCHED
5,STRAIN_000652,Lactococcus lactis subsp. lactis bv. diacetylactis,NC_0372,5,OUTER_HOLDOUT_UNTOUCHED
5,STRAIN_000663,Lacticaseibacillus paracasei subsp. paracasei,NC_0060,5,OUTER_HOLDOUT_UNTOUCHED
5,STRAIN_000671,Lacticaseibacillus paracasei,NC_0026,5,OUTER_HOLDOUT_UNTOUCHED
5,STRAIN_000672,Streptococcus thermophilus,NC_0383,5,OUTER_HOLDOUT_UNTOUCHED
5,STRAIN_000683,Lactiplantibacillus plantarum,NC_0009,5,OUTER_HOLDOUT_UNTOUCHED
5,STRAIN_000688,Lacticaseibacillus paracasei,NC_0026,5,OUTER_HOLDOUT_UNTOUCHED
5,STRAIN_000693,Limosilactobacillus reuteri,NC_0390,5,OUTER_HOLDOUT_UNTOUCHED
5,STRAIN_000697,Lacticaseibacillus rhamnosus,NC_0005,5,OUTER_HOLDOUT_UNTOUCHED
5,STRAIN_000698,Lacticaseibacillus rhamnosus,NC_0005,5,OUTER_HOLDOUT_UNTOUCHED
5,STRAIN_000699,Lacticaseibacillus rhamnosus,NC_0005,5,OUTER_HOLDOUT_UNTOUCHED
5,STRAIN_000700,Lacticaseibacillus rhamnosus,NC_0005,5,OUTER_HOLDOUT_UNTOUCHED
5,STRAIN_000706,Bifidobacterium longum,NC_0392,5,OUTER_HOLDOUT_UNTOUCHED
5,STRAIN_000708,Bifidobacterium adolescentis,NC_0394,5,OUTER_HOLDOUT_UNTOUCHED
5,STRAIN_000709,Lacticaseibacillus rhamnosus,NC_0005,5,OUTER_HOLDOUT_UNTOUCHED
5,STRAIN_000717,Bifidobacterium bifidum,NC_0032,5,OUTER_HOLDOUT_UNTOUCHED
5,STRAIN_000721,Escherichia coli,NC_0398,5,OUTER_HOLDOUT_UNTOUCHED
5,STRAIN_000740,Lacticaseibacillus rhamnosus,NC_0005,5,OUTER_HOLDOUT_UNTOUCHED
5,STRAIN_000751,Limosilactobacillus reuteri,NC_0408,5,OUTER_HOLDOUT_UNTOUCHED
5,STRAIN_000752,Lactobacillus gasseri,NC_0409,5,OUTER_HOLDOUT_UNTOUCHED
5,STRAIN_000754,Bifidobacterium longum subsp. infantis,NC_0018,5,OUTER_HOLDOUT_UNTOUCHED
5,STRAIN_000755,Lactiplantibacillus plantarum,NC_0006,5,OUTER_HOLDOUT_UNTOUCHED
5,STRAIN_000757,Bifidobacterium adolescentis,NC_0411,5,OUTER_HOLDOUT_UNTOUCHED
5,STRAIN_000758,Bifidobacterium longum subsp. longum,NC_0412,5,OUTER_HOLDOUT_UNTOUCHED
5,STRAIN_000769,Streptococcus thermophilus,NC_0069,5,OUTER_HOLDOUT_UNTOUCHED
5,STRAIN_000774,Streptococcus thermophilus,NC_0416,5,OUTER_HOLDOUT_UNTOUCHED
5,STRAIN_000777,Lacticaseibacillus rhamnosus,NC_0417,5,OUTER_HOLDOUT_UNTOUCHED
5,STRAIN_000792,Lactiplantibacillus plantarum subsp. plantarum,NC_0063,5,OUTER_HOLDOUT_UNTOUCHED
5,STRAIN_000795,Lacticaseibacillus paracasei,NC_0423,5,OUTER_HOLDOUT_UNTOUCHED
5,STRAIN_000800,Lacticaseibacillus rhamnosus,NC_0005,5,OUTER_HOLDOUT_UNTOUCHED
5,STRAIN_000807,Lacticaseibacillus paracasei,NC_0026,5,OUTER_HOLDOUT_UNTOUCHED
5,STRAIN_000814,Lacticaseibacillus rhamnosus,NC_0005,5,OUTER_HOLDOUT_UNTOUCHED
5,STRAIN_000824,Streptococcus thermophilus,NC_0435,5,OUTER_HOLDOUT_UNTOUCHED
5,STRAIN_000827,Lacticaseibacillus rhamnosus,NC_0005,5,OUTER_HOLDOUT_UNTOUCHED
5,STRAIN_000831,Lacticaseibacillus paracasei,NC_0026,5,OUTER_HOLDOUT_UNTOUCHED
5,STRAIN_000833,Limosilactobacillus fermentum,NC_0437,5,OUTER_HOLDOUT_UNTOUCHED
5,STRAIN_000842,Lactiplantibacillus plantarum,NC_0006,5,OUTER_HOLDOUT_UNTOUCHED
5,STRAIN_000843,Lactiplantibacillus plantarum,NC_0009,5,OUTER_HOLDOUT_UNTOUCHED
5,STRAIN_000844,Lactiplantibacillus plantarum,NC_0009,5,OUTER_HOLDOUT_UNTOUCHED
5,STRAIN_000847,Lacticaseibacillus paracasei,NC_0026,5,OUTER_HOLDOUT_UNTOUCHED
5,STRAIN_000848,Lactiplantibacillus plantarum,NC_0100,5,OUTER_HOLDOUT_UNTOUCHED
5,STRAIN_000860,Bifidobacterium longum subsp. longum,NC_0027,5,OUTER_HOLDOUT_UNTOUCHED
5,STRAIN_000870,Limosilactobacillus reuteri,NC_0446,5,OUTER_HOLDOUT_UNTOUCHED
5,STRAIN_000872,Bifidobacterium longum,NC_0448,5,OUTER_HOLDOUT_UNTOUCHED
5,STRAIN_000879,Lacticaseibacillus rhamnosus,NC_0005,5,OUTER_HOLDOUT_UNTOUCHED
5,STRAIN_000894,Bifidobacterium bifidum,NC_0055,5,OUTER_HOLDOUT_UNTOUCHED
5,STRAIN_000897,Lactiplantibacillus plantarum,NC_0006,5,OUTER_HOLDOUT_UNTOUCHED
5,STRAIN_000901,Bifidobacterium breve,NC_0037,5,OUTER_HOLDOUT_UNTOUCHED
5,STRAIN_000908,Lacticaseibacillus paracasei,NC_0043,5,OUTER_HOLDOUT_UNTOUCHED
5,STRAIN_000918,Lacticaseibacillus paracasei,NC_0463,5,OUTER_HOLDOUT_UNTOUCHED
5,STRAIN_000925,Lacticaseibacillus rhamnosus,NC_0465,5,OUTER_HOLDOUT_UNTOUCHED
5,STRAIN_000928,Lactiplantibacillus plantarum,NC_0096,5,OUTER_HOLDOUT_UNTOUCHED
5,STRAIN_000932,Lactiplantibacillus plantarum,NC_0006,5,OUTER_HOLDOUT_UNTOUCHED
5,STRAIN_000946,Lactiplantibacillus plantarum,NC_0006,5,OUTER_HOLDOUT_UNTOUCHED
5,STRAIN_000950,Bifidobacterium breve,NC_0079,5,OUTER_HOLDOUT_UNTOUCHED
5,STRAIN_000957,Lactiplantibacillus plantarum,NC_0006,5,OUTER_HOLDOUT_UNTOUCHED
5,STRAIN_000958,Lactiplantibacillus plantarum,NC_0006,5,OUTER_HOLDOUT_UNTOUCHED
5,STRAIN_000959,Lactiplantibacillus plantarum,NC_0006,5,OUTER_HOLDOUT_UNTOUCHED
5,STRAIN_000980,Lactiplantibacillus plantarum subsp. plantarum,NC_0006,5,OUTER_HOLDOUT_UNTOUCHED
5,STRAIN_000985,Lacticaseibacillus paracasei,NC_0026,5,OUTER_HOLDOUT_UNTOUCHED
5,STRAIN_001005,Lactiplantibacillus plantarum,NC_0063,5,OUTER_HOLDOUT_UNTOUCHED
5,STRAIN_001008,Lactococcus lactis subsp. lactis,NC_0481,5,OUTER_HOLDOUT_UNTOUCHED
5,STRAIN_001014,Lactiplantibacillus plantarum,NC_0006,5,OUTER_HOLDOUT_UNTOUCHED
5,STRAIN_001017,Bifidobacterium longum subsp. infantis,NC_0018,5,OUTER_HOLDOUT_UNTOUCHED
5,STRAIN_001018,Lactiplantibacillus plantarum,NC_0063,5,OUTER_HOLDOUT_UNTOUCHED
5,STRAIN_001025,Lactiplantibacillus plantarum,NC_0006,5,OUTER_HOLDOUT_UNTOUCHED
