strain_entity_id,canonical_genome_path,total_bp,contigs,largest_contig_bp,skani_compatible,exclusion_reason
STRAIN_000001,/root/autodl-tmp/axw/01_ani_foundation/canonical_genomes/STRAIN_000001.fa.gz,2330229,13,491948,True,
STRAIN_000002,/root/autodl-tmp/axw/01_ani_foundation/canonical_genomes/STRAIN_000002.fa.gz,2928189,186,140193,True,
STRAIN_000003,/root/autodl-tmp/axw/01_ani_foundation/canonical_genomes/STRAIN_000003.fa.gz,7264,25,440,False,NO_CONTIG_GE_500BP
STRAIN_000004,/root/autodl-tmp/axw/01_ani_foundation/canonical_genomes/STRAIN_000004.fa.gz,3282860,303,185255,True,
STRAIN_000005,/root/autodl-tmp/axw/01_ani_foundation/canonical_genomes/STRAIN_000005.fa.gz,3272534,297,185255,True,
STRAIN_000006,/root/autodl-tmp/axw/01_ani_foundation/canonical_genomes/STRAIN_000006.fa.gz,2727847,108,185255,True,
STRAIN_000007,/root/autodl-tmp/axw/01_ani_foundation/canonical_genomes/STRAIN_000007.fa.gz,2791569,51,268373,True,
STRAIN_000008,/root/autodl-tmp/axw/01_ani_foundation/canonical_genomes/STRAIN_000008.fa.gz,2821883,54,268365,True,
STRAIN_000009,/root/autodl-tmp/axw/01_ani_foundation/canonical_genomes/STRAIN_000009.fa.gz,2787528,50,268309,True,
STRAIN_000010,/root/autodl-tmp/axw/01_ani_foundation/canonical_genomes/STRAIN_000010.fa.gz,2791524,50,268317,True,
STRAIN_000011,/root/autodl-tmp/axw/01_ani_foundation/canonical_genomes/STRAIN_000011.fa.gz,2786838,56,268365,True,
STRAIN_000012,/root/autodl-tmp/axw/01_ani_foundation/canonical_genomes/STRAIN_000012.fa.gz,2724032,921,55265,True,
STRAIN_000013,/root/autodl-tmp/axw/01_ani_foundation/canonical_genomes/STRAIN_000013.fa.gz,2233772,31,340870,True,
STRAIN_000014,/root/autodl-tmp/axw/01_ani_foundation/canonical_genomes/STRAIN_000014.fa.gz,2235579,36,195462,True,
STRAIN_000015,/root/autodl-tmp/axw/01_ani_foundation/canonical_genomes/STRAIN_000015.fa.gz,1949297,1,1949297,True,
STRAIN_000016,/root/autodl-tmp/axw/01_ani_foundation/canonical_genomes/STRAIN_000016.fa.gz,2971889,76,325792,True,
STRAIN_000017,/root/autodl-tmp/axw/01_ani_foundation/canonical_genomes/STRAIN_000017.fa.gz,2009973,1,2009973,True,
STRAIN_000018,/root/autodl-tmp/axw/01_ani_foundation/canonical_genomes/STRAIN_000018.fa.gz,2397171,13,540387,True,
STRAIN_000019,/root/autodl-tmp/axw/01_ani_foundation/canonical_genomes/STRAIN_000019.fa.gz,2398181,21,527990,True,
STRAIN_000020,/root/autodl-tmp/axw/01_ani_foundation/canonical_genomes/STRAIN_000020.fa.gz,2448259,174,327963,True,
STRAIN_000021,/root/autodl-tmp/axw/01_ani_foundation/canonical_genomes/STRAIN_000021.fa.gz,2417279,170,197754,True,
STRAIN_000022,/root/autodl-tmp/axw/01_ani_foundation/canonical_genomes/STRAIN_000022.fa.gz,2237293,17,615733,True,
STRAIN_000023,/root/autodl-tmp/axw/01_ani_foundation/canonical_genomes/STRAIN_000023.fa.gz,2235932,28,731416,True,
STRAIN_000024,/root/autodl-tmp/axw/01_ani_foundation/canonical_genomes/STRAIN_000024.fa.gz,2261666,1,2261666,True,
STRAIN_000025,/root/autodl-tmp/axw/01_ani_foundation/canonical_genomes/STRAIN_000025.fa.gz,3267387,5,3096468,True,
STRAIN_000026,/root/autodl-tmp/axw/01_ani_foundation/canonical_genomes/STRAIN_000026.fa.gz,2573636,29,495401,True,
STRAIN_000027,/root/autodl-tmp/axw/01_ani_foundation/canonical_genomes/STRAIN_000027.fa.gz,2568669,67,291975,True,
STRAIN_000028,/root/autodl-tmp/axw/01_ani_foundation/canonical_genomes/STRAIN_000028.fa.gz,3685082,2,3612790,True,
STRAIN_000029,/root/autodl-tmp/axw/01_ani_foundation/canonical_genomes/STRAIN_000029.fa.gz,1965390,19,676265,True,
STRAIN_000030,/root/autodl-tmp/axw/01_ani_foundation/canonical_genomes/STRAIN_000030.fa.gz,2770240,1,2770240,True,
STRAIN_000031,/root/autodl-tmp/axw/01_ani_foundation/canonical_genomes/STRAIN_000031.fa.gz,2318552,42,277638,True,
STRAIN_000032,/root/autodl-tmp/axw/01_ani_foundation/canonical_genomes/STRAIN_000032.fa.gz,1746296,168,71795,True,
STRAIN_000033,/root/autodl-tmp/axw/01_ani_foundation/canonical_genomes/STRAIN_000033.fa.gz,2483413,7,2096356,True,
STRAIN_000034,/root/autodl-tmp/axw/01_ani_foundation/canonical_genomes/STRAIN_000034.fa.gz,2362026,1,2362026,True,
STRAIN_000035,/root/autodl-tmp/axw/01_ani_foundation/canonical_genomes/STRAIN_000035.fa.gz,3304830,45,533836,True,
STRAIN_000036,/root/autodl-tmp/axw/01_ani_foundation/canonical_genomes/STRAIN_000036.fa.gz,3269344,34,866323,True,
STRAIN_000037,/root/autodl-tmp/axw/01_ani_foundation/canonical_genomes/STRAIN_000037.fa.gz,3258425,100,315737,True,
STRAIN_000038,/root/autodl-tmp/axw/01_ani_foundation/canonical_genomes/STRAIN_000038.fa.gz,3574108,230,267423,True,
STRAIN_000039,/root/autodl-tmp/axw/01_ani_foundation/canonical_genomes/STRAIN_000039.fa.gz,3139331,76,675170,True,
STRAIN_000040,/root/autodl-tmp/axw/01_ani_foundation/canonical_genomes/STRAIN_000040.fa.gz,3281998,111,263633,True,
STRAIN_000041,/root/autodl-tmp/axw/01_ani_foundation/canonical_genomes/STRAIN_000041.fa.gz,3256146,202,231111,True,
STRAIN_000042,/root/autodl-tmp/axw/01_ani_foundation/canonical_genomes/STRAIN_000042.fa.gz,3122460,109,252431,True,
STRAIN_000043,/root/autodl-tmp/axw/01_ani_foundation/canonical_genomes/STRAIN_000043.fa.gz,2245287,584,30179,True,
STRAIN_000044,/root/autodl-tmp/axw/01_ani_foundation/canonical_genomes/STRAIN_000044.fa.gz,1539439,144,68089,True,
STRAIN_000045,/root/autodl-tmp/axw/01_ani_foundation/canonical_genomes/STRAIN_000045.fa.gz,2604558,1,2604558,True,
STRAIN_000046,/root/autodl-tmp/axw/01_ani_foundation/canonical_genomes/STRAIN_000046.fa.gz,2612005,1,2612005,True,
STRAIN_000047,/root/autodl-tmp/axw/01_ani_foundation/canonical_genomes/STRAIN_000047.fa.gz,2604549,1,2604549,True,
STRAIN_000048,/root/autodl-tmp/axw/01_ani_foundation/canonical_genomes/STRAIN_000048.fa.gz,2758198,1,2758198,True,
STRAIN_000049,/root/autodl-tmp/axw/01_ani_foundation/canonical_genomes/STRAIN_000049.fa.gz,2609031,1,2609031,True,
STRAIN_000050,/root/autodl-tmp/axw/01_ani_foundation/canonical_genomes/STRAIN_000050.fa.gz,2604570,1,2604570,True,
STRAIN_000051,/root/autodl-tmp/axw/01_ani_foundation/canonical_genomes/STRAIN_000051.fa.gz,2612382,1,2612382,True,
STRAIN_000052,/root/autodl-tmp/axw/01_ani_foundation/canonical_genomes/STRAIN_000052.fa.gz,2604585,1,2604585,True,
STRAIN_000053,/root/autodl-tmp/axw/01_ani_foundation/canonical_genomes/STRAIN_000053.fa.gz,2614802,1,2614802,True,
STRAIN_000054,/root/autodl-tmp/axw/01_ani_foundation/canonical_genomes/STRAIN_000054.fa.gz,2598286,1,2598286,True,
STRAIN_000055,/root/autodl-tmp/axw/01_ani_foundation/canonical_genomes/STRAIN_000055.fa.gz,2610477,1,2610477,True,
STRAIN_000056,/root/autodl-tmp/axw/01_ani_foundation/canonical_genomes/STRAIN_000056.fa.gz,2933041,41,363117,True,
STRAIN_000057,/root/autodl-tmp/axw/01_ani_foundation/canonical_genomes/STRAIN_000057.fa.gz,2833095,8,2555628,True,
STRAIN_000058,/root/autodl-tmp/axw/01_ani_foundation/canonical_genomes/STRAIN_000058.fa.gz,1589543,527,10427,True,
STRAIN_000059,/root/autodl-tmp/axw/01_ani_foundation/canonical_genomes/STRAIN_000059.fa.gz,1950129,572,14879,True,
STRAIN_000060,/root/autodl-tmp/axw/01_ani_foundation/canonical_genomes/STRAIN_000060.fa.gz,3319661,79,314556,True,
STRAIN_000061,/root/autodl-tmp/axw/01_ani_foundation/canonical_genomes/STRAIN_000061.fa.gz,1137575,512,14288,True,
STRAIN_000062,/root/autodl-tmp/axw/01_ani_foundation/canonical_genomes/STRAIN_000062.fa.gz,2268931,1,2268931,True,
STRAIN_000063,/root/autodl-tmp/axw/01_ani_foundation/canonical_genomes/STRAIN_000063.fa.gz,2190360,466,671042,True,
STRAIN_000064,/root/autodl-tmp/axw/01_ani_foundation/canonical_genomes/STRAIN_000064.fa.gz,1919017,16,335668,True,
STRAIN_000065,/root/autodl-tmp/axw/01_ani_foundation/canonical_genomes/STRAIN_000065.fa.gz,1365639,340,15340,True,
STRAIN_000066,/root/autodl-tmp/axw/01_ani_foundation/canonical_genomes/STRAIN_000066.fa.gz,3247661,3,3191749,True,
STRAIN_000067,/root/autodl-tmp/axw/01_ani_foundation/canonical_genomes/STRAIN_000067.fa.gz,2865742,331,38298,True,
STRAIN_000068,/root/autodl-tmp/axw/01_ani_foundation/canonical_genomes/STRAIN_000068.fa.gz,3173258,458,79393,True,
STRAIN_000069,/root/autodl-tmp/axw/01_ani_foundation/canonical_genomes/STRAIN_000069.fa.gz,1896799,233,47878,True,
STRAIN_000070,/root/autodl-tmp/axw/01_ani_foundation/canonical_genomes/STRAIN_000070.fa.gz,2966912,6,2939598,True,
STRAIN_000071,/root/autodl-tmp/axw/01_ani_foundation/canonical_genomes/STRAIN_000071.fa.gz,1990372,117,80692,True,
STRAIN_000072,/root/autodl-tmp/axw/01_ani_foundation/canonical_genomes/STRAIN_000072.fa.gz,2115420,134,123435,True,
STRAIN_000073,/root/autodl-tmp/axw/01_ani_foundation/canonical_genomes/STRAIN_000073.fa.gz,1948634,96,162566,True,
STRAIN_000074,/root/autodl-tmp/axw/01_ani_foundation/canonical_genomes/STRAIN_000074.fa.gz,1499598,190,39836,True,
STRAIN_000075,/root/autodl-tmp/axw/01_ani_foundation/canonical_genomes/STRAIN_000075.fa.gz,2018725,220,70709,True,
STRAIN_000076,/root/autodl-tmp/axw/01_ani_foundation/canonical_genomes/STRAIN_000076.fa.gz,2205182,963,99568,True,
STRAIN_000077,/root/autodl-tmp/axw/01_ani_foundation/canonical_genomes/STRAIN_000077.fa.gz,2206088,23,487798,True,
STRAIN_000078,/root/autodl-tmp/axw/01_ani_foundation/canonical_genomes/STRAIN_000078.fa.gz,2320602,41,463050,True,
STRAIN_000079,/root/autodl-tmp/axw/01_ani_foundation/canonical_genomes/STRAIN_000079.fa.gz,2518893,97,255564,True,
STRAIN_000080,/root/autodl-tmp/axw/01_ani_foundation/canonical_genomes/STRAIN_000080.fa.gz,2341089,52,270682,True,
STRAIN_000081,/root/autodl-tmp/axw/01_ani_foundation/canonical_genomes/STRAIN_000081.fa.gz,2568911,158,166210,True,
STRAIN_000082,/root/autodl-tmp/axw/01_ani_foundation/canonical_genomes/STRAIN_000082.fa.gz,1995954,230,45127,True,
STRAIN_000083,/root/autodl-tmp/axw/01_ani_foundation/canonical_genomes/STRAIN_000083.fa.gz,1695715,203,62050,True,
STRAIN_000084,/root/autodl-tmp/axw/01_ani_foundation/canonical_genomes/STRAIN_000084.fa.gz,985879,307,13714,True,
STRAIN_000085,/root/autodl-tmp/axw/01_ani_foundation/canonical_genomes/STRAIN_000085.fa.gz,1586369,154,64896,True,
STRAIN_000086,/root/autodl-tmp/axw/01_ani_foundation/canonical_genomes/STRAIN_000086.fa.gz,2009197,138,75224,True,
STRAIN_000087,/root/autodl-tmp/axw/01_ani_foundation/canonical_genomes/STRAIN_000087.fa.gz,1482430,290,49314,True,
STRAIN_000088,/root/autodl-tmp/axw/01_ani_foundation/canonical_genomes/STRAIN_000088.fa.gz,1400009,406,16451,True,
STRAIN_000089,/root/autodl-tmp/axw/01_ani_foundation/canonical_genomes/STRAIN_000089.fa.gz,1181499,471,19256,True,
STRAIN_000090,/root/autodl-tmp/axw/01_ani_foundation/canonical_genomes/STRAIN_000090.fa.gz,2844791,55,195899,True,
STRAIN_000091,/root/autodl-tmp/axw/01_ani_foundation/canonical_genomes/STRAIN_000091.fa.gz,2912376,14,677243,True,
STRAIN_000092,/root/autodl-tmp/axw/01_ani_foundation/canonical_genomes/STRAIN_000092.fa.gz,3376637,8,3107237,True,
STRAIN_000093,/root/autodl-tmp/axw/01_ani_foundation/canonical_genomes/STRAIN_000093.fa.gz,904426,356,7587,True,
STRAIN_000094,/root/autodl-tmp/axw/01_ani_foundation/canonical_genomes/STRAIN_000094.fa.gz,1222730,393,11778,True,
STRAIN_000095,/root/autodl-tmp/axw/01_ani_foundation/canonical_genomes/STRAIN_000095.fa.gz,2396359,114,630786,True,
STRAIN_000096,/root/autodl-tmp/axw/01_ani_foundation/canonical_genomes/STRAIN_000096.fa.gz,4641652,1,4641652,True,
STRAIN_000097,/root/autodl-tmp/axw/01_ani_foundation/canonical_genomes/STRAIN_000097.fa.gz,6264404,1,6264404,True,
STRAIN_000098,/root/autodl-tmp/axw/01_ani_foundation/canonical_genomes/STRAIN_000098.fa.gz,2365589,1,2365589,True,
STRAIN_000099,/root/autodl-tmp/axw/01_ani_foundation/canonical_genomes/STRAIN_000099.fa.gz,6691694,3,3654135,True,
STRAIN_000100,/root/autodl-tmp/axw/01_ani_foundation/canonical_genomes/STRAIN_000100.fa.gz,2260266,2,2256640,True,
STRAIN_000101,/root/autodl-tmp/axw/01_ani_foundation/canonical_genomes/STRAIN_000101.fa.gz,1992676,1,1992676,True,
STRAIN_000102,/root/autodl-tmp/axw/01_ani_foundation/canonical_genomes/STRAIN_000102.fa.gz,2133977,4,1827111,True,
STRAIN_000103,/root/autodl-tmp/axw/01_ani_foundation/canonical_genomes/STRAIN_000103.fa.gz,2389526,3,2375792,True,
STRAIN_000104,/root/autodl-tmp/axw/01_ani_foundation/canonical_genomes/STRAIN_000104.fa.gz,4215606,1,4215606,True,
STRAIN_000105,/root/autodl-tmp/axw/01_ani_foundation/canonical_genomes/STRAIN_000105.fa.gz,2529478,1,2529478,True,
STRAIN_000106,/root/autodl-tmp/axw/01_ani_foundation/canonical_genomes/STRAIN_000106.fa.gz,4303871,1,4303871,True,
STRAIN_000107,/root/autodl-tmp/axw/01_ani_foundation/canonical_genomes/STRAIN_000107.fa.gz,2039414,1,2039414,True,
STRAIN_000108,/root/autodl-tmp/axw/01_ani_foundation/canonical_genomes/STRAIN_000108.fa.gz,2098685,1,2098685,True,
STRAIN_000109,/root/autodl-tmp/axw/01_ani_foundation/canonical_genomes/STRAIN_000109.fa.gz,2089645,1,2089645,True,
STRAIN_000110,/root/autodl-tmp/axw/01_ani_foundation/canonical_genomes/STRAIN_000110.fa.gz,5369772,1,5369772,True,
STRAIN_000111,/root/autodl-tmp/axw/01_ani_foundation/canonical_genomes/STRAIN_000111.fa.gz,7599738,7,3311395,True,
STRAIN_000112,/root/autodl-tmp/axw/01_ani_foundation/canonical_genomes/STRAIN_000112.fa.gz,3005051,1,3005051,True,
STRAIN_000113,/root/autodl-tmp/axw/01_ani_foundation/canonical_genomes/STRAIN_000113.fa.gz,9105828,1,9105828,True,
STRAIN_000114,/root/autodl-tmp/axw/01_ani_foundation/canonical_genomes/STRAIN_000114.fa.gz,1796846,1,1796846,True,
STRAIN_000115,/root/autodl-tmp/axw/01_ani_foundation/canonical_genomes/STRAIN_000115.fa.gz,1796226,1,1796226,True,
STRAIN_000116,/root/autodl-tmp/axw/01_ani_foundation/canonical_genomes/STRAIN_000116.fa.gz,4602977,7,3188524,True,
STRAIN_000117,/root/autodl-tmp/axw/01_ani_foundation/canonical_genomes/STRAIN_000117.fa.gz,5433628,1,5433628,True,
STRAIN_000118,/root/autodl-tmp/axw/01_ani_foundation/canonical_genomes/STRAIN_000118.fa.gz,1780517,1,1780517,True,
STRAIN_000119,/root/autodl-tmp/axw/01_ani_foundation/canonical_genomes/STRAIN_000119.fa.gz,1856951,1,1856951,True,
STRAIN_000120,/root/autodl-tmp/axw/01_ani_foundation/canonical_genomes/STRAIN_000120.fa.gz,1894360,1,1894360,True,
STRAIN_000121,/root/autodl-tmp/axw/01_ani_foundation/canonical_genomes/STRAIN_000121.fa.gz,2075763,2,2038396,True,
STRAIN_000122,/root/autodl-tmp/axw/01_ani_foundation/canonical_genomes/STRAIN_000122.fa.gz,2340228,3,2291220,True,
STRAIN_000123,/root/autodl-tmp/axw/01_ani_foundation/canonical_genomes/STRAIN_000123.fa.gz,1864178,3,1856368,True,
STRAIN_000124,/root/autodl-tmp/axw/01_ani_foundation/canonical_genomes/STRAIN_000124.fa.gz,1832387,1,1832387,True,
STRAIN_000125,/root/autodl-tmp/axw/01_ani_foundation/canonical_genomes/STRAIN_000125.fa.gz,2924325,2,2895264,True,
STRAIN_000126,/root/autodl-tmp/axw/01_ani_foundation/canonical_genomes/STRAIN_000126.fa.gz,2598348,6,2438589,True,
STRAIN_000127,/root/autodl-tmp/axw/01_ani_foundation/canonical_genomes/STRAIN_000127.fa.gz,2080931,1,2080931,True,
STRAIN_000128,/root/autodl-tmp/axw/01_ani_foundation/canonical_genomes/STRAIN_000128.fa.gz,4676461,2,4518712,True,
STRAIN_000129,/root/autodl-tmp/axw/01_ani_foundation/canonical_genomes/STRAIN_000129.fa.gz,1999618,1,1999618,True,
STRAIN_000130,/root/autodl-tmp/axw/01_ani_foundation/canonical_genomes/STRAIN_000130.fa.gz,4817463,2,4639821,True,
STRAIN_000131,/root/autodl-tmp/axw/01_ani_foundation/canonical_genomes/STRAIN_000131.fa.gz,2846746,1,2846746,True,
STRAIN_000132,/root/autodl-tmp/axw/01_ani_foundation/canonical_genomes/STRAIN_000132.fa.gz,2898456,2,2861969,True,
STRAIN_000133,/root/autodl-tmp/axw/01_ani_foundation/canonical_genomes/STRAIN_000133.fa.gz,5957605,1,5957605,True,
STRAIN_000134,/root/autodl-tmp/axw/01_ani_foundation/canonical_genomes/STRAIN_000134.fa.gz,2664102,1,2664102,True,
STRAIN_000135,/root/autodl-tmp/axw/01_ani_foundation/canonical_genomes/STRAIN_000135.fa.gz,2832748,1,2832748,True,
STRAIN_000136,/root/autodl-tmp/axw/01_ani_foundation/canonical_genomes/STRAIN_000136.fa.gz,3914947,2,3887492,True,
STRAIN_000137,/root/autodl-tmp/axw/01_ani_foundation/canonical_genomes/STRAIN_000137.fa.gz,1933695,1,1933695,True,
STRAIN_000138,/root/autodl-tmp/axw/01_ani_foundation/canonical_genomes/STRAIN_000138.fa.gz,1938709,1,1938709,True,
STRAIN_000139,/root/autodl-tmp/axw/01_ani_foundation/canonical_genomes/STRAIN_000139.fa.gz,1938483,1,1938483,True,
STRAIN_000140,/root/autodl-tmp/axw/01_ani_foundation/canonical_genomes/STRAIN_000140.fa.gz,3197759,1,3197759,True,
STRAIN_000141,/root/autodl-tmp/axw/01_ani_foundation/canonical_genomes/STRAIN_000141.fa.gz,2501097,1,2501097,True,
STRAIN_000142,/root/autodl-tmp/axw/01_ani_foundation/canonical_genomes/STRAIN_000142.fa.gz,7184930,1,7184930,True,
STRAIN_000143,/root/autodl-tmp/axw/01_ani_foundation/canonical_genomes/STRAIN_000143.fa.gz,2636367,1,2636367,True,
STRAIN_000144,/root/autodl-tmp/axw/01_ani_foundation/canonical_genomes/STRAIN_000144.fa.gz,2635654,2,2598144,True,
STRAIN_000145,/root/autodl-tmp/axw/01_ani_foundation/canonical_genomes/STRAIN_000145.fa.gz,1944152,1,1944152,True,
STRAIN_000146,/root/autodl-tmp/axw/01_ani_foundation/canonical_genomes/STRAIN_000146.fa.gz,4727255,3,4296230,True,
STRAIN_000147,/root/autodl-tmp/axw/01_ani_foundation/canonical_genomes/STRAIN_000147.fa.gz,5241700,2,5205140,True,
STRAIN_000148,/root/autodl-tmp/axw/01_ani_foundation/canonical_genomes/STRAIN_000148.fa.gz,4067864,6,3883467,True,
STRAIN_000149,/root/autodl-tmp/axw/01_ani_foundation/canonical_genomes/STRAIN_000149.fa.gz,3079196,1,3079196,True,
STRAIN_000150,/root/autodl-tmp/axw/01_ani_foundation/canonical_genomes/STRAIN_000150.fa.gz,3010111,1,3010111,True,
STRAIN_000151,/root/autodl-tmp/axw/01_ani_foundation/canonical_genomes/STRAIN_000151.fa.gz,3033106,2,2968598,True,
STRAIN_000152,/root/autodl-tmp/axw/01_ani_foundation/canonical_genomes/STRAIN_000152.fa.gz,3598621,1,3598621,True,
STRAIN_000153,/root/autodl-tmp/axw/01_ani_foundation/canonical_genomes/STRAIN_000153.fa.gz,1864998,1,1864998,True,
STRAIN_000154,/root/autodl-tmp/axw/01_ani_foundation/canonical_genomes/STRAIN_000154.fa.gz,2616384,1,2616384,True,
STRAIN_000155,/root/autodl-tmp/axw/01_ani_foundation/canonical_genomes/STRAIN_000155.fa.gz,2477838,1,2477838,True,
STRAIN_000156,/root/autodl-tmp/axw/01_ani_foundation/canonical_genomes/STRAIN_000156.fa.gz,1944050,1,1944050,True,
STRAIN_000157,/root/autodl-tmp/axw/01_ani_foundation/canonical_genomes/STRAIN_000157.fa.gz,2530294,1,2530294,True,
STRAIN_000158,/root/autodl-tmp/axw/01_ani_foundation/canonical_genomes/STRAIN_000158.fa.gz,2136138,4,1828169,True,
STRAIN_000159,/root/autodl-tmp/axw/01_ani_foundation/canonical_genomes/STRAIN_000159.fa.gz,3212261,9,693713,True,
STRAIN_000160,/root/autodl-tmp/axw/01_ani_foundation/canonical_genomes/STRAIN_000160.fa.gz,7025559,1,7025559,True,
STRAIN_000161,/root/autodl-tmp/axw/01_ani_foundation/canonical_genomes/STRAIN_000161.fa.gz,2645781,10,2431709,True,
STRAIN_000162,/root/autodl-tmp/axw/01_ani_foundation/canonical_genomes/STRAIN_000162.fa.gz,3307936,2,3254376,True,
STRAIN_000163,/root/autodl-tmp/axw/01_ani_foundation/canonical_genomes/STRAIN_000163.fa.gz,2389110,40,994221,True,
STRAIN_000164,/root/autodl-tmp/axw/01_ani_foundation/canonical_genomes/STRAIN_000164.fa.gz,4227134,4,3821831,True,
STRAIN_000165,/root/autodl-tmp/axw/01_ani_foundation/canonical_genomes/STRAIN_000165.fa.gz,4187615,1,4187615,True,
STRAIN_000166,/root/autodl-tmp/axw/01_ani_foundation/canonical_genomes/STRAIN_000166.fa.gz,4214643,1,4214643,True,
STRAIN_000167,/root/autodl-tmp/axw/01_ani_foundation/canonical_genomes/STRAIN_000167.fa.gz,2202695,9,1497472,True,
STRAIN_000168,/root/autodl-tmp/axw/01_ani_foundation/canonical_genomes/STRAIN_000168.fa.gz,3025352,3,2939026,True,
STRAIN_000169,/root/autodl-tmp/axw/01_ani_foundation/canonical_genomes/STRAIN_000169.fa.gz,2331386,103,1384428,True,
STRAIN_000170,/root/autodl-tmp/axw/01_ani_foundation/canonical_genomes/STRAIN_000170.fa.gz,1867005,74,342590,True,
STRAIN_000171,/root/autodl-tmp/axw/01_ani_foundation/canonical_genomes/STRAIN_000171.fa.gz,2017251,32,747243,True,
STRAIN_000172,/root/autodl-tmp/axw/01_ani_foundation/canonical_genomes/STRAIN_000172.fa.gz,2316838,5,2264399,True,
STRAIN_000173,/root/autodl-tmp/axw/01_ani_foundation/canonical_genomes/STRAIN_000173.fa.gz,2020500,38,1227701,True,
STRAIN_000174,/root/autodl-tmp/axw/01_ani_foundation/canonical_genomes/STRAIN_000174.fa.gz,2015721,95,795806,True,
STRAIN_000175,/root/autodl-tmp/axw/01_ani_foundation/canonical_genomes/STRAIN_000175.fa.gz,2186882,1,2186882,True,
STRAIN_000176,/root/autodl-tmp/axw/01_ani_foundation/canonical_genomes/STRAIN_000176.fa.gz,2129206,1,2129206,True,
STRAIN_000177,/root/autodl-tmp/axw/01_ani_foundation/canonical_genomes/STRAIN_000177.fa.gz,2364583,25,477166,True,
STRAIN_000178,/root/autodl-tmp/axw/01_ani_foundation/canonical_genomes/STRAIN_000178.fa.gz,2214656,1,2214656,True,
STRAIN_000179,/root/autodl-tmp/axw/01_ani_foundation/canonical_genomes/STRAIN_000179.fa.gz,2265943,1,2265943,True,
STRAIN_000180,/root/autodl-tmp/axw/01_ani_foundation/canonical_genomes/STRAIN_000180.fa.gz,2305557,2,1576206,True,
STRAIN_000181,/root/autodl-tmp/axw/01_ani_foundation/canonical_genomes/STRAIN_000181.fa.gz,2992972,2,2961421,True,
STRAIN_000182,/root/autodl-tmp/axw/01_ani_foundation/canonical_genomes/STRAIN_000182.fa.gz,6312783,6,4368708,True,
STRAIN_000183,/root/autodl-tmp/axw/01_ani_foundation/canonical_genomes/STRAIN_000183.fa.gz,2131976,2,2125753,True,
STRAIN_000184,/root/autodl-tmp/axw/01_ani_foundation/canonical_genomes/STRAIN_000184.fa.gz,1831949,1,1831949,True,
STRAIN_000185,/root/autodl-tmp/axw/01_ani_foundation/canonical_genomes/STRAIN_000185.fa.gz,4292969,80,4214598,True,
STRAIN_000186,/root/autodl-tmp/axw/01_ani_foundation/canonical_genomes/STRAIN_000186.fa.gz,5614252,3,4864217,True,
STRAIN_000187,/root/autodl-tmp/axw/01_ani_foundation/canonical_genomes/STRAIN_000187.fa.gz,2172383,2,2145899,True,
STRAIN_000188,/root/autodl-tmp/axw/01_ani_foundation/canonical_genomes/STRAIN_000188.fa.gz,1872918,1,1872918,True,
STRAIN_000189,/root/autodl-tmp/axw/01_ani_foundation/canonical_genomes/STRAIN_000189.fa.gz,2518737,6,2399458,True,
STRAIN_000190,/root/autodl-tmp/axw/01_ani_foundation/canonical_genomes/STRAIN_000190.fa.gz,3127288,2,3069926,True,
STRAIN_000191,/root/autodl-tmp/axw/01_ani_foundation/canonical_genomes/STRAIN_000191.fa.gz,3077434,2,3039042,True,
STRAIN_000192,/root/autodl-tmp/axw/01_ani_foundation/canonical_genomes/STRAIN_000192.fa.gz,2524513,2543,16111,True,
STRAIN_000193,/root/autodl-tmp/axw/01_ani_foundation/canonical_genomes/STRAIN_000193.fa.gz,2685399,2,2635294,True,
STRAIN_000194,/root/autodl-tmp/axw/01_ani_foundation/canonical_genomes/STRAIN_000194.fa.gz,5467641,2,5459214,True,
STRAIN_000195,/root/autodl-tmp/axw/01_ani_foundation/canonical_genomes/STRAIN_000195.fa.gz,3782950,1,3782950,True,
STRAIN_000196,/root/autodl-tmp/axw/01_ani_foundation/canonical_genomes/STRAIN_000196.fa.gz,2385164,1,2385164,True,
STRAIN_000197,/root/autodl-tmp/axw/01_ani_foundation/canonical_genomes/STRAIN_000197.fa.gz,2408831,3,2400312,True,
STRAIN_000198,/root/autodl-tmp/axw/01_ani_foundation/canonical_genomes/STRAIN_000198.fa.gz,3980199,1,3980199,True,
STRAIN_000199,/root/autodl-tmp/axw/01_ani_foundation/canonical_genomes/STRAIN_000199.fa.gz,3348624,4,3308273,True,
STRAIN_000200,/root/autodl-tmp/axw/01_ani_foundation/canonical_genomes/STRAIN_000200.fa.gz,2384987,1,2384987,True,
STRAIN_000201,/root/autodl-tmp/axw/01_ani_foundation/canonical_genomes/STRAIN_000201.fa.gz,2354088,3,2113023,True,
STRAIN_000202,/root/autodl-tmp/axw/01_ani_foundation/canonical_genomes/STRAIN_000202.fa.gz,2395764,3,2385301,True,
STRAIN_000203,/root/autodl-tmp/axw/01_ani_foundation/canonical_genomes/STRAIN_000203.fa.gz,1441470,2,1422478,True,
STRAIN_000204,/root/autodl-tmp/axw/01_ani_foundation/canonical_genomes/STRAIN_000204.fa.gz,2422684,1,2422684,True,
STRAIN_000205,/root/autodl-tmp/axw/01_ani_foundation/canonical_genomes/STRAIN_000205.fa.gz,1943113,1,1943113,True,
STRAIN_000206,/root/autodl-tmp/axw/01_ani_foundation/canonical_genomes/STRAIN_000206.fa.gz,1938583,1,1938583,True,
STRAIN_000207,/root/autodl-tmp/axw/01_ani_foundation/canonical_genomes/STRAIN_000207.fa.gz,2325981,6,1300035,True,
STRAIN_000208,/root/autodl-tmp/axw/01_ani_foundation/canonical_genomes/STRAIN_000208.fa.gz,2386233,47,294354,True,
STRAIN_000209,/root/autodl-tmp/axw/01_ani_foundation/canonical_genomes/STRAIN_000209.fa.gz,2860691,188,133793,True,
STRAIN_000210,/root/autodl-tmp/axw/01_ani_foundation/canonical_genomes/STRAIN_000210.fa.gz,4011949,1,4011949,True,
STRAIN_000211,/root/autodl-tmp/axw/01_ani_foundation/canonical_genomes/STRAIN_000211.fa.gz,2900620,10,983797,True,
STRAIN_000212,/root/autodl-tmp/axw/01_ani_foundation/canonical_genomes/STRAIN_000212.fa.gz,2091243,3,1943635,True,
STRAIN_000213,/root/autodl-tmp/axw/01_ani_foundation/canonical_genomes/STRAIN_000213.fa.gz,2577104,5,2452616,True,
STRAIN_000214,/root/autodl-tmp/axw/01_ani_foundation/canonical_genomes/STRAIN_000214.fa.gz,3207224,10,832807,True,
STRAIN_000215,/root/autodl-tmp/axw/01_ani_foundation/canonical_genomes/STRAIN_000215.fa.gz,2434610,2,2326299,True,
STRAIN_000216,/root/autodl-tmp/axw/01_ani_foundation/canonical_genomes/STRAIN_000216.fa.gz,1929905,1,1929905,True,
STRAIN_000217,/root/autodl-tmp/axw/01_ani_foundation/canonical_genomes/STRAIN_000217.fa.gz,1932693,1,1932693,True,
STRAIN_000218,/root/autodl-tmp/axw/01_ani_foundation/canonical_genomes/STRAIN_000218.fa.gz,6019547,2,5962570,True,
STRAIN_000219,/root/autodl-tmp/axw/01_ani_foundation/canonical_genomes/STRAIN_000219.fa.gz,1848520,1,1848520,True,
STRAIN_000220,/root/autodl-tmp/axw/01_ani_foundation/canonical_genomes/STRAIN_000220.fa.gz,2223664,1,2223664,True,
STRAIN_000221,/root/autodl-tmp/axw/01_ani_foundation/canonical_genomes/STRAIN_000221.fa.gz,2828958,1,2828958,True,
STRAIN_000222,/root/autodl-tmp/axw/01_ani_foundation/canonical_genomes/STRAIN_000222.fa.gz,1938595,1,1938595,True,
STRAIN_000223,/root/autodl-tmp/axw/01_ani_foundation/canonical_genomes/STRAIN_000223.fa.gz,1938822,1,1938822,True,
STRAIN_000224,/root/autodl-tmp/axw/01_ani_foundation/canonical_genomes/STRAIN_000224.fa.gz,2474718,1,2474718,True,
STRAIN_000225,/root/autodl-tmp/axw/01_ani_foundation/canonical_genomes/STRAIN_000225.fa.gz,2562720,1,2562720,True,
STRAIN_000226,/root/autodl-tmp/axw/01_ani_foundation/canonical_genomes/STRAIN_000226.fa.gz,2426359,7,1489429,True,
STRAIN_000227,/root/autodl-tmp/axw/01_ani_foundation/canonical_genomes/STRAIN_000227.fa.gz,2167304,1,2167304,True,
STRAIN_000228,/root/autodl-tmp/axw/01_ani_foundation/canonical_genomes/STRAIN_000228.fa.gz,2907892,1,2907892,True,
STRAIN_000229,/root/autodl-tmp/axw/01_ani_foundation/canonical_genomes/STRAIN_000229.fa.gz,2457347,9,2250427,True,
STRAIN_000230,/root/autodl-tmp/axw/01_ani_foundation/canonical_genomes/STRAIN_000230.fa.gz,3132096,2,3075780,True,
STRAIN_000231,/root/autodl-tmp/axw/01_ani_foundation/canonical_genomes/STRAIN_000231.fa.gz,4043754,1,4043754,True,
STRAIN_000232,/root/autodl-tmp/axw/01_ani_foundation/canonical_genomes/STRAIN_000232.fa.gz,1609365,143,76153,True,
STRAIN_000233,/root/autodl-tmp/axw/01_ani_foundation/canonical_genomes/STRAIN_000233.fa.gz,3299755,4,3203964,True,
STRAIN_000234,/root/autodl-tmp/axw/01_ani_foundation/canonical_genomes/STRAIN_000234.fa.gz,2421471,1,2421471,True,
STRAIN_000235,/root/autodl-tmp/axw/01_ani_foundation/canonical_genomes/STRAIN_000235.fa.gz,4215610,1,4215610,True,
STRAIN_000236,/root/autodl-tmp/axw/01_ani_foundation/canonical_genomes/STRAIN_000236.fa.gz,2291643,1,2291643,True,
STRAIN_000237,/root/autodl-tmp/axw/01_ani_foundation/canonical_genomes/STRAIN_000237.fa.gz,4021944,1,4021944,True,
STRAIN_000238,/root/autodl-tmp/axw/01_ani_foundation/canonical_genomes/STRAIN_000238.fa.gz,2587877,10,2395134,True,
STRAIN_000239,/root/autodl-tmp/axw/01_ani_foundation/canonical_genomes/STRAIN_000239.fa.gz,3102374,2,3042753,True,
STRAIN_000240,/root/autodl-tmp/axw/01_ani_foundation/canonical_genomes/STRAIN_000240.fa.gz,1991579,1,1991579,True,
STRAIN_000241,/root/autodl-tmp/axw/01_ani_foundation/canonical_genomes/STRAIN_000241.fa.gz,3246630,8,3035719,True,
STRAIN_000242,/root/autodl-tmp/axw/01_ani_foundation/canonical_genomes/STRAIN_000242.fa.gz,2064620,1,2064620,True,
STRAIN_000243,/root/autodl-tmp/axw/01_ani_foundation/canonical_genomes/STRAIN_000243.fa.gz,3128276,2,3068655,True,
STRAIN_000244,/root/autodl-tmp/axw/01_ani_foundation/canonical_genomes/STRAIN_000244.fa.gz,2093275,7,1947706,True,
STRAIN_000245,/root/autodl-tmp/axw/01_ani_foundation/canonical_genomes/STRAIN_000245.fa.gz,3361015,11,3044678,True,
STRAIN_000246,/root/autodl-tmp/axw/01_ani_foundation/canonical_genomes/STRAIN_000246.fa.gz,1944036,1,1944036,True,
STRAIN_000247,/root/autodl-tmp/axw/01_ani_foundation/canonical_genomes/STRAIN_000247.fa.gz,3417091,218,465584,True,
STRAIN_000248,/root/autodl-tmp/axw/01_ani_foundation/canonical_genomes/STRAIN_000248.fa.gz,2883376,1,2883376,True,
STRAIN_000249,/root/autodl-tmp/axw/01_ani_foundation/canonical_genomes/STRAIN_000249.fa.gz,3143369,2,3113601,True,
STRAIN_000250,/root/autodl-tmp/axw/01_ani_foundation/canonical_genomes/STRAIN_000250.fa.gz,2225962,1,2225962,True,
STRAIN_000251,/root/autodl-tmp/axw/01_ani_foundation/canonical_genomes/STRAIN_000251.fa.gz,2145445,1,2145445,True,
STRAIN_000252,/root/autodl-tmp/axw/01_ani_foundation/canonical_genomes/STRAIN_000252.fa.gz,2201251,27,272948,True,
STRAIN_000253,/root/autodl-tmp/axw/01_ani_foundation/canonical_genomes/STRAIN_000253.fa.gz,2330492,2,2297851,True,
STRAIN_000254,/root/autodl-tmp/axw/01_ani_foundation/canonical_genomes/STRAIN_000254.fa.gz,3068696,595,67226,True,
STRAIN_000255,/root/autodl-tmp/axw/01_ani_foundation/canonical_genomes/STRAIN_000255.fa.gz,2427048,1,2427048,True,
STRAIN_000256,/root/autodl-tmp/axw/01_ani_foundation/canonical_genomes/STRAIN_000256.fa.gz,2473047,86,176320,True,
STRAIN_000257,/root/autodl-tmp/axw/01_ani_foundation/canonical_genomes/STRAIN_000257.fa.gz,1991758,27,552040,True,
STRAIN_000258,/root/autodl-tmp/axw/01_ani_foundation/canonical_genomes/STRAIN_000258.fa.gz,1963012,1,1963012,True,
STRAIN_000259,/root/autodl-tmp/axw/01_ani_foundation/canonical_genomes/STRAIN_000259.fa.gz,1815647,250,73860,True,
STRAIN_000260,/root/autodl-tmp/axw/01_ani_foundation/canonical_genomes/STRAIN_000260.fa.gz,2925584,145,111877,True,
STRAIN_000261,/root/autodl-tmp/axw/01_ani_foundation/canonical_genomes/STRAIN_000261.fa.gz,2566297,116,2099664,True,
STRAIN_000262,/root/autodl-tmp/axw/01_ani_foundation/canonical_genomes/STRAIN_000262.fa.gz,2592264,2,2554693,True,
STRAIN_000263,/root/autodl-tmp/axw/01_ani_foundation/canonical_genomes/STRAIN_000263.fa.gz,2760872,7,2589250,True,
STRAIN_000264,/root/autodl-tmp/axw/01_ani_foundation/canonical_genomes/STRAIN_000264.fa.gz,1789138,1,1789138,True,
STRAIN_000265,/root/autodl-tmp/axw/01_ani_foundation/canonical_genomes/STRAIN_000265.fa.gz,2372966,1,2372966,True,
STRAIN_000266,/root/autodl-tmp/axw/01_ani_foundation/canonical_genomes/STRAIN_000266.fa.gz,1970999,124,136903,True,
STRAIN_000267,/root/autodl-tmp/axw/01_ani_foundation/canonical_genomes/STRAIN_000267.fa.gz,2592265,183,136659,True,
STRAIN_000268,/root/autodl-tmp/axw/01_ani_foundation/canonical_genomes/STRAIN_000268.fa.gz,3186676,162,228744,True,
STRAIN_000269,/root/autodl-tmp/axw/01_ani_foundation/canonical_genomes/STRAIN_000269.fa.gz,1753460,5,1736780,True,
STRAIN_000270,/root/autodl-tmp/axw/01_ani_foundation/canonical_genomes/STRAIN_000270.fa.gz,1782129,4,1778760,True,
STRAIN_000271,/root/autodl-tmp/axw/01_ani_foundation/canonical_genomes/STRAIN_000271.fa.gz,1828225,6,1820209,True,
STRAIN_000272,/root/autodl-tmp/axw/01_ani_foundation/canonical_genomes/STRAIN_000272.fa.gz,1871119,1,1871119,True,
STRAIN_000273,/root/autodl-tmp/axw/01_ani_foundation/canonical_genomes/STRAIN_000273.fa.gz,2240722,6,1121499,True,
STRAIN_000274,/root/autodl-tmp/axw/01_ani_foundation/canonical_genomes/STRAIN_000274.fa.gz,2288919,1,2288919,True,
STRAIN_000275,/root/autodl-tmp/axw/01_ani_foundation/canonical_genomes/STRAIN_000275.fa.gz,2315904,1,2315904,True,
STRAIN_000276,/root/autodl-tmp/axw/01_ani_foundation/canonical_genomes/STRAIN_000276.fa.gz,1789314,7,1782640,True,
STRAIN_000277,/root/autodl-tmp/axw/01_ani_foundation/canonical_genomes/STRAIN_000277.fa.gz,1889556,16,1834035,True,
STRAIN_000278,/root/autodl-tmp/axw/01_ani_foundation/canonical_genomes/STRAIN_000278.fa.gz,3064279,5,2938059,True,
STRAIN_000279,/root/autodl-tmp/axw/01_ani_foundation/canonical_genomes/STRAIN_000279.fa.gz,1959887,77,1923368,True,
STRAIN_000280,/root/autodl-tmp/axw/01_ani_foundation/canonical_genomes/STRAIN_000280.fa.gz,2780019,178,126593,True,
STRAIN_000281,/root/autodl-tmp/axw/01_ani_foundation/canonical_genomes/STRAIN_000281.fa.gz,2934843,63,202159,True,
STRAIN_000282,/root/autodl-tmp/axw/01_ani_foundation/canonical_genomes/STRAIN_000282.fa.gz,1931057,1,1931057,True,
STRAIN_000283,/root/autodl-tmp/axw/01_ani_foundation/canonical_genomes/STRAIN_000283.fa.gz,1845495,1,1845495,True,
STRAIN_000284,/root/autodl-tmp/axw/01_ani_foundation/canonical_genomes/STRAIN_000284.fa.gz,4188369,1,4188369,True,
STRAIN_000285,/root/autodl-tmp/axw/01_ani_foundation/canonical_genomes/STRAIN_000285.fa.gz,4193640,1,4193640,True,
STRAIN_000286,/root/autodl-tmp/axw/01_ani_foundation/canonical_genomes/STRAIN_000286.fa.gz,2051152,10,824571,True,
STRAIN_000287,/root/autodl-tmp/axw/01_ani_foundation/canonical_genomes/STRAIN_000287.fa.gz,4039155,1,4039155,True,
STRAIN_000288,/root/autodl-tmp/axw/01_ani_foundation/canonical_genomes/STRAIN_000288.fa.gz,2328179,23,548016,True,
STRAIN_000289,/root/autodl-tmp/axw/01_ani_foundation/canonical_genomes/STRAIN_000289.fa.gz,3031620,83,194806,True,
STRAIN_000290,/root/autodl-tmp/axw/01_ani_foundation/canonical_genomes/STRAIN_000290.fa.gz,2066054,25,628010,True,
STRAIN_000291,/root/autodl-tmp/axw/01_ani_foundation/canonical_genomes/STRAIN_000291.fa.gz,2564809,38,315514,True,
STRAIN_000292,/root/autodl-tmp/axw/01_ani_foundation/canonical_genomes/STRAIN_000292.fa.gz,3324076,33,489345,True,
STRAIN_000293,/root/autodl-tmp/axw/01_ani_foundation/canonical_genomes/STRAIN_000293.fa.gz,2497121,357,43367,True,
STRAIN_000294,/root/autodl-tmp/axw/01_ani_foundation/canonical_genomes/STRAIN_000294.fa.gz,2203222,1,2203222,True,
STRAIN_000295,/root/autodl-tmp/axw/01_ani_foundation/canonical_genomes/STRAIN_000295.fa.gz,2208468,2,1642032,True,
STRAIN_000296,/root/autodl-tmp/axw/01_ani_foundation/canonical_genomes/STRAIN_000296.fa.gz,2384703,8,1052891,True,
STRAIN_000297,/root/autodl-tmp/axw/01_ani_foundation/canonical_genomes/STRAIN_000297.fa.gz,2304613,15,828401,True,
STRAIN_000298,/root/autodl-tmp/axw/01_ani_foundation/canonical_genomes/STRAIN_000298.fa.gz,2099496,12,587506,True,
STRAIN_000299,/root/autodl-tmp/axw/01_ani_foundation/canonical_genomes/STRAIN_000299.fa.gz,2922140,90,264334,True,
STRAIN_000300,/root/autodl-tmp/axw/01_ani_foundation/canonical_genomes/STRAIN_000300.fa.gz,1980298,36,292794,True,
STRAIN_000301,/root/autodl-tmp/axw/01_ani_foundation/canonical_genomes/STRAIN_000301.fa.gz,3507828,7,3364521,True,
STRAIN_000302,/root/autodl-tmp/axw/01_ani_foundation/canonical_genomes/STRAIN_000302.fa.gz,3313644,4,3257132,True,
STRAIN_000303,/root/autodl-tmp/axw/01_ani_foundation/canonical_genomes/STRAIN_000303.fa.gz,2284490,72,768668,True,
STRAIN_000304,/root/autodl-tmp/axw/01_ani_foundation/canonical_genomes/STRAIN_000304.fa.gz,2202787,50,358666,True,
STRAIN_000305,/root/autodl-tmp/axw/01_ani_foundation/canonical_genomes/STRAIN_000305.fa.gz,2337521,1,2337521,True,
STRAIN_000306,/root/autodl-tmp/axw/01_ani_foundation/canonical_genomes/STRAIN_000306.fa.gz,2032698,1,2032698,True,
STRAIN_000307,/root/autodl-tmp/axw/01_ani_foundation/canonical_genomes/STRAIN_000307.fa.gz,2488699,1,2488699,True,
STRAIN_000308,/root/autodl-tmp/axw/01_ani_foundation/canonical_genomes/STRAIN_000308.fa.gz,2723202,9,2503991,True,
STRAIN_000309,/root/autodl-tmp/axw/01_ani_foundation/canonical_genomes/STRAIN_000309.fa.gz,1946899,1,1946899,True,
STRAIN_000310,/root/autodl-tmp/axw/01_ani_foundation/canonical_genomes/STRAIN_000310.fa.gz,1958651,1,1958651,True,
STRAIN_000311,/root/autodl-tmp/axw/01_ani_foundation/canonical_genomes/STRAIN_000311.fa.gz,5192286,7,4591803,True,
STRAIN_000312,/root/autodl-tmp/axw/01_ani_foundation/canonical_genomes/STRAIN_000312.fa.gz,2173720,1,2173720,True,
STRAIN_000313,/root/autodl-tmp/axw/01_ani_foundation/canonical_genomes/STRAIN_000313.fa.gz,1938624,1,1938624,True,
STRAIN_000314,/root/autodl-tmp/axw/01_ani_foundation/canonical_genomes/STRAIN_000314.fa.gz,4195102,1,4195102,True,
STRAIN_000315,/root/autodl-tmp/axw/01_ani_foundation/canonical_genomes/STRAIN_000315.fa.gz,3017804,3,2995875,True,
STRAIN_000316,/root/autodl-tmp/axw/01_ani_foundation/canonical_genomes/STRAIN_000316.fa.gz,2952961,3,2924929,True,
STRAIN_000317,/root/autodl-tmp/axw/01_ani_foundation/canonical_genomes/STRAIN_000317.fa.gz,2290145,1,2290145,True,
STRAIN_000318,/root/autodl-tmp/axw/01_ani_foundation/canonical_genomes/STRAIN_000318.fa.gz,3371458,47,438717,True,
STRAIN_000319,/root/autodl-tmp/axw/01_ani_foundation/canonical_genomes/STRAIN_000319.fa.gz,3366995,1,3366995,True,
STRAIN_000320,/root/autodl-tmp/axw/01_ani_foundation/canonical_genomes/STRAIN_000320.fa.gz,2545792,88,468991,True,
STRAIN_000321,/root/autodl-tmp/axw/01_ani_foundation/canonical_genomes/STRAIN_000321.fa.gz,1746939,10,1736449,True,
STRAIN_000322,/root/autodl-tmp/axw/01_ani_foundation/canonical_genomes/STRAIN_000322.fa.gz,1844433,15,1789956,True,
STRAIN_000323,/root/autodl-tmp/axw/01_ani_foundation/canonical_genomes/STRAIN_000323.fa.gz,2435429,99,136662,True,
STRAIN_000324,/root/autodl-tmp/axw/01_ani_foundation/canonical_genomes/STRAIN_000324.fa.gz,3624641,1,3624641,True,
STRAIN_000325,/root/autodl-tmp/axw/01_ani_foundation/canonical_genomes/STRAIN_000325.fa.gz,3310674,3,3284260,True,
STRAIN_000326,/root/autodl-tmp/axw/01_ani_foundation/canonical_genomes/STRAIN_000326.fa.gz,2889314,71,238997,True,
STRAIN_000327,/root/autodl-tmp/axw/01_ani_foundation/canonical_genomes/STRAIN_000327.fa.gz,1991969,1,1991969,True,
STRAIN_000328,/root/autodl-tmp/axw/01_ani_foundation/canonical_genomes/STRAIN_000328.fa.gz,2254339,6,1743969,True,
STRAIN_000329,/root/autodl-tmp/axw/01_ani_foundation/canonical_genomes/STRAIN_000329.fa.gz,3023416,92,314474,True,
STRAIN_000330,/root/autodl-tmp/axw/01_ani_foundation/canonical_genomes/STRAIN_000330.fa.gz,3237330,178,200934,True,
STRAIN_000331,/root/autodl-tmp/axw/01_ani_foundation/canonical_genomes/STRAIN_000331.fa.gz,3292151,1436,148366,True,
STRAIN_000332,/root/autodl-tmp/axw/01_ani_foundation/canonical_genomes/STRAIN_000332.fa.gz,2106631,2,2096031,True,
STRAIN_000333,/root/autodl-tmp/axw/01_ani_foundation/canonical_genomes/STRAIN_000333.fa.gz,2098510,1,2098510,True,
STRAIN_000334,/root/autodl-tmp/axw/01_ani_foundation/canonical_genomes/STRAIN_000334.fa.gz,1861792,1,1861792,True,
STRAIN_000335,/root/autodl-tmp/axw/01_ani_foundation/canonical_genomes/STRAIN_000335.fa.gz,2966480,71,588029,True,
STRAIN_000336,/root/autodl-tmp/axw/01_ani_foundation/canonical_genomes/STRAIN_000336.fa.gz,3079349,174,150860,True,
STRAIN_000337,/root/autodl-tmp/axw/01_ani_foundation/canonical_genomes/STRAIN_000337.fa.gz,3325806,11,2312345,True,
STRAIN_000338,/root/autodl-tmp/axw/01_ani_foundation/canonical_genomes/STRAIN_000338.fa.gz,2084058,1,2084058,True,
STRAIN_000339,/root/autodl-tmp/axw/01_ani_foundation/canonical_genomes/STRAIN_000339.fa.gz,1850434,1,1850434,True,
STRAIN_000340,/root/autodl-tmp/axw/01_ani_foundation/canonical_genomes/STRAIN_000340.fa.gz,3330093,18,588024,True,
STRAIN_000341,/root/autodl-tmp/axw/01_ani_foundation/canonical_genomes/STRAIN_000341.fa.gz,1829655,55,260777,True,
STRAIN_000342,/root/autodl-tmp/axw/01_ani_foundation/canonical_genomes/STRAIN_000342.fa.gz,1822484,93,129762,True,
STRAIN_000343,/root/autodl-tmp/axw/01_ani_foundation/canonical_genomes/STRAIN_000343.fa.gz,2315664,34,521039,True,
STRAIN_000344,/root/autodl-tmp/axw/01_ani_foundation/canonical_genomes/STRAIN_000344.fa.gz,2633826,6,2400704,True,
STRAIN_000345,/root/autodl-tmp/axw/01_ani_foundation/canonical_genomes/STRAIN_000345.fa.gz,3001027,26,784830,True,
STRAIN_000346,/root/autodl-tmp/axw/01_ani_foundation/canonical_genomes/STRAIN_000346.fa.gz,2223105,10,863792,True,
STRAIN_000347,/root/autodl-tmp/axw/01_ani_foundation/canonical_genomes/STRAIN_000347.fa.gz,2360966,9,786960,True,
STRAIN_000348,/root/autodl-tmp/axw/01_ani_foundation/canonical_genomes/STRAIN_000348.fa.gz,2310178,34,222722,True,
STRAIN_000349,/root/autodl-tmp/axw/01_ani_foundation/canonical_genomes/STRAIN_000349.fa.gz,2211039,1,2211039,True,
STRAIN_000350,/root/autodl-tmp/axw/01_ani_foundation/canonical_genomes/STRAIN_000350.fa.gz,2269415,1,2269415,True,
STRAIN_000351,/root/autodl-tmp/axw/01_ani_foundation/canonical_genomes/STRAIN_000351.fa.gz,2079525,1,2079525,True,
STRAIN_000352,/root/autodl-tmp/axw/01_ani_foundation/canonical_genomes/STRAIN_000352.fa.gz,2313752,1,2313752,True,
STRAIN_000353,/root/autodl-tmp/axw/01_ani_foundation/canonical_genomes/STRAIN_000353.fa.gz,3694837,1,3694837,True,
STRAIN_000354,/root/autodl-tmp/axw/01_ani_foundation/canonical_genomes/STRAIN_000354.fa.gz,2635669,1,2635669,True,
STRAIN_000355,/root/autodl-tmp/axw/01_ani_foundation/canonical_genomes/STRAIN_000355.fa.gz,2327220,128,148677,True,
STRAIN_000356,/root/autodl-tmp/axw/01_ani_foundation/canonical_genomes/STRAIN_000356.fa.gz,2467698,1,2467698,True,
STRAIN_000357,/root/autodl-tmp/axw/01_ani_foundation/canonical_genomes/STRAIN_000357.fa.gz,3004788,167,134389,True,
STRAIN_000358,/root/autodl-tmp/axw/01_ani_foundation/canonical_genomes/STRAIN_000358.fa.gz,2973347,5,2770411,True,
STRAIN_000359,/root/autodl-tmp/axw/01_ani_foundation/canonical_genomes/STRAIN_000359.fa.gz,3076437,1,3076437,True,
STRAIN_000360,/root/autodl-tmp/axw/01_ani_foundation/canonical_genomes/STRAIN_000360.fa.gz,1912453,18,530789,True,
STRAIN_000361,/root/autodl-tmp/axw/01_ani_foundation/canonical_genomes/STRAIN_000361.fa.gz,1912379,18,530832,True,
STRAIN_000362,/root/autodl-tmp/axw/01_ani_foundation/canonical_genomes/STRAIN_000362.fa.gz,3273239,3,3156839,True,
STRAIN_000363,/root/autodl-tmp/axw/01_ani_foundation/canonical_genomes/STRAIN_000363.fa.gz,3237652,1,3237652,True,
STRAIN_000364,/root/autodl-tmp/axw/01_ani_foundation/canonical_genomes/STRAIN_000364.fa.gz,1876516,1,1876516,True,
STRAIN_000365,/root/autodl-tmp/axw/01_ani_foundation/canonical_genomes/STRAIN_000365.fa.gz,2578115,1,2578115,True,
STRAIN_000366,/root/autodl-tmp/axw/01_ani_foundation/canonical_genomes/STRAIN_000366.fa.gz,2210370,1,2210370,True,
STRAIN_000367,/root/autodl-tmp/axw/01_ani_foundation/canonical_genomes/STRAIN_000367.fa.gz,2426006,2,2421115,True,
STRAIN_000368,/root/autodl-tmp/axw/01_ani_foundation/canonical_genomes/STRAIN_000368.fa.gz,2455762,2,2453124,True,
STRAIN_000369,/root/autodl-tmp/axw/01_ani_foundation/canonical_genomes/STRAIN_000369.fa.gz,3198337,1,3198337,True,
STRAIN_000370,/root/autodl-tmp/axw/01_ani_foundation/canonical_genomes/STRAIN_000370.fa.gz,2011828,108,137244,True,
STRAIN_000371,/root/autodl-tmp/axw/01_ani_foundation/canonical_genomes/STRAIN_000371.fa.gz,1769014,85,145657,True,
STRAIN_000372,/root/autodl-tmp/axw/01_ani_foundation/canonical_genomes/STRAIN_000372.fa.gz,3503067,13,1586832,True,
STRAIN_000373,/root/autodl-tmp/axw/01_ani_foundation/canonical_genomes/STRAIN_000373.fa.gz,2160583,1,2160583,True,
STRAIN_000374,/root/autodl-tmp/axw/01_ani_foundation/canonical_genomes/STRAIN_000374.fa.gz,3231771,2,1956412,True,
STRAIN_000375,/root/autodl-tmp/axw/01_ani_foundation/canonical_genomes/STRAIN_000375.fa.gz,2393865,24,359291,True,
STRAIN_000376,/root/autodl-tmp/axw/01_ani_foundation/canonical_genomes/STRAIN_000376.fa.gz,3141590,1,3141590,True,
STRAIN_000377,/root/autodl-tmp/axw/01_ani_foundation/canonical_genomes/STRAIN_000377.fa.gz,1950408,73,159496,True,
STRAIN_000378,/root/autodl-tmp/axw/01_ani_foundation/canonical_genomes/STRAIN_000378.fa.gz,3224773,67,312995,True,
STRAIN_000379,/root/autodl-tmp/axw/01_ani_foundation/canonical_genomes/STRAIN_000379.fa.gz,2820682,139,189015,True,
STRAIN_000380,/root/autodl-tmp/axw/01_ani_foundation/canonical_genomes/STRAIN_000380.fa.gz,2474438,11,629071,True,
STRAIN_000381,/root/autodl-tmp/axw/01_ani_foundation/canonical_genomes/STRAIN_000381.fa.gz,1954043,30,404580,True,
STRAIN_000382,/root/autodl-tmp/axw/01_ani_foundation/canonical_genomes/STRAIN_000382.fa.gz,2057071,150,80409,True,
STRAIN_000383,/root/autodl-tmp/axw/01_ani_foundation/canonical_genomes/STRAIN_000383.fa.gz,2949099,38,350319,True,
STRAIN_000384,/root/autodl-tmp/axw/01_ani_foundation/canonical_genomes/STRAIN_000384.fa.gz,2383240,389,43276,True,
STRAIN_000385,/root/autodl-tmp/axw/01_ani_foundation/canonical_genomes/STRAIN_000385.fa.gz,3228096,14,1048781,True,
STRAIN_000386,/root/autodl-tmp/axw/01_ani_foundation/canonical_genomes/STRAIN_000386.fa.gz,2340989,1,2340989,True,
STRAIN_000387,/root/autodl-tmp/axw/01_ani_foundation/canonical_genomes/STRAIN_000387.fa.gz,2458004,1,2458004,True,
STRAIN_000388,/root/autodl-tmp/axw/01_ani_foundation/canonical_genomes/STRAIN_000388.fa.gz,4030837,1,4030837,True,
STRAIN_000389,/root/autodl-tmp/axw/01_ani_foundation/canonical_genomes/STRAIN_000389.fa.gz,1875071,1,1875071,True,
STRAIN_000390,/root/autodl-tmp/axw/01_ani_foundation/canonical_genomes/STRAIN_000390.fa.gz,3322458,3,3261418,True,
STRAIN_000391,/root/autodl-tmp/axw/01_ani_foundation/canonical_genomes/STRAIN_000391.fa.gz,2918888,1,2918888,True,
STRAIN_000392,/root/autodl-tmp/axw/01_ani_foundation/canonical_genomes/STRAIN_000392.fa.gz,1787436,1,1787436,True,
STRAIN_000393,/root/autodl-tmp/axw/01_ani_foundation/canonical_genomes/STRAIN_000393.fa.gz,2439005,50,256662,True,
STRAIN_000394,/root/autodl-tmp/axw/01_ani_foundation/canonical_genomes/STRAIN_000394.fa.gz,2591675,123,167250,True,
STRAIN_000395,/root/autodl-tmp/axw/01_ani_foundation/canonical_genomes/STRAIN_000395.fa.gz,4056281,1,4056281,True,
STRAIN_000396,/root/autodl-tmp/axw/01_ani_foundation/canonical_genomes/STRAIN_000396.fa.gz,2952218,1,2952218,True,
STRAIN_000397,/root/autodl-tmp/axw/01_ani_foundation/canonical_genomes/STRAIN_000397.fa.gz,3274606,4,3254946,True,
STRAIN_000398,/root/autodl-tmp/axw/01_ani_foundation/canonical_genomes/STRAIN_000398.fa.gz,2234097,1,2234097,True,
STRAIN_000399,/root/autodl-tmp/axw/01_ani_foundation/canonical_genomes/STRAIN_000399.fa.gz,3183959,57,270685,True,
STRAIN_000400,/root/autodl-tmp/axw/01_ani_foundation/canonical_genomes/STRAIN_000400.fa.gz,3342747,239,252811,True,
STRAIN_000401,/root/autodl-tmp/axw/01_ani_foundation/canonical_genomes/STRAIN_000401.fa.gz,2542511,51,872817,True,
STRAIN_000402,/root/autodl-tmp/axw/01_ani_foundation/canonical_genomes/STRAIN_000402.fa.gz,4597202,3,3794139,True,
STRAIN_000403,/root/autodl-tmp/axw/01_ani_foundation/canonical_genomes/STRAIN_000403.fa.gz,1963029,45,229710,True,
STRAIN_000404,/root/autodl-tmp/axw/01_ani_foundation/canonical_genomes/STRAIN_000404.fa.gz,3263715,4,3212951,True,
STRAIN_000405,/root/autodl-tmp/axw/01_ani_foundation/canonical_genomes/STRAIN_000405.fa.gz,3425292,6,3131750,True,
STRAIN_000406,/root/autodl-tmp/axw/01_ani_foundation/canonical_genomes/STRAIN_000406.fa.gz,3876919,1,3876919,True,
STRAIN_000407,/root/autodl-tmp/axw/01_ani_foundation/canonical_genomes/STRAIN_000407.fa.gz,3278495,166,260476,True,
STRAIN_000408,/root/autodl-tmp/axw/01_ani_foundation/canonical_genomes/STRAIN_000408.fa.gz,1856787,1,1856787,True,
STRAIN_000409,/root/autodl-tmp/axw/01_ani_foundation/canonical_genomes/STRAIN_000409.fa.gz,3354689,1,3354689,True,
STRAIN_000410,/root/autodl-tmp/axw/01_ani_foundation/canonical_genomes/STRAIN_000410.fa.gz,2552671,1,2552671,True,
STRAIN_000411,/root/autodl-tmp/axw/01_ani_foundation/canonical_genomes/STRAIN_000411.fa.gz,1791656,1,1791656,True,
STRAIN_000412,/root/autodl-tmp/axw/01_ani_foundation/canonical_genomes/STRAIN_000412.fa.gz,4211343,1,4211343,True,
STRAIN_000413,/root/autodl-tmp/axw/01_ani_foundation/canonical_genomes/STRAIN_000413.fa.gz,2058319,1,2058319,True,
STRAIN_000414,/root/autodl-tmp/axw/01_ani_foundation/canonical_genomes/STRAIN_000414.fa.gz,4214812,1,4214812,True,
STRAIN_000415,/root/autodl-tmp/axw/01_ani_foundation/canonical_genomes/STRAIN_000415.fa.gz,1899956,1,1899956,True,
STRAIN_000416,/root/autodl-tmp/axw/01_ani_foundation/canonical_genomes/STRAIN_000416.fa.gz,3128783,2,3119435,True,
STRAIN_000417,/root/autodl-tmp/axw/01_ani_foundation/canonical_genomes/STRAIN_000417.fa.gz,2264056,1,2264056,True,
STRAIN_000418,/root/autodl-tmp/axw/01_ani_foundation/canonical_genomes/STRAIN_000418.fa.gz,3455529,3,3388033,True,
STRAIN_000419,/root/autodl-tmp/axw/01_ani_foundation/canonical_genomes/STRAIN_000419.fa.gz,2934954,1,2934954,True,
STRAIN_000420,/root/autodl-tmp/axw/01_ani_foundation/canonical_genomes/STRAIN_000420.fa.gz,2884677,11,2410217,True,
STRAIN_000421,/root/autodl-tmp/axw/01_ani_foundation/canonical_genomes/STRAIN_000421.fa.gz,1940170,1,1940170,True,
STRAIN_000422,/root/autodl-tmp/axw/01_ani_foundation/canonical_genomes/STRAIN_000422.fa.gz,2421287,1,2421287,True,
STRAIN_000423,/root/autodl-tmp/axw/01_ani_foundation/canonical_genomes/STRAIN_000423.fa.gz,1949874,1,1949874,True,
STRAIN_000424,/root/autodl-tmp/axw/01_ani_foundation/canonical_genomes/STRAIN_000424.fa.gz,3165622,25,803927,True,
STRAIN_000425,/root/autodl-tmp/axw/01_ani_foundation/canonical_genomes/STRAIN_000425.fa.gz,2053066,1,2053066,True,
STRAIN_000426,/root/autodl-tmp/axw/01_ani_foundation/canonical_genomes/STRAIN_000426.fa.gz,4217945,1,4217945,True,
STRAIN_000427,/root/autodl-tmp/axw/01_ani_foundation/canonical_genomes/STRAIN_000427.fa.gz,3080303,102,405771,True,
STRAIN_000428,/root/autodl-tmp/axw/01_ani_foundation/canonical_genomes/STRAIN_000428.fa.gz,2894885,25,434456,True,
STRAIN_000429,/root/autodl-tmp/axw/01_ani_foundation/canonical_genomes/STRAIN_000429.fa.gz,2098685,1,2098685,True,
STRAIN_000430,/root/autodl-tmp/axw/01_ani_foundation/canonical_genomes/STRAIN_000430.fa.gz,1869510,1,1869510,True,
STRAIN_000431,/root/autodl-tmp/axw/01_ani_foundation/canonical_genomes/STRAIN_000431.fa.gz,2850353,6,2642169,True,
STRAIN_000432,/root/autodl-tmp/axw/01_ani_foundation/canonical_genomes/STRAIN_000432.fa.gz,3576440,15,3235952,True,
STRAIN_000433,/root/autodl-tmp/axw/01_ani_foundation/canonical_genomes/STRAIN_000433.fa.gz,2744915,193,161173,True,
STRAIN_000434,/root/autodl-tmp/axw/01_ani_foundation/canonical_genomes/STRAIN_000434.fa.gz,3646071,234,308690,True,
STRAIN_000435,/root/autodl-tmp/axw/01_ani_foundation/canonical_genomes/STRAIN_000435.fa.gz,3393963,37,687397,True,
STRAIN_000436,/root/autodl-tmp/axw/01_ani_foundation/canonical_genomes/STRAIN_000436.fa.gz,3127674,99,306238,True,
STRAIN_000437,/root/autodl-tmp/axw/01_ani_foundation/canonical_genomes/STRAIN_000437.fa.gz,3198627,34,631275,True,
STRAIN_000438,/root/autodl-tmp/axw/01_ani_foundation/canonical_genomes/STRAIN_000438.fa.gz,3302055,67,273566,True,
STRAIN_000439,/root/autodl-tmp/axw/01_ani_foundation/canonical_genomes/STRAIN_000439.fa.gz,2302234,14,1570268,True,
STRAIN_000440,/root/autodl-tmp/axw/01_ani_foundation/canonical_genomes/STRAIN_000440.fa.gz,3433628,7,3193112,True,
STRAIN_000441,/root/autodl-tmp/axw/01_ani_foundation/canonical_genomes/STRAIN_000441.fa.gz,2329981,22,347949,True,
STRAIN_000443,/root/autodl-tmp/axw/01_ani_foundation/canonical_genomes/STRAIN_000443.fa.gz,2272328,4,2176678,True,
STRAIN_000444,/root/autodl-tmp/axw/01_ani_foundation/canonical_genomes/STRAIN_000444.fa.gz,2009507,25,515002,True,
STRAIN_000445,/root/autodl-tmp/axw/01_ani_foundation/canonical_genomes/STRAIN_000445.fa.gz,1868180,1,1868180,True,
STRAIN_000446,/root/autodl-tmp/axw/01_ani_foundation/canonical_genomes/STRAIN_000446.fa.gz,2872742,72,207972,True,
STRAIN_000447,/root/autodl-tmp/axw/01_ani_foundation/canonical_genomes/STRAIN_000447.fa.gz,3114755,2,3068152,True,
STRAIN_000448,/root/autodl-tmp/axw/01_ani_foundation/canonical_genomes/STRAIN_000448.fa.gz,3462990,7,3249180,True,
STRAIN_000449,/root/autodl-tmp/axw/01_ani_foundation/canonical_genomes/STRAIN_000449.fa.gz,2403402,1,2403402,True,
STRAIN_000450,/root/autodl-tmp/axw/01_ani_foundation/canonical_genomes/STRAIN_000450.fa.gz,1861754,1,1861754,True,
STRAIN_000451,/root/autodl-tmp/axw/01_ani_foundation/canonical_genomes/STRAIN_000451.fa.gz,3311056,1,3311056,True,
STRAIN_000452,/root/autodl-tmp/axw/01_ani_foundation/canonical_genomes/STRAIN_000452.fa.gz,1839134,1,1839134,True,
STRAIN_000453,/root/autodl-tmp/axw/01_ani_foundation/canonical_genomes/STRAIN_000453.fa.gz,2736171,10,2361510,True,
STRAIN_000454,/root/autodl-tmp/axw/01_ani_foundation/canonical_genomes/STRAIN_000454.fa.gz,3230754,2,3197722,True,
STRAIN_000455,/root/autodl-tmp/axw/01_ani_foundation/canonical_genomes/STRAIN_000455.fa.gz,2330408,25,376001,True,
STRAIN_000456,/root/autodl-tmp/axw/01_ani_foundation/canonical_genomes/STRAIN_000456.fa.gz,1636037,2,1422440,True,
STRAIN_000457,/root/autodl-tmp/axw/01_ani_foundation/canonical_genomes/STRAIN_000457.fa.gz,2884966,1,2884966,True,
STRAIN_000458,/root/autodl-tmp/axw/01_ani_foundation/canonical_genomes/STRAIN_000458.fa.gz,2493021,9,2250660,True,
STRAIN_000459,/root/autodl-tmp/axw/01_ani_foundation/canonical_genomes/STRAIN_000459.fa.gz,2753892,5,2495882,True,
STRAIN_000460,/root/autodl-tmp/axw/01_ani_foundation/canonical_genomes/STRAIN_000460.fa.gz,2537767,7,2381789,True,
STRAIN_000461,/root/autodl-tmp/axw/01_ani_foundation/canonical_genomes/STRAIN_000461.fa.gz,2536054,6,2392933,True,
STRAIN_000462,/root/autodl-tmp/axw/01_ani_foundation/canonical_genomes/STRAIN_000462.fa.gz,2701962,7,2530136,True,
STRAIN_000463,/root/autodl-tmp/axw/01_ani_foundation/canonical_genomes/STRAIN_000463.fa.gz,2418286,7,2248137,True,
STRAIN_000464,/root/autodl-tmp/axw/01_ani_foundation/canonical_genomes/STRAIN_000464.fa.gz,2459217,4,2422150,True,
STRAIN_000465,/root/autodl-tmp/axw/01_ani_foundation/canonical_genomes/STRAIN_000465.fa.gz,2768844,10,2397052,True,
STRAIN_000466,/root/autodl-tmp/axw/01_ani_foundation/canonical_genomes/STRAIN_000466.fa.gz,2655844,6,2453536,True,
STRAIN_000467,/root/autodl-tmp/axw/01_ani_foundation/canonical_genomes/STRAIN_000467.fa.gz,2694855,11,2419867,True,
STRAIN_000468,/root/autodl-tmp/axw/01_ani_foundation/canonical_genomes/STRAIN_000468.fa.gz,2788530,8,2571403,True,
STRAIN_000469,/root/autodl-tmp/axw/01_ani_foundation/canonical_genomes/STRAIN_000469.fa.gz,2499250,5,2381788,True,
STRAIN_000470,/root/autodl-tmp/axw/01_ani_foundation/canonical_genomes/STRAIN_000470.fa.gz,3246143,4,3055892,True,
STRAIN_000471,/root/autodl-tmp/axw/01_ani_foundation/canonical_genomes/STRAIN_000471.fa.gz,2977711,77,322041,True,
STRAIN_000472,/root/autodl-tmp/axw/01_ani_foundation/canonical_genomes/STRAIN_000472.fa.gz,2644941,22,848233,True,
STRAIN_000473,/root/autodl-tmp/axw/01_ani_foundation/canonical_genomes/STRAIN_000473.fa.gz,2079964,3,2053862,True,
STRAIN_000474,/root/autodl-tmp/axw/01_ani_foundation/canonical_genomes/STRAIN_000474.fa.gz,2148629,20,759941,True,
STRAIN_000475,/root/autodl-tmp/axw/01_ani_foundation/canonical_genomes/STRAIN_000475.fa.gz,2313528,61,168464,True,
STRAIN_000476,/root/autodl-tmp/axw/01_ani_foundation/canonical_genomes/STRAIN_000476.fa.gz,2239921,1,2239921,True,
STRAIN_000477,/root/autodl-tmp/axw/01_ani_foundation/canonical_genomes/STRAIN_000477.fa.gz,2509249,8,2428349,True,
STRAIN_000478,/root/autodl-tmp/axw/01_ani_foundation/canonical_genomes/STRAIN_000478.fa.gz,3047840,1,3047840,True,
STRAIN_000479,/root/autodl-tmp/axw/01_ani_foundation/canonical_genomes/STRAIN_000479.fa.gz,3165258,92,213451,True,
STRAIN_000480,/root/autodl-tmp/axw/01_ani_foundation/canonical_genomes/STRAIN_000480.fa.gz,3311558,68,291140,True,
STRAIN_000481,/root/autodl-tmp/axw/01_ani_foundation/canonical_genomes/STRAIN_000481.fa.gz,3988602,1,3988602,True,
STRAIN_000482,/root/autodl-tmp/axw/01_ani_foundation/canonical_genomes/STRAIN_000482.fa.gz,3988649,1,3988649,True,
STRAIN_000483,/root/autodl-tmp/axw/01_ani_foundation/canonical_genomes/STRAIN_000483.fa.gz,2459326,29,435481,True,
STRAIN_000484,/root/autodl-tmp/axw/01_ani_foundation/canonical_genomes/STRAIN_000484.fa.gz,3132867,1,3132867,True,
STRAIN_000485,/root/autodl-tmp/axw/01_ani_foundation/canonical_genomes/STRAIN_000485.fa.gz,2063606,1,2063606,True,
STRAIN_000486,/root/autodl-tmp/axw/01_ani_foundation/canonical_genomes/STRAIN_000486.fa.gz,3988630,1,3988630,True,
STRAIN_000487,/root/autodl-tmp/axw/01_ani_foundation/canonical_genomes/STRAIN_000487.fa.gz,4169187,2,4086692,True,
STRAIN_000488,/root/autodl-tmp/axw/01_ani_foundation/canonical_genomes/STRAIN_000488.fa.gz,4147173,1,4147173,True,
STRAIN_000489,/root/autodl-tmp/axw/01_ani_foundation/canonical_genomes/STRAIN_000489.fa.gz,1982893,149,97347,True,
STRAIN_000490,/root/autodl-tmp/axw/01_ani_foundation/canonical_genomes/STRAIN_000490.fa.gz,3200572,2,3186859,True,
STRAIN_000491,/root/autodl-tmp/axw/01_ani_foundation/canonical_genomes/STRAIN_000491.fa.gz,1944323,1,1944323,True,
STRAIN_000492,/root/autodl-tmp/axw/01_ani_foundation/canonical_genomes/STRAIN_000492.fa.gz,3040388,1,3040388,True,
STRAIN_000493,/root/autodl-tmp/axw/01_ani_foundation/canonical_genomes/STRAIN_000493.fa.gz,1991906,1,1991906,True,
STRAIN_000494,/root/autodl-tmp/axw/01_ani_foundation/canonical_genomes/STRAIN_000494.fa.gz,2898501,166,396305,True,
STRAIN_000495,/root/autodl-tmp/axw/01_ani_foundation/canonical_genomes/STRAIN_000495.fa.gz,2092273,1,2092273,True,
STRAIN_000496,/root/autodl-tmp/axw/01_ani_foundation/canonical_genomes/STRAIN_000496.fa.gz,3368579,66,575210,True,
STRAIN_000497,/root/autodl-tmp/axw/01_ani_foundation/canonical_genomes/STRAIN_000497.fa.gz,2942538,1,2942538,True,
STRAIN_000498,/root/autodl-tmp/axw/01_ani_foundation/canonical_genomes/STRAIN_000498.fa.gz,2008102,1,2008102,True,
STRAIN_000499,/root/autodl-tmp/axw/01_ani_foundation/canonical_genomes/STRAIN_000499.fa.gz,1991195,1,1991195,True,
STRAIN_000500,/root/autodl-tmp/axw/01_ani_foundation/canonical_genomes/STRAIN_000500.fa.gz,1865056,1,1865056,True,
STRAIN_000501,/root/autodl-tmp/axw/01_ani_foundation/canonical_genomes/STRAIN_000501.fa.gz,3329954,3,3259858,True,
STRAIN_000502,/root/autodl-tmp/axw/01_ani_foundation/canonical_genomes/STRAIN_000502.fa.gz,1951552,3,1866970,True,
STRAIN_000503,/root/autodl-tmp/axw/01_ani_foundation/canonical_genomes/STRAIN_000503.fa.gz,3013149,1,3013149,True,
STRAIN_000504,/root/autodl-tmp/axw/01_ani_foundation/canonical_genomes/STRAIN_000504.fa.gz,2802160,6,2650097,True,
STRAIN_000505,/root/autodl-tmp/axw/01_ani_foundation/canonical_genomes/STRAIN_000505.fa.gz,2012416,2,1954694,True,
STRAIN_000506,/root/autodl-tmp/axw/01_ani_foundation/canonical_genomes/STRAIN_000506.fa.gz,2908459,27,551089,True,
STRAIN_000507,/root/autodl-tmp/axw/01_ani_foundation/canonical_genomes/STRAIN_000507.fa.gz,2967632,77,325793,True,
STRAIN_000508,/root/autodl-tmp/axw/01_ani_foundation/canonical_genomes/STRAIN_000508.fa.gz,3182431,84,335520,True,
STRAIN_000509,/root/autodl-tmp/axw/01_ani_foundation/canonical_genomes/STRAIN_000509.fa.gz,2969707,6,2710941,True,
STRAIN_000510,/root/autodl-tmp/axw/01_ani_foundation/canonical_genomes/STRAIN_000510.fa.gz,1821173,1,1821173,True,
STRAIN_000511,/root/autodl-tmp/axw/01_ani_foundation/canonical_genomes/STRAIN_000511.fa.gz,3343256,58,306783,True,
STRAIN_000512,/root/autodl-tmp/axw/01_ani_foundation/canonical_genomes/STRAIN_000512.fa.gz,2419201,14,416318,True,
STRAIN_000513,/root/autodl-tmp/axw/01_ani_foundation/canonical_genomes/STRAIN_000513.fa.gz,2467947,74,178913,True,
STRAIN_000514,/root/autodl-tmp/axw/01_ani_foundation/canonical_genomes/STRAIN_000514.fa.gz,3309473,5,3202808,True,
STRAIN_000515,/root/autodl-tmp/axw/01_ani_foundation/canonical_genomes/STRAIN_000515.fa.gz,2011203,95,113352,True,
STRAIN_000516,/root/autodl-tmp/axw/01_ani_foundation/canonical_genomes/STRAIN_000516.fa.gz,3635902,1,3635902,True,
STRAIN_000517,/root/autodl-tmp/axw/01_ani_foundation/canonical_genomes/STRAIN_000517.fa.gz,1983266,108,170726,True,
STRAIN_000518,/root/autodl-tmp/axw/01_ani_foundation/canonical_genomes/STRAIN_000518.fa.gz,2043115,111,140940,True,
STRAIN_000519,/root/autodl-tmp/axw/01_ani_foundation/canonical_genomes/STRAIN_000519.fa.gz,1895978,138,101072,True,
STRAIN_000520,/root/autodl-tmp/axw/01_ani_foundation/canonical_genomes/STRAIN_000520.fa.gz,2432058,1,2432058,True,
STRAIN_000521,/root/autodl-tmp/axw/01_ani_foundation/canonical_genomes/STRAIN_000521.fa.gz,2414663,1,2414663,True,
STRAIN_000522,/root/autodl-tmp/axw/01_ani_foundation/canonical_genomes/STRAIN_000522.fa.gz,3170114,2,3063698,True,
STRAIN_000523,/root/autodl-tmp/axw/01_ani_foundation/canonical_genomes/STRAIN_000523.fa.gz,2364041,50,317153,True,
STRAIN_000524,/root/autodl-tmp/axw/01_ani_foundation/canonical_genomes/STRAIN_000524.fa.gz,2510381,1,2510381,True,
STRAIN_000525,/root/autodl-tmp/axw/01_ani_foundation/canonical_genomes/STRAIN_000525.fa.gz,1851207,1,1851207,True,
STRAIN_000526,/root/autodl-tmp/axw/01_ani_foundation/canonical_genomes/STRAIN_000526.fa.gz,2243572,1,2243572,True,
STRAIN_000527,/root/autodl-tmp/axw/01_ani_foundation/canonical_genomes/STRAIN_000527.fa.gz,1857468,1,1857468,True,
STRAIN_000528,/root/autodl-tmp/axw/01_ani_foundation/canonical_genomes/STRAIN_000528.fa.gz,1812305,1,1812305,True,
STRAIN_000529,/root/autodl-tmp/axw/01_ani_foundation/canonical_genomes/STRAIN_000529.fa.gz,2974909,111,364043,True,
STRAIN_000530,/root/autodl-tmp/axw/01_ani_foundation/canonical_genomes/STRAIN_000530.fa.gz,3048314,150,434880,True,
STRAIN_000531,/root/autodl-tmp/axw/01_ani_foundation/canonical_genomes/STRAIN_000531.fa.gz,2049030,2,2035631,True,
STRAIN_000532,/root/autodl-tmp/axw/01_ani_foundation/canonical_genomes/STRAIN_000532.fa.gz,2255245,2,2209387,True,
STRAIN_000533,/root/autodl-tmp/axw/01_ani_foundation/canonical_genomes/STRAIN_000533.fa.gz,2198663,2,2191149,True,
STRAIN_000534,/root/autodl-tmp/axw/01_ani_foundation/canonical_genomes/STRAIN_000534.fa.gz,3039280,1,3039280,True,
STRAIN_000535,/root/autodl-tmp/axw/01_ani_foundation/canonical_genomes/STRAIN_000535.fa.gz,3330006,4,3174864,True,
STRAIN_000536,/root/autodl-tmp/axw/01_ani_foundation/canonical_genomes/STRAIN_000536.fa.gz,2346663,1,2346663,True,
STRAIN_000537,/root/autodl-tmp/axw/01_ani_foundation/canonical_genomes/STRAIN_000537.fa.gz,3198690,1,3198690,True,
STRAIN_000538,/root/autodl-tmp/axw/01_ani_foundation/canonical_genomes/STRAIN_000538.fa.gz,2148781,56,239104,True,
STRAIN_000539,/root/autodl-tmp/axw/01_ani_foundation/canonical_genomes/STRAIN_000539.fa.gz,3061587,2,3010957,True,
STRAIN_000540,/root/autodl-tmp/axw/01_ani_foundation/canonical_genomes/STRAIN_000540.fa.gz,3038767,1,3038767,True,
STRAIN_000541,/root/autodl-tmp/axw/01_ani_foundation/canonical_genomes/STRAIN_000541.fa.gz,3541869,4,3359427,True,
STRAIN_000542,/root/autodl-tmp/axw/01_ani_foundation/canonical_genomes/STRAIN_000542.fa.gz,2317196,22,427072,True,
STRAIN_000543,/root/autodl-tmp/axw/01_ani_foundation/canonical_genomes/STRAIN_000543.fa.gz,3602752,1,3602752,True,
STRAIN_000544,/root/autodl-tmp/axw/01_ani_foundation/canonical_genomes/STRAIN_000544.fa.gz,3291849,1,3291849,True,
STRAIN_000545,/root/autodl-tmp/axw/01_ani_foundation/canonical_genomes/STRAIN_000545.fa.gz,2990071,1,2990071,True,
STRAIN_000546,/root/autodl-tmp/axw/01_ani_foundation/canonical_genomes/STRAIN_000546.fa.gz,3221350,27,528329,True,
STRAIN_000547,/root/autodl-tmp/axw/01_ani_foundation/canonical_genomes/STRAIN_000547.fa.gz,3412154,7,3175846,True,
STRAIN_000548,/root/autodl-tmp/axw/01_ani_foundation/canonical_genomes/STRAIN_000548.fa.gz,3201523,31,371421,True,
STRAIN_000549,/root/autodl-tmp/axw/01_ani_foundation/canonical_genomes/STRAIN_000549.fa.gz,1986363,60,115352,True,
STRAIN_000550,/root/autodl-tmp/axw/01_ani_foundation/canonical_genomes/STRAIN_000550.fa.gz,3323426,87,262335,True,
STRAIN_000551,/root/autodl-tmp/axw/01_ani_foundation/canonical_genomes/STRAIN_000551.fa.gz,2931951,39,368284,True,
STRAIN_000552,/root/autodl-tmp/axw/01_ani_foundation/canonical_genomes/STRAIN_000552.fa.gz,1987473,55,126421,True,
STRAIN_000553,/root/autodl-tmp/axw/01_ani_foundation/canonical_genomes/STRAIN_000553.fa.gz,2782240,161,127367,True,
STRAIN_000554,/root/autodl-tmp/axw/01_ani_foundation/canonical_genomes/STRAIN_000554.fa.gz,2897248,47,434229,True,
STRAIN_000555,/root/autodl-tmp/axw/01_ani_foundation/canonical_genomes/STRAIN_000555.fa.gz,2649463,10,2331362,True,
STRAIN_000556,/root/autodl-tmp/axw/01_ani_foundation/canonical_genomes/STRAIN_000556.fa.gz,1970142,36,670920,True,
STRAIN_000557,/root/autodl-tmp/axw/01_ani_foundation/canonical_genomes/STRAIN_000557.fa.gz,2044184,1,2044184,True,
STRAIN_000558,/root/autodl-tmp/axw/01_ani_foundation/canonical_genomes/STRAIN_000558.fa.gz,3447624,8,3230192,True,
STRAIN_000559,/root/autodl-tmp/axw/01_ani_foundation/canonical_genomes/STRAIN_000559.fa.gz,3006544,38,308787,True,
STRAIN_000560,/root/autodl-tmp/axw/01_ani_foundation/canonical_genomes/STRAIN_000560.fa.gz,3006277,38,308665,True,
STRAIN_000561,/root/autodl-tmp/axw/01_ani_foundation/canonical_genomes/STRAIN_000561.fa.gz,1800321,43,274706,True,
STRAIN_000562,/root/autodl-tmp/axw/01_ani_foundation/canonical_genomes/STRAIN_000562.fa.gz,3230597,2,3197727,True,
STRAIN_000563,/root/autodl-tmp/axw/01_ani_foundation/canonical_genomes/STRAIN_000563.fa.gz,2470207,614,107238,True,
STRAIN_000564,/root/autodl-tmp/axw/01_ani_foundation/canonical_genomes/STRAIN_000564.fa.gz,2367543,201,165599,True,
STRAIN_000565,/root/autodl-tmp/axw/01_ani_foundation/canonical_genomes/STRAIN_000565.fa.gz,2139733,379,50948,True,
STRAIN_000566,/root/autodl-tmp/axw/01_ani_foundation/canonical_genomes/STRAIN_000566.fa.gz,2255596,171,131634,True,
STRAIN_000567,/root/autodl-tmp/axw/01_ani_foundation/canonical_genomes/STRAIN_000567.fa.gz,2047507,250,107957,True,
STRAIN_000568,/root/autodl-tmp/axw/01_ani_foundation/canonical_genomes/STRAIN_000568.fa.gz,3231249,1,3231249,True,
STRAIN_000569,/root/autodl-tmp/axw/01_ani_foundation/canonical_genomes/STRAIN_000569.fa.gz,2244514,1,2244514,True,
STRAIN_000570,/root/autodl-tmp/axw/01_ani_foundation/canonical_genomes/STRAIN_000570.fa.gz,3191992,3,3120761,True,
STRAIN_000571,/root/autodl-tmp/axw/01_ani_foundation/canonical_genomes/STRAIN_000571.fa.gz,3370224,28,726176,True,
STRAIN_000572,/root/autodl-tmp/axw/01_ani_foundation/canonical_genomes/STRAIN_000572.fa.gz,2311020,1,2311020,True,
STRAIN_000573,/root/autodl-tmp/axw/01_ani_foundation/canonical_genomes/STRAIN_000573.fa.gz,3314628,55,511824,True,
STRAIN_000574,/root/autodl-tmp/axw/01_ani_foundation/canonical_genomes/STRAIN_000574.fa.gz,3259936,53,296208,True,
STRAIN_000575,/root/autodl-tmp/axw/01_ani_foundation/canonical_genomes/STRAIN_000575.fa.gz,2601591,109,149794,True,
STRAIN_000576,/root/autodl-tmp/axw/01_ani_foundation/canonical_genomes/STRAIN_000576.fa.gz,2005122,131,158668,True,
STRAIN_000577,/root/autodl-tmp/axw/01_ani_foundation/canonical_genomes/STRAIN_000577.fa.gz,3440138,119,301174,True,
STRAIN_000578,/root/autodl-tmp/axw/01_ani_foundation/canonical_genomes/STRAIN_000578.fa.gz,3261598,89,320044,True,
STRAIN_000579,/root/autodl-tmp/axw/01_ani_foundation/canonical_genomes/STRAIN_000579.fa.gz,3211268,1,3211268,True,
STRAIN_000580,/root/autodl-tmp/axw/01_ani_foundation/canonical_genomes/STRAIN_000580.fa.gz,2990082,1,2990082,True,
STRAIN_000581,/root/autodl-tmp/axw/01_ani_foundation/canonical_genomes/STRAIN_000581.fa.gz,2178894,1,2178894,True,
STRAIN_000582,/root/autodl-tmp/axw/01_ani_foundation/canonical_genomes/STRAIN_000582.fa.gz,3452333,6,3280506,True,
STRAIN_000583,/root/autodl-tmp/axw/01_ani_foundation/canonical_genomes/STRAIN_000583.fa.gz,3230619,2,3197744,True,
STRAIN_000584,/root/autodl-tmp/axw/01_ani_foundation/canonical_genomes/STRAIN_000584.fa.gz,3175098,4,3034884,True,
STRAIN_000585,/root/autodl-tmp/axw/01_ani_foundation/canonical_genomes/STRAIN_000585.fa.gz,1935423,1,1935423,True,
STRAIN_000586,/root/autodl-tmp/axw/01_ani_foundation/canonical_genomes/STRAIN_000586.fa.gz,3216285,6,3015495,True,
STRAIN_000587,/root/autodl-tmp/axw/01_ani_foundation/canonical_genomes/STRAIN_000587.fa.gz,3048677,3,3015887,True,
STRAIN_000588,/root/autodl-tmp/axw/01_ani_foundation/canonical_genomes/STRAIN_000588.fa.gz,3303780,4,3213092,True,
STRAIN_000589,/root/autodl-tmp/axw/01_ani_foundation/canonical_genomes/STRAIN_000589.fa.gz,1951037,34,669777,True,
STRAIN_000590,/root/autodl-tmp/axw/01_ani_foundation/canonical_genomes/STRAIN_000590.fa.gz,3097074,5,2990570,True,
STRAIN_000591,/root/autodl-tmp/axw/01_ani_foundation/canonical_genomes/STRAIN_000591.fa.gz,3265595,47,528446,True,
STRAIN_000592,/root/autodl-tmp/axw/01_ani_foundation/canonical_genomes/STRAIN_000592.fa.gz,2091003,58,329942,True,
STRAIN_000593,/root/autodl-tmp/axw/01_ani_foundation/canonical_genomes/STRAIN_000593.fa.gz,2220255,38,368467,True,
STRAIN_000594,/root/autodl-tmp/axw/01_ani_foundation/canonical_genomes/STRAIN_000594.fa.gz,3372750,77,269666,True,
STRAIN_000595,/root/autodl-tmp/axw/01_ani_foundation/canonical_genomes/STRAIN_000595.fa.gz,2356987,5,1285454,True,
STRAIN_000596,/root/autodl-tmp/axw/01_ani_foundation/canonical_genomes/STRAIN_000596.fa.gz,2430215,420,112835,True,
STRAIN_000597,/root/autodl-tmp/axw/01_ani_foundation/canonical_genomes/STRAIN_000597.fa.gz,3016870,3,2980779,True,
STRAIN_000598,/root/autodl-tmp/axw/01_ani_foundation/canonical_genomes/STRAIN_000598.fa.gz,3281039,5,3167967,True,
STRAIN_000599,/root/autodl-tmp/axw/01_ani_foundation/canonical_genomes/STRAIN_000599.fa.gz,2689431,464,123584,True,
STRAIN_000600,/root/autodl-tmp/axw/01_ani_foundation/canonical_genomes/STRAIN_000600.fa.gz,2202982,1,2202982,True,
STRAIN_000601,/root/autodl-tmp/axw/01_ani_foundation/canonical_genomes/STRAIN_000601.fa.gz,1908534,1,1908534,True,
STRAIN_000602,/root/autodl-tmp/axw/01_ani_foundation/canonical_genomes/STRAIN_000602.fa.gz,3181204,3,3084917,True,
STRAIN_000603,/root/autodl-tmp/axw/01_ani_foundation/canonical_genomes/STRAIN_000603.fa.gz,3415192,5,3267626,True,
STRAIN_000604,/root/autodl-tmp/axw/01_ani_foundation/canonical_genomes/STRAIN_000604.fa.gz,1944384,71,321531,True,
STRAIN_000605,/root/autodl-tmp/axw/01_ani_foundation/canonical_genomes/STRAIN_000605.fa.gz,3232240,1,3232240,True,
STRAIN_000606,/root/autodl-tmp/axw/01_ani_foundation/canonical_genomes/STRAIN_000606.fa.gz,2981934,5,2952198,True,
STRAIN_000607,/root/autodl-tmp/axw/01_ani_foundation/canonical_genomes/STRAIN_000607.fa.gz,3249304,6,2991907,True,
STRAIN_000608,/root/autodl-tmp/axw/01_ani_foundation/canonical_genomes/STRAIN_000608.fa.gz,3273679,7,2991504,True,
STRAIN_000609,/root/autodl-tmp/axw/01_ani_foundation/canonical_genomes/STRAIN_000609.fa.gz,3403608,8,3213344,True,
STRAIN_000610,/root/autodl-tmp/axw/01_ani_foundation/canonical_genomes/STRAIN_000610.fa.gz,3664215,1,3664215,True,
STRAIN_000611,/root/autodl-tmp/axw/01_ani_foundation/canonical_genomes/STRAIN_000611.fa.gz,3392770,87,233951,True,
STRAIN_000612,/root/autodl-tmp/axw/01_ani_foundation/canonical_genomes/STRAIN_000612.fa.gz,3376145,72,620004,True,
STRAIN_000613,/root/autodl-tmp/axw/01_ani_foundation/canonical_genomes/STRAIN_000613.fa.gz,3167850,93,251684,True,
STRAIN_000614,/root/autodl-tmp/axw/01_ani_foundation/canonical_genomes/STRAIN_000614.fa.gz,2206088,23,487798,True,
STRAIN_000615,/root/autodl-tmp/axw/01_ani_foundation/canonical_genomes/STRAIN_000615.fa.gz,1931632,1,1931632,True,
STRAIN_000616,/root/autodl-tmp/axw/01_ani_foundation/canonical_genomes/STRAIN_000616.fa.gz,2098685,1,2098685,True,
STRAIN_000617,/root/autodl-tmp/axw/01_ani_foundation/canonical_genomes/STRAIN_000617.fa.gz,3175351,143,253240,True,
STRAIN_000618,/root/autodl-tmp/axw/01_ani_foundation/canonical_genomes/STRAIN_000618.fa.gz,3173812,138,194237,True,
STRAIN_000619,/root/autodl-tmp/axw/01_ani_foundation/canonical_genomes/STRAIN_000619.fa.gz,3166802,136,231117,True,
STRAIN_000620,/root/autodl-tmp/axw/01_ani_foundation/canonical_genomes/STRAIN_000620.fa.gz,3170582,131,230264,True,
STRAIN_000621,/root/autodl-tmp/axw/01_ani_foundation/canonical_genomes/STRAIN_000621.fa.gz,3184427,161,151722,True,
STRAIN_000622,/root/autodl-tmp/axw/01_ani_foundation/canonical_genomes/STRAIN_000622.fa.gz,2274632,1,2274632,True,
STRAIN_000623,/root/autodl-tmp/axw/01_ani_foundation/canonical_genomes/STRAIN_000623.fa.gz,3649371,11,3184808,True,
STRAIN_000624,/root/autodl-tmp/axw/01_ani_foundation/canonical_genomes/STRAIN_000624.fa.gz,1857655,25,675994,True,
STRAIN_000625,/root/autodl-tmp/axw/01_ani_foundation/canonical_genomes/STRAIN_000625.fa.gz,2066995,115,102034,True,
STRAIN_000626,/root/autodl-tmp/axw/01_ani_foundation/canonical_genomes/STRAIN_000626.fa.gz,2627820,82,444394,True,
STRAIN_000627,/root/autodl-tmp/axw/01_ani_foundation/canonical_genomes/STRAIN_000627.fa.gz,3003415,125,290533,True,
STRAIN_000628,/root/autodl-tmp/axw/01_ani_foundation/canonical_genomes/STRAIN_000628.fa.gz,2009598,1,2009598,True,
STRAIN_000629,/root/autodl-tmp/axw/01_ani_foundation/canonical_genomes/STRAIN_000629.fa.gz,2725308,164,160031,True,
STRAIN_000630,/root/autodl-tmp/axw/01_ani_foundation/canonical_genomes/STRAIN_000630.fa.gz,3332995,192,130875,True,
STRAIN_000631,/root/autodl-tmp/axw/01_ani_foundation/canonical_genomes/STRAIN_000631.fa.gz,2024026,91,147738,True,
STRAIN_000632,/root/autodl-tmp/axw/01_ani_foundation/canonical_genomes/STRAIN_000632.fa.gz,3534932,1,3534932,True,
STRAIN_000633,/root/autodl-tmp/axw/01_ani_foundation/canonical_genomes/STRAIN_000633.fa.gz,2426000,57,488443,True,
STRAIN_000634,/root/autodl-tmp/axw/01_ani_foundation/canonical_genomes/STRAIN_000634.fa.gz,2265060,21,681072,True,
STRAIN_000635,/root/autodl-tmp/axw/01_ani_foundation/canonical_genomes/STRAIN_000635.fa.gz,2333831,114,498713,True,
STRAIN_000636,/root/autodl-tmp/axw/01_ani_foundation/canonical_genomes/STRAIN_000636.fa.gz,2731642,91,201520,True,
STRAIN_000637,/root/autodl-tmp/axw/01_ani_foundation/canonical_genomes/STRAIN_000637.fa.gz,2608223,1,2608223,True,
STRAIN_000638,/root/autodl-tmp/axw/01_ani_foundation/canonical_genomes/STRAIN_000638.fa.gz,2365873,1,2365873,True,
STRAIN_000639,/root/autodl-tmp/axw/01_ani_foundation/canonical_genomes/STRAIN_000639.fa.gz,2941522,1,2941522,True,
STRAIN_000640,/root/autodl-tmp/axw/01_ani_foundation/canonical_genomes/STRAIN_000640.fa.gz,2528774,3,2511216,True,
STRAIN_000641,/root/autodl-tmp/axw/01_ani_foundation/canonical_genomes/STRAIN_000641.fa.gz,2416054,6,2266069,True,
STRAIN_000642,/root/autodl-tmp/axw/01_ani_foundation/canonical_genomes/STRAIN_000642.fa.gz,2569807,56,421514,True,
STRAIN_000643,/root/autodl-tmp/axw/01_ani_foundation/canonical_genomes/STRAIN_000643.fa.gz,2477403,28,346441,True,
STRAIN_000644,/root/autodl-tmp/axw/01_ani_foundation/canonical_genomes/STRAIN_000644.fa.gz,3259255,2,3194447,True,
STRAIN_000645,/root/autodl-tmp/axw/01_ani_foundation/canonical_genomes/STRAIN_000645.fa.gz,2151788,3,2084748,True,
STRAIN_000646,/root/autodl-tmp/axw/01_ani_foundation/canonical_genomes/STRAIN_000646.fa.gz,3306722,2,3255555,True,
STRAIN_000647,/root/autodl-tmp/axw/01_ani_foundation/canonical_genomes/STRAIN_000647.fa.gz,2872191,130,289022,True,
STRAIN_000648,/root/autodl-tmp/axw/01_ani_foundation/canonical_genomes/STRAIN_000648.fa.gz,2377451,321,43231,True,
STRAIN_000649,/root/autodl-tmp/axw/01_ani_foundation/canonical_genomes/STRAIN_000649.fa.gz,3034666,123,480713,True,
STRAIN_000650,/root/autodl-tmp/axw/01_ani_foundation/canonical_genomes/STRAIN_000650.fa.gz,2909187,190,123632,True,
STRAIN_000651,/root/autodl-tmp/axw/01_ani_foundation/canonical_genomes/STRAIN_000651.fa.gz,2834560,34,722392,True,
STRAIN_000652,/root/autodl-tmp/axw/01_ani_foundation/canonical_genomes/STRAIN_000652.fa.gz,2655682,123,449021,True,
STRAIN_000653,/root/autodl-tmp/axw/01_ani_foundation/canonical_genomes/STRAIN_000653.fa.gz,3020118,128,237568,True,
STRAIN_000654,/root/autodl-tmp/axw/01_ani_foundation/canonical_genomes/STRAIN_000654.fa.gz,3067813,2,3022021,True,
STRAIN_000655,/root/autodl-tmp/axw/01_ani_foundation/canonical_genomes/STRAIN_000655.fa.gz,2075935,151,150626,True,
STRAIN_000656,/root/autodl-tmp/axw/01_ani_foundation/canonical_genomes/STRAIN_000656.fa.gz,3222993,48,537183,True,
STRAIN_000657,/root/autodl-tmp/axw/01_ani_foundation/canonical_genomes/STRAIN_000657.fa.gz,3064363,1,3064363,True,
STRAIN_000658,/root/autodl-tmp/axw/01_ani_foundation/canonical_genomes/STRAIN_000658.fa.gz,2452339,1,2452339,True,
STRAIN_000659,/root/autodl-tmp/axw/01_ani_foundation/canonical_genomes/STRAIN_000659.fa.gz,2056704,133,230461,True,
STRAIN_000660,/root/autodl-tmp/axw/01_ani_foundation/canonical_genomes/STRAIN_000660.fa.gz,2238401,1,2238401,True,
STRAIN_000661,/root/autodl-tmp/axw/01_ani_foundation/canonical_genomes/STRAIN_000661.fa.gz,3382104,4,3206264,True,
STRAIN_000662,/root/autodl-tmp/axw/01_ani_foundation/canonical_genomes/STRAIN_000662.fa.gz,2430682,1,2430682,True,
STRAIN_000663,/root/autodl-tmp/axw/01_ani_foundation/canonical_genomes/STRAIN_000663.fa.gz,3240583,3,3183386,True,
STRAIN_000664,/root/autodl-tmp/axw/01_ani_foundation/canonical_genomes/STRAIN_000664.fa.gz,3332776,2,3323296,True,
STRAIN_000665,/root/autodl-tmp/axw/01_ani_foundation/canonical_genomes/STRAIN_000665.fa.gz,3103773,107,238720,True,
STRAIN_000666,/root/autodl-tmp/axw/01_ani_foundation/canonical_genomes/STRAIN_000666.fa.gz,2867519,7,2667255,True,
STRAIN_000667,/root/autodl-tmp/axw/01_ani_foundation/canonical_genomes/STRAIN_000667.fa.gz,3327263,6,3222977,True,
STRAIN_000668,/root/autodl-tmp/axw/01_ani_foundation/canonical_genomes/STRAIN_000668.fa.gz,2424658,91,288625,True,
STRAIN_000669,/root/autodl-tmp/axw/01_ani_foundation/canonical_genomes/STRAIN_000669.fa.gz,3268876,14,694118,True,
STRAIN_000670,/root/autodl-tmp/axw/01_ani_foundation/canonical_genomes/STRAIN_000670.fa.gz,2016340,29,298694,True,
STRAIN_000671,/root/autodl-tmp/axw/01_ani_foundation/canonical_genomes/STRAIN_000671.fa.gz,3169723,403,236189,True,
STRAIN_000672,/root/autodl-tmp/axw/01_ani_foundation/canonical_genomes/STRAIN_000672.fa.gz,2102268,1,2102268,True,
STRAIN_000673,/root/autodl-tmp/axw/01_ani_foundation/canonical_genomes/STRAIN_000673.fa.gz,2214245,58,418722,True,
STRAIN_000674,/root/autodl-tmp/axw/01_ani_foundation/canonical_genomes/STRAIN_000674.fa.gz,3308829,57,547817,True,
STRAIN_000675,/root/autodl-tmp/axw/01_ani_foundation/canonical_genomes/STRAIN_000675.fa.gz,3243828,5,3085008,True,
STRAIN_000676,/root/autodl-tmp/axw/01_ani_foundation/canonical_genomes/STRAIN_000676.fa.gz,2161794,16,467960,True,
STRAIN_000677,/root/autodl-tmp/axw/01_ani_foundation/canonical_genomes/STRAIN_000677.fa.gz,1939032,1,1939032,True,
STRAIN_000678,/root/autodl-tmp/axw/01_ani_foundation/canonical_genomes/STRAIN_000678.fa.gz,2226862,1,2226862,True,
STRAIN_000679,/root/autodl-tmp/axw/01_ani_foundation/canonical_genomes/STRAIN_000679.fa.gz,2016419,134,118821,True,
STRAIN_000680,/root/autodl-tmp/axw/01_ani_foundation/canonical_genomes/STRAIN_000680.fa.gz,2091502,415,165143,True,
STRAIN_000681,/root/autodl-tmp/axw/01_ani_foundation/canonical_genomes/STRAIN_000681.fa.gz,1937197,1,1937197,True,
STRAIN_000682,/root/autodl-tmp/axw/01_ani_foundation/canonical_genomes/STRAIN_000682.fa.gz,3181792,56,341766,True,
STRAIN_000683,/root/autodl-tmp/axw/01_ani_foundation/canonical_genomes/STRAIN_000683.fa.gz,3253666,5,3037092,True,
STRAIN_000684,/root/autodl-tmp/axw/01_ani_foundation/canonical_genomes/STRAIN_000684.fa.gz,3002945,39,2924905,True,
STRAIN_000685,/root/autodl-tmp/axw/01_ani_foundation/canonical_genomes/STRAIN_000685.fa.gz,3315179,65,553725,True,
STRAIN_000686,/root/autodl-tmp/axw/01_ani_foundation/canonical_genomes/STRAIN_000686.fa.gz,2101878,1,2101878,True,
STRAIN_000687,/root/autodl-tmp/axw/01_ani_foundation/canonical_genomes/STRAIN_000687.fa.gz,2689055,25,925382,True,
STRAIN_000688,/root/autodl-tmp/axw/01_ani_foundation/canonical_genomes/STRAIN_000688.fa.gz,3075253,150,217853,True,
STRAIN_000689,/root/autodl-tmp/axw/01_ani_foundation/canonical_genomes/STRAIN_000689.fa.gz,2923663,1,2923663,True,
STRAIN_000690,/root/autodl-tmp/axw/01_ani_foundation/canonical_genomes/STRAIN_000690.fa.gz,3230201,3,3191656,True,
STRAIN_000691,/root/autodl-tmp/axw/01_ani_foundation/canonical_genomes/STRAIN_000691.fa.gz,3264501,5,3171824,True,
STRAIN_000692,/root/autodl-tmp/axw/01_ani_foundation/canonical_genomes/STRAIN_000692.fa.gz,3057669,558,264166,True,
STRAIN_000693,/root/autodl-tmp/axw/01_ani_foundation/canonical_genomes/STRAIN_000693.fa.gz,2162818,5,2069421,True,
STRAIN_000694,/root/autodl-tmp/axw/01_ani_foundation/canonical_genomes/STRAIN_000694.fa.gz,3366732,3,3265930,True,
STRAIN_000695,/root/autodl-tmp/axw/01_ani_foundation/canonical_genomes/STRAIN_000695.fa.gz,1887974,1,1887974,True,
STRAIN_000696,/root/autodl-tmp/axw/01_ani_foundation/canonical_genomes/STRAIN_000696.fa.gz,2706818,5,2573315,True,
STRAIN_000697,/root/autodl-tmp/axw/01_ani_foundation/canonical_genomes/STRAIN_000697.fa.gz,3062980,80,318447,True,
STRAIN_000698,/root/autodl-tmp/axw/01_ani_foundation/canonical_genomes/STRAIN_000698.fa.gz,3054756,77,318234,True,
STRAIN_000699,/root/autodl-tmp/axw/01_ani_foundation/canonical_genomes/STRAIN_000699.fa.gz,3082039,127,318344,True,
STRAIN_000700,/root/autodl-tmp/axw/01_ani_foundation/canonical_genomes/STRAIN_000700.fa.gz,3082213,78,294749,True,
STRAIN_000701,/root/autodl-tmp/axw/01_ani_foundation/canonical_genomes/STRAIN_000701.fa.gz,3364901,3,3244416,True,
STRAIN_000702,/root/autodl-tmp/axw/01_ani_foundation/canonical_genomes/STRAIN_000702.fa.gz,2902983,108,286929,True,
STRAIN_000703,/root/autodl-tmp/axw/01_ani_foundation/canonical_genomes/STRAIN_000703.fa.gz,3323585,6,3218570,True,
STRAIN_000704,/root/autodl-tmp/axw/01_ani_foundation/canonical_genomes/STRAIN_000704.fa.gz,3250154,2,3242936,True,
STRAIN_000705,/root/autodl-tmp/axw/01_ani_foundation/canonical_genomes/STRAIN_000705.fa.gz,2892155,29,340081,True,
STRAIN_000706,/root/autodl-tmp/axw/01_ani_foundation/canonical_genomes/STRAIN_000706.fa.gz,2360935,1,2360935,True,
STRAIN_000707,/root/autodl-tmp/axw/01_ani_foundation/canonical_genomes/STRAIN_000707.fa.gz,2077539,170,123955,True,
STRAIN_000708,/root/autodl-tmp/axw/01_ani_foundation/canonical_genomes/STRAIN_000708.fa.gz,2163875,12,704409,True,
STRAIN_000709,/root/autodl-tmp/axw/01_ani_foundation/canonical_genomes/STRAIN_000709.fa.gz,2969245,45,217835,True,
STRAIN_000710,/root/autodl-tmp/axw/01_ani_foundation/canonical_genomes/STRAIN_000710.fa.gz,3317677,3,3247789,True,
STRAIN_000711,/root/autodl-tmp/axw/01_ani_foundation/canonical_genomes/STRAIN_000711.fa.gz,3007502,1,3007502,True,
STRAIN_000712,/root/autodl-tmp/axw/01_ani_foundation/canonical_genomes/STRAIN_000712.fa.gz,3304282,1,3304282,True,
STRAIN_000713,/root/autodl-tmp/axw/01_ani_foundation/canonical_genomes/STRAIN_000713.fa.gz,3218730,40,702547,True,
STRAIN_000714,/root/autodl-tmp/axw/01_ani_foundation/canonical_genomes/STRAIN_000714.fa.gz,2669227,148,259009,True,
STRAIN_000715,/root/autodl-tmp/axw/01_ani_foundation/canonical_genomes/STRAIN_000715.fa.gz,3132038,102,294552,True,
STRAIN_000716,/root/autodl-tmp/axw/01_ani_foundation/canonical_genomes/STRAIN_000716.fa.gz,3161186,45,611865,True,
STRAIN_000717,/root/autodl-tmp/axw/01_ani_foundation/canonical_genomes/STRAIN_000717.fa.gz,2199865,3,1630832,True,
STRAIN_000718,/root/autodl-tmp/axw/01_ani_foundation/canonical_genomes/STRAIN_000718.fa.gz,3450683,14,3143149,True,
STRAIN_000719,/root/autodl-tmp/axw/01_ani_foundation/canonical_genomes/STRAIN_000719.fa.gz,2286958,31,423567,True,
STRAIN_000720,/root/autodl-tmp/axw/01_ani_foundation/canonical_genomes/STRAIN_000720.fa.gz,2426298,6,986561,True,
STRAIN_000721,/root/autodl-tmp/axw/01_ani_foundation/canonical_genomes/STRAIN_000721.fa.gz,5028010,1,5028010,True,
STRAIN_000722,/root/autodl-tmp/axw/01_ani_foundation/canonical_genomes/STRAIN_000722.fa.gz,3269258,6,3152304,True,
STRAIN_000723,/root/autodl-tmp/axw/01_ani_foundation/canonical_genomes/STRAIN_000723.fa.gz,3082420,352,279800,True,
STRAIN_000724,/root/autodl-tmp/axw/01_ani_foundation/canonical_genomes/STRAIN_000724.fa.gz,1879705,100,1654674,True,
STRAIN_000725,/root/autodl-tmp/axw/01_ani_foundation/canonical_genomes/STRAIN_000725.fa.gz,1987806,21,709917,True,
STRAIN_000726,/root/autodl-tmp/axw/01_ani_foundation/canonical_genomes/STRAIN_000726.fa.gz,2403825,1,2403825,True,
STRAIN_000727,/root/autodl-tmp/axw/01_ani_foundation/canonical_genomes/STRAIN_000727.fa.gz,3310911,2,3257370,True,
STRAIN_000728,/root/autodl-tmp/axw/01_ani_foundation/canonical_genomes/STRAIN_000728.fa.gz,2759364,176,126611,True,
STRAIN_000729,/root/autodl-tmp/axw/01_ani_foundation/canonical_genomes/STRAIN_000729.fa.gz,2760455,175,126611,True,
STRAIN_000730,/root/autodl-tmp/axw/01_ani_foundation/canonical_genomes/STRAIN_000730.fa.gz,3249803,1,3249803,True,
STRAIN_000731,/root/autodl-tmp/axw/01_ani_foundation/canonical_genomes/STRAIN_000731.fa.gz,2427458,1,2427458,True,
STRAIN_000732,/root/autodl-tmp/axw/01_ani_foundation/canonical_genomes/STRAIN_000732.fa.gz,2535489,1,2535489,True,
STRAIN_000733,/root/autodl-tmp/axw/01_ani_foundation/canonical_genomes/STRAIN_000733.fa.gz,3007472,1,3007472,True,
STRAIN_000734,/root/autodl-tmp/axw/01_ani_foundation/canonical_genomes/STRAIN_000734.fa.gz,3344312,2,3308242,True,
STRAIN_000735,/root/autodl-tmp/axw/01_ani_foundation/canonical_genomes/STRAIN_000735.fa.gz,2212477,1,2212477,True,
STRAIN_000736,/root/autodl-tmp/axw/01_ani_foundation/canonical_genomes/STRAIN_000736.fa.gz,2193720,1,2193720,True,
STRAIN_000737,/root/autodl-tmp/axw/01_ani_foundation/canonical_genomes/STRAIN_000737.fa.gz,1917453,31,288297,True,
STRAIN_000738,/root/autodl-tmp/axw/01_ani_foundation/canonical_genomes/STRAIN_000738.fa.gz,2831954,1,2831954,True,
STRAIN_000739,/root/autodl-tmp/axw/01_ani_foundation/canonical_genomes/STRAIN_000739.fa.gz,2935174,1,2935174,True,
STRAIN_000740,/root/autodl-tmp/axw/01_ani_foundation/canonical_genomes/STRAIN_000740.fa.gz,2991149,1,2991149,True,
STRAIN_000741,/root/autodl-tmp/axw/01_ani_foundation/canonical_genomes/STRAIN_000741.fa.gz,3353701,3,3295397,True,
STRAIN_000742,/root/autodl-tmp/axw/01_ani_foundation/canonical_genomes/STRAIN_000742.fa.gz,2372186,150,969914,True,
STRAIN_000743,/root/autodl-tmp/axw/01_ani_foundation/canonical_genomes/STRAIN_000743.fa.gz,2033249,222,1538848,True,
STRAIN_000744,/root/autodl-tmp/axw/01_ani_foundation/canonical_genomes/STRAIN_000744.fa.gz,2089853,62,2061480,True,
STRAIN_000745,/root/autodl-tmp/axw/01_ani_foundation/canonical_genomes/STRAIN_000745.fa.gz,1972106,145,695265,True,
STRAIN_000746,/root/autodl-tmp/axw/01_ani_foundation/canonical_genomes/STRAIN_000746.fa.gz,2370304,146,1351428,True,
STRAIN_000747,/root/autodl-tmp/axw/01_ani_foundation/canonical_genomes/STRAIN_000747.fa.gz,2354445,111,444013,True,
STRAIN_000748,/root/autodl-tmp/axw/01_ani_foundation/canonical_genomes/STRAIN_000748.fa.gz,2440372,4,2325058,True,
STRAIN_000749,/root/autodl-tmp/axw/01_ani_foundation/canonical_genomes/STRAIN_000749.fa.gz,2094354,1,2094354,True,
STRAIN_000750,/root/autodl-tmp/axw/01_ani_foundation/canonical_genomes/STRAIN_000750.fa.gz,2893669,57,310149,True,
STRAIN_000751,/root/autodl-tmp/axw/01_ani_foundation/canonical_genomes/STRAIN_000751.fa.gz,1902828,85,149358,True,
STRAIN_000752,/root/autodl-tmp/axw/01_ani_foundation/canonical_genomes/STRAIN_000752.fa.gz,1920050,10,645270,True,
STRAIN_000753,/root/autodl-tmp/axw/01_ani_foundation/canonical_genomes/STRAIN_000753.fa.gz,3250700,65,307873,True,
STRAIN_000754,/root/autodl-tmp/axw/01_ani_foundation/canonical_genomes/STRAIN_000754.fa.gz,2859213,2,1449447,True,
STRAIN_000755,/root/autodl-tmp/axw/01_ani_foundation/canonical_genomes/STRAIN_000755.fa.gz,3434822,5,3269650,True,
STRAIN_000756,/root/autodl-tmp/axw/01_ani_foundation/canonical_genomes/STRAIN_000756.fa.gz,2149913,1,2149913,True,
STRAIN_000757,/root/autodl-tmp/axw/01_ani_foundation/canonical_genomes/STRAIN_000757.fa.gz,2392818,33,489873,True,
STRAIN_000758,/root/autodl-tmp/axw/01_ani_foundation/canonical_genomes/STRAIN_000758.fa.gz,2393285,1,2393285,True,
STRAIN_000759,/root/autodl-tmp/axw/01_ani_foundation/canonical_genomes/STRAIN_000759.fa.gz,2408466,54,667100,True,
STRAIN_000760,/root/autodl-tmp/axw/01_ani_foundation/canonical_genomes/STRAIN_000760.fa.gz,3575075,15,3333671,True,
STRAIN_000761,/root/autodl-tmp/axw/01_ani_foundation/canonical_genomes/STRAIN_000761.fa.gz,1787406,82,132377,True,
STRAIN_000762,/root/autodl-tmp/axw/01_ani_foundation/canonical_genomes/STRAIN_000762.fa.gz,1789281,82,132432,True,
STRAIN_000763,/root/autodl-tmp/axw/01_ani_foundation/canonical_genomes/STRAIN_000763.fa.gz,2073192,296,64033,True,
STRAIN_000764,/root/autodl-tmp/axw/01_ani_foundation/canonical_genomes/STRAIN_000764.fa.gz,2149912,1,2149912,True,
STRAIN_000765,/root/autodl-tmp/axw/01_ani_foundation/canonical_genomes/STRAIN_000765.fa.gz,2399145,5,2297399,True,
STRAIN_000766,/root/autodl-tmp/axw/01_ani_foundation/canonical_genomes/STRAIN_000766.fa.gz,1950042,365,64463,True,
STRAIN_000767,/root/autodl-tmp/axw/01_ani_foundation/canonical_genomes/STRAIN_000767.fa.gz,2385558,1,2385558,True,
STRAIN_000768,/root/autodl-tmp/axw/01_ani_foundation/canonical_genomes/STRAIN_000768.fa.gz,3179881,36,528392,True,
STRAIN_000769,/root/autodl-tmp/axw/01_ani_foundation/canonical_genomes/STRAIN_000769.fa.gz,1873425,64,246083,True,
STRAIN_000770,/root/autodl-tmp/axw/01_ani_foundation/canonical_genomes/STRAIN_000770.fa.gz,1716855,46,348921,True,
STRAIN_000771,/root/autodl-tmp/axw/01_ani_foundation/canonical_genomes/STRAIN_000771.fa.gz,1703928,182,106885,True,
STRAIN_000772,/root/autodl-tmp/axw/01_ani_foundation/canonical_genomes/STRAIN_000772.fa.gz,1719292,48,290041,True,
STRAIN_000773,/root/autodl-tmp/axw/01_ani_foundation/canonical_genomes/STRAIN_000773.fa.gz,1728343,56,318122,True,
STRAIN_000774,/root/autodl-tmp/axw/01_ani_foundation/canonical_genomes/STRAIN_000774.fa.gz,1693234,37,287389,True,
STRAIN_000775,/root/autodl-tmp/axw/01_ani_foundation/canonical_genomes/STRAIN_000775.fa.gz,1854786,84,188902,True,
STRAIN_000776,/root/autodl-tmp/axw/01_ani_foundation/canonical_genomes/STRAIN_000776.fa.gz,1852353,75,197256,True,
STRAIN_000777,/root/autodl-tmp/axw/01_ani_foundation/canonical_genomes/STRAIN_000777.fa.gz,3129120,258,277626,True,
STRAIN_000778,/root/autodl-tmp/axw/01_ani_foundation/canonical_genomes/STRAIN_000778.fa.gz,2542145,213,152662,True,
STRAIN_000779,/root/autodl-tmp/axw/01_ani_foundation/canonical_genomes/STRAIN_000779.fa.gz,2593201,211,134682,True,
STRAIN_000780,/root/autodl-tmp/axw/01_ani_foundation/canonical_genomes/STRAIN_000780.fa.gz,2369863,1,2369863,True,
STRAIN_000781,/root/autodl-tmp/axw/01_ani_foundation/canonical_genomes/STRAIN_000781.fa.gz,5064093,3,5055406,True,
STRAIN_000782,/root/autodl-tmp/axw/01_ani_foundation/canonical_genomes/STRAIN_000782.fa.gz,3255228,1,3255228,True,
STRAIN_000783,/root/autodl-tmp/axw/01_ani_foundation/canonical_genomes/STRAIN_000783.fa.gz,2266368,20,680428,True,
STRAIN_000784,/root/autodl-tmp/axw/01_ani_foundation/canonical_genomes/STRAIN_000784.fa.gz,2505036,88,342003,True,
STRAIN_000785,/root/autodl-tmp/axw/01_ani_foundation/canonical_genomes/STRAIN_000785.fa.gz,3320817,8,3058984,True,
STRAIN_000786,/root/autodl-tmp/axw/01_ani_foundation/canonical_genomes/STRAIN_000786.fa.gz,2416492,1,2416492,True,
STRAIN_000787,/root/autodl-tmp/axw/01_ani_foundation/canonical_genomes/STRAIN_000787.fa.gz,2640087,9,2421519,True,
STRAIN_000788,/root/autodl-tmp/axw/01_ani_foundation/canonical_genomes/STRAIN_000788.fa.gz,1991096,1,1991096,True,
STRAIN_000789,/root/autodl-tmp/axw/01_ani_foundation/canonical_genomes/STRAIN_000789.fa.gz,3121984,12,1852232,True,
STRAIN_000790,/root/autodl-tmp/axw/01_ani_foundation/canonical_genomes/STRAIN_000790.fa.gz,3289508,67,505091,True,
STRAIN_000791,/root/autodl-tmp/axw/01_ani_foundation/canonical_genomes/STRAIN_000791.fa.gz,3248882,28,547079,True,
STRAIN_000792,/root/autodl-tmp/axw/01_ani_foundation/canonical_genomes/STRAIN_000792.fa.gz,3299451,34,481517,True,
STRAIN_000793,/root/autodl-tmp/axw/01_ani_foundation/canonical_genomes/STRAIN_000793.fa.gz,3138505,51,774813,True,
STRAIN_000794,/root/autodl-tmp/axw/01_ani_foundation/canonical_genomes/STRAIN_000794.fa.gz,2466849,4,2428178,True,
STRAIN_000795,/root/autodl-tmp/axw/01_ani_foundation/canonical_genomes/STRAIN_000795.fa.gz,2958982,143,288148,True,
STRAIN_000796,/root/autodl-tmp/axw/01_ani_foundation/canonical_genomes/STRAIN_000796.fa.gz,3346408,7,3200527,True,
STRAIN_000797,/root/autodl-tmp/axw/01_ani_foundation/canonical_genomes/STRAIN_000797.fa.gz,3404719,2,3184937,True,
STRAIN_000798,/root/autodl-tmp/axw/01_ani_foundation/canonical_genomes/STRAIN_000798.fa.gz,2032186,1,2032186,True,
STRAIN_000799,/root/autodl-tmp/axw/01_ani_foundation/canonical_genomes/STRAIN_000799.fa.gz,3048833,123,434898,True,
STRAIN_000800,/root/autodl-tmp/axw/01_ani_foundation/canonical_genomes/STRAIN_000800.fa.gz,2991153,1,2991153,True,
STRAIN_000801,/root/autodl-tmp/axw/01_ani_foundation/canonical_genomes/STRAIN_000801.fa.gz,2172569,1,2172569,True,
STRAIN_000802,/root/autodl-tmp/axw/01_ani_foundation/canonical_genomes/STRAIN_000802.fa.gz,3314193,10,3016749,True,
STRAIN_000803,/root/autodl-tmp/axw/01_ani_foundation/canonical_genomes/STRAIN_000803.fa.gz,3482523,9,3101304,True,
STRAIN_000804,/root/autodl-tmp/axw/01_ani_foundation/canonical_genomes/STRAIN_000804.fa.gz,3415213,519,170426,True,
STRAIN_000805,/root/autodl-tmp/axw/01_ani_foundation/canonical_genomes/STRAIN_000805.fa.gz,1853948,1,1853948,True,
STRAIN_000806,/root/autodl-tmp/axw/01_ani_foundation/canonical_genomes/STRAIN_000806.fa.gz,2342780,48,423721,True,
STRAIN_000807,/root/autodl-tmp/axw/01_ani_foundation/canonical_genomes/STRAIN_000807.fa.gz,3151087,2,3102336,True,
STRAIN_000808,/root/autodl-tmp/axw/01_ani_foundation/canonical_genomes/STRAIN_000808.fa.gz,2391204,3,2247329,True,
STRAIN_000809,/root/autodl-tmp/axw/01_ani_foundation/canonical_genomes/STRAIN_000809.fa.gz,2030963,1,2030963,True,
STRAIN_000810,/root/autodl-tmp/axw/01_ani_foundation/canonical_genomes/STRAIN_000810.fa.gz,2233760,1,2233760,True,
STRAIN_000811,/root/autodl-tmp/axw/01_ani_foundation/canonical_genomes/STRAIN_000811.fa.gz,1862668,3,1854857,True,
STRAIN_000812,/root/autodl-tmp/axw/01_ani_foundation/canonical_genomes/STRAIN_000812.fa.gz,2336700,2,2330951,True,
STRAIN_000813,/root/autodl-tmp/axw/01_ani_foundation/canonical_genomes/STRAIN_000813.fa.gz,1991969,1,1991969,True,
STRAIN_000814,/root/autodl-tmp/axw/01_ani_foundation/canonical_genomes/STRAIN_000814.fa.gz,2968535,4,2937601,True,
STRAIN_000815,/root/autodl-tmp/axw/01_ani_foundation/canonical_genomes/STRAIN_000815.fa.gz,2757833,1,2757833,True,
STRAIN_000816,/root/autodl-tmp/axw/01_ani_foundation/canonical_genomes/STRAIN_000816.fa.gz,3143541,2,3076746,True,
STRAIN_000817,/root/autodl-tmp/axw/01_ani_foundation/canonical_genomes/STRAIN_000817.fa.gz,3197263,1,3197263,True,
STRAIN_000818,/root/autodl-tmp/axw/01_ani_foundation/canonical_genomes/STRAIN_000818.fa.gz,3144152,168,161575,True,
STRAIN_000819,/root/autodl-tmp/axw/01_ani_foundation/canonical_genomes/STRAIN_000819.fa.gz,1869019,117,147547,True,
STRAIN_000820,/root/autodl-tmp/axw/01_ani_foundation/canonical_genomes/STRAIN_000820.fa.gz,2556337,174,279119,True,
STRAIN_000821,/root/autodl-tmp/axw/01_ani_foundation/canonical_genomes/STRAIN_000821.fa.gz,3434047,10,3121955,True,
STRAIN_000822,/root/autodl-tmp/axw/01_ani_foundation/canonical_genomes/STRAIN_000822.fa.gz,2081372,251,138409,True,
STRAIN_000823,/root/autodl-tmp/axw/01_ani_foundation/canonical_genomes/STRAIN_000823.fa.gz,1766718,105,147024,True,
STRAIN_000824,/root/autodl-tmp/axw/01_ani_foundation/canonical_genomes/STRAIN_000824.fa.gz,1723696,97,146487,True,
STRAIN_000825,/root/autodl-tmp/axw/01_ani_foundation/canonical_genomes/STRAIN_000825.fa.gz,2852802,71,328593,True,
STRAIN_000826,/root/autodl-tmp/axw/01_ani_foundation/canonical_genomes/STRAIN_000826.fa.gz,2830936,71,228179,True,
STRAIN_000827,/root/autodl-tmp/axw/01_ani_foundation/canonical_genomes/STRAIN_000827.fa.gz,2945074,63,197864,True,
STRAIN_000828,/root/autodl-tmp/axw/01_ani_foundation/canonical_genomes/STRAIN_000828.fa.gz,3494572,102,369072,True,
STRAIN_000829,/root/autodl-tmp/axw/01_ani_foundation/canonical_genomes/STRAIN_000829.fa.gz,3298267,275,195260,True,
STRAIN_000830,/root/autodl-tmp/axw/01_ani_foundation/canonical_genomes/STRAIN_000830.fa.gz,3218072,65,371799,True,
STRAIN_000831,/root/autodl-tmp/axw/01_ani_foundation/canonical_genomes/STRAIN_000831.fa.gz,3100037,207,169880,True,
STRAIN_000832,/root/autodl-tmp/axw/01_ani_foundation/canonical_genomes/STRAIN_000832.fa.gz,2492570,437,43424,True,
STRAIN_000833,/root/autodl-tmp/axw/01_ani_foundation/canonical_genomes/STRAIN_000833.fa.gz,1887399,333,65112,True,
STRAIN_000834,/root/autodl-tmp/axw/01_ani_foundation/canonical_genomes/STRAIN_000834.fa.gz,2735779,277,156455,True,
STRAIN_000835,/root/autodl-tmp/axw/01_ani_foundation/canonical_genomes/STRAIN_000835.fa.gz,1954162,37,671585,True,
STRAIN_000836,/root/autodl-tmp/axw/01_ani_foundation/canonical_genomes/STRAIN_000836.fa.gz,1968036,568,58967,True,
STRAIN_000837,/root/autodl-tmp/axw/01_ani_foundation/canonical_genomes/STRAIN_000837.fa.gz,2003055,49,388529,True,
STRAIN_000838,/root/autodl-tmp/axw/01_ani_foundation/canonical_genomes/STRAIN_000838.fa.gz,2974503,17,1078729,True,
STRAIN_000839,/root/autodl-tmp/axw/01_ani_foundation/canonical_genomes/STRAIN_000839.fa.gz,3214847,1,3214847,True,
STRAIN_000840,/root/autodl-tmp/axw/01_ani_foundation/canonical_genomes/STRAIN_000840.fa.gz,1897009,1,1897009,True,
STRAIN_000841,/root/autodl-tmp/axw/01_ani_foundation/canonical_genomes/STRAIN_000841.fa.gz,3479648,7,3264284,True,
STRAIN_000842,/root/autodl-tmp/axw/01_ani_foundation/canonical_genomes/STRAIN_000842.fa.gz,3258084,119,213043,True,
STRAIN_000843,/root/autodl-tmp/axw/01_ani_foundation/canonical_genomes/STRAIN_000843.fa.gz,3215766,152,132491,True,
STRAIN_000844,/root/autodl-tmp/axw/01_ani_foundation/canonical_genomes/STRAIN_000844.fa.gz,3316920,80,736591,True,
STRAIN_000845,/root/autodl-tmp/axw/01_ani_foundation/canonical_genomes/STRAIN_000845.fa.gz,2236819,9,854710,True,
STRAIN_000846,/root/autodl-tmp/axw/01_ani_foundation/canonical_genomes/STRAIN_000846.fa.gz,3324561,3,3257538,True,
STRAIN_000847,/root/autodl-tmp/axw/01_ani_foundation/canonical_genomes/STRAIN_000847.fa.gz,3133640,176,236370,True,
STRAIN_000848,/root/autodl-tmp/axw/01_ani_foundation/canonical_genomes/STRAIN_000848.fa.gz,3195259,8,2992100,True,
STRAIN_000849,/root/autodl-tmp/axw/01_ani_foundation/canonical_genomes/STRAIN_000849.fa.gz,3304210,1,3304210,True,
STRAIN_000850,/root/autodl-tmp/axw/01_ani_foundation/canonical_genomes/STRAIN_000850.fa.gz,3577013,84,296122,True,
STRAIN_000851,/root/autodl-tmp/axw/01_ani_foundation/canonical_genomes/STRAIN_000851.fa.gz,2242707,37,362328,True,
STRAIN_000852,/root/autodl-tmp/axw/01_ani_foundation/canonical_genomes/STRAIN_000852.fa.gz,1964219,18,676432,True,
STRAIN_000853,/root/autodl-tmp/axw/01_ani_foundation/canonical_genomes/STRAIN_000853.fa.gz,3218894,145,625427,True,
STRAIN_000854,/root/autodl-tmp/axw/01_ani_foundation/canonical_genomes/STRAIN_000854.fa.gz,3311055,29,638835,True,
STRAIN_000855,/root/autodl-tmp/axw/01_ani_foundation/canonical_genomes/STRAIN_000855.fa.gz,2910708,60,712425,True,
STRAIN_000856,/root/autodl-tmp/axw/01_ani_foundation/canonical_genomes/STRAIN_000856.fa.gz,2170046,146,108264,True,
STRAIN_000857,/root/autodl-tmp/axw/01_ani_foundation/canonical_genomes/STRAIN_000857.fa.gz,3193307,23,528439,True,
STRAIN_000858,/root/autodl-tmp/axw/01_ani_foundation/canonical_genomes/STRAIN_000858.fa.gz,3007263,1,3007263,True,
STRAIN_000859,/root/autodl-tmp/axw/01_ani_foundation/canonical_genomes/STRAIN_000859.fa.gz,3220754,3,3209174,True,
STRAIN_000860,/root/autodl-tmp/axw/01_ani_foundation/canonical_genomes/STRAIN_000860.fa.gz,2477907,1,2477907,True,
STRAIN_000861,/root/autodl-tmp/axw/01_ani_foundation/canonical_genomes/STRAIN_000861.fa.gz,2296011,1,2296011,True,
STRAIN_000862,/root/autodl-tmp/axw/01_ani_foundation/canonical_genomes/STRAIN_000862.fa.gz,3304253,1,3304253,True,
STRAIN_000863,/root/autodl-tmp/axw/01_ani_foundation/canonical_genomes/STRAIN_000863.fa.gz,1817617,112,114673,True,
STRAIN_000864,/root/autodl-tmp/axw/01_ani_foundation/canonical_genomes/STRAIN_000864.fa.gz,3304238,1,3304238,True,
STRAIN_000865,/root/autodl-tmp/axw/01_ani_foundation/canonical_genomes/STRAIN_000865.fa.gz,3300453,2,3260357,True,
STRAIN_000866,/root/autodl-tmp/axw/01_ani_foundation/canonical_genomes/STRAIN_000866.fa.gz,2306390,1,2306390,True,
STRAIN_000867,/root/autodl-tmp/axw/01_ani_foundation/canonical_genomes/STRAIN_000867.fa.gz,3140923,1,3140923,True,
STRAIN_000868,/root/autodl-tmp/axw/01_ani_foundation/canonical_genomes/STRAIN_000868.fa.gz,3309525,34,845029,True,
STRAIN_000869,/root/autodl-tmp/axw/01_ani_foundation/canonical_genomes/STRAIN_000869.fa.gz,2853776,31,472904,True,
STRAIN_000870,/root/autodl-tmp/axw/01_ani_foundation/canonical_genomes/STRAIN_000870.fa.gz,2100168,47,294953,True,
STRAIN_000871,/root/autodl-tmp/axw/01_ani_foundation/canonical_genomes/STRAIN_000871.fa.gz,2060268,1,2060268,True,
STRAIN_000872,/root/autodl-tmp/axw/01_ani_foundation/canonical_genomes/STRAIN_000872.fa.gz,2570071,65,303713,True,
STRAIN_000873,/root/autodl-tmp/axw/01_ani_foundation/canonical_genomes/STRAIN_000873.fa.gz,2944230,105,248158,True,
STRAIN_000874,/root/autodl-tmp/axw/01_ani_foundation/canonical_genomes/STRAIN_000874.fa.gz,2472971,75,474583,True,
STRAIN_000875,/root/autodl-tmp/axw/01_ani_foundation/canonical_genomes/STRAIN_000875.fa.gz,2096828,2,2068737,True,
STRAIN_000876,/root/autodl-tmp/axw/01_ani_foundation/canonical_genomes/STRAIN_000876.fa.gz,2292381,11,792303,True,
STRAIN_000877,/root/autodl-tmp/axw/01_ani_foundation/canonical_genomes/STRAIN_000877.fa.gz,3364894,3,3244418,True,
STRAIN_000878,/root/autodl-tmp/axw/01_ani_foundation/canonical_genomes/STRAIN_000878.fa.gz,2997905,1,2997905,True,
STRAIN_000879,/root/autodl-tmp/axw/01_ani_foundation/canonical_genomes/STRAIN_000879.fa.gz,2991982,2,2945770,True,
STRAIN_000880,/root/autodl-tmp/axw/01_ani_foundation/canonical_genomes/STRAIN_000880.fa.gz,2035536,1,2035536,True,
STRAIN_000881,/root/autodl-tmp/axw/01_ani_foundation/canonical_genomes/STRAIN_000881.fa.gz,2280129,2,2276709,True,
STRAIN_000882,/root/autodl-tmp/axw/01_ani_foundation/canonical_genomes/STRAIN_000882.fa.gz,3432810,5,3234503,True,
STRAIN_000883,/root/autodl-tmp/axw/01_ani_foundation/canonical_genomes/STRAIN_000883.fa.gz,3263602,43,528402,True,
STRAIN_000884,/root/autodl-tmp/axw/01_ani_foundation/canonical_genomes/STRAIN_000884.fa.gz,3329893,13,1693990,True,
STRAIN_000885,/root/autodl-tmp/axw/01_ani_foundation/canonical_genomes/STRAIN_000885.fa.gz,1992024,1,1992024,True,
STRAIN_000886,/root/autodl-tmp/axw/01_ani_foundation/canonical_genomes/STRAIN_000886.fa.gz,3109569,1,3109569,True,
STRAIN_000887,/root/autodl-tmp/axw/01_ani_foundation/canonical_genomes/STRAIN_000887.fa.gz,3248291,4,3196952,True,
STRAIN_000888,/root/autodl-tmp/axw/01_ani_foundation/canonical_genomes/STRAIN_000888.fa.gz,3364924,3,3244437,True,
STRAIN_000889,/root/autodl-tmp/axw/01_ani_foundation/canonical_genomes/STRAIN_000889.fa.gz,2361132,31,432737,True,
STRAIN_000890,/root/autodl-tmp/axw/01_ani_foundation/canonical_genomes/STRAIN_000890.fa.gz,1991561,1,1991561,True,
STRAIN_000891,/root/autodl-tmp/axw/01_ani_foundation/canonical_genomes/STRAIN_000891.fa.gz,2148242,1,2148242,True,
STRAIN_000892,/root/autodl-tmp/axw/01_ani_foundation/canonical_genomes/STRAIN_000892.fa.gz,1945742,75,120495,True,
STRAIN_000893,/root/autodl-tmp/axw/01_ani_foundation/canonical_genomes/STRAIN_000893.fa.gz,2551975,1,2551975,True,
STRAIN_000894,/root/autodl-tmp/axw/01_ani_foundation/canonical_genomes/STRAIN_000894.fa.gz,2218127,17,898808,True,
STRAIN_000895,/root/autodl-tmp/axw/01_ani_foundation/canonical_genomes/STRAIN_000895.fa.gz,2272649,3,2074924,True,
STRAIN_000896,/root/autodl-tmp/axw/01_ani_foundation/canonical_genomes/STRAIN_000896.fa.gz,1978847,1,1978847,True,
STRAIN_000897,/root/autodl-tmp/axw/01_ani_foundation/canonical_genomes/STRAIN_000897.fa.gz,3500604,101,341126,True,
STRAIN_000898,/root/autodl-tmp/axw/01_ani_foundation/canonical_genomes/STRAIN_000898.fa.gz,3169201,6,3033092,True,
STRAIN_000899,/root/autodl-tmp/axw/01_ani_foundation/canonical_genomes/STRAIN_000899.fa.gz,3362211,4,3273990,True,
STRAIN_000900,/root/autodl-tmp/axw/01_ani_foundation/canonical_genomes/STRAIN_000900.fa.gz,1935423,1,1935423,True,
STRAIN_000901,/root/autodl-tmp/axw/01_ani_foundation/canonical_genomes/STRAIN_000901.fa.gz,2375862,244,908942,True,
STRAIN_000902,/root/autodl-tmp/axw/01_ani_foundation/canonical_genomes/STRAIN_000902.fa.gz,3034991,289,86281,True,
STRAIN_000903,/root/autodl-tmp/axw/01_ani_foundation/canonical_genomes/STRAIN_000903.fa.gz,2824505,26,973035,True,
STRAIN_000904,/root/autodl-tmp/axw/01_ani_foundation/canonical_genomes/STRAIN_000904.fa.gz,3074301,71,503140,True,
STRAIN_000905,/root/autodl-tmp/axw/01_ani_foundation/canonical_genomes/STRAIN_000905.fa.gz,2082394,1,2082394,True,
STRAIN_000906,/root/autodl-tmp/axw/01_ani_foundation/canonical_genomes/STRAIN_000906.fa.gz,3156820,40,456491,True,
STRAIN_000907,/root/autodl-tmp/axw/01_ani_foundation/canonical_genomes/STRAIN_000907.fa.gz,2214495,5,1780913,True,
STRAIN_000908,/root/autodl-tmp/axw/01_ani_foundation/canonical_genomes/STRAIN_000908.fa.gz,2893301,375,180564,True,
STRAIN_000909,/root/autodl-tmp/axw/01_ani_foundation/canonical_genomes/STRAIN_000909.fa.gz,3254457,2,3207769,True,
STRAIN_000910,/root/autodl-tmp/axw/01_ani_foundation/canonical_genomes/STRAIN_000910.fa.gz,2881593,98,254229,True,
STRAIN_000911,/root/autodl-tmp/axw/01_ani_foundation/canonical_genomes/STRAIN_000911.fa.gz,1999999,160,676038,True,
STRAIN_000912,/root/autodl-tmp/axw/01_ani_foundation/canonical_genomes/STRAIN_000912.fa.gz,2827526,239,118600,True,
STRAIN_000913,/root/autodl-tmp/axw/01_ani_foundation/canonical_genomes/STRAIN_000913.fa.gz,3368590,4,3198110,True,
STRAIN_000914,/root/autodl-tmp/axw/01_ani_foundation/canonical_genomes/STRAIN_000914.fa.gz,2532858,3,2417727,True,
STRAIN_000915,/root/autodl-tmp/axw/01_ani_foundation/canonical_genomes/STRAIN_000915.fa.gz,3192332,6,3142915,True,
STRAIN_000916,/root/autodl-tmp/axw/01_ani_foundation/canonical_genomes/STRAIN_000916.fa.gz,2427296,108,98012,True,
STRAIN_000917,/root/autodl-tmp/axw/01_ani_foundation/canonical_genomes/STRAIN_000917.fa.gz,3040953,90,434499,True,
STRAIN_000918,/root/autodl-tmp/axw/01_ani_foundation/canonical_genomes/STRAIN_000918.fa.gz,2867618,147,122138,True,
STRAIN_000919,/root/autodl-tmp/axw/01_ani_foundation/canonical_genomes/STRAIN_000919.fa.gz,2767424,132,126762,True,
STRAIN_000920,/root/autodl-tmp/axw/01_ani_foundation/canonical_genomes/STRAIN_000920.fa.gz,3427597,3,3334776,True,
STRAIN_000921,/root/autodl-tmp/axw/01_ani_foundation/canonical_genomes/STRAIN_000921.fa.gz,1859995,1,1859995,True,
STRAIN_000922,/root/autodl-tmp/axw/01_ani_foundation/canonical_genomes/STRAIN_000922.fa.gz,1991978,1,1991978,True,
STRAIN_000923,/root/autodl-tmp/axw/01_ani_foundation/canonical_genomes/STRAIN_000923.fa.gz,2095715,4,1967430,True,
STRAIN_000924,/root/autodl-tmp/axw/01_ani_foundation/canonical_genomes/STRAIN_000924.fa.gz,2981956,5,2952198,True,
STRAIN_000925,/root/autodl-tmp/axw/01_ani_foundation/canonical_genomes/STRAIN_000925.fa.gz,2904588,59,272377,True,
STRAIN_000926,/root/autodl-tmp/axw/01_ani_foundation/canonical_genomes/STRAIN_000926.fa.gz,2595856,153,124220,True,
STRAIN_000927,/root/autodl-tmp/axw/01_ani_foundation/canonical_genomes/STRAIN_000927.fa.gz,3369431,129,572692,True,
STRAIN_000928,/root/autodl-tmp/axw/01_ani_foundation/canonical_genomes/STRAIN_000928.fa.gz,3342342,4,3222005,True,
STRAIN_000929,/root/autodl-tmp/axw/01_ani_foundation/canonical_genomes/STRAIN_000929.fa.gz,2796933,190,126776,True,
STRAIN_000930,/root/autodl-tmp/axw/01_ani_foundation/canonical_genomes/STRAIN_000930.fa.gz,2857052,179,93604,True,
STRAIN_000931,/root/autodl-tmp/axw/01_ani_foundation/canonical_genomes/STRAIN_000931.fa.gz,2039512,1,2039512,True,
STRAIN_000932,/root/autodl-tmp/axw/01_ani_foundation/canonical_genomes/STRAIN_000932.fa.gz,3300604,10,3024111,True,
STRAIN_000933,/root/autodl-tmp/axw/01_ani_foundation/canonical_genomes/STRAIN_000933.fa.gz,2283965,17,1006956,True,
STRAIN_000934,/root/autodl-tmp/axw/01_ani_foundation/canonical_genomes/STRAIN_000934.fa.gz,1962245,114,83249,True,
STRAIN_000935,/root/autodl-tmp/axw/01_ani_foundation/canonical_genomes/STRAIN_000935.fa.gz,3366048,10,3095858,True,
STRAIN_000936,/root/autodl-tmp/axw/01_ani_foundation/canonical_genomes/STRAIN_000936.fa.gz,2251603,3,2225488,True,
STRAIN_000937,/root/autodl-tmp/axw/01_ani_foundation/canonical_genomes/STRAIN_000937.fa.gz,2249437,3,2223332,True,
STRAIN_000938,/root/autodl-tmp/axw/01_ani_foundation/canonical_genomes/STRAIN_000938.fa.gz,3241974,3,3197760,True,
STRAIN_000939,/root/autodl-tmp/axw/01_ani_foundation/canonical_genomes/STRAIN_000939.fa.gz,3202320,105,414808,True,
STRAIN_000940,/root/autodl-tmp/axw/01_ani_foundation/canonical_genomes/STRAIN_000940.fa.gz,2978869,1,2978869,True,
STRAIN_000941,/root/autodl-tmp/axw/01_ani_foundation/canonical_genomes/STRAIN_000941.fa.gz,2187995,145,84839,True,
STRAIN_000942,/root/autodl-tmp/axw/01_ani_foundation/canonical_genomes/STRAIN_000942.fa.gz,3271053,1,3271053,True,
STRAIN_000943,/root/autodl-tmp/axw/01_ani_foundation/canonical_genomes/STRAIN_000943.fa.gz,3007191,1,3007191,True,
STRAIN_000944,/root/autodl-tmp/axw/01_ani_foundation/canonical_genomes/STRAIN_000944.fa.gz,2377811,5,2305485,True,
STRAIN_000945,/root/autodl-tmp/axw/01_ani_foundation/canonical_genomes/STRAIN_000945.fa.gz,3384592,36,629201,True,
STRAIN_000946,/root/autodl-tmp/axw/01_ani_foundation/canonical_genomes/STRAIN_000946.fa.gz,3206383,6,3072759,True,
STRAIN_000947,/root/autodl-tmp/axw/01_ani_foundation/canonical_genomes/STRAIN_000947.fa.gz,2803566,5,2595288,True,
STRAIN_000948,/root/autodl-tmp/axw/01_ani_foundation/canonical_genomes/STRAIN_000948.fa.gz,1786097,119,118933,True,
STRAIN_000949,/root/autodl-tmp/axw/01_ani_foundation/canonical_genomes/STRAIN_000949.fa.gz,3018077,4,2952196,True,
STRAIN_000950,/root/autodl-tmp/axw/01_ani_foundation/canonical_genomes/STRAIN_000950.fa.gz,2313948,1,2313948,True,
STRAIN_000951,/root/autodl-tmp/axw/01_ani_foundation/canonical_genomes/STRAIN_000951.fa.gz,3249511,92,528446,True,
STRAIN_000952,/root/autodl-tmp/axw/01_ani_foundation/canonical_genomes/STRAIN_000952.fa.gz,2695904,3,2538072,True,
STRAIN_000953,/root/autodl-tmp/axw/01_ani_foundation/canonical_genomes/STRAIN_000953.fa.gz,1883210,1,1883210,True,
STRAIN_000955,/root/autodl-tmp/axw/01_ani_foundation/canonical_genomes/STRAIN_000955.fa.gz,1858701,78,132645,True,
STRAIN_000956,/root/autodl-tmp/axw/01_ani_foundation/canonical_genomes/STRAIN_000956.fa.gz,1855460,316,110878,True,
STRAIN_000957,/root/autodl-tmp/axw/01_ani_foundation/canonical_genomes/STRAIN_000957.fa.gz,3474459,246,216183,True,
STRAIN_000958,/root/autodl-tmp/axw/01_ani_foundation/canonical_genomes/STRAIN_000958.fa.gz,3302146,206,216160,True,
STRAIN_000959,/root/autodl-tmp/axw/01_ani_foundation/canonical_genomes/STRAIN_000959.fa.gz,3380287,100,368811,True,
STRAIN_000964,/root/autodl-tmp/axw/01_ani_foundation/canonical_genomes/STRAIN_000964.fa.gz,3199559,74,219988,True,
STRAIN_000967,/root/autodl-tmp/axw/01_ani_foundation/canonical_genomes/STRAIN_000967.fa.gz,1991268,99,135363,True,
STRAIN_000969,/root/autodl-tmp/axw/01_ani_foundation/canonical_genomes/STRAIN_000969.fa.gz,2128522,140,134322,True,
STRAIN_000970,/root/autodl-tmp/axw/01_ani_foundation/canonical_genomes/STRAIN_000970.fa.gz,3232424,74,246548,True,
STRAIN_000975,/root/autodl-tmp/axw/01_ani_foundation/canonical_genomes/STRAIN_000975.fa.gz,1950312,348,82727,True,
STRAIN_000976,/root/autodl-tmp/axw/01_ani_foundation/canonical_genomes/STRAIN_000976.fa.gz,3431399,107,482985,True,
STRAIN_000977,/root/autodl-tmp/axw/01_ani_foundation/canonical_genomes/STRAIN_000977.fa.gz,3437253,4,3291033,True,
STRAIN_000979,/root/autodl-tmp/axw/01_ani_foundation/canonical_genomes/STRAIN_000979.fa.gz,2000628,159,127800,True,
STRAIN_000980,/root/autodl-tmp/axw/01_ani_foundation/canonical_genomes/STRAIN_000980.fa.gz,3348977,9,3108378,True,
STRAIN_000985,/root/autodl-tmp/axw/01_ani_foundation/canonical_genomes/STRAIN_000985.fa.gz,3150648,2,3101896,True,
STRAIN_000988,/root/autodl-tmp/axw/01_ani_foundation/canonical_genomes/STRAIN_000988.fa.gz,2316508,62,208011,True,
STRAIN_000989,/root/autodl-tmp/axw/01_ani_foundation/canonical_genomes/STRAIN_000989.fa.gz,3390218,34,798866,True,
STRAIN_000990,/root/autodl-tmp/axw/01_ani_foundation/canonical_genomes/STRAIN_000990.fa.gz,3451038,43,544542,True,
STRAIN_000991,/root/autodl-tmp/axw/01_ani_foundation/canonical_genomes/STRAIN_000991.fa.gz,2236980,2,2217922,True,
STRAIN_000993,/root/autodl-tmp/axw/01_ani_foundation/canonical_genomes/STRAIN_000993.fa.gz,2371629,1,2371629,True,
STRAIN_000994,/root/autodl-tmp/axw/01_ani_foundation/canonical_genomes/STRAIN_000994.fa.gz,3329459,28,470791,True,
STRAIN_000995,/root/autodl-tmp/axw/01_ani_foundation/canonical_genomes/STRAIN_000995.fa.gz,1944146,1,1944146,True,
STRAIN_000998,/root/autodl-tmp/axw/01_ani_foundation/canonical_genomes/STRAIN_000998.fa.gz,2292605,69,218455,True,
STRAIN_001005,/root/autodl-tmp/axw/01_ani_foundation/canonical_genomes/STRAIN_001005.fa.gz,3432966,54,447441,True,
STRAIN_001006,/root/autodl-tmp/axw/01_ani_foundation/canonical_genomes/STRAIN_001006.fa.gz,3285094,66,425807,True,
STRAIN_001007,/root/autodl-tmp/axw/01_ani_foundation/canonical_genomes/STRAIN_001007.fa.gz,3287673,41,427141,True,
STRAIN_001008,/root/autodl-tmp/axw/01_ani_foundation/canonical_genomes/STRAIN_001008.fa.gz,2730625,5,2603898,True,
STRAIN_001009,/root/autodl-tmp/axw/01_ani_foundation/canonical_genomes/STRAIN_001009.fa.gz,1731838,1,1731838,True,
STRAIN_001010,/root/autodl-tmp/axw/01_ani_foundation/canonical_genomes/STRAIN_001010.fa.gz,2449019,6,621100,True,
STRAIN_001011,/root/autodl-tmp/axw/01_ani_foundation/canonical_genomes/STRAIN_001011.fa.gz,1911362,82,183442,True,
STRAIN_001012,/root/autodl-tmp/axw/01_ani_foundation/canonical_genomes/STRAIN_001012.fa.gz,2089202,1,2089202,True,
STRAIN_001013,/root/autodl-tmp/axw/01_ani_foundation/canonical_genomes/STRAIN_001013.fa.gz,2580023,2,2387729,True,
STRAIN_001014,/root/autodl-tmp/axw/01_ani_foundation/canonical_genomes/STRAIN_001014.fa.gz,3301947,118,207540,True,
STRAIN_001015,/root/autodl-tmp/axw/01_ani_foundation/canonical_genomes/STRAIN_001015.fa.gz,2113987,180,109960,True,
STRAIN_001016,/root/autodl-tmp/axw/01_ani_foundation/canonical_genomes/STRAIN_001016.fa.gz,2391925,50,291262,True,
STRAIN_001017,/root/autodl-tmp/axw/01_ani_foundation/canonical_genomes/STRAIN_001017.fa.gz,2832850,1,2832850,True,
STRAIN_001018,/root/autodl-tmp/axw/01_ani_foundation/canonical_genomes/STRAIN_001018.fa.gz,3502047,151,448696,True,
STRAIN_001019,/root/autodl-tmp/axw/01_ani_foundation/canonical_genomes/STRAIN_001019.fa.gz,2471038,15,414116,True,
STRAIN_001021,/root/autodl-tmp/axw/01_ani_foundation/canonical_genomes/STRAIN_001021.fa.gz,3220518,3,3212165,True,
STRAIN_001022,/root/autodl-tmp/axw/01_ani_foundation/canonical_genomes/STRAIN_001022.fa.gz,3072393,126,282856,True,
STRAIN_001023,/root/autodl-tmp/axw/01_ani_foundation/canonical_genomes/STRAIN_001023.fa.gz,2061155,391,101033,True,
STRAIN_001024,/root/autodl-tmp/axw/01_ani_foundation/canonical_genomes/STRAIN_001024.fa.gz,2053229,99,217950,True,
STRAIN_001025,/root/autodl-tmp/axw/01_ani_foundation/canonical_genomes/STRAIN_001025.fa.gz,3350531,167,223761,True,
